# Blender 4.5.1 LTS
# www.blender.org
mtllib mod2.mtl
o module2.001
v -11.070211 -0.212897 -2.041084
v 5.889155 -0.042513 -2.048997
v -11.070211 -0.280189 -2.034582
v 5.888921 -0.141032 -2.038745
v -11.070211 -0.993935 -1.822193
v 5.555287 -0.871464 -1.968906
v -11.070211 -1.053568 -1.790926
v 5.555287 -1.245963 -1.772545
v -11.070211 -1.630129 -1.326768
v 5.555287 -1.574215 -1.508287
v -11.070211 -1.673025 -1.275494
v 5.555287 -1.843604 -1.186287
v -11.070210 -2.024622 -0.630230
v 5.555287 -2.043778 -0.818920
v -10.478247 -2.185431 -0.237205
v 5.136146 -2.185429 -0.237204
v -10.478247 -2.190284 -0.188861
v 5.136146 -2.190283 -0.188860
v -11.070211 -2.110731 0.227387
v 5.888921 -2.114973 0.090885
v -11.070211 -1.894218 0.927540
v 5.555287 -2.043778 0.807404
v -11.070211 -1.862343 0.986037
v 5.555287 -1.843604 1.174771
v -11.070211 -1.389172 1.551616
v 5.555287 -1.574215 1.496770
v -11.070211 -1.336903 1.593695
v 5.555287 -1.245963 1.761028
v -11.070211 -0.679110 1.938596
v 5.555287 -0.871464 1.957390
v -11.070211 -0.614404 1.957851
v 5.888921 -0.141032 2.027229
v -10.478248 0.144143 2.101103
v 5.136146 0.144144 2.101104
v -10.478248 0.193425 2.096341
v 5.136146 0.193427 2.096343
v -11.070211 0.908907 1.810675
v 5.555286 0.786439 1.957389
v -11.070211 0.968540 1.779407
v 5.555286 1.160939 1.761028
v -11.070211 1.545100 1.315248
v 5.555286 1.489190 1.496769
v -11.070211 1.587996 1.263975
v 5.555286 1.758579 1.174770
v -10.441449 2.010186 0.641074
v 5.099347 2.010188 0.641075
v -10.441449 2.030583 0.575114
v 5.099347 2.030585 0.575115
v -10.441449 2.106272 -0.178737
v 5.099347 2.106274 -0.178735
v -10.441449 2.099385 -0.247333
v 5.099347 2.099386 -0.247332
v -11.070211 1.809187 -0.939060
v 5.555286 1.958752 -0.818923
v -11.070211 1.777312 -0.997558
v 5.555286 1.758577 -1.186289
v -11.070211 1.304141 -1.563136
v 5.555287 1.489187 -1.508289
v -11.070211 1.251872 -1.605215
v 5.555287 1.160936 -1.772546
v -10.478248 0.606950 -2.022317
v 5.136146 0.606952 -2.022316
v -10.478248 0.559561 -2.036418
v 5.136146 0.559563 -2.036417
v -9.869096 -0.042515 -2.130655
v -7.812511 -0.042514 -2.130655
v -6.784218 -0.042514 -2.130655
v -4.727635 -0.042514 -2.130655
v -3.699342 -0.042514 -2.130655
v -1.642758 -0.042514 -2.130655
v -0.614466 -0.042513 -2.130655
v 1.442118 -0.042513 -2.130655
v 2.470410 -0.042513 -2.130654
v 4.526994 -0.042513 -2.130654
v 4.526995 -0.465109 -2.089825
v 3.498702 -0.465109 -2.089825
v 2.470410 -0.465109 -2.089825
v 1.442118 -0.465109 -2.089825
v 0.413826 -0.465109 -2.089825
v -0.614466 -0.465109 -2.089825
v -1.642758 -0.465109 -2.089825
v -2.671051 -0.465109 -2.089825
v -3.699342 -0.465110 -2.089825
v -4.727635 -0.465110 -2.089825
v -5.755927 -0.465110 -2.089826
v -6.784218 -0.465110 -2.089826
v -7.812511 -0.465110 -2.089826
v -8.840804 -0.465110 -2.089826
v -9.869096 -0.465110 -2.089826
v 4.526995 -0.871464 -1.968906
v 3.498702 -0.871464 -1.968906
v 2.470410 -0.871464 -1.968906
v 1.442118 -0.871464 -1.968906
v 0.413826 -0.871465 -1.968906
v -0.614466 -0.871465 -1.968906
v -1.642758 -0.871465 -1.968907
v -2.671051 -0.871465 -1.968907
v -3.699342 -0.871465 -1.968907
v -4.727635 -0.871465 -1.968907
v -5.755927 -0.871465 -1.968907
v -6.784218 -0.871465 -1.968907
v -7.812511 -0.871466 -1.968907
v -8.840804 -0.871466 -1.968907
v -9.869096 -0.871466 -1.968907
v 4.526995 -1.245964 -1.772545
v 2.470410 -1.245964 -1.772545
v 1.442118 -1.245964 -1.772545
v -0.614466 -1.245964 -1.772545
v -1.642758 -1.245964 -1.772545
v -3.699342 -1.245965 -1.772545
v -4.727635 -1.245965 -1.772545
v -6.784218 -1.245965 -1.772545
v -7.812511 -1.245965 -1.772545
v -9.869096 -1.245965 -1.772545
v 4.526995 -1.574215 -1.508287
v 3.498703 -1.574215 -1.508287
v 2.470410 -1.574215 -1.508287
v 1.442118 -1.574215 -1.508287
v 0.413826 -1.574216 -1.508287
v -0.614466 -1.574216 -1.508287
v -1.642758 -1.574216 -1.508287
v -2.671050 -1.574216 -1.508287
v -3.699342 -1.574216 -1.508287
v -4.727635 -1.574216 -1.508287
v -5.755927 -1.574216 -1.508287
v -6.784218 -1.574216 -1.508287
v -7.812511 -1.574217 -1.508287
v -8.840804 -1.574217 -1.508287
v -9.869096 -1.574217 -1.508288
v 4.526995 -1.843604 -1.186287
v 3.498703 -1.843604 -1.186287
v 2.470410 -1.843605 -1.186287
v 1.442118 -1.843605 -1.186287
v 0.413826 -1.843605 -1.186287
v -0.614466 -1.843605 -1.186287
v -1.642758 -1.843605 -1.186288
v -2.671050 -1.843605 -1.186288
v -3.699342 -1.843605 -1.186288
v -4.727635 -1.843605 -1.186288
v -5.755927 -1.843606 -1.186288
v -6.784218 -1.843606 -1.186288
v -7.812511 -1.843606 -1.186288
v -8.840803 -1.843606 -1.186288
v -9.869095 -1.843606 -1.186288
v 4.526995 -2.043778 -0.818920
v 2.470410 -2.043779 -0.818921
v 1.442118 -2.043779 -0.818921
v -0.614466 -2.043779 -0.818921
v -1.642758 -2.043779 -0.818921
v -3.699342 -2.043780 -0.818921
v -4.727635 -2.043780 -0.818921
v -6.784218 -2.043780 -0.818921
v -7.812511 -2.043780 -0.818921
v -9.869095 -2.043780 -0.818922
v 4.946135 -2.185429 -0.237203
v 3.498703 -2.167045 -0.420305
v 2.470410 -2.167045 -0.420305
v 1.442118 -2.167045 -0.420305
v 0.413826 -2.167046 -0.420305
v -0.614466 -2.167046 -0.420305
v -1.642758 -2.167046 -0.420305
v -2.671050 -2.167046 -0.420305
v -3.699342 -2.167046 -0.420305
v -4.727635 -2.167046 -0.420306
v -5.755927 -2.167047 -0.420306
v -6.784218 -2.167046 -0.420306
v -7.812511 -2.167046 -0.420306
v -8.840803 -2.167047 -0.420306
v -10.288236 -2.185431 -0.237204
v 4.946135 -2.190283 -0.188860
v 3.498703 -2.208667 -0.005758
v 2.470410 -2.208667 -0.005758
v 1.442118 -2.208668 -0.005759
v 0.413826 -2.208668 -0.005759
v -0.614466 -2.208668 -0.005759
v -1.642758 -2.208668 -0.005759
v -2.671050 -2.208668 -0.005759
v -3.699342 -2.208668 -0.005759
v -4.727635 -2.208668 -0.005759
v -5.755927 -2.208668 -0.005759
v -6.784218 -2.208668 -0.005759
v -7.812511 -2.208668 -0.005759
v -8.840804 -2.208668 -0.005759
v -10.288236 -2.190284 -0.188861
v 4.526995 -2.167045 0.408788
v 2.470410 -2.167045 0.408788
v 1.442118 -2.167046 0.408788
v -0.614466 -2.167046 0.408788
v -1.642758 -2.167046 0.408788
v -3.699342 -2.167047 0.408788
v -4.727635 -2.167047 0.408788
v -6.784218 -2.167047 0.408787
v -7.812511 -2.167047 0.408787
v -9.869096 -2.167047 0.408787
v 4.526995 -2.043778 0.807404
v 3.498703 -2.043778 0.807404
v 2.470410 -2.043779 0.807404
v 1.442118 -2.043779 0.807404
v 0.413826 -2.043779 0.807404
v -0.614466 -2.043779 0.807404
v -1.642758 -2.043779 0.807404
v -2.671050 -2.043780 0.807404
v -3.699342 -2.043780 0.807404
v -4.727635 -2.043780 0.807403
v -5.755927 -2.043780 0.807403
v -6.784218 -2.043780 0.807403
v -7.812511 -2.043780 0.807403
v -8.840804 -2.043780 0.807403
v -9.869096 -2.043780 0.807403
v 4.526995 -1.843604 1.174771
v 3.498702 -1.843604 1.174771
v 2.470410 -1.843605 1.174771
v 1.442118 -1.843605 1.174770
v 0.413826 -1.843605 1.174770
v -0.614466 -1.843605 1.174770
v -1.642758 -1.843605 1.174770
v -2.671051 -1.843605 1.174770
v -3.699342 -1.843605 1.174770
v -4.727635 -1.843605 1.174770
v -5.755927 -1.843606 1.174770
v -6.784218 -1.843606 1.174770
v -7.812511 -1.843606 1.174770
v -8.840804 -1.843606 1.174770
v -9.869096 -1.843606 1.174770
v 4.526994 -1.574215 1.496770
v 2.470410 -1.574215 1.496770
v 1.442118 -1.574215 1.496770
v -0.614466 -1.574216 1.496770
v -1.642758 -1.574216 1.496770
v -3.699342 -1.574216 1.496770
v -4.727635 -1.574216 1.496770
v -6.784219 -1.574216 1.496769
v -7.812511 -1.574217 1.496769
v -9.869096 -1.574217 1.496769
v 4.526994 -1.245963 1.761028
v 3.498702 -1.245964 1.761028
v 2.470410 -1.245964 1.761028
v 1.442118 -1.245964 1.761028
v 0.413826 -1.245964 1.761028
v -0.614466 -1.245964 1.761028
v -1.642758 -1.245964 1.761028
v -2.671051 -1.245964 1.761028
v -3.699343 -1.245964 1.761028
v -4.727635 -1.245965 1.761028
v -5.755927 -1.245965 1.761028
v -6.784219 -1.245965 1.761028
v -7.812511 -1.245965 1.761028
v -8.840804 -1.245965 1.761028
v -9.869096 -1.245965 1.761027
v 4.526994 -0.871464 1.957390
v 3.498702 -0.871464 1.957390
v 2.470410 -0.871464 1.957390
v 1.442118 -0.871464 1.957390
v 0.413826 -0.871464 1.957390
v -0.614466 -0.871464 1.957390
v -1.642759 -0.871464 1.957389
v -2.671051 -0.871465 1.957389
v -3.699343 -0.871465 1.957389
v -4.727635 -0.871465 1.957389
v -5.755927 -0.871465 1.957389
v -6.784219 -0.871465 1.957389
v -7.812511 -0.871465 1.957389
v -8.840804 -0.871465 1.957389
v -9.869096 -0.871466 1.957389
v 4.526994 -0.465108 2.078309
v 2.470410 -0.465108 2.078309
v 1.442118 -0.465108 2.078308
v -0.614467 -0.465109 2.078308
v -1.642759 -0.465109 2.078308
v -3.699343 -0.465109 2.078308
v -4.727635 -0.465109 2.078308
v -6.784219 -0.465109 2.078308
v -7.812511 -0.465110 2.078308
v -9.869096 -0.465110 2.078308
v 4.946135 0.144144 2.101104
v 3.498702 -0.042512 2.119138
v 2.470410 -0.042512 2.119138
v 1.442118 -0.042513 2.119138
v 0.413825 -0.042513 2.119138
v -0.614467 -0.042513 2.119138
v -1.642759 -0.042513 2.119138
v -2.671051 -0.042513 2.119138
v -3.699343 -0.042513 2.119138
v -4.727635 -0.042513 2.119138
v -5.755927 -0.042513 2.119137
v -6.784219 -0.042514 2.119137
v -7.812511 -0.042514 2.119137
v -8.840804 -0.042514 2.119137
v -10.288237 0.144143 2.101103
v 4.946135 0.193427 2.096343
v 3.498702 0.380084 2.078308
v 2.470410 0.380083 2.078308
v 1.442118 0.380083 2.078308
v 0.413825 0.380083 2.078308
v -0.614467 0.380083 2.078308
v -1.642759 0.380083 2.078308
v -2.671051 0.380083 2.078308
v -3.699343 0.380083 2.078308
v -4.727635 0.380083 2.078308
v -5.755928 0.380082 2.078308
v -6.784220 0.380082 2.078308
v -7.812512 0.380082 2.078308
v -8.840804 0.380082 2.078307
v -10.288237 0.193425 2.096341
v 4.526994 0.786439 1.957389
v 2.470410 0.786439 1.957389
v 1.442117 0.786439 1.957389
v -0.614467 0.786439 1.957389
v -1.642759 0.786439 1.957389
v -3.699343 0.786438 1.957389
v -4.727635 0.786438 1.957389
v -6.784220 0.786438 1.957389
v -7.812512 0.786438 1.957389
v -9.869096 0.786438 1.957388
v 4.526994 1.160939 1.761028
v 3.498701 1.160939 1.761028
v 2.470409 1.160939 1.761028
v 1.442117 1.160938 1.761027
v 0.413825 1.160938 1.761027
v -0.614467 1.160938 1.761027
v -1.642759 1.160938 1.761027
v -2.671051 1.160938 1.761027
v -3.699343 1.160938 1.761027
v -4.727635 1.160938 1.761027
v -5.755928 1.160938 1.761027
v -6.784220 1.160937 1.761027
v -7.812512 1.160937 1.761027
v -8.840804 1.160937 1.761027
v -9.869096 1.160937 1.761027
v 4.526994 1.489190 1.496769
v 3.498701 1.489190 1.496769
v 2.470409 1.489190 1.496769
v 1.442117 1.489190 1.496769
v 0.413825 1.489190 1.496769
v -0.614467 1.489190 1.496769
v -1.642759 1.489190 1.496769
v -2.671051 1.489189 1.496769
v -3.699343 1.489189 1.496769
v -4.727635 1.489189 1.496769
v -5.755928 1.489189 1.496769
v -6.784220 1.489189 1.496769
v -7.812512 1.489189 1.496768
v -8.840804 1.489189 1.496768
v -9.869096 1.489189 1.496768
v 4.526994 1.758579 1.174770
v 2.470409 1.758579 1.174770
v 1.442117 1.758579 1.174769
v -0.614467 1.758579 1.174769
v -1.642759 1.758578 1.174769
v -3.699343 1.758578 1.174769
v -4.727635 1.758578 1.174769
v -6.784220 1.758578 1.174769
v -7.812512 1.758578 1.174769
v -9.869096 1.758577 1.174769
v 4.982934 2.010188 0.641075
v 3.498701 1.958753 0.807403
v 2.470409 1.958753 0.807403
v 1.442117 1.958752 0.807403
v 0.413825 1.958752 0.807403
v -0.614467 1.958752 0.807402
v -1.642759 1.958752 0.807402
v -2.671051 1.958752 0.807402
v -3.699343 1.958752 0.807402
v -4.727635 1.958752 0.807402
v -5.755928 1.958751 0.807402
v -6.784220 1.958752 0.807402
v -7.812512 1.958752 0.807402
v -8.840804 1.958751 0.807402
v -10.325035 2.010186 0.641074
v 4.982934 2.030585 0.575115
v 3.498701 2.082019 0.408787
v 2.470409 2.082019 0.408787
v 1.442117 2.082019 0.408786
v 0.413825 2.082018 0.408786
v -0.614467 2.082018 0.408786
v -1.642759 2.082018 0.408786
v -2.671051 2.082018 0.408786
v -3.699343 2.082018 0.408786
v -4.727635 2.082018 0.408786
v -5.755928 2.082018 0.408786
v -6.784220 2.082018 0.408786
v -7.812512 2.082018 0.408786
v -8.840804 2.082018 0.408786
v -10.325035 2.030583 0.575114
v 4.982934 2.106274 -0.178735
v 3.498701 2.123641 -0.005760
v 2.470409 2.123641 -0.005760
v 1.442117 2.123641 -0.005760
v 0.413825 2.123640 -0.005760
v -0.614467 2.123640 -0.005761
v -1.642759 2.123640 -0.005761
v -2.671051 2.123640 -0.005761
v -3.699343 2.123640 -0.005761
v -4.727635 2.123640 -0.005761
v -5.755928 2.123640 -0.005761
v -6.784220 2.123640 -0.005761
v -7.812512 2.123639 -0.005761
v -8.840804 2.123639 -0.005761
v -10.325035 2.106272 -0.178736
v 4.982934 2.099386 -0.247332
v 3.498701 2.082018 -0.420307
v 2.470409 2.082018 -0.420307
v 1.442117 2.082018 -0.420307
v 0.413825 2.082018 -0.420307
v -0.614467 2.082018 -0.420307
v -1.642759 2.082018 -0.420307
v -2.671051 2.082017 -0.420307
v -3.699343 2.082017 -0.420308
v -4.727635 2.082017 -0.420308
v -5.755928 2.082017 -0.420308
v -6.784220 2.082017 -0.420308
v -7.812512 2.082017 -0.420308
v -8.840804 2.082017 -0.420308
v -10.325035 2.099384 -0.247333
v 4.526994 1.958752 -0.818923
v 2.470410 1.958751 -0.818923
v 1.442117 1.958751 -0.818923
v -0.614467 1.958751 -0.818923
v -1.642759 1.958750 -0.818923
v -3.699343 1.958750 -0.818923
v -4.727635 1.958750 -0.818923
v -6.784220 1.958750 -0.818924
v -7.812512 1.958750 -0.818924
v -9.869096 1.958750 -0.818924
v 4.526994 1.758577 -1.186289
v 3.498702 1.758577 -1.186290
v 2.470410 1.758577 -1.186290
v 1.442118 1.758576 -1.186290
v 0.413825 1.758576 -1.186290
v -0.614467 1.758576 -1.186290
v -1.642759 1.758576 -1.186290
v -2.671051 1.758576 -1.186290
v -3.699343 1.758576 -1.186290
v -4.727635 1.758576 -1.186290
v -5.755928 1.758575 -1.186290
v -6.784220 1.758575 -1.186290
v -7.812512 1.758575 -1.186290
v -8.840804 1.758575 -1.186290
v -9.869096 1.758575 -1.186290
v 4.526994 1.489187 -1.508289
v 3.498702 1.489187 -1.508289
v 2.470410 1.489187 -1.508289
v 1.442118 1.489187 -1.508289
v 0.413825 1.489187 -1.508289
v -0.614467 1.489187 -1.508289
v -1.642759 1.489186 -1.508289
v -2.671051 1.489186 -1.508289
v -3.699343 1.489186 -1.508289
v -4.727635 1.489186 -1.508289
v -5.755927 1.489186 -1.508289
v -6.784219 1.489186 -1.508289
v -7.812511 1.489186 -1.508289
v -8.840804 1.489186 -1.508289
v -9.869096 1.489185 -1.508289
v 4.526994 1.160935 -1.772546
v 2.470410 1.160935 -1.772547
v 1.442118 1.160935 -1.772547
v -0.614467 1.160935 -1.772547
v -1.642759 1.160935 -1.772547
v -3.699343 1.160934 -1.772547
v -4.727635 1.160934 -1.772547
v -6.784219 1.160934 -1.772547
v -7.812511 1.160934 -1.772547
v -9.869096 1.160933 -1.772547
v 4.946135 0.606952 -2.022316
v 3.498702 0.786435 -1.968907
v 2.470410 0.786435 -1.968907
v 1.442118 0.786435 -1.968908
v 0.413826 0.786435 -1.968908
v -0.614466 0.786435 -1.968908
v -1.642759 0.786435 -1.968908
v -2.671051 0.786435 -1.968908
v -3.699343 0.786434 -1.968908
v -4.727635 0.786434 -1.968908
v -5.755927 0.786434 -1.968908
v -6.784219 0.786434 -1.968908
v -7.812511 0.786434 -1.968908
v -8.840804 0.786434 -1.968908
v -10.288237 0.606950 -2.022317
v 4.946135 0.559563 -2.036417
v 3.498702 0.380079 -2.089826
v 2.470410 0.380079 -2.089826
v 1.442118 0.380079 -2.089826
v 0.413826 0.380079 -2.089826
v -0.614466 0.380079 -2.089826
v -1.642758 0.380079 -2.089826
v -2.671051 0.380079 -2.089826
v -3.699343 0.380079 -2.089826
v -4.727635 0.380078 -2.089826
v -5.755927 0.380078 -2.089826
v -6.784219 0.380078 -2.089826
v -7.812511 0.380078 -2.089826
v -8.840804 0.380078 -2.089827
v -10.288237 0.559561 -2.036418
v -8.840804 -0.042515 -2.295767
v -5.755927 -0.042514 -2.295767
v -2.671050 -0.042514 -2.295767
v 3.498702 -0.042513 -2.295766
v 3.498703 -1.339476 -1.909830
v 0.413826 -1.339477 -1.909831
v -2.671050 -1.339477 -1.909831
v -5.755927 -1.339477 -1.909831
v 3.498703 -2.199284 -0.882106
v 0.413826 -2.199285 -0.882106
v -5.755927 -2.199286 -0.882107
v -8.840803 -2.199286 -0.882107
v 0.413826 -2.332130 0.441000
v -2.671050 -2.332130 0.441000
v -5.755927 -2.332131 0.440999
v -8.840804 -2.332131 0.440999
v 3.498702 -1.693234 1.613522
v 0.413826 -1.693234 1.613522
v -5.755927 -1.693235 1.613521
v -8.840804 -1.693236 1.613521
v 3.498702 -0.497945 2.240248
v 0.413826 -0.497946 2.240248
v -2.671051 -0.497946 2.240248
v -5.755927 -0.497947 2.240248
v 3.498702 0.850852 2.109933
v 0.413825 0.850851 2.109933
v -5.755928 0.850851 2.109932
v -8.840804 0.850850 2.109932
v 0.413825 1.898530 1.266501
v -2.671051 1.898530 1.266500
v -5.755928 1.898529 1.266500
v -8.840804 1.898529 1.266500
v 0.413825 2.114256 -0.882109
v -2.671051 2.114256 -0.882109
v -5.755928 2.114256 -0.882109
v -8.840804 2.114255 -0.882110
v 3.498702 1.254448 -1.909832
v 0.413826 1.254447 -1.909833
v -5.755927 1.254446 -1.909833
v 6.232198 0.039144 -1.955602
v -8.840804 1.254446 -1.909833
v 6.565832 0.689081 -1.738349
v 6.565832 1.019599 -1.565049
v 6.565832 1.309300 -1.331827
v 6.565832 1.547052 -1.047644
v 6.565832 1.723717 -0.723422
v 6.232198 1.945189 -0.085865
v 6.231963 1.952484 -0.005760
v 6.232198 1.945189 0.074345
v 6.565832 1.723719 0.711903
v 6.565832 1.547054 1.036125
v 6.565832 1.309303 1.320308
v 6.565832 1.019602 1.553531
v 6.565832 0.689085 1.726831
v 6.232198 0.039148 1.944085
v 6.231963 -0.042512 1.951241
v 6.232198 -0.124172 1.944085
v 6.565832 -0.774109 1.726832
v 6.565832 -1.104626 1.553532
v 6.565832 -1.394327 1.320309
v 6.565833 -1.632078 1.036126
v 6.565833 -1.808743 0.711904
v 6.232198 -2.030215 0.074346
v 6.231964 -2.037509 -0.005758
v 6.232198 -2.030215 -0.085863
v 6.565833 -1.808743 -0.723420
v 6.565833 -1.632078 -1.047642
v 6.565833 -1.394327 -1.331825
v 6.565833 -1.104626 -1.565048
v 6.565833 -0.774109 -1.738348
v 6.565832 -0.042513 -1.881100
v 6.232198 -0.124173 -1.955601
v -9.775910 -0.042515 -2.295768
v -9.869096 -0.042515 -2.213863
v -9.841802 -0.042515 -2.271778
v -7.812511 -0.042514 -2.213863
v -7.905696 -0.042514 -2.295767
v -7.839805 -0.042514 -2.271778
v -6.691033 -0.042514 -2.295767
v -6.784218 -0.042514 -2.213863
v -6.756925 -0.042514 -2.271778
v -4.727635 -0.042514 -2.213862
v -4.820820 -0.042514 -2.295767
v -4.754928 -0.042514 -2.271778
v -3.606156 -0.042514 -2.295767
v -3.699342 -0.042514 -2.213862
v -3.672048 -0.042514 -2.271778
v -1.642758 -0.042514 -2.213862
v -1.735944 -0.042514 -2.295767
v -1.670051 -0.042514 -2.271778
v -0.471873 -0.042514 -2.295767
v -0.614466 -0.042514 -2.213862
v -0.587172 -0.042514 -2.271778
v 1.442118 -0.042513 -2.213862
v 1.299526 -0.042513 -2.295767
v 1.414824 -0.042513 -2.271778
v 2.563596 -0.042513 -2.295767
v 2.470410 -0.042513 -2.213862
v 2.497704 -0.042513 -2.271777
v 4.526994 -0.042513 -2.213862
v 4.433808 -0.042513 -2.295767
v 4.499701 -0.042513 -2.271777
v 4.433809 -0.398884 -2.261984
v 4.526995 -0.473461 -2.173010
v 4.499701 -0.454992 -2.232676
v 3.498702 -0.473461 -2.173010
v 3.498702 -0.398884 -2.261984
v 3.498702 -0.454992 -2.232676
v 2.563596 -0.398884 -2.261984
v 2.470410 -0.473461 -2.173010
v 2.497704 -0.454992 -2.232676
v 1.299526 -0.355025 -2.266142
v 1.442118 -0.473461 -2.173010
v 1.414824 -0.454992 -2.232676
v 0.413826 -0.473461 -2.173010
v 0.413826 -0.355026 -2.266142
v 0.413826 -0.454992 -2.232676
v -0.471874 -0.355026 -2.266142
v -0.614466 -0.473461 -2.173010
v -0.587173 -0.454992 -2.232676
v -1.735944 -0.398885 -2.261984
v -1.642758 -0.473461 -2.173010
v -1.670052 -0.454993 -2.232676
v -2.671051 -0.473461 -2.173010
v -2.671051 -0.398885 -2.261984
v -2.671051 -0.454993 -2.232677
v -3.606157 -0.398885 -2.261984
v -3.699342 -0.473462 -2.173010
v -3.672049 -0.454993 -2.232676
v -4.820820 -0.398885 -2.261984
v -4.727635 -0.473462 -2.173010
v -4.754928 -0.454993 -2.232676
v -5.755927 -0.473462 -2.173010
v -5.755927 -0.398885 -2.261985
v -5.755927 -0.454993 -2.232677
v -6.691033 -0.398886 -2.261985
v -6.784218 -0.473462 -2.173010
v -6.756925 -0.454993 -2.232677
v -7.905696 -0.398886 -2.261985
v -7.812511 -0.473462 -2.173010
v -7.839805 -0.454993 -2.232677
v -8.840804 -0.473462 -2.173011
v -8.840804 -0.398886 -2.261985
v -8.840804 -0.454994 -2.232677
v -9.775910 -0.398886 -2.261985
v -9.869096 -0.473462 -2.173011
v -9.841802 -0.454994 -2.232677
v 4.526995 -0.911632 -2.042624
v 4.433809 -1.024031 -2.075960
v 4.499701 -0.960781 -2.082169
v 3.498703 -1.024031 -2.075960
v 3.498703 -0.911632 -2.042624
v 3.498703 -0.960780 -2.082169
v 2.563596 -1.024031 -2.075960
v 2.470410 -0.911632 -2.042624
v 2.497704 -0.960781 -2.082169
v 1.442118 -0.911632 -2.042624
v 1.348932 -1.024032 -2.075960
v 1.414825 -0.960781 -2.082169
v 0.413826 -1.024032 -2.075960
v 0.413826 -0.911632 -2.042624
v 0.413826 -0.960781 -2.082169
v -0.521280 -1.024032 -2.075960
v -0.614466 -0.911633 -2.042624
v -0.587173 -0.960781 -2.082169
v -1.642758 -0.911633 -2.042624
v -1.735944 -1.024032 -2.075960
v -1.670052 -0.960781 -2.082170
v -2.671050 -1.024032 -2.075960
v -2.671050 -0.911633 -2.042624
v -2.671050 -0.960781 -2.082170
v -3.606157 -1.024032 -2.075960
v -3.699342 -0.911633 -2.042624
v -3.672049 -0.960781 -2.082169
v -4.727635 -0.911633 -2.042624
v -4.820820 -1.024032 -2.075960
v -4.754928 -0.960782 -2.082170
v -5.755927 -1.024032 -2.075960
v -5.755927 -0.911633 -2.042624
v -5.755927 -0.960782 -2.082170
v -6.691033 -1.024032 -2.075960
v -6.784218 -0.911633 -2.042624
v -6.756925 -0.960782 -2.082170
v -7.812511 -0.911633 -2.042624
v -7.955103 -1.062855 -2.055515
v -7.839805 -0.960782 -2.082170
v -8.840804 -1.062855 -2.055515
v -8.840804 -0.911634 -2.042624
v -8.840804 -0.960782 -2.082170
v -9.726503 -1.062855 -2.055515
v -9.869096 -0.911634 -2.042624
v -9.841802 -0.960782 -2.082170
v 4.433809 -1.339476 -1.909830
v 4.526995 -1.293089 -1.841729
v 4.499701 -1.325890 -1.889884
v 2.470410 -1.293089 -1.841729
v 2.563596 -1.339476 -1.909830
v 2.497704 -1.325890 -1.889884
v 1.348933 -1.339477 -1.909831
v 1.442118 -1.293089 -1.841730
v 1.414825 -1.325890 -1.889884
v -0.614466 -1.293090 -1.841730
v -0.521280 -1.339477 -1.909831
v -0.587173 -1.325890 -1.889884
v -1.735944 -1.339477 -1.909831
v -1.642758 -1.293090 -1.841730
v -1.670052 -1.325890 -1.889885
v -3.699342 -1.293090 -1.841730
v -3.606157 -1.339477 -1.909831
v -3.672049 -1.325891 -1.889885
v -4.820820 -1.339477 -1.909831
v -4.727635 -1.293090 -1.841730
v -4.754928 -1.325891 -1.889885
v -6.784218 -1.293090 -1.841730
v -6.691033 -1.339478 -1.909831
v -6.756925 -1.325891 -1.889885
v -7.955103 -1.339478 -1.909831
v -7.812511 -1.293090 -1.841730
v -7.839805 -1.325891 -1.889885
v -9.869096 -1.293091 -1.841730
v -9.726503 -1.339478 -1.909831
v -9.841802 -1.325891 -1.889885
v 4.433809 -1.616655 -1.687523
v 4.526995 -1.628272 -1.572900
v 4.499701 -1.646708 -1.632576
v 3.498703 -1.628272 -1.572900
v 3.498703 -1.616655 -1.687523
v 3.498703 -1.646708 -1.632576
v 2.470410 -1.628272 -1.572900
v 2.563596 -1.616655 -1.687523
v 2.497704 -1.646708 -1.632576
v 1.348933 -1.616655 -1.687523
v 1.442118 -1.628272 -1.572901
v 1.414825 -1.646708 -1.632576
v 0.413826 -1.628272 -1.572901
v 0.413826 -1.616655 -1.687523
v 0.413826 -1.646708 -1.632576
v -0.614466 -1.628273 -1.572901
v -0.521280 -1.616656 -1.687523
v -0.587172 -1.646708 -1.632576
v -1.735944 -1.616656 -1.687523
v -1.642758 -1.628273 -1.572901
v -1.670052 -1.646709 -1.632577
v -2.671050 -1.628273 -1.572901
v -2.671050 -1.616656 -1.687523
v -2.671050 -1.646709 -1.632577
v -3.699342 -1.628273 -1.572901
v -3.606157 -1.616656 -1.687523
v -3.672049 -1.646709 -1.632577
v -4.820820 -1.616656 -1.687524
v -4.727635 -1.628273 -1.572901
v -4.754928 -1.646709 -1.632577
v -5.755927 -1.628273 -1.572901
v -5.755927 -1.616656 -1.687524
v -5.755927 -1.646709 -1.632577
v -6.784218 -1.628273 -1.572901
v -6.691033 -1.616656 -1.687524
v -6.756925 -1.646709 -1.632577
v -7.955103 -1.582544 -1.714884
v -7.812511 -1.628273 -1.572901
v -7.839805 -1.646709 -1.632577
v -8.840804 -1.628273 -1.572901
v -8.840804 -1.582544 -1.714884
v -8.840803 -1.646709 -1.632577
v -9.869096 -1.628274 -1.572901
v -9.726503 -1.582544 -1.714884
v -9.841802 -1.646710 -1.632577
v 4.526995 -1.918753 -1.225690
v 4.433809 -2.031090 -1.192151
v 4.499701 -1.982015 -1.231785
v 3.498703 -2.031090 -1.192152
v 3.498703 -1.918753 -1.225690
v 3.498703 -1.982015 -1.231785
v 2.563596 -2.031090 -1.192152
v 2.470410 -1.918753 -1.225690
v 2.497704 -1.982016 -1.231785
v 1.442118 -1.918754 -1.225690
v 1.348933 -2.031090 -1.192152
v 1.414825 -1.982016 -1.231785
v 0.413826 -2.031090 -1.192152
v 0.413826 -1.918754 -1.225690
v 0.413826 -1.982016 -1.231785
v -0.521280 -2.031090 -1.192152
v -0.614466 -1.918754 -1.225690
v -0.587172 -1.982016 -1.231785
v -1.642758 -1.918754 -1.225690
v -1.785351 -2.051790 -1.153994
v -1.670052 -1.982016 -1.231786
v -2.671050 -2.051791 -1.153994
v -2.671050 -1.918754 -1.225690
v -2.671050 -1.982016 -1.231786
v -3.556750 -2.051791 -1.153994
v -3.699342 -1.918754 -1.225690
v -3.672049 -1.982016 -1.231786
v -4.727635 -1.918754 -1.225690
v -4.820820 -2.031091 -1.192152
v -4.754928 -1.982016 -1.231786
v -5.755927 -2.031091 -1.192152
v -5.755927 -1.918754 -1.225691
v -5.755927 -1.982017 -1.231786
v -6.691033 -2.031091 -1.192152
v -6.784218 -1.918754 -1.225691
v -6.756925 -1.982016 -1.231786
v -7.812511 -1.918754 -1.225691
v -7.905696 -2.031091 -1.192152
v -7.839805 -1.982017 -1.231786
v -8.840803 -2.031091 -1.192152
v -8.840803 -1.918754 -1.225691
v -8.840803 -1.982017 -1.231786
v -9.775909 -2.031091 -1.192152
v -9.869095 -1.918755 -1.225691
v -9.841802 -1.982017 -1.231786
v 4.433809 -2.199284 -0.882106
v 4.526995 -2.122145 -0.850763
v 4.499701 -2.176690 -0.872926
v 2.470410 -2.122145 -0.850763
v 2.563596 -2.199284 -0.882106
v 2.497704 -2.176691 -0.872926
v 1.348933 -2.199285 -0.882106
v 1.442118 -2.122145 -0.850763
v 1.414825 -2.176691 -0.872926
v -0.614466 -2.122145 -0.850763
v -0.521280 -2.199285 -0.882107
v -0.587172 -2.176691 -0.872926
v -1.785351 -2.199285 -0.882107
v -1.642758 -2.122146 -0.850763
v -1.670052 -2.176691 -0.872926
v -3.699342 -2.122146 -0.850763
v -3.556750 -2.199285 -0.882107
v -3.672049 -2.176692 -0.872927
v -4.820820 -2.199286 -0.882107
v -4.727635 -2.122146 -0.850763
v -4.754928 -2.176692 -0.872927
v -6.784218 -2.122146 -0.850763
v -6.691033 -2.199286 -0.882107
v -6.756925 -2.176692 -0.872927
v -7.905696 -2.199286 -0.882107
v -7.812511 -2.122146 -0.850764
v -7.839805 -2.176692 -0.872927
v -9.869095 -2.122147 -0.850764
v -9.775909 -2.199286 -0.882107
v -9.841802 -2.176692 -0.872927
v 4.433809 -2.303844 -0.546205
v 4.526995 -2.248586 -0.444569
v 4.499701 -2.297713 -0.484140
v 3.498703 -2.248586 -0.444569
v 3.498703 -2.303844 -0.546205
v 3.498703 -2.297713 -0.484140
v 2.563596 -2.303845 -0.546205
v 2.470410 -2.248586 -0.444569
v 2.497704 -2.297713 -0.484140
v 1.348933 -2.303845 -0.546205
v 1.442118 -2.248587 -0.444569
v 1.414825 -2.297714 -0.484140
v 0.413826 -2.248587 -0.444569
v 0.413826 -2.303845 -0.546206
v 0.413826 -2.297714 -0.484140
v -0.521280 -2.303845 -0.546206
v -0.614466 -2.248587 -0.444569
v -0.587172 -2.297714 -0.484140
v -1.785351 -2.290977 -0.587545
v -1.642758 -2.248587 -0.444569
v -1.670052 -2.297714 -0.484140
v -2.671050 -2.248587 -0.444569
v -2.671050 -2.290977 -0.587546
v -2.671050 -2.297714 -0.484141
v -3.556750 -2.290977 -0.587546
v -3.699342 -2.248587 -0.444569
v -3.672049 -2.297714 -0.484141
v -4.820820 -2.303846 -0.546206
v -4.727635 -2.248587 -0.444570
v -4.754928 -2.297714 -0.484141
v -5.755927 -2.248588 -0.444570
v -5.755927 -2.303846 -0.546206
v -5.755927 -2.297715 -0.484141
v -6.691033 -2.303846 -0.546206
v -6.784218 -2.248588 -0.444570
v -6.756925 -2.297714 -0.484141
v -7.905696 -2.303846 -0.546206
v -7.812511 -2.248587 -0.444570
v -7.839805 -2.297714 -0.484141
v -8.840803 -2.248588 -0.444570
v -8.840803 -2.303846 -0.546206
v -8.840803 -2.297715 -0.484141
v -9.775909 -2.303846 -0.546206
v -9.869095 -2.248588 -0.444570
v -9.841802 -2.297715 -0.484141
v 4.384402 -2.363477 0.134551
v 4.526995 -2.293467 0.002435
v 4.499701 -2.349519 0.031844
v 3.498703 -2.363477 0.134551
v 3.498703 -2.293467 0.002435
v 3.498703 -2.349519 0.031844
v 2.613003 -2.363477 0.134551
v 2.470410 -2.293467 0.002435
v 2.497704 -2.349520 0.031844
v 1.348933 -2.367877 0.091543
v 1.442118 -2.293467 0.002434
v 1.414825 -2.349520 0.031844
v 0.413826 -2.367877 0.091543
v 0.413826 -2.293468 0.002434
v 0.413826 -2.349520 0.031844
v -0.521280 -2.367877 0.091543
v -0.614466 -2.293468 0.002434
v -0.587172 -2.349520 0.031843
v -1.735944 -2.367878 0.091543
v -1.642758 -2.293468 0.002434
v -1.670052 -2.349520 0.031843
v -2.671050 -2.367878 0.091542
v -2.671050 -2.293468 0.002434
v -2.671050 -2.349521 0.031843
v -3.606157 -2.367878 0.091542
v -3.699342 -2.293468 0.002434
v -3.672049 -2.349521 0.031843
v -4.820820 -2.367878 0.091542
v -4.727635 -2.293468 0.002434
v -4.754928 -2.349521 0.031843
v -5.755927 -2.367878 0.091542
v -5.755927 -2.293468 0.002434
v -5.755927 -2.349521 0.031843
v -6.691033 -2.367878 0.091542
v -6.784218 -2.293468 0.002434
v -6.756925 -2.349521 0.031843
v -7.905696 -2.367878 0.091542
v -7.812511 -2.293468 0.002434
v -7.839805 -2.349521 0.031843
v -8.840803 -2.367878 0.091542
v -8.840803 -2.293468 0.002434
v -8.840803 -2.349521 0.031843
v -9.775909 -2.367878 0.091542
v -9.869095 -2.293468 0.002434
v -9.841802 -2.349521 0.031843
v 4.384402 -2.332129 0.441000
v 4.526995 -2.250238 0.425021
v 4.499701 -2.308144 0.436320
v 2.470410 -2.250239 0.425021
v 2.613003 -2.332129 0.441000
v 2.497704 -2.308144 0.436320
v 1.348933 -2.332130 0.441000
v 1.442118 -2.250239 0.425021
v 1.414825 -2.308145 0.436320
v -0.614466 -2.250239 0.425021
v -0.521280 -2.332130 0.441000
v -0.587172 -2.308145 0.436320
v -1.735944 -2.332130 0.441000
v -1.642758 -2.250239 0.425021
v -1.670052 -2.308145 0.436320
v -3.699342 -2.250240 0.425021
v -3.606157 -2.332131 0.441000
v -3.672049 -2.308146 0.436319
v -4.820820 -2.332130 0.440999
v -4.727635 -2.250240 0.425021
v -4.754928 -2.308145 0.436319
v -6.784218 -2.250240 0.425020
v -6.691033 -2.332131 0.440999
v -6.756925 -2.308146 0.436319
v -7.905696 -2.332131 0.440999
v -7.812511 -2.250240 0.425020
v -7.839805 -2.308145 0.436319
v -9.869096 -2.250240 0.425020
v -9.775910 -2.332131 0.440999
v -9.841802 -2.308146 0.436319
v 4.384402 -2.241541 0.735890
v 4.526995 -2.125319 0.831668
v 4.499701 -2.188578 0.825540
v 3.498703 -2.125320 0.831668
v 3.498703 -2.241541 0.735890
v 3.498703 -2.188579 0.825539
v 2.613003 -2.241541 0.735890
v 2.470410 -2.125320 0.831668
v 2.497704 -2.188579 0.825539
v 1.348932 -2.228828 0.777276
v 1.442118 -2.125320 0.831668
v 1.414825 -2.188579 0.825539
v 0.413826 -2.125320 0.831668
v 0.413826 -2.228828 0.777276
v 0.413826 -2.188579 0.825539
v -0.521280 -2.228828 0.777276
v -0.614466 -2.125320 0.831668
v -0.587173 -2.188579 0.825539
v -1.735944 -2.228828 0.777276
v -1.642758 -2.125321 0.831668
v -1.670052 -2.188580 0.825539
v -2.671050 -2.125321 0.831668
v -2.671050 -2.228829 0.777275
v -2.671050 -2.188580 0.825539
v -3.606157 -2.228829 0.777275
v -3.699342 -2.125321 0.831668
v -3.672049 -2.188580 0.825539
v -4.820820 -2.228829 0.777275
v -4.727635 -2.125321 0.831668
v -4.754928 -2.188580 0.825539
v -5.755927 -2.125321 0.831668
v -5.755927 -2.228829 0.777275
v -5.755927 -2.188580 0.825539
v -6.691033 -2.228829 0.777275
v -6.784218 -2.125321 0.831667
v -6.756925 -2.188580 0.825539
v -7.905696 -2.228829 0.777275
v -7.812511 -2.125321 0.831667
v -7.839805 -2.188580 0.825539
v -8.840804 -2.125321 0.831667
v -8.840804 -2.228829 0.777275
v -8.840804 -2.188580 0.825539
v -9.775910 -2.228829 0.777275
v -9.869096 -2.125321 0.831667
v -9.841802 -2.188580 0.825539
v 4.433809 -1.920875 1.342441
v 4.526995 -1.909473 1.227798
v 4.499701 -1.939423 1.282799
v 3.498702 -1.920875 1.342441
v 3.498702 -1.909473 1.227798
v 3.498702 -1.939423 1.282799
v 2.563596 -1.920875 1.342441
v 2.470410 -1.909473 1.227798
v 2.497704 -1.939423 1.282799
v 1.348932 -1.920875 1.342441
v 1.442118 -1.909473 1.227798
v 1.414825 -1.939423 1.282798
v 0.413826 -1.920876 1.342441
v 0.413826 -1.909473 1.227798
v 0.413826 -1.939423 1.282799
v -0.521280 -1.920876 1.342441
v -0.614466 -1.909473 1.227798
v -0.587173 -1.939423 1.282799
v -1.785351 -1.892860 1.375803
v -1.642758 -1.909473 1.227798
v -1.670052 -1.939424 1.282798
v -2.671051 -1.892860 1.375803
v -2.671051 -1.909474 1.227797
v -2.671051 -1.939424 1.282798
v -3.556750 -1.892860 1.375803
v -3.699342 -1.909474 1.227797
v -3.672049 -1.939424 1.282798
v -4.820820 -1.920876 1.342441
v -4.727635 -1.909474 1.227797
v -4.754928 -1.939424 1.282798
v -5.755927 -1.920876 1.342440
v -5.755927 -1.909474 1.227797
v -5.755927 -1.939424 1.282798
v -6.691033 -1.920876 1.342440
v -6.784218 -1.909474 1.227797
v -6.756925 -1.939424 1.282798
v -7.905696 -1.920877 1.342440
v -7.812511 -1.909474 1.227797
v -7.839805 -1.939424 1.282798
v -8.840804 -1.920877 1.342440
v -8.840804 -1.909474 1.227797
v -8.840804 -1.939425 1.282798
v -9.775910 -1.920877 1.342440
v -9.869096 -1.909475 1.227797
v -9.841802 -1.939425 1.282798
v 4.433808 -1.693234 1.613522
v 4.526994 -1.634194 1.555607
v 4.499701 -1.675941 1.596559
v 2.470410 -1.634194 1.555607
v 2.563596 -1.693234 1.613522
v 2.497704 -1.675942 1.596559
v 1.348932 -1.693234 1.613522
v 1.442118 -1.634195 1.555607
v 1.414824 -1.675942 1.596559
v -0.614466 -1.634195 1.555607
v -0.521280 -1.693235 1.613522
v -0.587173 -1.675942 1.596559
v -1.785351 -1.693235 1.613522
v -1.642758 -1.634195 1.555606
v -1.670052 -1.675942 1.596559
v -3.699342 -1.634195 1.555606
v -3.556750 -1.693235 1.613522
v -3.672049 -1.675943 1.596559
v -4.820821 -1.693235 1.613522
v -4.727635 -1.634195 1.555606
v -4.754929 -1.675943 1.596558
v -6.784219 -1.634196 1.555606
v -6.691033 -1.693235 1.613521
v -6.756926 -1.675943 1.596558
v -7.905697 -1.693235 1.613521
v -7.812511 -1.634196 1.555606
v -7.839806 -1.675943 1.596558
v -9.869096 -1.634196 1.555606
v -9.775910 -1.693236 1.613521
v -9.841802 -1.675943 1.596558
v 4.433808 -1.416890 1.836827
v 4.526994 -1.300020 1.825642
v 4.499701 -1.356089 1.855022
v 3.498702 -1.300020 1.825642
v 3.498702 -1.416890 1.836827
v 3.498702 -1.356089 1.855022
v 2.563596 -1.416890 1.836827
v 2.470410 -1.300021 1.825642
v 2.497704 -1.356089 1.855021
v 1.348932 -1.416890 1.836827
v 1.442118 -1.300021 1.825642
v 1.414824 -1.356090 1.855022
v 0.413826 -1.300021 1.825642
v 0.413826 -1.416890 1.836827
v 0.413826 -1.356090 1.855022
v -0.521281 -1.416890 1.836827
v -0.614466 -1.300021 1.825642
v -0.587173 -1.356090 1.855022
v -1.785351 -1.450901 1.809344
v -1.642758 -1.300021 1.825642
v -1.670052 -1.356090 1.855021
v -2.671051 -1.300021 1.825642
v -2.671051 -1.450901 1.809344
v -2.671051 -1.356090 1.855021
v -3.556750 -1.450901 1.809344
v -3.699342 -1.300021 1.825642
v -3.672049 -1.356090 1.855021
v -4.820821 -1.416891 1.836827
v -4.727635 -1.300021 1.825642
v -4.754929 -1.356090 1.855021
v -5.755927 -1.300022 1.825641
v -5.755927 -1.416891 1.836826
v -5.755927 -1.356090 1.855021
v -6.691033 -1.416891 1.836826
v -6.784219 -1.300022 1.825641
v -6.756926 -1.356090 1.855021
v -7.905697 -1.416891 1.836827
v -7.812511 -1.300022 1.825641
v -7.839806 -1.356091 1.855021
v -8.840804 -1.300022 1.825641
v -8.840804 -1.416891 1.836826
v -8.840804 -1.356091 1.855021
v -9.775910 -1.416891 1.836826
v -9.869096 -1.300022 1.825641
v -9.841802 -1.356091 1.855021
v 4.433808 -0.840750 2.138914
v 4.526994 -0.896199 2.037378
v 4.499701 -0.889951 2.099432
v 3.498702 -0.840751 2.138914
v 3.498702 -0.896199 2.037378
v 3.498702 -0.889951 2.099432
v 2.563596 -0.840751 2.138914
v 2.470410 -0.896199 2.037378
v 2.497704 -0.889951 2.099432
v 1.348932 -0.840751 2.138914
v 1.442118 -0.896199 2.037378
v 1.414824 -0.889952 2.099432
v 0.413826 -0.840751 2.138914
v 0.413826 -0.896199 2.037378
v 0.413826 -0.889952 2.099432
v -0.521281 -0.840751 2.138914
v -0.614466 -0.896200 2.037378
v -0.587173 -0.889952 2.099432
v -1.735944 -0.840751 2.138914
v -1.642759 -0.896200 2.037377
v -1.670052 -0.889952 2.099432
v -2.671051 -0.840751 2.138914
v -2.671051 -0.896200 2.037378
v -2.671051 -0.889952 2.099432
v -3.606157 -0.840751 2.138914
v -3.699343 -0.896200 2.037377
v -3.672050 -0.889952 2.099432
v -4.820821 -0.840752 2.138914
v -4.727635 -0.896200 2.037377
v -4.754929 -0.889952 2.099432
v -5.755927 -0.840752 2.138914
v -5.755927 -0.896200 2.037377
v -5.755927 -0.889952 2.099432
v -6.691033 -0.840752 2.138914
v -6.784219 -0.896200 2.037377
v -6.756926 -0.889953 2.099432
v -7.955104 -0.798563 2.151385
v -7.812511 -0.896200 2.037377
v -7.839806 -0.889953 2.099432
v -8.840804 -0.798563 2.151385
v -8.840804 -0.896201 2.037377
v -8.840804 -0.889953 2.099431
v -9.726503 -0.798563 2.151385
v -9.869096 -0.896201 2.037377
v -9.841802 -0.889953 2.099431
v 4.433808 -0.497945 2.240248
v 4.526994 -0.481656 2.159917
v 4.499701 -0.493174 2.216720
v 2.470410 -0.481656 2.159917
v 2.563596 -0.497945 2.240248
v 2.497704 -0.493174 2.216720
v 1.348932 -0.497946 2.240248
v 1.442118 -0.481657 2.159917
v 1.414824 -0.493175 2.216719
v -0.614467 -0.481657 2.159917
v -0.521281 -0.497946 2.240248
v -0.587173 -0.493175 2.216719
v -1.735945 -0.497946 2.240248
v -1.642759 -0.481657 2.159917
v -1.670052 -0.493175 2.216719
v -3.699343 -0.481657 2.159917
v -3.606157 -0.497946 2.240248
v -3.672050 -0.493175 2.216719
v -4.820821 -0.497946 2.240248
v -4.727635 -0.481657 2.159917
v -4.754929 -0.493175 2.216719
v -6.784219 -0.481658 2.159916
v -6.691033 -0.497947 2.240247
v -6.756926 -0.493176 2.216719
v -7.955104 -0.497947 2.240247
v -7.812511 -0.481658 2.159916
v -7.839806 -0.493176 2.216719
v -9.869096 -0.481658 2.159916
v -9.726503 -0.497947 2.240247
v -9.841802 -0.493176 2.216719
v 4.433808 -0.141703 2.275315
v 4.526994 -0.050864 2.202323
v 4.499701 -0.080844 2.257308
v 3.498702 -0.050864 2.202323
v 3.498702 -0.141703 2.275315
v 3.498702 -0.080845 2.257308
v 2.563596 -0.141703 2.275315
v 2.470410 -0.050864 2.202323
v 2.497703 -0.080845 2.257308
v 1.348932 -0.141703 2.275315
v 1.442118 -0.050865 2.202322
v 1.414824 -0.080845 2.257308
v 0.413825 -0.050865 2.202322
v 0.413825 -0.141703 2.275315
v 0.413825 -0.080845 2.257308
v -0.521281 -0.141703 2.275315
v -0.614467 -0.050865 2.202322
v -0.587173 -0.080845 2.257308
v -1.735945 -0.141704 2.275315
v -1.642759 -0.050865 2.202322
v -1.670052 -0.080845 2.257307
v -2.671051 -0.050865 2.202322
v -2.671051 -0.141704 2.275315
v -2.671051 -0.080845 2.257307
v -3.606158 -0.141704 2.275315
v -3.699343 -0.050865 2.202322
v -3.672050 -0.080845 2.257307
v -4.820821 -0.141704 2.275315
v -4.727635 -0.050865 2.202322
v -4.754929 -0.080846 2.257307
v -5.755927 -0.050866 2.202322
v -5.755927 -0.141704 2.275315
v -5.755927 -0.080846 2.257307
v -6.784219 -0.050866 2.202322
v -6.691033 -0.141704 2.275315
v -6.756926 -0.080846 2.257307
v -7.955104 -0.185548 2.270999
v -7.812511 -0.050866 2.202322
v -7.839806 -0.080846 2.257307
v -8.840804 -0.050866 2.202322
v -8.840804 -0.185548 2.270999
v -8.840804 -0.080846 2.257307
v -9.869096 -0.050866 2.202322
v -9.726503 -0.185548 2.270999
v -9.841802 -0.080846 2.257307
v 4.526994 0.404819 2.158297
v 4.433808 0.508429 2.212502
v 4.499700 0.445158 2.206488
v 3.498702 0.508429 2.212502
v 3.498702 0.404819 2.158297
v 3.498702 0.445158 2.206488
v 2.563596 0.508429 2.212502
v 2.470410 0.404819 2.158297
v 2.497703 0.445158 2.206488
v 1.442118 0.404819 2.158296
v 1.348932 0.508428 2.212502
v 1.414824 0.445158 2.206487
v 0.413825 0.508428 2.212502
v 0.413825 0.404819 2.158296
v 0.413825 0.445158 2.206487
v -0.521281 0.508428 2.212502
v -0.614467 0.404818 2.158296
v -0.587173 0.445158 2.206487
v -1.642759 0.404818 2.158296
v -1.785352 0.550570 2.199878
v -1.670053 0.445158 2.206487
v -2.671051 0.550570 2.199878
v -2.671051 0.404818 2.158296
v -2.671051 0.445158 2.206487
v -3.556751 0.550570 2.199878
v -3.699343 0.404818 2.158296
v -3.672050 0.445157 2.206487
v -4.727635 0.404818 2.158296
v -4.820821 0.508428 2.212502
v -4.754929 0.445157 2.206487
v -5.755928 0.508427 2.212502
v -5.755928 0.404818 2.158296
v -5.755928 0.445157 2.206487
v -6.691034 0.508427 2.212502
v -6.784220 0.404818 2.158296
v -6.756927 0.445157 2.206487
v -7.812512 0.404817 2.158296
v -7.905697 0.508427 2.212502
v -7.839806 0.445157 2.206487
v -8.840804 0.508427 2.212501
v -8.840804 0.404817 2.158296
v -8.840804 0.445157 2.206487
v -9.775910 0.508427 2.212501
v -9.869096 0.404817 2.158296
v -9.841802 0.445157 2.206487
v 4.433808 0.850852 2.109933
v 4.526994 0.818900 2.034263
v 4.499700 0.841493 2.087770
v 2.470410 0.818900 2.034263
v 2.563596 0.850852 2.109933
v 2.497703 0.841493 2.087770
v 1.348932 0.850852 2.109933
v 1.442117 0.818900 2.034263
v 1.414824 0.841493 2.087769
v -0.614467 0.818899 2.034263
v -0.521281 0.850851 2.109933
v -0.587173 0.841493 2.087769
v -1.785352 0.850851 2.109933
v -1.642759 0.818899 2.034262
v -1.670053 0.841493 2.087769
v -3.699343 0.818899 2.034262
v -3.556751 0.850851 2.109933
v -3.672050 0.841492 2.087769
v -4.820821 0.850851 2.109933
v -4.727635 0.818899 2.034262
v -4.754929 0.841492 2.087769
v -6.784220 0.818898 2.034262
v -6.691034 0.850851 2.109932
v -6.756927 0.841492 2.087769
v -7.905697 0.850850 2.109932
v -7.812512 0.818898 2.034262
v -7.839806 0.841492 2.087769
v -9.869096 0.818898 2.034262
v -9.775910 0.850850 2.109932
v -9.841802 0.841492 2.087769
v 4.433808 1.166917 1.944942
v 4.526994 1.201107 1.834745
v 4.499700 1.207320 1.896802
v 3.498701 1.201107 1.834745
v 3.498701 1.166917 1.944942
v 3.498701 1.207320 1.896802
v 2.470409 1.201106 1.834745
v 2.563595 1.166917 1.944942
v 2.497703 1.207320 1.896802
v 1.348932 1.166917 1.944942
v 1.442117 1.201106 1.834745
v 1.414824 1.207320 1.896802
v 0.413825 1.201106 1.834745
v 0.413825 1.166917 1.944942
v 0.413825 1.207320 1.896802
v -0.614467 1.201106 1.834745
v -0.521281 1.166917 1.944942
v -0.587173 1.207320 1.896802
v -1.785352 1.128018 1.965247
v -1.642759 1.201106 1.834745
v -1.670053 1.207319 1.896802
v -2.671051 1.201106 1.834745
v -2.671051 1.128018 1.965247
v -2.671051 1.207319 1.896802
v -3.699343 1.201106 1.834745
v -3.556751 1.128018 1.965247
v -3.672050 1.207319 1.896802
v -4.820821 1.166916 1.944942
v -4.727635 1.201106 1.834745
v -4.754929 1.207319 1.896802
v -5.755928 1.201105 1.834744
v -5.755928 1.166916 1.944941
v -5.755928 1.207319 1.896802
v -6.784220 1.201105 1.834744
v -6.691034 1.166916 1.944941
v -6.756927 1.207319 1.896802
v -7.905697 1.166916 1.944941
v -7.812512 1.201105 1.834744
v -7.839806 1.207319 1.896802
v -8.840804 1.201105 1.834744
v -8.840804 1.166916 1.944941
v -8.840804 1.207319 1.896801
v -9.869096 1.201105 1.834744
v -9.775910 1.166916 1.944941
v -9.841802 1.207319 1.896801
v 4.526994 1.555059 1.549797
v 4.384401 1.699798 1.504938
v 4.499700 1.615893 1.567881
v 3.498701 1.699798 1.504938
v 3.498701 1.555059 1.549796
v 3.498701 1.615893 1.567881
v 2.613002 1.699798 1.504938
v 2.470409 1.555059 1.549796
v 2.497703 1.615893 1.567881
v 1.442117 1.555058 1.549796
v 1.348931 1.671906 1.538401
v 1.414824 1.615893 1.567881
v 0.413825 1.671906 1.538400
v 0.413825 1.555058 1.549796
v 0.413825 1.615893 1.567881
v -0.521281 1.671906 1.538400
v -0.614467 1.555058 1.549796
v -0.587173 1.615893 1.567881
v -1.642759 1.555058 1.549796
v -1.735945 1.671906 1.538400
v -1.670053 1.615893 1.567881
v -2.671051 1.671906 1.538400
v -2.671051 1.555058 1.549796
v -2.671051 1.615892 1.567881
v -3.606158 1.671906 1.538400
v -3.699343 1.555058 1.549796
v -3.672050 1.615892 1.567881
v -4.727635 1.555058 1.549796
v -4.820821 1.671906 1.538400
v -4.754929 1.615892 1.567881
v -5.755928 1.671906 1.538400
v -5.755928 1.555058 1.549796
v -5.755928 1.615892 1.567881
v -6.691034 1.671905 1.538400
v -6.784220 1.555057 1.549796
v -6.756927 1.615892 1.567881
v -7.905697 1.671905 1.538400
v -7.812512 1.555057 1.549796
v -7.839806 1.615892 1.567881
v -8.840804 1.671905 1.538400
v -8.840804 1.555057 1.549796
v -8.840804 1.615892 1.567881
v -9.775910 1.671905 1.538400
v -9.869096 1.555057 1.549796
v -9.841802 1.615892 1.567880
v 4.384401 1.898531 1.266501
v 4.526994 1.829107 1.220997
v 4.499700 1.878197 1.253173
v 2.470409 1.829107 1.220997
v 2.613002 1.898530 1.266501
v 2.497703 1.878197 1.253173
v 1.348931 1.898530 1.266501
v 1.442117 1.829107 1.220997
v 1.414824 1.878196 1.253173
v -0.614467 1.829107 1.220997
v -0.521281 1.898530 1.266501
v -0.587173 1.878197 1.253173
v -1.735945 1.898530 1.266501
v -1.642759 1.829106 1.220997
v -1.670053 1.878196 1.253173
v -3.699343 1.829106 1.220997
v -3.606158 1.898530 1.266500
v -3.672050 1.878196 1.253173
v -4.820821 1.898530 1.266500
v -4.727635 1.829106 1.220997
v -4.754929 1.878196 1.253173
v -6.784220 1.829106 1.220996
v -6.691034 1.898529 1.266500
v -6.756927 1.878196 1.253173
v -7.905697 1.898529 1.266500
v -7.812512 1.829106 1.220996
v -7.839806 1.878196 1.253172
v -9.869097 1.829105 1.220996
v -9.775910 1.898529 1.266500
v -9.841804 1.878195 1.253172
v 4.384401 2.047042 0.995147
v 4.526994 2.033902 0.846806
v 4.499700 2.074215 0.895018
v 3.498701 2.033902 0.846806
v 3.498701 2.047042 0.995147
v 3.498701 2.074215 0.895018
v 2.613002 2.047042 0.995147
v 2.470409 2.033901 0.846805
v 2.497703 2.074214 0.895018
v 1.348931 2.067885 0.957064
v 1.442117 2.033901 0.846805
v 1.414824 2.074214 0.895018
v 0.413825 2.033901 0.846805
v 0.413825 2.067884 0.957064
v 0.413825 2.074214 0.895018
v -0.521281 2.067884 0.957064
v -0.614467 2.033901 0.846805
v -0.587174 2.074214 0.895018
v -1.735945 2.067884 0.957063
v -1.642759 2.033901 0.846805
v -1.670053 2.074214 0.895017
v -2.671051 2.033900 0.846805
v -2.671051 2.067884 0.957063
v -2.671051 2.074214 0.895017
v -3.606158 2.067884 0.957063
v -3.699343 2.033900 0.846805
v -3.672050 2.074214 0.895017
v -4.820821 2.067884 0.957063
v -4.727635 2.033900 0.846805
v -4.754929 2.074214 0.895017
v -5.755928 2.033900 0.846805
v -5.755928 2.067883 0.957063
v -5.755928 2.074213 0.895017
v -6.691034 2.067884 0.957063
v -6.784220 2.033900 0.846805
v -6.756927 2.074214 0.895017
v -7.905697 2.067884 0.957063
v -7.812512 2.033900 0.846805
v -7.839806 2.074214 0.895017
v -8.840804 2.033900 0.846805
v -8.840804 2.067883 0.957063
v -8.840804 2.074213 0.895017
v -9.775910 2.067883 0.957063
v -9.869097 2.033900 0.846805
v -9.841804 2.074213 0.895017
v 4.384401 2.205949 -0.587547
v 4.526994 2.163560 -0.444571
v 4.499700 2.212687 -0.484142
v 3.498701 2.205949 -0.587547
v 3.498701 2.163560 -0.444571
v 3.498701 2.212687 -0.484142
v 2.613002 2.205949 -0.587547
v 2.470409 2.163559 -0.444571
v 2.497703 2.212686 -0.484143
v 1.348931 2.218817 -0.546208
v 1.442117 2.163559 -0.444571
v 1.414824 2.212686 -0.484143
v 0.413825 2.218817 -0.546208
v 0.413825 2.163559 -0.444571
v 0.413825 2.212686 -0.484143
v -0.521281 2.218817 -0.546208
v -0.614467 2.163559 -0.444572
v -0.587173 2.212686 -0.484143
v -1.735945 2.218817 -0.546208
v -1.642759 2.163559 -0.444572
v -1.670053 2.212686 -0.484143
v -2.671051 2.218817 -0.546208
v -2.671051 2.163559 -0.444572
v -2.671051 2.212686 -0.484143
v -3.606158 2.218817 -0.546208
v -3.699343 2.163559 -0.444572
v -3.672050 2.212686 -0.484143
v -4.820821 2.218817 -0.546208
v -4.727635 2.163558 -0.444572
v -4.754929 2.212685 -0.484143
v -5.755928 2.218816 -0.546208
v -5.755928 2.163558 -0.444572
v -5.755928 2.212685 -0.484143
v -6.691034 2.218817 -0.546208
v -6.784220 2.163558 -0.444572
v -6.756927 2.212685 -0.484143
v -7.905697 2.218816 -0.546208
v -7.812512 2.163558 -0.444572
v -7.839806 2.212685 -0.484143
v -8.840804 2.218816 -0.546208
v -8.840804 2.163558 -0.444572
v -8.840804 2.212685 -0.484143
v -9.775910 2.218816 -0.546208
v -9.869096 2.163558 -0.444572
v -9.841802 2.212685 -0.484143
v 4.384401 2.114257 -0.882109
v 4.526994 2.037118 -0.850765
v 4.499700 2.091664 -0.872929
v 2.470409 2.037117 -0.850765
v 2.613002 2.114257 -0.882109
v 2.497703 2.091663 -0.872929
v 1.348932 2.114257 -0.882109
v 1.442117 2.037117 -0.850765
v 1.414824 2.091663 -0.872929
v -0.614467 2.037117 -0.850765
v -0.521281 2.114256 -0.882109
v -0.587173 2.091663 -0.872929
v -1.735945 2.114256 -0.882109
v -1.642759 2.037117 -0.850765
v -1.670053 2.091663 -0.872929
v -3.699343 2.037116 -0.850766
v -3.606158 2.114256 -0.882109
v -3.672050 2.091662 -0.872929
v -4.820821 2.114256 -0.882109
v -4.727635 2.037116 -0.850766
v -4.754929 2.091662 -0.872929
v -6.784220 2.037116 -0.850766
v -6.691034 2.114256 -0.882109
v -6.756927 2.091662 -0.872929
v -7.905697 2.114255 -0.882110
v -7.812512 2.037116 -0.850766
v -7.839806 2.091662 -0.872929
v -9.869096 2.037116 -0.850766
v -9.775910 2.114255 -0.882110
v -9.841802 2.091662 -0.872929
v 4.384401 1.966762 -1.153996
v 4.526994 1.833726 -1.225692
v 4.499700 1.896988 -1.231788
v 3.498702 1.833725 -1.225692
v 3.498702 1.966762 -1.153996
v 3.498702 1.896988 -1.231788
v 2.613002 1.966762 -1.153996
v 2.470410 1.833725 -1.225692
v 2.497703 1.896987 -1.231788
v 1.348932 1.946062 -1.192154
v 1.442118 1.833725 -1.225693
v 1.414824 1.896987 -1.231788
v 0.413825 1.833725 -1.225693
v 0.413825 1.946061 -1.192154
v 0.413825 1.896987 -1.231788
v -0.521281 1.946061 -1.192154
v -0.614467 1.833725 -1.225693
v -0.587173 1.896987 -1.231788
v -1.735945 1.946061 -1.192154
v -1.642759 1.833725 -1.225693
v -1.670053 1.896987 -1.231788
v -2.671051 1.833725 -1.225693
v -2.671051 1.946061 -1.192154
v -2.671051 1.896987 -1.231788
v -3.606158 1.946061 -1.192154
v -3.699343 1.833725 -1.225693
v -3.672050 1.896987 -1.231788
v -4.820821 1.946061 -1.192155
v -4.727635 1.833724 -1.225693
v -4.754929 1.896986 -1.231788
v -5.755928 1.833724 -1.225693
v -5.755928 1.946061 -1.192155
v -5.755928 1.896986 -1.231788
v -6.691034 1.946061 -1.192155
v -6.784220 1.833724 -1.225693
v -6.756927 1.896986 -1.231788
v -7.905697 1.946061 -1.192155
v -7.812512 1.833724 -1.225693
v -7.839806 1.896986 -1.231789
v -8.840804 1.833724 -1.225693
v -8.840804 1.946060 -1.192155
v -8.840804 1.896986 -1.231789
v -9.775910 1.946060 -1.192155
v -9.869096 1.833724 -1.225693
v -9.841802 1.896986 -1.231789
v 4.433808 1.531627 -1.687525
v 4.526994 1.543244 -1.572902
v 4.499701 1.561680 -1.632578
v 3.498702 1.531627 -1.687525
v 3.498702 1.543244 -1.572903
v 3.498702 1.561680 -1.632578
v 2.563596 1.531627 -1.687525
v 2.470410 1.543244 -1.572903
v 2.497703 1.561680 -1.632578
v 1.348932 1.531627 -1.687525
v 1.442118 1.543244 -1.572903
v 1.414824 1.561680 -1.632578
v 0.413825 1.531627 -1.687525
v 0.413825 1.543244 -1.572903
v 0.413825 1.561680 -1.632578
v -0.521281 1.531626 -1.687525
v -0.614467 1.543243 -1.572903
v -0.587173 1.561679 -1.632578
v -1.785351 1.497513 -1.714885
v -1.642759 1.543243 -1.572903
v -1.670053 1.561679 -1.632578
v -2.671051 1.497513 -1.714885
v -2.671051 1.543243 -1.572903
v -2.671051 1.561679 -1.632579
v -3.556751 1.497513 -1.714885
v -3.699343 1.543243 -1.572903
v -3.672050 1.561679 -1.632579
v -4.820821 1.531626 -1.687526
v -4.727635 1.543243 -1.572903
v -4.754929 1.561679 -1.632579
v -5.755927 1.531626 -1.687526
v -5.755927 1.543243 -1.572903
v -5.755927 1.561679 -1.632579
v -6.691033 1.531626 -1.687526
v -6.784219 1.543243 -1.572903
v -6.756926 1.561679 -1.632579
v -7.905697 1.531626 -1.687526
v -7.812511 1.543243 -1.572903
v -7.839806 1.561679 -1.632579
v -8.840804 1.531625 -1.687526
v -8.840804 1.543242 -1.572903
v -8.840804 1.561678 -1.632579
v -9.775910 1.531625 -1.687526
v -9.869096 1.543242 -1.572903
v -9.841802 1.561678 -1.632579
v 4.433808 1.254448 -1.909832
v 4.526994 1.208060 -1.841731
v 4.499701 1.240861 -1.889886
v 2.470410 1.208060 -1.841731
v 2.563596 1.254447 -1.909832
v 2.497704 1.240861 -1.889886
v 1.348932 1.254447 -1.909833
v 1.442118 1.208060 -1.841731
v 1.414824 1.240861 -1.889886
v -0.614467 1.208060 -1.841731
v -0.521281 1.254447 -1.909833
v -0.587173 1.240860 -1.889886
v -1.785351 1.254447 -1.909833
v -1.642759 1.208060 -1.841732
v -1.670052 1.240860 -1.889886
v -3.699343 1.208059 -1.841732
v -3.556751 1.254447 -1.909833
v -3.672050 1.240860 -1.889886
v -4.820821 1.254446 -1.909833
v -4.727635 1.208059 -1.841732
v -4.754929 1.240860 -1.889886
v -6.784219 1.208059 -1.841732
v -6.691033 1.254446 -1.909833
v -6.756926 1.240860 -1.889887
v -7.905697 1.254446 -1.909833
v -7.812511 1.208059 -1.841732
v -7.839806 1.240860 -1.889887
v -9.869096 1.208059 -1.841732
v -9.775910 1.254446 -1.909833
v -9.841802 1.240859 -1.889887
v 4.433808 0.939002 -2.075961
v 4.526994 0.826603 -2.042625
v 4.499701 0.875752 -2.082170
v 3.498702 0.826603 -2.042625
v 3.498702 0.939002 -2.075961
v 3.498702 0.875752 -2.082170
v 2.563596 0.939002 -2.075961
v 2.470410 0.826603 -2.042625
v 2.497704 0.875751 -2.082170
v 1.348932 0.939002 -2.075961
v 1.442118 0.826603 -2.042625
v 1.414824 0.875751 -2.082170
v 0.413826 0.826603 -2.042625
v 0.413826 0.939002 -2.075961
v 0.413826 0.875751 -2.082170
v -0.521281 0.939002 -2.075961
v -0.614466 0.826603 -2.042625
v -0.587173 0.875751 -2.082170
v -1.785351 0.977824 -2.055516
v -1.642759 0.826602 -2.042625
v -1.670052 0.875751 -2.082171
v -2.671051 0.826602 -2.042625
v -2.671051 0.977824 -2.055516
v -2.671051 0.875751 -2.082171
v -3.699343 0.826602 -2.042625
v -3.556751 0.977824 -2.055516
v -3.672050 0.875751 -2.082171
v -4.820821 0.939001 -2.075962
v -4.727635 0.826602 -2.042625
v -4.754929 0.875751 -2.082171
v -5.755927 0.826602 -2.042626
v -5.755927 0.939001 -2.075962
v -5.755927 0.875750 -2.082171
v -6.784219 0.826602 -2.042626
v -6.691033 0.939001 -2.075962
v -6.756926 0.875750 -2.082171
v -7.905697 0.939001 -2.075962
v -7.812511 0.826602 -2.042626
v -7.839806 0.875750 -2.082171
v -8.840804 0.826602 -2.042626
v -8.840804 0.939001 -2.075962
v -8.840804 0.875750 -2.082171
v -9.869096 0.826601 -2.042626
v -9.775910 0.939001 -2.075962
v -9.841802 0.875750 -2.082171
v 4.526994 0.388432 -2.173010
v 4.433808 0.313855 -2.261985
v 4.499701 0.369963 -2.232677
v 3.498702 0.313855 -2.261985
v 3.498702 0.388431 -2.173010
v 3.498702 0.369963 -2.232677
v 2.563596 0.313855 -2.261985
v 2.470410 0.388431 -2.173010
v 2.497704 0.369962 -2.232677
v 1.442118 0.388431 -2.173011
v 1.299525 0.269996 -2.266143
v 1.414824 0.369962 -2.232677
v 0.413826 0.269995 -2.266143
v 0.413826 0.388431 -2.173011
v 0.413826 0.369962 -2.232677
v -0.471874 0.269995 -2.266143
v -0.614466 0.388431 -2.173011
v -0.587173 0.369962 -2.232677
v -1.642758 0.388431 -2.173011
v -1.735944 0.313854 -2.261985
v -1.670052 0.369962 -2.232677
v -2.671051 0.313854 -2.261985
v -2.671051 0.388431 -2.173011
v -2.671051 0.369962 -2.232677
v -3.606157 0.313854 -2.261985
v -3.699343 0.388431 -2.173011
v -3.672050 0.369962 -2.232677
v -4.727635 0.388430 -2.173011
v -4.820821 0.313854 -2.261985
v -4.754929 0.369962 -2.232677
v -5.755927 0.313854 -2.261985
v -5.755927 0.388430 -2.173011
v -5.755927 0.369961 -2.232677
v -6.691033 0.313854 -2.261985
v -6.784219 0.388430 -2.173011
v -6.756926 0.369961 -2.232677
v -7.812511 0.388430 -2.173011
v -7.905697 0.313853 -2.261985
v -7.839806 0.369961 -2.232677
v -8.840804 0.313853 -2.261986
v -8.840804 0.388430 -2.173011
v -8.840804 0.369961 -2.232677
v -9.775910 0.313853 -2.261986
v -9.869096 0.388430 -2.173011
v -9.841802 0.369961 -2.232677
v 7.945811 0.534606 -1.784316
v 8.762217 0.868112 -1.564354
v 8.762217 1.338160 -1.185944
v 8.762219 1.406825 -1.103869
v 7.945810 1.853419 -0.163350
v 7.945810 1.785649 0.511635
v 7.945810 1.770579 0.560369
v 8.762219 1.546346 0.887523
v 8.762217 0.540647 1.697159
v 7.945811 0.169804 1.849071
v 7.945811 0.118138 1.854062
v 8.762217 -0.275791 1.776040
v 8.762219 -1.423185 1.174426
v 8.762217 -1.491850 1.092351
v 8.762219 -1.778494 0.566293
v 7.945811 -1.933355 0.202513
v 8.762217 -1.682392 -0.805401
v 8.762219 -1.631369 -0.899040
v 8.762217 -1.245612 -1.360134
v 8.762219 -1.161943 -1.427491
v 8.762219 -0.625670 -1.708675
v 7.945811 -1.938444 0.151832
v 8.762217 -0.857681 1.602888
v 8.762217 1.160588 1.348617
v 8.762217 1.693469 -0.577811
v 8.762219 0.083051 -1.797963
v 7.945811 0.484926 -1.799099
v 7.945810 1.848331 -0.214031
v 8.762217 1.076920 1.415974
v 8.762219 -0.953138 1.552837
v 8.762219 -1.858906 -0.234595
v 8.762219 -0.522094 -1.739496
v 9.177894 0.673286 -1.379076
v 9.177894 0.723851 -1.352563
v 9.177896 1.154550 -1.005831
v 9.177894 1.190922 -0.962355
v 9.177896 1.524827 0.117413
v 9.177896 1.519207 0.173384
v 9.177896 1.357470 0.696408
v 9.177894 1.330443 0.746009
v 9.177896 0.441278 1.461830
v 9.177896 0.386412 1.478156
v 9.177896 -0.168075 1.531729
v 9.177896 -0.225134 1.526216
v 9.177896 -1.239575 0.994314
v 9.177894 -1.275948 0.950838
v 9.177894 -1.538596 0.468816
v 9.177896 -1.555239 0.414996
v 9.177894 -1.442494 -0.707925
v 9.177894 -1.415467 -0.757526
v 9.177894 -1.062002 -1.180021
v 9.177894 -1.017681 -1.215701
v 9.177894 -0.526301 -1.473346
v 9.177894 -1.609851 -0.128930
v 9.177894 -0.758312 1.367559
v 9.177896 0.976978 1.168504
v 9.177896 1.453571 -0.480334
v 9.177894 0.083051 -1.543245
v 9.177894 0.140107 -1.537732
v 9.177894 1.470214 -0.426514
v 9.177896 0.932658 1.204184
v 9.177894 -0.808877 1.341046
v 9.177894 -1.604232 -0.184902
v 9.177894 -0.471436 -1.489673
v 12.247589 0.481816 -1.585338
v 12.247589 1.645815 -0.135045
v 12.247589 1.587663 0.444146
v 12.247589 1.567736 0.508586
v 12.247589 0.157601 1.643813
v 12.247589 0.089283 1.650414
v 12.247589 -1.724114 0.190544
v 12.247589 -1.730842 0.123528
v 12.247589 0.416125 -1.604885
v 12.247589 1.639087 -0.202061
v 12.350191 0.481816 -1.585337
v 12.350191 1.645815 -0.135045
v 12.350191 1.587663 0.444146
v 12.350191 1.567736 0.508586
v 12.350191 0.157600 1.643814
v 12.350191 0.089283 1.650414
v 12.350191 -1.724114 0.190544
v 12.350191 -1.730842 0.123528
v 12.350191 0.416124 -1.604885
v 12.350191 1.639087 -0.202061
v 12.538482 0.534312 -1.371819
v 12.538482 0.794908 -1.235180
v 12.538482 1.023323 -1.051296
v 12.538482 1.210778 -0.827233
v 12.538482 1.464809 -0.005759
v 12.538482 1.435846 0.282704
v 12.538482 1.350071 0.560082
v 12.538482 1.210780 0.815715
v 12.538482 0.534314 1.360302
v 12.538482 0.251551 1.444444
v 12.538482 -0.042513 1.472855
v 12.538482 -0.336577 1.444444
v 12.538482 -1.108351 1.039779
v 12.538482 -1.295806 0.815715
v 12.538482 -1.435097 0.560083
v 12.538482 -1.520873 0.282705
v 12.538482 -1.435097 -0.571598
v 12.538482 -1.295806 -0.827231
v 12.538482 -1.108351 -1.051295
v 12.538482 -0.879937 -1.235179
v 12.538482 -0.619341 -1.371818
v 12.538482 -1.549835 -0.005758
v 12.538482 -0.619340 1.360302
v 12.538482 1.023325 1.039779
v 12.538482 1.350070 -0.571600
v 12.538482 -0.042513 -1.484371
v 12.538482 0.251548 -1.455960
v 12.538482 1.435846 -0.294222
v 12.538482 0.794911 1.223663
v 12.538482 -0.879937 1.223664
v 12.538482 -1.520873 -0.294221
v 12.538482 -0.336577 -1.455960
v 6.929910 0.638560 -1.618701
v 7.062506 0.638560 -1.618701
v 7.062506 0.946253 -1.457369
v 6.929910 0.946253 -1.457369
v 7.062505 1.601746 -0.673862
v 6.929909 1.601746 -0.673862
v 6.929910 -1.522307 0.964176
v 7.062507 -1.522307 0.964176
v 7.062507 -1.686772 0.662344
v 6.929910 -1.686772 0.662344
v 6.929910 1.215948 -1.240252
v 7.062506 1.215948 -1.240252
v 7.062506 1.437281 -0.975694
v 6.929910 1.437281 -0.975694
v 6.929910 -1.822246 -0.005758
v 7.062507 -1.822246 -0.005758
v 6.929909 1.737221 -0.005760
v 7.062505 1.737221 -0.005760
v 7.062505 1.703024 0.334836
v 6.929909 1.703024 0.334836
v 6.929910 -0.042512 -1.751594
v 7.062506 -0.042512 -1.751594
v 7.062506 0.304694 -1.718049
v 6.929910 0.304694 -1.718049
v 6.929910 -1.788049 -0.346354
v 7.062507 -1.788049 -0.346354
v 7.062507 -1.686772 -0.673860
v 6.929910 -1.686772 -0.673860
v 6.929909 1.601748 0.662343
v 7.062505 1.601748 0.662343
v 7.062505 1.437283 0.964175
v 6.929909 1.437283 0.964175
v 7.763041 0.169803 1.849071
v 7.763041 0.534605 -1.784316
v 7.763041 0.484926 -1.799099
v 7.763041 0.118138 1.854062
v 7.763041 1.848330 -0.214031
v 7.763042 -1.933355 0.202513
v 7.763041 1.853419 -0.163350
v 7.763041 1.770579 0.560369
v 7.763041 1.785649 0.511635
v 7.763042 -1.938444 0.151832
v 6.929910 -1.300974 1.228734
v 7.062506 -1.300974 1.228734
v 7.062506 -1.031279 1.445851
v 6.929910 -1.031279 1.445851
v 6.929909 1.215950 1.228733
v 7.062505 1.215950 1.228733
v 7.062506 -0.723587 1.607184
v 6.929910 -0.723587 1.607184
v 7.062506 -0.389721 1.706532
v 6.929910 -0.389721 1.706532
v 6.929910 -0.042512 1.740078
v 7.062506 -0.042512 1.740078
v 7.062506 0.304697 1.706532
v 6.929910 0.304697 1.706532
v 7.062507 -1.788049 0.334837
v 6.929910 -1.788049 0.334837
v 6.929909 0.638563 1.607183
v 7.062505 0.638563 1.607183
v 7.062505 0.946256 1.445851
v 6.929909 0.946256 1.445851
v 6.929910 -0.723587 -1.618700
v 7.062507 -0.723587 -1.618700
v 7.062507 -1.031279 -1.457368
v 6.929910 -1.031279 -1.457368
v 7.062507 -1.300974 -1.240250
v 6.929910 -1.300974 -1.240250
v 6.929910 -1.522307 -0.975692
v 7.062507 -1.522307 -0.975692
v 7.062505 1.703024 -0.346356
v 6.929909 1.703024 -0.346356
v 7.062506 -0.389721 -1.718048
v 6.929910 -0.389721 -1.718048
v -11.778714 -0.042515 -1.896573
v -11.778714 -0.418557 -1.860242
v -11.778714 -0.780147 -1.752643
v -11.778714 -1.113391 -1.577913
v -11.778714 -1.405482 -1.342766
v -11.778714 -1.645195 -1.056239
v -11.778714 -1.823317 -0.729342
v -11.778714 -1.933004 -0.374639
v -11.778714 -1.970041 -0.005759
v -11.778714 -1.933005 0.363120
v -11.778714 -1.823317 0.717824
v -11.778714 -1.645195 1.044720
v -11.778714 -1.405482 1.331248
v -11.778714 -1.113391 1.566395
v -11.778714 -0.780147 1.741125
v -11.778714 -0.418556 1.848723
v -11.778714 -0.042514 1.885054
v -11.778714 0.333528 1.848722
v -11.778714 0.695118 1.741124
v -11.778714 1.028362 1.566394
v -11.778714 1.320453 1.331247
v -11.778714 1.560166 1.044719
v -11.778714 1.738288 0.717822
v -11.778714 1.847975 0.363118
v -11.778714 1.885012 -0.005761
v -11.778714 1.847974 -0.374641
v -11.778714 1.738287 -0.729344
v -11.778714 1.560163 -1.056241
v -11.778714 1.320450 -1.342768
v -11.778714 1.028359 -1.577915
v -11.778714 0.695115 -1.752644
v -11.778714 0.333524 -1.860242
v -11.961610 -0.042515 -1.306607
v -11.961610 -0.301225 -1.281611
v -11.961610 -0.549994 -1.207586
v -11.961610 -0.779260 -1.087374
v -11.961610 -0.980213 -0.925597
v -11.961610 -1.145131 -0.728472
v -11.961610 -1.267676 -0.503572
v -11.961610 -1.343139 -0.259542
v -11.961610 -1.368620 -0.005759
v -11.961610 -1.343140 0.248023
v -11.961610 -1.267676 0.492053
v -11.961610 -1.145131 0.716953
v -11.961610 -0.980213 0.914079
v -11.961610 -0.779259 1.075856
v -11.961610 -0.549993 1.196067
v -11.961610 -0.301225 1.270093
v -11.961610 -0.042514 1.295088
v -11.961610 0.216196 1.270093
v -11.961610 0.464964 1.196067
v -11.961610 0.694230 1.075855
v -11.961610 0.895184 0.914078
v -11.961610 1.060102 0.716952
v -11.961610 1.182647 0.492053
v -11.961610 1.258110 0.248022
v -11.961610 1.283591 -0.005761
v -11.961610 1.258110 -0.259543
v -11.961610 1.182646 -0.503573
v -11.961610 1.060101 -0.728473
v -11.961610 0.895182 -0.925599
v -11.961610 0.694228 -1.087376
v -11.961610 0.464962 -1.207586
v -11.961610 0.216193 -1.281612
v -11.961610 -0.042515 -1.511068
v -11.961610 -0.341888 -1.482144
v -11.961610 -0.629757 -1.396483
v -11.961610 -0.895058 -1.257378
v -11.961610 -1.127596 -1.070174
v -11.961610 -1.318436 -0.842064
v -11.961610 -1.460242 -0.581816
v -11.961610 -1.547566 -0.299431
v -11.961610 -1.577052 -0.005759
v -11.961610 -1.547566 0.287912
v -11.961610 -1.460242 0.570297
v -11.961610 -1.318436 0.830546
v -11.961610 -1.127596 1.058655
v -11.961610 -0.895058 1.245860
v -11.961610 -0.629757 1.384965
v -11.961610 -0.341888 1.470626
v -11.961610 -0.042514 1.499550
v -11.961610 0.256859 1.470626
v -11.961610 0.544728 1.384965
v -11.961610 0.810029 1.245859
v -11.961610 1.042567 1.058654
v -11.961610 1.233407 0.830545
v -11.961610 1.375213 0.570297
v -11.961610 1.462537 0.287911
v -11.961610 1.492022 -0.005761
v -11.961610 1.462536 -0.299432
v -11.961610 1.375212 -0.581818
v -11.961610 1.233405 -0.842066
v -11.961610 1.042565 -1.070175
v -11.961610 0.810026 -1.257379
v -11.961610 0.544725 -1.396484
v -11.961610 0.256856 -1.482145
v 4.443046 1.959543 0.323156
v 3.498701 1.959543 0.323156
v 2.470409 1.959543 0.323155
v 1.442117 1.959543 0.323155
v 0.413825 1.959542 0.323155
v -0.614467 1.959542 0.323155
v -1.642759 1.959542 0.323155
v -2.671051 1.959542 0.323155
v -3.699343 1.959542 0.323155
v -4.727635 1.959542 0.323155
v -5.755928 1.959542 0.323155
v -6.784220 1.959542 0.323155
v -7.812512 1.959542 0.323155
v -8.840804 1.959542 0.323155
v -9.785148 1.959542 0.323155
v 4.443046 1.986488 0.054787
v 3.498701 1.986488 0.054787
v 2.470409 1.986488 0.054787
v 1.442117 1.986488 0.054787
v 0.413825 1.986488 0.054787
v -0.614467 1.986488 0.054787
v -1.642759 1.986487 0.054786
v -2.671051 1.986487 0.054786
v -3.699343 1.986487 0.054786
v -4.727635 1.986487 0.054786
v -5.755928 1.986487 0.054786
v -6.784220 1.986487 0.054786
v -7.812512 1.986487 0.054786
v -8.840804 1.986487 0.054786
v -9.785148 1.986487 0.054786
v 4.526994 1.952205 0.396245
v 3.498701 1.952205 0.396245
v 2.470409 1.952204 0.396244
v 1.442117 1.952204 0.396244
v 0.413825 1.952204 0.396244
v -0.614467 1.952204 0.396244
v -1.642759 1.952204 0.396244
v -2.671051 1.952204 0.396244
v -3.699343 1.952203 0.396244
v -4.727635 1.952203 0.396244
v -5.755928 1.952203 0.396244
v -6.784220 1.952203 0.396244
v -7.812512 1.952203 0.396244
v -8.840804 1.952203 0.396244
v -9.869096 1.952203 0.396244
v 4.526994 1.993827 -0.018302
v 3.498701 1.993827 -0.018302
v 2.470409 1.993826 -0.018302
v 1.442117 1.993826 -0.018302
v 0.413825 1.993826 -0.018302
v -0.614467 1.993826 -0.018303
v -1.642759 1.993826 -0.018303
v -2.671051 1.993825 -0.018303
v -3.699343 1.993825 -0.018303
v -4.727635 1.993825 -0.018303
v -5.755928 1.993825 -0.018303
v -6.784220 1.993825 -0.018303
v -7.812512 1.993825 -0.018303
v -8.840804 1.993825 -0.018303
v -9.869096 1.993825 -0.018303
v -8.840804 2.009072 0.250716
v -8.840804 1.923426 0.319665
v -8.840804 1.980806 0.302591
v -8.840804 1.950371 0.051297
v -8.840804 2.020659 0.135312
v -8.840804 2.003253 0.079024
v -7.812512 2.009072 0.250716
v -7.812512 1.923426 0.319665
v -7.812512 1.980806 0.302591
v -7.812512 1.950371 0.051297
v -7.812512 2.020659 0.135312
v -7.812512 2.003253 0.079024
v -6.784220 2.009072 0.250716
v -6.784220 1.923426 0.319665
v -6.784220 1.980806 0.302591
v -6.784220 1.950371 0.051297
v -6.784220 2.020659 0.135312
v -6.784220 2.003253 0.079024
v -5.755928 2.009072 0.250716
v -5.755928 1.923426 0.319666
v -5.755928 1.980806 0.302591
v -5.755928 1.950371 0.051297
v -5.755928 2.020659 0.135312
v -5.755928 2.003253 0.079024
v -4.727635 2.009072 0.250716
v -4.727635 1.923426 0.319666
v -4.727635 1.980806 0.302591
v -4.727635 1.950371 0.051297
v -4.727635 2.020659 0.135312
v -4.727635 2.003253 0.079024
v -3.699343 2.009072 0.250716
v -3.699343 1.923426 0.319666
v -3.699343 1.980806 0.302591
v -3.699343 1.950371 0.051297
v -3.699343 2.020659 0.135312
v -3.699343 2.003253 0.079025
v -2.671051 2.009072 0.250716
v -2.671051 1.923426 0.319666
v -2.671051 1.980807 0.302591
v -2.671051 1.950371 0.051297
v -2.671051 2.020659 0.135312
v -2.671051 2.003253 0.079025
v -1.642759 2.009073 0.250717
v -1.642759 1.923426 0.319666
v -1.642759 1.980807 0.302591
v -1.642759 1.950371 0.051297
v -1.642759 2.020660 0.135312
v -1.642759 2.003254 0.079025
v -0.614467 2.009073 0.250717
v -0.614467 1.923427 0.319666
v -0.614467 1.980807 0.302591
v -0.614467 1.950372 0.051297
v -0.614467 2.020660 0.135312
v -0.614467 2.003254 0.079025
v 0.413825 2.009073 0.250717
v 0.413825 1.923427 0.319666
v 0.413825 1.980807 0.302591
v 0.413825 1.950372 0.051297
v 0.413825 2.020660 0.135312
v 0.413825 2.003254 0.079025
v 1.442117 2.009073 0.250717
v 1.442117 1.923427 0.319666
v 1.442117 1.980807 0.302592
v 1.442117 1.950372 0.051297
v 1.442117 2.020660 0.135312
v 1.442117 2.003254 0.079025
v 2.470409 2.009073 0.250717
v 2.470409 1.923427 0.319666
v 2.470409 1.980807 0.302592
v 2.470409 1.950372 0.051297
v 2.470409 2.020660 0.135312
v 2.470409 2.003254 0.079025
v 3.498701 2.009073 0.250717
v 3.498701 1.923427 0.319666
v 3.498701 1.980808 0.302592
v 3.498701 1.950372 0.051297
v 3.498701 2.020661 0.135312
v 3.498701 2.003255 0.079025
v 4.355202 2.009073 0.250717
v 4.443046 1.923427 0.319666
v 4.417317 1.980808 0.302592
v -9.697304 2.009072 0.250716
v -9.785148 1.923426 0.319665
v -9.759419 1.980806 0.302591
v 4.355202 2.020661 0.135312
v 4.443046 1.950372 0.051298
v 4.417317 2.003255 0.079024
v -9.697304 2.020659 0.135311
v -9.785148 1.950371 0.051297
v -9.759419 2.003253 0.079024
v -9.869097 1.958751 0.807402
v -11.070211 1.939593 0.618710
v -11.070211 1.959221 0.555236
v 5.888921 2.029947 0.090883
v 5.555286 1.958753 0.807403
v -9.869096 2.082018 0.408786
v -9.869096 2.123639 -0.005761
v -11.070211 2.032328 -0.172898
v -11.070211 2.025701 -0.238908
v 5.888921 2.029947 -0.102403
v 5.889155 2.040399 -0.005760
v -9.869096 2.082017 -0.420308
v 4.526994 1.958753 0.807403
v 4.526994 2.082019 0.408787
v 4.526994 2.123641 -0.005760
v 4.526994 2.082019 -0.420307
v -10.325035 2.189415 0.694407
v -10.441449 2.189415 0.694407
v -10.441449 2.209812 0.628447
v 5.099347 2.209814 0.628447
v 5.099347 2.189417 0.694408
v -10.325035 2.209812 0.628447
v -10.325035 2.292664 -0.196745
v -10.441448 2.292664 -0.196745
v -10.441448 2.285776 -0.265341
v 5.099347 2.285778 -0.265340
v 5.099347 2.292665 -0.196744
v -10.325035 2.285776 -0.265341
v 4.982934 2.189417 0.694408
v 4.982934 2.209814 0.628447
v 4.982934 2.292665 -0.196744
v 4.982934 2.285778 -0.265340
v -10.325035 2.255595 0.714100
v -10.441449 2.255595 0.714100
v -10.441449 2.275992 0.648140
v 5.099347 2.275995 0.648141
v 5.099347 2.255598 0.714101
v -10.325035 2.275992 0.648140
v -10.325035 2.361489 -0.203395
v -10.441449 2.361489 -0.203395
v -10.441448 2.354602 -0.271991
v 5.099347 2.354604 -0.271990
v 5.099347 2.361491 -0.203394
v -10.325035 2.354602 -0.271991
v 4.982934 2.255598 0.714101
v 4.982934 2.275995 0.648141
v 4.982934 2.361491 -0.203394
v 4.982934 2.354604 -0.271990
v -9.869095 -2.167047 -0.420306
v -11.070210 -2.044251 -0.566757
v -11.070211 -2.117358 0.161377
v 5.889155 -2.125424 -0.005758
v 5.888921 -2.114973 -0.102401
v -9.869096 -2.208668 -0.005759
v -9.869096 -0.042514 2.119137
v -11.070211 0.127868 2.029566
v -11.070211 0.195160 2.023064
v 5.888921 0.056008 2.027229
v 5.889155 -0.042512 2.037481
v -9.869096 0.380082 2.078307
v -9.869096 0.786434 -1.968908
v -11.070211 0.594078 -1.950115
v -11.070211 0.529372 -1.969370
v 5.888921 0.056004 -2.038745
v 5.555287 0.786436 -1.968907
v -9.869096 0.380078 -2.089827
v 4.526995 -2.167045 -0.420305
v 4.526995 -2.208667 -0.005758
v 4.526994 -0.042512 2.119138
v 4.526994 0.380084 2.078308
v 4.526994 0.786435 -1.968907
v 4.526994 0.380080 -2.089826
v -10.288236 -2.591742 -0.276461
v -10.478247 -2.591741 -0.276461
v -10.478247 -2.596595 -0.228117
v 5.136146 -2.596594 -0.228117
v 5.136146 -2.591739 -0.276461
v -10.288236 -2.596595 -0.228117
v -10.288237 0.184162 2.499675
v -10.478248 0.184162 2.499675
v -10.478248 0.233445 2.494913
v 5.136145 0.233447 2.494915
v 5.136145 0.184164 2.499676
v -10.288237 0.233445 2.494913
v -10.288237 0.725466 -2.405572
v -10.478248 0.725466 -2.405572
v -10.478248 0.678077 -2.419673
v 5.136146 0.678079 -2.419672
v 5.136146 0.725468 -2.405571
v -10.288237 0.678077 -2.419673
v 4.946135 -2.591739 -0.276461
v 4.946135 -2.596594 -0.228117
v 4.946134 0.184164 2.499676
v 4.946134 0.233447 2.494915
v 4.946135 0.725468 -2.405571
v 4.946135 0.678079 -2.419672
v -10.288236 -2.633655 -0.280511
v -10.478247 -2.633655 -0.280511
v -10.478247 -2.638509 -0.232167
v 5.136146 -2.638507 -0.232167
v 5.136146 -2.633653 -0.280511
v -10.288236 -2.638509 -0.232167
v -10.288237 0.188290 2.540790
v -10.478248 0.188290 2.540790
v -10.478248 0.237573 2.536029
v 5.136145 0.237575 2.536030
v 5.136145 0.188292 2.540791
v -10.288237 0.237573 2.536029
v -10.288237 0.737692 -2.445107
v -10.478248 0.737692 -2.445107
v -10.478248 0.690303 -2.459209
v 5.136146 0.690305 -2.459208
v 5.136146 0.737694 -2.445106
v -10.288237 0.690303 -2.459209
v 4.946135 -2.633653 -0.280511
v 4.946135 -2.638507 -0.232167
v 4.946134 0.188292 2.540791
v 4.946134 0.237575 2.536030
v 4.946135 0.737694 -2.445106
v 4.946135 0.690305 -2.459208
v 8.762219 -1.809914 0.464689
v 8.762219 -1.869515 -0.128930
v 8.762219 0.190765 -1.787556
v 8.762219 0.772655 -1.614405
v 8.762219 1.724889 -0.476207
v 8.762217 1.784491 0.117412
v 8.762217 1.773882 0.223077
v 8.762217 1.597368 0.793884
v 8.762219 0.437070 1.727980
v 8.762217 -0.168075 1.786447
v 7.945811 -2.155226 0.223949
v 7.945811 -2.160315 0.173268
v 7.945811 0.549643 -2.008381
v 7.945811 0.599323 -1.993597
v 7.945810 2.070202 -0.235467
v 7.945810 2.075290 -0.184786
v 7.945810 1.998993 0.575120
v 7.945810 1.983923 0.623853
v 7.945811 0.191656 2.066716
v 7.945811 0.139991 2.071707
v 7.763041 0.139991 2.071707
v 7.763041 0.191656 2.066716
v 7.763042 -2.160315 0.173268
v 7.763042 -2.155226 0.223949
v 7.763041 1.983923 0.623854
v 7.763041 1.998993 0.575120
v 7.763041 2.075290 -0.184786
v 7.763041 2.070201 -0.235467
v 7.763041 0.599322 -1.993597
v 7.763041 0.549643 -2.008381
v 7.945811 -2.212011 0.229436
v 7.945811 -2.217100 0.178755
v 7.945811 0.566206 -2.061943
v 7.945811 0.615886 -2.047160
v 7.945810 2.126986 -0.240954
v 7.945810 2.132075 -0.190272
v 7.945810 2.053596 0.591368
v 7.945810 2.038526 0.640101
v 7.945811 0.197249 2.122419
v 7.945811 0.145584 2.127411
v 7.763041 0.145584 2.127411
v 7.763041 0.197249 2.122419
v 7.763042 -2.217100 0.178755
v 7.763042 -2.212011 0.229436
v 7.763041 2.038526 0.640101
v 7.763041 2.053596 0.591368
v 7.763041 2.132075 -0.190272
v 7.763041 2.126986 -0.240954
v 7.763041 0.615886 -2.047160
v 7.763041 0.566206 -2.061943
v 12.247589 -1.889405 0.206513
v 12.247589 -1.896134 0.139497
v 12.247589 0.464338 -1.760798
v 12.247589 0.530030 -1.741250
v 12.247589 1.804378 -0.218031
v 12.247589 1.811107 -0.151015
v 12.247589 1.746603 0.491441
v 12.247589 1.726675 0.555881
v 12.247589 0.173881 1.805957
v 12.247589 0.105563 1.812557
v 12.350191 -1.889405 0.206513
v 12.350191 -1.896134 0.139497
v 12.350191 0.464338 -1.760797
v 12.350191 0.530030 -1.741250
v 12.350191 1.804378 -0.218031
v 12.350191 1.811107 -0.151015
v 12.350191 1.746602 0.491441
v 12.350191 1.726675 0.555881
v 12.350191 0.173881 1.805957
v 12.350191 0.105563 1.812557
v 12.247589 -1.940812 0.211480
v 12.247589 -1.947540 0.144464
v 12.247589 0.479333 -1.809287
v 12.247589 0.545025 -1.789739
v 12.247589 1.855785 -0.222998
v 12.247589 1.862514 -0.155982
v 12.247589 1.796034 0.506150
v 12.247589 1.776106 0.570590
v 12.247589 0.178944 1.856384
v 12.247589 0.110627 1.862985
v 12.350191 -1.940812 0.211480
v 12.350191 -1.947540 0.144464
v 12.350191 0.479333 -1.809287
v 12.350191 0.545025 -1.789739
v 12.350191 1.855785 -0.222998
v 12.350191 1.862514 -0.155982
v 12.350191 1.796034 0.506150
v 12.350191 1.776106 0.570590
v 12.350191 0.178944 1.856384
v 12.350191 0.110627 1.862985
v 0.413826 -0.398885 -2.261984
v 1.348932 -0.398885 -2.261984
v -0.521280 -0.398885 -2.261984
v -7.905696 -1.024032 -2.075960
v -8.840804 -1.024033 -2.075960
v -9.775910 -1.024033 -2.075960
v -8.840803 -1.616657 -1.687524
v -7.905696 -1.616656 -1.687524
v -9.775909 -1.616657 -1.687524
v -1.735944 -2.031090 -1.192152
v -2.671050 -2.031091 -1.192152
v -3.606157 -2.031091 -1.192152
v -2.671050 -2.303845 -0.546206
v -1.735944 -2.303845 -0.546206
v -3.606157 -2.303845 -0.546206
v 4.433809 -2.367877 0.091543
v 3.498703 -2.367877 0.091543
v 2.563596 -2.367877 0.091543
v 3.498703 -2.228828 0.777276
v 4.433809 -2.228828 0.777276
v 2.563596 -2.228828 0.777276
v -1.735944 -1.920876 1.342441
v -2.671051 -1.920876 1.342441
v -3.606157 -1.920876 1.342441
v -2.671051 -1.416891 1.836827
v -1.735944 -1.416891 1.836827
v -3.606157 -1.416891 1.836827
v -7.905697 -0.840752 2.138914
v -8.840804 -0.840752 2.138914
v -9.775910 -0.840752 2.138914
v -8.840804 -0.141704 2.275315
v -7.905697 -0.141704 2.275315
v -9.775910 -0.141705 2.275315
v -1.735945 0.508428 2.212502
v -2.671051 0.508428 2.212502
v -3.606158 0.508428 2.212502
v -2.671051 1.166916 1.944942
v -1.735945 1.166916 1.944942
v -3.606158 1.166916 1.944942
v 4.433808 1.671907 1.538401
v 3.498701 1.671907 1.538401
v 2.563595 1.671907 1.538401
v 3.498701 2.067885 0.957064
v 4.433808 2.067885 0.957064
v 2.563595 2.067885 0.957064
v 4.433808 2.218818 -0.546208
v 3.498701 2.218818 -0.546208
v 2.563595 2.218818 -0.546208
v 3.498702 1.946062 -1.192154
v 4.433808 1.946062 -1.192154
v 2.563596 1.946062 -1.192154
v -1.735945 1.531626 -1.687525
v -2.671051 1.531626 -1.687526
v -3.606158 1.531626 -1.687526
v -2.671051 0.939002 -2.075962
v -1.735944 0.939002 -2.075962
v -3.606157 0.939001 -2.075962
v 1.348932 0.313855 -2.261985
v 0.413826 0.313855 -2.261985
v -0.521281 0.313854 -2.261985
v -0.521280 -0.042514 -2.295767
v 1.348932 -0.042513 -2.295767
v -3.606157 1.254447 -1.909833
v -1.735945 1.254447 -1.909833
v 2.563595 2.114257 -0.882109
v 4.433808 2.114257 -0.882109
v 2.563595 1.898530 1.266501
v 4.433808 1.898531 1.266501
v -3.606158 0.850851 2.109933
v -1.735945 0.850851 2.109933
v -9.775910 -0.497947 2.240247
v -7.905697 -0.497947 2.240247
v -3.606157 -1.693235 1.613522
v -1.735944 -1.693235 1.613522
v 2.563596 -2.332129 0.441000
v 4.433809 -2.332129 0.441000
v -3.606157 -2.199285 -0.882107
v -1.735944 -2.199285 -0.882107
v -9.775910 -1.339478 -1.909831
v -7.905696 -1.339478 -1.909831
v -0.471873 -0.042513 -2.231657
v 0.413826 -0.042513 -2.231657
v 0.413826 -0.355026 -2.202032
v 0.413826 0.269995 -2.202033
v 1.299526 -0.042513 -2.231657
v -8.840804 -1.303169 -1.856526
v -8.840804 -1.026546 -2.002209
v -7.955103 -1.303169 -1.856526
v -9.726503 -1.303169 -1.856526
v -8.840804 -1.546235 -1.661578
v -2.671050 -2.138905 -0.857573
v -2.671050 -1.991411 -1.129461
v -1.785351 -2.138905 -0.857573
v -3.556750 -2.138905 -0.857573
v -2.671050 -2.230597 -0.563012
v 3.498703 -2.268030 0.428493
v 3.498703 -2.299378 0.122044
v 4.384402 -2.268030 0.428493
v 2.613003 -2.268031 0.428493
v 3.498703 -2.177442 0.723383
v -2.671051 -1.647022 1.568189
v -2.671051 -1.846647 1.330471
v -1.785351 -1.647022 1.568189
v -3.556750 -1.647022 1.568189
v -2.671051 -1.404688 1.764012
v -8.840804 -0.485197 2.177369
v -8.840804 -0.785812 2.088507
v -7.955104 -0.485197 2.177370
v -9.726503 -0.485197 2.177369
v -8.840804 -0.172798 2.208121
v -2.671051 0.825841 2.050703
v -2.671051 0.525560 2.140649
v -1.785352 0.825841 2.050703
v -3.556751 0.825841 2.050703
v -2.671051 1.103008 1.906017
v 3.498701 1.844190 1.230883
v 3.498701 1.645457 1.469320
v 4.384401 1.844190 1.230884
v 2.613002 1.844190 1.230883
v 3.498701 1.992702 0.959529
v 3.498701 2.053877 -0.857575
v 3.498701 2.145569 -0.563014
v 4.384401 2.053877 -0.857575
v 2.613002 2.053877 -0.857575
v 3.498702 1.906382 -1.129463
v -2.671051 1.218138 -1.856527
v -2.671051 1.461204 -1.661580
v -1.785351 1.218138 -1.856527
v -3.556751 1.218138 -1.856527
v -2.671051 0.941515 -2.002210
v 1.299526 -0.355025 -2.202032
v -0.471874 -0.355026 -2.202032
v -7.955103 -1.026546 -2.002209
v -9.726503 -1.026546 -2.002209
v -7.955103 -1.546235 -1.661578
v -9.726503 -1.546235 -1.661578
v -1.785351 -1.991411 -1.129460
v -3.556750 -1.991411 -1.129461
v -1.785351 -2.230597 -0.563012
v -3.556750 -2.230597 -0.563012
v 4.384402 -2.299378 0.122044
v 2.613003 -2.299379 0.122044
v 4.384402 -2.177442 0.723383
v 2.613003 -2.177443 0.723383
v -1.785351 -1.846647 1.330471
v -3.556750 -1.846647 1.330471
v -1.785351 -1.404688 1.764012
v -3.556750 -1.404688 1.764012
v -7.955104 -0.785812 2.088507
v -9.726503 -0.785813 2.088507
v -7.955104 -0.172798 2.208121
v -9.726503 -0.172798 2.208121
v -1.785352 0.525560 2.140649
v -3.556751 0.525560 2.140649
v -1.785352 1.103008 1.906017
v -3.556751 1.103007 1.906017
v 4.384401 1.645458 1.469320
v 2.613002 1.645457 1.469320
v 4.384401 1.992702 0.959529
v 2.613002 1.992702 0.959529
v 4.384401 2.145569 -0.563014
v 2.613002 2.145569 -0.563014
v 4.384401 1.906382 -1.129462
v 2.613002 1.906382 -1.129463
v -1.785351 1.461204 -1.661580
v -3.556751 1.461204 -1.661580
v -1.785351 0.941515 -2.002210
v -3.556751 0.941515 -2.002210
v 1.299525 0.269996 -2.202033
v -0.471874 0.269995 -2.202033
v -12.048490 -0.042515 -1.555649
v -12.048490 -0.350754 -1.525868
v -12.048490 -0.647148 -1.437671
v -12.048490 -0.920306 -1.294445
v -12.048490 -1.159732 -1.101697
v -12.048490 -1.356223 -0.866832
v -12.048490 -1.502229 -0.598876
v -12.048490 -1.592139 -0.308128
v -12.048490 -1.622498 -0.005759
v -12.048490 -1.592139 0.296609
v -12.048490 -1.502229 0.587358
v -12.048490 -1.356223 0.855313
v -12.048490 -1.159732 1.090178
v -12.048490 -0.920306 1.282927
v -12.048490 -0.647148 1.426152
v -12.048490 -0.350754 1.514350
v -12.048490 -0.042514 1.544131
v -12.048490 0.265725 1.514349
v -12.048490 0.562119 1.426152
v -12.048490 0.835277 1.282926
v -12.048490 1.074703 1.090178
v -12.048490 1.271194 0.855312
v -12.048490 1.417200 0.587357
v -12.048490 1.507110 0.296608
v -12.048490 1.537468 -0.005761
v -12.048490 1.507109 -0.308129
v -12.048490 1.417199 -0.598878
v -12.048490 1.271192 -0.866834
v -12.048490 1.074700 -1.101698
v -12.048490 0.835275 -1.294447
v -12.048490 0.562116 -1.437671
v -12.048490 0.265722 -1.525869
v -12.048490 -0.042515 -1.233774
v -12.048490 -0.286740 -1.210178
v -12.048490 -0.521580 -1.140297
v -12.048490 -0.738010 -1.026816
v -12.048490 -0.927713 -0.874097
v -12.048490 -1.083397 -0.688008
v -12.048490 -1.199081 -0.475700
v -12.048490 -1.270319 -0.245333
v -12.048490 -1.294373 -0.005759
v -12.048490 -1.270319 0.233814
v -12.048490 -1.199081 0.464181
v -12.048490 -1.083397 0.676489
v -12.048490 -0.927713 0.862578
v -12.048490 -0.738010 1.015298
v -12.048490 -0.521580 1.128779
v -12.048490 -0.286740 1.198660
v -12.048490 -0.042514 1.222256
v -12.048490 0.201711 1.198659
v -12.048490 0.436551 1.128778
v -12.048490 0.652981 1.015297
v -12.048490 0.842683 0.862578
v -12.048490 0.998368 0.676488
v -12.048490 1.114052 0.464181
v -12.048490 1.185290 0.233813
v -12.048490 1.209344 -0.005760
v -12.048490 1.185289 -0.245334
v -12.048490 1.114051 -0.475702
v -12.048490 0.998367 -0.688009
v -12.048490 0.842682 -0.874098
v -12.048490 0.652979 -1.026817
v -12.048490 0.436549 -1.140298
v -12.048490 0.201708 -1.210178
v -12.236082 -0.042515 -1.686755
v -12.294511 -0.042515 -1.738120
v -12.294511 -0.387044 -1.704834
v -12.236082 -0.376829 -1.654455
v -12.294511 -0.718333 -1.606252
v -12.236082 -0.698295 -1.558797
v -12.294511 -1.023651 -1.446165
v -12.236082 -0.994559 -1.403456
v -12.294511 -1.291264 -1.230724
v -12.236082 -1.254238 -1.194403
v -12.294511 -1.510888 -0.968208
v -12.236082 -1.467350 -0.939670
v -12.294511 -1.674084 -0.668705
v -12.236082 -1.625707 -0.649048
v -12.294511 -1.774579 -0.343726
v -12.236082 -1.723222 -0.333705
v -12.294511 -1.808512 -0.005759
v -12.236082 -1.756150 -0.005759
v -12.294511 -1.774579 0.332207
v -12.236082 -1.723223 0.322186
v -12.294511 -1.674084 0.657186
v -12.236082 -1.625707 0.637530
v -12.294511 -1.510888 0.956689
v -12.236082 -1.467350 0.928152
v -12.294511 -1.291264 1.219205
v -12.236082 -1.254238 1.182884
v -12.294511 -1.023651 1.434646
v -12.236082 -0.994559 1.391937
v -12.294511 -0.718333 1.594734
v -12.236082 -0.698294 1.547278
v -12.294511 -0.387044 1.693315
v -12.236082 -0.376828 1.642937
v -12.294511 -0.042515 1.726602
v -12.236082 -0.042514 1.675237
v -12.294511 0.302015 1.693315
v -12.236082 0.291799 1.642936
v -12.294511 0.633304 1.594733
v -12.236082 0.613265 1.547278
v -12.294511 0.938621 1.434646
v -12.236082 0.909530 1.391937
v -12.294511 1.206234 1.219204
v -12.236082 1.169208 1.182883
v -12.294511 1.425859 0.956688
v -12.236082 1.382321 0.928151
v -12.294511 1.589054 0.657185
v -12.236082 1.540678 0.637529
v -12.294511 1.689550 0.332206
v -12.236082 1.638193 0.322185
v -12.294511 1.723482 -0.005761
v -12.236082 1.671120 -0.005761
v -12.294511 1.689549 -0.343728
v -12.236082 1.638192 -0.333707
v -12.294511 1.589053 -0.668707
v -12.236082 1.540676 -0.649050
v -12.294511 1.425857 -0.968209
v -12.236082 1.382319 -0.939672
v -12.294511 1.206232 -1.230725
v -12.236082 1.169206 -1.194404
v -12.294511 0.938618 -1.446166
v -12.236082 0.909527 -1.403458
v -12.294511 0.633300 -1.606253
v -12.236082 0.613262 -1.558798
v -12.294511 0.302011 -1.704834
v -12.236082 0.291796 -1.654455
v -12.294511 -0.042515 -1.845208
v -12.001759 -0.125643 -1.888542
v -12.001759 -0.335429 -1.868273
v -12.294511 -0.408341 -1.809863
v -11.908100 -0.780148 -1.752643
v -12.294511 -0.760109 -1.705188
v -11.908100 -1.113391 -1.577913
v -12.294511 -1.084300 -1.535205
v -11.908100 -1.405482 -1.342766
v -12.294511 -1.368456 -1.306446
v -11.908100 -1.645195 -1.056239
v -12.294511 -1.601657 -1.027702
v -11.908100 -1.823317 -0.729342
v -12.294511 -1.774940 -0.709686
v -11.908100 -1.933004 -0.374639
v -12.294511 -1.881648 -0.364618
v -12.001759 -1.961854 0.075785
v -12.294511 -1.917679 -0.005759
v -12.001759 -1.941192 0.281576
v -12.294511 -1.881648 0.353099
v -11.908100 -1.823317 0.717823
v -12.294511 -1.774940 0.698167
v -11.908100 -1.645195 1.044720
v -12.294511 -1.601657 1.016183
v -11.908100 -1.405482 1.331248
v -12.294511 -1.368456 1.294927
v -11.908100 -1.113391 1.566395
v -12.294511 -1.084300 1.523686
v -11.908100 -0.780147 1.741125
v -12.294511 -0.760109 1.693669
v -11.908100 -0.418556 1.848723
v -12.294511 -0.408341 1.798344
v -12.001759 0.040613 1.877023
v -12.294511 -0.042514 1.833689
v -12.001759 0.250400 1.856754
v -12.294511 0.323312 1.798344
v -11.908100 0.695118 1.741124
v -12.294511 0.675080 1.693669
v -11.908100 1.028362 1.566394
v -12.294511 0.999271 1.523685
v -11.908100 1.320453 1.331247
v -12.294511 1.283427 1.294926
v -11.908100 1.560166 1.044719
v -12.294511 1.516627 1.016182
v -11.908100 1.738288 0.717822
v -12.294511 1.689911 0.698166
v -11.908100 1.847975 0.363118
v -12.294511 1.796618 0.353098
v -12.001759 1.876824 -0.087305
v -12.294511 1.832649 -0.005761
v -12.001759 1.856162 -0.293096
v -12.294511 1.796618 -0.364620
v -11.908100 1.738287 -0.729344
v -12.294511 1.689910 -0.709688
v -11.908100 1.560163 -1.056241
v -12.294511 1.516625 -1.027704
v -11.908100 1.320450 -1.342768
v -12.294511 1.283424 -1.306447
v -11.908100 1.028359 -1.577915
v -12.294511 0.999268 -1.535206
v -11.908100 0.695115 -1.752644
v -12.294511 0.675076 -1.705189
v -11.908100 0.333524 -1.860242
v -12.294511 0.323308 -1.809863
v -12.125555 -0.042515 -1.504284
v -12.067124 -0.042515 -1.555649
v -12.067124 -0.350754 -1.525868
v -12.125555 -0.340539 -1.475490
v -12.067124 -0.647148 -1.437671
v -12.125555 -0.627110 -1.390215
v -12.067124 -0.920306 -1.294445
v -12.125555 -0.891215 -1.251737
v -12.067124 -1.159732 -1.101697
v -12.125555 -1.122705 -1.065376
v -12.067124 -1.356223 -0.866832
v -12.125555 -1.312685 -0.838295
v -12.067124 -1.502229 -0.598876
v -12.125555 -1.453852 -0.579220
v -12.067124 -1.592139 -0.308128
v -12.125555 -1.540782 -0.298107
v -12.067124 -1.622498 -0.005759
v -12.125555 -1.570135 -0.005759
v -12.067124 -1.592139 0.296609
v -12.125555 -1.540782 0.286588
v -12.067124 -1.502229 0.587358
v -12.125555 -1.453852 0.567701
v -12.067124 -1.356223 0.855313
v -12.125555 -1.312685 0.826776
v -12.067124 -1.159732 1.090178
v -12.125555 -1.122705 1.053857
v -12.067124 -0.920306 1.282927
v -12.125555 -0.891215 1.240218
v -12.067124 -0.647148 1.426152
v -12.125555 -0.627110 1.378697
v -12.067124 -0.350754 1.514350
v -12.125555 -0.340538 1.463971
v -12.067124 -0.042514 1.544131
v -12.125555 -0.042514 1.492765
v -12.067124 0.265725 1.514349
v -12.125555 0.255509 1.463971
v -12.067124 0.562119 1.426152
v -12.125555 0.542081 1.378696
v -12.067124 0.835277 1.282926
v -12.125555 0.806186 1.240218
v -12.067124 1.074703 1.090178
v -12.125555 1.037677 1.053857
v -12.067124 1.271194 0.855312
v -12.125555 1.227656 0.826775
v -12.067124 1.417200 0.587357
v -12.125555 1.368823 0.567700
v -12.067124 1.507110 0.296608
v -12.125555 1.455753 0.286587
v -12.067124 1.537468 -0.005761
v -12.125555 1.485106 -0.005761
v -12.067124 1.507109 -0.308129
v -12.125555 1.455752 -0.298109
v -12.067124 1.417199 -0.598878
v -12.125555 1.368822 -0.579221
v -12.067124 1.271192 -0.866834
v -12.125555 1.227654 -0.838296
v -12.067124 1.074700 -1.101698
v -12.125555 1.037674 -1.065377
v -12.067124 0.835275 -1.294447
v -12.125555 0.806184 -1.251738
v -12.067124 0.562116 -1.437671
v -12.125555 0.542078 -1.390216
v -12.067124 0.265722 -1.525869
v -12.125555 0.255507 -1.475490
v -12.067124 -0.042515 -1.233774
v -12.125555 -0.042515 -1.285140
v -12.125555 -0.296956 -1.260557
v -12.067124 -0.286740 -1.210178
v -12.125555 -0.541619 -1.187752
v -12.067124 -0.521580 -1.140297
v -12.125555 -0.767101 -1.069525
v -12.067124 -0.738010 -1.026816
v -12.125555 -0.964739 -0.910418
v -12.067124 -0.927713 -0.874097
v -12.125555 -1.126935 -0.716545
v -12.067124 -1.083397 -0.688008
v -12.125555 -1.247458 -0.495357
v -12.067124 -1.199081 -0.475700
v -12.125555 -1.321676 -0.255354
v -12.067124 -1.270319 -0.245333
v -12.125555 -1.346736 -0.005759
v -12.067124 -1.294373 -0.005759
v -12.125555 -1.321676 0.243835
v -12.067124 -1.270319 0.233814
v -12.125555 -1.247458 0.483838
v -12.067124 -1.199081 0.464181
v -12.125555 -1.126935 0.705026
v -12.067124 -1.083397 0.676489
v -12.125555 -0.964739 0.898899
v -12.067124 -0.927713 0.862578
v -12.125555 -0.767101 1.058007
v -12.067124 -0.738010 1.015298
v -12.125555 -0.541619 1.176234
v -12.067124 -0.521580 1.128779
v -12.125555 -0.296955 1.249038
v -12.067124 -0.286740 1.198660
v -12.125555 -0.042514 1.273621
v -12.067124 -0.042514 1.222256
v -12.125555 0.211926 1.249038
v -12.067124 0.201711 1.198659
v -12.125555 0.456590 1.176234
v -12.067124 0.436551 1.128778
v -12.125555 0.682072 1.058006
v -12.067124 0.652981 1.015297
v -12.125555 0.879709 0.898898
v -12.067124 0.842683 0.862578
v -12.125555 1.041906 0.705025
v -12.067124 0.998368 0.676488
v -12.125555 1.162429 0.483837
v -12.067124 1.114052 0.464181
v -12.125555 1.236647 0.243834
v -12.067124 1.185290 0.233813
v -12.125555 1.261707 -0.005761
v -12.067124 1.209344 -0.005761
v -12.125555 1.236646 -0.255355
v -12.067124 1.185289 -0.245334
v -12.125555 1.162428 -0.495358
v -12.067124 1.114051 -0.475702
v -12.125555 1.041905 -0.716546
v -12.067124 0.998367 -0.688009
v -12.125555 0.879708 -0.910419
v -12.067124 0.842682 -0.874098
v -12.125555 0.682070 -1.069526
v -12.067124 0.652979 -1.026817
v -12.125555 0.456587 -1.187753
v -12.067124 0.436549 -1.140298
v -12.125555 0.211924 -1.260557
v -12.067124 0.201708 -1.210178
v 6.929910 -1.325315 -1.264128
v 6.821005 -1.394327 -1.331825
v 6.821005 -1.632078 -1.047642
v 6.929910 -1.550929 -0.994453
v 6.929910 0.311413 1.739651
v 6.821004 0.330453 1.833549
v 6.821003 0.689085 1.726831
v 6.929909 0.651736 1.638381
v 6.929910 0.651733 -1.649899
v 6.821004 0.689081 -1.738349
v 6.821004 0.330449 -1.845066
v 6.929910 0.311409 -1.751168
v 6.929910 -0.396437 -1.751167
v 6.821005 -0.415477 -1.845066
v 6.821005 -0.774109 -1.738348
v 6.929910 -0.736760 -1.649897
v 6.929910 -0.396437 1.739651
v 6.821004 -0.415477 1.833549
v 6.821004 -0.042512 1.869584
v 6.929910 -0.042512 1.773846
v 6.929910 1.240289 -1.264130
v 6.821004 1.309300 -1.331827
v 6.821004 1.019599 -1.565049
v 6.929910 0.965377 -1.485446
v 6.929910 -0.042512 -1.785362
v 6.821004 -0.042513 -1.881100
v 6.929910 -1.550929 0.982937
v 6.821005 -1.632078 1.036126
v 6.821004 -1.394327 1.320309
v 6.929910 -1.325315 1.252612
v 6.929909 1.736786 -0.352943
v 6.821003 1.832507 -0.371621
v 6.821003 1.723717 -0.723422
v 6.929909 1.633549 -0.686785
v 6.929910 -1.821811 0.341425
v 6.821005 -1.917533 0.360103
v 6.821005 -1.808743 0.711904
v 6.929910 -1.718575 0.675267
v 6.929909 1.771645 -0.005760
v 6.821003 1.869241 -0.005760
v 6.821005 -1.808743 -0.723420
v 6.929910 -1.718575 -0.686783
v 6.929909 1.633551 0.675265
v 6.821003 1.723719 0.711903
v 6.821003 1.832508 0.360101
v 6.929909 1.736786 0.341424
v 6.929910 -1.050404 -1.485444
v 6.821005 -1.104626 -1.565048
v 6.929909 0.965380 1.473928
v 6.821003 1.019602 1.553531
v 6.821003 1.309303 1.320308
v 6.929909 1.240291 1.252611
v 6.929910 -1.856670 -0.005758
v 6.821005 -1.954267 -0.005758
v 6.929910 -0.736760 1.638381
v 6.821004 -0.774109 1.726832
v 6.929910 -1.050404 1.473928
v 6.821004 -1.104626 1.553532
v 6.821003 1.547054 1.036125
v 6.929909 1.465905 0.982936
v 6.821003 1.547052 -1.047644
v 6.929910 1.465903 -0.994455
v 6.929910 -1.821811 -0.352942
v 6.821005 -1.917533 -0.371619
v 7.158650 -1.394327 -1.331825
v 7.062507 -1.333403 -1.272061
v 7.062507 -1.560439 -1.000686
v 7.158650 -1.632078 -1.047642
v 7.062505 0.656113 1.648746
v 7.158648 0.689085 1.726831
v 7.158650 -0.415477 -1.845066
v 7.062506 -0.398668 -1.762171
v 7.062507 -0.741137 -1.660263
v 7.158650 -0.774109 -1.738348
v 7.158649 -0.415477 1.833549
v 7.062506 -0.398668 1.750655
v 7.158649 1.309300 -1.331827
v 7.062506 1.248376 -1.272063
v 7.062506 0.971732 -1.494775
v 7.158649 1.019599 -1.565049
v 7.158649 -0.042512 -1.881100
v 7.062506 -0.042512 -1.796581
v 7.158650 -1.632078 1.036126
v 7.062507 -1.560439 0.989170
v 7.062506 -1.333403 1.260545
v 7.158649 -1.394327 1.320309
v 7.062505 1.644116 -0.691078
v 7.158648 1.723717 -0.723422
v 7.062507 -1.729142 0.679560
v 7.158650 -1.808743 0.711904
v 7.062507 -1.729142 -0.691076
v 7.158650 -1.808743 -0.723420
v 7.158650 -1.104626 -1.565048
v 7.062507 -1.056758 -1.494773
v 7.158648 1.019602 1.553531
v 7.062505 0.971734 1.483256
v 7.062505 1.248379 1.260544
v 7.158648 1.309303 1.320308
v 7.158649 -0.774109 1.726832
v 7.062506 -0.741137 1.648747
v 7.158649 -1.104626 1.553532
v 7.062506 -1.056758 1.483257
v 7.062505 1.475415 0.989169
v 7.158648 1.547054 1.036125
v 7.062506 1.475413 -1.000688
v 7.158648 1.547052 -1.047644
v 7.158650 -1.917533 -0.371619
v 7.062507 -1.833029 -0.355130
v 7.062506 -0.042512 1.785065
v 7.158649 -0.042512 1.869584
v 7.158649 0.330453 1.833549
v 7.062506 0.313644 1.750655
v 7.158650 -1.954267 -0.005758
v 7.062507 -1.868107 -0.005758
v 7.158650 -1.917533 0.360103
v 7.062507 -1.833029 0.343614
v 7.158648 1.723719 0.711903
v 7.062505 1.644117 0.679559
v 7.062505 1.748004 0.343613
v 7.158648 1.832508 0.360101
v 7.158648 1.869242 -0.005760
v 7.062505 1.783082 -0.005760
v 7.158648 1.832507 -0.371621
v 7.062505 1.748003 -0.355132
v 7.158649 0.689082 -1.738349
v 7.062506 0.656110 -1.660264
v 7.062506 0.313641 -1.762172
v 7.158649 0.330449 -1.845066
v 12.059299 0.551050 -1.411459
v 12.010492 0.534312 -1.371819
v 12.010492 0.794908 -1.235181
v 12.059299 0.819209 -1.270856
v 12.059299 1.054252 -1.081636
v 12.010492 1.023323 -1.051296
v 12.010492 1.210778 -0.827233
v 12.059299 1.247146 -0.851070
v 12.059299 1.508548 -0.005759
v 12.010492 1.464809 -0.005759
v 12.010492 1.435846 0.282704
v 12.059299 1.478745 0.291074
v 12.059299 1.390481 0.576501
v 12.010492 1.350071 0.560082
v 12.010492 1.210780 0.815715
v 12.059299 1.247148 0.839552
v 12.059299 0.551053 1.399942
v 12.010492 0.534315 1.360302
v 12.010492 0.251551 1.444443
v 12.059299 0.260085 1.486525
v 12.059299 -0.042513 1.515761
v 12.010492 -0.042513 1.472855
v 12.010492 -0.336577 1.444444
v 12.059299 -0.345110 1.486525
v 12.059299 -1.139279 1.070118
v 12.010492 -1.108351 1.039779
v 12.010492 -1.295806 0.815715
v 12.059299 -1.332174 0.839553
v 12.059299 -1.475507 0.576502
v 12.010492 -1.435097 0.560083
v 12.010492 -1.520873 0.282705
v 12.059299 -1.563771 0.291076
v 12.059299 -1.475507 -0.588018
v 12.010492 -1.435097 -0.571598
v 12.010492 -1.295806 -0.827231
v 12.059299 -1.332174 -0.851068
v 12.059299 -1.139279 -1.081634
v 12.010492 -1.108351 -1.051295
v 12.010492 -0.879936 -1.235179
v 12.059299 -0.904237 -1.270854
v 12.010492 -0.619340 -1.371818
v 12.059299 -0.636079 -1.411458
v 12.010492 -1.549835 -0.005758
v 12.059299 -1.593575 -0.005758
v 12.010492 -0.619340 1.360302
v 12.059299 -0.636078 1.399942
v 12.010492 1.023325 1.039778
v 12.059299 1.054254 1.070118
v 12.010492 1.350070 -0.571600
v 12.059299 1.390480 -0.588019
v 12.059299 -0.042513 -1.527277
v 12.010492 -0.042513 -1.484371
v 12.010492 0.251549 -1.455960
v 12.059299 0.260082 -1.498042
v 12.010492 1.435846 -0.294222
v 12.059299 1.478745 -0.302593
v 12.010492 0.794911 1.223663
v 12.059299 0.819211 1.259338
v 12.010492 -0.879936 1.223664
v 12.059299 -0.904237 1.259339
v 12.010492 -1.520872 -0.294221
v 12.059299 -1.563771 -0.302592
v 12.010492 -0.336577 -1.455960
v 12.059299 -0.345110 -1.498041
v 12.489674 0.504778 -1.301877
v 12.538482 0.521517 -1.341517
v 12.538482 0.776332 -1.207909
v 12.489674 0.752032 -1.172234
v 12.489674 0.968752 -0.997765
v 12.538482 0.999681 -1.028104
v 12.538482 1.182978 -0.809011
v 12.489674 1.146610 -0.785173
v 12.489674 1.387634 -0.005759
v 12.538482 1.431373 -0.005759
v 12.538482 1.403053 0.276305
v 12.489674 1.360154 0.267935
v 12.489674 1.278771 0.531111
v 12.538482 1.319181 0.547530
v 12.538482 1.182979 0.797493
v 12.489674 1.146611 0.773655
v 12.489674 0.504781 1.290360
v 12.538482 0.521519 1.330000
v 12.538482 0.245028 1.412275
v 12.489674 0.236495 1.370194
v 12.489674 -0.042513 1.397150
v 12.538482 -0.042513 1.440057
v 12.538482 -0.330054 1.412275
v 12.489674 -0.321521 1.370194
v 12.489674 -1.053780 0.986248
v 12.538482 -1.084709 1.016587
v 12.538482 -1.268005 0.797493
v 12.489674 -1.231637 0.773656
v 12.489674 -1.363797 0.531112
v 12.538482 -1.404207 0.547531
v 12.538482 -1.488080 0.276306
v 12.489674 -1.445181 0.267936
v 12.489674 -1.363797 -0.542627
v 12.538482 -1.404207 -0.559047
v 12.538482 -1.268005 -0.809009
v 12.489674 -1.231637 -0.785172
v 12.489674 -1.053780 -0.997764
v 12.538482 -1.084709 -1.028103
v 12.538482 -0.861361 -1.207908
v 12.489674 -0.837061 -1.172233
v 12.538482 -0.606546 -1.341516
v 12.489674 -0.589807 -1.301876
v 12.538482 -1.516400 -0.005758
v 12.489674 -1.472661 -0.005758
v 12.538482 -0.606545 1.330000
v 12.489674 -0.589807 1.290360
v 12.538482 0.999683 1.016587
v 12.489674 0.968754 0.986247
v 12.538482 1.319180 -0.559048
v 12.489674 1.278770 -0.542629
v 12.489674 -0.042513 -1.408666
v 12.538482 -0.042513 -1.451572
v 12.538482 0.245025 -1.423791
v 12.489674 0.236492 -1.381710
v 12.538482 1.403053 -0.287824
v 12.489674 1.360154 -0.279453
v 12.538482 0.776335 1.196392
v 12.489674 0.752035 1.160717
v 12.538482 -0.861361 1.196393
v 12.489674 -0.837061 1.160717
v 12.538482 -1.488080 -0.287822
v 12.489674 -1.445181 -0.279452
v 12.538482 -0.330054 -1.423791
v 12.489674 -0.321521 -1.381709
v 12.059299 0.878382 -1.357728
v 12.108108 0.902682 -1.393403
v 12.108108 1.160493 -1.185854
v 12.059299 1.129565 -1.155514
v 12.059299 1.335705 -0.909117
v 12.108108 1.372073 -0.932954
v 12.059299 1.335707 0.897598
v 12.108108 1.372075 0.921435
v 12.108108 0.608550 1.536109
v 12.059299 0.591812 1.496469
v 12.059299 -0.365889 1.588998
v 12.108108 -0.374422 1.631080
v 12.108108 -1.245521 1.174337
v 12.059299 -1.214592 1.143997
v 12.059299 -1.420733 0.897599
v 12.108108 -1.457101 0.921436
v 12.108108 -1.614318 0.632904
v 12.059299 -1.573909 0.616485
v 12.108108 -1.614318 -0.644420
v 12.059299 -1.573909 -0.628001
v 12.059299 -1.420733 -0.909115
v 12.108108 -1.457101 -0.932952
v 12.108108 -1.245521 -1.185852
v 12.059299 -1.214592 -1.155513
v 12.059299 -0.963410 -1.357727
v 12.108108 -0.987710 -1.393402
v 12.059299 -0.676838 -1.507985
v 12.108108 -0.693576 -1.547625
v 12.059299 -0.676838 1.496470
v 12.108108 -0.693576 1.536110
v 12.059299 1.129567 1.143997
v 12.108108 1.160495 1.174336
v 12.059299 1.488882 -0.628002
v 12.108108 1.529291 -0.644422
v 12.108108 -0.042513 -1.674663
v 12.059299 -0.042513 -1.631757
v 12.059299 0.878384 1.346211
v 12.108108 0.902685 1.381886
v 12.059299 -0.963410 1.346211
v 12.108108 -0.987710 1.381886
v 12.059299 -1.668234 -0.322975
v 12.108108 -1.711133 -0.331345
v 12.059299 -0.365889 -1.600514
v 12.108108 -0.374422 -1.642596
v 12.489674 0.902682 -1.393403
v 12.538482 0.878382 -1.357728
v 12.538482 1.129565 -1.155514
v 12.489674 1.160493 -1.185854
v 12.489674 1.372073 -0.932954
v 12.538482 1.335705 -0.909116
v 12.489674 1.372075 0.921435
v 12.538482 1.335707 0.897598
v 12.538482 0.591812 1.496469
v 12.489674 0.608550 1.536109
v 12.489674 -0.374422 1.631080
v 12.538482 -0.365889 1.588998
v 12.538482 -1.214593 1.143997
v 12.489674 -1.245521 1.174337
v 12.489674 -1.457101 0.921436
v 12.538482 -1.420733 0.897599
v 12.538482 -1.573909 0.616485
v 12.489674 -1.614319 0.632904
v 12.538482 -1.573909 -0.628001
v 12.489674 -1.614319 -0.644420
v 12.489674 -1.457101 -0.932952
v 12.538482 -1.420733 -0.909114
v 12.538482 -1.214593 -1.155513
v 12.489674 -1.245521 -1.185852
v 12.489674 -0.987710 -1.393402
v 12.538482 -0.963410 -1.357727
v 12.489674 -0.693577 -1.547625
v 12.538482 -0.676838 -1.507985
v 12.489674 -0.693576 1.536110
v 12.538482 -0.676838 1.496470
v 12.489674 1.160495 1.174336
v 12.538482 1.129567 1.143997
v 12.489674 1.529291 -0.644422
v 12.538482 1.488881 -0.628002
v 12.538482 -0.042513 -1.631757
v 12.489674 -0.042513 -1.674663
v 12.489674 0.902684 1.381886
v 12.538482 0.878384 1.346211
v 12.489674 -0.987710 1.381886
v 12.538482 -0.963410 1.346211
v 12.489674 -1.711133 -0.331345
v 12.538482 -1.668234 -0.322975
v 12.489674 -0.374422 -1.642596
v 12.538482 -0.365889 -1.600514
v 11.143425 0.458821 -1.193039
v 11.094619 0.475559 -1.232679
v 11.094619 0.709613 -1.109958
v 11.143425 0.685312 -1.074283
v 11.143425 0.883834 -0.914464
v 11.094619 0.914762 -0.944803
v 11.094619 1.083124 -0.743562
v 11.143425 1.046756 -0.719724
v 11.143425 1.267541 -0.005759
v 11.094619 1.311280 -0.005759
v 11.094619 1.285268 0.253323
v 11.143425 1.242369 0.244952
v 11.143425 1.167820 0.486029
v 11.094619 1.208229 0.502448
v 11.094619 1.083125 0.732044
v 11.143425 1.046758 0.708206
v 11.143425 0.458823 1.181522
v 11.094619 0.475562 1.221162
v 11.094619 0.221599 1.296733
v 11.143425 0.213066 1.254652
v 11.143425 -0.042513 1.279345
v 11.094619 -0.042513 1.322251
v 11.094619 -0.306625 1.296734
v 11.143425 -0.298092 1.254652
v 11.143425 -0.968862 0.902947
v 11.094619 -0.999791 0.933286
v 11.094619 -1.168152 0.732044
v 11.143425 -1.131784 0.708207
v 11.143425 -1.252846 0.486029
v 11.094619 -1.293256 0.502449
v 11.094619 -1.370295 0.253324
v 11.143425 -1.327396 0.244953
v 11.143425 -1.252846 -0.497545
v 11.094619 -1.293256 -0.513965
v 11.094619 -1.168152 -0.743560
v 11.143425 -1.131784 -0.719723
v 11.143425 -0.968862 -0.914463
v 11.094619 -0.999791 -0.944802
v 11.094619 -0.794641 -1.109957
v 11.143425 -0.770341 -1.074282
v 11.094619 -0.560588 -1.232678
v 11.143425 -0.543850 -1.193038
v 11.094619 -1.396308 -0.005758
v 11.143425 -1.352568 -0.005758
v 11.094619 -0.560588 1.221162
v 11.143425 -0.543850 1.181522
v 11.094619 0.914764 0.933286
v 11.143425 0.883836 0.902946
v 11.094619 1.208228 -0.513966
v 11.143425 1.167819 -0.497547
v 11.143425 -0.042513 -1.290861
v 11.094619 -0.042513 -1.333767
v 11.094619 0.221596 -1.308250
v 11.143425 0.213063 -1.266168
v 11.094619 1.285267 -0.264841
v 11.143425 1.242369 -0.256470
v 11.094619 0.709615 1.098441
v 11.143425 0.685315 1.062765
v 11.094619 -0.794641 1.098441
v 11.143425 -0.770341 1.062766
v 11.094619 -1.370295 -0.264840
v 11.143425 -1.327396 -0.256469
v 11.094619 -0.306626 -1.308249
v 11.143425 -0.298093 -1.266168
v 11.094619 0.488040 -1.262237
v 11.143425 0.504778 -1.301877
v 11.143425 0.752032 -1.172234
v 11.094619 0.727732 -1.136559
v 11.094619 0.937824 -0.967426
v 11.143425 0.968752 -0.997765
v 11.143425 1.146610 -0.785173
v 11.094619 1.110242 -0.761336
v 11.094619 1.343895 -0.005759
v 11.143425 1.387634 -0.005759
v 11.143425 1.360154 0.267935
v 11.094619 1.317255 0.259564
v 11.094619 1.238361 0.514691
v 11.143425 1.278771 0.531111
v 11.143425 1.146611 0.773655
v 11.094619 1.110243 0.749818
v 11.094619 0.488042 1.250720
v 11.143425 0.504781 1.290360
v 11.143425 0.236495 1.370193
v 11.094619 0.227962 1.328112
v 11.094619 -0.042513 1.354244
v 11.143425 -0.042513 1.397150
v 11.143425 -0.321521 1.370194
v 11.094619 -0.312988 1.328112
v 11.094619 -1.022852 0.955909
v 11.143425 -1.053780 0.986248
v 11.143425 -1.231638 0.773656
v 11.094619 -1.195270 0.749819
v 11.094619 -1.323388 0.514692
v 11.143425 -1.363798 0.531112
v 11.143425 -1.445181 0.267936
v 11.094619 -1.402282 0.259565
v 11.094619 -1.323388 -0.526208
v 11.143425 -1.363798 -0.542627
v 11.143425 -1.231638 -0.785172
v 11.094619 -1.195270 -0.761334
v 11.094619 -1.022852 -0.967424
v 11.143425 -1.053780 -0.997764
v 11.143425 -0.837061 -1.172233
v 11.094619 -0.812761 -1.136558
v 11.143425 -0.589807 -1.301876
v 11.094619 -0.573069 -1.262236
v 11.143425 -1.472661 -0.005758
v 11.094619 -1.428922 -0.005758
v 11.143425 -0.589807 1.290360
v 11.094619 -0.573069 1.250720
v 11.143425 0.968754 0.986247
v 11.094619 0.937826 0.955908
v 11.143425 1.278770 -0.542629
v 11.094619 1.238360 -0.526209
v 11.094619 -0.042513 -1.365760
v 11.143425 -0.042513 -1.408666
v 11.143425 0.236492 -1.381710
v 11.094619 0.227959 -1.339628
v 11.143425 1.360154 -0.279453
v 11.094619 1.317255 -0.271083
v 11.143425 0.752035 1.160717
v 11.094619 0.727734 1.125042
v 11.143425 -0.837061 1.160717
v 11.094619 -0.812761 1.125042
v 11.143425 -1.445181 -0.279452
v 11.094619 -1.402282 -0.271081
v 11.143425 -0.321521 -1.381709
v 11.094619 -0.312988 -1.339628
v 12.311519 0.374198 -0.992631
v 12.360327 0.390936 -1.032271
v 12.360327 0.586759 -0.929596
v 12.311519 0.562459 -0.893921
v 12.311519 0.727471 -0.761078
v 12.360327 0.758399 -0.791418
v 12.360327 0.899260 -0.623047
v 12.311519 0.862893 -0.599210
v 12.311519 1.046410 -0.005759
v 12.360327 1.090149 -0.005759
v 12.360327 1.068385 0.211004
v 12.311519 1.025487 0.202633
v 12.311519 0.963521 0.403017
v 12.360327 1.003931 0.419437
v 12.360327 0.899261 0.611530
v 12.311519 0.862894 0.587692
v 12.311519 0.374200 0.981114
v 12.360327 0.390938 1.020755
v 12.360327 0.178458 1.083982
v 12.311519 0.169925 1.041901
v 12.311519 -0.042513 1.062426
v 12.360327 -0.042513 1.105332
v 12.360327 -0.263485 1.083982
v 12.311519 -0.254952 1.041901
v 12.311519 -0.812499 0.749562
v 12.360327 -0.843427 0.779901
v 12.360327 -0.984288 0.611530
v 12.311519 -0.947920 0.587693
v 12.311519 -1.048548 0.403018
v 12.360327 -1.088958 0.419438
v 12.360327 -1.153413 0.211005
v 12.311519 -1.110514 0.202634
v 12.311519 -1.048548 -0.414534
v 12.360327 -1.088958 -0.430953
v 12.360327 -0.984288 -0.623046
v 12.311519 -0.947920 -0.599209
v 12.311519 -0.812499 -0.761077
v 12.360327 -0.843427 -0.791417
v 12.360327 -0.671787 -0.929595
v 12.311519 -0.647487 -0.893920
v 12.360327 -0.475965 -1.032271
v 12.311519 -0.459227 -0.992630
v 12.360327 -1.175177 -0.005758
v 12.311519 -1.131437 -0.005758
v 12.360327 -0.475965 1.020755
v 12.311519 -0.459226 0.981115
v 12.360327 0.758400 0.779901
v 12.311519 0.727472 0.749561
v 12.360327 1.003930 -0.430955
v 12.311519 0.963520 -0.414535
v 12.311519 -0.042513 -1.073941
v 12.360327 -0.042513 -1.116847
v 12.360327 0.178456 -1.095498
v 12.311519 0.169923 -1.053416
v 12.360327 1.068385 -0.222522
v 12.311519 1.025486 -0.214151
v 12.360327 0.586761 0.918079
v 12.311519 0.562461 0.882404
v 12.360327 -0.671787 0.918079
v 12.311519 -0.647487 0.882404
v 12.360327 -1.153412 -0.222521
v 12.311519 -1.110514 -0.214150
v 12.360327 -0.263485 -1.095498
v 12.311519 -0.254952 -1.053416
v 12.360327 0.442083 -1.153399
v 12.311519 0.458821 -1.193039
v 12.311519 0.685312 -1.074283
v 12.360327 0.661012 -1.038607
v 12.360327 0.852906 -0.884125
v 12.311519 0.883834 -0.914464
v 12.311519 1.046756 -0.719724
v 12.360327 1.010388 -0.695887
v 12.360327 1.223802 -0.005759
v 12.311519 1.267541 -0.005759
v 12.311519 1.242369 0.244952
v 12.360327 1.199470 0.236582
v 12.360327 1.127410 0.469609
v 12.311519 1.167820 0.486029
v 12.311519 1.046758 0.708206
v 12.360327 1.010390 0.684369
v 12.360327 0.442085 1.141882
v 12.311519 0.458823 1.181522
v 12.311519 0.213066 1.254652
v 12.360327 0.204533 1.212570
v 12.360327 -0.042513 1.236439
v 12.311519 -0.042513 1.279345
v 12.311519 -0.298092 1.254652
v 12.360327 -0.289559 1.212570
v 12.360327 -0.937934 0.872608
v 12.311519 -0.968862 0.902947
v 12.311519 -1.131784 0.708207
v 12.360327 -1.095417 0.684370
v 12.360327 -1.212437 0.469610
v 12.311519 -1.252846 0.486030
v 12.311519 -1.327396 0.244953
v 12.360327 -1.284497 0.236583
v 12.360327 -1.212437 -0.481126
v 12.311519 -1.252846 -0.497545
v 12.311519 -1.131784 -0.719723
v 12.360327 -1.095417 -0.695885
v 12.360327 -0.937934 -0.884123
v 12.311519 -0.968862 -0.914463
v 12.311519 -0.770341 -1.074282
v 12.360327 -0.746041 -1.038606
v 12.311519 -0.543850 -1.193038
v 12.360327 -0.527112 -1.153398
v 12.311519 -1.352568 -0.005758
v 12.360327 -1.308829 -0.005758
v 12.311519 -0.543850 1.181522
v 12.360327 -0.527111 1.141882
v 12.311519 0.883836 0.902946
v 12.360327 0.852907 0.872607
v 12.311519 1.167819 -0.497547
v 12.360327 1.127409 -0.481127
v 12.360327 -0.042514 -1.247954
v 12.311519 -0.042514 -1.290861
v 12.311519 0.213063 -1.266168
v 12.360327 0.204530 -1.224086
v 12.311519 1.242368 -0.256470
v 12.360327 1.199470 -0.248100
v 12.311519 0.685315 1.062766
v 12.360327 0.661014 1.027090
v 12.311519 -0.770341 1.062766
v 12.360327 -0.746041 1.027091
v 12.311519 -1.327396 -0.256469
v 12.360327 -1.284497 -0.248098
v 12.311519 -0.298093 -1.266168
v 12.360327 -0.289559 -1.224086
v 11.333674 0.357460 -0.952991
v 11.382483 0.374198 -0.992631
v 11.382483 0.562459 -0.893921
v 11.333674 0.538159 -0.858245
v 11.333674 0.696543 -0.730739
v 11.382483 0.727471 -0.761079
v 11.382483 0.862893 -0.599210
v 11.333674 0.826525 -0.575373
v 11.333674 1.002671 -0.005759
v 11.382483 1.046410 -0.005759
v 11.382483 1.025487 0.202633
v 11.333674 0.982588 0.194263
v 11.333674 0.923111 0.386598
v 11.382483 0.963521 0.403017
v 11.382483 0.862894 0.587692
v 11.333674 0.826526 0.563855
v 11.333674 0.357462 0.941474
v 11.382483 0.374200 0.981114
v 11.382483 0.169925 1.041900
v 11.333674 0.161392 0.999819
v 11.333674 -0.042513 1.019519
v 11.382483 -0.042513 1.062425
v 11.382483 -0.254951 1.041900
v 11.333674 -0.246418 0.999819
v 11.333674 -0.781570 0.719222
v 11.382483 -0.812499 0.749562
v 11.382483 -0.947920 0.587693
v 11.333674 -0.911552 0.563855
v 11.333674 -1.008138 0.386598
v 11.382483 -1.048547 0.403018
v 11.382483 -1.110513 0.202634
v 11.333674 -1.067615 0.194263
v 11.333674 -1.008138 -0.398114
v 11.382483 -1.048547 -0.414534
v 11.382483 -0.947920 -0.599209
v 11.333674 -0.911552 -0.575371
v 11.333674 -0.781570 -0.730738
v 11.382483 -0.812498 -0.761077
v 11.382483 -0.647487 -0.893920
v 11.333674 -0.623186 -0.858245
v 11.382483 -0.459226 -0.992631
v 11.333674 -0.442488 -0.952990
v 11.382483 -1.131437 -0.005758
v 11.333674 -1.087698 -0.005758
v 11.382483 -0.459226 0.981115
v 11.333674 -0.442488 0.941475
v 11.382483 0.727472 0.749561
v 11.333674 0.696544 0.719222
v 11.382483 0.963520 -0.414535
v 11.333674 0.923111 -0.398116
v 11.333674 -0.042513 -1.031035
v 11.382483 -0.042513 -1.073941
v 11.382483 0.169923 -1.053417
v 11.333674 0.161390 -1.011335
v 11.382483 1.025487 -0.214151
v 11.333674 0.982588 -0.205780
v 11.382483 0.562461 0.882404
v 11.333674 0.538160 0.846728
v 11.382483 -0.647487 0.882404
v 11.333674 -0.623186 0.846729
v 11.382483 -1.110513 -0.214150
v 11.333674 -1.067614 -0.205780
v 11.382483 -0.254952 -1.053416
v 11.333674 -0.246418 -1.011335
v 10.493504 1.126811 0.760676
v 10.444695 1.163179 0.784514
v 10.908371 1.163179 0.784514
v 10.859564 1.126811 0.760676
v 10.908371 0.982844 1.000067
v 10.859564 0.951915 0.969728
v 10.493504 0.951915 0.969728
v 10.444695 0.982844 1.000067
v 10.444695 0.512404 -1.319934
v 10.493504 0.495666 -1.280294
v 10.859564 0.495666 -1.280294
v 10.908371 0.512404 -1.319934
v 10.908371 0.763102 -1.188485
v 10.859564 0.738802 -1.152810
v 10.444695 0.763102 -1.188486
v 10.493504 0.738802 -1.152810
v 10.444695 -1.492584 -0.005758
v 10.493504 -1.448845 -0.005758
v 10.859564 -1.448845 -0.005758
v 10.908371 -1.492584 -0.005758
v 10.908371 1.297178 -0.550108
v 10.859564 1.256769 -0.533689
v 10.444695 1.297179 -0.550108
v 10.493504 1.256769 -0.533689
v 10.493504 0.951914 -0.981246
v 10.444695 0.982842 -1.011585
v 10.859564 0.951913 -0.981246
v 10.908371 0.982842 -1.011585
v 10.908371 1.163177 -0.796032
v 10.859564 1.126809 -0.772195
v 10.444695 1.163177 -0.796032
v 10.493504 1.126809 -0.772195
v 10.444695 -1.464722 -0.283265
v 10.493504 -1.421823 -0.274894
v 10.859564 -1.421823 -0.274894
v 10.908371 -1.464722 -0.283265
v 10.859564 -1.341795 -0.533688
v 10.908371 -1.382204 -0.550107
v 10.444695 -1.382204 -0.550107
v 10.493504 -1.341794 -0.533688
v 10.493504 -0.042513 -1.385305
v 10.444695 -0.042513 -1.428211
v 10.859564 -0.042513 -1.385305
v 10.908371 -0.042513 -1.428211
v 10.908371 0.240380 -1.400879
v 10.859564 0.231847 -1.358797
v 10.493504 0.231847 -1.358797
v 10.444695 0.240380 -1.400879
v 10.493504 1.363820 -0.005759
v 10.444695 1.407559 -0.005759
v 10.859564 1.363820 -0.005759
v 10.908371 1.407559 -0.005759
v 10.859564 1.336798 0.263377
v 10.908371 1.379696 0.271748
v 10.493504 1.336798 0.263377
v 10.444695 1.379697 0.271748
v 10.493504 -1.211835 -0.772193
v 10.444695 -1.248203 -0.796030
v 10.908371 -1.248203 -0.796030
v 10.859564 -1.211836 -0.772193
v 10.908371 -1.067868 -1.011584
v 10.859564 -1.036940 -0.981245
v 10.444695 -1.067868 -1.011584
v 10.493504 -1.036940 -0.981245
v 10.957178 0.534312 -1.371819
v 10.908371 0.517574 -1.332179
v 10.444695 0.517574 -1.332179
v 10.395888 0.534313 -1.371819
v 10.395888 0.251549 -1.455960
v 10.444695 0.243016 -1.413878
v 10.908371 0.243016 -1.413878
v 10.957178 0.251549 -1.455960
v 10.957178 1.210780 0.815714
v 10.908371 1.174413 0.791877
v 10.444695 1.174413 0.791877
v 10.395888 1.210781 0.815714
v 10.395888 1.350072 0.560082
v 10.444695 1.309662 0.543662
v 10.908371 1.309662 0.543662
v 10.957178 1.350072 0.560082
v 10.957178 -0.336577 -1.455960
v 10.908371 -0.328044 -1.413878
v 10.444695 -0.328043 -1.413878
v 10.395888 -0.336576 -1.455960
v 10.395888 -0.619340 -1.371818
v 10.444695 -0.602602 -1.332178
v 10.908371 -0.602602 -1.332178
v 10.957178 -0.619340 -1.371818
v 10.957178 1.023324 -1.051296
v 10.908371 0.992395 -1.020957
v 10.444695 0.992396 -1.020957
v 10.395888 1.023324 -1.051296
v 10.395888 0.794909 -1.235181
v 10.444695 0.770609 -1.199505
v 10.908371 0.770609 -1.199505
v 10.957178 0.794909 -1.235181
v 10.957178 0.251552 1.444443
v 10.908371 0.243019 1.402362
v 10.444695 0.243019 1.402362
v 10.395888 0.251552 1.444443
v 10.395888 0.534315 1.360302
v 10.444695 0.517577 1.320661
v 10.908371 0.517577 1.320662
v 10.957178 0.534315 1.360302
v 10.957178 -0.042513 -1.484371
v 10.908371 -0.042513 -1.441464
v 10.444695 -0.042513 -1.441465
v 10.395888 -0.042513 -1.484371
v 10.957178 1.435846 -0.294222
v 10.908371 1.392947 -0.285852
v 10.444695 1.392948 -0.285852
v 10.395888 1.435846 -0.294223
v 10.395888 1.350071 -0.571600
v 10.444695 1.309661 -0.555180
v 10.908371 1.309661 -0.555180
v 10.957178 1.350071 -0.571600
v 10.957178 -0.336576 1.444444
v 10.908371 -0.328043 1.402362
v 10.444695 -0.328043 1.402362
v 10.395888 -0.336576 1.444444
v 10.395888 -0.042512 1.472855
v 10.444695 -0.042512 1.429949
v 10.908371 -0.042512 1.429949
v 10.957178 -0.042512 1.472855
v 10.957178 1.464809 -0.005759
v 10.908371 1.421070 -0.005759
v 10.444695 1.421070 -0.005759
v 10.395888 1.464810 -0.005759
v 10.957178 -1.295805 0.815715
v 10.908371 -1.259437 0.791878
v 10.444695 -1.259437 0.791878
v 10.395888 -1.295805 0.815715
v 10.395888 -1.108350 1.039779
v 10.444695 -1.077422 1.009440
v 10.908371 -1.077422 1.009440
v 10.957178 -1.108350 1.039779
v 10.395888 1.435847 0.282704
v 10.444695 1.392948 0.274333
v 10.908371 1.392948 0.274333
v 10.957178 1.435847 0.282704
v 10.957178 -1.520872 0.282705
v 10.908371 -1.477973 0.274334
v 10.444695 -1.477973 0.274334
v 10.395888 -1.520872 0.282705
v 10.395888 -1.435097 0.560082
v 10.444695 -1.394687 0.543663
v 10.908371 -1.394687 0.543663
v 10.957178 -1.435097 0.560082
v 10.957178 0.794911 1.223663
v 10.908371 0.770611 1.187988
v 10.444695 0.770611 1.187988
v 10.395888 0.794911 1.223663
v 10.395888 1.023326 1.039778
v 10.444695 0.992397 1.009439
v 10.908371 0.992397 1.009439
v 10.957178 1.023326 1.039778
v 10.957178 -1.295805 -0.827231
v 10.908371 -1.259437 -0.803394
v 10.444695 -1.259437 -0.803394
v 10.395888 -1.295805 -0.827231
v 10.395888 -1.435097 -0.571598
v 10.444695 -1.394687 -0.555179
v 10.908371 -1.394687 -0.555179
v 10.957178 -1.435097 -0.571598
v 10.957178 -0.879936 -1.235179
v 10.908371 -0.855636 -1.199504
v 10.444695 -0.855636 -1.199504
v 10.395888 -0.879936 -1.235179
v 10.395888 -1.108350 -1.051295
v 10.444695 -1.077422 -1.020956
v 10.908371 -1.077422 -1.020956
v 10.957178 -1.108350 -1.051295
v 10.957178 -0.879936 1.223664
v 10.908371 -0.855636 1.187989
v 10.444695 -0.855636 1.187988
v 10.395888 -0.879936 1.223664
v 10.395888 -0.619340 1.360302
v 10.444695 -0.602601 1.320662
v 10.908371 -0.602602 1.320662
v 10.957178 -0.619340 1.360302
v 10.957178 -1.549835 -0.005758
v 10.908371 -1.506096 -0.005758
v 10.444695 -1.506095 -0.005758
v 10.395888 -1.549835 -0.005758
v 10.957178 -1.520872 -0.294221
v 10.908371 -1.477973 -0.285850
v 10.444695 -1.477973 -0.285850
v 10.395888 -1.520872 -0.294221
v 10.395888 1.210779 -0.827233
v 10.444695 1.174411 -0.803395
v 10.908371 1.174411 -0.803395
v 10.957178 1.210779 -0.827233
v 10.493504 -1.341794 0.522172
v 10.444695 -1.382204 0.538591
v 10.908371 -1.382204 0.538591
v 10.859564 -1.341795 0.522172
v 10.859564 -1.211836 0.760677
v 10.908371 -1.248203 0.784514
v 10.493504 -1.211835 0.760677
v 10.444695 -1.248203 0.784514
v 10.444695 -0.597431 1.308417
v 10.493504 -0.580693 1.268777
v 10.859564 -0.580693 1.268777
v 10.908371 -0.597431 1.308417
v 10.908371 -0.325407 1.389363
v 10.859564 -0.316874 1.347281
v 10.444695 -0.325407 1.389363
v 10.493504 -0.316874 1.347281
v 10.444695 -1.067868 1.000068
v 10.493504 -1.036940 0.969729
v 10.908371 -1.067868 1.000068
v 10.859564 -1.036940 0.969729
v 10.908371 -0.848130 1.176968
v 10.859564 -0.823829 1.141293
v 10.493504 -0.823829 1.141293
v 10.444695 -0.848129 1.176968
v 10.908371 -1.464722 0.271749
v 10.859564 -1.421823 0.263378
v 10.444695 -1.464722 0.271749
v 10.493504 -1.421823 0.263378
v 10.493504 -0.580693 -1.280293
v 10.444695 -0.597431 -1.319933
v 10.859564 -0.580693 -1.280293
v 10.908371 -0.597431 -1.319933
v 10.859564 -0.823829 -1.152809
v 10.908371 -0.848130 -1.188484
v 10.444695 -0.848129 -1.188484
v 10.493504 -0.823829 -1.152809
v 10.493504 -0.042512 1.373789
v 10.444695 -0.042512 1.416695
v 10.859564 -0.042512 1.373789
v 10.908371 -0.042512 1.416695
v 10.859564 0.231850 1.347281
v 10.908371 0.240383 1.389363
v 10.444695 0.240383 1.389363
v 10.493504 0.231850 1.347281
v 10.444695 0.512406 1.308417
v 10.493504 0.495668 1.268777
v 10.908371 0.512406 1.308417
v 10.859564 0.495668 1.268777
v 10.859564 0.738804 1.141293
v 10.908371 0.763105 1.176968
v 10.444695 0.763105 1.176968
v 10.493504 0.738805 1.141293
v 10.444695 1.297179 0.538590
v 10.493504 1.256770 0.522171
v 10.859564 1.256770 0.522171
v 10.908371 1.297179 0.538590
v 10.859564 1.336797 -0.274896
v 10.908371 1.379696 -0.283266
v 10.444695 1.379696 -0.283266
v 10.493504 1.336797 -0.274896
v 10.859564 -0.316875 -1.358797
v 10.908371 -0.325408 -1.400879
v 10.444695 -0.325408 -1.400879
v 10.493504 -0.316874 -1.358797
v -11.451684 -0.042515 -1.511068
v -11.402876 -0.042515 -1.553975
v -11.402876 -0.350421 -1.524226
v -11.451684 -0.341888 -1.482144
v -11.402876 -0.646495 -1.436124
v -11.451684 -0.629757 -1.396483
v -11.402876 -0.919358 -1.293053
v -11.451684 -0.895058 -1.257378
v -11.402876 -1.158525 -1.100513
v -11.451684 -1.127596 -1.070174
v -11.402876 -1.354803 -0.865902
v -11.451684 -1.318436 -0.842064
v -11.402876 -1.500651 -0.598236
v -11.451684 -1.460242 -0.581816
v -11.402876 -1.590465 -0.307801
v -11.451684 -1.547566 -0.299431
v -11.402876 -1.620791 -0.005759
v -11.451684 -1.577051 -0.005759
v -11.402876 -1.590465 0.296282
v -11.451684 -1.547566 0.287912
v -11.402876 -1.500651 0.586717
v -11.451684 -1.460242 0.570297
v -11.402876 -1.354803 0.854383
v -11.451684 -1.318436 0.830546
v -11.402876 -1.158525 1.088994
v -11.451684 -1.127596 1.058655
v -11.402876 -0.919358 1.281535
v -11.451684 -0.895058 1.245860
v -11.402876 -0.646495 1.424605
v -11.451684 -0.629756 1.384965
v -11.402876 -0.350421 1.512707
v -11.451684 -0.341888 1.470626
v -11.402876 -0.042514 1.542456
v -11.451684 -0.042514 1.499550
v -11.402876 0.265392 1.512707
v -11.451684 0.256859 1.470626
v -11.402876 0.561466 1.424605
v -11.451684 0.544728 1.384965
v -11.402876 0.834329 1.281534
v -11.451684 0.810029 1.245859
v -11.402876 1.073496 1.088994
v -11.451684 1.042567 1.058654
v -11.402876 1.269775 0.854382
v -11.451684 1.233407 0.830545
v -11.402876 1.415623 0.586716
v -11.451684 1.375213 0.570297
v -11.402876 1.505436 0.296281
v -11.451684 1.462537 0.287911
v -11.402876 1.535762 -0.005761
v -11.451684 1.492022 -0.005761
v -11.402876 1.505435 -0.307803
v -11.451684 1.462536 -0.299432
v -11.402876 1.415622 -0.598237
v -11.451684 1.375212 -0.581818
v -11.402876 1.269773 -0.865903
v -11.451684 1.233405 -0.842066
v -11.402876 1.073494 -1.100514
v -11.451684 1.042565 -1.070175
v -11.402876 0.834327 -1.293055
v -11.451684 0.810027 -1.257379
v -11.402876 0.561463 -1.436124
v -11.451684 0.544725 -1.396484
v -11.402876 0.265389 -1.524226
v -11.451684 0.256856 -1.482145
v -11.402876 -0.042515 -1.643849
v -11.451684 -0.042515 -1.686755
v -11.451684 -0.376828 -1.654455
v -11.402876 -0.368295 -1.612373
v -11.451684 -0.698294 -1.558797
v -11.402876 -0.681556 -1.519156
v -11.451684 -0.994559 -1.403456
v -11.402876 -0.970259 -1.367781
v -11.451684 -1.254237 -1.194403
v -11.402876 -1.223309 -1.164063
v -11.451684 -1.467350 -0.939670
v -11.402876 -1.430982 -0.915833
v -11.451684 -1.625706 -0.649048
v -11.402876 -1.585297 -0.632629
v -11.451684 -1.723222 -0.333705
v -11.402876 -1.680323 -0.325335
v -11.451684 -1.756149 -0.005759
v -11.402876 -1.712410 -0.005759
v -11.451684 -1.723222 0.322186
v -11.402876 -1.680324 0.313816
v -11.451684 -1.625706 0.637530
v -11.402876 -1.585297 0.621110
v -11.451684 -1.467350 0.928152
v -11.402876 -1.430982 0.904314
v -11.451684 -1.254237 1.182884
v -11.402876 -1.223309 1.152545
v -11.451684 -0.994559 1.391937
v -11.402876 -0.970259 1.356262
v -11.451684 -0.698294 1.547278
v -11.402876 -0.681556 1.507638
v -11.451684 -0.376828 1.642937
v -11.402876 -0.368295 1.600855
v -11.451684 -0.042514 1.675237
v -11.402876 -0.042514 1.632330
v -11.451684 0.291799 1.642936
v -11.402876 0.283266 1.600855
v -11.451684 0.613266 1.547278
v -11.402876 0.596527 1.507638
v -11.451684 0.909531 1.391937
v -11.402876 0.885230 1.356262
v -11.451684 1.169209 1.182883
v -11.402876 1.138280 1.152544
v -11.451684 1.382321 0.928151
v -11.402876 1.345953 0.904313
v -11.451684 1.540678 0.637529
v -11.402876 1.500268 0.621109
v -11.451684 1.638193 0.322185
v -11.402876 1.595294 0.313815
v -11.451684 1.671120 -0.005761
v -11.402876 1.627381 -0.005761
v -11.451684 1.638193 -0.333707
v -11.402876 1.595294 -0.325336
v -11.451684 1.540677 -0.649050
v -11.402876 1.500267 -0.632631
v -11.451684 1.382319 -0.939672
v -11.402876 1.345951 -0.915835
v -11.451684 1.169206 -1.194404
v -11.402876 1.138278 -1.164065
v -11.451684 0.909528 -1.403458
v -11.402876 0.885227 -1.367782
v -11.451684 0.613263 -1.558798
v -11.402876 0.596524 -1.519158
v -11.451684 0.291796 -1.654455
v -11.402876 0.283263 -1.612374
v -11.043875 -0.042514 -1.263701
v -11.092681 -0.042514 -1.306607
v -11.092681 -0.301225 -1.281611
v -11.043875 -0.292692 -1.239530
v -11.092681 -0.549993 -1.207586
v -11.043875 -0.533255 -1.167945
v -11.092681 -0.779259 -1.087374
v -11.043875 -0.754959 -1.051699
v -11.092681 -0.980213 -0.925597
v -11.043875 -0.949284 -0.895258
v -11.092681 -1.145131 -0.728472
v -11.043875 -1.108763 -0.704634
v -11.092681 -1.267676 -0.503572
v -11.043875 -1.227266 -0.487153
v -11.092681 -1.343139 -0.259542
v -11.043875 -1.300240 -0.251171
v -11.092681 -1.368620 -0.005759
v -11.043875 -1.324880 -0.005759
v -11.092681 -1.343139 0.248023
v -11.043875 -1.300240 0.239652
v -11.092681 -1.267676 0.492053
v -11.043875 -1.227266 0.475634
v -11.092681 -1.145131 0.716953
v -11.043875 -1.108763 0.693116
v -11.092681 -0.980213 0.914079
v -11.043875 -0.949284 0.883740
v -11.092681 -0.779259 1.075856
v -11.043875 -0.754959 1.040181
v -11.092681 -0.549993 1.196067
v -11.043875 -0.533255 1.156427
v -11.092681 -0.301225 1.270093
v -11.043875 -0.292691 1.228011
v -11.092681 -0.042514 1.295088
v -11.043875 -0.042514 1.252182
v -11.092681 0.216196 1.270093
v -11.043875 0.207663 1.228011
v -11.092681 0.464964 1.196067
v -11.043875 0.448226 1.156427
v -11.092681 0.694231 1.075855
v -11.043875 0.669931 1.040180
v -11.092681 0.895184 0.914078
v -11.043875 0.864256 0.883739
v -11.092681 1.060103 0.716952
v -11.043875 1.023734 0.693115
v -11.092681 1.182648 0.492053
v -11.043875 1.142238 0.475633
v -11.092681 1.258110 0.248022
v -11.043875 1.215212 0.239652
v -11.092681 1.283591 -0.005760
v -11.043875 1.239852 -0.005760
v -11.092681 1.258110 -0.259543
v -11.043875 1.215211 -0.251173
v -11.092681 1.182647 -0.503573
v -11.043875 1.142237 -0.487154
v -11.092681 1.060101 -0.728473
v -11.043875 1.023733 -0.704635
v -11.092681 0.895182 -0.925599
v -11.043875 0.864254 -0.895259
v -11.092681 0.694228 -1.087376
v -11.043875 0.669928 -1.051700
v -11.092681 0.464962 -1.207586
v -11.043875 0.448224 -1.167946
v -11.092681 0.216193 -1.281612
v -11.043875 0.207660 -1.239530
v 12.059299 -1.668234 0.311459
v 12.108108 -1.711133 0.319829
v 12.059299 -1.700083 -0.005758
v 12.108108 -1.743823 -0.005758
v 12.059299 0.280860 -1.600515
v 12.108108 0.289393 -1.642596
v 12.108108 0.608548 -1.547626
v 12.059299 0.591809 -1.507986
v 12.059299 1.583207 -0.322976
v 12.108108 1.626106 -0.331347
v 12.108108 1.658796 -0.005759
v 12.059299 1.615057 -0.005759
v 12.059299 1.583208 0.311457
v 12.108108 1.626107 0.319828
v 12.108108 1.529293 0.632903
v 12.059299 1.488883 0.616484
v 12.059299 0.280864 1.588998
v 12.108108 0.289397 1.631080
v 12.108108 -0.042513 1.663148
v 12.059299 -0.042513 1.620242
v 12.489674 -1.711133 0.319829
v 12.538482 -1.668234 0.311459
v 12.489674 -1.743823 -0.005758
v 12.538482 -1.700084 -0.005758
v 12.489674 0.289393 -1.642596
v 12.538482 0.280860 -1.600515
v 12.538482 0.591809 -1.507986
v 12.489674 0.608547 -1.547626
v 12.489674 1.626106 -0.331347
v 12.538482 1.583207 -0.322976
v 12.538482 1.615057 -0.005759
v 12.489674 1.658796 -0.005759
v 12.489674 1.626106 0.319828
v 12.538482 1.583207 0.311458
v 12.538482 1.488883 0.616484
v 12.489674 1.529292 0.632903
v 12.489674 0.289396 1.631080
v 12.538482 0.280863 1.588998
v 12.538482 -0.042513 1.620242
v 12.489674 -0.042513 1.663148
v -11.277908 -0.212897 -1.953221
v -11.277908 -0.262715 -1.948408
v -11.277908 -0.959659 -1.741019
v -11.277908 -1.003807 -1.717871
v -11.277908 -1.566794 -1.264639
v -11.277908 -1.598552 -1.226680
v -11.277908 -1.941872 -0.596606
v -11.277908 -1.956403 -0.549616
v -11.277908 -2.027790 0.161377
v -11.277908 -2.022883 0.210246
v -11.277908 -1.811467 0.893916
v -11.277908 -1.787870 0.937223
v -11.277908 -1.325838 1.489488
v -11.277908 -1.287142 1.520640
v -11.277908 -0.644834 1.857422
v -11.277908 -0.596930 1.871676
v -11.277908 0.127868 1.941703
v -11.277908 0.177686 1.936890
v -11.277908 0.874630 1.729500
v -11.277908 0.918778 1.706352
v -11.277908 1.481766 1.253120
v -11.277908 1.513523 1.215161
v -11.277908 1.856843 0.585087
v -11.277908 1.871374 0.538095
v -11.277908 1.942760 -0.172898
v -11.277908 1.937853 -0.221767
v -11.277908 1.726437 -0.905437
v -11.277908 1.702839 -0.948744
v -11.277908 1.240806 -1.501008
v -11.277908 1.202110 -1.532160
v -11.277908 0.559802 -1.868941
v -11.277908 0.511898 -1.883195
v -12.142423 -0.125643 -1.888542
v -12.142423 -0.335429 -1.868273
v -12.236082 -0.780148 -1.752643
v -12.236082 -1.113391 -1.577913
v -12.236082 -1.405482 -1.342766
v -12.236082 -1.645195 -1.056239
v -12.236082 -1.823317 -0.729342
v -12.236082 -1.933005 -0.374639
v -12.142423 -1.961854 0.075785
v -12.142423 -1.941192 0.281576
v -12.236082 -1.823317 0.717823
v -12.236082 -1.645195 1.044720
v -12.236082 -1.405482 1.331248
v -12.236082 -1.113391 1.566395
v -12.236082 -0.780147 1.741125
v -12.236082 -0.418556 1.848723
v -12.142423 0.040613 1.877023
v -12.142423 0.250400 1.856754
v -12.236082 0.695118 1.741124
v -12.236082 1.028362 1.566394
v -12.236082 1.320453 1.331247
v -12.236082 1.560166 1.044719
v -12.236082 1.738288 0.717822
v -12.236082 1.847975 0.363118
v -12.142423 1.876824 -0.087305
v -12.142423 1.856161 -0.293096
v -12.236082 1.738287 -0.729344
v -12.236082 1.560163 -1.056241
v -12.236082 1.320450 -1.342768
v -12.236082 1.028359 -1.577915
v -12.236082 0.695115 -1.752644
v -12.236082 0.333524 -1.860242
v -11.891312 -0.042515 -1.919355
v -11.908100 -0.057488 -1.906043
v -11.903183 -0.046901 -1.915456
v -11.795503 -0.042515 -1.919355
v -11.778714 -0.057488 -1.906043
v -11.783631 -0.046900 -1.915456
v -11.778714 -0.405755 -1.872395
v -11.795503 -0.423088 -1.882586
v -11.783631 -0.418011 -1.879601
v -11.908100 -0.405755 -1.872395
v -11.891312 -0.423088 -1.882586
v -11.903183 -0.418011 -1.879601
v -11.891312 0.338055 -1.882586
v -11.908100 0.335119 -1.868111
v -11.903183 0.337195 -1.878347
v -11.778714 0.335120 -1.868111
v -11.795503 0.338055 -1.882586
v -11.783631 0.337195 -1.878347
v -11.778714 -0.783278 -1.760056
v -11.795503 -0.789035 -1.773691
v -11.783631 -0.787349 -1.769697
v -11.891312 -0.789035 -1.773691
v -11.908100 -0.783278 -1.760056
v -11.903183 -0.787349 -1.769697
v -11.778714 -1.117935 -1.584584
v -11.795503 -1.126294 -1.596856
v -11.783631 -1.123846 -1.593262
v -11.891312 -1.126294 -1.596856
v -11.908100 -1.117935 -1.584584
v -11.903183 -1.123846 -1.593262
v -11.778714 -1.422896 -1.339077
v -11.795503 -1.421904 -1.358876
v -11.783631 -1.422195 -1.353077
v -11.891312 -1.421904 -1.358876
v -11.908100 -1.422896 -1.339077
v -11.903183 -1.422195 -1.353077
v -11.795503 -1.664505 -1.068896
v -11.778714 -1.644903 -1.073712
v -11.783631 -1.658764 -1.070307
v -11.908100 -1.644903 -1.073712
v -11.891312 -1.664505 -1.068896
v -11.903183 -1.658764 -1.070307
v -11.778714 -1.830874 -0.732413
v -11.795503 -1.844774 -0.738060
v -11.783631 -1.840702 -0.736406
v -11.891312 -1.844774 -0.738061
v -11.908100 -1.830874 -0.732413
v -11.903183 -1.840702 -0.736406
v -11.778714 -1.941026 -0.376204
v -11.795503 -1.955783 -0.379083
v -11.783631 -1.951460 -0.378240
v -11.891312 -1.955783 -0.379083
v -11.908100 -1.941026 -0.376204
v -11.903183 -1.951460 -0.378240
v -11.778714 -1.979695 0.008928
v -11.795503 -1.993266 -0.005759
v -11.783631 -1.989291 -0.001458
v -11.908100 -1.979695 0.008928
v -11.891312 -1.993266 -0.005759
v -11.903183 -1.989291 -0.001458
v -11.795503 -1.955783 0.367564
v -11.778714 -1.945394 0.350562
v -11.783631 -1.952740 0.362585
v -11.891312 -1.955783 0.367564
v -11.908100 -1.945394 0.350562
v -11.903183 -1.952740 0.362585
v -11.778714 -1.830874 0.720894
v -11.795503 -1.844774 0.726542
v -11.783631 -1.840702 0.724888
v -11.891312 -1.844774 0.726542
v -11.908100 -1.830874 0.720894
v -11.903183 -1.840702 0.724887
v -11.778714 -1.651996 1.049178
v -11.795503 -1.664505 1.057377
v -11.783631 -1.660841 1.054976
v -11.891312 -1.664505 1.057377
v -11.908100 -1.651996 1.049178
v -11.903183 -1.660841 1.054976
v -11.778714 -1.401721 1.348330
v -11.795503 -1.421904 1.347357
v -11.783631 -1.415993 1.347642
v -11.908100 -1.401721 1.348330
v -11.891312 -1.421904 1.347357
v -11.903183 -1.415993 1.347642
v -11.778714 -1.131204 1.566109
v -11.795503 -1.126294 1.585337
v -11.783631 -1.127732 1.579705
v -11.891312 -1.126294 1.585337
v -11.908100 -1.131204 1.566109
v -11.903183 -1.127732 1.579705
v -11.778714 -0.783277 1.748538
v -11.795503 -0.789035 1.762173
v -11.783631 -0.787348 1.758179
v -11.891312 -0.789035 1.762173
v -11.908100 -0.783277 1.748538
v -11.903183 -0.787348 1.758179
v -11.778714 -0.420152 1.856592
v -11.795503 -0.423087 1.871067
v -11.783631 -0.422227 1.866827
v -11.891312 -0.423087 1.871067
v -11.908100 -0.420152 1.856592
v -11.903183 -0.422227 1.866827
v -11.795503 -0.042514 1.907836
v -11.778714 -0.027542 1.894524
v -11.783631 -0.038129 1.903937
v -11.908100 -0.027542 1.894524
v -11.891312 -0.042514 1.907836
v -11.903183 -0.038129 1.903937
v -11.778714 0.320726 1.860876
v -11.795503 0.338058 1.871067
v -11.783631 0.332982 1.868082
v -11.891312 0.338058 1.871067
v -11.908100 0.320726 1.860876
v -11.903183 0.332982 1.868082
v -11.778714 0.698248 1.748537
v -11.795503 0.704006 1.762172
v -11.783631 0.702320 1.758178
v -11.891312 0.704006 1.762172
v -11.908100 0.698248 1.748537
v -11.903183 0.702319 1.758178
v -11.778714 1.032906 1.573065
v -11.795503 1.041265 1.585337
v -11.783631 1.038817 1.581743
v -11.891312 1.041265 1.585337
v -11.908100 1.032906 1.573065
v -11.903183 1.038817 1.581743
v -11.795503 1.336875 1.347356
v -11.778714 1.337867 1.327558
v -11.783631 1.337165 1.341557
v -11.908100 1.337867 1.327558
v -11.891312 1.336875 1.347356
v -11.903183 1.337165 1.341557
v -11.778714 1.559874 1.062193
v -11.795503 1.579476 1.057376
v -11.783631 1.573735 1.058787
v -11.891312 1.579476 1.057376
v -11.908100 1.559874 1.062193
v -11.903183 1.573735 1.058787
v -11.778714 1.745845 0.720893
v -11.795503 1.759744 0.726541
v -11.783631 1.755673 0.724886
v -11.891312 1.759744 0.726541
v -11.908100 1.745845 0.720893
v -11.903183 1.755673 0.724886
v -11.778714 1.855997 0.364684
v -11.795503 1.870753 0.367563
v -11.783631 1.866431 0.366720
v -11.891312 1.870753 0.367563
v -11.908100 1.855997 0.364684
v -11.903183 1.866431 0.366720
v -11.795503 1.908236 -0.005761
v -11.778714 1.894666 -0.020449
v -11.783631 1.904261 -0.010063
v -11.891312 1.908236 -0.005761
v -11.908100 1.894666 -0.020449
v -11.903183 1.904261 -0.010063
v -11.778714 1.860364 -0.362083
v -11.795503 1.870752 -0.379085
v -11.783631 1.867709 -0.374105
v -11.908100 1.860364 -0.362083
v -11.891312 1.870752 -0.379085
v -11.903183 1.867709 -0.374105
v -11.778714 1.745843 -0.732415
v -11.795503 1.759743 -0.738063
v -11.783631 1.755672 -0.736408
v -11.891312 1.759743 -0.738063
v -11.908100 1.745843 -0.732415
v -11.903183 1.755672 -0.736408
v -11.778714 1.566964 -1.060699
v -11.795503 1.579474 -1.068898
v -11.783631 1.575810 -1.066496
v -11.891312 1.579474 -1.068898
v -11.908100 1.566964 -1.060699
v -11.903183 1.575810 -1.066496
v -11.778714 1.316689 -1.359850
v -11.795503 1.336872 -1.358877
v -11.783631 1.330961 -1.359162
v -11.891312 1.336872 -1.358877
v -11.908100 1.316689 -1.359850
v -11.903183 1.330961 -1.359162
v -11.795503 1.041262 -1.596857
v -11.778714 1.046172 -1.577629
v -11.783631 1.042700 -1.591225
v -11.908100 1.046172 -1.577629
v -11.891312 1.041262 -1.596857
v -11.903183 1.042700 -1.591225
v -11.778714 0.698245 -1.760057
v -11.795503 0.704002 -1.773692
v -11.783631 0.702316 -1.769698
v -11.891312 0.704002 -1.773692
v -11.908100 0.698245 -1.760057
v -11.903183 0.702316 -1.769699
v -11.908100 -0.057488 -2.028966
v -11.891312 -0.042515 -2.012761
v -11.903183 -0.046901 -2.017508
v -11.778714 -0.057488 -2.028966
v -11.795503 -0.042515 -2.012761
v -11.783631 -0.046901 -2.017508
v -11.795503 -0.441664 -1.974197
v -11.778714 -0.430202 -1.992956
v -11.783631 -0.438307 -1.979691
v -11.891312 -0.441664 -1.974197
v -11.908100 -0.430202 -1.992956
v -11.903183 -0.438307 -1.979691
v -11.908100 0.359566 -1.988673
v -11.891312 0.356631 -1.974198
v -11.903183 0.357491 -1.978437
v -11.795503 0.356631 -1.974198
v -11.778714 0.359566 -1.988673
v -11.783631 0.357491 -1.978437
v -11.795503 -0.825474 -1.859987
v -11.778714 -0.831232 -1.873622
v -11.783631 -0.827160 -1.863981
v -11.908100 -0.831232 -1.873622
v -11.891312 -0.825474 -1.859987
v -11.903183 -0.827160 -1.863981
v -11.795503 -1.179195 -1.674520
v -11.778714 -1.187554 -1.686791
v -11.783631 -1.181643 -1.678114
v -11.908100 -1.187554 -1.686791
v -11.891312 -1.179195 -1.674520
v -11.903183 -1.181643 -1.678114
v -11.795503 -1.489235 -1.424924
v -11.778714 -1.511503 -1.425997
v -11.783631 -1.495757 -1.425238
v -11.908100 -1.511503 -1.425997
v -11.891312 -1.489235 -1.424924
v -11.903183 -1.495757 -1.425238
v -11.778714 -1.749095 -1.142005
v -11.795503 -1.743677 -1.120790
v -11.783631 -1.745264 -1.127003
v -11.891312 -1.743677 -1.120790
v -11.908100 -1.749095 -1.142005
v -11.903183 -1.745264 -1.127003
v -11.795503 -1.932745 -0.773805
v -11.778714 -1.946645 -0.779453
v -11.783631 -1.936816 -0.775460
v -11.908100 -1.946645 -0.779453
v -11.891312 -1.932745 -0.773805
v -11.903183 -1.936816 -0.775460
v -11.795503 -2.049173 -0.397306
v -11.778714 -2.063929 -0.400185
v -11.783631 -2.053495 -0.398149
v -11.908100 -2.063929 -0.400185
v -11.891312 -2.049173 -0.397306
v -11.903183 -2.053495 -0.398149
v -11.795503 -2.088485 -0.005759
v -11.778714 -2.105005 0.008928
v -11.783631 -2.093324 -0.001458
v -11.891312 -2.088485 -0.005759
v -11.908100 -2.105005 0.008928
v -11.903183 -2.093324 -0.001458
v -11.778714 -2.068296 0.374543
v -11.795503 -2.049173 0.385787
v -11.783631 -2.054774 0.382494
v -11.908100 -2.068296 0.374543
v -11.891312 -2.049173 0.385787
v -11.903183 -2.054774 0.382494
v -11.795503 -1.932745 0.762287
v -11.778714 -1.946645 0.767935
v -11.783631 -1.936816 0.763941
v -11.908100 -1.946645 0.767935
v -11.891312 -1.932745 0.762287
v -11.903183 -1.936816 0.763941
v -11.795503 -1.743677 1.109271
v -11.778714 -1.756187 1.117470
v -11.783631 -1.747341 1.111672
v -11.908100 -1.756187 1.117470
v -11.891312 -1.743677 1.109271
v -11.903183 -1.747341 1.111672
v -11.795503 -1.489235 1.413405
v -11.778714 -1.490329 1.435250
v -11.783631 -1.489555 1.419803
v -11.891312 -1.489235 1.413405
v -11.908100 -1.490329 1.435250
v -11.903183 -1.489555 1.419803
v -11.795503 -1.179195 1.663002
v -11.778714 -1.200822 1.668316
v -11.783631 -1.185530 1.664558
v -11.908100 -1.200822 1.668316
v -11.891312 -1.179195 1.663002
v -11.903183 -1.185530 1.664558
v -11.795503 -0.825474 1.848468
v -11.778714 -0.831231 1.862104
v -11.783631 -0.827160 1.852462
v -11.908100 -0.831231 1.862104
v -11.891312 -0.825474 1.848468
v -11.903183 -0.827160 1.852462
v -11.795503 -0.441664 1.962678
v -11.778714 -0.444599 1.977153
v -11.783631 -0.442523 1.966918
v -11.908100 -0.444599 1.977153
v -11.891312 -0.441664 1.962678
v -11.903183 -0.442523 1.966918
v -11.778714 -0.027542 2.017448
v -11.795503 -0.042514 2.001242
v -11.783631 -0.038129 2.005989
v -11.891312 -0.042514 2.001242
v -11.908100 -0.027542 2.017448
v -11.903183 -0.038129 2.005989
v -11.795503 0.356635 1.962678
v -11.778714 0.345173 1.981437
v -11.783631 0.353278 1.968172
v -11.908100 0.345173 1.981437
v -11.891312 0.356635 1.962678
v -11.903183 0.353278 1.968172
v -11.795503 0.740445 1.848468
v -11.778714 0.746202 1.862103
v -11.783631 0.742131 1.852461
v -11.908100 0.746202 1.862103
v -11.891312 0.740445 1.848468
v -11.903183 0.742131 1.852461
v -11.795503 1.094166 1.663001
v -11.778714 1.102525 1.675272
v -11.783631 1.096614 1.666595
v -11.908100 1.102525 1.675272
v -11.891312 1.094166 1.663001
v -11.903183 1.096614 1.666595
v -11.778714 1.426474 1.414477
v -11.795503 1.404206 1.413404
v -11.783631 1.410728 1.413719
v -11.891312 1.404206 1.413404
v -11.908100 1.426474 1.414477
v -11.903183 1.410728 1.413719
v -11.795503 1.658648 1.109270
v -11.778714 1.664065 1.130485
v -11.783631 1.660235 1.115484
v -11.908100 1.664065 1.130485
v -11.891312 1.658648 1.109270
v -11.903183 1.660235 1.115484
v -11.795503 1.847716 0.762286
v -11.778714 1.861616 0.767933
v -11.783631 1.851787 0.763940
v -11.908100 1.861616 0.767933
v -11.891312 1.847716 0.762286
v -11.903183 1.851787 0.763940
v -11.795503 1.964143 0.385786
v -11.778714 1.978899 0.388665
v -11.783631 1.968465 0.386629
v -11.908100 1.978899 0.388665
v -11.891312 1.964143 0.385786
v -11.903183 1.968465 0.386629
v -11.778714 2.019975 -0.020449
v -11.795503 2.003456 -0.005761
v -11.783631 2.008294 -0.010063
v -11.908100 2.019975 -0.020449
v -11.891312 2.003456 -0.005761
v -11.903183 2.008294 -0.010063
v -11.795503 1.964142 -0.397308
v -11.778714 1.983266 -0.386064
v -11.783631 1.969743 -0.394015
v -11.891312 1.964142 -0.397308
v -11.908100 1.983266 -0.386064
v -11.903183 1.969743 -0.394015
v -11.795503 1.847715 -0.773808
v -11.778714 1.861614 -0.779455
v -11.783631 1.851786 -0.775462
v -11.908100 1.861614 -0.779456
v -11.891312 1.847715 -0.773808
v -11.903183 1.851786 -0.775462
v -11.795503 1.658646 -1.120792
v -11.778714 1.671155 -1.128991
v -11.783631 1.662310 -1.123193
v -11.908100 1.671155 -1.128991
v -11.891312 1.658646 -1.120792
v -11.903183 1.662310 -1.123193
v -11.795503 1.404203 -1.424926
v -11.778714 1.405297 -1.446770
v -11.783631 1.404523 -1.431324
v -11.908100 1.405297 -1.446770
v -11.891312 1.404203 -1.424926
v -11.903183 1.404523 -1.431324
v -11.778714 1.115790 -1.679836
v -11.795503 1.094163 -1.674522
v -11.783631 1.100497 -1.676078
v -11.891312 1.094163 -1.674522
v -11.908100 1.115790 -1.679836
v -11.903183 1.100497 -1.676078
v -11.795503 0.740441 -1.859988
v -11.778714 0.746199 -1.873624
v -11.783631 0.742128 -1.863982
v -11.908100 0.746199 -1.873624
v -11.891312 0.740441 -1.859988
v -11.903183 0.742127 -1.863982
v -11.908100 -0.053301 -2.050552
v -11.844250 -0.042515 -2.106167
v -11.889399 -0.045674 -2.089878
v -11.842565 -0.042515 -2.106167
v -11.778714 -0.053301 -2.050552
v -11.797416 -0.045674 -2.089878
v -11.778714 -0.438601 -2.013326
v -11.842565 -0.460241 -2.065809
v -11.797416 -0.453902 -2.050437
v -11.844250 -0.460241 -2.065809
v -11.908100 -0.438601 -2.013326
v -11.889399 -0.453903 -2.050437
v -11.844250 0.375207 -2.065809
v -11.908100 0.363947 -2.010279
v -11.889399 0.371909 -2.049545
v -11.778714 0.363947 -2.010279
v -11.842565 0.375207 -2.065809
v -11.797416 0.371909 -2.049545
v -11.778714 -0.839826 -1.893975
v -11.842565 -0.861913 -1.946283
v -11.797416 -0.855444 -1.930962
v -11.844250 -0.861913 -1.946283
v -11.908100 -0.839826 -1.893975
v -11.889399 -0.855444 -1.930962
v -11.778714 -1.200030 -1.705108
v -11.842565 -1.232096 -1.752185
v -11.797416 -1.222705 -1.738396
v -11.844250 -1.232096 -1.752185
v -11.908100 -1.200030 -1.705108
v -11.889399 -1.222705 -1.738396
v -11.778714 -1.524103 -1.444165
v -11.842565 -1.556565 -1.490972
v -11.797416 -1.547057 -1.477262
v -11.844250 -1.556565 -1.490972
v -11.908100 -1.524103 -1.444165
v -11.889399 -1.547057 -1.477262
v -11.778714 -1.769717 -1.150583
v -11.842564 -1.822850 -1.172683
v -11.797415 -1.807288 -1.166210
v -11.844248 -1.822850 -1.172683
v -11.908100 -1.769717 -1.150583
v -11.889398 -1.807288 -1.166210
v -11.778713 -1.967393 -0.787884
v -11.842564 -2.020716 -0.809550
v -11.797415 -2.005099 -0.803204
v -11.844248 -2.020716 -0.809550
v -11.908099 -1.967393 -0.787884
v -11.889398 -2.005099 -0.803204
v -11.778714 -2.085954 -0.404483
v -11.842564 -2.142563 -0.415529
v -11.797415 -2.125982 -0.412293
v -11.844248 -2.142563 -0.415529
v -11.908100 -2.085954 -0.404483
v -11.889398 -2.125982 -0.412293
v -11.778714 -2.127010 0.004821
v -11.842565 -2.183705 -0.005759
v -11.797416 -2.167100 -0.002660
v -11.844250 -2.183705 -0.005759
v -11.908100 -2.127010 0.004821
v -11.889399 -2.167100 -0.002661
v -11.778714 -2.089062 0.382782
v -11.842565 -2.142563 0.404010
v -11.797416 -2.126893 0.397792
v -11.844250 -2.142563 0.404010
v -11.908100 -2.089062 0.382782
v -11.889399 -2.126893 0.397792
v -11.778714 -1.967393 0.776365
v -11.842565 -2.020716 0.798032
v -11.797416 -2.005099 0.791686
v -11.844250 -2.020716 0.798032
v -11.908100 -1.967393 0.776365
v -11.889399 -2.005099 0.791686
v -11.778714 -1.774860 1.129709
v -11.842565 -1.822850 1.161165
v -11.797416 -1.808794 1.151951
v -11.844250 -1.822850 1.161165
v -11.908100 -1.774860 1.129709
v -11.889399 -1.808794 1.151951
v -11.778714 -1.508849 1.447609
v -11.842565 -1.556565 1.479453
v -11.797416 -1.542589 1.470126
v -11.844250 -1.556565 1.479453
v -11.908100 -1.508849 1.447609
v -11.889399 -1.542589 1.470126
v -11.778714 -1.209567 1.688546
v -11.842565 -1.232096 1.740666
v -11.797416 -1.225498 1.725400
v -11.844250 -1.232096 1.740666
v -11.908100 -1.209567 1.688546
v -11.889399 -1.225498 1.725400
v -11.778714 -0.839825 1.882456
v -11.842565 -0.861913 1.934764
v -11.797416 -0.855443 1.919443
v -11.844250 -0.861913 1.934764
v -11.908100 -0.839825 1.882456
v -11.889399 -0.855443 1.919443
v -11.778714 -0.448980 1.998760
v -11.842565 -0.460240 2.054290
v -11.797416 -0.456942 2.038025
v -11.844250 -0.460240 2.054290
v -11.908100 -0.448980 1.998760
v -11.889399 -0.456942 2.038025
v -11.778714 -0.031728 2.039034
v -11.842565 -0.042514 2.094649
v -11.797416 -0.039355 2.078359
v -11.844250 -0.042514 2.094649
v -11.908100 -0.031728 2.039034
v -11.889399 -0.039355 2.078359
v -11.778714 0.353572 2.001807
v -11.842565 0.375211 2.054289
v -11.797416 0.368873 2.038918
v -11.844250 0.375211 2.054289
v -11.908100 0.353572 2.001807
v -11.889399 0.368873 2.038918
v -11.778714 0.754796 1.882455
v -11.842565 0.776884 1.934764
v -11.797416 0.770415 1.919443
v -11.844250 0.776884 1.934764
v -11.908100 0.754796 1.882455
v -11.889399 0.770415 1.919443
v -11.778714 1.115001 1.693589
v -11.842565 1.147068 1.740665
v -11.797416 1.137676 1.726877
v -11.844250 1.147068 1.740665
v -11.908100 1.115001 1.693589
v -11.889399 1.137676 1.726877
v -11.778714 1.439074 1.432645
v -11.842565 1.471536 1.479452
v -11.797416 1.462028 1.465743
v -11.844250 1.471536 1.479452
v -11.908100 1.439074 1.432645
v -11.889399 1.462028 1.465743
v -11.778714 1.684688 1.139063
v -11.842565 1.737820 1.161163
v -11.797416 1.722258 1.154691
v -11.844250 1.737820 1.161163
v -11.908100 1.684688 1.139063
v -11.889399 1.722258 1.154691
v -11.778714 1.882363 0.776364
v -11.842565 1.935687 0.798030
v -11.797416 1.920069 0.791685
v -11.844250 1.935687 0.798030
v -11.908100 1.882363 0.776364
v -11.889399 1.920069 0.791685
v -11.778714 2.000925 0.392963
v -11.842565 2.057533 0.404008
v -11.797416 2.040953 0.400773
v -11.844250 2.057533 0.404008
v -11.908100 2.000925 0.392963
v -11.889399 2.040953 0.400773
v -11.778714 2.041981 -0.016342
v -11.842565 2.098675 -0.005761
v -11.797416 2.082070 -0.008860
v -11.844250 2.098675 -0.005761
v -11.908100 2.041981 -0.016342
v -11.889399 2.082070 -0.008860
v -11.778714 2.004031 -0.394303
v -11.842565 2.057533 -0.415531
v -11.797416 2.041862 -0.409313
v -11.844250 2.057533 -0.415531
v -11.908100 2.004031 -0.394303
v -11.889399 2.041862 -0.409313
v -11.778714 1.882362 -0.787886
v -11.842565 1.935686 -0.809553
v -11.797416 1.920068 -0.803207
v -11.844250 1.935686 -0.809553
v -11.908100 1.882362 -0.787886
v -11.889399 1.920068 -0.803207
v -11.778714 1.689828 -1.141230
v -11.842565 1.737818 -1.172686
v -11.797416 1.723762 -1.163473
v -11.844250 1.737818 -1.172686
v -11.908100 1.689828 -1.141230
v -11.889399 1.723762 -1.163473
v -11.778714 1.423817 -1.459130
v -11.842565 1.471533 -1.490974
v -11.797416 1.457557 -1.481647
v -11.844250 1.471533 -1.490974
v -11.908100 1.423817 -1.459130
v -11.889399 1.457557 -1.481647
v -11.778714 1.124534 -1.700066
v -11.842565 1.147064 -1.752186
v -11.797416 1.140465 -1.736920
v -11.844250 1.147064 -1.752186
v -11.908100 1.124534 -1.700066
v -11.889399 1.140465 -1.736920
v -11.778714 0.754793 -1.893976
v -11.842565 0.776880 -1.946284
v -11.797416 0.770411 -1.930963
v -11.844250 0.776880 -1.946284
v -11.908100 0.754793 -1.893976
v -11.889399 0.770411 -1.930963
v 12.566968 0.601485 -1.530900
v 12.567051 0.612061 -1.555948
v 12.573427 0.606768 -1.543413
v 12.549149 0.618200 -1.570487
v 12.518160 0.618223 -1.570540
v 12.533672 0.620402 -1.575701
v 12.519228 0.933348 -1.404241
v 12.549149 0.916696 -1.413978
v 12.533985 0.924760 -1.415804
v 12.567051 0.907782 -1.400892
v 12.568036 0.909047 -1.368566
v 12.573740 0.904966 -1.386745
v 12.567051 1.166985 -1.192222
v 12.568036 1.134418 -1.187132
v 12.573740 1.153390 -1.186753
v 12.549149 1.178330 -1.203351
v 12.519228 1.165346 -1.217472
v 12.533985 1.178583 -1.211465
v 12.518160 1.393095 -0.946733
v 12.549149 1.393046 -0.946701
v 12.533672 1.397830 -0.949836
v 12.567051 1.379707 -0.937958
v 12.566968 1.356727 -0.922896
v 12.573427 1.368207 -0.930420
v 12.568036 1.641280 -0.024750
v 12.567051 1.667977 -0.005759
v 12.573740 1.654422 -0.011322
v 12.549149 1.684022 -0.005759
v 12.519228 1.685019 -0.024750
v 12.533985 1.690050 -0.011322
v 12.518160 1.650904 0.324667
v 12.549149 1.650846 0.324655
v 12.533672 1.656489 0.325756
v 12.567051 1.635111 0.321585
v 12.566968 1.608005 0.316296
v 12.573427 1.621547 0.318938
v 12.566968 1.512241 0.625975
v 12.567051 1.537775 0.636350
v 12.573427 1.524997 0.631158
v 12.549149 1.552597 0.642373
v 12.518160 1.552651 0.642395
v 12.533672 1.557912 0.644532
v 12.519228 1.383123 0.951517
v 12.549149 1.393049 0.935183
v 12.533985 1.394911 0.943093
v 12.567051 1.379708 0.926439
v 12.568036 1.346755 0.927680
v 12.573740 1.365287 0.923677
v 12.566968 0.601488 1.519383
v 12.567051 0.612064 1.544430
v 12.573427 0.606771 1.531896
v 12.549149 0.618204 1.558970
v 12.518160 0.618226 1.559023
v 12.533672 0.620405 1.564184
v 12.519228 0.275525 1.660014
v 12.549149 0.294318 1.655349
v 12.533985 0.289932 1.662234
v 12.567051 0.291188 1.639913
v 12.568036 0.266992 1.617933
v 12.573740 0.282982 1.627957
v 12.568036 -0.023153 1.645965
v 12.567051 -0.042513 1.672154
v 12.573740 -0.036843 1.658857
v 12.549149 -0.042513 1.687893
v 12.519228 -0.023153 1.688872
v 12.533985 -0.036843 1.693806
v 12.518160 -0.379355 1.655406
v 12.549149 -0.379343 1.655349
v 12.533672 -0.380466 1.660884
v 12.567051 -0.376213 1.639914
v 12.566968 -0.370822 1.613324
v 12.573427 -0.373515 1.626607
v 12.568036 -1.219446 1.175615
v 12.567051 -1.252013 1.180705
v 12.573740 -1.238419 1.175236
v 12.549149 -1.263358 1.191834
v 12.519228 -1.250374 1.205955
v 12.533985 -1.263611 1.199948
v 12.518160 -1.478123 0.935216
v 12.549149 -1.478074 0.935183
v 12.533672 -1.482858 0.938319
v 12.567051 -1.464735 0.926440
v 12.566968 -1.441755 0.911378
v 12.573427 -1.453235 0.918903
v 12.566968 -1.597268 0.625976
v 12.567051 -1.622801 0.636351
v 12.573427 -1.610023 0.631159
v 12.549149 -1.637623 0.642374
v 12.518160 -1.637678 0.642396
v 12.533672 -1.642938 0.644533
v 12.519228 -1.740629 0.306222
v 12.549149 -1.735874 0.324657
v 12.533985 -1.742892 0.320355
v 12.568036 -1.697730 0.297851
v 12.567051 -1.720137 0.321586
v 12.573740 -1.707949 0.313537
v 12.566968 -1.597268 -0.637492
v 12.567051 -1.622801 -0.647867
v 12.573427 -1.610023 -0.642675
v 12.549149 -1.637623 -0.653889
v 12.518160 -1.637678 -0.653911
v 12.533672 -1.642938 -0.656049
v 12.549149 -1.478075 -0.946699
v 12.519228 -1.468149 -0.963033
v 12.533985 -1.479937 -0.954609
v 12.567051 -1.464735 -0.937955
v 12.568036 -1.431781 -0.939196
v 12.573740 -1.450314 -0.935193
v 12.568036 -1.246825 -1.160274
v 12.567051 -1.252013 -1.192220
v 12.573740 -1.246438 -1.178885
v 12.549149 -1.263358 -1.203349
v 12.519228 -1.277753 -1.190613
v 12.533985 -1.271630 -1.203598
v 12.518160 -1.001757 -1.414024
v 12.549149 -1.001724 -1.413976
v 12.533672 -1.004921 -1.418669
v 12.567051 -0.992811 -1.400891
v 12.566968 -0.977457 -1.378349
v 12.573427 -0.985127 -1.389610
v 12.518160 -0.703252 -1.570539
v 12.549149 -0.703230 -1.570486
v 12.533672 -0.705431 -1.575700
v 12.567051 -0.697090 -1.555946
v 12.566968 -0.686514 -1.530899
v 12.573427 -0.691797 -1.543412
v 12.519228 -1.770046 0.013233
v 12.549149 -1.769048 -0.005758
v 12.533985 -1.775076 -0.000196
v 12.568036 -1.726307 0.013233
v 12.567051 -1.753004 -0.005758
v 12.573740 -1.739449 -0.000196
v 12.518160 -0.703252 1.559024
v 12.549149 -0.703229 1.558971
v 12.533672 -0.705431 1.564185
v 12.567051 -0.697090 1.544431
v 12.566968 -0.686513 1.519384
v 12.573427 -0.691797 1.531896
v 12.549149 1.178332 1.191833
v 12.519228 1.192727 1.179097
v 12.533985 1.186604 1.192081
v 12.567051 1.166987 1.180704
v 12.568036 1.161798 1.148757
v 12.573740 1.161412 1.167369
v 12.518160 1.552650 -0.653913
v 12.549149 1.552596 -0.653891
v 12.533672 1.557911 -0.656051
v 12.567051 1.537774 -0.647869
v 12.566968 1.512240 -0.637494
v 12.573427 1.524996 -0.642677
v 12.567051 -0.042513 -1.683669
v 12.568036 -0.061873 -1.657481
v 12.573740 -0.048184 -1.670372
v 12.519228 -0.061873 -1.700387
v 12.549149 -0.042513 -1.699408
v 12.533985 -0.048184 -1.705321
v 12.518160 0.294326 -1.666921
v 12.549149 0.294314 -1.666865
v 12.533672 0.295437 -1.672400
v 12.567051 0.291184 -1.651430
v 12.566968 0.285793 -1.624840
v 12.573427 0.288486 -1.638123
v 12.519228 1.655602 -0.317739
v 12.549149 1.650846 -0.336174
v 12.533985 1.657865 -0.331873
v 12.567051 1.635110 -0.333104
v 12.568036 1.612703 -0.309369
v 12.573740 1.622922 -0.325054
v 12.518160 0.916731 1.402508
v 12.549149 0.916699 1.402460
v 12.533672 0.919895 1.407153
v 12.567051 0.907785 1.389375
v 12.566968 0.892431 1.366833
v 12.573427 0.900101 1.378094
v 12.519228 -1.018376 1.392724
v 12.549149 -1.001725 1.402461
v 12.533985 -1.009788 1.404288
v 12.568036 -0.994076 1.357049
v 12.567051 -0.992811 1.389375
v 12.573740 -0.989995 1.375228
v 12.518160 -1.735930 -0.336184
v 12.549149 -1.735873 -0.336173
v 12.533672 -1.741516 -0.337274
v 12.567051 -1.720138 -0.333102
v 12.566968 -1.693032 -0.327813
v 12.573427 -1.706573 -0.330455
v 12.519228 -0.360551 -1.671530
v 12.549149 -0.379344 -1.666865
v 12.533985 -0.374958 -1.673750
v 12.567051 -0.376214 -1.651429
v 12.568036 -0.352018 -1.629449
v 12.573740 -0.368008 -1.639473
v 12.655095 0.641966 -1.626770
v 12.686084 0.641944 -1.626716
v 12.670572 0.639764 -1.621556
v 12.637276 0.658682 -1.666357
v 12.637193 0.648105 -1.641309
v 12.630816 0.653398 -1.653844
v 12.638344 0.992085 -1.490473
v 12.637193 0.960111 -1.477716
v 12.631128 0.972662 -1.486131
v 12.655095 0.951198 -1.464630
v 12.687152 0.967784 -1.454798
v 12.670886 0.952869 -1.457072
v 12.687152 1.209176 -1.260467
v 12.655095 1.222242 -1.246427
v 12.670885 1.214359 -1.246560
v 12.637193 1.233587 -1.257556
v 12.638344 1.240104 -1.290806
v 12.631131 1.239552 -1.271273
v 12.637193 1.458022 -0.989289
v 12.637276 1.481002 -1.004352
v 12.630816 1.469522 -0.996827
v 12.686084 1.444634 -0.980514
v 12.655095 1.444683 -0.980546
v 12.670572 1.439899 -0.977411
v 12.655095 1.746123 -0.005759
v 12.687152 1.747004 -0.024750
v 12.670886 1.740645 -0.011321
v 12.638344 1.790744 -0.024750
v 12.637193 1.762167 -0.005759
v 12.631128 1.776273 -0.011322
v 12.637193 1.727491 0.339610
v 12.637276 1.754597 0.344900
v 12.630816 1.741056 0.342257
v 12.686084 1.711698 0.336529
v 12.655095 1.711756 0.336540
v 12.670572 1.706113 0.335439
v 12.655095 1.609972 0.665686
v 12.686084 1.609918 0.665664
v 12.670572 1.604657 0.663526
v 12.637276 1.650328 0.682083
v 12.637193 1.624794 0.671708
v 12.630816 1.637572 0.676900
v 12.637193 1.458025 0.977771
v 12.638344 1.471029 1.009135
v 12.631128 1.466603 0.990083
v 12.655095 1.444684 0.969027
v 12.687152 1.434662 0.985298
v 12.670886 1.436980 0.970667
v 12.655095 0.641969 1.615253
v 12.686084 0.641947 1.615199
v 12.670572 0.639768 1.610039
v 12.637276 0.658685 1.654840
v 12.637193 0.648109 1.629792
v 12.630816 0.653401 1.642327
v 12.637193 0.309563 1.730534
v 12.638344 0.296151 1.761732
v 12.631128 0.306754 1.745190
v 12.687152 0.287617 1.719650
v 12.655095 0.306433 1.715097
v 12.670886 0.299803 1.710912
v 12.655095 -0.042513 1.748811
v 12.687152 -0.023153 1.749675
v 12.670886 -0.036843 1.743438
v 12.638344 -0.023153 1.792582
v 12.637193 -0.042513 1.764550
v 12.631128 -0.036843 1.778387
v 12.637193 -0.394589 1.730533
v 12.637276 -0.399980 1.757123
v 12.630816 -0.397287 1.743840
v 12.686084 -0.391447 1.715042
v 12.655095 -0.391459 1.715098
v 12.670572 -0.390336 1.709563
v 12.687152 -1.294204 1.248950
v 12.655095 -1.307270 1.234910
v 12.670885 -1.299387 1.235043
v 12.637193 -1.318615 1.246039
v 12.638344 -1.325132 1.279289
v 12.631128 -1.324580 1.259756
v 12.637193 -1.543050 0.977772
v 12.637276 -1.566030 0.992834
v 12.630816 -1.554550 0.985310
v 12.686084 -1.529662 0.968997
v 12.655095 -1.529711 0.969029
v 12.670572 -1.524927 0.965893
v 12.655095 -1.694999 0.665687
v 12.686084 -1.694944 0.665665
v 12.670572 -1.689683 0.663527
v 12.637276 -1.735354 0.682084
v 12.637193 -1.709821 0.671709
v 12.630816 -1.722599 0.676901
v 12.638344 -1.844322 0.326455
v 12.637193 -1.812518 0.339612
v 12.631128 -1.827458 0.336856
v 12.655095 -1.796782 0.336541
v 12.687152 -1.801423 0.318084
v 12.670886 -1.792515 0.330038
v 12.655095 -1.694999 -0.677202
v 12.686084 -1.694944 -0.677180
v 12.670572 -1.689683 -0.675043
v 12.637276 -1.735354 -0.693600
v 12.637193 -1.709821 -0.683225
v 12.630816 -1.722599 -0.688417
v 12.638344 -1.556055 -1.020652
v 12.637193 -1.543051 -0.989288
v 12.631128 -1.551629 -1.001600
v 12.687152 -1.519687 -0.996814
v 12.655095 -1.529710 -0.980544
v 12.670886 -1.522006 -0.982183
v 12.655095 -1.307270 -1.246425
v 12.687152 -1.321583 -1.233608
v 12.670885 -1.307406 -1.238693
v 12.638344 -1.352511 -1.263947
v 12.637193 -1.318615 -1.257554
v 12.631131 -1.332599 -1.263405
v 12.637193 -1.045140 -1.477714
v 12.637276 -1.060494 -1.500256
v 12.630816 -1.052824 -1.488995
v 12.686084 -1.036194 -1.464581
v 12.655095 -1.036227 -1.464629
v 12.670572 -1.033031 -1.459936
v 12.637193 -0.733135 -1.641308
v 12.637276 -0.743711 -1.666355
v 12.630816 -0.738428 -1.653843
v 12.686084 -0.726973 -1.626715
v 12.655095 -0.726995 -1.626769
v 12.670572 -0.724794 -1.621554
v 12.637193 -1.847194 -0.005758
v 12.638344 -1.875770 0.013233
v 12.631128 -1.861300 -0.000196
v 12.655095 -1.831150 -0.005758
v 12.687152 -1.832031 0.013233
v 12.670886 -1.825672 -0.000196
v 12.637193 -0.733134 1.629793
v 12.637276 -0.743711 1.654840
v 12.630816 -0.738427 1.642328
v 12.686084 -0.726972 1.615200
v 12.655095 -0.726995 1.615253
v 12.670572 -0.724793 1.610039
v 12.638344 1.267485 1.252431
v 12.637193 1.233589 1.246038
v 12.631131 1.247573 1.251889
v 12.687152 1.236557 1.222092
v 12.655095 1.222244 1.234909
v 12.670885 1.222380 1.227176
v 12.637193 1.624793 -0.683227
v 12.637276 1.650326 -0.693602
v 12.630816 1.637571 -0.688419
v 12.686084 1.609917 -0.677182
v 12.655095 1.609971 -0.677204
v 12.670572 1.604656 -0.675044
v 12.687152 -0.061873 -1.761191
v 12.655095 -0.042513 -1.760327
v 12.670886 -0.048183 -1.754953
v 12.637193 -0.042513 -1.776065
v 12.638344 -0.061873 -1.804098
v 12.631128 -0.048183 -1.789902
v 12.637193 0.309560 -1.742049
v 12.637276 0.314951 -1.768639
v 12.630816 0.312258 -1.755356
v 12.686084 0.306418 -1.726558
v 12.655095 0.306430 -1.726614
v 12.670572 0.305307 -1.721079
v 12.637193 1.727491 -0.351129
v 12.638344 1.759294 -0.337972
v 12.631128 1.742431 -0.348374
v 12.687152 1.716396 -0.329602
v 12.655095 1.711754 -0.348059
v 12.670886 1.707488 -0.341556
v 12.637193 0.960114 1.466198
v 12.637276 0.975469 1.488740
v 12.630816 0.967798 1.477479
v 12.686084 0.951168 1.453065
v 12.655095 0.951201 1.453113
v 12.670572 0.948005 1.448420
v 12.638344 -1.077113 1.478956
v 12.637193 -1.045140 1.466199
v 12.631131 -1.057691 1.474614
v 12.655095 -1.036226 1.453113
v 12.687152 -1.052813 1.443281
v 12.670886 -1.037898 1.445555
v 12.637193 -1.812517 -0.351128
v 12.637276 -1.839623 -0.356417
v 12.630816 -1.826082 -0.353775
v 12.686084 -1.796724 -0.348046
v 12.655095 -1.796782 -0.348057
v 12.670572 -1.791139 -0.346956
v 12.637193 -0.394589 -1.742050
v 12.638344 -0.381176 -1.773248
v 12.631128 -0.391780 -1.756706
v 12.687152 -0.372643 -1.731166
v 12.655095 -0.391459 -1.726613
v 12.670886 -0.384829 -1.722428
v 12.699035 0.646342 -1.637134
v 12.699109 0.656922 -1.662189
v 12.705489 0.651627 -1.649649
v 12.681225 0.663055 -1.676713
v 12.650227 0.663081 -1.676774
v 12.665740 0.665259 -1.681933
v 12.650227 0.981852 -1.509633
v 12.681225 0.981815 -1.509579
v 12.665740 0.985014 -1.514276
v 12.699109 0.972911 -1.496507
v 12.699035 0.957552 -1.473958
v 12.705489 0.965223 -1.485221
v 12.699035 1.230329 -1.254360
v 12.699109 1.249877 -1.273536
v 12.705489 1.240093 -1.263938
v 12.681225 1.261210 -1.284653
v 12.650227 1.261257 -1.284699
v 12.665740 1.265282 -1.288647
v 12.650227 1.490559 -1.010616
v 12.681225 1.490504 -1.010580
v 12.665740 1.495292 -1.013718
v 12.699109 1.477178 -1.001845
v 12.699035 1.454191 -0.986779
v 12.705489 1.465673 -0.994304
v 12.699035 1.757560 -0.005759
v 12.699109 1.785205 -0.005760
v 12.705489 1.771368 -0.005759
v 12.681225 1.801232 -0.005760
v 12.650227 1.801299 -0.005760
v 12.665740 1.806991 -0.005760
v 12.650227 1.765871 0.347099
v 12.681225 1.765805 0.347086
v 12.665740 1.771453 0.348189
v 12.699109 1.750086 0.344019
v 12.699035 1.722972 0.338729
v 12.705489 1.736516 0.341371
v 12.699035 1.620538 0.669979
v 12.699109 1.646079 0.680357
v 12.705489 1.633295 0.675162
v 12.681225 1.660886 0.686373
v 12.650227 1.660947 0.686398
v 12.665740 1.666206 0.688535
v 12.650227 1.490561 0.999098
v 12.681225 1.490506 0.999061
v 12.665740 1.495294 1.002200
v 12.699109 1.477180 0.990327
v 12.699035 1.454193 0.975260
v 12.705489 1.465675 0.982786
v 12.699035 0.646345 1.625617
v 12.699109 0.656925 1.650671
v 12.705489 0.651630 1.638131
v 12.681225 0.663058 1.665196
v 12.650227 0.663084 1.665257
v 12.665740 0.665262 1.670416
v 12.650227 0.317197 1.768182
v 12.681225 0.317184 1.768118
v 12.665740 0.318308 1.773659
v 12.699109 0.314058 1.752698
v 12.699035 0.308664 1.726101
v 12.705489 0.311358 1.739386
v 12.699035 -0.042513 1.760030
v 12.699109 -0.042513 1.787149
v 12.705489 -0.042513 1.773576
v 12.681225 -0.042513 1.802871
v 12.650227 -0.042513 1.802936
v 12.665740 -0.042513 1.808520
v 12.650227 -0.402223 1.768183
v 12.681225 -0.402210 1.768118
v 12.665740 -0.403333 1.773659
v 12.699109 -0.399083 1.752699
v 12.699035 -0.393690 1.726101
v 12.705489 -0.396384 1.739386
v 12.699035 -1.315357 1.242842
v 12.699109 -1.334905 1.262018
v 12.705489 -1.325121 1.252421
v 12.681225 -1.346238 1.273135
v 12.650227 -1.346285 1.273182
v 12.665740 -1.350310 1.277130
v 12.650227 -1.575587 0.999099
v 12.681225 -1.575532 0.999062
v 12.665740 -1.580320 1.002201
v 12.699109 -1.562206 0.990328
v 12.699035 -1.539219 0.975261
v 12.705489 -1.550701 0.982787
v 12.699035 -1.705564 0.669980
v 12.699109 -1.731105 0.680358
v 12.705489 -1.718322 0.675163
v 12.681225 -1.745912 0.686374
v 12.650227 -1.745974 0.686399
v 12.665740 -1.751233 0.688536
v 12.650227 -1.850897 0.347101
v 12.681225 -1.850832 0.347088
v 12.665740 -1.856480 0.348190
v 12.699109 -1.835113 0.344021
v 12.699035 -1.807998 0.338730
v 12.705489 -1.821542 0.341373
v 12.699035 -1.705564 -0.681495
v 12.699109 -1.731105 -0.691873
v 12.705489 -1.718322 -0.686679
v 12.681225 -1.745912 -0.697890
v 12.650227 -1.745974 -0.697915
v 12.665740 -1.751233 -0.700052
v 12.650227 -1.575587 -1.010614
v 12.681225 -1.575532 -1.010578
v 12.665740 -1.580320 -1.013716
v 12.699109 -1.562206 -1.001843
v 12.699035 -1.539219 -0.986777
v 12.705489 -1.550701 -0.994302
v 12.699035 -1.315357 -1.254358
v 12.699109 -1.334905 -1.273534
v 12.705489 -1.325121 -1.263936
v 12.681225 -1.346238 -1.284651
v 12.650227 -1.346285 -1.284698
v 12.665740 -1.350310 -1.288646
v 12.650227 -1.066880 -1.509632
v 12.681225 -1.066843 -1.509577
v 12.665740 -1.070043 -1.514274
v 12.699109 -1.057939 -1.496505
v 12.699035 -1.042580 -1.473956
v 12.705489 -1.050252 -1.485219
v 12.650227 -0.748110 -1.676773
v 12.681225 -0.748084 -1.676712
v 12.665740 -0.750288 -1.681931
v 12.699109 -0.741951 -1.662187
v 12.699035 -0.731372 -1.637133
v 12.705489 -0.736656 -1.649648
v 12.650227 -1.886325 -0.005758
v 12.681225 -1.886259 -0.005758
v 12.665740 -1.892018 -0.005758
v 12.699109 -1.870232 -0.005758
v 12.699035 -1.842586 -0.005758
v 12.705489 -1.856395 -0.005758
v 12.650227 -0.748109 1.665257
v 12.681225 -0.748084 1.665197
v 12.665740 -0.750288 1.670416
v 12.699109 -0.741951 1.650672
v 12.699035 -0.731371 1.625617
v 12.705489 -0.736656 1.638132
v 12.650227 1.261260 1.273181
v 12.681225 1.261212 1.273135
v 12.665740 1.265285 1.277129
v 12.699109 1.249880 1.262018
v 12.699035 1.230331 1.242842
v 12.705489 1.240096 1.252420
v 12.650227 1.660946 -0.697917
v 12.681225 1.660884 -0.697892
v 12.665740 1.666205 -0.700054
v 12.699109 1.646078 -0.691875
v 12.699035 1.620536 -0.681497
v 12.705489 1.633294 -0.686681
v 12.699035 -0.042513 -1.771545
v 12.699109 -0.042513 -1.798664
v 12.705489 -0.042513 -1.785091
v 12.681225 -0.042513 -1.814386
v 12.650227 -0.042513 -1.814452
v 12.665740 -0.042513 -1.820035
v 12.650227 0.317194 -1.779699
v 12.681225 0.317181 -1.779634
v 12.665740 0.318304 -1.785175
v 12.699109 0.314054 -1.764215
v 12.699035 0.308661 -1.737617
v 12.705489 0.311355 -1.750902
v 12.650227 1.765870 -0.358618
v 12.681225 1.765805 -0.358606
v 12.665740 1.771453 -0.359708
v 12.699109 1.750086 -0.355538
v 12.699035 1.722971 -0.350248
v 12.705489 1.736515 -0.352890
v 12.650227 0.981855 1.498116
v 12.681225 0.981817 1.498061
v 12.665740 0.985017 1.502758
v 12.699109 0.972914 1.484989
v 12.699035 0.957554 1.462440
v 12.705489 0.965226 1.473703
v 12.650227 -1.066880 1.498116
v 12.681225 -1.066843 1.498062
v 12.665740 -1.070043 1.502759
v 12.699109 -1.057939 1.484990
v 12.699035 -1.042580 1.462441
v 12.705489 -1.050252 1.473704
v 12.650227 -1.850897 -0.358617
v 12.681225 -1.850832 -0.358604
v 12.665740 -1.856480 -0.359706
v 12.699109 -1.835112 -0.355537
v 12.699035 -1.807998 -0.350246
v 12.705489 -1.821542 -0.352889
v 12.650227 -0.402223 -1.779698
v 12.681225 -0.402210 -1.779634
v 12.665740 -0.403334 -1.785175
v 12.699109 -0.399084 -1.764214
v 12.699035 -0.393690 -1.737616
v 12.705489 -0.396384 -1.750902
v 5.555287 -0.042513 -2.130654
v 5.555287 -0.465108 -2.089825
v 5.555287 -2.208667 -0.005758
v 5.555287 -2.167045 0.408788
v 5.555287 -0.465108 2.078309
v 5.555287 -0.042512 2.119138
v 5.555286 2.082019 0.408787
v 5.555286 2.123641 -0.005760
v 5.555286 0.380084 2.078309
v 6.565832 0.330453 1.833549
v 5.555287 0.380080 -2.089825
v 6.565832 1.832508 0.360101
v 6.231963 -0.042513 -1.962757
v 6.565833 -0.415477 -1.845066
v 6.565832 0.330449 -1.845066
v 6.565833 -1.917533 0.360103
v 6.565832 -0.415477 1.833549
v 6.565832 1.869241 -0.005760
v 6.565833 -1.917533 -0.371619
v 5.555287 -2.167045 -0.420305
v 6.565832 -0.042512 1.869584
v 5.555286 2.082019 -0.420307
v 6.565832 1.832507 -0.371621
v 6.565833 -1.954267 -0.005758
v -12.236082 -0.042515 -1.896573
v -12.236082 -0.418557 -1.860242
v -12.236082 -1.970042 -0.005759
v -12.236082 -1.933005 0.363120
v -12.236082 -0.042514 1.885054
v -12.236082 0.333527 1.848722
v -12.236082 1.885011 -0.005761
v -12.236082 1.847974 -0.374641
v -11.908100 -0.042515 -1.896573
v -11.908100 -0.418557 -1.860242
v -11.908100 -1.970041 -0.005759
v -11.908100 -1.933005 0.363120
v -11.908100 -0.042514 1.885054
v -11.908100 0.333527 1.848722
v -11.908100 1.885012 -0.005761
v -11.908100 1.847974 -0.374641
v 8.646344 1.309303 1.320308
v 9.293769 1.023326 1.039778
v 9.293769 1.210781 0.815714
v 8.646344 1.547054 1.036125
v 8.646344 0.689082 -1.738349
v 8.646344 1.019600 -1.565049
v 9.293769 0.794909 -1.235181
v 9.293769 0.534313 -1.371819
v 8.646344 -1.954266 -0.005758
v 8.646344 -1.917532 -0.371619
v 9.293769 -1.520871 -0.294221
v 9.293769 -1.549834 -0.005758
v 8.646344 1.723718 -0.723422
v 9.293769 1.350071 -0.571600
v 9.293769 1.210779 -0.827233
v 8.646344 1.547052 -1.047644
v 8.646344 1.309301 -1.331827
v 9.293769 1.023324 -1.051296
v 8.646344 -1.808743 -0.723420
v 9.293769 -1.435096 -0.571599
v 8.646344 -0.042512 -1.881100
v 8.646344 0.330450 -1.845066
v 9.293769 0.251550 -1.455960
v 9.293769 -0.042512 -1.484371
v 8.646344 1.869242 -0.005760
v 8.646344 1.832509 0.360101
v 9.293769 1.435847 0.282704
v 9.293769 1.464810 -0.005759
v 8.646344 -1.394326 -1.331825
v 9.293769 -1.108350 -1.051295
v 9.293769 -1.295805 -0.827231
v 8.646344 -1.632078 -1.047642
v 8.646344 1.723719 0.711903
v 9.293769 1.350073 0.560081
v 8.646344 -0.774109 -1.738348
v 8.646344 -0.415477 -1.845066
v 9.293769 -0.336576 -1.455960
v 9.293769 -0.619339 -1.371818
v 8.646344 0.689085 1.726831
v 8.646344 0.330453 1.833549
v 9.293769 0.251552 1.444443
v 9.293769 0.534316 1.360302
v 8.646344 1.832508 -0.371621
v 9.293769 1.435847 -0.294223
v 8.646344 -0.042511 1.869584
v 8.646344 -0.415476 1.833550
v 9.293769 -0.336576 1.444444
v 9.293769 -0.042512 1.472855
v 8.646344 -1.394326 1.320309
v 8.646344 -1.632078 1.036126
v 9.293769 -1.295805 0.815715
v 9.293769 -1.108350 1.039779
v 8.646344 -1.808743 0.711904
v 8.646344 -1.917532 0.360103
v 9.293769 -1.520871 0.282705
v 9.293769 -1.435096 0.560082
v 8.646344 1.019603 1.553531
v 9.293769 0.794912 1.223663
v 8.646344 -1.104626 -1.565048
v 9.293769 -0.879935 -1.235179
v 8.646344 -0.774109 1.726832
v 8.646344 -1.104626 1.553532
v 9.293769 -0.879935 1.223664
v 9.293769 -0.619339 1.360302
v -10.897387 -2.043780 -0.818922
v -10.897387 -2.167047 -0.420306
v -11.450732 -1.933004 -0.374639
v -11.450732 -1.823317 -0.729342
v -10.897388 1.160933 -1.772547
v -10.897388 1.489185 -1.508290
v -10.897388 1.758575 -1.186291
v -10.897388 1.958750 -0.818924
v -10.897388 1.758577 1.174769
v -10.897388 1.489188 1.496768
v -10.897388 1.160937 1.761027
v -10.897388 0.786437 1.957388
v -10.897388 -0.465110 2.078308
v -10.897388 -0.871466 1.957389
v -10.897388 -1.245965 1.761027
v -10.897388 -1.574217 1.496769
v -10.897388 -1.843606 1.174770
v -10.897388 -2.043780 0.807403
v -10.897388 -2.167047 0.408787
v -10.897388 -2.208669 -0.005759
v -10.897387 -1.843606 -1.186288
v -10.897388 -1.574217 -1.508288
v -10.897388 -1.245965 -1.772546
v -10.897388 -0.871466 -1.968907
v -10.897388 -0.465110 -2.089826
v -10.897388 -0.042515 -2.130655
v -10.897388 -0.042514 2.119137
v -11.450732 -0.042514 1.885055
v -11.450732 -0.418556 1.848723
v -10.897388 2.123639 -0.005761
v -10.897388 2.082017 -0.420308
v -11.450732 1.847974 -0.374641
v -11.450732 1.885012 -0.005761
v -11.450732 -1.113391 -1.577913
v -11.450732 -0.780147 -1.752643
v -11.450732 -1.405482 1.331248
v -11.450732 -1.645195 1.044720
v -11.450732 1.560166 1.044719
v -11.450732 1.320453 1.331247
v -10.897388 0.786434 -1.968908
v -11.450732 0.695115 -1.752644
v -11.450732 1.028359 -1.577915
v -11.450732 -1.970041 -0.005759
v -10.897388 0.380082 2.078307
v -11.450732 0.333528 1.848723
v -11.450732 1.738287 -0.729344
v -11.450732 -1.405482 -1.342766
v -11.450732 -1.113391 1.566395
v -10.897389 1.958751 0.807402
v -11.450732 1.738288 0.717822
v -10.897388 0.380078 -2.089827
v -11.450732 0.333524 -1.860242
v -11.450732 -1.933005 0.363120
v -11.450732 0.695118 1.741124
v -11.450732 1.560163 -1.056241
v -11.450732 -1.645195 -1.056239
v -11.450732 -0.780147 1.741125
v -10.897388 2.082017 0.408786
v -11.450732 1.847975 0.363118
v -11.450732 -0.418557 -1.860241
v -11.450732 -0.042515 -1.896573
v -11.450732 -1.823317 0.717824
v -11.450732 1.028362 1.566394
v -11.450732 1.320450 -1.342768
vn -0.0000 -0.0000 -1.0000
vn 0.1197 -0.0000 -0.9928
vn 0.1199 -0.1904 -0.9744
vn -0.0000 -0.2231 -0.9748
vn 0.1202 -0.3739 -0.9196
vn -0.0000 -0.3464 -0.9381
vn 0.1205 -0.5444 -0.8301
vn -0.0000 -0.5483 -0.8363
vn 0.1210 -0.6954 -0.7084
vn -0.0000 -0.7234 -0.6904
vn 0.1214 -0.8205 -0.5586
vn -0.0000 -0.8075 -0.5898
vn 0.1217 -0.9145 -0.3859
vn -0.0000 -0.9213 -0.3889
vn 0.1219 -0.9727 -0.1973
vn -0.0000 -0.9862 -0.1658
vn -0.0000 -0.9554 -0.2954
vn -0.0002 -0.9554 -0.2954
vn -0.0000 -0.9994 -0.0334
vn 0.1218 -0.9925 -0.0000
vn 0.1219 -0.9727 0.1973
vn -0.0000 -0.9801 0.1987
vn 0.1217 -0.9145 0.3859
vn -0.0000 -0.9078 0.4193
vn 0.1214 -0.8205 0.5586
vn -0.0000 -0.8447 0.5352
vn 0.1210 -0.6954 0.7084
vn -0.0000 -0.7004 0.7137
vn 0.1205 -0.5444 0.8301
vn -0.0000 -0.5208 0.8537
vn 0.1202 -0.3739 0.9196
vn -0.0000 -0.4063 0.9137
vn 0.1199 -0.1904 0.9743
vn -0.0000 -0.1916 0.9815
vn 0.1197 -0.0000 0.9928
vn -0.0000 0.0322 0.9995
vn 1.0000 -0.0000 -0.0000
vn -0.0000 0.1598 0.9871
vn 0.1199 0.1904 0.9743
vn 0.1202 0.3739 0.9196
vn -0.0000 0.3766 0.9264
vn 0.1205 0.5444 0.8301
vn -0.0000 0.5753 0.8180
vn 0.1210 0.6954 0.7084
vn -0.0000 0.6766 0.7363
vn 0.1214 0.8205 0.5586
vn -0.0000 0.8266 0.5628
vn 0.1217 0.9145 0.3859
vn -0.0000 0.9337 0.3580
vn -0.0000 0.2852 -0.9585
vn -0.0000 0.9729 0.2313
vn 0.1219 0.9727 0.1973
vn 0.1218 0.9925 -0.0000
vn -0.0000 0.9994 -0.0334
vn -0.0000 0.0962 0.9954
vn 0.0012 0.0962 0.9954
vn -0.0000 0.9862 -0.1658
vn 0.1219 0.9727 -0.1973
vn 0.1217 0.9145 -0.3859
vn -0.0000 0.9213 -0.3889
vn 0.1214 0.8205 -0.5586
vn -0.0000 0.8075 -0.5898
vn 0.1210 0.6954 -0.7084
vn -0.0000 0.7234 -0.6904
vn 0.1205 0.5444 -0.8301
vn -0.0000 0.5483 -0.8363
vn 0.1202 0.3739 -0.9196
vn -0.0000 0.3464 -0.9381
vn 0.1217 0.1899 0.9742
vn 0.1220 0.3736 0.9195
vn -1.0000 -0.0000 -0.0000
vn -0.0000 0.2231 -0.9748
vn 0.1199 0.1904 -0.9744
vn -0.3938 -0.8782 -0.2716
vn -0.1966 0.1879 -0.9623
vn -0.1964 -0.0000 -0.9805
vn -0.9814 -0.0544 0.1841
vn -0.9730 -0.0441 0.2265
vn -0.0000 -0.3764 -0.9264
vn 0.1740 0.8141 0.5541
vn 0.1297 0.9332 0.3350
vn -0.0000 0.9550 0.2967
vn -0.0000 -0.0962 -0.9954
vn -0.0000 -0.2857 -0.9583
vn -0.0000 -0.2577 -0.9662
vn -0.0000 -0.4634 0.8861
vn 0.1284 -0.4215 0.8977
vn 0.1720 -0.1888 0.9668
vn -0.1739 0.8141 0.5541
vn -0.1297 0.9332 0.3350
vn -0.9813 0.1204 -0.1501
vn -0.9732 0.1258 -0.1924
vn -0.0000 0.7664 -0.6424
vn 0.1289 0.7318 -0.6692
vn 0.1728 0.5402 -0.8236
vn -0.0000 0.9554 0.2954
vn -0.0002 0.9554 0.2954
vn -0.1974 0.5377 -0.8197
vn -0.1969 0.3693 -0.9082
vn -0.0000 0.4644 -0.8856
vn -0.0000 0.6277 -0.7784
vn -0.0000 0.6043 -0.7967
vn 0.9732 0.1258 -0.1924
vn 0.9813 0.1204 -0.1501
vn -0.1980 0.6867 -0.6995
vn -0.0000 -0.4644 -0.8856
vn -0.0000 -0.3132 -0.9497
vn -0.0000 -0.2855 -0.9584
vn 0.9730 -0.0441 0.2265
vn 0.9814 -0.0544 0.1841
vn -0.1987 0.8102 -0.5514
vn -0.0000 0.7670 -0.6417
vn -0.1992 0.9029 -0.3809
vn -0.0000 0.7670 0.6417
vn -0.0000 0.6502 0.7597
vn -0.0000 0.6275 0.7786
vn -0.0000 -0.8265 0.5630
vn 0.1748 -0.9650 0.1955
vn 0.1302 -0.8914 0.4341
vn -0.0000 -0.8792 0.4764
vn -0.1996 0.9604 -0.1946
vn -0.1748 -0.9650 0.1955
vn -0.1302 -0.8914 0.4341
vn -0.0000 0.9950 -0.0999
vn -0.1996 0.9604 0.1946
vn -0.1997 0.9799 -0.0000
vn -0.0000 0.0962 -0.9954
vn -0.0000 -0.0962 0.9954
vn 0.0012 0.2852 -0.9585
vn -0.1987 0.8102 0.5514
vn -0.1992 0.9029 0.3809
vn -0.0000 0.2852 0.9585
vn -0.0000 0.1249 0.9922
vn -0.9817 0.1816 -0.0565
vn -0.9736 0.2100 -0.0889
vn -0.0000 0.9948 -0.1015
vn 0.1300 0.9811 -0.1435
vn 0.1744 0.9072 -0.3828
vn -0.9737 0.2100 -0.0889
vn -0.9814 -0.1471 0.1235
vn -0.9734 -0.1604 0.1638
vn -0.1980 0.6867 0.6995
vn -0.0000 -0.8776 0.4794
vn 0.1293 -0.8488 0.5126
vn 0.1734 -0.6899 0.7028
vn -0.0000 -0.6271 -0.7789
vn -0.0000 -0.7675 -0.6410
vn -0.0000 -0.7479 -0.6638
vn -0.1300 0.9811 -0.1435
vn -0.1744 0.9072 -0.3828
vn -0.0000 -0.5482 0.8364
vn -0.1974 0.5377 0.8197
vn -0.0000 0.6271 0.7789
vn -0.1969 0.3693 0.9082
vn -0.0000 0.4650 0.8853
vn -0.0000 0.4388 0.8986
vn 0.9734 -0.1604 0.1638
vn 0.9814 -0.1471 0.1235
vn -0.1293 -0.8488 0.5126
vn -0.1734 -0.6899 0.7028
vn 0.9737 0.2100 -0.0889
vn 0.9817 0.1816 -0.0565
vn -0.1966 0.1879 0.9623
vn -0.1966 -0.1879 0.9623
vn -0.1964 -0.0000 0.9805
vn 0.9736 0.2100 -0.0889
vn -0.0000 0.1250 0.9922
vn 0.9823 -0.1177 0.1456
vn 0.1293 -0.4997 0.8565
vn -0.0000 -0.4664 0.8846
vn -0.1969 -0.3693 0.9082
vn -0.1293 -0.4997 0.8565
vn 0.9824 0.1642 -0.0891
vn -0.0000 1.0000 -0.0000
vn -0.0000 0.5482 -0.8364
vn -0.1974 -0.5377 0.8197
vn -0.0000 -0.4644 0.8856
vn -0.1980 -0.6867 0.6995
vn 0.1300 0.7888 -0.6008
vn -0.0000 0.7685 -0.6398
vn -0.1300 0.7888 -0.6008
vn -0.1987 -0.8102 0.5514
vn -0.0000 0.2840 -0.9588
vn 0.1283 0.2408 -0.9621
vn 0.1719 -0.0000 -0.9851
vn -0.1992 -0.9029 0.3809
vn -0.0000 -0.8781 0.4785
vn -0.1995 -0.9604 0.1946
vn -0.1302 -0.9900 -0.0541
vn -0.0000 -0.9952 -0.0980
vn 0.1302 -0.9900 -0.0541
vn 0.9730 -0.0000 -0.2309
vn 0.9816 0.0180 -0.1903
vn -0.0000 -0.9915 -0.1301
vn -0.0000 -0.9950 -0.0996
vn -0.1997 -0.9799 -0.0000
vn -0.0000 0.8636 0.5042
vn -0.0000 0.8785 0.4778
vn -0.0000 -0.9950 -0.0999
vn -0.1992 -0.9029 -0.3809
vn -0.1996 -0.9604 -0.1946
vn 0.9732 0.1258 -0.1923
vn -0.1987 -0.8102 -0.5514
vn -0.1980 -0.6867 -0.6995
vn -0.0000 -0.7670 -0.6417
vn -0.1974 -0.5377 -0.8197
vn -0.0000 -0.2852 0.9585
vn -0.0000 -0.4388 0.8986
vn -0.0000 -0.4650 0.8853
vn 0.9818 -0.0186 0.1892
vn 0.1284 0.0517 0.9904
vn -0.0000 0.0946 0.9955
vn -0.1969 -0.3693 -0.9082
vn -0.1720 -0.1888 0.9668
vn -0.1284 0.0516 0.9904
vn 0.9822 0.0876 -0.1663
vn 0.1289 0.3252 -0.9368
vn -0.0000 0.2872 -0.9579
vn -0.1284 0.0517 0.9904
vn -0.1728 0.5402 -0.8236
vn -0.1289 0.3252 -0.9368
vn -0.1966 -0.1879 -0.9623
vn -0.0000 -0.2852 -0.9585
vn -0.1296 0.6563 0.7433
vn -0.0000 0.6290 0.7774
vn 0.1296 0.6563 0.7433
vn -0.9730 -0.0000 -0.2309
vn -0.9816 -0.0180 -0.1903
vn -0.9816 0.0180 -0.1903
vn -0.0000 -0.9950 0.0999
vn -0.0000 -0.9976 -0.0694
vn -0.0000 -0.8781 -0.4785
vn -0.0000 -0.7674 -0.6412
vn -0.0000 -0.7862 -0.6180
vn -0.9822 0.0876 -0.1663
vn -0.9732 0.1258 -0.1923
vn -0.9813 0.1204 -0.1502
vn -0.1289 0.7318 -0.6692
vn -0.9824 0.1642 -0.0891
vn -0.9735 0.1888 0.1289
vn -0.9815 0.1678 0.0918
vn 0.9815 0.1678 0.0918
vn 0.9735 0.1888 0.1289
vn -0.9824 0.1435 0.1196
vn -0.0000 -0.6271 0.7789
vn -0.0000 -0.4648 0.8854
vn -0.0000 -0.4905 0.8715
vn 0.9824 0.1435 0.1196
vn -0.9731 0.0866 0.2135
vn -0.9813 0.0891 0.1706
vn 0.9813 0.0891 0.1706
vn 0.9731 0.0866 0.2135
vn -0.9820 0.0542 0.1811
vn 0.9820 0.0542 0.1811
vn -0.0000 0.9950 0.0999
vn -0.0000 0.9554 0.2952
vn -0.0000 0.9640 0.2660
vn -0.9818 -0.0186 0.1892
vn -0.1284 -0.4215 0.8977
vn -0.9823 -0.1177 0.1456
vn -0.9737 -0.2231 0.0453
vn -0.9823 -0.1790 0.0550
vn 0.9823 -0.1790 0.0550
vn 0.9737 -0.2231 0.0453
vn -0.9820 -0.1881 0.0192
vn 0.9820 -0.1881 0.0192
vn -0.9737 -0.2100 -0.0889
vn -0.9817 -0.1816 -0.0565
vn 0.9817 -0.1816 -0.0565
vn 0.9737 -0.2100 -0.0889
vn -0.9824 -0.1642 -0.0891
vn 0.9824 -0.1642 -0.0891
vn -0.9732 -0.1258 -0.1924
vn -0.9813 -0.1204 -0.1501
vn 0.9813 -0.1204 -0.1501
vn 0.9732 -0.1258 -0.1923
vn -0.9732 -0.1258 -0.1923
vn -0.9813 -0.1204 -0.1502
vn -0.9822 -0.0876 -0.1663
vn 0.9822 -0.0876 -0.1663
vn -0.1283 0.2408 -0.9621
vn -0.1719 -0.0000 -0.9851
vn 0.9816 -0.0180 -0.1903
vn -0.0000 -0.9212 0.3890
vn 0.1739 0.8141 0.5541
vn -0.0000 0.8781 -0.4785
vn -0.0000 0.7862 -0.6180
vn -0.0000 0.7674 -0.6412
vn -0.0000 -0.2872 -0.9579
vn 0.1289 -0.3252 -0.9368
vn 0.1728 -0.5402 -0.8236
vn -0.1289 -0.3252 -0.9368
vn -0.1728 -0.5402 -0.8236
vn -0.1744 -0.9072 -0.3828
vn -0.0000 -0.9948 -0.1015
vn -0.1300 -0.9811 -0.1435
vn 0.1744 -0.9072 -0.3828
vn 0.1300 -0.9811 -0.1435
vn -0.0000 0.9212 -0.3890
vn -0.0000 -0.7861 -0.6180
vn -0.0000 0.2855 -0.9584
vn -0.0000 0.3132 -0.9497
vn -0.0000 -0.9554 0.2954
vn -0.0000 -0.8924 0.4513
vn -0.0000 -0.8783 0.4780
vn -0.0000 0.0980 0.9952
vn 0.1286 0.1392 0.9819
vn 0.1724 0.3710 0.9125
vn -0.0000 0.3765 0.9264
vn -0.1286 0.1392 0.9819
vn -0.1724 0.3710 0.9125
vn -0.0000 0.9976 -0.0694
vn -0.0000 0.9555 -0.2949
vn -0.0000 0.9461 -0.3240
vn -0.0000 0.6263 0.7796
vn -0.1286 0.5874 0.7990
vn 0.1286 0.5874 0.7990
vn -0.0000 -0.7670 0.6417
vn -0.0000 -0.8636 0.5042
vn -0.0000 -0.8785 0.4778
vn -0.0000 -0.9801 -0.1987
vn -0.0000 -0.2840 -0.9588
vn -0.1283 -0.2408 -0.9621
vn 0.1283 -0.2408 -0.9621
vn -0.0000 -0.7685 -0.6398
vn 0.1300 -0.7888 -0.6008
vn -0.1300 -0.7888 -0.6008
vn -0.0000 -0.7664 -0.6424
vn -0.1289 -0.7318 -0.6692
vn 0.1289 -0.7318 -0.6692
vn -0.0000 0.9801 0.1987
vn -0.0000 -0.7663 -0.6424
vn -0.0000 0.7861 -0.6180
vn -0.0000 -0.9553 -0.2957
vn -0.0000 -0.4630 -0.8864
vn -0.0000 -0.0977 -0.9952
vn -0.0000 0.6269 -0.7791
vn -0.0000 -0.9554 0.2952
vn -0.0000 -0.8773 -0.4799
vn -0.0000 -0.6283 -0.7780
vn -0.0000 0.0959 -0.9954
vn -0.0000 -0.6273 0.7788
vn -0.0000 -0.9952 0.0983
vn -0.0000 -0.9558 -0.2939
vn -0.0000 -0.4646 -0.8855
vn -0.0000 -0.0964 0.9953
vn -0.0000 -0.7680 0.6405
vn -0.0000 -0.9549 0.2970
vn -0.0000 -0.8782 -0.4782
vn -0.0000 0.4641 0.8858
vn -0.0000 -0.2867 0.9580
vn -0.0000 -0.6259 0.7799
vn -0.0000 -0.9950 0.1002
vn -0.0000 0.8780 0.4787
vn -0.0000 0.2837 0.9589
vn 0.1284 0.0516 0.9904
vn -0.0000 -0.0946 0.9955
vn -0.0000 -0.7668 0.6419
vn -0.0000 0.9950 -0.0996
vn -0.0000 0.7660 0.6429
vn -0.0000 0.4657 0.8849
vn -0.0000 -0.2850 0.9585
vn -0.0000 0.7672 -0.6415
vn -0.0000 0.9948 0.1015
vn -0.0000 0.9952 0.0983
vn -0.0000 0.6273 0.7788
vn -0.0000 -0.0959 -0.9954
vn -0.0000 0.6283 -0.7780
vn -0.0000 0.8773 -0.4799
vn -0.0000 0.7663 -0.6424
vn -0.0000 -0.6269 -0.7791
vn -0.0000 0.0977 -0.9952
vn -0.0000 0.4630 -0.8864
vn -0.0000 0.9553 -0.2957
vn -0.3421 -0.0000 -0.9397
vn -0.3408 0.0887 -0.9360
vn -0.9038 0.0404 -0.4259
vn -0.9046 -0.0000 -0.4263
vn 0.9046 -0.0000 -0.4263
vn 0.9038 0.0404 -0.4260
vn 0.3408 0.0887 -0.9360
vn 0.3421 -0.0000 -0.9397
vn -0.3407 0.0887 -0.9360
vn -0.9038 0.0404 -0.4260
vn 0.9038 0.0404 -0.4259
vn 0.3407 0.0887 -0.9360
vn -0.3420 0.4379 -0.8315
vn -0.3439 0.5146 -0.7855
vn -0.9055 0.2330 -0.3546
vn -0.9045 0.1987 -0.3773
vn 0.9045 0.1987 -0.3773
vn 0.9055 0.2330 -0.3546
vn 0.3439 0.5146 -0.7855
vn 0.3420 0.4379 -0.8315
vn -0.9055 0.2329 -0.3546
vn 0.9055 0.2329 -0.3546
vn 0.3420 0.4379 -0.8314
vn -0.3430 0.5877 -0.7328
vn -0.9051 0.2661 -0.3318
vn 0.9051 0.2661 -0.3317
vn 0.3430 0.5877 -0.7328
vn -0.9051 0.2661 -0.3317
vn -0.3452 0.8250 -0.4475
vn -0.3471 0.8639 -0.3650
vn -0.9072 0.3876 -0.1633
vn -0.9063 0.3716 -0.2016
vn 0.9063 0.3716 -0.2016
vn 0.9072 0.3876 -0.1633
vn 0.3471 0.8639 -0.3650
vn 0.3452 0.8250 -0.4475
vn -0.3460 0.8958 -0.2789
vn -0.9067 0.4028 -0.1254
vn 0.9067 0.4027 -0.1254
vn 0.3460 0.8958 -0.2789
vn -0.9067 0.4027 -0.1254
vn -0.3452 0.8233 0.4506
vn -0.3461 0.7753 0.5283
vn -0.9067 0.3488 0.2370
vn -0.9063 0.3708 0.2030
vn 0.9063 0.3708 0.2030
vn 0.9067 0.3488 0.2370
vn 0.3461 0.7753 0.5283
vn 0.3452 0.8233 0.4506
vn -0.9062 0.3708 0.2030
vn 0.9062 0.3708 0.2030
vn -0.3442 0.7212 0.6011
vn -0.9057 0.3257 0.2714
vn 0.9057 0.3256 0.2714
vn 0.3442 0.7212 0.6011
vn 0.9057 0.3257 0.2714
vn -0.3420 0.4349 0.8330
vn -0.3429 0.3535 0.8703
vn -0.9050 0.1604 0.3939
vn -0.9045 0.1974 0.3781
vn 0.9045 0.1973 0.3780
vn 0.9050 0.1604 0.3939
vn 0.3429 0.3535 0.8703
vn 0.3420 0.4349 0.8330
vn 0.9045 0.1973 0.3781
vn -0.9045 0.1973 0.3780
vn -0.9045 0.1973 0.3781
vn -0.3412 0.2697 0.9005
vn -0.9041 0.1226 0.4094
vn 0.9041 0.1226 0.4094
vn 0.3412 0.2697 0.9005
vn -0.3408 -0.0921 0.9356
vn -0.3423 -0.1799 0.9222
vn -0.9047 -0.0818 0.4181
vn -0.9038 -0.0419 0.4258
vn 0.9038 -0.0419 0.4258
vn 0.9047 -0.0818 0.4181
vn 0.3423 -0.1799 0.9222
vn 0.3408 -0.0921 0.9356
vn -0.9039 -0.0419 0.4258
vn -0.3412 -0.2665 0.9014
vn -0.9041 -0.1212 0.4098
vn 0.9041 -0.1212 0.4099
vn 0.3412 -0.2665 0.9014
vn -0.9041 -0.1211 0.4098
vn 0.9041 -0.1211 0.4098
vn 0.9041 -0.1212 0.4098
vn -0.3430 -0.5904 0.7306
vn -0.3450 -0.6571 0.6702
vn -0.9061 -0.2966 0.3016
vn -0.9051 -0.2673 0.3308
vn 0.9051 -0.2673 0.3308
vn 0.9061 -0.2966 0.3016
vn 0.3450 -0.6571 0.6702
vn 0.3430 -0.5904 0.7306
vn -0.9061 -0.2965 0.3016
vn -0.9051 -0.2673 0.3307
vn 0.9061 -0.2965 0.3016
vn 0.9051 -0.2673 0.3307
vn -0.3441 -0.7190 0.6038
vn -0.9057 -0.3247 0.2726
vn 0.9057 -0.3247 0.2726
vn 0.3441 -0.7190 0.6038
vn -0.3460 -0.8969 0.2755
vn -0.3477 -0.9189 0.1864
vn -0.9076 -0.4115 0.0833
vn -0.9067 -0.4032 0.1239
vn 0.9067 -0.4032 0.1239
vn 0.9076 -0.4115 0.0833
vn 0.3477 -0.9189 0.1864
vn 0.3460 -0.8969 0.2755
vn -0.3465 -0.9332 0.0955
vn -0.9069 -0.4191 0.0429
vn 0.9069 -0.4191 0.0429
vn 0.3465 -0.9332 0.0955
vn -0.3460 -0.8958 -0.2789
vn -0.3471 -0.8639 -0.3650
vn -0.9072 -0.3876 -0.1633
vn -0.9067 -0.4027 -0.1254
vn 0.9067 -0.4027 -0.1254
vn 0.9072 -0.3876 -0.1633
vn 0.3471 -0.8639 -0.3650
vn 0.3460 -0.8958 -0.2789
vn -0.3452 -0.8250 -0.4475
vn -0.9063 -0.3716 -0.2016
vn 0.9063 -0.3716 -0.2016
vn 0.3452 -0.8250 -0.4475
vn -0.3430 -0.5877 -0.7328
vn -0.3439 -0.5146 -0.7855
vn -0.9055 -0.2330 -0.3546
vn -0.9051 -0.2661 -0.3317
vn 0.9051 -0.2661 -0.3317
vn 0.9055 -0.2329 -0.3546
vn 0.3439 -0.5146 -0.7855
vn 0.3430 -0.5877 -0.7328
vn -0.9055 -0.2329 -0.3546
vn -0.9051 -0.2661 -0.3318
vn -0.3420 -0.4379 -0.8315
vn -0.9045 -0.1987 -0.3773
vn 0.9045 -0.1987 -0.3773
vn 0.3420 -0.4379 -0.8315
vn -0.3420 -0.4379 -0.8314
vn -0.3408 -0.0887 -0.9360
vn -0.9038 -0.0404 -0.4260
vn 0.9038 -0.0404 -0.4260
vn 0.3408 -0.0887 -0.9360
vn -0.9038 -0.0404 -0.4259
vn 0.1236 0.9142 -0.3860
vn 0.1232 0.8202 -0.5586
vn 0.1228 -0.6950 -0.7084
vn 0.1232 -0.8202 -0.5586
vn 0.1224 -0.5441 0.8301
vn 0.1220 -0.3736 0.9195
vn 0.1236 0.9142 0.3860
vn 0.1238 0.9726 0.1969
vn 0.2391 -0.0939 -0.9665
vn 0.2406 -0.0000 -0.9706
vn 0.2391 -0.0928 -0.9666
vn 0.2391 0.0939 -0.9665
vn 0.2391 0.0928 -0.9666
vn 0.1238 -0.9726 0.1969
vn 0.1236 -0.9142 0.3860
vn 0.1224 0.5441 0.8301
vn 0.1228 0.6950 -0.7084
vn 0.1236 -0.9142 -0.3860
vn 0.1217 -0.1899 0.9742
vn 0.2450 0.9695 -0.0000
vn 0.2433 0.9650 0.0975
vn 0.2434 0.9651 0.0963
vn 0.1217 -0.1899 -0.9742
vn 0.1220 -0.3736 -0.9195
vn 0.1232 -0.8202 0.5586
vn 0.1228 0.6950 0.7084
vn 0.1224 0.5441 -0.8301
vn 0.1238 -0.9726 -0.1969
vn 0.2406 -0.0000 0.9706
vn 0.2391 -0.0939 0.9665
vn 0.2391 -0.0928 0.9666
vn 0.2433 0.9650 -0.0975
vn 0.2434 0.9651 -0.0963
vn 0.1224 -0.5441 -0.8301
vn 0.1228 -0.6950 0.7084
vn 0.1232 0.8202 0.5586
vn 0.1220 0.3736 -0.9195
vn 0.2450 -0.9695 -0.0000
vn 0.2433 -0.9650 -0.0975
vn 0.2434 -0.9651 -0.0963
vn 0.2391 0.0939 0.9665
vn 0.2391 0.0928 0.9666
vn 0.1238 0.9726 -0.1969
vn 0.1217 0.1899 -0.9742
vn 0.2433 -0.9650 0.0975
vn 0.2434 -0.9651 0.0963
vn 0.5275 0.7025 0.4777
vn 0.5261 0.5960 0.6066
vn 0.5261 0.5952 0.6074
vn 0.5275 0.7019 0.4786
vn 0.1215 -0.0000 -0.9926
vn -0.0000 -0.1916 -0.9815
vn 0.1238 0.9923 -0.0000
vn -0.0000 0.9801 -0.1987
vn -0.0000 -0.7004 -0.7137
vn 0.1238 -0.9923 -0.0000
vn -0.0000 -1.0000 -0.0000
vn 0.1215 -0.0000 0.9926
vn -0.0000 -0.0000 1.0000
vn -0.0000 0.1916 0.9815
vn -0.0000 -0.3766 0.9264
vn -0.0544 0.0709 0.9960
vn -0.0007 0.0962 0.9954
vn -0.0000 0.3766 -0.9264
vn -0.0000 -0.9213 0.3889
vn -0.0000 -0.8266 0.5628
vn -0.0000 0.8266 -0.5628
vn -0.0000 0.7004 -0.7137
vn -0.0000 0.9213 0.3889
vn -0.0000 0.1916 -0.9815
vn 0.5223 0.3960 -0.7553
vn 0.5222 0.3960 -0.7553
vn 0.5279 -0.8451 -0.0848
vn 0.5275 0.7025 -0.4778
vn 0.5287 0.7821 -0.3297
vn 0.5287 0.7818 -0.3304
vn 0.5275 0.7019 -0.4786
vn 0.5250 0.6528 -0.5461
vn 0.5295 -0.8314 -0.1683
vn 0.5287 -0.7821 -0.3297
vn 0.5287 -0.7818 -0.3305
vn 0.5295 -0.8313 -0.1687
vn 0.5207 0.0821 -0.8498
vn 0.5279 0.8451 0.0848
vn 0.5275 -0.7025 -0.4777
vn 0.5261 -0.5960 -0.6066
vn 0.5261 -0.5952 -0.6074
vn 0.5275 -0.7019 -0.4786
vn 0.5228 0.1635 -0.8367
vn 0.5235 0.3212 -0.7892
vn 0.5235 0.3205 -0.7894
vn 0.5228 0.1631 -0.8367
vn 0.5263 0.7466 0.4068
vn 0.5213 -0.2434 -0.8180
vn 0.5247 0.4672 -0.7116
vn 0.5261 0.5960 -0.6066
vn 0.5261 0.5952 -0.6074
vn 0.5247 0.4664 -0.7122
vn 0.5213 0.2434 0.8180
vn 0.5228 -0.1635 -0.8367
vn 0.5225 -0.0000 -0.8526
vn 0.5228 -0.1631 -0.8367
vn 0.5273 0.8117 -0.2510
vn 0.5207 -0.0821 0.8498
vn 0.5295 0.8314 -0.1683
vn 0.5298 0.8481 -0.0000
vn 0.5295 0.8313 -0.1687
vn 0.5250 -0.6528 0.5461
vn 0.5295 0.8314 0.1683
vn 0.5287 0.7821 0.3297
vn 0.5287 0.7818 0.3304
vn 0.5295 0.8313 0.1687
vn 0.5273 -0.8117 0.2510
vn 0.5236 0.5343 0.6637
vn 0.5263 -0.7466 -0.4068
vn 0.5247 0.4672 0.7116
vn 0.5235 0.3211 0.7892
vn 0.5235 0.3205 0.7894
vn 0.5247 0.4664 0.7122
vn 0.5236 -0.5343 -0.6637
vn 0.5228 0.1635 0.8367
vn 0.5225 -0.0000 0.8526
vn 0.5228 0.1631 0.8367
vn 0.5247 -0.4672 -0.7116
vn 0.5235 -0.3211 -0.7892
vn 0.5235 -0.3205 -0.7894
vn 0.5247 -0.4664 -0.7122
vn 0.5223 -0.3960 0.7553
vn 0.5222 -0.3960 0.7553
vn 0.5295 -0.8314 0.1683
vn 0.5298 -0.8481 -0.0000
vn 0.5295 -0.8313 0.1687
vn 0.5247 -0.4672 0.7116
vn 0.5261 -0.5960 0.6066
vn 0.5261 -0.5952 0.6074
vn 0.5247 -0.4664 0.7122
vn 0.5228 -0.1635 0.8367
vn 0.5235 -0.3212 0.7892
vn 0.5235 -0.3205 0.7894
vn 0.5228 -0.1631 0.8367
vn 0.5275 -0.7025 0.4777
vn 0.5287 -0.7821 0.3297
vn 0.5287 -0.7818 0.3304
vn 0.5275 -0.7019 0.4786
vn -0.0000 -0.8266 -0.5628
vn -0.0000 0.7004 0.7137
vn -0.0000 0.5483 0.8363
vn -0.0000 -0.3766 -0.9264
vn -0.0000 -0.5483 0.8363
vn -0.0006 -0.0962 -0.9954
vn -0.0006 0.9950 -0.0999
vn -0.0000 0.3765 -0.9264
vn 1.0000 -0.0000 -0.0001
vn 0.0011 0.0962 0.9954
vn 0.9736 -0.2102 0.0889
vn 0.9959 -0.0464 0.0771
vn -0.2012 -0.0000 0.9796
vn -0.2013 -0.1876 0.9614
vn -0.3943 0.9144 -0.0918
vn -0.3894 -0.4277 -0.8157
vn -0.2029 -0.6857 0.6991
vn -0.2036 -0.8091 0.5512
vn -0.3918 0.7057 0.5904
vn -0.2017 0.3687 -0.9074
vn -0.2023 0.5368 -0.8191
vn -0.2048 -0.9788 -0.0000
vn -0.2046 -0.9593 -0.1945
vn -0.3881 0.0886 0.9174
vn -0.2042 0.9018 -0.3808
vn -0.2046 0.9593 -0.1945
vn -0.2029 -0.6857 -0.6990
vn -0.2023 -0.5368 -0.8191
vn -0.3905 -0.5773 0.7171
vn -0.2042 0.9018 0.3808
vn -0.2036 0.8091 0.5512
vn -0.3885 0.2628 -0.8832
vn -0.3943 -0.9144 0.0918
vn -0.2017 0.3687 0.9074
vn -0.2013 0.1876 0.9614
vn -0.3929 0.8075 -0.4400
vn -0.3918 -0.7057 -0.5904
vn -0.2017 -0.3687 0.9074
vn -0.2023 -0.5368 0.8191
vn -0.3938 0.8782 0.2716
vn -0.3881 -0.0886 -0.9174
vn -0.2012 -0.0000 -0.9796
vn -0.2013 0.1876 -0.9614
vn -0.2042 -0.9018 0.3808
vn -0.2046 -0.9593 0.1945
vn -0.3894 0.4277 0.8157
vn -0.2029 0.6857 -0.6991
vn -0.2036 0.8091 -0.5512
vn -0.2042 -0.9018 -0.3808
vn -0.2036 -0.8091 -0.5512
vn -0.3885 -0.2628 0.8832
vn -0.2048 0.9788 -0.0000
vn -0.2046 0.9593 0.1945
vn -0.2017 -0.3687 -0.9074
vn -0.2013 -0.1876 -0.9614
vn -0.3929 -0.8075 0.4400
vn -0.2029 0.6857 0.6990
vn -0.2023 0.5368 0.8191
vn -0.3905 0.5773 -0.7171
vn 0.1887 -0.4560 0.8697
vn 0.1724 -0.3710 0.9125
vn -0.1723 -0.3710 0.9125
vn -0.1887 -0.4560 0.8697
vn 0.9960 -0.0601 -0.0660
vn 0.9962 -0.0872 -0.0043
vn 0.9959 0.0221 0.0880
vn 0.9975 0.0682 -0.0170
vn 0.9973 0.0036 -0.0732
vn 0.9737 -0.2233 -0.0454
vn 0.1739 -0.8141 0.5541
vn 0.1903 -0.7530 0.6299
vn -0.1903 -0.7530 0.6299
vn -0.1739 -0.8141 0.5541
vn 0.9961 -0.0758 -0.0452
vn 0.9960 0.0660 -0.0596
vn 0.9736 -0.2102 -0.0889
vn 0.1744 -0.9072 0.3828
vn -0.1744 -0.9072 0.3828
vn -0.1721 0.1888 -0.9668
vn -0.1724 0.3710 -0.9125
vn 0.1723 0.3710 -0.9125
vn 0.1720 0.1888 -0.9668
vn -0.9962 -0.0849 0.0212
vn -0.9959 0.0045 -0.0908
vn -0.9975 0.0701 0.0034
vn -0.9973 0.0179 0.0709
vn 0.1909 -0.9378 0.2900
vn -0.1909 -0.9378 0.2900
vn 0.1734 0.1888 -0.9666
vn 0.1706 0.0018 -0.9853
vn -0.1706 0.0018 -0.9853
vn -0.1734 0.1888 -0.9666
vn 0.9962 -0.0849 0.0212
vn 0.9959 0.0045 -0.0909
vn 0.9975 0.0610 0.0363
vn 0.9974 0.0532 -0.0479
vn -0.9959 -0.0221 -0.0880
vn -0.9962 0.0872 0.0043
vn -0.9973 -0.0036 0.0732
vn -0.9975 -0.0682 0.0170
vn 0.9732 -0.1259 -0.1925
vn 0.1747 -0.9650 -0.1955
vn 0.1912 -0.9766 -0.0981
vn -0.1912 -0.9766 -0.0981
vn -0.1747 -0.9650 -0.1955
vn 0.9962 0.0872 0.0043
vn 0.9959 -0.0221 -0.0880
vn 0.9975 -0.0682 0.0170
vn 0.9973 -0.0036 0.0732
vn -1.0000 -0.0000 0.0001
vn -0.9731 0.0867 -0.2137
vn -0.9730 0.0441 -0.2267
vn 0.9735 0.1890 -0.1290
vn -0.1883 0.0945 -0.9775
vn 0.1883 0.0944 -0.9776
vn 0.1908 -0.8620 -0.4697
vn -0.1908 -0.8620 -0.4696
vn 0.9736 0.2102 -0.0889
vn -0.1913 -0.9620 0.1951
vn -0.1938 -0.9615 0.1950
vn 0.1938 -0.9615 0.1950
vn 0.1913 -0.9620 0.1951
vn 0.9973 0.0179 0.0709
vn 0.9975 0.0701 0.0034
vn -0.9959 0.0464 -0.0771
vn -0.9960 0.0601 0.0661
vn -0.9974 -0.0532 0.0479
vn -0.9975 -0.0610 -0.0363
vn 0.9731 -0.0867 -0.2136
vn -0.1892 -0.6158 -0.7649
vn 0.1892 -0.6158 -0.7649
vn 0.1882 -0.0000 0.9821
vn 0.1909 -0.0000 0.9816
vn -0.1910 -0.0000 0.9816
vn -0.1882 -0.0000 0.9821
vn -0.1887 0.4560 -0.8697
vn 0.1887 0.4560 -0.8697
vn 0.6460 -0.5350 -0.5444
vn 0.6446 -0.4196 -0.6390
vn 0.6446 -0.4187 -0.6396
vn 0.6460 -0.5342 -0.5453
vn 0.4600 -0.6216 -0.6341
vn 0.4613 -0.7331 -0.4997
vn 0.4613 -0.7336 -0.4990
vn 0.4600 -0.6222 -0.6334
vn 0.4575 0.3345 -0.8239
vn 0.4568 0.1702 -0.8731
vn 0.4568 0.1706 -0.8731
vn 0.4575 0.3351 -0.8236
vn 0.6435 -0.2886 -0.7090
vn 0.6435 -0.2878 -0.7093
vn 0.4587 -0.4869 -0.7434
vn 0.4587 -0.4876 -0.7429
vn 0.4587 0.4869 -0.7434
vn 0.4587 0.4876 -0.7429
vn 0.6427 -0.1470 -0.7519
vn 0.6427 -0.1465 -0.7520
vn 0.4575 -0.3345 -0.8239
vn 0.4575 -0.3351 -0.8236
vn 0.4600 0.6216 -0.6341
vn 0.4600 0.6222 -0.6334
vn 0.6424 -0.0000 -0.7663
vn 0.4568 -0.1702 -0.8731
vn 0.4568 -0.1706 -0.8731
vn 0.4613 0.7331 -0.4997
vn 0.4613 0.7336 -0.4990
vn 0.6427 0.1470 -0.7519
vn 0.6427 0.1465 -0.7520
vn 0.4565 -0.0000 -0.8897
vn 0.4625 0.8167 -0.3451
vn 0.4625 0.8170 -0.3445
vn 0.6435 0.2886 -0.7090
vn 0.6435 0.2878 -0.7093
vn 0.4632 0.8685 -0.1763
vn 0.4632 0.8686 -0.1759
vn 0.6446 0.4196 -0.6390
vn 0.6446 0.4187 -0.6396
vn 0.4635 0.8861 -0.0000
vn 0.6460 0.5350 -0.5444
vn 0.6460 0.5342 -0.5453
vn 0.4632 0.8685 0.1763
vn 0.4632 0.8686 0.1759
vn 0.6474 0.6303 -0.4285
vn 0.6474 0.6296 -0.4294
vn 0.4625 0.8167 0.3451
vn 0.4625 0.8170 0.3445
vn 0.6486 0.7014 -0.2956
vn 0.6486 0.7011 -0.2964
vn 0.4613 0.7331 0.4997
vn 0.4613 0.7336 0.4990
vn 0.6494 0.7453 -0.1509
vn 0.6494 0.7452 -0.1513
vn 0.4600 0.6216 0.6341
vn 0.4600 0.6222 0.6334
vn 0.6497 0.7602 -0.0000
vn 0.4587 0.4869 0.7434
vn 0.4587 0.4876 0.7429
vn 0.6494 0.7453 0.1509
vn 0.6494 0.7452 0.1513
vn 0.4575 0.3345 0.8239
vn 0.4575 0.3351 0.8236
vn 0.6486 0.7014 0.2956
vn 0.6486 0.7011 0.2964
vn -0.0000 0.9555 0.2950
vn -0.0000 0.9950 -0.0998
vn 0.1303 0.9592 0.2510
vn 0.1302 0.9899 -0.0558
vn -0.1303 0.9592 0.2510
vn -0.1302 0.9899 -0.0558
vn -0.0000 0.8781 0.4785
vn -0.0000 0.9554 -0.2954
vn -0.3465 0.9334 0.0937
vn -0.9069 0.4192 0.0421
vn 0.9069 0.4192 0.0421
vn 0.3465 0.9334 0.0937
vn 0.0012 -0.0962 -0.9954
vn 0.0012 -0.2852 0.9585
vn 0.0429 0.9545 0.2952
vn 0.0429 0.9941 -0.0998
vn 0.0016 -0.2852 0.9585
vn 0.0016 0.2852 -0.9585
vn 0.0430 0.9545 0.2952
vn 0.0016 0.0962 0.9954
vn 0.0016 -0.0962 -0.9954
vn 0.0430 0.9941 -0.0998
vn 0.0783 0.0959 0.9923
vn 0.0784 0.0959 0.9923
vn -0.0624 -0.0569 0.9964
vn -0.0821 -0.0444 0.9956
vn 0.0620 0.0570 -0.9964
vn 0.0818 0.0443 -0.9957
vn -0.0002 -0.9950 0.0999
vn -0.0002 0.9950 -0.0999
vn 0.0753 -0.9958 -0.0517
vn 0.0831 -0.9955 -0.0466
vn 0.0784 0.2843 -0.9555
vn 0.0785 0.2843 -0.9555
vn 0.0838 -0.9953 0.0486
vn 0.0743 -0.9957 0.0544
vn -0.0007 -0.0962 -0.9954
vn 0.0011 -0.0962 -0.9954
vn 0.0017 -0.0962 -0.9954
vn -0.0009 -0.0962 -0.9954
vn 0.0542 -0.0709 -0.9960
vn 0.0904 -0.0538 -0.9945
vn -0.0007 -0.9554 -0.2954
vn -0.0001 -0.9554 -0.2954
vn -0.0010 -0.9554 -0.2954
vn -0.0001 -0.9950 0.0999
vn -0.0001 0.9554 0.2954
vn -0.0007 0.9554 0.2954
vn -0.0010 0.9554 0.2954
vn -0.0001 0.9950 -0.0999
vn -0.0007 0.9950 -0.0999
vn 0.0011 0.2852 -0.9585
vn -0.0007 0.2852 -0.9585
vn -0.0007 -0.9950 0.0999
vn -0.0007 -0.2852 0.9585
vn 0.0011 -0.2852 0.9585
vn 0.0310 0.0961 0.9949
vn 0.0315 0.9945 -0.0999
vn 0.0315 -0.9945 0.0999
vn 0.0315 0.9549 0.2953
vn 0.0310 0.2851 -0.9580
vn 0.0017 -0.2852 0.9585
vn -0.0009 0.0962 0.9954
vn 0.0017 0.0962 0.9954
vn -0.0910 0.0537 0.9944
vn -0.0010 0.9950 -0.0999
vn 0.0017 0.2852 -0.9585
vn -0.0009 0.2852 -0.9585
vn -0.0010 -0.9950 0.0999
vn 0.0309 0.0961 0.9949
vn -0.0009 -0.2852 0.9585
vn -0.1616 -0.0949 -0.9823
vn -0.1635 0.9865 -0.0023
vn -0.1618 -0.2815 0.9458
vn -0.0814 -0.9917 0.0996
vn -0.0813 -0.9522 -0.2945
vn -0.0010 -0.0962 -0.9954
vn -0.0006 0.0962 0.9954
vn -0.0010 0.0962 0.9954
vn -0.0006 0.2852 -0.9585
vn -0.0010 0.2852 -0.9585
vn -0.0006 0.9554 0.2954
vn -0.0006 -0.9554 -0.2954
vn -0.0006 -0.2852 0.9585
vn -0.0006 -0.9950 0.0999
vn -0.0010 -0.2852 0.9585
vn -0.0617 -0.9535 -0.2949
vn -0.0606 -0.0960 -0.9935
vn -0.0618 0.9931 -0.0997
vn -0.0618 -0.9931 0.0997
vn -0.0607 -0.2847 0.9567
vn -0.0000 -0.0944 -0.9955
vn -0.0000 -0.4660 -0.8848
vn -0.0000 -0.6257 -0.7801
vn -0.0000 -0.8790 -0.4768
vn -0.0000 -0.9548 -0.2972
vn -0.0000 -0.9948 0.1018
vn -0.0000 -0.9559 0.2936
vn -0.0000 -0.7658 0.6431
vn -0.0000 -0.6285 0.7778
vn -0.0000 -0.2835 0.9590
vn -0.0000 -0.0980 0.9952
vn -0.0000 0.2869 0.9579
vn -0.0000 0.4628 0.8865
vn -0.0000 0.7682 0.6403
vn -0.0000 0.8772 0.4801
vn -0.0000 0.9548 -0.2972
vn -0.0000 0.8790 -0.4768
vn -0.0000 0.6257 -0.7801
vn -0.0000 0.4660 -0.8848
vn -0.0000 0.0944 -0.9955
vn -0.0000 0.8265 -0.5630
vn -0.0000 0.3764 0.9264
vn -0.0000 -0.3764 0.9264
vn -0.0000 -0.8265 -0.5630
vn -0.0000 0.3764 -0.9264
vn -0.0000 0.8265 0.5630
vn -0.0000 0.1915 0.9815
vn -0.0000 -0.1915 -0.9815
vn -0.0000 0.7003 0.7139
vn -0.0000 -0.7003 -0.7139
vn 0.4625 -0.8167 -0.3451
vn 0.4625 -0.8170 -0.3445
vn 0.6474 -0.6303 -0.4285
vn 0.6474 -0.6296 -0.4294
vn 0.4632 -0.8685 -0.1763
vn 0.4632 -0.8686 -0.1759
vn 0.6486 -0.7014 -0.2956
vn 0.6486 -0.7011 -0.2964
vn 0.4635 -0.8861 -0.0000
vn 0.6494 -0.7453 -0.1509
vn 0.6494 -0.7452 -0.1513
vn 0.4632 -0.8685 0.1763
vn 0.4632 -0.8686 0.1759
vn 0.6497 -0.7602 -0.0000
vn 0.4625 -0.8167 0.3451
vn 0.4625 -0.8170 0.3445
vn 0.6494 -0.7453 0.1509
vn 0.6494 -0.7452 0.1513
vn 0.4613 -0.7331 0.4997
vn 0.4613 -0.7336 0.4990
vn 0.6486 -0.7014 0.2956
vn 0.6486 -0.7011 0.2964
vn 0.4600 -0.6216 0.6341
vn 0.4600 -0.6222 0.6334
vn 0.6474 -0.6303 0.4285
vn 0.6474 -0.6296 0.4294
vn 0.6427 0.1470 0.7519
vn 0.6424 -0.0000 0.7663
vn 0.6427 0.1465 0.7520
vn 0.4587 -0.4869 0.7434
vn 0.4587 -0.4876 0.7429
vn 0.6460 -0.5350 0.5444
vn 0.6460 -0.5342 0.5453
vn 0.6435 0.2886 0.7090
vn 0.6435 0.2878 0.7093
vn 0.4575 -0.3345 0.8239
vn 0.4575 -0.3351 0.8236
vn 0.6446 -0.4196 0.6390
vn 0.6446 -0.4187 0.6396
vn 0.6447 0.4196 0.6390
vn 0.6446 0.4187 0.6396
vn 0.4568 -0.1702 0.8731
vn 0.4568 -0.1706 0.8731
vn 0.6435 -0.2886 0.7090
vn 0.6435 -0.2878 0.7093
vn 0.6460 0.5350 0.5444
vn 0.6460 0.5342 0.5452
vn 0.4565 -0.0000 0.8897
vn 0.6427 -0.1470 0.7519
vn 0.6427 -0.1465 0.7520
vn 0.6474 0.6303 0.4285
vn 0.6474 0.6296 0.4294
vn 0.4568 0.1702 0.8731
vn 0.4568 0.1706 0.8731
vn -0.0000 -0.7004 -0.7138
vn -0.0000 -0.7004 0.7138
vn -0.0000 0.7004 0.7138
vn -0.0000 0.7004 -0.7138
vn -0.6603 -0.0000 -0.7510
vn -0.6605 -0.1440 -0.7369
vn -0.6605 -0.1436 -0.7369
vn -0.6613 -0.2828 -0.6948
vn -0.6613 -0.2821 -0.6951
vn -0.6624 -0.4112 -0.6262
vn -0.6624 -0.4103 -0.6268
vn -0.6638 -0.5242 -0.5334
vn -0.6638 -0.5234 -0.5343
vn -0.6652 -0.6175 -0.4198
vn -0.6652 -0.6169 -0.4207
vn -0.6663 -0.6871 -0.2896
vn -0.6663 -0.6868 -0.2904
vn -0.6671 -0.7301 -0.1478
vn -0.6671 -0.7301 -0.1482
vn -0.6674 -0.7447 -0.0000
vn -0.6671 -0.7301 0.1478
vn -0.6671 -0.7301 0.1482
vn -0.6663 -0.6871 0.2896
vn -0.6663 -0.6868 0.2904
vn -0.6652 -0.6175 0.4198
vn -0.6652 -0.6169 0.4207
vn -0.6638 -0.5242 0.5334
vn -0.6638 -0.5234 0.5343
vn -0.6624 -0.4112 0.6262
vn -0.6624 -0.4103 0.6268
vn -0.6613 -0.2828 0.6948
vn -0.6613 -0.2821 0.6951
vn -0.6605 -0.1440 0.7369
vn -0.6605 -0.1436 0.7370
vn -0.6602 -0.0000 0.7510
vn -0.6605 0.1440 0.7369
vn -0.6605 0.1436 0.7369
vn -0.6613 0.2828 0.6948
vn -0.6613 0.2821 0.6951
vn -0.6624 0.4112 0.6262
vn -0.6624 0.4103 0.6268
vn -0.6638 0.5242 0.5334
vn -0.6638 0.5234 0.5343
vn -0.6652 0.6175 0.4198
vn -0.6652 0.6169 0.4207
vn -0.6663 0.6871 0.2896
vn -0.6663 0.6868 0.2904
vn -0.6671 0.7301 0.1478
vn -0.6671 0.7301 0.1482
vn -0.6674 0.7447 -0.0000
vn -0.6671 0.7301 -0.1478
vn -0.6671 0.7301 -0.1482
vn -0.6663 0.6871 -0.2896
vn -0.6663 0.6868 -0.2904
vn -0.6652 0.6175 -0.4198
vn -0.6652 0.6169 -0.4207
vn -0.6638 0.5242 -0.5334
vn -0.6638 0.5234 -0.5343
vn -0.6624 0.4112 -0.6262
vn -0.6624 0.4103 -0.6268
vn -0.6613 0.2828 -0.6948
vn -0.6613 0.2821 -0.6951
vn -0.6605 0.1440 -0.7369
vn -0.6605 0.1436 -0.7370
vn -0.6605 0.1436 0.7370
vn -0.6602 -0.0000 -0.7511
vn -0.6605 -0.1436 -0.7370
vn -0.6651 -0.6169 -0.4207
vn -0.6671 -0.7302 -0.1478
vn -0.6671 -0.7302 0.1478
vn -0.6651 -0.6169 0.4208
vn -0.6602 -0.0000 0.7511
vn -0.6651 0.6169 0.4207
vn -0.6671 0.7302 0.1478
vn -0.6671 0.7302 -0.1478
vn -0.6651 0.6169 -0.4208
vn -0.6651 0.6169 -0.4207
vn -0.6651 -0.6169 0.4207
vn 0.6663 0.6871 0.2896
vn 0.6652 0.6175 0.4198
vn 0.6652 0.6169 0.4207
vn 0.6663 0.6868 0.2904
vn 0.6671 -0.7302 -0.1478
vn 0.6663 -0.6871 -0.2896
vn 0.6663 -0.6868 -0.2904
vn 0.6671 -0.7301 -0.1482
vn 0.6602 -0.0000 -0.7511
vn 0.6605 0.1440 -0.7369
vn 0.6605 0.1436 -0.7370
vn 0.6674 0.7447 -0.0000
vn 0.6671 0.7302 0.1478
vn 0.6671 0.7301 0.1482
vn 0.6674 -0.7447 -0.0000
vn 0.6638 0.5242 -0.5334
vn 0.6652 0.6175 -0.4198
vn 0.6651 0.6169 -0.4207
vn 0.6638 0.5234 -0.5343
vn 0.6652 -0.6175 0.4198
vn 0.6663 -0.6871 0.2896
vn 0.6663 -0.6868 0.2904
vn 0.6652 -0.6169 0.4207
vn 0.6663 0.6871 -0.2896
vn 0.6663 0.6868 -0.2904
vn 0.6613 0.2828 -0.6948
vn 0.6624 0.4112 -0.6262
vn 0.6624 0.4103 -0.6268
vn 0.6613 0.2821 -0.6951
vn 0.6624 -0.4112 0.6262
vn 0.6638 -0.5242 0.5334
vn 0.6638 -0.5234 0.5343
vn 0.6624 -0.4103 0.6268
vn 0.6638 0.5242 0.5334
vn 0.6638 0.5234 0.5343
vn 0.6613 -0.2828 0.6948
vn 0.6613 -0.2821 0.6951
vn 0.6605 -0.1440 0.7369
vn 0.6605 -0.1436 0.7370
vn 0.6605 0.1440 0.7369
vn 0.6602 -0.0000 0.7511
vn 0.6605 0.1436 0.7370
vn 0.6671 -0.7302 0.1478
vn 0.6671 -0.7301 0.1482
vn 0.6624 0.4112 0.6262
vn 0.6613 0.2828 0.6948
vn 0.6613 0.2821 0.6951
vn 0.6624 0.4103 0.6268
vn 0.6624 -0.4112 -0.6262
vn 0.6613 -0.2828 -0.6948
vn 0.6613 -0.2821 -0.6951
vn 0.6624 -0.4103 -0.6268
vn 0.6638 -0.5242 -0.5334
vn 0.6638 -0.5234 -0.5343
vn 0.6652 -0.6175 -0.4198
vn 0.6652 -0.6169 -0.4207
vn 0.6671 0.7302 -0.1478
vn 0.6671 0.7301 -0.1482
vn 0.6605 -0.1440 -0.7369
vn 0.6605 -0.1436 -0.7370
vn -0.6602 -0.0000 -0.7510
vn -0.6605 0.1436 -0.7369
vn 0.6651 -0.6169 -0.4207
vn -0.6271 -0.3970 0.6701
vn -0.6291 -0.5689 0.5297
vn -0.6700 -0.5308 0.5191
vn -0.6675 -0.3962 0.6305
vn 0.7093 -0.5476 -0.4439
vn 0.7085 -0.5351 -0.4601
vn 0.5902 -0.6212 -0.5156
vn 0.5910 -0.6167 -0.5200
vn 0.6590 0.3946 -0.6403
vn 0.6509 0.2870 -0.7028
vn 0.8053 0.2239 -0.5489
vn 0.7078 0.4516 -0.5432
vn 0.7044 -0.0791 -0.7053
vn 0.7043 -0.0577 -0.7076
vn 0.5863 -0.0802 -0.8061
vn 0.5865 -0.0756 -0.8064
vn -0.6571 -0.0206 0.7535
vn -0.6501 -0.1438 0.7462
vn -0.5039 -0.1644 0.8479
vn -0.6255 -0.0349 0.7794
vn -0.6303 0.6609 0.4074
vn -0.6284 0.5188 0.5796
vn -0.6689 0.5104 0.5405
vn -0.6714 0.6210 0.4045
vn -0.6259 0.1835 0.7580
vn -0.6656 -0.0150 0.7461
vn -0.6661 0.1577 0.7290
vn 0.6547 0.6235 -0.4273
vn 0.6610 0.5398 -0.5213
vn 0.7069 0.4359 -0.5570
vn 0.8082 0.4863 -0.3321
vn -0.6508 0.2840 0.7041
vn -0.6575 0.1644 0.7353
vn -0.5047 0.3241 0.8002
vn 0.7933 -0.2292 0.5640
vn 0.7928 -0.1166 0.5982
vn 0.5045 -0.1653 0.8474
vn 0.5052 -0.3251 0.7994
vn 0.6501 0.1438 -0.7462
vn 0.8048 0.1130 -0.5827
vn 0.5098 0.7927 -0.3344
vn 0.4916 0.8320 -0.2571
vn 0.8077 0.5633 -0.1743
vn 0.7968 0.5566 -0.2350
vn 0.7934 0.2291 0.5640
vn 0.7941 0.3332 0.5083
vn 0.5062 0.4730 0.7211
vn 0.5052 0.3249 0.7995
vn 0.7118 0.6978 -0.0799
vn 0.7120 0.6996 -0.0601
vn 0.5936 0.8004 -0.0841
vn 0.5934 0.8012 -0.0767
vn 0.8048 0.3721 0.4624
vn 0.4875 0.5476 0.6800
vn -0.6521 0.4166 0.6335
vn -0.5057 0.4741 0.7208
vn -0.1393 0.0331 0.9897
vn -0.1265 0.0481 0.9908
vn 0.1411 0.3433 0.9285
vn 0.1252 0.3266 0.9368
vn 0.6624 -0.6304 -0.4048
vn 0.6559 -0.6946 -0.2955
vn 0.8091 -0.5411 -0.2292
vn 0.1258 0.9815 0.1445
vn 0.1441 0.9756 0.1656
vn -0.1275 0.9810 -0.1464
vn -0.1430 0.9760 -0.1642
vn -0.6508 -0.2840 -0.7041
vn -0.6575 -0.1644 -0.7353
vn -0.6259 -0.1835 -0.7580
vn -0.5047 -0.3241 -0.8002
vn 0.7968 0.5566 0.2351
vn 0.7974 0.5915 0.1199
vn 0.5105 0.8428 0.1707
vn 0.5098 0.7926 0.3346
vn -0.1393 -0.0331 -0.9897
vn -0.1265 -0.0481 -0.9908
vn 0.1411 -0.3433 -0.9285
vn 0.1252 -0.3266 -0.9368
vn 0.8084 0.5170 0.2815
vn 0.4919 0.7645 0.4167
vn -0.6644 0.7471 0.0208
vn -0.6568 0.7393 0.1484
vn -0.5100 0.8433 0.1697
vn -0.6320 0.7742 0.0358
vn -0.6644 -0.7471 -0.0208
vn -0.6568 -0.7393 -0.1484
vn -0.5100 -0.8433 -0.1697
vn -0.6320 -0.7742 -0.0358
vn 0.7934 -0.2291 -0.5640
vn 0.7941 -0.3332 -0.5082
vn 0.5062 -0.4730 -0.7211
vn 0.5052 -0.3249 -0.7995
vn -0.6316 0.7519 -0.1890
vn -0.6732 0.7393 0.0145
vn -0.6727 0.7221 -0.1611
vn -0.6624 0.6304 0.4047
vn -0.6604 0.5106 0.5506
vn 0.1259 0.7897 -0.6005
vn 0.1433 0.7999 -0.5828
vn -0.1265 0.5846 -0.8014
vn -0.1403 0.5703 -0.8094
vn 0.6501 -0.1438 0.7462
vn 0.6571 -0.0206 0.7535
vn 0.7044 0.0791 0.7053
vn 0.8048 -0.1130 0.5827
vn 0.8048 -0.1694 -0.5688
vn 0.4867 -0.2490 -0.8373
vn 0.6651 -0.6169 0.4207
vn 0.6651 0.6169 -0.4208
vn 0.6651 0.6169 0.4207
vn 0.6671 -0.7301 -0.1478
vn 0.6605 -0.1436 -0.7369
vn 0.6603 -0.0000 -0.7510
vn 0.6605 0.1436 -0.7369
vn 0.6652 0.6169 -0.4207
vn 0.6671 0.7301 -0.1478
vn 0.6603 -0.0000 0.7510
vn 0.6605 -0.1436 0.7369
vn 0.6671 -0.7301 0.1478
vn 0.6671 0.7301 0.1478
vn 0.6605 0.1436 0.7369
vn 0.6602 -0.0000 0.7510
vn 0.6651 0.6169 0.4208
vn 0.6651 -0.6169 0.4208
vn 0.6602 -0.0000 -0.7510
vn -0.6651 0.6169 0.4208
vn -0.6603 -0.0000 0.7510
vn 0.1761 0.9648 0.1955
vn 0.1735 0.9848 0.0019
vn -0.1735 0.9848 0.0019
vn -0.1761 0.9648 0.1955
vn -0.9731 -0.0867 -0.2137
vn -0.9732 -0.1259 -0.1925
vn -0.9736 0.2102 -0.0889
vn -0.9735 0.1890 -0.1289
vn 0.1734 0.9649 -0.1974
vn -0.1734 0.9649 -0.1974
vn 0.9730 0.0441 -0.2267
vn -0.9959 -0.0045 0.0908
vn -0.9962 0.0849 -0.0212
vn -0.9730 0.0867 0.2137
vn -0.9732 0.1259 0.1925
vn 0.9959 0.0464 -0.0771
vn 0.9960 0.0601 0.0660
vn 1.0000 -0.0000 0.0001
vn 0.9730 0.0867 0.2137
vn 0.9961 0.0758 0.0452
vn 0.9975 -0.0610 -0.0363
vn 0.9974 -0.0532 0.0479
vn 0.1886 0.2801 0.9413
vn 0.1723 0.3710 0.9125
vn -0.1723 0.3710 0.9125
vn -0.1886 0.2801 0.9413
vn 0.9737 0.2233 0.0454
vn -0.9960 -0.0660 0.0595
vn -0.9961 0.0758 0.0452
vn 0.9736 0.2102 0.0890
vn -0.9731 -0.0867 0.2137
vn -0.9730 -0.0441 0.2267
vn 0.9962 0.0849 -0.0212
vn 0.9959 -0.0045 0.0908
vn 0.1933 0.8109 0.5524
vn 0.1901 0.8114 0.5527
vn -0.1901 0.8114 0.5527
vn -0.1933 0.8109 0.5523
vn -0.9788 -0.0773 -0.1899
vn -0.9974 0.0374 -0.0620
vn -0.9724 0.0419 0.2295
vn -0.9735 0.0860 0.2121
vn -0.9959 0.0221 0.0880
vn -0.9789 -0.1122 -0.1708
vn -0.9736 0.1250 0.1911
vn -0.9962 -0.0872 -0.0043
vn -0.9975 -0.0701 -0.0034
vn -0.9728 0.1640 0.1636
vn -0.9736 -0.2102 0.0889
vn -0.9735 -0.1890 0.1290
vn 0.9960 -0.0660 0.0596
vn 0.1912 0.1880 0.9634
vn 0.1883 0.1881 0.9639
vn -0.1882 0.1881 0.9639
vn -0.1912 0.1880 0.9634
vn -0.9788 0.0773 -0.1898
vn -0.9975 0.0682 -0.0170
vn -0.9726 -0.1294 0.1929
vn -0.9735 -0.0860 0.2121
vn -0.9959 -0.0464 0.0771
vn -0.9787 0.0394 -0.2016
vn -0.9734 -0.0438 0.2250
vn -0.9960 -0.0601 -0.0660
vn -0.9974 -0.0484 -0.0531
vn -0.9724 0.0027 0.2334
vn 0.9735 -0.1890 0.1290
vn 0.9731 -0.0867 0.2137
vn 0.1728 0.5402 0.8236
vn -0.1728 0.5402 0.8236
vn 1.0000 -0.0000 0.0002
vn 0.9730 -0.0441 0.2267
vn 0.1883 -0.0944 0.9776
vn -0.1883 -0.0945 0.9776
vn -0.9973 -0.0179 -0.0709
vn 0.1913 -0.9815 -0.0000
vn 0.1940 -0.9810 -0.0000
vn -0.1940 -0.9810 -0.0000
vn -0.1913 -0.9815 -0.0000
vn -0.9736 0.2102 0.0890
vn 0.1938 0.9615 -0.1950
vn 0.1913 0.9620 -0.1951
vn -0.1913 0.9620 -0.1951
vn -0.1938 0.9615 -0.1950
vn -0.9737 0.2233 0.0454
vn 0.9732 0.1259 0.1925
vn 0.1892 0.6158 0.7649
vn -0.1892 0.6158 0.7649
vn 0.1895 -0.6876 0.7009
vn 0.1927 -0.6872 0.7005
vn -0.1927 -0.6872 0.7005
vn -0.1895 -0.6876 0.7009
vn 0.1917 0.5380 -0.8208
vn 0.1894 0.5383 -0.8212
vn -0.1894 0.5383 -0.8212
vn -0.1917 0.5380 -0.8208
vn -0.1739 0.8141 -0.5541
vn 0.1739 0.8141 -0.5541
vn 0.9974 -0.0374 0.0620
vn 0.9974 0.0484 0.0531
vn 0.1744 0.9072 0.3828
vn 0.1747 0.9650 0.1955
vn -0.1748 0.9650 0.1955
vn -0.1744 0.9072 0.3828
vn -0.1903 0.7530 -0.6299
vn 0.1903 0.7530 -0.6299
vn -0.9961 -0.0758 -0.0453
vn -0.1922 0.6872 0.7006
vn -0.1900 0.6875 0.7009
vn 0.1900 0.6875 0.7009
vn 0.1922 0.6872 0.7006
vn 0.1912 0.9766 0.0981
vn -0.1912 0.9766 0.0981
vn -0.1724 -0.3711 -0.9125
vn 0.1723 -0.3710 -0.9125
vn -0.9793 -0.1864 0.0785
vn -0.9732 0.2261 -0.0432
vn -0.9740 0.2086 -0.0883
vn -0.1765 0.5396 0.8232
vn -0.1924 0.6154 0.7644
vn 0.1924 0.6154 0.7644
vn 0.1765 0.5396 0.8232
vn -0.1918 -0.4557 0.8692
vn -0.1760 -0.3705 0.9120
vn 0.1760 -0.3705 0.9120
vn 0.1918 -0.4557 0.8692
vn -0.9732 0.2300 -0.0027
vn -0.1760 0.3705 0.9120
vn 0.1760 0.3705 0.9120
vn 0.1714 0.5388 -0.8248
vn 0.1737 0.3710 -0.9122
vn -0.1737 0.3710 -0.9122
vn -0.1714 0.5388 -0.8248
vn -0.9794 -0.1978 -0.0400
vn -0.9741 0.2216 0.0450
vn -0.1911 0.2800 0.9408
vn 0.1911 0.2799 0.9408
vn 0.1721 0.6914 -0.7017
vn -0.1721 0.6914 -0.7017
vn -0.9793 -0.1864 -0.0785
vn -0.9740 0.2086 0.0883
vn -0.9788 0.0773 0.1899
vn -0.9974 -0.0374 0.0620
vn -0.9724 -0.0419 -0.2295
vn -0.9735 -0.0860 -0.2121
vn -0.1783 -0.9065 0.3828
vn -0.1778 -0.8133 0.5540
vn 0.1778 -0.8133 0.5540
vn 0.1783 -0.9065 0.3828
vn -0.9729 0.1894 0.1325
vn -0.1939 -0.9372 0.2898
vn 0.1939 -0.9372 0.2898
vn 0.1758 0.9070 -0.3827
vn -0.1758 0.9070 -0.3827
vn 0.1924 -0.6154 -0.7644
vn 0.1765 -0.5396 -0.8232
vn -0.1765 -0.5396 -0.8232
vn -0.1924 -0.6154 -0.7644
vn 0.1940 -0.9761 -0.0980
vn 0.1786 -0.9643 -0.1955
vn -0.1786 -0.9643 -0.1955
vn -0.1940 -0.9761 -0.0980
vn 0.1760 -0.3705 -0.9120
vn -0.1760 -0.3705 -0.9120
vn 0.1783 -0.9065 -0.3828
vn -0.1783 -0.9065 -0.3828
vn 0.1911 -0.2800 -0.9408
vn -0.1911 -0.2800 -0.9408
vn 0.1931 -0.8616 -0.4695
vn -0.1931 -0.8616 -0.4695
vn 0.1726 0.8153 0.5527
vn 0.1758 0.9070 0.3827
vn -0.1758 0.9070 0.3827
vn -0.1726 0.8153 0.5527
vn 0.1909 0.0944 -0.9771
vn 0.1757 0.1885 -0.9662
vn -0.1757 0.1885 -0.9662
vn -0.1909 0.0944 -0.9771
vn 0.1720 0.6888 0.7043
vn -0.1720 0.6888 0.7043
vn 0.1760 0.3705 -0.9120
vn -0.1760 0.3705 -0.9120
vn 0.1742 0.5401 0.8234
vn -0.1742 0.5401 0.8234
vn 0.1918 0.4557 -0.8692
vn -0.1918 0.4557 -0.8692
vn 0.1737 0.3709 0.9123
vn -0.1737 0.3709 0.9123
vn -0.9973 0.0036 -0.0732
vn -0.9728 -0.1602 0.1675
vn 0.1707 0.1907 0.9667
vn -0.1707 0.1907 0.9667
vn 0.1737 -0.3710 -0.9122
vn 0.1742 -0.5402 -0.8233
vn -0.1742 -0.5402 -0.8233
vn -0.1737 -0.3710 -0.9122
vn -0.1882 -0.1881 -0.9639
vn -0.1912 -0.1880 -0.9634
vn 0.1912 -0.1880 -0.9634
vn 0.1883 -0.1881 -0.9639
vn -0.1927 0.6872 -0.7005
vn -0.1895 0.6876 -0.7009
vn 0.1895 0.6876 -0.7009
vn 0.1927 0.6872 -0.7005
vn -0.9792 -0.1678 0.1140
vn -0.9739 0.1875 -0.1280
vn -0.9728 0.1602 -0.1675
vn -0.9736 -0.2102 -0.0890
vn -0.9737 -0.2233 -0.0454
vn 0.1753 0.8139 -0.5540
vn -0.1753 0.8139 -0.5540
vn -0.1940 0.9810 -0.0000
vn -0.1913 0.9815 -0.0000
vn 0.1913 0.9815 -0.0000
vn 0.1940 0.9810 -0.0000
vn 0.1916 -0.5380 0.8209
vn 0.1894 -0.5382 0.8212
vn -0.1894 -0.5383 0.8212
vn -0.1917 -0.5380 0.8208
vn 0.1720 -0.6888 -0.7043
vn 0.1726 -0.8153 -0.5527
vn -0.1726 -0.8153 -0.5527
vn -0.1720 -0.6888 -0.7043
vn 0.9731 0.0867 -0.2137
vn 0.1882 -0.0000 -0.9821
vn 0.1910 -0.0000 -0.9816
vn -0.1910 -0.0000 -0.9816
vn -0.1882 -0.0000 -0.9821
vn -0.1901 -0.8114 -0.5527
vn -0.1933 -0.8109 -0.5524
vn 0.1933 -0.8109 -0.5523
vn 0.1901 -0.8114 -0.5527
vn -0.9793 0.1864 -0.0785
vn -0.9975 0.0610 0.0363
vn -0.9732 -0.2261 0.0432
vn -0.9740 -0.2086 0.0883
vn -0.9792 0.1678 -0.1140
vn -0.9739 -0.1875 0.1280
vn -0.9960 0.0660 -0.0596
vn -0.9974 0.0484 0.0531
vn 0.1758 -0.9070 -0.3826
vn 0.1761 -0.9648 -0.1955
vn -0.1761 -0.9648 -0.1955
vn -0.1758 -0.9070 -0.3826
vn 0.1721 -0.6914 0.7017
vn 0.1714 -0.5388 0.8248
vn -0.1714 -0.5388 0.8248
vn -0.1721 -0.6914 0.7017
vn 0.1735 -0.9848 -0.0019
vn -0.1735 -0.9848 -0.0019
vn 0.1900 -0.6875 -0.7009
vn 0.1922 -0.6872 -0.7006
vn -0.1922 -0.6872 -0.7006
vn -0.1900 -0.6875 -0.7009
vn 0.1734 -0.9649 0.1974
vn -0.1734 -0.9649 0.1974
vn 0.9793 -0.1864 0.0785
vn 0.9740 0.2086 -0.0883
vn 0.9732 0.2261 -0.0432
vn 0.9726 -0.1294 0.1929
vn 0.9728 -0.1602 0.1675
vn 0.9792 -0.1678 0.1140
vn 0.9739 0.1875 -0.1280
vn 0.9788 0.0773 -0.1899
vn 0.9735 -0.0860 0.2121
vn 0.9728 0.1602 -0.1675
vn 0.9787 0.0394 -0.2016
vn 0.9734 -0.0438 0.2250
vn -0.9787 -0.0394 0.2016
vn -0.9734 0.0438 -0.2250
vn -0.9724 -0.0027 -0.2334
vn 0.9726 0.1294 -0.1929
vn 0.9974 -0.0484 -0.0531
vn 0.9724 0.0027 0.2334
vn 0.9788 0.0773 0.1898
vn 0.9789 0.1122 0.1708
vn 0.9736 -0.1250 -0.1911
vn 0.9735 -0.0860 -0.2121
vn 0.9788 -0.0773 0.1899
vn 0.9735 0.0860 -0.2121
vn 0.9974 0.0374 -0.0620
vn 0.9724 0.0419 0.2295
vn 0.9728 -0.1640 -0.1636
vn -0.9788 -0.0773 0.1898
vn -0.9735 0.0860 -0.2121
vn 0.9788 -0.0773 -0.1899
vn 0.9735 0.0860 0.2121
vn 0.9729 -0.1894 -0.1325
vn 0.9789 -0.1122 -0.1708
vn 0.9736 0.1250 0.1911
vn 0.9793 0.1864 0.0785
vn 0.9740 -0.2086 -0.0883
vn 0.9724 -0.0419 -0.2295
vn 0.9975 -0.0701 -0.0034
vn 0.9728 0.1640 0.1636
vn 0.9794 0.1978 0.0400
vn 0.9741 -0.2216 -0.0450
vn 0.9973 -0.0179 -0.0709
vn 0.9729 0.1894 0.1325
vn 0.9732 -0.2300 0.0027
vn 0.9793 -0.1864 -0.0785
vn 0.9740 0.2086 0.0883
vn 0.9732 -0.2261 0.0432
vn 0.9794 -0.1978 -0.0400
vn 0.9741 0.2216 0.0450
vn 0.9793 0.1864 -0.0785
vn 0.9740 -0.2086 0.0883
vn 0.9732 0.2300 -0.0027
vn 0.9792 0.1678 -0.1140
vn 0.9739 -0.1875 0.1280
vn -0.9789 0.1122 0.1708
vn -0.9736 -0.1250 -0.1911
vn 0.9787 -0.0394 0.2016
vn 0.9724 -0.0027 -0.2334
vn 0.9734 0.0438 -0.2250
vn 0.1783 0.9065 0.3828
vn 0.1931 0.8616 0.4695
vn -0.1931 0.8616 0.4695
vn -0.1783 0.9065 0.3828
vn -0.1925 -0.7526 0.6297
vn 0.1925 -0.7526 0.6297
vn -0.1757 -0.1885 0.9662
vn -0.1909 -0.0944 0.9771
vn 0.1909 -0.0944 0.9771
vn 0.1757 -0.1885 0.9662
vn 0.1786 0.9643 0.1955
vn -0.1786 0.9643 0.1955
vn -0.9726 0.1294 -0.1929
vn 0.1940 0.9761 0.0980
vn -0.1940 0.9761 0.0980
vn -0.9728 -0.1640 -0.1636
vn 0.1758 -0.9070 0.3827
vn -0.1758 -0.9070 0.3827
vn -0.9729 -0.1894 -0.1325
vn 0.1753 -0.8139 0.5540
vn -0.1753 -0.8139 0.5540
vn -0.9793 0.1864 0.0785
vn -0.9740 -0.2086 -0.0883
vn 0.1707 -0.1906 -0.9667
vn -0.1707 -0.1906 -0.9667
vn -0.9794 0.1978 0.0400
vn -0.9741 -0.2217 -0.0450
vn 0.1925 0.7526 -0.6297
vn 0.1778 0.8133 -0.5540
vn -0.1778 0.8133 -0.5540
vn -0.1925 0.7526 -0.6297
vn -0.9974 0.0532 -0.0479
vn -0.9732 -0.2300 0.0027
vn 0.1737 -0.3709 0.9123
vn -0.1737 -0.3709 0.9123
vn 0.1734 -0.1887 0.9666
vn -0.1734 -0.1887 0.9666
vn 0.1783 0.9065 -0.3828
vn 0.1939 0.9372 -0.2898
vn -0.1939 0.9372 -0.2898
vn -0.1783 0.9065 -0.3828
vn 0.1706 -0.0018 0.9853
vn -0.1706 -0.0018 0.9853
vn 0.1908 0.8620 0.4697
vn -0.1908 0.8620 0.4696
vn -0.1887 -0.2801 -0.9413
vn 0.1886 -0.2801 -0.9413
vn -1.0000 -0.0000 -0.0001
vn -0.1909 0.9378 -0.2900
vn 0.1909 0.9378 -0.2900
vn 0.3465 0.9380 -0.0000
vn 0.9070 0.4212 -0.0000
vn 0.9447 0.2404 -0.2231
vn 0.3463 -0.9194 0.1864
vn 0.9451 -0.2786 -0.1710
vn 0.9068 -0.4131 0.0838
vn -0.3425 0.5150 -0.7858
vn -0.9048 0.2335 -0.3562
vn -0.9455 0.3155 -0.0809
vn -0.9436 -0.0159 0.3306
vn -0.9054 -0.2973 0.3031
vn -0.3436 -0.6577 0.6704
vn 0.3409 -0.1801 -0.9227
vn 0.9441 0.1665 -0.2844
vn 0.9039 -0.0819 -0.4197
vn 0.9038 -0.0000 0.4279
vn 0.9445 0.2177 0.2460
vn 0.3407 -0.0000 0.9402
vn -0.3463 0.9194 -0.1864
vn -0.9068 0.4131 -0.0837
vn -0.9451 0.2786 0.1710
vn -0.9447 -0.2404 0.2231
vn -0.9070 -0.4212 -0.0000
vn -0.3465 -0.9380 -0.0000
vn 0.3425 0.5150 -0.7858
vn 0.9455 0.3155 -0.0809
vn 0.9048 0.2335 -0.3561
vn 0.9054 -0.2973 0.3031
vn 0.9436 -0.0159 0.3307
vn 0.3436 -0.6577 0.6704
vn -0.3447 0.7758 0.5285
vn -0.9060 0.3499 0.2384
vn -0.9437 0.0786 0.3213
vn -0.9456 -0.3250 -0.0163
vn -0.9054 -0.2973 -0.3031
vn -0.3436 -0.6577 -0.6704
vn 0.3463 0.9194 -0.1865
vn 0.9451 0.2786 0.1710
vn 0.9068 0.4131 -0.0838
vn 0.9070 -0.4212 -0.0000
vn 0.9447 -0.2404 0.2230
vn 0.3465 -0.9380 -0.0000
vn -0.3409 0.1800 0.9227
vn -0.9039 0.0819 0.4197
vn -0.9441 -0.1665 0.2844
vn -0.3407 -0.0000 -0.9402
vn -0.9445 -0.2177 -0.2460
vn -0.9039 -0.0000 -0.4278
vn 0.9437 0.0786 0.3213
vn 0.9060 0.3499 0.2383
vn 0.3447 0.7758 0.5285
vn 0.9051 -0.1604 -0.3938
vn 0.3412 -0.2681 -0.9010
vn 0.3430 -0.3534 -0.8703
vn 0.9056 -0.2329 -0.3545
vn 0.9436 0.0159 -0.3307
vn 0.3430 -0.5891 -0.7317
vn 0.9073 -0.3876 -0.1632
vn 0.9455 -0.3155 0.0809
vn 0.3452 -0.8241 -0.4490
vn 0.3471 -0.8639 -0.3649
vn 0.9076 -0.4115 -0.0832
vn 0.3478 -0.9189 -0.1864
vn 0.9445 -0.2177 -0.2460
vn 0.3465 -0.9334 -0.0937
vn 0.9073 -0.3876 0.1632
vn 0.9441 -0.1665 0.2844
vn 0.3460 -0.8963 0.2772
vn 0.3471 -0.8639 0.3649
vn 0.9068 -0.3487 0.2370
vn 0.3462 -0.7753 0.5283
vn 0.9456 -0.3250 -0.0163
vn 0.3441 -0.7201 0.6025
vn 0.9051 -0.1604 0.3939
vn 0.3420 -0.4364 0.8323
vn 0.3430 -0.3535 0.8703
vn 0.9048 -0.0818 0.4179
vn 0.3424 -0.1799 0.9222
vn 0.3407 -0.0904 0.9358
vn 0.9051 0.1604 0.3938
vn 0.3412 0.2681 0.9010
vn 0.3430 0.3534 0.8703
vn 0.9056 0.2329 0.3545
vn 0.3439 0.5146 0.7855
vn 0.3430 0.5891 0.7317
vn 0.9073 0.3876 0.1633
vn 0.3452 0.8241 0.4490
vn 0.3471 0.8639 0.3649
vn 0.9076 0.4115 0.0832
vn 0.3478 0.9189 0.1864
vn 0.9073 0.3876 -0.1632
vn 0.3460 0.8963 -0.2772
vn 0.9068 0.3487 -0.2370
vn 0.3462 0.7753 -0.5283
vn 0.9456 0.3250 0.0163
vn 0.3442 0.7201 -0.6025
vn 0.9051 0.1604 -0.3939
vn 0.9437 -0.0786 -0.3213
vn 0.3420 0.4363 -0.8323
vn 0.3430 0.3534 -0.8703
vn 0.9047 0.0818 -0.4181
vn 0.3424 0.1799 -0.9222
vn 0.3407 0.0904 -0.9358
vn -0.3430 -0.3535 -0.8703
vn -0.3412 -0.2681 -0.9009
vn -0.9451 -0.2786 -0.1710
vn -0.9051 -0.1604 -0.3939
vn -0.3439 -0.5146 -0.7854
vn -0.9056 -0.2329 -0.3545
vn -0.3430 -0.5891 -0.7317
vn -0.9436 0.0159 -0.3306
vn -0.3471 -0.8639 -0.3649
vn -0.3452 -0.8242 -0.4490
vn -0.9455 -0.3155 0.0809
vn -0.9073 -0.3876 -0.1633
vn -0.3478 -0.9189 -0.1864
vn -0.9076 -0.4115 -0.0832
vn -0.3465 -0.9334 -0.0937
vn -0.3471 -0.8639 0.3649
vn -0.3460 -0.8963 0.2772
vn -0.9073 -0.3876 0.1633
vn -0.3462 -0.7753 0.5283
vn -0.9068 -0.3487 0.2370
vn -0.3441 -0.7201 0.6025
vn -0.3430 -0.3534 0.8703
vn -0.3419 -0.4363 0.8323
vn -0.9051 -0.1604 0.3939
vn -0.3424 -0.1799 0.9222
vn -0.9047 -0.0818 0.4180
vn -0.3408 -0.0904 0.9358
vn -0.3430 0.3535 0.8703
vn -0.3412 0.2681 0.9010
vn -0.9051 0.1604 0.3938
vn -0.3439 0.5146 0.7854
vn -0.9056 0.2329 0.3545
vn -0.3430 0.5891 0.7317
vn -0.3471 0.8639 0.3649
vn -0.3452 0.8242 0.4490
vn -0.9073 0.3876 0.1633
vn -0.3478 0.9189 0.1864
vn -0.9076 0.4115 0.0832
vn -0.9445 0.2177 0.2460
vn -0.3460 0.8963 -0.2772
vn -0.9441 0.1665 -0.2844
vn -0.9073 0.3876 -0.1633
vn -0.3462 0.7753 -0.5283
vn -0.9068 0.3487 -0.2370
vn -0.3441 0.7201 -0.6025
vn -0.9456 0.3250 0.0164
vn -0.3430 0.3535 -0.8703
vn -0.3420 0.4364 -0.8322
vn -0.9437 -0.0786 -0.3213
vn -0.9050 0.1604 -0.3939
vn -0.3424 0.1799 -0.9222
vn -0.9047 0.0818 -0.4181
vn -0.3408 0.0904 -0.9358
vn -0.9447 0.2404 -0.2231
vn 0.3430 0.3539 0.8701
vn 0.3411 0.2681 0.9010
vn 0.9041 0.1219 0.4096
vn 0.9051 0.1598 0.3941
vn 0.3439 0.5152 0.7851
vn 0.9056 0.2322 0.3550
vn 0.3430 0.5890 0.7317
vn 0.9051 0.2667 0.3313
vn 0.3471 0.8641 0.3645
vn 0.3452 0.8241 0.4491
vn 0.9063 0.3712 0.2022
vn 0.9073 0.3873 0.1639
vn 0.3478 0.9189 0.1861
vn 0.9076 0.4114 0.0836
vn 0.3471 0.8641 -0.3645
vn 0.9067 0.4030 -0.1246
vn 0.9073 0.3873 -0.1639
vn 0.3462 0.7757 -0.5277
vn 0.9068 0.3483 -0.2377
vn 0.3441 0.7201 -0.6025
vn 0.9057 0.3252 -0.2720
vn 0.3430 0.3539 -0.8701
vn 0.3419 0.4363 -0.8323
vn 0.9045 0.1980 -0.3776
vn 0.9051 0.1598 -0.3941
vn 0.3424 0.1801 -0.9221
vn 0.9047 0.0814 -0.4181
vn 0.9039 0.0411 -0.4258
vn 0.3430 -0.3539 -0.8701
vn 0.9041 -0.1219 -0.4096
vn 0.9051 -0.1598 -0.3941
vn 0.3439 -0.5152 -0.7851
vn 0.9056 -0.2322 -0.3550
vn 0.3430 -0.5890 -0.7317
vn 0.9051 -0.2667 -0.3313
vn 0.3471 -0.8641 -0.3645
vn 0.3452 -0.8241 -0.4491
vn 0.9063 -0.3712 -0.2022
vn 0.9073 -0.3873 -0.1639
vn 0.3478 -0.9189 -0.1861
vn 0.9076 -0.4114 -0.0836
vn 0.9069 -0.4192 -0.0421
vn 0.3471 -0.8641 0.3645
vn 0.9067 -0.4030 0.1246
vn 0.9073 -0.3873 0.1639
vn 0.3461 -0.7757 0.5277
vn 0.9068 -0.3483 0.2377
vn 0.9057 -0.3252 0.2720
vn 0.3430 -0.3539 0.8701
vn 0.3419 -0.4363 0.8323
vn 0.9045 -0.1980 0.3776
vn 0.9051 -0.1598 0.3941
vn 0.3424 -0.1801 0.9221
vn 0.9048 -0.0814 0.4181
vn 0.9039 -0.0411 0.4258
vn -0.9051 0.1598 0.3941
vn -0.9041 0.1219 0.4096
vn -0.3430 0.3539 0.8701
vn -0.9056 0.2322 0.3550
vn -0.3439 0.5152 0.7851
vn -0.9051 0.2667 0.3313
vn -0.3430 0.5890 0.7317
vn -0.9073 0.3873 0.1639
vn -0.9063 0.3712 0.2022
vn -0.3452 0.8241 0.4491
vn -0.3471 0.8641 0.3645
vn -0.9076 0.4114 0.0836
vn -0.3478 0.9189 0.1861
vn -0.9073 0.3873 -0.1639
vn -0.9067 0.4030 -0.1246
vn -0.3471 0.8641 -0.3645
vn -0.9068 0.3483 -0.2377
vn -0.3462 0.7757 -0.5277
vn -0.9057 0.3251 -0.2720
vn -0.9051 0.1598 -0.3941
vn -0.9045 0.1980 -0.3776
vn -0.3430 0.3539 -0.8701
vn -0.9048 0.0814 -0.4180
vn -0.3424 0.1801 -0.9221
vn -0.9039 0.0411 -0.4258
vn -0.3407 0.0904 -0.9358
vn -0.9051 -0.1598 -0.3941
vn -0.9041 -0.1219 -0.4096
vn -0.3430 -0.3540 -0.8701
vn -0.9056 -0.2322 -0.3550
vn -0.3439 -0.5152 -0.7851
vn -0.9051 -0.2667 -0.3313
vn -0.3430 -0.5890 -0.7317
vn -0.9073 -0.3873 -0.1639
vn -0.9063 -0.3712 -0.2023
vn -0.3452 -0.8241 -0.4491
vn -0.3471 -0.8641 -0.3644
vn -0.9076 -0.4114 -0.0836
vn -0.3478 -0.9189 -0.1861
vn -0.9069 -0.4192 -0.0421
vn -0.9073 -0.3873 0.1638
vn -0.9067 -0.4030 0.1246
vn -0.3460 -0.8964 0.2772
vn -0.3471 -0.8641 0.3645
vn -0.9068 -0.3483 0.2377
vn -0.3461 -0.7757 0.5278
vn -0.9057 -0.3252 0.2720
vn -0.9051 -0.1598 0.3941
vn -0.9045 -0.1980 0.3776
vn -0.3420 -0.4364 0.8322
vn -0.3430 -0.3539 0.8701
vn -0.9048 -0.0814 0.4181
vn -0.3424 -0.1801 0.9221
vn -0.9039 -0.0411 0.4258
vn -0.3407 -0.0904 0.9358
vn 0.9054 0.2973 0.3031
vn 0.3436 0.6576 0.6705
vn 0.3447 -0.7758 -0.5285
vn 0.9060 -0.3499 -0.2383
vn -0.9038 -0.0000 0.4279
vn -0.3407 -0.0000 0.9402
vn 0.9054 0.2973 -0.3031
vn 0.3436 0.6577 -0.6704
vn -0.3409 -0.1800 -0.9227
vn -0.9039 -0.0819 -0.4197
vn 0.3424 -0.5150 0.7858
vn 0.9048 -0.2335 0.3561
vn -0.3465 0.9380 -0.0000
vn -0.9070 0.4212 -0.0000
vn -0.3463 -0.9194 0.1864
vn -0.9068 -0.4131 0.0838
vn -0.9054 0.2973 0.3031
vn -0.3436 0.6577 0.6704
vn 0.9039 -0.0000 -0.4278
vn 0.3407 -0.0000 -0.9402
vn -0.3447 -0.7758 -0.5285
vn -0.9060 -0.3499 -0.2383
vn 0.3409 0.1800 0.9227
vn 0.9039 0.0819 0.4197
vn -0.9054 0.2973 -0.3031
vn -0.3436 0.6577 -0.6704
vn -0.3425 -0.5150 0.7858
vn -0.9048 -0.2335 0.3562
vn 0.9054 -0.2973 -0.3031
vn 0.3436 -0.6576 -0.6704
vn 0.9035 -0.0864 -0.4198
vn 0.9034 0.0042 -0.4289
vn 0.3391 -0.0039 -0.9407
vn 0.3393 -0.1762 -0.9240
vn 0.9065 -0.1592 -0.3910
vn 0.3457 -0.3531 -0.8694
vn 0.9070 -0.2312 -0.3520
vn 0.3466 -0.5140 -0.7846
vn 0.9049 -0.2955 -0.3065
vn 0.3420 -0.6607 -0.6682
vn 0.9056 -0.3531 -0.2349
vn 0.3430 -0.7740 -0.5322
vn 0.9087 -0.3847 -0.1621
vn 0.3498 -0.8630 -0.3646
vn 0.9090 -0.4085 -0.0826
vn 0.3505 -0.9179 -0.1862
vn 0.9065 -0.4222 -0.0041
vn 0.3449 -0.9386 0.0040
vn 0.9064 -0.4133 0.0878
vn 0.3447 -0.9208 0.1827
vn 0.9087 -0.3848 0.1621
vn 0.3498 -0.8630 0.3646
vn 0.9082 -0.3462 0.2353
vn 0.3489 -0.7744 0.5278
vn 0.9050 -0.3012 0.3004
vn 0.3419 -0.6551 0.6738
vn 0.9043 -0.2309 0.3591
vn 0.3409 -0.5185 0.7842
vn 0.9065 -0.1593 0.3910
vn 0.3457 -0.3531 0.8694
vn 0.9062 -0.0812 0.4150
vn 0.3450 -0.1797 0.9212
vn 0.9034 -0.0042 0.4289
vn 0.3391 0.0039 0.9408
vn 0.9035 0.0864 0.4198
vn 0.3393 0.1762 0.9240
vn 0.9065 0.1592 0.3910
vn 0.3457 0.3531 0.8694
vn 0.9070 0.2312 0.3520
vn 0.3466 0.5140 0.7846
vn 0.9049 0.2955 0.3065
vn 0.3420 0.6607 0.6682
vn 0.9056 0.3531 0.2350
vn 0.3430 0.7740 0.5322
vn 0.9087 0.3848 0.1621
vn 0.3498 0.8630 0.3646
vn 0.9090 0.4085 0.0826
vn 0.3505 0.9179 0.1862
vn 0.9065 0.4222 0.0041
vn 0.3449 0.9386 -0.0040
vn 0.9064 0.4133 -0.0878
vn 0.3447 0.9208 -0.1827
vn 0.9087 0.3848 -0.1621
vn 0.3498 0.8630 -0.3646
vn 0.9082 0.3462 -0.2353
vn 0.3489 0.7744 -0.5278
vn 0.9050 0.3012 -0.3004
vn 0.3419 0.6551 -0.6738
vn 0.9043 0.2309 -0.3591
vn 0.3409 0.5185 -0.7842
vn 0.9065 0.1593 -0.3910
vn 0.3457 0.3531 -0.8694
vn 0.9062 0.0812 -0.4151
vn 0.3450 0.1797 -0.9212
vn -0.3393 -0.1762 -0.9240
vn -0.3391 -0.0039 -0.9408
vn -0.9034 0.0042 -0.4289
vn -0.9035 -0.0864 -0.4198
vn -0.3457 -0.3531 -0.8694
vn -0.9065 -0.1592 -0.3910
vn -0.3466 -0.5140 -0.7846
vn -0.9070 -0.2312 -0.3520
vn -0.3420 -0.6607 -0.6682
vn -0.9049 -0.2955 -0.3065
vn -0.3430 -0.7740 -0.5322
vn -0.9056 -0.3531 -0.2350
vn -0.3498 -0.8630 -0.3646
vn -0.9087 -0.3848 -0.1621
vn -0.3505 -0.9179 -0.1862
vn -0.9090 -0.4085 -0.0826
vn -0.3449 -0.9386 0.0040
vn -0.9065 -0.4222 -0.0041
vn -0.3447 -0.9208 0.1827
vn -0.9064 -0.4133 0.0878
vn -0.3498 -0.8630 0.3646
vn -0.9087 -0.3848 0.1621
vn -0.3489 -0.7744 0.5278
vn -0.9082 -0.3462 0.2353
vn -0.3419 -0.6551 0.6738
vn -0.9050 -0.3012 0.3004
vn -0.3409 -0.5185 0.7842
vn -0.9043 -0.2309 0.3591
vn -0.3457 -0.3531 0.8694
vn -0.9065 -0.1593 0.3910
vn -0.3450 -0.1797 0.9212
vn -0.9062 -0.0812 0.4150
vn -0.3391 0.0039 0.9408
vn -0.9034 -0.0042 0.4289
vn -0.3393 0.1762 0.9240
vn -0.9035 0.0864 0.4198
vn -0.3457 0.3531 0.8694
vn -0.9065 0.1592 0.3910
vn -0.3466 0.5140 0.7846
vn -0.9070 0.2312 0.3520
vn -0.3420 0.6607 0.6682
vn -0.9049 0.2955 0.3065
vn -0.3430 0.7740 0.5322
vn -0.9056 0.3531 0.2350
vn -0.3498 0.8630 0.3646
vn -0.9087 0.3848 0.1621
vn -0.3505 0.9179 0.1862
vn -0.9090 0.4085 0.0826
vn -0.3449 0.9386 -0.0040
vn -0.9065 0.4222 0.0041
vn -0.3447 0.9208 -0.1827
vn -0.9064 0.4133 -0.0878
vn -0.3498 0.8630 -0.3646
vn -0.9087 0.3848 -0.1621
vn -0.3489 0.7744 -0.5278
vn -0.9082 0.3462 -0.2353
vn -0.3419 0.6551 -0.6738
vn -0.9050 0.3012 -0.3004
vn -0.3409 0.5185 -0.7842
vn -0.9043 0.2309 -0.3591
vn -0.3457 0.3531 -0.8694
vn -0.9065 0.1593 -0.3910
vn -0.3450 0.1797 -0.9212
vn -0.9062 0.0812 -0.4150
vn 0.5209 -0.7866 0.3315
vn 0.5199 -0.7057 0.4814
vn 0.8116 -0.4830 0.3287
vn 0.8126 -0.5369 0.2268
vn -0.6624 -0.6304 -0.4047
vn -0.6604 -0.5106 -0.5506
vn -0.6284 -0.5188 -0.5796
vn -0.6303 -0.6609 -0.4074
vn 0.6610 -0.5398 0.5213
vn 0.6590 -0.3946 0.6403
vn 0.7078 -0.4516 0.5432
vn 0.7070 -0.4359 0.5569
vn -0.7965 -0.5566 -0.2362
vn -0.6714 -0.6210 -0.4045
vn -0.5109 -0.7210 -0.4682
vn -0.5153 -0.7896 -0.3331
vn -0.6559 0.6946 0.2955
vn -0.5093 0.7924 0.3357
vn 0.5217 0.8362 0.1689
vn 0.8108 0.5851 0.0186
vn 0.8131 0.5705 0.1158
vn -0.6590 0.3946 -0.6403
vn -0.6610 0.5398 -0.5212
vn -0.6291 0.5689 -0.5297
vn -0.6271 0.3970 -0.6701
vn 0.7974 -0.5915 -0.1199
vn 0.8084 -0.5857 -0.0589
vn 0.4924 -0.8660 -0.0868
vn 0.5105 -0.8428 -0.1707
vn -0.7929 0.2304 -0.5642
vn -0.6675 0.3962 -0.6305
vn -0.5079 0.4564 -0.7306
vn -0.5109 0.3236 -0.7964
vn 0.6568 0.7393 0.1484
vn 0.6644 0.7471 0.0207
vn 0.8096 0.5755 0.1159
vn 0.5936 -0.8004 0.0841
vn 0.8105 -0.5701 0.1346
vn 0.6559 0.6946 0.2955
vn 0.8091 0.5411 0.2292
vn -0.5172 -0.3222 0.7929
vn -0.5023 -0.4016 0.7658
vn -0.8196 -0.2659 0.5075
vn -0.8070 -0.2222 0.5472
vn 0.5865 0.0756 0.8064
vn 0.5863 0.0802 0.8061
vn 0.8060 0.1314 0.5771
vn 0.8057 -0.0184 0.5920
vn -0.6559 -0.6946 -0.2955
vn -0.5093 -0.7924 -0.3357
vn 0.1439 0.8990 0.4136
vn 0.1260 0.8922 0.4336
vn -0.1411 0.7167 0.6830
vn -0.1267 0.7296 0.6720
vn 0.6560 0.6958 -0.2924
vn 0.8090 0.5419 -0.2279
vn -0.6610 -0.5398 0.5212
vn -0.6547 -0.6235 0.4273
vn -0.5082 -0.7113 0.4856
vn 0.7928 0.1166 -0.5982
vn 0.8041 0.0573 -0.5917
vn 0.4859 0.0839 -0.8700
vn 0.5045 0.1653 -0.8474
vn 0.5896 0.5043 -0.6309
vn 0.5888 0.5091 -0.6278
vn -0.6571 0.0206 -0.7535
vn -0.6501 0.1438 -0.7461
vn -0.5040 0.1644 -0.8479
vn -0.6255 0.0349 -0.7794
vn 0.5199 0.7057 -0.4814
vn 0.8084 0.4251 -0.4070
vn 0.8116 0.4830 -0.3286
vn -0.6560 0.6958 -0.2924
vn -0.6640 0.7284 -0.1690
vn -0.5093 0.7934 -0.3335
vn -0.6590 -0.3946 0.6403
vn 0.6509 -0.2870 0.7028
vn 0.8053 -0.2239 0.5489
vn -0.7957 -0.5000 0.3418
vn -0.7964 -0.5575 0.2343
vn -0.5155 -0.7894 0.3334
vn -0.5143 -0.7090 0.4825
vn -0.6509 -0.2869 0.7029
vn -0.5046 -0.3262 0.7994
vn 0.6560 -0.6958 0.2924
vn 0.6547 -0.6235 0.4273
vn 0.8082 -0.4863 0.3320
vn 0.8090 -0.5419 0.2279
vn 0.5209 0.7866 -0.3315
vn 0.8126 0.5369 -0.2268
vn 0.8105 0.5701 -0.1346
vn 0.6575 -0.1643 -0.7353
vn 0.6508 -0.2840 -0.7041
vn 0.8054 -0.2225 -0.5494
vn 0.1437 -0.9236 0.3555
vn 0.1255 -0.9334 0.3363
vn -0.1432 -0.9891 0.0329
vn -0.1277 -0.9905 0.0514
vn 0.5087 0.7116 -0.4846
vn 0.7960 0.5002 -0.3408
vn -0.1276 -0.7907 -0.5988
vn -0.1421 -0.7993 -0.5840
vn 0.1249 -0.5863 -0.8005
vn 0.1415 -0.5691 -0.8100
vn -0.6509 0.2869 -0.7029
vn -0.5046 0.3262 -0.7993
vn -0.6560 -0.6958 0.2924
vn -0.5093 -0.7934 0.3335
vn 0.6568 -0.7393 -0.1484
vn 0.6644 -0.7471 -0.0207
vn 0.7118 -0.6978 0.0799
vn 0.8096 -0.5755 -0.1158
vn 0.4907 -0.6682 0.5592
vn 0.5087 -0.7116 0.4846
vn 0.7960 -0.5002 0.3408
vn 0.8077 -0.4523 0.3782
vn -0.6640 -0.7284 0.1690
vn -0.6316 -0.7519 0.1890
vn 0.5098 -0.7926 0.3344
vn 0.7968 -0.5566 0.2350
vn -0.6656 0.0150 -0.7461
vn -0.6661 -0.1577 -0.7290
vn 0.4915 -0.8320 0.2572
vn 0.8077 -0.5633 0.1743
vn -0.6547 0.6235 -0.4273
vn -0.5082 0.7113 -0.4856
vn 0.1250 0.1408 -0.9821
vn 0.1407 0.1585 -0.9773
vn -0.1266 -0.1427 -0.9816
vn -0.1395 -0.1572 -0.9777
vn 0.7043 0.0577 0.7076
vn 0.1439 -0.8990 -0.4136
vn 0.1260 -0.8922 -0.4337
vn -0.1411 -0.7167 -0.6830
vn -0.1267 -0.7296 -0.6720
vn 0.4907 0.6682 -0.5592
vn 0.8077 0.4523 -0.3782
vn 0.8041 -0.2760 0.5266
vn 0.4864 -0.4058 0.7738
vn 0.1409 -0.4020 0.9047
vn 0.1248 -0.4201 0.8989
vn -0.1414 -0.6695 0.7292
vn -0.1274 -0.6587 0.7416
vn 0.5896 -0.5043 0.6309
vn 0.5888 -0.5091 0.6278
vn 0.7968 -0.5566 -0.2351
vn 0.5098 -0.7926 -0.3346
vn 0.8084 -0.5169 -0.2815
vn 0.4919 -0.7645 -0.4167
vn -0.1276 0.7907 0.5988
vn -0.1421 0.7992 0.5840
vn 0.1249 0.5863 0.8004
vn 0.1415 0.5691 0.8100
vn 0.7093 0.5476 0.4439
vn 0.7084 0.5351 0.4601
vn 0.5902 0.6211 0.5156
vn 0.5910 0.6167 0.5200
vn 0.6640 -0.7284 0.1690
vn 0.7120 -0.6996 0.0601
vn -0.6521 -0.4166 -0.6335
vn -0.5057 -0.4741 -0.7208
vn 0.5934 -0.8012 0.0767
vn 0.6521 0.4166 0.6335
vn 0.6604 0.5106 0.5506
vn 0.8061 0.3251 0.4944
vn -0.5091 0.5892 0.6275
vn -0.5109 0.7210 0.4682
vn -0.6689 -0.5104 -0.5405
vn -0.7937 -0.3344 -0.5082
vn -0.5119 -0.4709 -0.7184
vn -0.5091 -0.5892 -0.6275
vn -0.4999 -0.0832 0.8621
vn -0.5164 -0.1640 0.8405
vn -0.8065 -0.1135 0.5803
vn -0.8178 -0.0555 0.5728
vn 0.5161 0.3219 0.7938
vn 0.8088 0.2216 0.5447
vn -0.5036 0.5418 0.6729
vn -0.5183 0.4688 0.7152
vn -0.8079 0.3230 0.4930
vn -0.8206 0.3583 0.4453
vn -0.7970 0.5922 0.1190
vn -0.5161 0.8394 0.1703
vn -0.5125 0.8585 0.0190
vn -0.7930 -0.2284 -0.5648
vn -0.5108 -0.3239 -0.7964
vn -0.8223 -0.5435 0.1682
vn -0.8107 -0.5393 0.2279
vn -0.5222 -0.7857 0.3317
vn -0.5069 -0.8236 0.2546
vn 0.8094 0.4955 0.3152
vn 0.8080 0.3991 0.4334
vn -0.8099 -0.4850 0.3300
vn -0.8196 -0.4395 0.3675
vn -0.5033 -0.6627 0.5546
vn -0.5210 -0.7054 0.4805
vn -0.5230 0.8354 0.1694
vn -0.5222 0.7857 0.3318
vn -0.8107 0.5394 0.2275
vn -0.8113 0.5730 0.1163
vn -0.5122 0.8378 -0.1892
vn -0.5046 0.7580 0.4132
vn -0.8205 0.5020 0.2734
vn 0.8071 -0.3080 0.5038
vn 0.8084 -0.4251 0.4071
vn -0.5172 0.3222 -0.7929
vn -0.5023 0.4017 -0.7658
vn -0.8197 0.2659 -0.5074
vn -0.8070 0.2222 -0.5471
vn -0.6700 0.5308 -0.5191
vn -0.7957 0.5000 -0.3418
vn -0.5143 0.7090 -0.4825
vn -0.5097 0.6158 -0.6008
vn -0.7970 -0.5922 -0.1190
vn -0.5161 -0.8394 -0.1703
vn -0.5063 0.0188 -0.8622
vn -0.5067 -0.1835 -0.8424
vn -0.5071 0.8576 0.0860
vn -0.8223 0.5661 0.0570
vn -0.7964 0.5575 -0.2343
vn -0.5155 0.7894 -0.3334
vn -0.6727 -0.7221 0.1610
vn -0.5122 -0.8378 0.1892
vn -0.8223 0.5435 -0.1682
vn -0.8107 0.5393 -0.2279
vn -0.5222 0.7857 -0.3317
vn -0.5068 0.8236 -0.2546
vn 0.5056 0.1653 -0.8468
vn 0.5063 0.3248 -0.7989
vn 0.7941 0.2288 -0.5630
vn 0.7936 0.1165 -0.5972
vn 0.5159 -0.3230 0.7934
vn 0.5153 -0.1636 0.8413
vn 0.8083 -0.1130 0.5779
vn 0.8089 -0.2213 0.5447
vn -0.6732 -0.7393 -0.0145
vn -0.5125 -0.8585 -0.0190
vn -0.5097 -0.6158 0.6008
vn -0.5071 -0.8576 -0.0860
vn -0.5230 -0.8354 -0.1694
vn -0.8113 -0.5730 -0.1163
vn -0.8223 -0.5661 -0.0570
vn -0.8099 0.4850 -0.3300
vn -0.5210 0.7054 -0.4805
vn 0.6575 0.1643 0.7353
vn 0.6508 0.2840 0.7041
vn 0.8054 0.2225 0.5494
vn 0.6604 -0.5106 -0.5506
vn 0.6624 0.6304 0.4048
vn -0.7965 0.5566 0.2362
vn -0.5153 0.7896 0.3330
vn 0.5170 0.4697 0.7156
vn 0.8097 0.3216 0.4908
vn 0.1250 -0.1408 0.9821
vn 0.1407 -0.1585 0.9773
vn -0.1266 0.1427 0.9816
vn -0.1395 0.1572 0.9777
vn 0.5210 -0.7861 -0.3326
vn 0.5217 -0.8362 -0.1689
vn 0.8131 -0.5705 -0.1158
vn 0.8125 -0.5372 -0.2265
vn 0.8108 -0.5851 -0.0186
vn 0.8048 -0.3721 -0.4624
vn 0.4875 -0.5476 -0.6800
vn 0.8084 0.5857 0.0589
vn 0.4924 0.8660 0.0868
vn 0.6640 0.7284 -0.1690
vn 0.5161 -0.3219 -0.7938
vn 0.5170 -0.4697 -0.7156
vn 0.8097 -0.3216 -0.4908
vn 0.8088 -0.2216 -0.5447
vn -0.5172 -0.3222 -0.7929
vn -0.5001 -0.2469 -0.8300
vn -0.8178 -0.1643 -0.5516
vn -0.8070 -0.2225 -0.5470
vn 0.8080 -0.3991 -0.4334
vn 0.6521 -0.4166 -0.6334
vn 0.8061 -0.3251 -0.4944
vn -0.7929 -0.2304 0.5641
vn -0.5079 -0.4564 0.7306
vn -0.5109 -0.3236 0.7964
vn 0.1259 -0.7897 0.6005
vn 0.1433 -0.7999 0.5827
vn -0.1265 -0.5846 0.8014
vn -0.1403 -0.5703 0.8094
vn -0.7924 -0.1158 0.5989
vn -0.5101 -0.1650 0.8441
vn 0.8048 0.1694 0.5689
vn 0.4867 0.2490 0.8373
vn -0.5063 -0.0188 0.8622
vn 0.1437 0.9236 -0.3555
vn 0.1255 0.9334 -0.3363
vn -0.1432 0.9891 -0.0329
vn -0.1276 0.9905 -0.0514
vn 0.1409 0.4020 -0.9047
vn 0.1248 0.4201 -0.8989
vn -0.1414 0.6695 -0.7292
vn -0.1274 0.6587 -0.7416
vn 0.6571 0.0206 -0.7535
vn 0.8041 -0.0573 0.5917
vn 0.4859 -0.0839 0.8700
vn 0.5073 0.4726 -0.7206
vn 0.5086 0.6031 -0.6145
vn 0.7958 0.4240 -0.4323
vn 0.7949 0.3326 -0.5074
vn 0.5098 0.7111 -0.4841
vn 0.5109 0.7920 -0.3342
vn 0.7976 0.5557 -0.2347
vn 0.7968 0.4994 -0.3402
vn 0.5116 0.8421 0.1707
vn 0.5109 0.7920 0.3342
vn 0.7976 0.5557 0.2347
vn 0.7981 0.5905 0.1197
vn 0.5098 0.7111 0.4841
vn 0.5086 0.6031 0.6145
vn 0.7958 0.4240 0.4323
vn 0.7968 0.4994 0.3402
vn 0.5056 0.1653 0.8468
vn 0.5054 -0.0000 0.8629
vn 0.7934 -0.0000 0.6087
vn 0.7936 0.1165 0.5972
vn 0.5056 -0.1653 0.8468
vn 0.5063 -0.3248 0.7989
vn 0.7941 -0.2288 0.5631
vn 0.7936 -0.1165 0.5972
vn 0.5098 -0.7111 0.4841
vn 0.5109 -0.7920 0.3342
vn 0.7976 -0.5557 0.2347
vn 0.7968 -0.4994 0.3402
vn 0.5116 -0.8421 0.1707
vn 0.5119 -0.8591 -0.0000
vn 0.7983 -0.6023 -0.0000
vn 0.7981 -0.5905 0.1197
vn 0.5098 -0.7111 -0.4841
vn 0.5086 -0.6031 -0.6145
vn 0.7958 -0.4240 -0.4323
vn 0.7968 -0.4994 -0.3402
vn 0.5073 -0.4726 -0.7206
vn 0.5063 -0.3248 -0.7989
vn 0.7941 -0.2288 -0.5630
vn 0.7949 -0.3326 -0.5074
vn 0.5056 -0.1653 -0.8468
vn 0.7936 -0.1165 -0.5972
vn 0.5116 -0.8421 -0.1707
vn 0.5109 -0.7920 -0.3342
vn 0.7976 -0.5557 -0.2347
vn 0.7981 -0.5905 -0.1197
vn 0.5073 -0.4726 0.7206
vn 0.5086 -0.6031 0.6145
vn 0.7958 -0.4240 0.4323
vn 0.7949 -0.3326 0.5075
vn 0.5073 0.4726 0.7206
vn 0.5063 0.3248 0.7989
vn 0.7941 0.2288 0.5631
vn 0.7949 0.3326 0.5074
vn 0.5116 0.8421 -0.1707
vn 0.5119 0.8591 -0.0000
vn 0.7983 0.6023 -0.0000
vn 0.7981 0.5905 -0.1197
vn 0.5054 -0.0000 -0.8629
vn 0.7934 -0.0000 -0.6087
vn -0.5172 0.3222 0.7929
vn -0.8070 0.2225 0.5470
vn -0.5222 -0.7857 -0.3318
vn -0.5046 -0.7580 -0.4132
vn -0.8205 -0.5020 -0.2734
vn -0.8107 -0.5394 -0.2275
vn -0.7924 0.1158 -0.5989
vn -0.5101 0.1650 -0.8441
vn -0.5001 0.2469 0.8300
vn -0.8178 0.1643 0.5516
vn 0.8094 -0.4955 -0.3151
vn -0.7937 0.3344 0.5082
vn -0.7930 0.2284 0.5648
vn -0.5108 0.3239 0.7963
vn -0.5119 0.4709 0.7184
vn -0.5037 -0.5418 -0.6729
vn -0.5183 -0.4688 -0.7152
vn -0.8079 -0.3230 -0.4930
vn -0.8206 -0.3583 -0.4453
vn 0.5210 0.7861 0.3326
vn 0.8125 0.5372 0.2266
vn 0.5159 0.3230 -0.7934
vn 0.5153 0.1636 -0.8413
vn 0.8083 0.1130 -0.5779
vn 0.8089 0.2213 -0.5448
vn -0.5067 0.1835 0.8424
vn -0.5164 0.1640 -0.8405
vn -0.8065 0.1135 -0.5803
vn -0.8196 0.4395 -0.3676
vn -0.5033 0.6627 -0.5546
vn 0.8060 -0.1314 -0.5772
vn 0.8057 0.0184 -0.5920
vn -0.4999 0.0832 -0.8621
vn -0.8178 0.0555 -0.5728
vn 0.8071 0.3080 -0.5038
vn 0.7933 0.2292 -0.5640
vn 0.5052 0.3251 -0.7994
vn 0.1258 -0.9815 -0.1445
vn 0.1441 -0.9756 -0.1656
vn -0.1275 -0.9810 0.1464
vn -0.1430 -0.9760 0.1642
vn 0.6004 -0.1960 0.7753
vn 0.2373 0.4608 0.8552
vn -0.4969 0.2425 -0.8332
vn -0.3521 0.3534 -0.8667
vn 0.3412 0.3543 -0.8706
vn 0.3380 0.4372 -0.8334
vn 0.4864 0.4058 -0.7738
vn 0.9097 -0.1566 0.3846
vn 0.9154 -0.1892 0.3553
vn 0.9026 0.1997 -0.3813
vn 0.9043 0.1605 -0.3955
vn 0.8041 0.2760 -0.5266
vn -0.7748 -0.6171 -0.1373
vn -0.5036 -0.8272 -0.2492
vn -0.2389 -0.7376 0.6315
vn -0.3552 0.7725 -0.5264
vn -0.5026 0.7622 -0.4080
vn 0.3402 0.7211 -0.6036
vn 0.3444 0.7761 -0.5282
vn 0.9164 -0.3053 0.2588
vn 0.9112 -0.3408 0.2315
vn 0.9060 0.3495 -0.2387
vn 0.9038 0.3284 -0.2744
vn 0.6018 0.4001 0.6912
vn 0.2403 0.9306 0.2760
vn -0.3570 0.9157 0.1847
vn -0.5032 0.8239 0.2608
vn 0.3425 0.9349 0.0936
vn 0.3460 0.9196 0.1861
vn -0.5032 -0.8239 -0.2608
vn -0.7745 -0.5873 -0.2349
vn -0.2367 -0.2667 -0.9343
vn 0.9175 -0.3959 -0.0371
vn 0.9121 -0.4018 -0.0814
vn 0.9069 0.4129 0.0838
vn 0.9051 0.4231 0.0427
vn -0.5036 0.8272 0.2492
vn -0.3562 0.8607 0.3638
vn 0.3454 0.8646 0.3648
vn 0.3412 0.8253 0.4500
vn -0.7743 0.5782 -0.2571
vn -0.2397 0.8471 0.4743
vn 0.9117 -0.3787 -0.1594
vn 0.9169 -0.3492 -0.1932
vn 0.9044 0.3748 0.2039
vn 0.9065 0.3887 0.1646
vn 0.6065 0.7488 0.2673
vn 0.2372 0.4414 0.8654
vn -0.4985 0.4079 0.7650
vn -0.3520 0.3520 0.8673
vn 0.3412 0.3540 0.8708
vn 0.3372 0.2683 0.9024
vn 0.9096 -0.1568 -0.3849
vn 0.9149 -0.1126 -0.3875
vn 0.9021 0.1233 0.4135
vn 0.9043 0.1603 0.3957
vn -0.4973 0.2529 -0.8299
vn -0.7711 0.2278 -0.5945
vn -0.2403 0.9306 -0.2760
vn -0.3514 -0.1788 0.9190
vn -0.4973 -0.2529 0.8299
vn 0.3368 -0.0903 0.9372
vn 0.3406 -0.1801 0.9228
vn 0.9148 0.0363 -0.4024
vn 0.9093 0.0800 -0.4085
vn 0.9040 -0.0816 0.4197
vn 0.9019 -0.0418 0.4298
vn 0.6059 -0.7142 0.3504
vn 0.2402 -0.9240 -0.2975
vn -0.3552 -0.7725 0.5264
vn -0.5026 -0.7621 0.4080
vn 0.3402 -0.7211 0.6036
vn 0.3444 -0.7761 0.5282
vn 0.9164 0.3053 -0.2588
vn 0.9112 0.3408 -0.2315
vn 0.9060 -0.3495 0.2387
vn 0.9038 -0.3284 0.2744
vn -0.5020 -0.7568 0.4186
vn -0.3563 -0.8612 0.3624
vn 0.3453 -0.8648 0.3646
vn 0.3420 -0.8978 0.2774
vn -0.7738 -0.5303 0.3464
vn -0.2364 -0.0826 0.9681
vn 0.9118 0.3784 -0.1595
vn 0.9173 0.3811 -0.1151
vn 0.9048 -0.4067 0.1260
vn 0.9066 -0.3888 0.1643
vn -0.3562 -0.8607 -0.3638
vn 0.3454 -0.8646 -0.3649
vn 0.3412 -0.8253 -0.4499
vn 0.9117 0.3787 0.1594
vn 0.9169 0.3492 0.1932
vn 0.9044 -0.3748 -0.2040
vn 0.9065 -0.3887 -0.1646
vn -0.3531 -0.5139 -0.7818
vn -0.4978 -0.3982 -0.7705
vn 0.3390 -0.5901 -0.7327
vn 0.3422 -0.5156 -0.7855
vn -0.7708 0.1346 -0.6227
vn -0.2381 -0.6176 -0.7496
vn 0.9159 0.2537 0.3111
vn 0.9102 0.2274 0.3462
vn 0.9049 -0.2332 -0.3562
vn 0.9032 -0.2690 -0.3345
vn -0.3520 -0.3520 -0.8673
vn 0.3412 -0.3540 -0.8707
vn 0.9096 0.1568 0.3848
vn 0.9043 -0.1603 -0.3956
vn 0.6004 0.1960 -0.7753
vn 0.2373 -0.4608 -0.8552
vn -0.3521 -0.3534 0.8667
vn 0.3412 -0.3543 0.8706
vn 0.6059 0.7142 -0.3504
vn 0.2402 0.9240 0.2975
vn 0.9097 0.1566 -0.3847
vn 0.9043 -0.1605 0.3955
vn -0.3563 0.8612 -0.3624
vn 0.3453 0.8648 -0.3646
vn 0.9118 -0.3784 0.1595
vn 0.9066 0.3888 -0.1644
vn -0.3514 0.1788 -0.9190
vn 0.3368 0.0903 -0.9372
vn 0.3406 0.1801 -0.9228
vn -0.7743 -0.5782 0.2572
vn -0.2397 -0.8471 -0.4743
vn 0.9148 -0.0363 0.4024
vn 0.9093 -0.0800 0.4084
vn 0.9040 0.0816 -0.4197
vn 0.9020 0.0418 -0.4298
vn -0.5020 0.7568 -0.4186
vn 0.3420 0.8978 -0.2774
vn 0.9173 -0.3811 0.1151
vn 0.9048 0.4067 -0.1260
vn -0.3531 0.5139 0.7818
vn -0.4978 0.3982 0.7705
vn 0.3390 0.5901 0.7327
vn 0.3421 0.5157 0.7855
vn 0.2396 -0.8471 0.4744
vn 0.6068 -0.7688 -0.2020
vn 0.9159 -0.2537 -0.3111
vn 0.9102 -0.2274 -0.3462
vn 0.9048 0.2332 0.3562
vn 0.9032 0.2690 0.3345
vn -0.4969 -0.2425 0.8332
vn 0.3380 -0.4372 0.8334
vn 0.2367 0.2876 -0.9280
vn 0.6013 -0.3412 -0.7226
vn 0.9154 0.1892 -0.3554
vn 0.9026 -0.1997 0.3813
vn -0.3569 -0.9157 -0.1847
vn 0.3425 -0.9349 -0.0936
vn 0.3460 -0.9196 -0.1861
vn 0.9175 0.3959 0.0371
vn 0.9121 0.4018 0.0814
vn 0.9069 -0.4129 -0.0838
vn 0.9051 -0.4231 -0.0427
vn -0.4984 -0.4079 -0.7650
vn 0.3372 -0.2683 -0.9024
vn -0.7709 -0.1346 0.6226
vn -0.2381 0.6176 0.7496
vn 0.9150 0.1126 0.3875
vn 0.9022 -0.1233 -0.4134
vn -0.9072 -0.1951 0.3726
vn -0.9066 -0.1588 0.3909
vn -0.8963 0.1690 -0.4100
vn -0.3456 -0.3532 0.8694
vn -0.3467 -0.4358 0.8306
vn 0.3145 -0.4428 0.8397
vn 0.3276 -0.3569 0.8748
vn -0.9083 -0.3462 0.2348
vn -0.9084 -0.3208 0.2681
vn -0.8980 0.3619 -0.2502
vn -0.3489 -0.7187 0.6015
vn -0.3488 -0.7744 0.5279
vn 0.3306 -0.7790 0.5327
vn 0.3165 -0.7261 0.6104
vn -0.9092 -0.4081 -0.0829
vn -0.9096 -0.4134 -0.0417
vn -0.7745 0.5873 0.2349
vn -0.8990 0.4297 0.0846
vn -0.3512 -0.9316 -0.0933
vn -0.3504 -0.9179 -0.1861
vn 0.3322 -0.9247 -0.1860
vn 0.3187 -0.9433 -0.0924
vn -0.9090 -0.3662 -0.1993
vn -0.9088 -0.3846 -0.1616
vn -0.8985 0.4032 0.1735
vn -0.7748 0.6171 0.1373
vn -0.3497 -0.8630 -0.3646
vn -0.3499 -0.8225 -0.4484
vn 0.3175 -0.8316 -0.4557
vn 0.3316 -0.8685 -0.3686
vn -0.9068 -0.1204 -0.4039
vn -0.9066 -0.1595 -0.3906
vn -0.8962 0.1643 0.4121
vn -0.7718 0.3380 0.5386
vn -0.3456 -0.3531 -0.8694
vn -0.3459 -0.2674 -0.8993
vn 0.3137 -0.2687 -0.9107
vn 0.3276 -0.3541 -0.8760
vn -0.9063 0.0815 -0.4147
vn -0.9066 0.0408 -0.4200
vn -0.7712 -0.2278 0.5945
vn -0.8958 -0.0824 0.4367
vn -0.3455 0.0900 -0.9341
vn -0.3450 0.1796 -0.9213
vn 0.3270 0.1795 -0.9278
vn 0.3133 0.0891 -0.9455
vn -0.9083 0.3462 -0.2348
vn -0.9084 0.3208 -0.2681
vn -0.8980 -0.3620 0.2502
vn -0.3489 0.7186 -0.6015
vn -0.3488 0.7744 -0.5278
vn 0.3306 0.7790 -0.5327
vn 0.3165 0.7261 -0.6104
vn -0.9094 0.3973 -0.1231
vn -0.9088 0.3843 -0.1623
vn -0.8987 -0.4050 0.1685
vn -0.3497 0.8630 -0.3645
vn -0.3508 0.8947 -0.2765
vn 0.3183 0.9064 -0.2779
vn 0.3316 0.8696 -0.3657
vn -0.9089 0.3662 0.1993
vn -0.9088 0.3846 0.1616
vn -0.8985 -0.4032 -0.1734
vn -0.3497 0.8630 0.3646
vn -0.3499 0.8225 0.4484
vn 0.3175 0.8316 0.4557
vn 0.3316 0.8685 0.3686
vn -0.9072 0.2307 0.3519
vn -0.9079 0.2628 0.3267
vn -0.7714 -0.2513 -0.5846
vn -0.8969 -0.2443 -0.3687
vn -0.3477 0.5881 0.7302
vn -0.3465 0.5141 0.7846
vn 0.3285 0.5188 0.7892
vn 0.3154 0.5968 0.7378
vn -0.9066 0.1595 0.3906
vn -0.8962 -0.1643 -0.4122
vn -0.3456 0.3530 0.8694
vn 0.3276 0.3541 0.8759
vn -0.9067 0.1588 -0.3908
vn -0.8963 -0.1690 0.4099
vn -0.3456 0.3532 -0.8694
vn 0.3276 0.3569 -0.8748
vn -0.9088 -0.3843 0.1623
vn -0.8987 0.4050 -0.1685
vn -0.3497 -0.8630 0.3645
vn 0.3316 -0.8696 0.3657
vn -0.9063 -0.0815 0.4148
vn -0.9066 -0.0408 0.4201
vn -0.8958 0.0824 -0.4367
vn -0.3454 -0.0900 0.9341
vn -0.3450 -0.1796 0.9213
vn 0.3270 -0.1794 0.9278
vn 0.3133 -0.0891 0.9455
vn -0.9094 -0.3973 0.1231
vn -0.7738 0.5303 -0.3464
vn -0.3508 -0.8947 0.2764
vn 0.3183 -0.9064 0.2779
vn -0.9072 -0.2307 -0.3518
vn -0.9078 -0.2628 -0.3268
vn -0.7714 0.2513 0.5846
vn -0.8969 0.2443 0.3687
vn -0.3477 -0.5881 -0.7302
vn -0.3465 -0.5141 -0.7846
vn 0.3285 -0.5189 -0.7892
vn 0.3154 -0.5968 -0.7378
vn -0.9073 0.1951 -0.3725
vn -0.3467 0.4358 -0.8306
vn 0.3145 0.4428 -0.8397
vn -0.9092 0.4081 0.0829
vn -0.9096 0.4134 0.0417
vn -0.8990 -0.4297 -0.0846
vn -0.3512 0.9316 0.0933
vn -0.3504 0.9179 0.1862
vn 0.3322 0.9247 0.1860
vn 0.3187 0.9433 0.0924
vn -0.9068 0.1204 0.4039
vn -0.7718 -0.3380 -0.5386
vn -0.3459 0.2674 0.8994
vn 0.3137 0.2687 0.9107
vn 0.6054 0.6820 -0.4103
vn 0.2366 0.2666 -0.9343
vn 0.6013 0.3412 0.7226
vn 0.2367 -0.2876 0.9281
vn -0.2367 0.2667 0.9343
vn -0.2373 0.4607 -0.8552
vn -0.2364 0.0826 -0.9681
vn 0.6054 -0.6820 0.4103
vn 0.2366 -0.2666 0.9343
vn 0.2396 0.8471 -0.4744
vn 0.6068 0.7687 0.2020
vn -0.2407 -0.9668 -0.0858
vn 0.6065 -0.7488 -0.2673
vn 0.2372 -0.4414 -0.8654
vn -0.2389 0.7376 -0.6315
vn 0.6007 -0.2597 0.7561
vn 0.2397 -0.8578 0.4546
vn -0.2406 0.9668 0.0858
vn -0.2373 -0.4607 0.8552
vn 0.6007 0.2597 -0.7561
vn 0.2397 0.8578 -0.4546
vn -0.2403 -0.9306 0.2760
vn 0.6018 -0.4001 -0.6912
vn 0.2403 -0.9307 -0.2760
vn -0.3404 0.5158 -0.7861
vn -0.3395 0.3544 -0.8713
vn 0.3436 0.3539 -0.8699
vn 0.3445 0.5151 -0.7849
vn 0.9032 -0.1619 0.3975
vn 0.9037 -0.2351 0.3578
vn 0.9060 0.2318 -0.3543
vn 0.9055 0.1595 -0.3933
vn -0.3426 0.7767 -0.5284
vn -0.3415 0.6586 -0.6706
vn 0.3456 0.6575 -0.6695
vn 0.3467 0.7755 -0.5276
vn 0.9043 -0.2992 0.3043
vn 0.9049 -0.3520 0.2392
vn 0.9071 0.3476 -0.2372
vn 0.9066 0.2953 -0.3016
vn -0.3442 0.9202 0.1864
vn -0.3445 0.9388 -0.0000
vn 0.3486 0.9373 -0.0000
vn 0.3484 0.9187 0.1861
vn 0.9059 -0.4234 -0.0000
vn 0.9058 -0.4153 -0.0840
vn 0.9080 0.4106 0.0834
vn 0.9081 0.4187 -0.0000
vn -0.3426 0.7767 0.5285
vn -0.3436 0.8653 0.3650
vn 0.3477 0.8639 0.3644
vn 0.3467 0.7755 0.5276
vn 0.9055 -0.3911 -0.1648
vn 0.9049 -0.3520 -0.2392
vn 0.9071 0.3476 0.2372
vn 0.9077 0.3866 0.1635
vn -0.3389 0.1804 0.9234
vn -0.3395 0.3544 0.8713
vn 0.3436 0.3539 0.8699
vn 0.3429 0.1801 0.9219
vn 0.9032 -0.1619 -0.3975
vn 0.9029 -0.0825 -0.4219
vn 0.9051 0.0813 0.4173
vn 0.9054 0.1595 0.3934
vn -0.3389 -0.1804 0.9234
vn -0.3387 -0.0000 0.9409
vn 0.3427 -0.0000 0.9394
vn 0.3430 -0.1801 0.9219
vn 0.9028 -0.0000 -0.4301
vn 0.9029 0.0825 -0.4219
vn 0.9051 -0.0813 0.4173
vn 0.9050 -0.0000 0.4254
vn -0.3426 -0.7767 0.5285
vn -0.3415 -0.6586 0.6706
vn 0.3456 -0.6575 0.6695
vn 0.3468 -0.7755 0.5276
vn 0.9043 0.2992 -0.3043
vn 0.9049 0.3520 -0.2392
vn 0.9071 -0.3476 0.2372
vn 0.9065 -0.2953 0.3016
vn -0.3442 -0.9202 0.1864
vn -0.3436 -0.8653 0.3650
vn 0.3477 -0.8639 0.3644
vn 0.3484 -0.9187 0.1861
vn 0.9055 0.3911 -0.1648
vn 0.9058 0.4153 -0.0840
vn 0.9080 -0.4106 0.0834
vn 0.9077 -0.3866 0.1635
vn -0.3426 -0.7767 -0.5285
vn -0.3436 -0.8653 -0.3650
vn 0.3477 -0.8639 -0.3644
vn 0.3467 -0.7755 -0.5276
vn 0.9055 0.3911 0.1648
vn 0.9049 0.3520 0.2392
vn 0.9071 -0.3476 -0.2372
vn 0.9077 -0.3866 -0.1635
vn -0.3404 -0.5158 -0.7861
vn -0.3415 -0.6586 -0.6706
vn 0.3456 -0.6575 -0.6695
vn 0.3445 -0.5150 -0.7849
vn 0.9043 0.2992 0.3043
vn 0.9037 0.2351 0.3578
vn 0.9060 -0.2318 -0.3543
vn 0.9066 -0.2953 -0.3016
vn -0.3395 -0.3544 -0.8713
vn 0.3436 -0.3539 -0.8699
vn 0.9032 0.1619 0.3975
vn 0.9055 -0.1595 -0.3933
vn -0.3445 -0.9388 -0.0000
vn 0.3486 -0.9373 -0.0000
vn 0.9059 0.4234 -0.0000
vn 0.9081 -0.4187 -0.0000
vn -0.3395 -0.3544 0.8713
vn 0.3436 -0.3539 0.8699
vn 0.9032 0.1619 -0.3975
vn 0.9055 -0.1595 0.3933
vn -0.3415 0.6586 0.6706
vn 0.3456 0.6575 0.6695
vn 0.9043 -0.2992 -0.3043
vn 0.9066 0.2953 0.3016
vn -0.3436 0.8653 -0.3649
vn 0.3477 0.8639 -0.3644
vn 0.9055 -0.3911 0.1648
vn 0.9077 0.3866 -0.1636
vn -0.3389 0.1804 -0.9234
vn -0.3387 -0.0000 -0.9409
vn 0.3427 -0.0000 -0.9394
vn 0.3429 0.1801 -0.9219
vn 0.9028 -0.0000 0.4301
vn 0.9029 -0.0825 0.4219
vn 0.9051 0.0813 -0.4173
vn 0.9050 -0.0000 -0.4254
vn -0.3442 0.9202 -0.1864
vn 0.3484 0.9187 -0.1861
vn 0.9058 -0.4153 0.0840
vn 0.9080 0.4106 -0.0834
vn -0.3404 0.5159 0.7861
vn 0.3445 0.5150 0.7849
vn 0.9037 -0.2351 -0.3578
vn 0.9060 0.2318 0.3543
vn -0.3404 -0.5159 0.7861
vn 0.3445 -0.5150 0.7849
vn 0.9037 0.2351 -0.3578
vn 0.9060 -0.2318 0.3543
vn -0.3442 -0.9202 -0.1864
vn 0.3484 -0.9187 -0.1861
vn 0.9058 0.4153 0.0840
vn 0.9080 -0.4106 -0.0834
vn -0.3389 -0.1804 -0.9234
vn 0.3430 -0.1801 -0.9219
vn 0.9029 0.0825 0.4219
vn 0.9051 -0.0813 -0.4173
vt 0.366896 0.676741
vt 0.366896 0.721857
vt 0.346747 0.721908
vt 0.346747 0.676792
vt 0.327807 0.722005
vt 0.327807 0.676889
vt 0.310802 0.722145
vt 0.310802 0.677029
vt 0.000000 0.100755
vt 0.000000 0.055640
vt 0.014499 0.055842
vt 0.014499 0.100957
vt 0.031570 0.056002
vt 0.031570 0.101117
vt 0.050557 0.056112
vt 0.050557 0.101227
vt 0.070729 0.056169
vt 0.070729 0.101284
vt 0.506150 0.316153
vt 0.506595 0.324467
vt 0.459359 0.324911
vt 0.458914 0.316597
vt 0.091312 0.101285
vt 0.091312 0.056170
vt 0.111515 0.056116
vt 0.111515 0.101231
vt 0.130561 0.056007
vt 0.130561 0.101122
vt 0.147719 0.055849
vt 0.147719 0.100964
vt 0.162328 0.055648
vt 0.162328 0.100763
vt 0.310802 0.677119
vt 0.310802 0.722234
vt 0.294698 0.722066
vt 0.294698 0.676951
vt 0.276402 0.721943
vt 0.276402 0.676827
vt 0.256618 0.721868
vt 0.256618 0.676753
vt 0.236106 0.721846
vt 0.236106 0.676730
vt 0.971806 0.138754
vt 0.977673 0.138754
vt 0.977673 0.158790
vt 0.971806 0.158790
vt 0.215654 0.676761
vt 0.215654 0.721876
vt 0.196048 0.721958
vt 0.196048 0.676843
vt 0.178043 0.722089
vt 0.178043 0.676974
vt 0.162329 0.722263
vt 0.162329 0.677148
vt 0.591929 0.677010
vt 0.591929 0.722127
vt 0.574782 0.721995
vt 0.574782 0.676879
vt 0.555744 0.721905
vt 0.555744 0.676789
vt 0.742831 0.992620
vt 0.743106 0.997714
vt 0.721378 0.997907
vt 0.721102 0.992813
vt 0.535544 0.676743
vt 0.535544 0.721859
vt 0.514961 0.721860
vt 0.514961 0.676744
vt 0.573061 0.675172
vt 0.572783 0.680266
vt 0.550854 0.680054
vt 0.551132 0.674961
vt 0.494785 0.676791
vt 0.494785 0.721907
vt 0.475791 0.721998
vt 0.475791 0.676882
vt 0.458709 0.722131
vt 0.458709 0.677015
vt 0.458709 0.677187
vt 0.458709 0.722303
vt 0.444016 0.722129
vt 0.444016 0.677013
vt 0.426794 0.721994
vt 0.426794 0.676878
vt 0.407703 0.721901
vt 0.407703 0.676785
vt 0.218240 0.766371
vt 0.200937 0.766443
vt 0.963798 0.376635
vt 0.969666 0.376635
vt 0.969666 0.396671
vt 0.963798 0.396671
vt 0.387478 0.676739
vt 0.387478 0.721855
vt 0.799441 0.500000
vt 0.794309 0.500000
vt 0.794872 0.500000
vt 0.798878 0.500000
vt 0.387478 0.000000
vt 0.387478 0.045116
vt 0.366896 0.045118
vt 0.366896 0.000002
vt 0.531250 0.625000
vt 0.562500 0.625000
vt 0.209741 0.937500
vt 0.209741 0.964417
vt 0.387478 0.135348
vt 0.387478 0.180464
vt 0.366896 0.180466
vt 0.366896 0.135350
vt 0.343750 0.562500
vt 0.343750 0.590918
vt 0.318387 0.590918
vt 0.318387 0.562500
vt 0.750000 0.906250
vt 0.750000 0.937500
vt 0.387478 0.270696
vt 0.387478 0.315811
vt 0.366896 0.315814
vt 0.366896 0.270698
vt 0.556613 0.656250
vt 0.556613 0.684668
vt 0.531250 0.684668
vt 0.531250 0.656250
vt 0.343750 0.534082
vt 0.318387 0.562500
vt 0.318387 0.534082
vt 0.387478 0.406043
vt 0.387478 0.451159
vt 0.366896 0.451162
vt 0.366896 0.406046
vt 0.093750 0.812500
vt 0.125000 0.812500
vt 0.750000 0.843750
vt 0.750000 0.875000
vt 0.387478 0.541391
vt 0.387478 0.586507
vt 0.366896 0.586509
vt 0.366896 0.541393
vt 0.531250 0.718750
vt 0.562500 0.718750
vt 0.119113 0.843750
vt 0.119113 0.872168
vt 0.093750 0.872168
vt 0.093750 0.843750
vt 0.417464 0.675386
vt 0.417014 0.683699
vt 0.369654 0.683251
vt 0.370105 0.674937
vt 0.407703 0.045162
vt 0.407703 0.090278
vt 0.387478 0.090232
vt 0.407703 0.135394
vt 0.407703 0.180510
vt 0.407703 0.225626
vt 0.387478 0.225580
vt 0.407703 0.270742
vt 0.407703 0.315858
vt 0.407703 0.360973
vt 0.387478 0.360927
vt 0.407703 0.406089
vt 0.407703 0.451205
vt 0.407703 0.496321
vt 0.387478 0.496275
vt 0.407703 0.541437
vt 0.407703 0.586553
vt 0.407703 0.631669
vt 0.387478 0.631623
vt 0.426794 0.000139
vt 0.426794 0.045255
vt 0.407703 0.000046
vt 0.312500 0.968750
vt 0.312500 0.937500
vt 0.750000 0.812500
vt 0.426794 0.135486
vt 0.426794 0.180602
vt 0.556613 0.750000
vt 0.556613 0.778418
vt 0.531250 0.778418
vt 0.531250 0.750000
vt 0.093750 0.906250
vt 0.125000 0.906250
vt 0.093750 0.906250
vt 0.426794 0.270834
vt 0.426794 0.315950
vt 0.750000 0.750000
vt 0.750000 0.781250
vt 0.531250 0.812500
vt 0.562500 0.812500
vt 0.426794 0.406182
vt 0.426794 0.451298
vt 0.119113 0.937500
vt 0.119113 0.965918
vt 0.093750 0.965918
vt 0.093750 0.937500
vt 0.750000 0.718750
vt 0.750000 0.718750
vt 0.426794 0.541530
vt 0.426794 0.586646
vt 0.556613 0.843750
vt 0.556613 0.872168
vt 0.531250 0.872168
vt 0.531250 0.843750
vt 0.125000 0.968750
vt 0.093750 0.968750
vt 0.444016 0.000275
vt 0.444016 0.045390
vt 0.750000 0.656250
vt 0.750000 0.687500
vt 0.750000 0.656250
vt 0.531250 0.906250
vt 0.562500 0.906250
vt 0.444016 0.135622
vt 0.444016 0.180738
vt 0.156250 0.562500
vt 0.156250 0.531250
vt 0.750000 0.625000
vt 0.444016 0.270970
vt 0.444016 0.316086
vt 0.556613 0.937500
vt 0.556613 0.965918
vt 0.531250 0.965918
vt 0.531250 0.937500
vt 0.156250 0.593750
vt 0.156250 0.593750
vt 0.444016 0.406318
vt 0.444016 0.451434
vt 0.750000 0.562500
vt 0.750000 0.593750
vt 0.562500 0.968750
vt 0.531250 0.968750
vt 0.562500 0.968750
vt 0.444016 0.541666
vt 0.444016 0.586782
vt 0.156250 0.656250
vt 0.156250 0.625000
vt 0.156250 0.656250
vt 0.750000 0.531250
vt 0.458709 0.000448
vt 0.458709 0.045564
vt 0.458709 0.090680
vt 0.444016 0.090506
vt 0.458709 0.135796
vt 0.458709 0.180912
vt 0.458709 0.226028
vt 0.444016 0.225854
vt 0.458709 0.271144
vt 0.458709 0.316260
vt 0.458709 0.361376
vt 0.444016 0.361202
vt 0.458709 0.406491
vt 0.458709 0.451607
vt 0.458709 0.496723
vt 0.444016 0.496550
vt 0.458709 0.541839
vt 0.458709 0.586955
vt 0.458709 0.632071
vt 0.444016 0.631897
vt 0.475791 0.000139
vt 0.475791 0.045255
vt 0.458709 0.045388
vt 0.458709 0.000272
vt 0.593750 0.562500
vt 0.593750 0.531250
vt 0.156250 0.687500
vt 0.475791 0.135488
vt 0.475791 0.180604
vt 0.458709 0.180736
vt 0.458709 0.135620
vt 0.437500 0.723084
vt 0.459741 0.723084
vt 0.593750 0.593750
vt 0.475791 0.270836
vt 0.475791 0.315953
vt 0.458709 0.316085
vt 0.458709 0.270969
vt 0.156250 0.750000
vt 0.156250 0.718750
vt 0.928491 0.535583
vt 0.928491 0.562500
vt 0.475791 0.406185
vt 0.475791 0.451301
vt 0.458709 0.451434
vt 0.458709 0.406317
vt 0.593750 0.656250
vt 0.593750 0.625000
vt 0.156250 0.781250
vt 0.475791 0.541534
vt 0.475791 0.586650
vt 0.458709 0.586782
vt 0.458709 0.541666
vt 0.718750 0.843750
vt 0.718750 0.872168
vt 0.693387 0.872168
vt 0.693387 0.843750
vt 0.593750 0.687500
vt 0.494785 0.000048
vt 0.494785 0.045164
vt 0.156250 0.843750
vt 0.156250 0.812500
vt 0.718750 0.815332
vt 0.693387 0.815332
vt 0.494785 0.135396
vt 0.494785 0.180512
vt 0.593750 0.750000
vt 0.593750 0.718750
vt 0.156250 0.875000
vt 0.156250 0.875000
vt 0.494785 0.270745
vt 0.494785 0.315861
vt 0.718750 0.750000
vt 0.718750 0.778418
vt 0.693387 0.778418
vt 0.693387 0.750000
vt 0.593750 0.781250
vt 0.494785 0.406094
vt 0.494785 0.451210
vt 0.156250 0.937500
vt 0.156250 0.906250
vt 0.718750 0.721582
vt 0.693387 0.750000
vt 0.693387 0.721582
vt 0.494785 0.541442
vt 0.494785 0.586558
vt 0.593750 0.843750
vt 0.593750 0.812500
vt 0.718750 0.656250
vt 0.718750 0.684668
vt 0.693387 0.684668
vt 0.693387 0.656250
vt 0.991866 0.178349
vt 0.983541 0.178349
vt 0.983541 0.169158
vt 0.991866 0.169158
vt 0.514961 0.045117
vt 0.514961 0.090233
vt 0.494785 0.090280
vt 0.514961 0.135349
vt 0.514961 0.180466
vt 0.514961 0.225582
vt 0.494785 0.225629
vt 0.514961 0.270698
vt 0.514961 0.315814
vt 0.514961 0.360930
vt 0.494785 0.360977
vt 0.514961 0.406047
vt 0.514961 0.451163
vt 0.514961 0.496279
vt 0.494785 0.496326
vt 0.514961 0.541395
vt 0.514961 0.586511
vt 0.514961 0.631628
vt 0.494785 0.631675
vt 0.535544 0.000000
vt 0.535544 0.045116
vt 0.514961 0.000001
vt 0.956075 0.360927
vt 0.956075 0.406043
vt 0.949753 0.406044
vt 0.949753 0.360928
vt 0.962376 0.135353
vt 0.962376 0.180468
vt 0.956075 0.180461
vt 0.956075 0.135346
vt 0.956075 0.451159
vt 0.949753 0.451160
vt 0.962376 0.090238
vt 0.956075 0.090231
vt 0.956075 0.496275
vt 0.949753 0.496276
vt 0.962376 0.045122
vt 0.956075 0.045115
vt 0.956075 0.541391
vt 0.949753 0.541392
vt 0.962376 0.000007
vt 0.956075 0.000000
vt 0.962376 0.586507
vt 0.962376 0.631622
vt 0.956075 0.631615
vt 0.956075 0.586500
vt 0.956075 0.586507
vt 0.949753 0.586508
vt 0.962376 0.541391
vt 0.956075 0.541384
vt 0.956075 0.631623
vt 0.949753 0.631624
vt 0.956075 0.045116
vt 0.949753 0.045117
vt 0.949753 0.000001
vt 0.962376 0.496276
vt 0.956075 0.496269
vt 0.706333 0.317734
vt 0.706608 0.322828
vt 0.684880 0.323021
vt 0.684604 0.317927
vt 0.555743 0.045162
vt 0.555744 0.090278
vt 0.535544 0.090232
vt 0.555744 0.135394
vt 0.535544 0.135349
vt 0.555744 0.180510
vt 0.535544 0.180465
vt 0.555744 0.225627
vt 0.535544 0.225581
vt 0.555744 0.270743
vt 0.535544 0.270697
vt 0.555744 0.315859
vt 0.535544 0.315813
vt 0.555744 0.360975
vt 0.535544 0.360930
vt 0.555744 0.406092
vt 0.535544 0.406046
vt 0.555744 0.451208
vt 0.535544 0.451162
vt 0.555744 0.496324
vt 0.535544 0.496278
vt 0.555744 0.541440
vt 0.535544 0.541394
vt 0.555744 0.586556
vt 0.535544 0.586511
vt 0.555744 0.631673
vt 0.535544 0.631627
vt 0.574782 0.000136
vt 0.574782 0.045252
vt 0.555743 0.000046
vt 0.593750 0.875000
vt 0.718750 0.627832
vt 0.693387 0.627832
vt 0.574782 0.135484
vt 0.574782 0.180601
vt 0.593750 0.937500
vt 0.593750 0.906250
vt 0.718750 0.562500
vt 0.718750 0.590918
vt 0.693387 0.590918
vt 0.693387 0.562500
vt 0.574782 0.270833
vt 0.574782 0.315949
vt 0.718750 0.534082
vt 0.693387 0.562500
vt 0.693387 0.534082
vt 0.687500 0.968750
vt 0.687500 0.937500
vt 0.574782 0.406182
vt 0.574782 0.451298
vt 0.187500 0.531250
vt 0.218750 0.531250
vt 0.187500 0.531250
vt 0.212863 0.562500
vt 0.212863 0.590918
vt 0.187500 0.590918
vt 0.187500 0.562500
vt 0.574782 0.541530
vt 0.574782 0.586647
vt 0.187500 0.625000
vt 0.218750 0.625000
vt 0.625000 0.531250
vt 0.656250 0.531250
vt 0.591929 0.000267
vt 0.591929 0.045383
vt 0.212863 0.656250
vt 0.212863 0.684668
vt 0.187500 0.684668
vt 0.187500 0.656250
vt 0.650363 0.562500
vt 0.650363 0.590918
vt 0.625000 0.590918
vt 0.625000 0.562500
vt 0.591929 0.135616
vt 0.591929 0.180732
vt 0.187500 0.718750
vt 0.218750 0.718750
vt 0.625000 0.625000
vt 0.656250 0.625000
vt 0.591929 0.270964
vt 0.591929 0.316081
vt 0.212863 0.750000
vt 0.212863 0.778418
vt 0.187500 0.778418
vt 0.187500 0.750000
vt 0.656250 0.906250
vt 0.656250 0.937500
vt 0.591929 0.406313
vt 0.591929 0.451429
vt 0.650363 0.656250
vt 0.650363 0.684668
vt 0.625000 0.684668
vt 0.625000 0.656250
vt 0.212863 0.815332
vt 0.212863 0.843750
vt 0.187500 0.843750
vt 0.187500 0.815332
vt 0.591929 0.541662
vt 0.591929 0.586778
vt 0.656250 0.843750
vt 0.656250 0.875000
vt 0.321509 0.937500
vt 0.321509 0.910583
vt 0.178043 0.000243
vt 0.178043 0.045359
vt 0.162328 0.045533
vt 0.162328 0.000418
vt 0.178043 0.090474
vt 0.162328 0.090648
vt 0.178043 0.135589
vt 0.162328 0.135764
vt 0.178043 0.180705
vt 0.162328 0.180879
vt 0.178043 0.225820
vt 0.162328 0.225994
vt 0.178043 0.270936
vt 0.162328 0.271110
vt 0.178043 0.316051
vt 0.162328 0.316225
vt 0.178043 0.361166
vt 0.162328 0.361340
vt 0.178043 0.406282
vt 0.162328 0.406456
vt 0.178043 0.451397
vt 0.162328 0.451571
vt 0.178043 0.496512
vt 0.162328 0.496687
vt 0.178043 0.541628
vt 0.162328 0.541802
vt 0.178043 0.586743
vt 0.162328 0.586917
vt 0.178043 0.631858
vt 0.162329 0.632033
vt 0.196048 0.000113
vt 0.196048 0.045228
vt 0.212863 0.872168
vt 0.187500 0.872168
vt 0.656250 0.812500
vt 0.196048 0.135459
vt 0.196048 0.180574
vt 0.437500 0.776917
vt 0.415259 0.776917
vt 0.218750 0.906250
vt 0.218750 0.937500
vt 0.196048 0.270805
vt 0.196048 0.315920
vt 0.928491 0.589417
vt 0.656250 0.781250
vt 0.625000 0.781250
vt 0.656250 0.781250
vt 0.196048 0.406151
vt 0.196048 0.451266
vt 0.650363 0.815332
vt 0.650363 0.843750
vt 0.625000 0.843750
vt 0.625000 0.815332
vt 0.321509 0.964417
vt 0.196048 0.541497
vt 0.196048 0.586612
vt 0.218750 0.875000
vt 0.187500 0.875000
vt 0.656250 0.750000
vt 0.215654 0.000030
vt 0.215654 0.045146
vt 0.650363 0.872168
vt 0.625000 0.872168
vt 0.218750 0.843750
vt 0.215654 0.135377
vt 0.215654 0.180492
vt 0.656250 0.687500
vt 0.625000 0.687500
vt 0.650363 0.909082
vt 0.650363 0.937500
vt 0.625000 0.937500
vt 0.625000 0.909082
vt 0.215654 0.270723
vt 0.215654 0.315838
vt 0.218750 0.781250
vt 0.187500 0.781250
vt 0.656250 0.656250
vt 0.215654 0.406069
vt 0.215654 0.451184
vt 0.650363 0.937500
vt 0.650363 0.965918
vt 0.625000 0.965918
vt 0.218750 0.750000
vt 0.215654 0.541415
vt 0.215654 0.586530
vt 0.656250 0.593750
vt 0.625000 0.593750
vt 0.656250 0.968750
vt 0.965938 0.138754
vt 0.965938 0.118719
vt 0.971806 0.118719
vt 0.236106 0.045115
vt 0.236106 0.090231
vt 0.215654 0.090261
vt 0.236106 0.135346
vt 0.236106 0.180461
vt 0.236106 0.225577
vt 0.215654 0.225607
vt 0.236106 0.270692
vt 0.236106 0.315807
vt 0.236106 0.360923
vt 0.215654 0.360953
vt 0.236106 0.406038
vt 0.236106 0.451154
vt 0.236106 0.496269
vt 0.215654 0.496299
vt 0.236106 0.541384
vt 0.236106 0.586500
vt 0.236106 0.631615
vt 0.215654 0.631646
vt 0.256618 0.000022
vt 0.256618 0.045138
vt 0.236106 0.000000
vt 0.218750 0.687500
vt 0.187500 0.687500
vt 0.656250 0.562500
vt 0.256618 0.135368
vt 0.256618 0.180484
vt 0.687500 0.562500
vt 0.687500 0.531250
vt 0.218750 0.656250
vt 0.218750 0.656250
vt 0.256618 0.270715
vt 0.256618 0.315830
vt 0.625000 0.968750
vt 0.593750 0.968750
vt 0.687500 0.593750
vt 0.256618 0.406061
vt 0.256618 0.451176
vt 0.218750 0.593750
vt 0.187500 0.593750
vt 0.599637 0.965918
vt 0.599637 0.937500
vt 0.256618 0.541407
vt 0.256618 0.586522
vt 0.687500 0.656250
vt 0.687500 0.625000
vt 0.687500 0.656250
vt 0.218750 0.562500
vt 0.276402 0.000097
vt 0.276402 0.045212
vt 0.625000 0.909082
vt 0.599637 0.937500
vt 0.599637 0.909082
vt 0.687500 0.687500
vt 0.276402 0.135443
vt 0.276402 0.180558
vt 0.187500 0.968750
vt 0.156250 0.968750
vt 0.625000 0.872168
vt 0.599637 0.872168
vt 0.599637 0.843750
vt 0.276402 0.270789
vt 0.276402 0.315904
vt 0.687500 0.750000
vt 0.687500 0.718750
vt 0.687500 0.750000
vt 0.415259 0.723083
vt 0.276402 0.406135
vt 0.276402 0.451250
vt 0.599637 0.815332
vt 0.687500 0.781250
vt 0.687500 0.781250
vt 0.276402 0.541481
vt 0.276402 0.586597
vt 0.977759 0.843750
vt 0.977759 0.816833
vt 0.365991 0.910583
vt 0.365991 0.937500
vt 0.294698 0.000221
vt 0.294698 0.045336
vt 0.294698 0.090451
vt 0.276402 0.090328
vt 0.294698 0.135567
vt 0.294698 0.180682
vt 0.294698 0.225797
vt 0.276402 0.225674
vt 0.294698 0.270913
vt 0.294698 0.316028
vt 0.294698 0.361143
vt 0.276402 0.361020
vt 0.294698 0.406259
vt 0.294698 0.451374
vt 0.294698 0.496489
vt 0.276402 0.496366
vt 0.294698 0.541605
vt 0.294698 0.586720
vt 0.294698 0.631836
vt 0.276402 0.631712
vt 0.310802 0.000389
vt 0.310802 0.045504
vt 0.687500 0.843750
vt 0.687500 0.812500
vt 0.162137 0.872168
vt 0.162137 0.843750
vt 0.310802 0.135735
vt 0.310802 0.180850
vt 0.365991 0.964417
vt 0.343750 0.964417
vt 0.687500 0.875000
vt 0.310802 0.271081
vt 0.310802 0.316196
vt 0.162137 0.843750
vt 0.162137 0.815332
vt 0.599637 0.684668
vt 0.599637 0.656250
vt 0.310802 0.406427
vt 0.310802 0.451542
vt 0.687500 0.906250
vt 0.162137 0.778418
vt 0.162137 0.750000
vt 0.310802 0.541773
vt 0.310802 0.586888
vt 0.625000 0.627832
vt 0.599637 0.627832
vt 0.187500 0.721582
vt 0.162137 0.721582
vt 0.147719 0.777688
vt 0.147719 0.732573
vt 0.162328 0.732372
vt 0.162328 0.777487
vt 0.625000 0.590918
vt 0.599637 0.590918
vt 0.599637 0.562500
vt 0.162137 0.684668
vt 0.162137 0.656250
vt 0.147719 0.642343
vt 0.147719 0.597228
vt 0.162328 0.597027
vt 0.162328 0.642142
vt 0.625000 0.534082
vt 0.599637 0.562500
vt 0.599637 0.534082
vt 0.187500 0.627832
vt 0.162137 0.656250
vt 0.162137 0.627832
vt 0.147719 0.506998
vt 0.147719 0.461884
vt 0.162328 0.461682
vt 0.162328 0.506797
vt 0.187500 0.590918
vt 0.162137 0.590918
vt 0.162137 0.562500
vt 0.187500 0.534082
vt 0.162137 0.534082
vt 0.147719 0.371654
vt 0.147719 0.326539
vt 0.162328 0.326338
vt 0.162328 0.371453
vt 0.218750 0.968750
vt 0.312500 0.562500
vt 0.312500 0.531250
vt 0.147719 0.236309
vt 0.147719 0.191194
vt 0.162328 0.190993
vt 0.162328 0.236108
vt 0.312500 0.593750
vt 0.025363 0.937500
vt 0.025363 0.965918
vt 0.000000 0.965918
vt 0.000000 0.937500
vt 0.130561 0.777846
vt 0.130561 0.732731
vt 0.130561 0.687616
vt 0.147719 0.687458
vt 0.130561 0.642501
vt 0.130561 0.597386
vt 0.130561 0.552271
vt 0.147719 0.552113
vt 0.130561 0.507156
vt 0.130561 0.462041
vt 0.130561 0.416927
vt 0.147719 0.416769
vt 0.130561 0.371812
vt 0.130561 0.326697
vt 0.130561 0.281582
vt 0.147719 0.281424
vt 0.130561 0.236467
vt 0.130561 0.191352
vt 0.130561 0.146237
vt 0.147719 0.146079
vt 0.111515 0.777954
vt 0.111515 0.732839
vt 0.744113 0.534082
vt 0.744113 0.562500
vt 0.312500 0.656250
vt 0.312500 0.625000
vt 0.111515 0.642609
vt 0.111515 0.597494
vt 0.744113 0.562500
vt 0.744113 0.590918
vt 0.031250 0.968750
vt 0.000000 0.968750
vt 0.111515 0.507265
vt 0.111515 0.462150
vt 0.312500 0.687500
vt 1.000000 0.870667
vt 0.977759 0.870667
vt 0.111515 0.371920
vt 0.111515 0.326805
vt 0.744113 0.627832
vt 0.744113 0.656250
vt 0.312500 0.750000
vt 0.312500 0.718750
vt 0.111515 0.236575
vt 0.111515 0.191460
vt 0.562500 0.937500
vt 0.744113 0.656250
vt 0.744113 0.684668
vt 0.091312 0.778009
vt 0.091312 0.732894
vt 0.031250 0.875000
vt 0.000000 0.875000
vt 0.312500 0.781250
vt 0.091312 0.642664
vt 0.091312 0.597549
vt 0.562500 0.875000
vt 0.531250 0.875000
vt 0.025363 0.750000
vt 0.025363 0.778418
vt 0.000000 0.778418
vt 0.000000 0.750000
vt 0.091312 0.507319
vt 0.091312 0.462204
vt 0.744113 0.721582
vt 0.744113 0.750000
vt 0.312500 0.843750
vt 0.312500 0.812500
vt 0.091312 0.371975
vt 0.091312 0.326860
vt 0.562500 0.843750
vt 0.744113 0.750000
vt 0.744113 0.778418
vt 0.091312 0.236630
vt 0.091312 0.191515
vt 0.125000 0.937500
vt 0.031250 0.781250
vt 0.000000 0.781250
vt 0.983541 0.158790
vt 0.983541 0.138754
vt 0.070729 0.732893
vt 0.070729 0.687778
vt 0.091312 0.687779
vt 0.070729 0.642663
vt 0.070729 0.597548
vt 0.070729 0.552433
vt 0.091312 0.552434
vt 0.070729 0.507318
vt 0.070729 0.462203
vt 0.070729 0.417088
vt 0.091312 0.417090
vt 0.070729 0.371974
vt 0.070729 0.326859
vt 0.070729 0.281744
vt 0.091312 0.281745
vt 0.070729 0.236629
vt 0.070729 0.191514
vt 0.070729 0.146399
vt 0.091312 0.146400
vt 0.050557 0.777951
vt 0.050557 0.732836
vt 0.070729 0.778008
vt 0.312500 0.875000
vt 0.562500 0.781250
vt 0.531250 0.781250
vt 0.050557 0.642606
vt 0.050557 0.597491
vt 0.025363 0.656250
vt 0.025363 0.684668
vt 0.000000 0.684668
vt 0.000000 0.656250
vt 0.744113 0.815332
vt 0.744113 0.843750
vt 0.050557 0.507261
vt 0.050557 0.462147
vt 0.312500 0.906250
vt 0.125000 0.875000
vt 0.093750 0.875000
vt 0.050557 0.371917
vt 0.050557 0.326802
vt 0.562500 0.750000
vt 0.744113 0.843750
vt 0.744113 0.872168
vt 0.718750 0.872168
vt 0.050557 0.236572
vt 0.050557 0.191457
vt 0.125000 0.843750
vt 0.031250 0.687500
vt 0.000000 0.687500
vt 0.031570 0.777840
vt 0.031570 0.732726
vt 0.562500 0.687500
vt 0.531250 0.687500
vt 0.025363 0.562500
vt 0.025363 0.590918
vt 0.000000 0.590918
vt 0.000000 0.562500
vt 0.031570 0.642496
vt 0.031570 0.597381
vt 0.125000 0.781250
vt 0.093750 0.781250
vt 0.031570 0.507151
vt 0.031570 0.462036
vt 0.562500 0.656250
vt 0.031570 0.371806
vt 0.031570 0.326692
vt 0.125000 0.750000
vt 0.031250 0.593750
vt 0.000000 0.593750
vt 0.031570 0.236462
vt 0.031570 0.191347
vt 0.562500 0.562500
vt 0.562500 0.593750
vt 0.750000 0.968750
vt 0.014499 0.777681
vt 0.014499 0.732566
vt 0.014499 0.687451
vt 0.031570 0.687611
vt 0.014499 0.642336
vt 0.014499 0.597221
vt 0.014499 0.552106
vt 0.031570 0.552266
vt 0.014499 0.506992
vt 0.014499 0.461877
vt 0.014499 0.416762
vt 0.031570 0.416921
vt 0.014499 0.371647
vt 0.014499 0.326532
vt 0.014499 0.281417
vt 0.031570 0.281577
vt 0.014499 0.236302
vt 0.014499 0.191187
vt 0.014499 0.146072
vt 0.031570 0.146232
vt 0.000000 0.777478
vt 0.000000 0.732363
vt 0.125000 0.656250
vt 0.125000 0.687500
vt 0.562500 0.531250
vt 0.000000 0.642133
vt 0.000000 0.597018
vt 0.781250 0.562500
vt 0.781250 0.531250
vt 0.125000 0.625000
vt 0.000000 0.506789
vt 0.000000 0.461674
vt 0.500000 0.968750
vt 0.500000 0.968750
vt 0.531250 0.968750
vt 0.781250 0.593750
vt 0.000000 0.371444
vt 0.000000 0.326329
vt 0.125000 0.562500
vt 0.125000 0.593750
vt 0.505887 0.965918
vt 0.505887 0.937500
vt 0.000000 0.236099
vt 0.000000 0.190984
vt 0.781250 0.656250
vt 0.781250 0.625000
vt 0.781250 0.656250
vt 0.125000 0.531250
vt 0.327807 0.000150
vt 0.327807 0.045266
vt 0.310802 0.045406
vt 0.310802 0.000290
vt 0.531250 0.909082
vt 0.505887 0.909082
vt 0.781250 0.687500
vt 0.327807 0.135498
vt 0.327807 0.180614
vt 0.310802 0.180753
vt 0.310802 0.135638
vt 0.062500 0.968750
vt 0.505887 0.872168
vt 0.505887 0.843750
vt 0.327807 0.270846
vt 0.327807 0.315962
vt 0.310802 0.316101
vt 0.310802 0.270985
vt 0.781250 0.750000
vt 0.781250 0.718750
vt 0.068387 0.965918
vt 0.068387 0.937500
vt 0.327807 0.406193
vt 0.327807 0.451309
vt 0.310802 0.451449
vt 0.310802 0.406333
vt 0.531250 0.815332
vt 0.505887 0.815332
vt 0.781250 0.781250
vt 0.327807 0.541541
vt 0.327807 0.586657
vt 0.310802 0.586797
vt 0.310802 0.541681
vt 0.093750 0.909082
vt 0.068387 0.937500
vt 0.068387 0.909082
vt 0.505887 0.778418
vt 0.505887 0.750000
vt 0.346747 0.000053
vt 0.346747 0.045169
vt 0.346747 0.090285
vt 0.327807 0.090382
vt 0.346747 0.135401
vt 0.346747 0.180517
vt 0.346747 0.225633
vt 0.327807 0.225730
vt 0.346747 0.270749
vt 0.346747 0.315865
vt 0.346747 0.360980
vt 0.327807 0.361077
vt 0.346747 0.406096
vt 0.346747 0.451212
vt 0.346747 0.496328
vt 0.327807 0.496425
vt 0.346747 0.541444
vt 0.346747 0.586560
vt 0.346747 0.631676
vt 0.327807 0.631773
vt 0.781250 0.843750
vt 0.781250 0.812500
vt 0.068387 0.872168
vt 0.068387 0.843750
vt 0.369113 0.534082
vt 0.369113 0.562500
vt 0.531250 0.721582
vt 0.505887 0.721582
vt 0.781250 0.875000
vt 0.369113 0.590918
vt 0.343750 0.590918
vt 0.093750 0.815332
vt 0.068387 0.815332
vt 0.505887 0.684668
vt 0.505887 0.656250
vt 0.781250 0.937500
vt 0.781250 0.906250
vt 0.343750 0.910583
vt 0.968750 0.531250
vt 1.000000 0.531250
vt 0.000000 0.625000
vt 0.031250 0.625000
vt 0.968750 0.625000
vt 1.000000 0.625000
vt 0.000000 0.718750
vt 0.031250 0.718750
vt 0.968750 0.718750
vt 1.000000 0.718750
vt 0.968750 0.718750
vt 0.000000 0.812500
vt 0.031250 0.812500
vt 0.968750 0.812500
vt 1.000000 0.812500
vt 0.000000 0.906250
vt 0.031250 0.906250
vt 0.968750 0.906250
vt 1.000000 0.906250
vt 0.968750 0.968750
vt 0.968750 0.937500
vt 0.062500 0.937500
vt 0.062500 0.531250
vt 0.093750 0.531250
vt 0.093750 0.593750
vt 0.062500 0.593750
vt 0.093750 0.593750
vt 0.062500 0.625000
vt 0.093750 0.625000
vt 0.093750 0.687500
vt 0.062500 0.687500
vt 0.062500 0.718750
vt 0.093750 0.718750
vt 0.062500 0.781250
vt 0.062500 0.812500
vt 0.062500 0.875000
vt 0.062500 0.906250
vt 0.093750 0.531250
vt 0.125000 0.593750
vt 0.125000 0.718750
vt 0.119113 0.815332
vt 0.119113 0.909082
vt 0.119113 0.937500
vt 0.093750 0.909082
vt 0.187500 0.812500
vt 0.187500 0.906250
vt 0.156250 0.906250
vt 0.212863 0.534082
vt 0.212863 0.627832
vt 0.212863 0.656250
vt 0.187500 0.627832
vt 0.212863 0.721582
vt 0.212863 0.750000
vt 0.218750 0.812500
vt 0.343750 0.531250
vt 0.343750 0.593750
vt 0.343750 0.625000
vt 0.343750 0.687500
vt 0.343750 0.718750
vt 0.343750 0.781250
vt 0.343750 0.812500
vt 0.343750 0.875000
vt 0.343750 0.906250
vt 0.343750 0.968750
vt 0.375000 0.531250
vt 0.375000 0.562500
vt 0.375000 0.531250
vt 0.375000 0.625000
vt 0.375000 0.687500
vt 0.375000 0.718750
vt 0.375000 0.781250
vt 0.375000 0.812500
vt 0.375000 0.875000
vt 0.375000 0.906250
vt 0.375000 0.968750
vt 0.406250 0.531250
vt 0.437500 0.531250
vt 0.437500 0.593750
vt 0.406250 0.593750
vt 0.406250 0.625000
vt 0.437500 0.625000
vt 0.437500 0.687500
vt 0.406250 0.687500
vt 0.406250 0.718750
vt 0.437500 0.718750
vt 0.437500 0.781250
vt 0.406250 0.781250
vt 0.406250 0.812500
vt 0.437500 0.812500
vt 0.437500 0.875000
vt 0.406250 0.875000
vt 0.437500 0.875000
vt 0.406250 0.906250
vt 0.437500 0.906250
vt 0.437500 0.968750
vt 0.406250 0.968750
vt 0.437500 0.968750
vt 0.468750 0.531250
vt 0.468750 0.593750
vt 0.468750 0.625000
vt 0.437500 0.625000
vt 0.468750 0.687500
vt 0.468750 0.718750
vt 0.468750 0.781250
vt 0.468750 0.812500
vt 0.437500 0.812500
vt 0.468750 0.875000
vt 0.468750 0.906250
vt 0.437500 0.906250
vt 0.468750 0.968750
vt 0.500000 0.937500
vt 0.500000 0.937500
vt 0.500000 0.531250
vt 0.531250 0.531250
vt 0.531250 0.593750
vt 0.500000 0.593750
vt 0.500000 0.625000
vt 0.500000 0.687500
vt 0.500000 0.687500
vt 0.500000 0.718750
vt 0.500000 0.781250
vt 0.500000 0.781250
vt 0.500000 0.812500
vt 0.500000 0.875000
vt 0.500000 0.875000
vt 0.500000 0.906250
vt 0.500000 0.906250
vt 0.562500 0.593750
vt 0.556613 0.627832
vt 0.556613 0.656250
vt 0.531250 0.627832
vt 0.556613 0.721582
vt 0.556613 0.815332
vt 0.556613 0.843750
vt 0.562500 0.906250
vt 0.556613 0.909082
vt 0.556613 0.937500
vt 0.625000 0.718750
vt 0.625000 0.812500
vt 0.625000 0.875000
vt 0.625000 0.906250
vt 0.650363 0.534082
vt 0.656250 0.625000
vt 0.650363 0.627832
vt 0.650363 0.656250
vt 0.656250 0.718750
vt 0.656250 0.718750
vt 0.718750 0.531250
vt 0.718750 0.593750
vt 0.718750 0.625000
vt 0.718750 0.687500
vt 0.718750 0.718750
vt 0.718750 0.781250
vt 0.718750 0.781250
vt 0.718750 0.812500
vt 0.718750 0.875000
vt 0.718750 0.875000
vt 0.718750 0.906250
vt 0.718750 0.968750
vt 0.750000 0.593750
vt 0.750000 0.687500
vt 0.718750 0.718750
vt 0.718750 0.906250
vt 0.812500 0.531250
vt 0.781250 0.531250
vt 0.812500 0.593750
vt 0.812500 0.625000
vt 0.812500 0.687500
vt 0.812500 0.718750
vt 0.781250 0.718750
vt 0.812500 0.781250
vt 0.812500 0.781250
vt 0.812500 0.812500
vt 0.812500 0.875000
vt 0.812500 0.875000
vt 0.812500 0.906250
vt 0.812500 0.968750
vt 0.781250 0.968750
vt 0.843750 0.531250
vt 0.843750 0.593750
vt 0.843750 0.625000
vt 0.812500 0.625000
vt 0.843750 0.687500
vt 0.843750 0.718750
vt 0.843750 0.781250
vt 0.843750 0.781250
vt 0.843750 0.812500
vt 0.812500 0.812500
vt 0.843750 0.875000
vt 0.843750 0.906250
vt 0.843750 0.968750
vt 0.875000 0.531250
vt 0.906250 0.531250
vt 0.906250 0.593750
vt 0.875000 0.593750
vt 0.906250 0.593750
vt 0.875000 0.625000
vt 0.906250 0.625000
vt 0.906250 0.687500
vt 0.875000 0.687500
vt 0.875000 0.718750
vt 0.906250 0.718750
vt 0.906250 0.781250
vt 0.875000 0.781250
vt 0.906250 0.781250
vt 0.875000 0.812500
vt 0.906250 0.812500
vt 0.906250 0.875000
vt 0.875000 0.875000
vt 0.875000 0.906250
vt 0.906250 0.906250
vt 0.906250 0.968750
vt 0.875000 0.968750
vt 0.937500 0.531250
vt 0.906250 0.531250
vt 0.937500 0.593750
vt 0.937500 0.625000
vt 0.937500 0.687500
vt 0.937500 0.718750
vt 0.906250 0.718750
vt 0.937500 0.781250
vt 0.937500 0.812500
vt 0.937500 0.875000
vt 0.937500 0.906250
vt 0.906250 0.906250
vt 0.937500 0.968750
vt 0.025363 0.534082
vt 0.025363 0.562500
vt 0.000000 0.534082
vt 1.000000 0.593750
vt 0.968750 0.593750
vt 1.000000 0.593750
vt 0.025363 0.627832
vt 0.000000 0.627832
vt 1.000000 0.687500
vt 0.968750 0.687500
vt 0.025363 0.721582
vt 0.000000 0.721582
vt 1.000000 0.781250
vt 0.968750 0.781250
vt 1.000000 0.816833
vt 1.000000 0.875000
vt 0.968750 0.875000
vt 0.025363 0.909082
vt 0.025363 0.937500
vt 0.000000 0.909082
vt 1.000000 0.968750
vt 0.415259 0.750000
vt 0.968750 0.937500
vt 0.343750 0.627832
vt 0.343750 0.656250
vt 0.318387 0.656250
vt 0.318387 0.627832
vt 0.968750 0.843750
vt 0.968750 0.875000
vt 0.343750 0.684668
vt 0.318387 0.684668
vt 0.318387 0.656250
vt 0.119113 0.656250
vt 0.119113 0.684668
vt 0.093750 0.684668
vt 0.093750 0.656250
vt 0.906250 0.589417
vt 0.119113 0.627832
vt 0.119113 0.656250
vt 0.093750 0.627832
vt 0.968750 0.843750
vt 0.343750 0.721582
vt 0.343750 0.750000
vt 0.318387 0.750000
vt 0.318387 0.721582
vt 0.968750 0.750000
vt 0.343750 0.778418
vt 0.318387 0.778418
vt 0.318387 0.750000
vt 0.119113 0.562500
vt 0.119113 0.590918
vt 0.093750 0.590918
vt 0.093750 0.562500
vt 0.119113 0.534082
vt 0.093750 0.534082
vt 0.343750 0.815332
vt 0.343750 0.843750
vt 0.318387 0.843750
vt 0.318387 0.815332
vt 0.968750 0.656250
vt 0.968750 0.687500
vt 0.343750 0.872168
vt 0.318387 0.872168
vt 0.968750 0.562500
vt 0.375000 0.593750
vt 0.375000 0.562500
vt 0.937500 0.937500
vt 0.931613 0.937500
vt 0.931613 0.965918
vt 0.906250 0.965918
vt 0.906250 0.937500
vt 0.375000 0.656250
vt 0.931613 0.909082
vt 0.906250 0.909082
vt 0.812500 0.534082
vt 0.812500 0.562500
vt 0.787137 0.562500
vt 0.787137 0.534082
vt 0.375000 0.656250
vt 0.812500 0.590918
vt 0.787137 0.590918
vt 0.787137 0.562500
vt 0.931613 0.843750
vt 0.931613 0.872168
vt 0.906250 0.872168
vt 0.906250 0.843750
vt 0.375000 0.750000
vt 0.500000 0.906250
vt 0.931613 0.815332
vt 0.931613 0.843750
vt 0.906250 0.815332
vt 0.812500 0.627832
vt 0.812500 0.656250
vt 0.787137 0.656250
vt 0.787137 0.627832
vt 0.500000 0.843750
vt 0.500000 0.843750
vt 0.812500 0.684668
vt 0.787137 0.684668
vt 0.787137 0.656250
vt 0.931613 0.750000
vt 0.931613 0.778418
vt 0.906250 0.778418
vt 0.906250 0.750000
vt 0.375000 0.843750
vt 0.500000 0.812500
vt 0.931613 0.721582
vt 0.906250 0.721582
vt 0.906250 0.535583
vt 0.062500 0.937500
vt 0.500000 0.750000
vt 0.500000 0.750000
vt 0.459741 0.750000
vt 0.062500 0.843750
vt 0.931613 0.656250
vt 0.931613 0.684668
vt 0.906250 0.684668
vt 0.906250 0.656250
vt 0.375000 0.937500
vt 0.375000 0.906250
vt 0.500000 0.718750
vt 0.931613 0.627832
vt 0.906250 0.627832
vt 0.812500 0.815332
vt 0.812500 0.843750
vt 0.787137 0.843750
vt 0.787137 0.815332
vt 0.500000 0.656250
vt 0.500000 0.656250
vt 0.812500 0.872168
vt 0.787137 0.872168
vt 0.787137 0.843750
vt 0.062500 0.750000
vt 0.187500 0.964417
vt 0.500000 0.625000
vt 0.884009 0.589417
vt 0.812500 0.909082
vt 0.812500 0.937500
vt 0.787137 0.937500
vt 0.787137 0.909082
vt 0.500000 0.562500
vt 0.812500 0.965918
vt 0.787137 0.965918
vt 0.787137 0.937500
vt 0.062500 0.656250
vt 0.500000 0.531250
vt 0.843750 0.562500
vt 0.843750 0.531250
vt 0.468750 0.937500
vt 0.468750 0.937500
vt 0.843750 0.562500
vt 0.062500 0.562500
vt 0.462863 0.937500
vt 0.462863 0.965918
vt 0.437500 0.965918
vt 0.437500 0.937500
vt 0.843750 0.656250
vt 0.462863 0.909082
vt 0.437500 0.909082
vt 0.843750 0.656250
vt 0.031250 0.937500
vt 0.462863 0.843750
vt 0.462863 0.872168
vt 0.437500 0.872168
vt 0.437500 0.843750
vt 0.843750 0.750000
vt 0.462863 0.815332
vt 0.437500 0.815332
vt 0.031250 0.843750
vt 0.459741 0.776917
vt 0.843750 0.843750
vt 0.406250 0.937500
vt 0.187500 0.910583
vt 0.209741 0.910583
vt 0.031250 0.750000
vt 0.437500 0.534082
vt 0.437500 0.562500
vt 0.412137 0.562500
vt 0.412137 0.534082
vt 0.462863 0.656250
vt 0.462863 0.684668
vt 0.437500 0.684668
vt 0.437500 0.656250
vt 0.843750 0.937500
vt 0.843750 0.906250
vt 0.437500 0.590918
vt 0.412137 0.590918
vt 0.462863 0.627832
vt 0.437500 0.627832
vt 0.031250 0.656250
vt 0.875000 0.937500
vt 0.875000 0.937500
vt 0.437500 0.627832
vt 0.412137 0.656250
vt 0.412137 0.627832
vt 0.462863 0.562500
vt 0.462863 0.590918
vt 0.875000 0.843750
vt 0.412137 0.684668
vt 0.462863 0.534082
vt 0.462863 0.562500
vt 0.031250 0.562500
vt 0.884009 0.535583
vt 0.875000 0.750000
vt 0.509009 0.562500
vt 0.509009 0.535583
vt 0.031250 0.531250
vt 0.843750 1.000000
vt 0.875000 1.000000
vt 0.843750 1.000000
vt 0.875000 0.750000
vt 0.412137 0.843750
vt 0.412137 0.815332
vt 1.000000 0.534082
vt 1.000000 0.562500
vt 0.974637 0.562500
vt 0.974637 0.534082
vt 0.875000 0.656250
vt 0.412137 0.872168
vt 1.000000 0.590918
vt 0.974637 0.590918
vt 0.412137 0.937500
vt 0.412137 0.909082
vt 1.000000 0.627832
vt 1.000000 0.656250
vt 0.974637 0.656250
vt 0.974637 0.627832
vt 0.875000 0.562500
vt 0.875000 0.593750
vt 0.412137 0.965918
vt 0.412137 0.937500
vt 1.000000 0.684668
vt 0.974637 0.684668
vt 0.468750 0.562500
vt 0.468750 0.531250
vt 1.000000 0.721582
vt 1.000000 0.750000
vt 0.974637 0.750000
vt 0.974637 0.721582
vt 0.468750 0.562500
vt 1.000000 0.778418
vt 0.974637 0.778418
vt 0.837863 0.937500
vt 0.837863 0.965918
vt 0.468750 0.656250
vt 0.468750 0.625000
vt 0.165259 0.964417
vt 0.837863 0.909082
vt 0.837863 0.937500
vt 0.834741 0.776917
vt 0.812500 0.776917
vt 0.468750 0.656250
vt 0.509009 0.589417
vt 0.165259 0.910583
vt 0.837863 0.843750
vt 0.837863 0.872168
vt 0.812500 0.872168
vt 0.468750 0.750000
vt 1.000000 0.909082
vt 1.000000 0.937500
vt 0.974637 0.937500
vt 0.974637 0.909082
vt 0.406250 0.937500
vt 0.837863 0.815332
vt 0.837863 0.843750
vt 0.906250 0.627832
vt 0.880887 0.656250
vt 0.880887 0.627832
vt 0.406250 0.843750
vt 0.880887 0.684668
vt 1.000000 0.965918
vt 0.974637 0.965918
vt 0.812500 0.723084
vt 0.834741 0.723083
vt 0.468750 0.843750
vt 0.553491 0.535583
vt 0.553491 0.562500
vt 0.880887 0.750000
vt 0.880887 0.721582
vt 0.406250 0.750000
vt 0.880887 0.778418
vt 0.880887 0.750000
vt 0.837863 0.656250
vt 0.837863 0.684668
vt 0.468750 0.906250
vt 0.837863 0.627832
vt 0.837863 0.656250
vt 0.880887 0.843750
vt 0.880887 0.815332
vt 0.406250 0.656250
vt 0.906250 0.872168
vt 0.880887 0.872168
vt 0.837863 0.562500
vt 0.837863 0.590918
vt 0.812500 0.590918
vt 0.406250 0.656250
vt 0.837863 0.534082
vt 0.837863 0.562500
vt 0.906250 0.909082
vt 0.880887 0.937500
vt 0.880887 0.909082
vt 0.406250 0.562500
vt 0.406250 0.593750
vt 0.880887 0.965918
vt 0.880887 0.937500
vt 0.937500 0.562500
vt 0.375000 0.937500
vt 0.115991 0.776917
vt 0.093750 0.776917
vt 0.937500 0.656250
vt 0.937500 0.625000
vt 0.790259 0.776917
vt 0.068387 0.562500
vt 0.068387 0.534082
vt 0.369113 0.843750
vt 0.369113 0.872168
vt 0.937500 0.750000
vt 0.369113 0.815332
vt 0.369113 0.843750
vt 0.068387 0.590918
vt 0.068387 0.562500
vt 0.093750 0.627832
vt 0.068387 0.656250
vt 0.068387 0.627832
vt 0.369113 0.750000
vt 0.369113 0.778418
vt 0.937500 0.843750
vt 0.553491 0.589417
vt 0.369113 0.721582
vt 0.068387 0.684668
vt 0.093750 0.723084
vt 0.115991 0.723084
vt 0.790259 0.723084
vt 0.369113 0.656250
vt 0.369113 0.684668
vt 0.505887 0.627832
vt 0.369113 0.627832
vt 0.369113 0.656250
vt 0.969614 0.968335
vt 0.969614 0.906665
vt 0.969614 0.874585
vt 0.974637 0.843750
vt 0.974637 0.872168
vt 0.969614 0.812915
vt 0.974637 0.815332
vt 0.969614 0.780835
vt 0.969614 0.719165
vt 0.969614 0.687085
vt 0.969614 0.625415
vt 0.969614 0.593335
vt 0.969614 0.531665
vt 0.936636 0.968335
vt 0.936636 0.906665
vt 0.936636 0.874585
vt 0.936636 0.812915
vt 0.936636 0.780835
vt 0.936636 0.719165
vt 0.936636 0.687085
vt 0.936636 0.625415
vt 0.931613 0.590918
vt 0.931613 0.562500
vt 0.936636 0.593335
vt 0.931613 0.562500
vt 0.931613 0.534082
vt 0.936636 0.531665
vt 0.875864 0.968335
vt 0.875864 0.906665
vt 0.875864 0.874585
vt 0.875864 0.812915
vt 0.875864 0.780835
vt 0.875864 0.719165
vt 0.875864 0.687085
vt 0.875864 0.625415
vt 0.875864 0.593335
vt 0.880887 0.562500
vt 0.880887 0.590918
vt 0.875864 0.531665
vt 0.880887 0.534082
vt 0.842886 0.968335
vt 0.842886 0.906665
vt 0.842886 0.874585
vt 0.842886 0.812915
vt 0.837863 0.778418
vt 0.837863 0.750000
vt 0.842886 0.780835
vt 0.837863 0.750000
vt 0.837863 0.721582
vt 0.842886 0.719165
vt 0.842886 0.687085
vt 0.842886 0.625415
vt 0.842886 0.593335
vt 0.842886 0.531665
vt 0.782114 0.968335
vt 0.782114 0.906665
vt 0.782114 0.874585
vt 0.782114 0.812915
vt 0.782114 0.780835
vt 0.787137 0.750000
vt 0.787137 0.778418
vt 0.782114 0.719165
vt 0.787137 0.721582
vt 0.782114 0.687085
vt 0.782114 0.625415
vt 0.782114 0.593335
vt 0.782114 0.531665
vt 0.744113 0.965918
vt 0.744113 0.937500
vt 0.749136 0.968335
vt 0.744113 0.937500
vt 0.744113 0.909082
vt 0.749136 0.906665
vt 0.749136 0.874585
vt 0.749136 0.812915
vt 0.749136 0.780835
vt 0.749136 0.719165
vt 0.749136 0.687085
vt 0.749136 0.625415
vt 0.749136 0.593335
vt 0.749136 0.531665
vt 0.688364 0.968335
vt 0.693387 0.937500
vt 0.693387 0.965918
vt 0.688364 0.906665
vt 0.693387 0.909082
vt 0.693387 0.937500
vt 0.688364 0.874585
vt 0.688364 0.812915
vt 0.688364 0.780835
vt 0.688364 0.719165
vt 0.688364 0.687085
vt 0.688364 0.625415
vt 0.688364 0.593335
vt 0.688364 0.531665
vt 0.655386 0.968335
vt 0.655386 0.906665
vt 0.655386 0.874585
vt 0.655386 0.812915
vt 0.650363 0.778418
vt 0.650363 0.750000
vt 0.655386 0.780835
vt 0.650363 0.721582
vt 0.655386 0.719165
vt 0.655386 0.687085
vt 0.655386 0.625415
vt 0.655386 0.593335
vt 0.655386 0.531665
vt 0.594614 0.968335
vt 0.594614 0.906665
vt 0.594614 0.874585
vt 0.594614 0.812915
vt 0.594614 0.780835
vt 0.599637 0.750000
vt 0.599637 0.778418
vt 0.594614 0.719165
vt 0.599637 0.721582
vt 0.594614 0.687085
vt 0.594614 0.625415
vt 0.594614 0.593335
vt 0.594614 0.531665
vt 0.561636 0.968335
vt 0.561636 0.906665
vt 0.561636 0.874585
vt 0.561636 0.812915
vt 0.561636 0.780835
vt 0.561636 0.719165
vt 0.561636 0.687085
vt 0.561636 0.625415
vt 0.556613 0.590918
vt 0.556613 0.562500
vt 0.561636 0.593335
vt 0.556613 0.534082
vt 0.561636 0.531665
vt 0.500864 0.968335
vt 0.500864 0.906665
vt 0.500864 0.874585
vt 0.500864 0.812915
vt 0.500864 0.780835
vt 0.500864 0.719165
vt 0.500864 0.687085
vt 0.500864 0.625415
vt 0.500864 0.593335
vt 0.505887 0.562500
vt 0.505887 0.590918
vt 0.500864 0.531665
vt 0.505887 0.534082
vt 0.467886 0.968335
vt 0.467886 0.906665
vt 0.467886 0.874585
vt 0.467886 0.812915
vt 0.462863 0.778418
vt 0.462863 0.750000
vt 0.467886 0.780835
vt 0.462863 0.721582
vt 0.467886 0.719165
vt 0.467886 0.687085
vt 0.467886 0.625415
vt 0.467886 0.593335
vt 0.467886 0.531665
vt 0.407114 0.968335
vt 0.407114 0.906665
vt 0.407114 0.874585
vt 0.407114 0.812915
vt 0.407114 0.780835
vt 0.412137 0.750000
vt 0.412137 0.778418
vt 0.407114 0.719165
vt 0.412137 0.721582
vt 0.407114 0.687085
vt 0.407114 0.625415
vt 0.407114 0.593335
vt 0.407114 0.531665
vt 0.369113 0.965918
vt 0.369113 0.937500
vt 0.374136 0.968335
vt 0.369113 0.937500
vt 0.369113 0.909082
vt 0.374136 0.906665
vt 0.374136 0.874585
vt 0.374136 0.812915
vt 0.374136 0.780835
vt 0.374136 0.719165
vt 0.374136 0.687085
vt 0.374136 0.625415
vt 0.374136 0.593335
vt 0.374136 0.531665
vt 0.313364 0.968335
vt 0.318387 0.937500
vt 0.318387 0.965918
vt 0.313364 0.906665
vt 0.318387 0.909082
vt 0.318387 0.937500
vt 0.313364 0.874585
vt 0.313364 0.812915
vt 0.313364 0.780835
vt 0.313364 0.719165
vt 0.313364 0.687085
vt 0.313364 0.625415
vt 0.313364 0.593335
vt 0.313364 0.531665
vt 0.212863 0.965918
vt 0.212863 0.937500
vt 0.217886 0.968335
vt 0.212863 0.937500
vt 0.212863 0.909082
vt 0.217886 0.906665
vt 0.217886 0.874585
vt 0.217886 0.812915
vt 0.217886 0.780835
vt 0.217886 0.719165
vt 0.217886 0.687085
vt 0.217886 0.625415
vt 0.217886 0.593335
vt 0.217886 0.531665
vt 0.157114 0.968335
vt 0.162137 0.937500
vt 0.162137 0.965918
vt 0.157114 0.906665
vt 0.162137 0.909082
vt 0.162137 0.937500
vt 0.157114 0.874585
vt 0.157114 0.812915
vt 0.157114 0.780835
vt 0.157114 0.719165
vt 0.157114 0.687085
vt 0.157114 0.625415
vt 0.157114 0.593335
vt 0.157114 0.531665
vt 0.124136 0.968335
vt 0.124136 0.906665
vt 0.124136 0.874585
vt 0.124136 0.812915
vt 0.119113 0.778418
vt 0.119113 0.750000
vt 0.124136 0.780835
vt 0.119113 0.721582
vt 0.124136 0.719165
vt 0.124136 0.687085
vt 0.124136 0.625415
vt 0.124136 0.593335
vt 0.124136 0.531665
vt 0.063364 0.968335
vt 0.063364 0.906665
vt 0.063364 0.874585
vt 0.063364 0.812915
vt 0.063364 0.780835
vt 0.068387 0.750000
vt 0.068387 0.778418
vt 0.063364 0.719165
vt 0.068387 0.721582
vt 0.063364 0.687085
vt 0.063364 0.625415
vt 0.063364 0.593335
vt 0.063364 0.531665
vt 0.030386 0.968335
vt 0.030386 0.906665
vt 0.025363 0.872168
vt 0.025363 0.843750
vt 0.030386 0.874585
vt 0.025363 0.815332
vt 0.030386 0.812915
vt 0.030386 0.780835
vt 0.030386 0.719165
vt 0.030386 0.687085
vt 0.030386 0.625415
vt 0.030386 0.593335
vt 0.030386 0.531665
vt 0.000167 0.531250
vt 0.000000 0.531250
vt 0.000167 0.593750
vt 0.000167 0.625000
vt 0.000167 0.687500
vt 0.000167 0.718750
vt 0.000167 0.781250
vt 0.000000 0.815332
vt 0.000167 0.812500
vt 0.000167 0.875000
vt 0.000000 0.872168
vt 0.000167 0.906250
vt 0.000167 0.968750
vt 0.093750 0.531250
vt 0.093750 0.593750
vt 0.093750 0.625000
vt 0.093750 0.721582
vt 0.093750 0.718750
vt 0.093750 0.781250
vt 0.093750 0.778418
vt 0.093750 0.875000
vt 0.093750 0.906250
vt 0.187500 0.909082
vt 0.187500 0.965918
vt 0.343750 0.593750
vt 0.343750 0.909082
vt 0.343750 0.965918
vt 0.437500 0.721582
vt 0.437500 0.778418
vt 0.437500 0.812500
vt 0.437500 0.875000
vt 0.437500 0.906250
vt 0.437500 0.968750
vt 0.531250 0.534082
vt 0.531250 0.593750
vt 0.531250 0.590918
vt 0.531250 0.590918
vt 0.625000 0.721582
vt 0.625000 0.778418
vt 0.625000 0.875000
vt 0.625000 0.906250
vt 0.718750 0.625000
vt 0.718750 0.875000
vt 0.718750 0.909082
vt 0.718750 0.965918
vt 0.812500 0.593750
vt 0.812500 0.721582
vt 0.812500 0.778418
vt 0.812500 0.812500
vt 0.906250 0.534082
vt 0.906250 0.593750
vt 0.906250 0.590918
vt 0.906250 0.781250
vt 0.906250 0.906250
vt 0.906250 0.534082
vt 0.906250 0.590918
vt 0.999833 0.531250
vt 0.999833 0.593750
vt 0.999833 0.625000
vt 0.999833 0.687500
vt 0.999833 0.718750
vt 0.999833 0.781250
vt 1.000000 0.815332
vt 0.999833 0.812500
vt 0.999833 0.875000
vt 1.000000 0.872168
vt 0.999833 0.906250
vt 0.999833 0.968750
vt 0.481635 0.766461
vt 0.466559 0.766578
vt 0.022358 0.011374
vt 0.037424 0.011515
vt 0.288001 0.766539
vt 0.271854 0.766430
vt 0.552197 0.766379
vt 0.534371 0.766338
vt 0.362636 0.736556
vt 0.367330 0.736544
vt 0.367787 0.751655
vt 0.363890 0.751665
vt 0.372132 0.736543
vt 0.371761 0.751655
vt 0.107980 0.011615
vt 0.124790 0.011520
vt 0.185046 0.766559
vt 0.449252 0.766736
vt 0.436285 0.766582
vt 0.054181 0.011613
vt 0.254393 0.766364
vt 0.515375 0.736545
vt 0.520170 0.736545
vt 0.519772 0.751654
vt 0.515791 0.751654
vt 0.350439 0.766387
vt 0.333723 0.766473
vt 0.139932 0.011380
vt 0.171177 0.766713
vt 0.421085 0.766463
vt 0.071984 0.011663
vt 0.236170 0.736537
vt 0.240948 0.736542
vt 0.240193 0.751657
vt 0.236226 0.751653
vt 0.510668 0.736556
vt 0.511895 0.751663
vt 0.318715 0.766596
vt 0.152826 0.011203
vt 0.584133 0.766574
vt 0.569000 0.766458
vt 0.404236 0.766381
vt 0.090932 0.041476
vt 0.086130 0.041476
vt 0.086557 0.026357
vt 0.090537 0.026358
vt 0.231399 0.736544
vt 0.232277 0.751659
vt 0.498398 0.766381
vt 0.009562 0.011195
vt 0.302214 0.766687
vt 0.386386 0.766340
vt 0.095639 0.041464
vt 0.094438 0.026347
vt 0.561150 0.843166
vt 0.576283 0.843282
vt 0.563890 0.871863
vt 0.551958 0.871772
vt 0.437500 1.000000
vt 0.468750 1.000000
vt 0.000000 1.000000
vt 0.031250 1.000000
vt 0.937500 1.000000
vt 0.968750 1.000000
vt 0.500000 1.000000
vt 0.531250 1.000000
vt 0.531250 1.000000
vt 0.656250 1.000000
vt 0.687500 1.000000
vt 0.368221 0.766342
vt 0.368221 0.777538
vt 0.350439 0.777582
vt 0.625000 1.000000
vt 0.187500 1.000000
vt 0.218750 1.000000
vt 0.718750 1.000000
vt 0.516205 0.766339
vt 0.516205 0.777535
vt 0.498398 0.777576
vt 0.989750 0.303629
vt 0.995901 0.303629
vt 0.995901 0.314569
vt 0.989750 0.314569
vt 0.281250 1.000000
vt 0.312500 1.000000
vt 0.009562 0.000000
vt 0.022358 0.000179
vt 0.343750 1.000000
vt 0.375000 1.000000
vt 0.090150 0.011664
vt 0.090150 0.000468
vt 0.107980 0.000420
vt 0.236290 0.766344
vt 0.236290 0.777539
vt 0.218240 0.777566
vt 0.271854 0.777625
vt 0.254393 0.777559
vt 0.172017 0.192944
vt 0.172481 0.200941
vt 0.146377 0.201192
vt 0.145914 0.193195
vt 0.421085 0.777658
vt 0.404236 0.777576
vt 0.989750 0.369272
vt 0.995901 0.369272
vt 0.995901 0.380213
vt 0.989750 0.380213
vt 0.124790 0.000325
vt 0.139932 0.000185
vt 0.449252 0.777931
vt 0.436285 0.777778
vt 0.562500 1.000000
vt 0.593750 1.000000
vt 0.781250 1.000000
vt 0.812500 1.000000
vt 0.937500 1.000000
vt 0.750000 1.000000
vt 0.569000 0.777654
vt 0.552197 0.777574
vt 0.828244 0.093913
vt 0.842317 0.093945
vt 0.842317 0.142300
vt 0.828244 0.142268
vt 0.852515 0.070465
vt 0.857381 0.070488
vt 0.851554 0.088860
vt 0.848976 0.088848
vt 0.810327 0.568926
vt 0.810327 0.574251
vt 0.792188 0.572950
vt 0.792188 0.570130
vt 0.458709 0.843286
vt 0.473785 0.843169
vt 0.483075 0.871774
vt 0.471188 0.871866
vt 0.882043 0.070683
vt 0.885788 0.070727
vt 0.876135 0.089062
vt 0.874151 0.089039
vt 0.815383 0.580820
vt 0.815334 0.598891
vt 0.787092 0.593043
vt 0.787131 0.578795
vt 0.818307 0.070399
vt 0.823553 0.070399
vt 0.822439 0.088787
vt 0.819660 0.088788
vt 0.514824 0.848171
vt 0.520071 0.848171
vt 0.518873 0.866553
vt 0.516094 0.866553
vt 0.815238 0.615898
vt 0.815099 0.631190
vt 0.786907 0.618509
vt 0.787016 0.606452
vt 0.829979 0.065272
vt 0.847829 0.065313
vt 0.548995 0.848236
vt 0.553848 0.848259
vt 0.547947 0.866625
vt 0.545376 0.866613
vt 0.784627 0.070497
vt 0.789455 0.070472
vt 0.793223 0.088854
vt 0.790666 0.088867
vt 0.864677 0.065395
vt 0.879877 0.065514
vt 0.867586 0.094104
vt 0.855602 0.094009
vt 0.847096 0.246937
vt 0.842099 0.246958
vt 0.839459 0.228559
vt 0.842107 0.228548
vt 0.794032 0.065319
vt 0.811814 0.065274
vt 0.813921 0.093914
vt 0.799901 0.093950
vt 0.481091 0.848261
vt 0.485932 0.848238
vt 0.489620 0.866615
vt 0.487056 0.866627
vt 0.812813 0.247002
vt 0.807585 0.246996
vt 0.809855 0.228596
vt 0.812625 0.228599
vt 0.490548 0.843088
vt 0.508355 0.843047
vt 0.510332 0.871677
vt 0.496292 0.871710
vt 0.809949 0.505918
vt 0.810000 0.509697
vt 0.791899 0.517765
vt 0.791872 0.515762
vt 0.526521 0.843046
vt 0.544347 0.843087
vt 0.538710 0.871709
vt 0.524655 0.871677
vt 0.810223 0.534635
vt 0.810250 0.539562
vt 0.792117 0.543224
vt 0.792103 0.540614
vt 0.876886 0.246705
vt 0.872880 0.246750
vt 0.865732 0.228377
vt 0.867854 0.228353
vt 0.810247 0.603570
vt 0.810219 0.608482
vt 0.792099 0.602417
vt 0.792114 0.599815
vt 0.870204 0.251923
vt 0.854313 0.252039
vt 0.846541 0.223398
vt 0.859070 0.223307
vt 0.809994 0.633293
vt 0.809943 0.637044
vt 0.791866 0.627138
vt 0.791893 0.625152
vt 0.837010 0.252111
vt 0.818960 0.252138
vt 0.818667 0.223476
vt 0.832898 0.223455
vt 0.762308 0.065528
vt 0.777316 0.065405
vt 0.786721 0.094017
vt 0.774889 0.094114
vt 0.779254 0.246889
vt 0.774591 0.246858
vt 0.781426 0.228482
vt 0.783897 0.228498
vt 0.815336 0.544285
vt 0.815384 0.562383
vt 0.787131 0.564258
vt 0.787094 0.549989
vt 0.767249 0.251943
vt 0.753036 0.251795
vt 0.766689 0.223206
vt 0.777896 0.223322
vt 0.800857 0.252118
vt 0.783396 0.252053
vt 0.790627 0.223409
vt 0.804394 0.223460
vt 0.815105 0.511855
vt 0.815242 0.527224
vt 0.787020 0.536537
vt 0.786911 0.524419
vt 0.050447 0.383337
vt 0.080295 0.419706
vt 0.551958 0.920127
vt 0.538710 0.920064
vt 0.606005 0.760535
vt 0.599449 0.748086
vt 0.600054 0.747832
vt 0.606549 0.760166
vt 0.867586 0.142459
vt 0.855602 0.142364
vt 0.730535 0.692975
vt 0.734572 0.706483
vt 0.733930 0.706613
vt 0.729930 0.693230
vt 0.813921 0.142269
vt 0.799901 0.142305
vt 0.496292 0.920066
vt 0.483075 0.920129
vt 0.735935 0.720531
vt 0.734572 0.734579
vt 0.733930 0.734449
vt 0.735280 0.720531
vt 0.471188 0.920221
vt 0.715156 0.771447
vt 0.704406 0.780402
vt 0.704042 0.779849
vt 0.714693 0.770977
vt 0.636447 0.484910
vt 0.650064 0.490635
vt 0.648565 0.495649
vt 0.634013 0.489531
vt 0.692141 0.787056
vt 0.678832 0.791153
vt 0.678704 0.790501
vt 0.691890 0.786442
vt 0.739267 0.618509
vt 0.739376 0.606452
vt 0.739452 0.593043
vt 0.738194 0.453583
vt 0.743834 0.439762
vt 0.748774 0.441283
vt 0.742747 0.456053
vt 0.788764 0.651264
vt 0.802405 0.648510
vt 0.802469 0.649171
vt 0.788955 0.651900
vt 0.818667 0.175121
vt 0.832898 0.175100
vt 0.904130 0.433818
vt 0.904039 0.421754
vt 0.949571 0.421755
vt 0.949661 0.433820
vt 0.739491 0.578795
vt 0.739491 0.564258
vt 0.870005 0.223185
vt 0.859070 0.174952
vt 0.870005 0.174831
vt 0.861648 0.829681
vt 0.861723 0.816271
vt 0.907253 0.816268
vt 0.907178 0.829678
vt 0.790627 0.175054
vt 0.804394 0.175106
vt 0.739379 0.536537
vt 0.739271 0.524419
vt 0.524655 0.920032
vt 0.980374 0.532865
vt 0.980444 0.545415
vt 0.964620 0.545416
vt 0.964550 0.532866
vt 0.861970 0.908622
vt 0.861832 0.898304
vt 0.907362 0.898302
vt 0.907501 0.908620
vt 0.829952 0.651264
vt 0.842800 0.656665
vt 0.842492 0.657252
vt 0.829762 0.651900
vt 0.904200 0.209385
vt 0.904092 0.197375
vt 0.949623 0.197326
vt 0.949732 0.209336
vt 0.904017 0.081048
vt 0.903963 0.067201
vt 0.949494 0.067210
vt 0.949548 0.081057
vt 0.764352 0.664508
vt 0.775916 0.656666
vt 0.776225 0.657252
vt 0.764768 0.665022
vt 0.656619 0.872511
vt 0.656559 0.859783
vt 0.714754 0.859783
vt 0.714813 0.872511
vt 0.485388 0.203178
vt 0.471731 0.158156
vt 0.861648 0.872734
vt 0.861610 0.858465
vt 0.907140 0.858463
vt 0.907178 0.872732
vt 0.449553 0.116663
vt 0.471731 0.158156
vt 0.904012 0.183998
vt 0.949543 0.183949
vt 0.116663 0.050447
vt 0.080294 0.080294
vt 0.861832 0.804214
vt 0.861970 0.793973
vt 0.907501 0.793971
vt 0.907362 0.804212
vt 0.861610 0.843928
vt 0.907140 0.843926
vt 0.296822 0.014612
vt 0.250000 0.010000
vt 0.605582 0.381638
vt 0.599942 0.395459
vt 0.595002 0.393938
vt 0.601029 0.379168
vt 0.014612 0.296822
vt 0.028269 0.341844
vt 0.904104 0.011374
vt 0.904222 0.000000
vt 0.949753 0.000009
vt 0.949635 0.011383
vt 0.646856 0.932355
vt 0.646863 0.929040
vt 0.652907 0.922647
vt 0.652871 0.938749
vt 0.679257 0.341668
vt 0.664519 0.341668
vt 0.664013 0.336453
vt 0.679763 0.336453
vt 0.801323 0.817023
vt 0.801403 0.804763
vt 0.859597 0.804763
vt 0.859516 0.817023
vt 0.646863 0.964854
vt 0.646856 0.961544
vt 0.652871 0.955157
vt 0.652907 0.971241
vt 0.904104 0.093765
vt 0.949635 0.093774
vt 0.250000 0.490000
vt 0.296822 0.485388
vt 0.743834 0.395459
vt 0.738194 0.381638
vt 0.742747 0.379168
vt 0.748774 0.393938
vt 0.605582 0.453583
vt 0.613771 0.466021
vt 0.609780 0.469345
vt 0.601029 0.456053
vt 0.116663 0.449553
vt 0.158156 0.471731
vt 0.903977 0.408339
vt 0.903945 0.394089
vt 0.949477 0.394090
vt 0.949509 0.408340
vt 0.972848 0.391844
vt 0.972852 0.388525
vt 0.978889 0.382117
vt 0.978870 0.398240
vt 0.904092 0.115298
vt 0.904200 0.104921
vt 0.949732 0.104872
vt 0.949623 0.115250
vt 0.904017 0.024296
vt 0.949548 0.024305
vt 0.485388 0.296822
vt 0.490000 0.250000
vt 0.903945 0.155230
vt 0.903962 0.140946
vt 0.949493 0.140897
vt 0.949477 0.155182
vt 0.861723 0.886186
vt 0.907253 0.886184
vt 0.050447 0.116663
vt 0.028269 0.158156
vt 0.092907 0.995496
vt 0.092647 0.999986
vt 0.073324 0.999801
vt 0.073584 0.995311
vt 0.962556 0.235931
vt 0.962688 0.223093
vt 0.979182 0.223097
vt 0.979049 0.235935
vt 0.991674 0.129659
vt 0.999808 0.129659
vt 0.999808 0.137810
vt 0.991674 0.137810
vt 0.290311 0.818212
vt 0.290396 0.803076
vt 0.306889 0.803075
vt 0.306805 0.818211
vt 0.636483 0.986382
vt 0.636413 0.971241
vt 0.652977 0.986383
vt 0.290268 0.834293
vt 0.306762 0.834292
vt 0.962376 0.282639
vt 0.962397 0.266288
vt 0.978890 0.266291
vt 0.978870 0.282642
vt 0.962664 0.459381
vt 0.962542 0.445825
vt 0.979036 0.445808
vt 0.979158 0.459363
vt 0.990367 0.407419
vt 0.982234 0.407419
vt 0.982234 0.399268
vt 0.990367 0.399268
vt 0.962451 0.430727
vt 0.978945 0.430709
vt 0.962688 0.341452
vt 0.962556 0.328926
vt 0.979049 0.328929
vt 0.979182 0.341456
vt 0.275073 0.000000
vt 0.275317 0.004489
vt 0.255992 0.004672
vt 0.255748 0.000183
vt 0.290519 0.895667
vt 0.290396 0.881989
vt 0.306889 0.881988
vt 0.307012 0.895666
vt 0.290675 0.907313
vt 0.307168 0.907312
vt 0.290311 0.866806
vt 0.306805 0.866805
vt 0.962457 0.314572
vt 0.962397 0.298943
vt 0.978890 0.298946
vt 0.978951 0.314575
vt 0.962451 0.366916
vt 0.962542 0.353186
vt 0.979036 0.353168
vt 0.978945 0.366898
vt 0.636413 0.922646
vt 0.636483 0.907469
vt 0.652977 0.907470
vt 0.636585 0.999999
vt 0.653079 1.000000
vt 0.290519 0.789468
vt 0.307012 0.789467
vt 0.962395 0.414665
vt 0.978889 0.414647
vt 0.642420 0.961544
vt 0.636377 0.955157
vt 0.290675 0.777909
vt 0.307168 0.777908
vt 0.991866 0.150775
vt 1.000000 0.150775
vt 1.000000 0.158926
vt 0.991866 0.158926
vt 0.636585 0.893800
vt 0.653079 0.893801
vt 0.962457 0.250516
vt 0.978951 0.250519
vt 0.962664 0.341473
vt 0.979158 0.341456
vt 0.290268 0.850701
vt 0.306762 0.850700
vt 0.962376 0.398257
vt 0.903963 0.038269
vt 0.949494 0.038278
vt 0.157659 0.937135
vt 0.157603 0.948854
vt 0.107110 0.948854
vt 0.107165 0.937135
vt 0.904039 0.351838
vt 0.904130 0.339728
vt 0.949661 0.339729
vt 0.949571 0.351840
vt 0.419706 0.419706
vt 0.449553 0.383337
vt 0.419706 0.419706
vt 0.014611 0.203179
vt 0.903945 0.379551
vt 0.949477 0.379553
vt 0.383337 0.449553
vt 0.903962 0.169767
vt 0.949493 0.169718
vt 0.383337 0.050447
vt 0.341844 0.028269
vt 0.341844 0.028269
vt 0.158156 0.028269
vt 0.904011 0.127462
vt 0.949543 0.127414
vt 0.203179 0.485389
vt 0.203179 0.485389
vt 0.707329 0.484910
vt 0.719584 0.476599
vt 0.722859 0.480649
vt 0.709763 0.489531
vt 0.419706 0.080294
vt 0.419706 0.080294
vt 0.471731 0.341844
vt 0.903977 0.365285
vt 0.949509 0.365286
vt 0.341844 0.471731
vt 0.903945 0.052756
vt 0.949476 0.052765
vt 0.203179 0.485389
vt 0.904222 0.104864
vt 0.949753 0.104872
vt 0.203178 0.014612
vt 0.801274 0.830281
vt 0.859468 0.830281
vt 0.738999 0.892960
vt 0.738896 0.881462
vt 0.797089 0.881462
vt 0.797192 0.892960
vt 0.738826 0.868699
vt 0.738790 0.855161
vt 0.796983 0.855161
vt 0.797019 0.868699
vt 0.738900 0.815127
vt 0.739003 0.803687
vt 0.797196 0.803687
vt 0.797092 0.815127
vt 0.594252 0.893800
vt 0.594162 0.882405
vt 0.652356 0.882405
vt 0.652447 0.893800
vt 0.594064 0.842418
vt 0.594094 0.828865
vt 0.652288 0.828865
vt 0.652258 0.842418
vt 0.594154 0.816072
vt 0.594242 0.804531
vt 0.652437 0.804531
vt 0.652348 0.816072
vt 0.656529 0.846262
vt 0.714723 0.846262
vt 0.656528 0.832469
vt 0.656558 0.818933
vt 0.714753 0.818933
vt 0.714723 0.832469
vt 0.801418 0.882935
vt 0.801333 0.870869
vt 0.859526 0.870869
vt 0.859611 0.882935
vt 0.801279 0.857731
vt 0.859473 0.857731
vt 0.656617 0.806175
vt 0.714811 0.806175
vt 0.594355 0.794685
vt 0.652550 0.794685
vt 0.594099 0.869713
vt 0.652293 0.869713
vt 0.738791 0.841368
vt 0.796984 0.841368
vt 0.801260 0.844026
vt 0.859453 0.844026
vt 0.601634 0.538386
vt 0.596274 0.551519
vt 0.594723 0.551042
vt 0.600204 0.537611
vt 0.739130 0.902750
vt 0.797323 0.902750
vt 0.671643 0.500405
vt 0.657638 0.500405
vt 0.657479 0.498768
vt 0.671802 0.498768
vt 0.738828 0.827850
vt 0.797021 0.827850
vt 0.733007 0.551519
vt 0.727647 0.538386
vt 0.729077 0.537611
vt 0.734558 0.551042
vt 0.594065 0.856211
vt 0.652260 0.856211
vt 0.739136 0.793971
vt 0.797328 0.793971
vt 0.709963 0.628622
vt 0.719866 0.618570
vt 0.721119 0.619614
vt 0.710991 0.629893
vt 0.656705 0.883958
vt 0.714900 0.883958
vt 0.630963 0.636519
vt 0.643902 0.641959
vt 0.643431 0.643533
vt 0.630199 0.637970
vt 0.801531 0.893465
vt 0.859725 0.893465
vt 0.593542 0.565461
vt 0.593542 0.579676
vt 0.591929 0.579837
vt 0.591929 0.565300
vt 0.883630 0.425813
vt 0.886140 0.413007
vt 0.887713 0.413165
vt 0.885143 0.426279
vt 0.709963 0.516515
vt 0.698318 0.508618
vt 0.699082 0.507167
vt 0.710991 0.515244
vt 0.657638 0.644732
vt 0.671643 0.644732
vt 0.671802 0.646369
vt 0.657479 0.646369
vt 0.630963 0.508618
vt 0.619318 0.516515
vt 0.618290 0.515244
vt 0.630199 0.507167
vt 0.609415 0.526567
vt 0.608162 0.525523
vt 0.656702 0.794685
vt 0.714897 0.794685
vt 0.596274 0.593618
vt 0.594723 0.594095
vt 0.643902 0.503178
vt 0.643431 0.501604
vt 0.619318 0.628622
vt 0.618290 0.629893
vt 0.801512 0.793971
vt 0.859706 0.793971
vt 0.685379 0.503178
vt 0.685850 0.501604
vt 0.601634 0.606751
vt 0.600204 0.607526
vt 0.719866 0.526567
vt 0.721119 0.525523
vt 0.962395 0.382134
vt 0.735739 0.579676
vt 0.735739 0.565461
vt 0.737352 0.565300
vt 0.737352 0.579837
vt 0.727647 0.606751
vt 0.729077 0.607526
vt 0.685379 0.641959
vt 0.698318 0.636519
vt 0.699082 0.637970
vt 0.685850 0.643533
vt 0.609415 0.618570
vt 0.608162 0.619614
vt 0.733007 0.593618
vt 0.734558 0.594095
vt 0.157686 0.924720
vt 0.107193 0.924720
vt 0.706860 0.883958
vt 0.706939 0.894444
vt 0.656446 0.894444
vt 0.656367 0.883958
vt 0.706994 0.906103
vt 0.707022 0.918488
vt 0.656528 0.918488
vt 0.656500 0.906103
vt 0.706941 0.955209
vt 0.706863 0.965734
vt 0.656369 0.965734
vt 0.656448 0.955209
vt 0.934576 0.656015
vt 0.934654 0.667068
vt 0.884162 0.667068
vt 0.884084 0.656015
vt 0.934708 0.704248
vt 0.934664 0.716393
vt 0.884171 0.716393
vt 0.884215 0.704248
vt 0.934590 0.727623
vt 0.934490 0.737509
vt 0.883997 0.737509
vt 0.884097 0.727623
vt 0.157655 0.809200
vt 0.157688 0.821602
vt 0.107196 0.821602
vt 0.107163 0.809200
vt 0.157687 0.834236
vt 0.157653 0.846619
vt 0.107161 0.846619
vt 0.107195 0.834236
vt 0.157513 0.877653
vt 0.157597 0.888091
vt 0.107103 0.888091
vt 0.107020 0.877653
vt 0.157654 0.899718
vt 0.107161 0.899718
vt 0.157588 0.858274
vt 0.107096 0.858274
vt 0.157377 0.778009
vt 0.157497 0.786977
vt 0.107005 0.786977
vt 0.106885 0.778009
vt 0.934703 0.679103
vt 0.884211 0.679103
vt 0.707022 0.931123
vt 0.656529 0.931123
vt 0.157685 0.912086
vt 0.107192 0.912086
vt 0.862464 0.457965
vt 0.871560 0.448732
vt 0.872782 0.449750
vt 0.863467 0.459205
vt 0.157522 0.959426
vt 0.157419 0.968445
vt 0.106926 0.968445
vt 0.107029 0.959426
vt 0.878707 0.437876
vt 0.880101 0.438632
vt 0.789901 0.465219
vt 0.801785 0.470215
vt 0.801327 0.471751
vt 0.789155 0.466634
vt 0.706995 0.943522
vt 0.656501 0.943522
vt 0.755529 0.399950
vt 0.755529 0.413007
vt 0.753956 0.413165
vt 0.753956 0.399793
vt 0.934721 0.691657
vt 0.884229 0.691657
vt 0.934472 0.646369
vt 0.883980 0.646369
vt 0.801785 0.342742
vt 0.789901 0.347739
vt 0.789155 0.346324
vt 0.801326 0.341207
vt 0.157591 0.797509
vt 0.107099 0.797509
vt 0.871560 0.364226
vt 0.862464 0.354993
vt 0.863467 0.353753
vt 0.872782 0.363208
vt 0.157492 0.868753
vt 0.157372 0.877653
vt 0.106880 0.877653
vt 0.107000 0.868753
vt 0.594114 0.911352
vt 0.594175 0.902017
vt 0.634334 0.902017
vt 0.634273 0.911352
vt 0.312959 0.955210
vt 0.312936 0.944916
vt 0.353096 0.944916
vt 0.353119 0.955210
vt 0.814402 0.472763
vt 0.814247 0.474360
vt 0.878707 0.375082
vt 0.880101 0.374325
vt 0.770108 0.448732
vt 0.779204 0.457965
vt 0.778202 0.459205
vt 0.768886 0.449750
vt 0.886140 0.399951
vt 0.887713 0.399793
vt 0.851768 0.465219
vt 0.852513 0.466634
vt 0.758038 0.425813
vt 0.756526 0.426279
vt 0.827266 0.472763
vt 0.827421 0.474360
vt 0.762961 0.375082
vt 0.758038 0.387145
vt 0.756526 0.386679
vt 0.761567 0.374325
vt 0.779204 0.354993
vt 0.778202 0.353753
vt 0.827266 0.340195
vt 0.814402 0.340195
vt 0.814247 0.338598
vt 0.827421 0.338598
vt 0.762961 0.437876
vt 0.761567 0.438632
vt 0.851768 0.347739
vt 0.852513 0.346324
vt 0.883630 0.387145
vt 0.885143 0.386679
vt 0.770108 0.364225
vt 0.768886 0.363207
vt 0.839883 0.342742
vt 0.840342 0.341207
vt 0.839883 0.470215
vt 0.840342 0.471751
vt 0.594077 0.921447
vt 0.634236 0.921447
vt 0.044674 0.960010
vt 0.044596 0.951256
vt 0.084755 0.951256
vt 0.084833 0.960010
vt 0.044542 0.941538
vt 0.044515 0.931230
vt 0.084674 0.931230
vt 0.084701 0.941538
vt 0.044599 0.900748
vt 0.044678 0.892038
vt 0.084836 0.892038
vt 0.084757 0.900748
vt 0.738930 0.978217
vt 0.738861 0.969540
vt 0.779020 0.969540
vt 0.779089 0.978217
vt 0.738786 0.939094
vt 0.738809 0.928775
vt 0.778969 0.928775
vt 0.778946 0.939094
vt 0.738855 0.919034
vt 0.738922 0.910247
vt 0.779082 0.910247
vt 0.779015 0.919034
vt 0.313005 0.964902
vt 0.353164 0.964902
vt 0.312936 0.934414
vt 0.312958 0.924107
vt 0.353118 0.924107
vt 0.353095 0.934414
vt 0.594187 0.961538
vt 0.594122 0.952351
vt 0.634281 0.952351
vt 0.634346 0.961538
vt 0.594081 0.942347
vt 0.634240 0.942347
vt 0.313003 0.914393
vt 0.353163 0.914393
vt 0.739009 0.902750
vt 0.779168 0.902750
vt 0.738813 0.959876
vt 0.778972 0.959876
vt 0.044516 0.920728
vt 0.084674 0.920728
vt 0.594066 0.931912
vt 0.634225 0.931912
vt 0.149806 0.399952
vt 0.180985 0.416618
vt 0.172841 0.436279
vt 0.137983 0.417646
vt 0.044774 0.967465
vt 0.084933 0.967465
vt 0.073120 0.214816
vt 0.069654 0.250000
vt 0.048374 0.250000
vt 0.052248 0.210665
vt 0.044544 0.910435
vt 0.084703 0.910435
vt 0.214816 0.073120
vt 0.180985 0.083382
vt 0.172841 0.063722
vt 0.210665 0.052248
vt 0.738788 0.949596
vt 0.778947 0.949596
vt 0.044778 0.884640
vt 0.084937 0.884640
vt 0.399952 0.149805
vt 0.377524 0.122476
vt 0.392571 0.107429
vt 0.417646 0.137982
vt 0.426880 0.214816
vt 0.416618 0.180985
vt 0.436278 0.172841
vt 0.447752 0.210665
vt 0.399952 0.350195
vt 0.416618 0.319015
vt 0.436278 0.327159
vt 0.417646 0.362018
vt 0.594273 0.969556
vt 0.634432 0.969556
vt 0.214817 0.426881
vt 0.250000 0.430346
vt 0.250000 0.451626
vt 0.210665 0.447752
vt 0.734987 0.794686
vt 0.734902 0.805984
vt 0.719079 0.805984
vt 0.719163 0.794685
vt 0.149805 0.100048
vt 0.122476 0.122476
vt 0.107429 0.107429
vt 0.137982 0.082354
vt 0.416618 0.319015
vt 0.426880 0.285184
vt 0.447752 0.289335
vt 0.436278 0.327159
vt 0.350195 0.399952
vt 0.377524 0.377524
vt 0.392571 0.392571
vt 0.362018 0.417646
vt 0.250000 0.069654
vt 0.214816 0.073120
vt 0.250000 0.048374
vt 0.319015 0.416618
vt 0.350195 0.399952
vt 0.362018 0.417646
vt 0.327159 0.436278
vt 0.350195 0.100048
vt 0.319015 0.083382
vt 0.327159 0.063722
vt 0.362018 0.082354
vt 0.430346 0.250000
vt 0.426880 0.214816
vt 0.451626 0.250000
vt 0.313070 0.973617
vt 0.353230 0.973617
vt 0.285184 0.073120
vt 0.289335 0.052248
vt 0.327159 0.063722
vt 0.399952 0.149805
vt 0.436278 0.172841
vt 0.100048 0.149805
vt 0.082354 0.137983
vt 0.180985 0.416618
vt 0.172841 0.436279
vt 0.426880 0.285184
vt 0.447752 0.289335
vt 0.083382 0.319015
vt 0.100048 0.350195
vt 0.082354 0.362018
vt 0.063722 0.327159
vt 0.100048 0.350195
vt 0.122477 0.377524
vt 0.107429 0.392571
vt 0.082354 0.362018
vt 0.313068 0.905645
vt 0.353228 0.905645
vt 0.285184 0.426881
vt 0.289335 0.447752
vt 0.073120 0.285184
vt 0.052248 0.289335
vt 0.594259 0.893800
vt 0.634418 0.893800
vt 0.083382 0.180985
vt 0.063722 0.172841
vt 0.122477 0.377524
vt 0.149806 0.399952
vt 0.137983 0.417646
vt 0.107429 0.392571
vt 0.180985 0.083382
vt 0.149805 0.100048
vt 0.137982 0.082354
vt 0.028650 0.785974
vt 0.037826 0.782116
vt 0.047566 0.780150
vt 0.057498 0.780150
vt 0.067239 0.782116
vt 0.076414 0.785974
vt 0.084672 0.791574
vt 0.091695 0.798702
vt 0.097212 0.807084
vt 0.101013 0.816397
vt 0.102950 0.826283
vt 0.102950 0.836364
vt 0.101013 0.846250
vt 0.097212 0.855563
vt 0.091695 0.863945
vt 0.084672 0.871073
vt 0.076414 0.876673
vt 0.067239 0.880531
vt 0.057498 0.882497
vt 0.047566 0.882497
vt 0.037826 0.880531
vt 0.028650 0.876673
vt 0.020392 0.871073
vt 0.013369 0.863945
vt 0.007852 0.855563
vt 0.004051 0.846250
vt 0.002114 0.836364
vt 0.002114 0.826283
vt 0.004051 0.816397
vt 0.007852 0.807083
vt 0.013370 0.798702
vt 0.020392 0.791574
vt 0.063722 0.327159
vt 0.362018 0.082354
vt 0.063722 0.172841
vt 0.786768 0.628750
vt 0.739127 0.628750
vt 0.624192 0.358622
vt 0.613771 0.369200
vt 0.609780 0.365876
vt 0.620917 0.354572
vt 0.664519 0.493553
vt 0.664013 0.498768
vt 0.597067 0.410131
vt 0.597067 0.425090
vt 0.591929 0.425604
vt 0.591929 0.409617
vt 0.707329 0.350311
vt 0.693713 0.344586
vt 0.695211 0.339572
vt 0.709763 0.345690
vt 0.730005 0.466021
vt 0.733996 0.469345
vt 0.746792 0.754113
vt 0.741470 0.741072
vt 0.742097 0.740879
vt 0.747370 0.753799
vt 0.563890 0.920218
vt 0.775916 0.783673
vt 0.764353 0.775831
vt 0.764768 0.775317
vt 0.776225 0.783087
vt 0.746709 0.425090
vt 0.751847 0.425604
vt 0.650064 0.344586
vt 0.636447 0.350311
vt 0.634013 0.345690
vt 0.648565 0.339572
vt 0.730006 0.369200
vt 0.733996 0.365876
vt 0.624192 0.476599
vt 0.620917 0.480650
vt 0.854364 0.664508
vt 0.864198 0.674489
vt 0.863692 0.674911
vt 0.853948 0.665021
vt 0.719584 0.358622
vt 0.722859 0.354571
vt 0.599942 0.439762
vt 0.595002 0.441283
vt 0.746709 0.410131
vt 0.751847 0.409617
vt 0.816312 0.648510
vt 0.816248 0.649171
vt 0.754519 0.765849
vt 0.755025 0.765428
vt 0.693713 0.490634
vt 0.695211 0.495649
vt 0.679257 0.493553
vt 0.679763 0.498768
vt 0.715156 0.669615
vt 0.723979 0.680527
vt 0.723434 0.680896
vt 0.714693 0.670085
vt 0.734844 0.818530
vt 0.719021 0.818530
vt 0.859398 0.940404
vt 0.859413 0.953967
vt 0.843589 0.953984
vt 0.843574 0.940421
vt 0.104922 0.972125
vt 0.105032 0.982480
vt 0.089208 0.982477
vt 0.089099 0.972122
vt 0.980444 0.480184
vt 0.980374 0.492696
vt 0.964550 0.492697
vt 0.964620 0.480185
vt 0.637843 0.787056
vt 0.625578 0.780402
vt 0.625942 0.779849
vt 0.638094 0.786442
vt 0.786721 0.142372
vt 0.846541 0.175043
vt 0.595412 0.734579
vt 0.596054 0.734449
vt 0.788765 0.789075
vt 0.788955 0.788439
vt 0.786773 0.514101
vt 0.739133 0.514101
vt 0.664992 0.792537
vt 0.664992 0.791872
vt 0.510332 0.920033
vt 0.606005 0.680527
vt 0.614827 0.669615
vt 0.615291 0.670085
vt 0.606549 0.680896
vt 0.734815 0.845404
vt 0.734844 0.858699
vt 0.719020 0.858699
vt 0.718991 0.845403
vt 0.877246 0.741071
vt 0.871924 0.754112
vt 0.871347 0.753799
vt 0.876620 0.740878
vt 0.871924 0.686226
vt 0.877246 0.699267
vt 0.876620 0.699460
vt 0.871347 0.686539
vt 0.614828 0.771447
vt 0.615291 0.770977
vt 0.594049 0.720531
vt 0.595412 0.706483
vt 0.596054 0.706613
vt 0.594704 0.720531
vt 0.879960 0.713111
vt 0.879960 0.727227
vt 0.879308 0.727162
vt 0.879308 0.713176
vt 0.802405 0.791828
vt 0.802469 0.791167
vt 0.625578 0.660660
vt 0.625942 0.661213
vt 0.980545 0.468935
vt 0.964722 0.468936
vt 0.816312 0.791828
vt 0.816248 0.791167
vt 0.651151 0.649909
vt 0.664992 0.648525
vt 0.664992 0.649190
vt 0.651279 0.650560
vt 0.859459 0.967244
vt 0.843636 0.967261
vt 0.738757 0.727227
vt 0.738757 0.713111
vt 0.739409 0.713177
vt 0.739409 0.727162
vt 0.854364 0.775831
vt 0.842800 0.783673
vt 0.842492 0.783087
vt 0.853948 0.775317
vt 0.734902 0.871216
vt 0.719079 0.871215
vt 0.980338 0.519552
vt 0.964515 0.519553
vt 0.599449 0.692976
vt 0.600054 0.693230
vt 0.692141 0.654006
vt 0.704406 0.660660
vt 0.704042 0.661213
vt 0.691890 0.654620
vt 0.980545 0.556721
vt 0.980675 0.566348
vt 0.964851 0.566349
vt 0.964722 0.556722
vt 0.104791 0.920348
vt 0.104774 0.933864
vt 0.088950 0.933861
vt 0.088967 0.920345
vt 0.859534 0.979725
vt 0.843711 0.979742
vt 0.651152 0.791153
vt 0.651279 0.790501
vt 0.104841 0.907311
vt 0.089017 0.907308
vt 0.104791 0.947341
vt 0.088967 0.947338
vt 0.104841 0.960260
vt 0.089017 0.960257
vt 0.984436 0.182737
vt 0.984486 0.197224
vt 0.962444 0.197248
vt 0.962393 0.182760
vt 0.678832 0.649909
vt 0.678704 0.650560
vt 0.104922 0.895255
vt 0.089099 0.895252
vt 0.734815 0.831841
vt 0.718991 0.831840
vt 0.105032 0.884643
vt 0.089208 0.884640
vt 0.864198 0.765849
vt 0.863692 0.765428
vt 0.829952 0.789075
vt 0.829762 0.788438
vt 0.859635 0.990930
vt 0.843812 0.990947
vt 0.859459 0.914496
vt 0.859413 0.927076
vt 0.843589 0.927093
vt 0.843636 0.914513
vt 0.980338 0.505989
vt 0.964515 0.505989
vt 0.739454 0.549989
vt 0.746792 0.686226
vt 0.754519 0.674489
vt 0.755025 0.674911
vt 0.747370 0.686539
vt 0.766689 0.174851
vt 0.777896 0.174968
vt 0.859635 0.893465
vt 0.859534 0.903147
vt 0.843711 0.903164
vt 0.843812 0.893482
vt 0.741470 0.699267
vt 0.742097 0.699460
vt 0.637843 0.654006
vt 0.638094 0.654620
vt 0.723979 0.760535
vt 0.723434 0.760166
vt 0.730535 0.748086
vt 0.729930 0.747832
vt 0.877810 0.094225
vt 0.877810 0.142580
vt 0.980675 0.459381
vt 0.964851 0.459382
vt 0.774889 0.142469
vt 0.734987 0.882472
vt 0.719163 0.882471
vt 0.406250 1.000000
vt 0.250000 1.000000
vt 1.000000 1.000000
vt 0.156250 1.000000
vt 0.093750 1.000000
vt 0.062500 1.000000
vt 0.534199 0.804309
vt 0.534199 0.812328
vt 0.526521 0.777774
vt 0.468750 1.000000
vt 0.995901 0.325510
vt 0.989750 0.325510
vt 0.458709 0.778013
vt 0.473785 0.777897
vt 0.879877 0.000242
vt 0.892844 0.000396
vt 0.892844 0.065668
vt 0.125000 1.000000
vt 0.906250 1.000000
vt 0.596231 0.797100
vt 0.595794 0.805097
vt 0.569691 0.804844
vt 0.570127 0.796848
vt 0.870204 0.317194
vt 0.854313 0.317310
vt 0.879545 0.615898
vt 0.879406 0.631190
vt 0.534371 0.777534
vt 0.783396 0.317324
vt 0.767249 0.317215
vt 0.536669 0.812333
vt 0.536669 0.804314
vt 0.544347 0.777814
vt 0.584133 0.777770
vt 0.037424 0.000320
vt 0.508355 0.777774
vt 0.561150 0.777894
vt 0.576283 0.778010
vt 0.386386 0.777536
vt 0.843750 1.000000
vt 0.840140 0.034560
vt 0.840140 0.026541
vt 0.847829 0.000041
vt 0.302214 0.777883
vt 0.288001 0.777734
vt 0.185046 0.777754
vt 0.171177 0.777908
vt 0.884072 0.317041
vt 0.884072 0.251769
vt 0.777316 0.000132
vt 0.794032 0.000047
vt 0.811814 0.000002
vt 0.829979 0.000000
vt 0.753036 0.317066
vt 0.333723 0.777668
vt 0.318715 0.777791
vt 0.818960 0.317409
vt 0.800857 0.317389
vt 0.054181 0.000417
vt 0.071984 0.000467
vt 0.762308 0.000256
vt 0.864677 0.000123
vt 0.879690 0.580820
vt 0.879641 0.598891
vt 0.879691 0.562383
vt 0.812500 1.000000
vt 0.500685 0.812329
vt 0.500685 0.804310
vt 0.481635 0.777657
vt 0.826735 0.282862
vt 0.826735 0.290881
vt 0.879549 0.527224
vt 0.879643 0.544285
vt 0.200937 0.777639
vt 0.879412 0.511855
vt 0.845645 0.554587
vt 0.853545 0.554587
vt 0.152826 0.000008
vt 0.879237 0.498768
vt 0.814930 0.498768
vt 0.490548 0.777816
vt 0.837010 0.317382
vt 0.466559 0.777774
vt 0.718750 0.500000
vt 0.687500 0.500000
vt 0.719985 0.500000
vt 0.531250 0.500000
vt 0.500000 0.500000
vt 0.236941 0.500000
vt 0.231809 0.500000
vt 0.232372 0.500000
vt 0.236378 0.500000
vt 0.924441 0.500000
vt 0.919309 0.500000
vt 0.919872 0.500000
vt 0.923878 0.500000
vt 0.656250 0.500000
vt 0.625000 0.500000
vt 0.361941 0.500000
vt 0.356809 0.500000
vt 0.357372 0.500000
vt 0.361378 0.500000
vt 0.093750 0.500000
vt 0.062500 0.500000
vt 0.781250 0.500000
vt 0.750000 0.500000
vt 0.486941 0.500000
vt 0.481809 0.500000
vt 0.482372 0.500000
vt 0.486378 0.500000
vt 0.218750 0.500000
vt 0.187500 0.500000
vt 0.906250 0.500000
vt 0.875000 0.500000
vt 0.611941 0.500000
vt 0.606809 0.500000
vt 0.607372 0.500000
vt 0.611378 0.500000
vt 0.343750 0.500000
vt 0.312500 0.500000
vt 0.049441 0.500000
vt 0.044309 0.500000
vt 0.044872 0.500000
vt 0.048878 0.500000
vt 0.736941 0.500000
vt 0.731809 0.500000
vt 0.732372 0.500000
vt 0.736378 0.500000
vt 0.468750 0.500000
vt 0.437500 0.500000
vt 0.174441 0.500000
vt 0.169309 0.500000
vt 0.169872 0.500000
vt 0.173878 0.500000
vt 0.861941 0.500000
vt 0.856809 0.500000
vt 0.857372 0.500000
vt 0.861378 0.500000
vt 0.593750 0.500000
vt 0.562500 0.500000
vt 0.299441 0.500000
vt 0.294309 0.500000
vt 0.294872 0.500000
vt 0.298878 0.500000
vt 0.986941 0.500000
vt 0.981809 0.500000
vt 0.982372 0.500000
vt 0.986378 0.500000
vt 0.031250 0.500000
vt 0.000000 0.500000
vt 0.424441 0.500000
vt 0.419309 0.500000
vt 0.419872 0.500000
vt 0.423878 0.500000
vt 0.156250 0.500000
vt 0.125000 0.500000
vt 0.843750 0.500000
vt 0.812500 0.500000
vt 0.549441 0.500000
vt 0.544309 0.500000
vt 0.544872 0.500000
vt 0.548878 0.500000
vt 0.281250 0.500000
vt 0.250000 0.500000
vt 0.968750 0.500000
vt 0.937500 0.500000
vt 0.674441 0.500000
vt 0.669309 0.500000
vt 0.669872 0.500000
vt 0.673878 0.500000
vt 0.406250 0.500000
vt 0.375000 0.500000
vt 0.111941 0.500000
vt 0.106809 0.500000
vt 0.107372 0.500000
vt 0.111378 0.500000
vt 0.937895 0.249979
vt 0.937851 0.266177
vt 0.903945 0.266178
vt 0.903989 0.249981
vt 0.562500 0.500000
vt 0.719987 0.500000
vt 0.748763 0.500000
vt 0.623734 0.500000
vt 0.595016 0.500000
vt 0.594870 0.500000
vt 0.623880 0.500000
vt 0.748765 0.500000
vt 1.000000 0.500000
vt 0.969987 0.500000
vt 0.998763 0.500000
vt 0.845016 0.500000
vt 0.873734 0.500000
vt 0.873880 0.500000
vt 0.844870 0.500000
vt 0.718750 0.500000
vt 0.458347 0.849397
vt 0.458371 0.870046
vt 0.458298 0.870047
vt 0.458274 0.849397
vt 0.844987 0.500000
vt 0.873763 0.500000
vt 0.748734 0.500000
vt 0.720016 0.500000
vt 0.719870 0.500000
vt 0.748880 0.500000
vt 0.095016 0.500000
vt 0.123734 0.500000
vt 0.123880 0.500000
vt 0.094870 0.500000
vt 0.309175 0.845880
vt 0.309227 0.860796
vt 0.308421 0.860797
vt 0.308369 0.845881
vt 0.873765 0.500000
vt 0.095016 0.500000
vt 0.123765 0.500000
vt 0.763222 0.331725
vt 0.767644 0.331707
vt 0.767644 0.335910
vt 0.763222 0.335929
vt 0.845016 0.500000
vt 0.844870 0.500000
vt 0.220016 0.500000
vt 0.248734 0.500000
vt 0.248880 0.500000
vt 0.219870 0.500000
vt 0.937500 0.500000
vt 0.753232 0.331732
vt 0.757847 0.331731
vt 0.757847 0.335934
vt 0.753232 0.335935
vt 0.941428 0.870377
vt 0.941489 0.886119
vt 0.907582 0.886112
vt 0.907521 0.870370
vt 0.941588 0.900576
vt 0.941722 0.913194
vt 0.907815 0.913188
vt 0.907681 0.900570
vt 0.975839 0.793972
vt 0.975736 0.807740
vt 0.941828 0.807739
vt 0.941931 0.793971
vt 0.975665 0.823027
vt 0.941758 0.823026
vt 0.975629 0.839246
vt 0.941722 0.839245
vt 0.975629 0.855773
vt 0.941722 0.855772
vt 0.975665 0.871974
vt 0.941758 0.871973
vt 0.975736 0.887225
vt 0.941828 0.887224
vt 0.975839 0.900941
vt 0.941931 0.900940
vt 0.971056 0.646369
vt 0.970932 0.658167
vt 0.937025 0.658203
vt 0.937148 0.646406
vt 0.970841 0.671996
vt 0.936934 0.672032
vt 0.970785 0.687325
vt 0.936877 0.687361
vt 0.970766 0.703564
vt 0.936858 0.703601
vt 0.970785 0.720091
vt 0.936878 0.720127
vt 0.970841 0.736269
vt 0.936934 0.736306
vt 0.970932 0.751477
vt 0.937025 0.751514
vt 0.971056 0.765131
vt 0.937148 0.765167
vt 0.938261 0.209385
vt 0.938104 0.221027
vt 0.904198 0.221029
vt 0.904355 0.209386
vt 0.937980 0.234734
vt 0.904074 0.234736
vt 0.567170 0.127837
vt 0.594516 0.094516
vt 0.584904 0.084905
vt 0.555868 0.120285
vt 0.937851 0.282704
vt 0.903945 0.282706
vt 0.937895 0.298926
vt 0.903989 0.298927
vt 0.937980 0.314219
vt 0.904074 0.314221
vt 0.938104 0.327995
vt 0.904198 0.327997
vt 0.938261 0.339726
vt 0.904355 0.339728
vt 0.941722 0.793978
vt 0.941588 0.806909
vt 0.907681 0.806902
vt 0.907815 0.793971
vt 0.941489 0.821599
vt 0.907582 0.821593
vt 0.941428 0.837485
vt 0.907521 0.837478
vt 0.941506 0.581108
vt 0.941522 0.593816
vt 0.903961 0.593809
vt 0.903945 0.581101
vt 0.792898 0.465663
vt 0.750000 0.469888
vt 0.750000 0.483480
vt 0.795550 0.478994
vt 0.963764 0.956284
vt 0.963797 0.970791
vt 0.941754 0.970790
vt 0.941722 0.956283
vt 0.969888 0.250000
vt 0.965662 0.292898
vt 0.978994 0.295550
vt 0.983480 0.250000
vt 0.546850 0.165853
vt 0.534292 0.160651
vt 0.965663 0.207102
vt 0.983480 0.250000
vt 0.978994 0.204450
vt 0.534337 0.207102
vt 0.521006 0.204450
vt 0.953150 0.165853
vt 0.965708 0.160651
vt 0.530112 0.250000
vt 0.521006 0.204450
vt 0.516520 0.250000
vt 0.932830 0.127837
vt 0.953150 0.165853
vt 0.965708 0.160651
vt 0.944132 0.120285
vt 0.534338 0.292898
vt 0.521006 0.295550
vt 0.905484 0.094516
vt 0.944132 0.120285
vt 0.915095 0.084905
vt 0.546850 0.334148
vt 0.534337 0.292898
vt 0.534293 0.339349
vt 0.872163 0.067170
vt 0.905484 0.094516
vt 0.915095 0.084905
vt 0.879715 0.055868
vt 0.567170 0.372163
vt 0.555868 0.379715
vt 0.834148 0.046850
vt 0.872163 0.067170
vt 0.839349 0.034292
vt 0.707102 0.465663
vt 0.704451 0.478994
vt 0.750000 0.483480
vt 0.594516 0.405484
vt 0.567170 0.372163
vt 0.555869 0.379715
vt 0.584905 0.415096
vt 0.792898 0.034337
vt 0.795550 0.021006
vt 0.834148 0.453150
vt 0.795550 0.478994
vt 0.839349 0.465708
vt 0.627837 0.432830
vt 0.594516 0.405484
vt 0.584905 0.415096
vt 0.620286 0.444132
vt 0.750000 0.030112
vt 0.750000 0.016520
vt 0.872163 0.432830
vt 0.834148 0.453150
vt 0.839349 0.465708
vt 0.879715 0.444132
vt 0.665853 0.453150
vt 0.627837 0.432830
vt 0.620286 0.444132
vt 0.660651 0.465708
vt 0.707102 0.034337
vt 0.750000 0.016520
vt 0.704450 0.021006
vt 0.905484 0.405484
vt 0.879715 0.444132
vt 0.915096 0.415095
vt 0.665853 0.453150
vt 0.660651 0.465708
vt 0.665852 0.046850
vt 0.707102 0.034337
vt 0.704450 0.021006
vt 0.660651 0.034292
vt 0.932830 0.372163
vt 0.905484 0.405484
vt 0.915095 0.415095
vt 0.944132 0.379715
vt 0.627837 0.067170
vt 0.665852 0.046850
vt 0.620285 0.055868
vt 0.953150 0.334147
vt 0.932830 0.372163
vt 0.965708 0.339349
vt 0.594516 0.094516
vt 0.620285 0.055868
vt 0.584904 0.084905
vt 0.965662 0.292898
vt 0.953150 0.334147
vt 0.984419 0.167938
vt 0.962376 0.167961
vt 0.984568 0.210843
vt 0.984678 0.223070
vt 0.962636 0.223093
vt 0.962526 0.210867
vt 0.984785 0.000000
vt 0.984644 0.010425
vt 0.962602 0.010427
vt 0.962743 0.000001
vt 0.984533 0.022700
vt 0.962491 0.022701
vt 0.984457 0.036352
vt 0.962415 0.036353
vt 0.984418 0.050856
vt 0.962376 0.050858
vt 0.984418 0.065656
vt 0.962376 0.065658
vt 0.984457 0.080183
vt 0.962415 0.080184
vt 0.984533 0.093878
vt 0.962491 0.093879
vt 0.984644 0.106214
vt 0.962602 0.106215
vt 0.984785 0.116719
vt 0.962743 0.116720
vt 0.731480 0.883962
vt 0.731360 0.895542
vt 0.709318 0.895537
vt 0.709437 0.883958
vt 0.731271 0.908697
vt 0.709229 0.908693
vt 0.731217 0.922922
vt 0.709174 0.922918
vt 0.731198 0.937671
vt 0.709156 0.937667
vt 0.731217 0.952376
vt 0.709174 0.952372
vt 0.731271 0.966473
vt 0.709229 0.966469
vt 0.731360 0.979420
vt 0.709318 0.979416
vt 0.731480 0.990719
vt 0.709437 0.990715
vt 0.963952 0.900942
vt 0.963860 0.913271
vt 0.941817 0.913270
vt 0.941909 0.900941
vt 0.963796 0.926960
vt 0.941754 0.926959
vt 0.963764 0.941484
vt 0.941722 0.941483
vt 0.596349 0.247081
vt 0.596349 0.262303
vt 0.591929 0.262745
vt 0.591929 0.246640
vt 0.963860 0.984448
vt 0.941817 0.984448
vt 0.963952 0.996731
vt 0.941909 0.996730
vt 0.984678 0.116720
vt 0.984568 0.127285
vt 0.962526 0.127308
vt 0.962636 0.116744
vt 0.984486 0.139668
vt 0.962444 0.139692
vt 0.984436 0.153395
vt 0.962393 0.153419
vt 0.941407 0.853955
vt 0.907501 0.853948
vt 0.694690 0.180387
vt 0.679981 0.177418
vt 0.680416 0.172932
vt 0.695979 0.176074
vt 0.908755 0.453561
vt 0.908659 0.442899
vt 0.946219 0.442898
vt 0.946315 0.453559
vt 0.731620 0.303952
vt 0.739952 0.291296
vt 0.743868 0.293421
vt 0.735053 0.306812
vt 0.599274 0.232152
vt 0.595025 0.230844
vt 0.721015 0.314716
vt 0.723833 0.318200
vt 0.605014 0.218089
vt 0.601097 0.215964
vt 0.708546 0.323173
vt 0.710639 0.327148
vt 0.613346 0.205432
vt 0.609913 0.202573
vt 0.694690 0.328998
vt 0.695979 0.333311
vt 0.664984 0.177418
vt 0.664549 0.172932
vt 0.623950 0.194669
vt 0.621133 0.191185
vt 0.679981 0.331967
vt 0.680416 0.336453
vt 0.708546 0.186212
vt 0.710639 0.182237
vt 0.636420 0.186212
vt 0.634326 0.182237
vt 0.664984 0.331967
vt 0.664549 0.336453
vt 0.721015 0.194669
vt 0.723832 0.191185
vt 0.650275 0.180387
vt 0.648986 0.176074
vt 0.650275 0.328998
vt 0.648986 0.333311
vt 0.731620 0.205433
vt 0.735053 0.202573
vt 0.636420 0.323173
vt 0.634326 0.327148
vt 0.739952 0.218089
vt 0.743868 0.215964
vt 0.623950 0.314716
vt 0.621133 0.318200
vt 0.745691 0.232152
vt 0.749941 0.230844
vt 0.613345 0.303952
vt 0.609913 0.306812
vt 0.748617 0.247081
vt 0.753036 0.246640
vt 0.605014 0.291296
vt 0.601097 0.293421
vt 0.748617 0.262303
vt 0.753036 0.262745
vt 0.599274 0.277233
vt 0.595025 0.278541
vt 0.745691 0.277233
vt 0.749941 0.278541
vt 0.907501 0.950344
vt 0.907501 0.937554
vt 0.911077 0.937917
vt 0.911077 0.949991
vt 0.885106 0.385106
vt 0.908867 0.356152
vt 0.676882 0.426524
vt 0.712725 0.437397
vt 0.909959 0.925010
vt 0.913398 0.926075
vt 0.856152 0.408867
vt 0.643848 0.408867
vt 0.914781 0.913194
vt 0.917950 0.914921
vt 0.823119 0.426524
vt 0.614895 0.385106
vt 0.037619 0.954209
vt 0.037576 0.941689
vt 0.041373 0.941293
vt 0.041415 0.953111
vt 0.787276 0.437397
vt 0.591133 0.356152
vt 0.037561 0.928900
vt 0.041360 0.929220
vt 0.750000 0.441068
vt 0.573476 0.323119
vt 0.037576 0.916333
vt 0.041373 0.917356
vt 0.562603 0.287276
vt 0.890607 0.970133
vt 0.885785 0.958316
vt 0.889234 0.957261
vt 0.893786 0.968415
vt 0.558932 0.250000
vt 0.883327 0.945772
vt 0.886913 0.945419
vt 0.562603 0.212725
vt 0.883327 0.932983
vt 0.886913 0.933346
vt 0.573476 0.176882
vt 0.885785 0.920439
vt 0.889234 0.921504
vt 0.591133 0.143848
vt 0.890607 0.908622
vt 0.893786 0.910349
vt 0.614894 0.114895
vt 0.836712 0.953829
vt 0.836684 0.941292
vt 0.840480 0.940924
vt 0.840506 0.952759
vt 0.643848 0.091133
vt 0.836684 0.928502
vt 0.840480 0.928850
vt 0.676881 0.073476
vt 0.836712 0.915951
vt 0.840506 0.917002
vt 0.941522 0.568363
vt 0.903961 0.568355
vt 0.037619 0.904471
vt 0.000015 0.916373
vt 0.000058 0.904511
vt 0.908537 0.433822
vt 0.946098 0.433820
vt 0.000000 0.928941
vt 0.166815 0.824527
vt 0.171478 0.813100
vt 0.178248 0.802817
vt 0.186864 0.794071
vt 0.196996 0.787200
vt 0.208253 0.782467
vt 0.220205 0.780054
vt 0.232390 0.780054
vt 0.244341 0.782467
vt 0.255599 0.787200
vt 0.265731 0.794071
vt 0.274347 0.802817
vt 0.281117 0.813100
vt 0.285780 0.824527
vt 0.288157 0.836657
vt 0.288157 0.849025
vt 0.285780 0.861155
vt 0.281117 0.872582
vt 0.274347 0.882865
vt 0.265731 0.891611
vt 0.255599 0.898482
vt 0.244341 0.903215
vt 0.232390 0.905627
vt 0.220204 0.905627
vt 0.208253 0.903215
vt 0.196996 0.898482
vt 0.186864 0.891610
vt 0.178248 0.882865
vt 0.171478 0.872581
vt 0.166815 0.861155
vt 0.164437 0.849025
vt 0.164437 0.836657
vt 0.941749 0.534694
vt 0.941646 0.544701
vt 0.904085 0.544694
vt 0.904188 0.534687
vt 0.000015 0.941730
vt 0.941569 0.605998
vt 0.941646 0.617187
vt 0.904085 0.617179
vt 0.904008 0.605991
vt 0.941569 0.556070
vt 0.904008 0.556062
vt 0.000058 0.954249
vt 0.941749 0.626951
vt 0.904188 0.626943
vt 0.037690 0.965978
vt 0.000129 0.966018
vt 0.836846 0.893467
vt 0.836767 0.904121
vt 0.799205 0.904120
vt 0.799285 0.893465
vt 0.296314 0.857096
vt 0.296323 0.860411
vt 0.037785 0.976544
vt 0.000224 0.976584
vt 0.799150 0.915950
vt 0.908537 0.534687
vt 0.908659 0.525678
vt 0.946219 0.525676
vt 0.946098 0.534685
vt 0.799123 0.928501
vt 0.908755 0.515070
vt 0.946315 0.515068
vt 0.799123 0.941291
vt 0.908821 0.503273
vt 0.946381 0.503271
vt 0.799150 0.953827
vt 0.908855 0.490738
vt 0.946415 0.490736
vt 0.836767 0.965631
vt 0.799205 0.965630
vt 0.908855 0.477949
vt 0.946415 0.477947
vt 0.836846 0.976245
vt 0.799285 0.976244
vt 0.908821 0.465395
vt 0.946381 0.465393
vt 0.037785 0.884640
vt 0.037690 0.893769
vt 0.000129 0.893809
vt 0.000224 0.884680
vt 0.275740 0.875000
vt 0.275740 0.906250
vt 0.275740 0.906250
vt 0.255510 0.875000
vt 0.255510 0.843750
vt 0.255510 0.843750
vt 0.255510 0.875000
vt 0.275740 0.937500
vt 0.275740 0.937500
vt 0.275740 0.906250
vt 0.771764 0.322660
vt 0.771764 0.336185
vt 0.770005 0.336185
vt 0.770005 0.322660
vt 0.895533 0.130550
vt 0.895533 0.085434
vt 0.901263 0.085433
vt 0.901263 0.130550
vt 0.275740 0.966199
vt 0.275740 0.966199
vt 0.275740 0.937500
vt 0.895533 0.040317
vt 0.901263 0.040317
vt 0.768246 0.336185
vt 0.768246 0.322660
vt 0.770005 0.322660
vt 0.770005 0.336185
vt 0.275740 0.593750
vt 0.275740 0.625000
vt 0.275740 0.593750
vt 0.895533 0.002738
vt 0.901263 0.002738
vt 0.255510 0.593750
vt 0.255510 0.562500
vt 0.255510 0.593750
vt 0.255510 0.533801
vt 0.255510 0.562500
vt 0.895533 0.619291
vt 0.895533 0.581712
vt 0.901263 0.581712
vt 0.901263 0.619290
vt 0.962376 0.225584
vt 0.956075 0.225577
vt 0.956075 0.315811
vt 0.949753 0.315812
vt 0.962376 0.270699
vt 0.956075 0.270692
vt 0.956075 0.270696
vt 0.949753 0.270696
vt 0.962376 0.315814
vt 0.956075 0.315807
vt 0.758170 0.476498
vt 0.758170 0.497389
vt 0.751847 0.497389
vt 0.751847 0.476498
vt 0.956075 0.225580
vt 0.949753 0.225580
vt 0.764493 0.476498
vt 0.764493 0.497389
vt 0.962376 0.360930
vt 0.956075 0.360923
vt 0.956075 0.180464
vt 0.949753 0.180464
vt 0.962376 0.406045
vt 0.956075 0.406038
vt 0.956075 0.135348
vt 0.949753 0.135348
vt 0.962376 0.451160
vt 0.956075 0.451154
vt 0.956075 0.090232
vt 0.949753 0.090233
vt 0.281250 0.937500
vt 0.281250 0.968750
vt 0.281250 0.906250
vt 0.281250 0.875000
vt 0.275740 0.843750
vt 0.281250 0.843750
vt 0.275740 0.812500
vt 0.281250 0.812500
vt 0.275740 0.781250
vt 0.281250 0.781250
vt 0.275740 0.750000
vt 0.281250 0.750000
vt 0.275740 0.718750
vt 0.281250 0.718750
vt 0.275740 0.687500
vt 0.281250 0.687500
vt 0.275740 0.656250
vt 0.281250 0.656250
vt 0.281250 0.625000
vt 0.281250 0.593750
vt 0.275740 0.562500
vt 0.281250 0.562500
vt 0.275740 0.533801
vt 0.281250 0.531250
vt 0.255510 0.937500
vt 0.255510 0.966199
vt 0.250000 0.968750
vt 0.250000 0.937500
vt 0.255510 0.906250
vt 0.250000 0.906250
vt 0.250000 0.875000
vt 0.250000 0.843750
vt 0.255510 0.812500
vt 0.250000 0.812500
vt 0.255510 0.781250
vt 0.250000 0.781250
vt 0.255510 0.750000
vt 0.250000 0.750000
vt 0.255510 0.718750
vt 0.250000 0.718750
vt 0.255510 0.687500
vt 0.250000 0.687500
vt 0.255510 0.656250
vt 0.250000 0.656250
vt 0.255510 0.625000
vt 0.250000 0.625000
vt 0.250000 0.593750
vt 0.250000 0.562500
vt 0.250000 0.531250
vt 0.895533 0.536596
vt 0.901263 0.536595
vt 0.275740 0.562500
vt 0.275740 0.533801
vt 0.255510 0.593750
vt 0.255510 0.625000
vt 0.275740 0.656250
vt 0.275740 0.625000
vt 0.275740 0.687500
vt 0.275740 0.656250
vt 0.275740 0.718750
vt 0.275740 0.750000
vt 0.275740 0.718750
vt 0.275740 0.781250
vt 0.275740 0.750000
vt 0.275740 0.812500
vt 0.275740 0.781250
vt 0.275740 0.843750
vt 0.275740 0.812500
vt 0.275740 0.875000
vt 0.275740 0.843750
vt 0.255510 0.906250
vt 0.255510 0.937500
vt 0.255510 0.937500
vt 0.255510 0.966199
vt 0.255510 0.812500
vt 0.895533 0.175666
vt 0.901263 0.175666
vt 0.255510 0.781250
vt 0.255510 0.812500
vt 0.895533 0.220782
vt 0.901263 0.220782
vt 0.255510 0.750000
vt 0.255510 0.781250
vt 0.895533 0.265898
vt 0.901263 0.265898
vt 0.255510 0.718750
vt 0.255510 0.750000
vt 0.895533 0.311015
vt 0.901263 0.311014
vt 0.255510 0.687500
vt 0.255510 0.718750
vt 0.895533 0.356131
vt 0.901263 0.356131
vt 0.255510 0.656250
vt 0.895533 0.401247
vt 0.901263 0.401247
vt 0.255510 0.656250
vt 0.895533 0.446363
vt 0.901263 0.446363
vt 0.895533 0.491479
vt 0.901263 0.491479
vt 0.269975 0.963529
vt 0.269975 0.937500
vt 0.274896 0.965808
vt 0.889529 0.264676
vt 0.889529 0.224372
vt 0.892298 0.224361
vt 0.892298 0.265793
vt 0.269975 0.906250
vt 0.269975 0.875000
vt 0.269975 0.843750
vt 0.269975 0.843750
vt 0.269975 0.812500
vt 0.269975 0.781250
vt 0.269975 0.750000
vt 0.269975 0.718750
vt 0.269975 0.687500
vt 0.269975 0.656250
vt 0.269975 0.625000
vt 0.269975 0.593750
vt 0.269975 0.593750
vt 0.269975 0.562500
vt 0.275740 0.562500
vt 0.275740 0.593750
vt 0.269975 0.536471
vt 0.274896 0.534192
vt 0.889527 0.214376
vt 0.889527 0.174072
vt 0.892295 0.172932
vt 0.892295 0.214364
vt 0.892520 0.336453
vt 0.892520 0.377886
vt 0.889824 0.377873
vt 0.889824 0.337569
vt 0.256354 0.965808
vt 0.261275 0.937500
vt 0.261275 0.963529
vt 0.261275 0.906250
vt 0.261275 0.937500
vt 0.261275 0.875000
vt 0.261275 0.906250
vt 0.261275 0.843750
vt 0.261275 0.875000
vt 0.261275 0.812500
vt 0.261275 0.843750
vt 0.261275 0.781250
vt 0.261275 0.812500
vt 0.261275 0.750000
vt 0.261275 0.718750
vt 0.261275 0.687500
vt 0.261275 0.656250
vt 0.261275 0.625000
vt 0.261275 0.656250
vt 0.261275 0.593750
vt 0.261275 0.625000
vt 0.261275 0.562500
vt 0.261275 0.593750
vt 0.892225 0.265806
vt 0.892225 0.307239
vt 0.889529 0.306097
vt 0.889529 0.265793
vt 0.256354 0.534192
vt 0.261275 0.536471
vt 0.903945 0.622003
vt 0.892845 0.622003
vt 0.753036 0.329805
vt 0.753036 0.318538
vt 0.755724 0.317409
vt 0.755724 0.330934
vt 0.755724 0.330934
vt 0.758411 0.318538
vt 0.758411 0.329805
vt 0.892844 0.000000
vt 0.903945 0.000000
vt 0.547315 0.025139
vt 0.547315 0.020031
vt 0.543973 0.020023
vt 0.543973 0.701874
vt 0.547315 0.701882
vt 0.543973 0.025131
vt 0.506542 0.025132
vt 0.506542 0.020025
vt 0.503204 0.020032
vt 0.503204 0.701883
vt 0.506542 0.701875
vt 0.503204 0.025140
vt 0.547315 0.696774
vt 0.543973 0.696767
vt 0.506542 0.696768
vt 0.503204 0.696775
vt 0.877110 0.322518
vt 0.885262 0.322503
vt 0.893318 0.992460
vt 0.885165 0.992476
vt 0.787502 0.000069
vt 0.787229 0.005163
vt 0.779272 0.005094
vt 0.779545 0.000000
vt 0.654515 0.992872
vt 0.654791 0.997966
vt 0.646745 0.998044
vt 0.646469 0.992950
vt 0.751336 0.674958
vt 0.743379 0.674888
vt 0.639729 0.317777
vt 0.640005 0.322870
vt 0.618215 0.323081
vt 0.617939 0.317987
vt 0.609893 0.000290
vt 0.609615 0.005384
vt 0.587686 0.005172
vt 0.587964 0.000078
vt 0.991866 0.159966
vt 0.983541 0.159966
vt 0.983541 0.150775
vt 0.979775 0.384148
vt 0.988101 0.384148
vt 0.988101 0.393339
vt 0.979775 0.393339
vt 0.982589 0.179151
vt 0.990915 0.179151
vt 0.990915 0.188342
vt 0.982589 0.188342
vt 0.974264 0.179151
vt 0.974264 0.188342
vt 0.676305 0.992662
vt 0.676581 0.997755
vt 0.809050 0.000257
vt 0.808777 0.005351
vt 0.974264 0.188342
vt 0.965938 0.188342
vt 0.965938 0.179151
vt 0.772884 0.675145
vt 0.772611 0.680239
vt 0.751063 0.680051
vt 0.973908 0.396733
vt 0.982234 0.396733
vt 0.982234 0.405924
vt 0.973908 0.405924
vt 0.877048 0.317423
vt 0.885201 0.317408
vt 0.901614 0.675068
vt 0.901557 0.680163
vt 0.893379 0.680149
vt 0.893436 0.675054
vt 0.909123 0.000014
vt 0.909066 0.005109
vt 0.900888 0.005095
vt 0.900945 0.000000
vt 0.885226 0.997571
vt 0.893379 0.997555
vt 0.743106 0.679982
vt 0.982234 0.409318
vt 0.973908 0.409318
vt 0.676857 0.323092
vt 0.676581 0.317999
vt 0.882223 0.200811
vt 0.888247 0.200799
vt 0.542757 0.679976
vt 0.543035 0.674882
vt 0.713354 0.997978
vt 0.713079 0.992885
vt 0.610169 0.323158
vt 0.609893 0.318065
vt 0.579588 0.005094
vt 0.579866 0.000000
vt 0.988101 0.396733
vt 0.979775 0.396733
vt 0.904295 0.796770
vt 0.898253 0.796760
vt 0.932470 0.000002
vt 0.940602 0.000000
vt 0.940602 0.669966
vt 0.932470 0.669967
vt 0.932470 0.669967
vt 0.924274 0.669966
vt 0.924274 0.000000
vt 0.932470 0.000001
vt 0.079821 0.751282
vt 0.079821 0.759619
vt 0.082221 0.759619
vt 0.082221 0.074559
vt 0.079821 0.074559
vt 0.082221 0.751283
vt 0.227072 0.026739
vt 0.227072 0.018403
vt 0.224687 0.018406
vt 0.224687 0.703473
vt 0.227072 0.703470
vt 0.224687 0.026743
vt 0.398770 0.026752
vt 0.398770 0.018415
vt 0.396411 0.018410
vt 0.396411 0.703485
vt 0.398770 0.703491
vt 0.396411 0.026747
vt 0.079821 0.082895
vt 0.082221 0.082896
vt 0.227072 0.695133
vt 0.224687 0.695137
vt 0.398770 0.695154
vt 0.396411 0.695149
vt 0.915036 0.675059
vt 0.909237 0.675044
vt 0.918360 0.008316
vt 0.924160 0.008331
vt 0.921099 0.798261
vt 0.915018 0.798245
vt 0.909123 0.683360
vt 0.914923 0.683375
vt 0.097891 0.316776
vt 0.098373 0.325090
vt 0.093389 0.325140
vt 0.092907 0.316826
vt 0.280678 0.674938
vt 0.275766 0.674891
vt 0.311797 0.008314
vt 0.316708 0.008360
vt 0.957931 0.396671
vt 0.963798 0.398738
vt 0.957931 0.398738
vt 0.005470 0.674911
vt 0.004989 0.683224
vt 0.000000 0.683175
vt 0.000481 0.674861
vt 0.965938 0.158790
vt 0.971806 0.158790
vt 0.971806 0.178825
vt 0.965938 0.178825
vt 0.185303 0.991152
vt 0.185784 0.999466
vt 0.137471 0.999950
vt 0.136989 0.991637
vt 0.971806 0.138754
vt 0.542311 0.991047
vt 0.542757 0.999361
vt 0.495520 0.999805
vt 0.495075 0.991491
vt 0.364769 0.000496
vt 0.364320 0.008810
vt 0.317158 0.000046
vt 0.977673 0.118719
vt 0.983541 0.118719
vt 0.983541 0.138754
vt 0.977673 0.138754
vt 0.053830 0.675392
vt 0.053348 0.683705
vt 0.957931 0.376635
vt 0.973908 0.376698
vt 0.979775 0.376698
vt 0.146205 0.316292
vt 0.146687 0.324605
vt 0.971806 0.158790
vt 0.977673 0.178825
vt 0.971806 0.178825
vt 0.971806 0.118719
vt 0.328289 0.675387
vt 0.327840 0.683701
vt 0.280228 0.683252
vt 0.274865 0.991050
vt 0.275317 0.999364
vt 0.227813 0.999814
vt 0.227361 0.991500
vt 0.977673 0.158790
vt 0.983541 0.178825
vt 0.977673 0.178825
vt 0.092907 0.000531
vt 0.092426 0.008844
vt 0.044066 0.008363
vt 0.044547 0.000050
vt 0.238189 0.316160
vt 0.238641 0.324474
vt 0.191137 0.324924
vt 0.190685 0.316610
vt 0.454041 0.000495
vt 0.453590 0.008809
vt 0.406231 0.008360
vt 0.406682 0.000046
vt 0.809588 0.324432
vt 0.809050 0.316119
vt 0.814914 0.316054
vt 0.815452 0.324367
vt 0.859247 0.324255
vt 0.859098 0.315940
vt 0.864845 0.315924
vt 0.864993 0.324240
vt 0.871302 0.999292
vt 0.871153 0.990976
vt 0.876899 0.990961
vt 0.877048 0.999277
vt 0.924274 0.000015
vt 0.918474 0.000000
vt 0.853234 0.999250
vt 0.852696 0.990937
vt 0.858561 0.990872
vt 0.859098 0.999185
vt 0.275317 0.683205
vt 0.222913 0.999861
vt 0.222461 0.991547
vt 0.039077 0.008314
vt 0.039559 0.000000
vt 0.186236 0.324971
vt 0.185784 0.316657
vt 0.401346 0.008314
vt 0.401796 0.000000
vt 0.965938 0.116652
vt 0.971806 0.116652
vt 0.364769 0.683205
vt 0.365220 0.674891
vt 0.969666 0.398738
vt 0.963798 0.398738
vt 0.853045 0.200672
vt 0.859098 0.200606
vt 0.454486 0.324957
vt 0.454041 0.316643
vt 0.867051 0.200852
vt 0.873075 0.200835
vt 0.132487 1.000000
vt 0.132005 0.991686
vt 0.490648 0.999851
vt 0.490202 0.991537
vt 0.312246 0.000000
vt 0.946469 0.000002
vt 0.952232 0.000000
vt 0.952232 0.666739
vt 0.946469 0.666741
vt 0.940602 0.000000
vt 0.946469 0.000000
vt 0.946469 0.666745
vt 0.940602 0.666745
vt 0.957931 0.666739
vt 0.952232 0.666742
vt 0.952232 0.000003
vt 0.957931 0.000000
vt 0.845638 0.552080
vt 0.837668 0.034554
vt 0.498218 0.812335
vt 0.829235 0.282858
vt 0.829235 0.290877
vt 0.837668 0.026535
vt 0.853538 0.552080
vt 0.498218 0.804316
vt 0.636292 0.193197
vt 0.636725 0.201194
vt 0.630087 0.201258
vt 0.629653 0.193261
vt 0.054152 0.798807
vt 0.047513 0.798743
vt 0.503030 0.193183
vt 0.503459 0.201180
vt 0.496857 0.201242
vt 0.496429 0.193245
vt 0.325127 0.798674
vt 0.318473 0.798611
vt 0.414320 0.798672
vt 0.413886 0.806669
vt 0.407268 0.806606
vt 0.407701 0.798609
vt 0.995901 0.336450
vt 0.989750 0.336450
vt 0.080089 0.799055
vt 0.079626 0.807052
vt 0.053689 0.806803
vt 0.260992 0.192944
vt 0.261427 0.200941
vt 0.235486 0.201187
vt 0.235052 0.193190
vt 0.989750 0.358332
vt 0.995901 0.358332
vt 0.995901 0.369272
vt 0.989750 0.369272
vt 0.729188 0.192924
vt 0.729621 0.200920
vt 0.703756 0.201150
vt 0.703324 0.193153
vt 0.351126 0.798919
vt 0.350694 0.806916
vt 0.324695 0.806671
vt 0.995901 0.347391
vt 0.989750 0.347391
vt 0.795234 0.797037
vt 0.794805 0.805034
vt 0.769156 0.804811
vt 0.769584 0.796814
vt 0.440181 0.798917
vt 0.439748 0.806914
vt 0.994252 0.384148
vt 0.994252 0.395089
vt 0.988101 0.395089
vt 0.528824 0.192940
vt 0.529253 0.200937
vt 0.996518 0.407674
vt 0.990367 0.407674
vt 0.990367 0.396733
vt 0.996518 0.396733
vt 0.662230 0.192946
vt 0.662663 0.200943
vt 0.997826 0.129659
vt 0.991674 0.118719
vt 0.997826 0.118719
vt 0.920989 0.806260
vt 0.914909 0.806244
vt 0.904206 0.804769
vt 0.898164 0.804759
vt 0.852527 0.192676
vt 0.858581 0.192610
vt 0.882127 0.192812
vt 0.888151 0.192800
vt 0.866908 0.192853
vt 0.872932 0.192837
vt 0.763020 0.796757
vt 0.833732 0.004576
vt 0.841737 0.004489
vt 0.563010 0.804780
vt 0.563446 0.796783
vt 0.869083 0.004512
vt 0.877048 0.004490
vt 0.139697 0.201256
vt 0.139233 0.193260
vt 0.909123 0.993078
vt 0.901134 0.993064
vt 0.047050 0.806740
vt 0.228847 0.201250
vt 0.228413 0.193253
vt 0.885414 0.004505
vt 0.893379 0.004490
vt 0.697137 0.201209
vt 0.696704 0.193212
vt 0.318041 0.806608
vt 0.924273 0.994477
vt 0.916234 0.994456
vt 0.762591 0.804754
vt 0.988212 0.000092
vt 0.994250 0.000000
vt 0.994250 0.114944
vt 0.988491 0.115031
vt 0.988212 0.117175
vt 0.982264 0.116735
vt 0.982437 0.000000
vt 0.988212 0.000428
vt 0.995719 0.303629
vt 0.989750 0.303520
vt 0.990025 0.188342
vt 0.995719 0.188445
vt 0.968078 0.000030
vt 0.974134 0.000000
vt 0.974134 0.116612
vt 0.982264 0.116669
vt 0.976257 0.116631
vt 0.982264 0.000052
vt 0.300758 0.860410
vt 0.968413 0.391849
vt 0.642428 0.964854
vt 0.642421 0.932355
vt 0.636377 0.938748
vt 0.968418 0.292470
vt 0.972853 0.292471
vt 0.010000 0.250000
vt 0.972849 0.289115
vt 0.250000 0.010000
vt 0.642428 0.929040
vt 0.968414 0.289114
vt 0.300749 0.857095
vt 0.968417 0.388530
vt 0.067574 0.995254
vt 0.971932 0.401273
vt 0.963798 0.401273
vt 0.971932 0.398738
vt 0.166078 0.000187
vt 0.166338 0.004677
vt 0.160290 0.004735
vt 0.160030 0.000246
vt 0.991674 0.121254
vt 0.983541 0.121254
vt 0.723594 0.000171
vt 0.723837 0.004660
vt 0.717844 0.004714
vt 0.717602 0.000224
vt 0.609893 0.993555
vt 0.609648 0.998045
vt 0.590201 0.997857
vt 0.590446 0.993368
vt 0.999808 0.148240
vt 0.991674 0.148240
vt 0.991674 0.140090
vt 0.999808 0.140090
vt 0.454041 0.995369
vt 0.453798 0.999858
vt 0.434531 0.999676
vt 0.434775 0.995186
vt 0.676338 0.000000
vt 0.676581 0.004489
vt 0.657258 0.004676
vt 0.657014 0.000187
vt 0.990915 0.179151
vt 0.999048 0.179151
vt 0.999048 0.187301
vt 0.990915 0.187301
vt 0.542516 0.000000
vt 0.542757 0.004489
vt 0.523540 0.004670
vt 0.523300 0.000181
vt 0.809050 0.993471
vt 0.808809 0.997960
vt 0.789701 0.997794
vt 0.789941 0.993305
vt 0.983541 0.140090
vt 0.991674 0.148240
vt 0.983541 0.148240
vt 0.742863 0.000000
vt 0.743106 0.004489
vt 0.991674 0.129404
vt 0.983541 0.129404
vt 0.185524 0.000000
vt 0.185784 0.004489
vt 0.971932 0.409423
vt 0.963798 0.409423
vt 1.000000 0.168117
vt 0.991866 0.168117
vt 1.000000 0.159966
vt 0.364769 0.995370
vt 0.364526 0.999859
vt 0.345157 0.999676
vt 0.345400 0.995187
vt 0.983541 0.131939
vt 0.991674 0.131939
vt 0.909073 0.997568
vt 0.901084 0.997554
vt 0.885360 0.000015
vt 0.893325 0.000000
vt 0.924212 0.998968
vt 0.916172 0.998946
vt 0.833442 0.000087
vt 0.841446 0.000000
vt 0.869002 0.000021
vt 0.876968 0.000000
vt 0.339134 0.999619
vt 0.339376 0.995130
vt 0.983541 0.129404
vt 0.428783 0.995129
vt 0.249982 0.004729
vt 0.249738 0.000240
vt 0.584398 0.993309
vt 0.067314 0.999743
vt 0.584153 0.997798
vt 0.783998 0.993253
vt 0.428539 0.999619
vt 0.651248 0.004734
vt 0.651005 0.000245
vt 0.517564 0.004726
vt 0.517324 0.000237
vt 0.783758 0.997742
vt 0.991674 0.150775
vt 0.983541 0.150775
vt 0.973908 0.188342
vt 0.981852 0.188382
vt 0.981852 0.376698
vt 0.975844 0.376667
vt 0.973908 0.376563
vt 0.965920 0.376602
vt 0.967867 0.188371
vt 0.965920 0.376598
vt 0.959878 0.188370
vt 0.965920 0.188342
vt 0.965938 0.188310
vt 0.957931 0.188342
vt 0.959883 0.000024
vt 0.965938 0.000000
vt 0.989750 0.376747
vt 0.981852 0.376690
vt 0.983777 0.188342
vt 0.989750 0.188385
vt 0.884009 0.562500
vt 0.834741 0.750000
vt 0.790259 0.750000
vt 0.740991 0.964417
vt 0.740991 0.937500
vt 0.740991 0.910583
vt 0.696509 0.937500
vt 0.696509 0.964417
vt 0.696509 0.910583
vt 0.647241 0.776917
vt 0.647241 0.750000
vt 0.647241 0.723084
vt 0.602759 0.750000
vt 0.602759 0.776917
vt 0.602759 0.723083
vt 0.165259 0.937500
vt 0.115991 0.750000
vt 0.071509 0.750000
vt 0.071509 0.776917
vt 0.071509 0.723084
vt 0.022241 0.870667
vt 0.022241 0.843750
vt 0.022241 0.816834
vt 0.000000 0.816833
vt 0.000000 0.870667
vt 0.531250 0.535583
vt 0.531250 0.589417
vt 0.625000 0.723084
vt 0.625000 0.776917
vt 0.718750 0.910583
vt 0.718750 0.964417
vt 0.093750 0.750000
vt 0.718750 0.937500
vt 0.625000 0.750000
vt 0.187500 0.937500
vt 0.000000 0.843750
vt 0.531250 0.562500
vt 0.343750 0.937500
vt 0.812500 0.750000
vt 0.906250 0.562500
vt 0.437500 0.750000
vt 1.000000 0.843750
vt 0.310679 0.789831
vt 0.310588 0.803376
vt 0.309782 0.803375
vt 0.309873 0.789831
vt 0.841286 0.928850
vt 0.841286 0.940924
vt 0.869683 0.130317
vt 0.890732 0.155966
vt 0.905424 0.146149
vt 0.882177 0.117823
vt 0.841312 0.917002
vt 0.945367 0.604551
vt 0.945323 0.593051
vt 0.946128 0.593051
vt 0.946173 0.604551
vt 0.906374 0.185228
vt 0.922698 0.178466
vt 0.905424 0.146149
vt 0.840558 0.905834
vt 0.841364 0.905834
vt 0.916005 0.216980
vt 0.933335 0.213532
vt 0.840633 0.895776
vt 0.841439 0.895776
vt 0.945323 0.569023
vt 0.945367 0.557418
vt 0.946173 0.557418
vt 0.946128 0.569023
vt 0.916005 0.216980
vt 0.919258 0.250000
vt 0.936927 0.250000
vt 0.933335 0.213532
vt 0.945537 0.624330
vt 0.945440 0.615113
vt 0.946245 0.615113
vt 0.946343 0.624330
vt 0.945440 0.546686
vt 0.946245 0.546686
vt 0.919257 0.250000
vt 0.916005 0.283020
vt 0.933334 0.286467
vt 0.936927 0.250000
vt 0.945537 0.537239
vt 0.946343 0.537239
vt 0.906374 0.314772
vt 0.922698 0.321534
vt 0.945308 0.581054
vt 0.946113 0.581054
vt 0.904751 0.436637
vt 0.904866 0.445206
vt 0.904060 0.445206
vt 0.903945 0.436637
vt 0.890732 0.344034
vt 0.905424 0.353851
vt 0.750000 0.419257
vt 0.716980 0.416005
vt 0.713533 0.433335
vt 0.750000 0.436927
vt 0.904956 0.455271
vt 0.904151 0.455271
vt 0.890733 0.344034
vt 0.869683 0.369683
vt 0.882177 0.382177
vt 0.905424 0.353851
vt 0.716980 0.416005
vt 0.685228 0.406373
vt 0.678467 0.422698
vt 0.713533 0.433335
vt 0.905018 0.466443
vt 0.904213 0.466443
vt 0.844035 0.390732
vt 0.853851 0.405424
vt 0.655966 0.390732
vt 0.646149 0.405424
vt 0.905050 0.478293
vt 0.904245 0.478293
vt 0.814772 0.406374
vt 0.821534 0.422698
vt 0.630317 0.369683
vt 0.617823 0.382177
vt 0.646149 0.405424
vt 0.905050 0.490367
vt 0.904245 0.490367
vt 0.926524 0.323119
vt 0.909959 0.962888
vt 0.913398 0.961832
vt 0.937396 0.287275
vt 0.914781 0.974704
vt 0.917950 0.972987
vt 0.941068 0.250000
vt 0.905018 0.502199
vt 0.937397 0.212725
vt 0.926524 0.176881
vt 0.908867 0.143848
vt 0.896244 0.920439
vt 0.901067 0.908622
vt 0.904236 0.910339
vt 0.899684 0.921494
vt 0.885105 0.114894
vt 0.893786 0.932983
vt 0.897363 0.933336
vt 0.856152 0.091133
vt 0.893786 0.945772
vt 0.897363 0.945409
vt 0.823119 0.073476
vt 0.896244 0.958316
vt 0.899684 0.957251
vt 0.883309 0.749748
vt 0.886967 0.737509
vt 0.890297 0.738903
vt 0.886844 0.750456
vt 0.787275 0.062603
vt 0.901067 0.970133
vt 0.904236 0.968406
vt 0.882074 0.762476
vt 0.885678 0.762472
vt 0.750000 0.058932
vt 0.883309 0.775204
vt 0.886844 0.774487
vt 0.712725 0.062603
vt 0.886967 0.787443
vt 0.890297 0.786041
vt 0.309157 0.830643
vt 0.308352 0.830643
vt 0.309311 0.874819
vt 0.309425 0.887407
vt 0.308619 0.887408
vt 0.308506 0.874819
vt 0.308352 0.777908
vt 0.308207 0.788642
vt 0.307401 0.788642
vt 0.307546 0.777908
vt 0.308093 0.801280
vt 0.307287 0.801280
vt 0.308014 0.815337
vt 0.307209 0.815337
vt 0.307974 0.830271
vt 0.307168 0.830271
vt 0.307974 0.845509
vt 0.307168 0.845509
vt 0.308014 0.860466
vt 0.307209 0.860466
vt 0.308093 0.874566
vt 0.307287 0.874566
vt 0.308207 0.887268
vt 0.307401 0.887268
vt 0.308352 0.898084
vt 0.307546 0.898084
vt 0.844034 0.109268
vt 0.882177 0.117823
vt 0.853851 0.094576
vt 0.310802 0.777908
vt 0.309996 0.777908
vt 0.310531 0.818022
vt 0.309726 0.818022
vt 0.310512 0.833208
vt 0.309707 0.833208
vt 0.310531 0.848349
vt 0.309726 0.848348
vt 0.310588 0.862863
vt 0.309782 0.862863
vt 0.310679 0.876193
vt 0.309873 0.876193
vt 0.310802 0.887827
vt 0.309996 0.887827
vt 0.591920 0.777774
vt 0.591826 0.790468
vt 0.591020 0.790468
vt 0.591115 0.777774
vt 0.591760 0.804563
vt 0.590955 0.804563
vt 0.591727 0.819517
vt 0.590922 0.819517
vt 0.591727 0.834755
vt 0.590922 0.834755
vt 0.591760 0.849692
vt 0.590955 0.849692
vt 0.591826 0.863754
vt 0.591020 0.863754
vt 0.591920 0.876400
vt 0.591115 0.876400
vt 0.309425 0.777908
vt 0.309311 0.788786
vt 0.308506 0.788786
vt 0.308619 0.777909
vt 0.309227 0.801536
vt 0.308421 0.801537
vt 0.309175 0.815669
vt 0.308369 0.815670
vt 0.841312 0.952759
vt 0.814772 0.093627
vt 0.844034 0.109268
vt 0.821534 0.077302
vt 0.840558 0.963900
vt 0.841364 0.963900
vt 0.783021 0.083995
vt 0.814772 0.093627
vt 0.821534 0.077302
vt 0.786468 0.066665
vt 0.840633 0.973920
vt 0.841439 0.973920
vt 0.750000 0.080743
vt 0.786468 0.066665
vt 0.750000 0.063073
vt 0.041481 0.896055
vt 0.041571 0.887437
vt 0.042377 0.887436
vt 0.042287 0.896055
vt 0.716979 0.083995
vt 0.750000 0.080743
vt 0.750000 0.063073
vt 0.713533 0.066665
vt 0.041415 0.906158
vt 0.042220 0.906157
vt 0.685228 0.093627
vt 0.713533 0.066665
vt 0.678466 0.077302
vt 0.042179 0.917355
vt 0.655965 0.109268
vt 0.646149 0.094576
vt 0.042165 0.929219
vt 0.630317 0.130317
vt 0.646149 0.094576
vt 0.617823 0.117823
vt 0.042179 0.941292
vt 0.609267 0.155966
vt 0.630317 0.130317
vt 0.594576 0.146149
vt 0.042220 0.953111
vt 0.593626 0.185228
vt 0.577302 0.178466
vt 0.041481 0.964221
vt 0.042287 0.964221
vt 0.583995 0.216980
vt 0.566665 0.213533
vt 0.041571 0.974196
vt 0.042377 0.974195
vt 0.580742 0.250000
vt 0.566665 0.213533
vt 0.563073 0.250000
vt 0.904866 0.523350
vt 0.904751 0.531855
vt 0.903945 0.531855
vt 0.904060 0.523350
vt 0.583995 0.283021
vt 0.563073 0.250000
vt 0.566665 0.286468
vt 0.904956 0.513336
vt 0.904151 0.513336
vt 0.593627 0.314772
vt 0.583995 0.283021
vt 0.566665 0.286468
vt 0.577302 0.321534
vt 0.904213 0.502199
vt 0.609268 0.344035
vt 0.593627 0.314772
vt 0.594576 0.353851
vt 0.783020 0.416005
vt 0.750000 0.419257
vt 0.786468 0.433335
vt 0.609268 0.344034
vt 0.969174 0.500000
vt 0.999576 0.500000
vt 0.937924 0.500000
vt 0.968325 0.500000
vt 0.906675 0.500000
vt 0.937076 0.500000
vt 0.875425 0.500000
vt 0.905825 0.500000
vt 0.844174 0.500000
vt 0.874575 0.500000
vt 0.812924 0.500000
vt 0.843326 0.500000
vt 0.812500 0.500000
vt 0.781675 0.500000
vt 0.812075 0.500000
vt 0.750425 0.500000
vt 0.780826 0.500000
vt 0.719175 0.500000
vt 0.749575 0.500000
vt 0.687925 0.500000
vt 0.718326 0.500000
vt 0.656675 0.500000
vt 0.687076 0.500000
vt 0.625424 0.500000
vt 0.655825 0.500000
vt 0.594175 0.500000
vt 0.624576 0.500000
vt 0.562925 0.500000
vt 0.593325 0.500000
vt 0.531675 0.500000
vt 0.562076 0.500000
vt 0.500424 0.500000
vt 0.530825 0.500000
vt 0.469174 0.500000
vt 0.499576 0.500000
vt 0.437924 0.500000
vt 0.468326 0.500000
vt 0.406674 0.500000
vt 0.437076 0.500000
vt 0.406250 0.500000
vt 0.375424 0.500000
vt 0.405826 0.500000
vt 0.344174 0.500000
vt 0.374576 0.500000
vt 0.343750 0.500000
vt 0.312924 0.500000
vt 0.343326 0.500000
vt 0.281674 0.500000
vt 0.312076 0.500000
vt 0.250424 0.500000
vt 0.280826 0.500000
vt 0.219174 0.500000
vt 0.249576 0.500000
vt 0.187924 0.500000
vt 0.218326 0.500000
vt 0.156674 0.500000
vt 0.187076 0.500000
vt 0.125424 0.500000
vt 0.155826 0.500000
vt 0.094174 0.500000
vt 0.124576 0.500000
vt 0.062924 0.500000
vt 0.093326 0.500000
vt 0.031674 0.500000
vt 0.062076 0.500000
vt 0.000424 0.500000
vt 0.030826 0.500000
vt 0.759034 0.061245
vt 0.762308 0.077950
vt 0.759780 0.078197
vt 0.756603 0.061987
vt 0.762308 0.094982
vt 0.759780 0.094724
vt 0.759034 0.111687
vt 0.756603 0.110934
vt 0.752613 0.127423
vt 0.750372 0.126203
vt 0.743290 0.141584
vt 0.741326 0.139945
vt 0.731424 0.153628
vt 0.729812 0.151631
vt 0.717471 0.163091
vt 0.716272 0.160813
vt 0.701968 0.169609
vt 0.701229 0.167138
vt 0.685509 0.172932
vt 0.685258 0.170363
vt 0.668728 0.172932
vt 0.668975 0.170363
vt 0.652270 0.169609
vt 0.653004 0.167138
vt 0.636766 0.163091
vt 0.637961 0.160814
vt 0.622813 0.153628
vt 0.624422 0.151632
vt 0.610948 0.141585
vt 0.612907 0.139945
vt 0.601625 0.127423
vt 0.603861 0.126203
vt 0.595203 0.111687
vt 0.597630 0.110934
vt 0.591929 0.094982
vt 0.594453 0.094724
vt 0.591929 0.077950
vt 0.594453 0.078197
vt 0.595203 0.061245
vt 0.597630 0.061987
vt 0.601625 0.045509
vt 0.603861 0.046718
vt 0.610948 0.031347
vt 0.612907 0.032976
vt 0.622813 0.019304
vt 0.624422 0.021289
vt 0.636766 0.009841
vt 0.637961 0.012107
vt 0.652270 0.003323
vt 0.653004 0.005783
vt 0.668728 0.000000
vt 0.668975 0.002558
vt 0.685509 0.000000
vt 0.685258 0.002558
vt 0.701968 0.003323
vt 0.701229 0.005783
vt 0.717471 0.009841
vt 0.716273 0.012107
vt 0.731424 0.019303
vt 0.729812 0.021289
vt 0.743290 0.031347
vt 0.741326 0.032976
vt 0.752613 0.045509
vt 0.750372 0.046718
vt 0.750000 0.058932
vt 0.355365 0.780385
vt 0.367519 0.777931
vt 0.367763 0.780497
vt 0.356096 0.782852
vt 0.379912 0.777931
vt 0.379658 0.780497
vt 0.392067 0.780385
vt 0.391325 0.782852
vt 0.403517 0.785199
vt 0.402315 0.787473
vt 0.413821 0.792187
vt 0.412206 0.794181
vt 0.422584 0.801082
vt 0.420617 0.802718
vt 0.429470 0.811540
vt 0.427226 0.812757
vt 0.434212 0.823162
vt 0.431778 0.823911
vt 0.436630 0.835499
vt 0.434099 0.835753
vt 0.436630 0.848077
vt 0.434099 0.847827
vt 0.434212 0.860414
vt 0.431778 0.859668
vt 0.429470 0.872035
vt 0.427226 0.870823
vt 0.422585 0.882494
vt 0.420617 0.880862
vt 0.413821 0.891389
vt 0.412206 0.889399
vt 0.403517 0.898377
vt 0.402315 0.896107
vt 0.392067 0.903191
vt 0.391325 0.900728
vt 0.379913 0.905645
vt 0.379658 0.903083
vt 0.367520 0.905645
vt 0.367763 0.903083
vt 0.355365 0.903191
vt 0.356096 0.900727
vt 0.343915 0.898377
vt 0.345106 0.896107
vt 0.333611 0.891389
vt 0.335216 0.889399
vt 0.324848 0.882494
vt 0.326804 0.880862
vt 0.317962 0.872035
vt 0.320195 0.870823
vt 0.313220 0.860414
vt 0.315643 0.859668
vt 0.310802 0.848077
vt 0.313323 0.847827
vt 0.310802 0.835498
vt 0.313323 0.835753
vt 0.313220 0.823161
vt 0.315643 0.823911
vt 0.317962 0.811540
vt 0.320195 0.812757
vt 0.324848 0.801081
vt 0.326804 0.802718
vt 0.333611 0.792187
vt 0.335216 0.794181
vt 0.343915 0.785199
vt 0.345106 0.787473
vt 0.781250 1.000000
vt 0.531250 1.000000
vt 0.468750 1.000000
vt 0.812500 1.000000
vt 0.750000 1.000000
vt 0.718750 1.000000
vt 0.406250 1.000000
vt 0.250000 1.000000
vt 0.218750 1.000000
vt 0.656250 1.000000
vt 0.968750 1.000000
vt 0.031250 1.000000
vt 0.879229 0.644178
vt 0.814923 0.644178
vt 0.679045 0.491410
vt 0.693092 0.488574
vt 0.706325 0.483011
vt 0.718234 0.474934
vt 0.741800 0.439136
vt 0.744595 0.424878
vt 0.744595 0.410341
vt 0.741800 0.396082
vt 0.718234 0.360285
vt 0.706325 0.352208
vt 0.693092 0.346645
vt 0.679045 0.343809
vt 0.637442 0.352208
vt 0.625533 0.360285
vt 0.615405 0.370564
vt 0.607448 0.382652
vt 0.599172 0.424878
vt 0.601966 0.439136
vt 0.607448 0.452567
vt 0.615405 0.464655
vt 0.625533 0.474934
vt 0.601966 0.396083
vt 0.664722 0.343809
vt 0.736319 0.382652
vt 0.728362 0.464655
vt 0.650674 0.488574
vt 0.664722 0.491410
vt 0.736319 0.452567
vt 0.728362 0.370564
vt 0.650674 0.346645
vt 0.599172 0.410341
vt 0.637442 0.483011
vt 0.602012 0.694057
vt 0.598133 0.707037
vt 0.598133 0.734033
vt 0.602012 0.747012
vt 0.829142 0.786378
vt 0.841488 0.781188
vt 0.862048 0.764061
vt 0.869472 0.752784
vt 0.777219 0.659149
vt 0.766108 0.666684
vt 0.678290 0.788395
vt 0.691078 0.784457
vt 0.721671 0.682095
vt 0.713193 0.671610
vt 0.727970 0.694057
vt 0.749235 0.752784
vt 0.756659 0.764062
vt 0.766108 0.773652
vt 0.664991 0.789724
vt 0.749235 0.687553
vt 0.744121 0.700084
vt 0.789565 0.653958
vt 0.816035 0.651312
vt 0.802672 0.651312
vt 0.962376 0.519756
vt 0.962376 0.505770
vt 0.741514 0.713386
vt 0.627119 0.663006
vt 0.616789 0.671611
vt 0.741514 0.726950
vt 0.841455 0.954217
vt 0.841439 0.940233
vt 0.616789 0.769459
vt 0.627119 0.778064
vt 0.744121 0.740253
vt 0.906250 1.000000
vt 0.750000 1.000000
vt 0.718750 1.000000
vt 0.062500 1.000000
vt 0.218750 1.000000
vt 0.468750 1.000000
vt 0.781250 1.000000
vt 0.595574 1.000000
vt 0.623176 1.000000
vt 0.623368 1.000000
vt 0.595382 1.000000
vt 0.078506 0.082473
vt 0.052235 0.114484
vt 0.052043 0.114719
vt 0.078699 0.082239
vt 0.385783 0.051755
vt 0.247195 0.010276
vt 0.205983 0.014335
vt 0.205681 0.014365
vt 0.247497 0.010247
vt 0.498205 1.000000
vt 0.345574 1.000000
vt 0.373176 1.000000
vt 0.373368 1.000000
vt 0.345382 1.000000
vt 0.470574 1.000000
vt 0.498176 1.000000
vt 0.498368 1.000000
vt 0.470382 1.000000
vt 0.417946 0.078151
vt 0.470545 1.000000
vt 0.437500 1.000000
vt 0.455950 0.864064
vt 0.455950 0.847567
vt 0.456724 0.847489
vt 0.456724 0.864140
vt 0.781852 0.476498
vt 0.781852 0.492906
vt 0.780494 0.492082
vt 0.780494 0.477316
vt 0.791234 0.476844
vt 0.791234 0.492553
vt 0.789988 0.492446
vt 0.789988 0.476498
vt 0.889529 0.257646
vt 0.886329 0.273978
vt 0.885583 0.273748
vt 0.888754 0.257568
vt 0.884847 0.290988
vt 0.884847 0.307485
vt 0.884073 0.307564
vt 0.884073 0.290912
vt 0.489724 0.247195
vt 0.485665 0.205984
vt 0.485635 0.205682
vt 0.489753 0.247497
vt 0.888018 0.323665
vt 0.887273 0.323895
vt 0.789437 0.321174
vt 0.789437 0.326557
vt 0.788351 0.326581
vt 0.788351 0.321199
vt 0.051754 0.114218
vt 0.788737 0.492773
vt 0.788736 0.498212
vt 0.787643 0.498206
vt 0.787643 0.492767
vt 0.970545 1.000000
vt 0.452044 0.794641
vt 0.452044 0.811138
vt 0.451268 0.811216
vt 0.451268 0.794564
vt 0.790700 0.498306
vt 0.790700 0.492989
vt 0.791773 0.492938
vt 0.791773 0.498255
vt 0.455214 0.778461
vt 0.454469 0.778232
vt 0.248205 1.000000
vt 0.748205 1.000000
vt 0.896526 0.754219
vt 0.896526 0.770716
vt 0.895753 0.770792
vt 0.895753 0.754141
vt 0.220574 1.000000
vt 0.248176 1.000000
vt 0.248368 1.000000
vt 0.220382 1.000000
vt 0.780494 0.476498
vt 0.780494 0.492906
vt 0.779135 0.492083
vt 0.779135 0.477317
vt 0.785049 0.170318
vt 0.785049 0.165453
vt 0.786006 0.165698
vt 0.786007 0.170563
vt 0.252760 0.490272
vt 0.203179 0.485389
vt 0.899697 0.738039
vt 0.898954 0.737809
vt 0.603504 0.539397
vt 0.598303 0.552140
vt 0.620663 0.518175
vt 0.611054 0.527928
vt 0.736652 0.855364
vt 0.736652 0.841149
vt 0.697319 0.510512
vt 0.684764 0.505233
vt 0.730978 0.552140
vt 0.725777 0.539397
vt 0.591931 0.856442
vt 0.591929 0.842228
vt 0.708618 0.626954
vt 0.718228 0.617201
vt 0.684764 0.639896
vt 0.697319 0.634618
vt 0.631962 0.634618
vt 0.644517 0.639896
vt 0.611054 0.617201
vt 0.620663 0.626954
vt 0.603504 0.605733
vt 0.671435 0.642587
vt 0.730978 0.592989
vt 0.733629 0.579461
vt 0.708618 0.518175
vt 0.631962 0.510512
vt 0.799123 0.844058
vt 0.799138 0.829893
vt 0.595652 0.565668
vt 0.644517 0.505233
vt 0.657846 0.502542
vt 0.671435 0.502542
vt 0.718228 0.527928
vt 0.733629 0.565668
vt 0.725778 0.605733
vt 0.654395 0.846479
vt 0.654395 0.832264
vt 0.657846 0.642587
vt 0.598303 0.592989
vt 0.799143 0.858183
vt 0.874423 0.451112
vt 0.864814 0.460865
vt 0.853514 0.468528
vt 0.840959 0.473807
vt 0.799123 0.841587
vt 0.799122 0.854958
vt 0.776858 0.460865
vt 0.767249 0.451112
vt 0.751847 0.413372
vt 0.751847 0.399579
vt 0.654393 0.842609
vt 0.654395 0.855979
vt 0.788157 0.344422
vt 0.800713 0.339144
vt 0.814041 0.336453
vt 0.827631 0.336453
vt 0.864813 0.352086
vt 0.874423 0.361839
vt 0.881973 0.373308
vt 0.887173 0.386051
vt 0.889824 0.399579
vt 0.840959 0.339144
vt 0.759699 0.373307
vt 0.767249 0.361839
vt 0.759699 0.439643
vt 0.827631 0.476498
vt 0.861604 0.830669
vt 0.861590 0.843994
vt 0.881973 0.439643
vt 0.814041 0.476498
vt 0.800713 0.473807
vt 0.788157 0.468528
vt 0.754498 0.426900
vt 0.754498 0.386051
vt 0.776858 0.352086
vt 0.716857 0.832674
vt 0.716857 0.846045
vt 0.853514 0.344423
vt 0.889824 0.413372
vt 0.861610 0.857280
vt 0.861121 0.456298
vt 0.869923 0.447364
vt 0.839269 0.468153
vt 0.850770 0.463318
vt 0.709155 0.918271
vt 0.709156 0.931328
vt 0.771749 0.447364
vt 0.780551 0.456298
vt 0.757640 0.400158
vt 0.757640 0.412793
vt 0.936858 0.691625
vt 0.936845 0.704636
vt 0.802402 0.344798
vt 0.790901 0.349633
vt 0.827060 0.342333
vt 0.814612 0.342333
vt 0.869923 0.365587
vt 0.861121 0.356653
vt 0.881603 0.387766
vt 0.876839 0.376093
vt 0.884031 0.400158
vt 0.839269 0.344798
vt 0.771749 0.365587
vt 0.764833 0.376093
vt 0.764833 0.436858
vt 0.827060 0.470618
vt 0.159819 0.911855
vt 0.159821 0.924911
vt 0.876839 0.436858
vt 0.814612 0.470618
vt 0.802402 0.468153
vt 0.790901 0.463318
vt 0.760069 0.425185
vt 0.936840 0.678652
vt 0.780551 0.356653
vt 0.159826 0.821399
vt 0.159826 0.834455
vt 0.850770 0.349633
vt 0.884031 0.412793
vt 0.881603 0.425185
vt 0.789639 0.913256
vt 0.794403 0.924929
vt 0.792372 0.925551
vt 0.787767 0.914267
vt 0.796832 0.937321
vt 0.796832 0.949956
vt 0.794719 0.949742
vt 0.794719 0.937529
vt 0.654395 0.930918
vt 0.654395 0.918705
vt 0.884525 0.559241
vt 0.880911 0.547150
vt 0.882993 0.546728
vt 0.886486 0.558415
vt 0.884525 0.509911
vt 0.890393 0.498768
vt 0.892159 0.499961
vt 0.886486 0.510732
vt 0.882079 0.703860
vt 0.882092 0.691689
vt 0.355230 0.952850
vt 0.355230 0.940215
vt 0.357337 0.940424
vt 0.357337 0.952637
vt 0.357658 0.927823
vt 0.362422 0.916150
vt 0.364289 0.917162
vt 0.359684 0.928445
vt 0.379526 0.916150
vt 0.384290 0.927823
vt 0.382264 0.928445
vt 0.377659 0.917162
vt 0.386719 0.940215
vt 0.386719 0.952850
vt 0.384612 0.952637
vt 0.384611 0.940424
vt 0.384290 0.965243
vt 0.382264 0.964615
vt 0.369338 0.905645
vt 0.370974 0.907007
vt 0.369338 0.987421
vt 0.362422 0.976916
vt 0.364289 0.975899
vt 0.370974 0.986053
vt 0.879691 0.534576
vt 0.881814 0.534573
vt 0.794403 0.962348
vt 0.792372 0.961721
vt 0.105058 0.924530
vt 0.105057 0.912317
vt 0.782723 0.902750
vt 0.781082 0.904112
vt 0.789639 0.974021
vt 0.787767 0.973004
vt 0.782723 0.984527
vt 0.781082 0.983159
vt 0.890393 0.570384
vt 0.892159 0.569186
vt 0.880911 0.522002
vt 0.882993 0.522419
vt 0.882074 0.679554
vt 0.357658 0.965243
vt 0.359684 0.964615
vt 0.105057 0.834017
vt 0.105057 0.821804
vt 0.372610 0.905645
vt 0.370974 0.907007
vt 0.379526 0.976916
vt 0.377659 0.975899
vt 0.372610 0.987421
vt 0.370974 0.986053
vt 0.408174 0.914728
vt 0.412293 0.924820
vt 0.410266 0.925448
vt 0.406307 0.915745
vt 0.414392 0.935534
vt 0.414392 0.946458
vt 0.412285 0.946250
vt 0.412285 0.935748
vt 0.042377 0.931433
vt 0.042377 0.920509
vt 0.420611 0.967265
vt 0.416492 0.957172
vt 0.418518 0.956550
vt 0.422478 0.966253
vt 0.416492 0.924820
vt 0.420611 0.914728
vt 0.422478 0.915745
vt 0.418518 0.925447
vt 0.736653 0.949827
vt 0.736652 0.938904
vt 0.386719 0.946458
vt 0.386719 0.935534
vt 0.388831 0.935748
vt 0.388831 0.946250
vt 0.388818 0.924820
vt 0.392937 0.914728
vt 0.394810 0.915745
vt 0.390850 0.925448
vt 0.883870 0.622668
vt 0.880746 0.612215
vt 0.882828 0.611792
vt 0.885832 0.621842
vt 0.879691 0.601343
vt 0.880746 0.590472
vt 0.882828 0.590889
vt 0.881814 0.601341
vt 0.883870 0.580018
vt 0.885832 0.580839
vt 0.398917 0.905645
vt 0.400558 0.907012
vt 0.398917 0.976348
vt 0.392937 0.967265
vt 0.394810 0.966253
vt 0.400558 0.974986
vt 0.416500 0.946250
vt 0.412293 0.957172
vt 0.410266 0.956551
vt 0.591929 0.931944
vt 0.591941 0.921058
vt 0.402194 0.905645
vt 0.408174 0.967265
vt 0.406307 0.966253
vt 0.402194 0.976348
vt 0.400558 0.974986
vt 0.426590 0.976348
vt 0.428227 0.974986
vt 0.414392 0.935534
vt 0.416500 0.935748
vt 0.426590 0.905645
vt 0.428227 0.907012
vt 0.388818 0.957172
vt 0.390850 0.956551
vt 0.310802 0.945133
vt 0.310802 0.934209
vt 0.888944 0.632302
vt 0.890709 0.631104
vt 0.888944 0.570384
vt 0.890709 0.571577
vt 0.591945 0.942799
vt 0.057702 0.778009
vt 0.067850 0.780058
vt 0.077410 0.784077
vt 0.086013 0.789911
vt 0.086813 0.920947
vt 0.086812 0.931027
vt 0.105057 0.836575
vt 0.103038 0.846876
vt 0.086013 0.872737
vt 0.077410 0.878572
vt 0.781081 0.939285
vt 0.781082 0.949365
vt 0.027647 0.878572
vt 0.019043 0.872737
vt 0.011727 0.865311
vt 0.005978 0.856578
vt 0.000000 0.826073
vt 0.002019 0.815773
vt 0.005978 0.806070
vt 0.011727 0.797337
vt 0.019044 0.789911
vt 0.002019 0.846876
vt 0.057702 0.884640
vt 0.047355 0.884640
vt 0.099078 0.856578
vt 0.093330 0.797338
vt 0.636373 0.921835
vt 0.636362 0.931880
vt 0.047355 0.778009
vt 0.099078 0.806070
vt 0.103038 0.815773
vt 0.105057 0.826073
vt 0.093330 0.865311
vt 0.067850 0.882591
vt 0.037206 0.882591
vt 0.355229 0.934619
vt 0.355230 0.944699
vt 0.000000 0.836575
vt 0.027647 0.784077
vt 0.636377 0.941896
vt 0.802672 0.789024
vt 0.816035 0.789024
vt 0.777219 0.781188
vt 0.731850 0.707037
vt 0.789566 0.786378
vt 0.086813 0.933893
vt 0.086831 0.919956
vt 0.874586 0.740253
vt 0.691078 0.656612
vt 0.678290 0.652675
vt 0.756659 0.676275
vt 0.869472 0.687552
vt 0.862048 0.676275
vt 0.608312 0.758974
vt 0.086831 0.947789
vt 0.713193 0.769459
vt 0.721671 0.758974
vt 0.702864 0.663006
vt 0.608312 0.682095
vt 0.638905 0.656612
vt 0.638905 0.784457
vt 0.651692 0.788395
vt 0.716857 0.845620
vt 0.716857 0.831635
vt 0.877193 0.726950
vt 0.852599 0.773652
vt 0.877193 0.713386
vt 0.852599 0.666684
vt 0.841488 0.659148
vt 0.727970 0.747012
vt 0.731850 0.734033
vt 0.702864 0.778064
vt 0.874586 0.700083
vt 0.651692 0.652675
vt 0.829142 0.653958
vt 0.664991 0.651345
vt 0.596823 0.720535
vt 0.744927 0.755128
vt 0.739446 0.741697
vt 0.624401 0.782187
vt 0.613329 0.772965
vt 0.882074 0.727439
vt 0.879280 0.741697
vt 0.524453 0.922198
vt 0.510545 0.922199
vt 0.802201 0.793971
vt 0.788154 0.791135
vt 0.828056 0.144435
vt 0.814149 0.144436
vt 0.736652 0.727439
vt 0.736652 0.712902
vt 0.650738 0.793260
vt 0.637032 0.789040
vt 0.855714 0.777495
vt 0.843805 0.785572
vt 0.613329 0.668090
vt 0.624400 0.658867
vt 0.865841 0.767215
vt 0.637032 0.652014
vt 0.739446 0.698643
vt 0.737352 0.578576
vt 0.737353 0.564461
vt 0.830572 0.791135
vt 0.816524 0.793971
vt 0.597491 0.692148
vt 0.604242 0.679327
vt 0.873799 0.685212
vt 0.879280 0.698643
vt 0.705584 0.658867
vt 0.716656 0.668090
vt 0.752884 0.673125
vt 0.763012 0.662845
vt 0.705584 0.782187
vt 0.692952 0.789040
vt 0.802201 0.646369
vt 0.816524 0.646369
vt 0.736652 0.734995
vt 0.732494 0.748906
vt 0.774921 0.654769
vt 0.788154 0.649205
vt 0.725742 0.761727
vt 0.716656 0.772965
vt 0.744927 0.685212
vt 0.679246 0.793260
vt 0.664992 0.794685
vt 0.763012 0.777495
vt 0.752884 0.767216
vt 0.604242 0.761727
vt 0.597491 0.748906
vt 0.830572 0.649205
vt 0.843805 0.654769
vt 0.818635 0.172952
vt 0.832454 0.172932
vt 0.855714 0.662845
vt 0.865841 0.673125
vt 0.725742 0.679327
vt 0.732494 0.692148
vt 0.882074 0.712901
vt 0.679246 0.647794
vt 0.692952 0.652014
vt 0.873799 0.755128
vt 0.650738 0.647794
vt 0.664992 0.646369
vt 0.804776 0.172937
vt 0.774921 0.785572
vt 0.593333 0.734995
vt 0.591929 0.720527
vt 0.736652 0.706060
vt 0.593333 0.706060
vt 0.750000 0.463368
vt 0.791626 0.459268
vt 0.790564 0.453927
vt 0.750000 0.457922
vt 0.831653 0.447126
vt 0.829569 0.442095
vt 0.868541 0.427409
vt 0.865515 0.422881
vt 0.829569 0.442095
vt 0.900874 0.400874
vt 0.897023 0.397023
vt 0.865515 0.422881
vt 0.927409 0.368541
vt 0.922881 0.365515
vt 0.897023 0.397023
vt 0.947126 0.331652
vt 0.942095 0.329568
vt 0.959268 0.291626
vt 0.953926 0.290563
vt 0.942095 0.329568
vt 0.963368 0.250000
vt 0.957922 0.250000
vt 0.959268 0.208374
vt 0.953927 0.209437
vt 0.947126 0.168348
vt 0.942095 0.170432
vt 0.927409 0.131459
vt 0.922881 0.134485
vt 0.942095 0.170432
vt 0.900874 0.099126
vt 0.897023 0.102977
vt 0.900874 0.099126
vt 0.868541 0.072591
vt 0.865515 0.077119
vt 0.897023 0.102977
vt 0.831653 0.052874
vt 0.829568 0.057905
vt 0.865515 0.077119
vt 0.791626 0.040732
vt 0.790564 0.046073
vt 0.750000 0.036632
vt 0.750000 0.042078
vt 0.790564 0.046073
vt 0.708374 0.040732
vt 0.709437 0.046073
vt 0.750000 0.042078
vt 0.708374 0.040732
vt 0.668347 0.052874
vt 0.670432 0.057905
vt 0.668347 0.052874
vt 0.631459 0.072591
vt 0.634485 0.077119
vt 0.599126 0.099126
vt 0.602977 0.102977
vt 0.572591 0.131459
vt 0.577119 0.134485
vt 0.602977 0.102977
vt 0.552874 0.168348
vt 0.557905 0.170432
vt 0.577119 0.134485
vt 0.540732 0.208374
vt 0.546073 0.209437
vt 0.557905 0.170432
vt 0.536632 0.250000
vt 0.542078 0.250000
vt 0.540732 0.291626
vt 0.546073 0.290564
vt 0.552874 0.331653
vt 0.557905 0.329568
vt 0.546073 0.290564
vt 0.552874 0.331653
vt 0.572591 0.368541
vt 0.577119 0.365515
vt 0.599126 0.400874
vt 0.602977 0.397023
vt 0.577119 0.365515
vt 0.631459 0.427409
vt 0.634485 0.422881
vt 0.602977 0.397023
vt 0.668348 0.447126
vt 0.670432 0.442095
vt 0.708374 0.459268
vt 0.709437 0.453927
vt 0.670432 0.442095
vt 0.708374 0.459268
vt 0.709437 0.453927
vt 0.750000 0.446514
vt 0.788338 0.442738
vt 0.825203 0.431556
vt 0.825203 0.431555
vt 0.859177 0.413396
vt 0.856152 0.408867
vt 0.888957 0.388956
vt 0.913395 0.359177
vt 0.931555 0.325203
vt 0.942738 0.288338
vt 0.937396 0.287275
vt 0.946514 0.250000
vt 0.942738 0.211662
vt 0.937397 0.212725
vt 0.942738 0.211662
vt 0.931555 0.174797
vt 0.913395 0.140822
vt 0.908867 0.143848
vt 0.888956 0.111044
vt 0.885105 0.114894
vt 0.859178 0.086604
vt 0.859178 0.086604
vt 0.825203 0.068445
vt 0.856152 0.091133
vt 0.825203 0.068445
vt 0.788338 0.057262
vt 0.788338 0.057262
vt 0.750000 0.053486
vt 0.750000 0.053486
vt 0.711662 0.057262
vt 0.711662 0.057262
vt 0.674797 0.068445
vt 0.640823 0.086604
vt 0.611043 0.111044
vt 0.611043 0.111044
vt 0.586604 0.140823
vt 0.586604 0.140823
vt 0.568444 0.174797
vt 0.568444 0.174797
vt 0.557262 0.211662
vt 0.557262 0.211662
vt 0.553486 0.250000
vt 0.557262 0.288338
vt 0.568445 0.325203
vt 0.586605 0.359178
vt 0.586605 0.359178
vt 0.611044 0.388957
vt 0.611044 0.388957
vt 0.640823 0.413396
vt 0.640823 0.413396
vt 0.674798 0.431556
vt 0.711662 0.442738
vt 0.712725 0.437397
vt 0.711662 0.442738
vt 0.164787 0.823897
vt 0.169609 0.812081
vt 0.176610 0.801447
vt 0.185520 0.792403
vt 0.195997 0.785298
vt 0.207639 0.780403
vt 0.219998 0.777908
vt 0.232599 0.777908
vt 0.244957 0.780403
vt 0.256599 0.785298
vt 0.267077 0.792403
vt 0.275987 0.801447
vt 0.282987 0.812081
vt 0.287810 0.823897
vt 0.290268 0.836441
vt 0.290268 0.849231
vt 0.287810 0.861775
vt 0.282987 0.873591
vt 0.275987 0.884225
vt 0.267077 0.893269
vt 0.256599 0.900375
vt 0.244957 0.905269
vt 0.232599 0.907764
vt 0.219998 0.907764
vt 0.207639 0.905269
vt 0.195997 0.900375
vt 0.185520 0.893269
vt 0.176610 0.884225
vt 0.169609 0.873591
vt 0.164787 0.861775
vt 0.162328 0.849231
vt 0.162328 0.836441
vt 0.980759 0.560517
vt 0.980696 0.542319
vt 0.994874 0.542304
vt 0.994937 0.560502
vt 0.980862 0.577623
vt 0.995040 0.577608
vt 0.981001 0.592981
vt 0.995178 0.592966
vt 0.576567 0.790870
vt 0.576744 0.777774
vt 0.590922 0.777774
vt 0.590744 0.790869
vt 0.576428 0.806288
vt 0.590605 0.806287
vt 0.576332 0.823436
vt 0.590509 0.823435
vt 0.576283 0.841655
vt 0.590461 0.841654
vt 0.576283 0.860245
vt 0.590461 0.860244
vt 0.576332 0.878492
vt 0.590509 0.878491
vt 0.576428 0.895694
vt 0.590605 0.895693
vt 0.576567 0.911190
vt 0.590744 0.911189
vt 0.576744 0.924385
vt 0.590922 0.924384
vt 0.971259 0.660914
vt 0.971409 0.646369
vt 0.985586 0.646372
vt 0.985436 0.660917
vt 0.971147 0.677439
vt 0.985325 0.677441
vt 0.971079 0.695307
vt 0.985256 0.695310
vt 0.971056 0.713833
vt 0.985233 0.713836
vt 0.971079 0.732304
vt 0.985256 0.732307
vt 0.971147 0.750011
vt 0.985325 0.750014
vt 0.971259 0.766274
vt 0.985436 0.766276
vt 0.971409 0.780466
vt 0.985586 0.780469
vt 0.985707 0.661856
vt 0.985822 0.646369
vt 1.000000 0.646370
vt 0.999884 0.661856
vt 0.985627 0.679051
vt 0.999805 0.679051
vt 0.985586 0.697294
vt 0.999764 0.697295
vt 0.985586 0.715884
vt 0.999764 0.715885
vt 0.985627 0.734107
vt 0.999805 0.734107
vt 0.985707 0.751262
vt 0.999884 0.751262
vt 0.985822 0.766690
vt 1.000000 0.766690
vt 0.980862 0.472666
vt 0.981001 0.459396
vt 0.995178 0.459381
vt 0.995040 0.472651
vt 0.980759 0.488221
vt 0.994937 0.488206
vt 0.980696 0.505463
vt 0.994874 0.505448
vt 0.980675 0.523730
vt 0.994852 0.523715
vt 0.989346 0.310044
vt 0.989382 0.320196
vt 0.983301 0.320202
vt 0.983266 0.310050
vt 0.993444 0.324214
vt 0.993547 0.341321
vt 0.979369 0.341336
vt 0.979267 0.324229
vt 0.993685 0.356679
vt 0.979508 0.356694
vt 0.451268 0.777931
vt 0.451091 0.791027
vt 0.436914 0.791027
vt 0.437091 0.777932
vt 0.450952 0.806445
vt 0.436775 0.806445
vt 0.450856 0.823593
vt 0.436679 0.823593
vt 0.450807 0.841812
vt 0.436630 0.841812
vt 0.450807 0.860402
vt 0.436630 0.860403
vt 0.446770 0.864436
vt 0.446797 0.874615
vt 0.440717 0.874615
vt 0.440689 0.864436
vt 0.450856 0.878648
vt 0.450952 0.895850
vt 0.436775 0.895851
vt 0.436679 0.878649
vt 0.451091 0.911346
vt 0.436914 0.911347
vt 0.451268 0.924541
vt 0.437091 0.924542
vt 0.990369 0.793974
vt 0.990219 0.808519
vt 0.976042 0.808516
vt 0.976192 0.793971
vt 0.990108 0.825043
vt 0.975930 0.825040
vt 0.990039 0.842911
vt 0.975862 0.842909
vt 0.990016 0.861437
vt 0.975839 0.861435
vt 0.985973 0.865520
vt 0.985986 0.875825
vt 0.979905 0.875823
vt 0.979892 0.865519
vt 0.990039 0.879909
vt 0.990108 0.897616
vt 0.975930 0.897613
vt 0.975862 0.879906
vt 0.990219 0.913878
vt 0.976042 0.913875
vt 0.990369 0.928071
vt 0.976192 0.928068
vt 0.999199 0.000000
vt 0.999083 0.015487
vt 0.984906 0.015486
vt 0.985021 0.000000
vt 0.999004 0.032682
vt 0.984826 0.032682
vt 0.998963 0.050925
vt 0.984785 0.050925
vt 0.998963 0.069516
vt 0.984785 0.069515
vt 0.994923 0.073544
vt 0.994946 0.083710
vt 0.988866 0.083710
vt 0.988843 0.073543
vt 0.999004 0.087738
vt 0.999083 0.104893
vt 0.984906 0.104893
vt 0.984826 0.087738
vt 0.999199 0.120321
vt 0.985021 0.120320
vt 0.993685 0.223093
vt 0.993547 0.236363
vt 0.979369 0.236379
vt 0.979508 0.223108
vt 0.993444 0.251918
vt 0.979266 0.251934
vt 0.993381 0.269161
vt 0.979203 0.269176
vt 0.993359 0.287427
vt 0.979182 0.287443
vt 0.993381 0.306017
vt 0.979203 0.306032
vt 0.458012 0.834501
vt 0.458012 0.855152
vt 0.457939 0.855152
vt 0.457939 0.834501
vt 0.458057 0.875394
vt 0.457984 0.875394
vt -0.001235 0.500000
vt 0.123765 0.500000
vt 0.373763 0.500000
vt 0.344987 0.500000
vt 0.123763 0.500000
vt 0.094987 0.500000
vt 0.219987 0.500000
vt 0.248763 0.500000
vt 0.469985 0.500000
vt 0.248734 0.500000
vt 0.219870 0.500000
vt 0.248880 0.500000
vt 0.248765 0.500000
vt 0.498763 0.500000
vt 0.469987 0.500000
vt 0.344987 0.500000
vt 0.373763 0.500000
vt 0.776111 0.332682
vt 0.772034 0.332657
vt 0.772034 0.328454
vt 0.776111 0.328479
vt 0.217706 0.947981
vt 0.221669 0.968202
vt 0.220589 0.968319
vt 0.216622 0.948089
vt 0.594985 0.500000
vt 0.217706 0.928103
vt 0.216622 0.927995
vt 0.623763 0.500000
vt 0.594987 0.500000
vt 0.221669 0.907881
vt 0.220589 0.907764
vt 0.469987 0.500000
vt 0.498763 0.500000
vt 0.762582 0.165154
vt 0.767095 0.165142
vt 0.767095 0.169345
vt 0.762582 0.169358
vt 0.228564 0.947981
vt 0.232527 0.968202
vt 0.231448 0.968319
vt 0.227481 0.948089
vt 0.228564 0.928103
vt 0.227481 0.927995
vt 0.748763 0.500000
vt 0.232527 0.907881
vt 0.231448 0.907764
vt 0.498765 0.500000
vt 0.623765 0.500000
vt 0.470016 0.500000
vt 0.498734 0.500000
vt 0.498880 0.500000
vt 0.469870 0.500000
vt 0.594987 0.500000
vt 0.469985 0.500000
vt 0.594985 0.500000
vt 0.373765 0.500000
vt 0.345016 0.500000
vt 0.373734 0.500000
vt 0.373880 0.500000
vt 0.344870 0.500000
vt 0.762887 0.335923
vt 0.758292 0.335929
vt 0.758292 0.331726
vt 0.762887 0.331720
vt 0.344985 0.500000
vt 0.767960 0.327383
vt 0.763547 0.327399
vt 0.763547 0.323195
vt 0.767960 0.323180
vt 0.248763 0.500000
vt 0.219987 0.500000
vt 0.781421 0.165142
vt 0.784733 0.165184
vt 0.784733 0.169388
vt 0.781421 0.169346
vt 0.219985 0.500000
vt 0.776125 0.327409
vt 0.772033 0.327384
vt 0.772033 0.323180
vt 0.776125 0.323206
vt 0.998734 0.500000
vt 0.970016 0.500000
vt 0.969870 0.500000
vt 0.998880 0.500000
vt 0.969985 0.500000
vt 0.773901 0.165138
vt 0.777477 0.165172
vt 0.777477 0.169376
vt 0.773901 0.169342
vt 0.163412 0.947981
vt 0.167375 0.968202
vt 0.166295 0.968320
vt 0.162328 0.948089
vt 0.219902 0.500000
vt 0.248848 0.500000
vt 0.249170 0.500000
vt 0.219580 0.500000
vt 0.458441 0.809952
vt 0.458371 0.829105
vt 0.458298 0.829105
vt 0.458368 0.809952
vt 0.243386 0.907881
vt 0.239423 0.928103
vt 0.238340 0.927995
vt 0.242307 0.907764
vt 0.458555 0.792672
vt 0.458482 0.792672
vt 0.239423 0.947981
vt 0.238340 0.948089
vt 0.271999 0.947981
vt 0.275962 0.968202
vt 0.274883 0.968319
vt 0.270916 0.948089
vt 0.243386 0.968202
vt 0.242307 0.968320
vt 0.344902 0.500000
vt 0.373848 0.500000
vt 0.374170 0.500000
vt 0.344580 0.500000
vt 0.458146 0.894451
vt 0.458073 0.894451
vt 0.469902 0.500000
vt 0.498848 0.500000
vt 0.499170 0.500000
vt 0.469580 0.500000
vt 0.458146 0.795134
vt 0.458057 0.814236
vt 0.457984 0.814236
vt 0.458073 0.795134
vt 0.458274 0.777931
vt 0.458201 0.777931
vt 0.892678 0.277632
vt 0.892844 0.293398
vt 0.892772 0.293398
vt 0.892605 0.277632
vt 0.892554 0.259567
vt 0.892481 0.259567
vt 0.594902 0.500000
vt 0.623848 0.500000
vt 0.624170 0.500000
vt 0.594580 0.500000
vt 0.892478 0.239897
vt 0.892405 0.239897
vt 0.094987 0.500000
vt 0.873765 0.500000
vt 0.344985 0.500000
vt 0.458555 0.909264
vt 0.458709 0.926324
vt 0.458636 0.926324
vt 0.458482 0.909264
vt 0.873763 0.500000
vt 0.844987 0.500000
vt 0.767359 0.165154
vt 0.771763 0.165137
vt 0.771763 0.169341
vt 0.767359 0.169357
vt 0.781105 0.169380
vt 0.777509 0.169346
vt 0.777509 0.165142
vt 0.781105 0.165177
vt 0.167375 0.907881
vt 0.163412 0.928103
vt 0.162328 0.927995
vt 0.166295 0.907764
vt 0.094985 0.500000
vt 0.458709 0.777931
vt 0.458636 0.777931
vt 0.763216 0.322136
vt 0.758624 0.322142
vt 0.758624 0.317938
vt 0.763216 0.317933
vt 0.776316 0.323178
vt 0.780191 0.323210
vt 0.780191 0.327414
vt 0.776316 0.327381
vt 0.458274 0.911589
vt 0.458201 0.911589
vt 0.892547 0.422069
vt 0.892392 0.439196
vt 0.892319 0.439196
vt 0.892474 0.422069
vt 0.844985 0.500000
vt 0.094985 0.500000
vt 0.892744 0.407522
vt 0.892671 0.407522
vt 0.758626 0.323190
vt 0.763214 0.323184
vt 0.763214 0.327388
vt 0.758626 0.327394
vt 0.776489 0.328453
vt 0.780551 0.328484
vt 0.780551 0.332687
vt 0.776489 0.332657
vt 0.185129 0.947981
vt 0.189092 0.968202
vt 0.188013 0.968320
vt 0.184046 0.948089
vt 0.185129 0.928103
vt 0.184046 0.927995
vt 0.970016 0.500000
vt 0.998734 0.500000
vt 0.998880 0.500000
vt 0.892286 0.458245
vt 0.892231 0.478484
vt 0.892159 0.478484
vt 0.892213 0.458245
vt 0.892844 0.144436
vt 0.892678 0.160594
vt 0.892605 0.160594
vt 0.892772 0.144436
vt 0.892231 0.499134
vt 0.892159 0.499134
vt 0.781648 0.497671
vt 0.778091 0.497630
vt 0.778091 0.493427
vt 0.781648 0.493468
vt 0.892286 0.519404
vt 0.892213 0.519404
vt 0.943308 0.270057
vt 0.939345 0.290279
vt 0.938261 0.290171
vt 0.942228 0.269940
vt 0.623848 0.500000
vt 0.624170 0.500000
vt 0.939345 0.310156
vt 0.938261 0.310265
vt 0.210810 0.907881
vt 0.206847 0.928103
vt 0.205764 0.927995
vt 0.209730 0.907764
vt 0.943308 0.330378
vt 0.942228 0.330495
vt 0.206847 0.947981
vt 0.205764 0.948089
vt 0.877514 0.908740
vt 0.873552 0.928961
vt 0.872468 0.928853
vt 0.876435 0.908622
vt 0.123848 0.500000
vt 0.094902 0.500000
vt 0.094580 0.500000
vt 0.124170 0.500000
vt 0.210810 0.968202
vt 0.209730 0.968320
vt 0.195988 0.928103
vt 0.195988 0.947981
vt 0.194905 0.948089
vt 0.194905 0.927995
vt 0.867422 0.969060
vt 0.871385 0.948839
vt 0.872468 0.948947
vt 0.868502 0.969178
vt 0.469902 0.500000
vt 0.199951 0.968202
vt 0.198871 0.968320
vt 0.873552 0.948839
vt 0.943308 0.209502
vt 0.939345 0.229723
vt 0.938261 0.229615
vt 0.942228 0.209385
vt 0.873848 0.500000
vt 0.844902 0.500000
vt 0.844580 0.500000
vt 0.874170 0.500000
vt 0.939345 0.249601
vt 0.938261 0.249709
vt 0.254245 0.907881
vt 0.250282 0.928103
vt 0.249199 0.927995
vt 0.253165 0.907764
vt 0.199951 0.907881
vt 0.198871 0.907764
vt 0.943308 0.269823
vt 0.250282 0.947981
vt 0.249199 0.948089
vt 0.344902 0.500000
vt 0.344580 0.500000
vt 0.374170 0.500000
vt 0.254245 0.968202
vt 0.253165 0.968320
vt 0.179000 0.968202
vt 0.182963 0.947981
vt 0.184046 0.948089
vt 0.180079 0.968320
vt 0.748848 0.500000
vt 0.719902 0.500000
vt 0.719580 0.500000
vt 0.749170 0.500000
vt 0.182963 0.928103
vt 0.184046 0.927995
vt 0.295314 0.907430
vt 0.291351 0.927652
vt 0.290268 0.927543
vt 0.294235 0.907313
vt 0.179000 0.907881
vt 0.180079 0.907764
vt 0.291351 0.947529
vt 0.290268 0.947638
vt 0.248848 0.500000
vt 0.219902 0.500000
vt 0.249170 0.500000
vt 0.295314 0.967751
vt 0.294235 0.967868
vt 0.969902 0.500000
vt 0.998848 0.500000
vt 0.999170 0.500000
vt 0.969580 0.500000
vt 0.271999 0.928103
vt 0.270916 0.927995
vt 0.871385 0.928961
vt 0.867422 0.908740
vt 0.868502 0.908622
vt 0.123848 0.500000
vt 0.124170 0.500000
vt 0.877514 0.969060
vt 0.876435 0.969177
vt 0.275962 0.907881
vt 0.274883 0.907764
vt 0.892392 0.538512
vt 0.892319 0.538512
vt 0.844902 0.500000
vt 0.873848 0.500000
vt 0.874170 0.500000
vt 0.892547 0.555726
vt 0.892474 0.555726
vt 0.261141 0.947981
vt 0.265104 0.968202
vt 0.264024 0.968320
vt 0.260057 0.948089
vt 0.892744 0.570384
vt 0.892671 0.570384
vt 0.458441 0.890261
vt 0.458368 0.890261
vt 0.261141 0.928103
vt 0.260057 0.927995
vt 0.265104 0.907881
vt 0.264024 0.907764
vt 0.892554 0.178950
vt 0.892481 0.178950
vt 0.749170 0.500000
vt 0.892478 0.198799
vt 0.892405 0.198799
vt 0.892452 0.219378
vt 0.892379 0.219378
vt 0.189092 0.907881
vt 0.188013 0.907764
vt 0.373765 0.500000
vt 0.373734 0.500000
vt 0.373880 0.500000
vt 0.498765 0.500000
vt 0.498734 0.500000
vt 0.470016 0.500000
vt 0.469870 0.500000
vt 0.498880 0.500000
vt 0.595016 0.500000
vt 0.594870 0.500000
vt 0.748765 0.500000
vt 0.748880 0.500000
vt 0.969985 0.500000
vt 0.998848 0.500000
vt 0.969902 0.500000
vt 0.969580 0.500000
vt 0.999170 0.500000
vt -0.001235 0.500000
vt 0.219985 0.500000
vt 0.758411 0.317415
vt 0.763428 0.317409
vt 0.867029 0.909405
vt 0.862204 0.910891
vt 0.861610 0.910529
vt 0.767930 0.336433
vt 0.763099 0.336453
vt 0.205170 0.910032
vt 0.200344 0.908546
vt 0.205764 0.909671
vt 0.771764 0.322660
vt 0.776234 0.322689
vt 0.243779 0.967537
vt 0.248604 0.966051
vt 0.249199 0.966413
vt 0.227481 0.909671
vt 0.226887 0.910032
vt 0.222061 0.908546
vt 0.785049 0.169909
vt 0.781430 0.169863
vt 0.772050 0.169863
vt 0.767239 0.169881
vt 0.948526 0.272208
vt 0.943700 0.270722
vt 0.949120 0.271847
vt 0.173187 0.909671
vt 0.178607 0.908547
vt 0.173782 0.910032
vt 0.753036 0.331208
vt 0.758078 0.331207
vt 0.763425 0.322678
vt 0.222061 0.967537
vt 0.226887 0.966051
vt 0.227481 0.966413
vt 0.238340 0.909671
vt 0.237746 0.910032
vt 0.232920 0.908546
vt 0.758078 0.331208
vt 0.763099 0.331201
vt 0.776234 0.327934
vt 0.771764 0.327906
vt 0.173782 0.966051
vt 0.178607 0.967537
vt 0.173187 0.966413
vt 0.949120 0.268033
vt 0.943700 0.269158
vt 0.948526 0.267672
vt 0.781430 0.164618
vt 0.785049 0.164664
vt 0.771764 0.327934
vt 0.776218 0.327961
vt 0.232920 0.967537
vt 0.237746 0.966051
vt 0.238340 0.966413
vt 0.194905 0.909671
vt 0.194311 0.910032
vt 0.189486 0.908546
vt 0.777775 0.492906
vt 0.781661 0.492951
vt 0.768246 0.327906
vt 0.763425 0.327923
vt 0.948526 0.211653
vt 0.943700 0.210167
vt 0.949120 0.211291
vt 0.216622 0.966413
vt 0.211203 0.967537
vt 0.216028 0.966052
vt 0.763099 0.336447
vt 0.758078 0.336453
vt 0.767239 0.169863
vt 0.762308 0.169877
vt 0.189486 0.967537
vt 0.194311 0.966051
vt 0.194905 0.966413
vt 0.763425 0.327906
vt 0.758411 0.327912
vt 0.270323 0.910033
vt 0.265497 0.908547
vt 0.270916 0.909671
vt 0.216622 0.909671
vt 0.216028 0.910033
vt 0.211203 0.908547
vt 0.776218 0.333206
vt 0.771764 0.333179
vt 0.937500 0.500000
vt 0.031250 0.500000
vt 0.062500 0.500000
vt 0.891511 0.378051
vt 0.891455 0.396846
vt 0.890939 0.396928
vt 0.890996 0.377886
vt 0.196502 0.928154
vt 0.891455 0.414108
vt 0.890939 0.414227
vt 0.196502 0.947929
vt 0.891511 0.429173
vt 0.890996 0.429491
vt 0.200344 0.967537
vt 0.889824 0.435474
vt 0.889868 0.417222
vt 0.890384 0.417284
vt 0.890339 0.435775
vt 0.254638 0.908547
vt 0.250796 0.928154
vt 0.889868 0.397858
vt 0.890384 0.397878
vt 0.250796 0.947929
vt 0.889824 0.378126
vt 0.890339 0.377886
vt 0.254638 0.967537
vt 0.457266 0.835884
vt 0.457241 0.854093
vt 0.456725 0.854193
vt 0.456750 0.835744
vt 0.295707 0.908096
vt 0.291865 0.927703
vt 0.457266 0.870470
vt 0.456750 0.870604
vt 0.291865 0.947478
vt 0.793457 0.158548
vt 0.793457 0.144461
vt 0.793974 0.144436
vt 0.793974 0.158708
vt 0.295707 0.967086
vt 0.457856 0.836045
vt 0.457810 0.854347
vt 0.457294 0.854287
vt 0.457341 0.835744
vt 0.207360 0.928155
vt 0.457810 0.873736
vt 0.457294 0.873718
vt 0.207360 0.947930
vt 0.457856 0.893467
vt 0.457341 0.893709
vt 0.892057 0.435913
vt 0.892031 0.454071
vt 0.891515 0.454172
vt 0.891541 0.435775
vt 0.939858 0.229775
vt 0.892057 0.470374
vt 0.891541 0.470509
vt 0.939858 0.249550
vt 0.793457 0.172631
vt 0.793457 0.158730
vt 0.793975 0.158708
vt 0.793975 0.172792
vt 0.456725 0.835443
vt 0.456778 0.817241
vt 0.457294 0.817303
vt 0.457241 0.835744
vt 0.182450 0.947929
vt 0.456778 0.797902
vt 0.457294 0.797923
vt 0.182450 0.928154
vt 0.456725 0.778170
vt 0.457241 0.777931
vt 0.891271 0.619415
vt 0.891334 0.601156
vt 0.891850 0.601059
vt 0.891787 0.619558
vt 0.939858 0.290330
vt 0.891334 0.584707
vt 0.891850 0.584575
vt 0.939858 0.310105
vt 0.891271 0.570700
vt 0.891787 0.570384
vt 0.943700 0.329713
vt 0.890948 0.436084
vt 0.890897 0.453624
vt 0.890381 0.453546
vt 0.890433 0.435775
vt 0.867029 0.968396
vt 0.870872 0.948788
vt 0.890897 0.472590
vt 0.890381 0.472553
vt 0.870872 0.929013
vt 0.890948 0.492254
vt 0.890433 0.492476
vt 0.272513 0.947930
vt 0.276356 0.967537
vt 0.891515 0.435775
vt 0.891458 0.454818
vt 0.890948 0.454728
vt 0.891004 0.435933
vt 0.272513 0.928155
vt 0.891458 0.472117
vt 0.890948 0.471990
vt 0.276356 0.908547
vt 0.891515 0.487380
vt 0.891004 0.487056
vt 0.261654 0.947930
vt 0.265497 0.967537
vt 0.890939 0.377886
vt 0.890895 0.396378
vt 0.890384 0.396441
vt 0.890428 0.378189
vt 0.261654 0.928154
vt 0.890895 0.415784
vt 0.890384 0.415806
vt 0.890939 0.435775
vt 0.890428 0.435538
vt 0.185643 0.947929
vt 0.892385 0.570384
vt 0.892361 0.588832
vt 0.891850 0.588726
vt 0.891875 0.570517
vt 0.185643 0.928154
vt 0.892385 0.605244
vt 0.891875 0.605103
vt 0.793985 0.320943
vt 0.793985 0.335215
vt 0.793475 0.335202
vt 0.793475 0.321115
vt 0.229078 0.947929
vt 0.889824 0.493740
vt 0.889871 0.475197
vt 0.890381 0.475135
vt 0.890336 0.493437
vt 0.229078 0.928154
vt 0.889871 0.455766
vt 0.890381 0.455746
vt 0.889824 0.435775
vt 0.890336 0.436014
vt 0.218219 0.947929
vt 0.892386 0.605244
vt 0.892361 0.623640
vt 0.891850 0.623533
vt 0.891876 0.605375
vt 0.218219 0.928154
vt 0.892386 0.639978
vt 0.891876 0.639835
vt 0.794483 0.144436
vt 0.794483 0.158520
vt 0.793974 0.158513
vt 0.793974 0.144612
vt 0.239936 0.947929
vt 0.457858 0.777931
vt 0.457805 0.796372
vt 0.457294 0.796438
vt 0.457347 0.778235
vt 0.239936 0.928154
vt 0.457805 0.815753
vt 0.457294 0.815776
vt 0.243779 0.908547
vt 0.457858 0.835744
vt 0.457347 0.835509
vt 0.163925 0.947930
vt 0.167767 0.967537
vt 0.892084 0.377886
vt 0.892021 0.396385
vt 0.891511 0.396279
vt 0.891574 0.378020
vt 0.163925 0.928155
vt 0.892021 0.412869
vt 0.891511 0.412728
vt 0.167767 0.908547
vt 0.892084 0.427060
vt 0.891574 0.426735
vt 0.874065 0.948788
vt 0.877907 0.968396
vt 0.891271 0.570384
vt 0.891220 0.588154
vt 0.890710 0.588236
vt 0.890760 0.570696
vt 0.874065 0.929013
vt 0.891220 0.607162
vt 0.890710 0.607203
vt 0.877907 0.909405
vt 0.891271 0.627084
vt 0.890760 0.626867
vt 0.949120 0.328589
vt 0.948526 0.328227
vt 0.777492 0.169900
vt 0.773585 0.169863
vt 0.780657 0.333212
vt 0.776218 0.333179
vt 0.862204 0.966910
vt 0.861610 0.967271
vt 0.249199 0.909671
vt 0.248604 0.910032
vt 0.758078 0.336452
vt 0.753036 0.336453
vt 0.205764 0.966413
vt 0.205170 0.966051
vt 0.777492 0.164618
vt 0.781420 0.164656
vt 0.767239 0.164636
vt 0.772050 0.164618
vt 0.172593 0.966052
vt 0.173187 0.966413
vt 0.776234 0.322653
vt 0.780468 0.322689
vt 0.259464 0.910032
vt 0.260057 0.909671
vt 0.763428 0.322655
vt 0.758411 0.322660
vt 0.882733 0.910891
vt 0.883327 0.910529
vt 0.763099 0.331208
vt 0.767930 0.331188
vt 0.281181 0.966052
vt 0.281775 0.966413
vt 0.172593 0.910033
vt 0.773585 0.164618
vt 0.777492 0.164654
vt 0.260057 0.966413
vt 0.259464 0.966051
vt 0.758411 0.322667
vt 0.763425 0.322660
vt 0.776218 0.327934
vt 0.780657 0.327967
vt 0.882733 0.966910
vt 0.883327 0.967271
vt 0.762308 0.164632
vt 0.767239 0.164618
vt 0.300533 0.909581
vt 0.301127 0.909220
vt 0.281775 0.909671
vt 0.281181 0.910033
vt 0.781420 0.169901
vt 0.777492 0.169863
vt 0.780468 0.327934
vt 0.776234 0.327898
vt 0.270323 0.966051
vt 0.270916 0.966413
vt 0.301127 0.965961
vt 0.300533 0.965600
vt 0.781661 0.498196
vt 0.777775 0.498151
vt 0.770189 0.496111
vt 0.770189 0.477063
vt 0.772086 0.476498
vt 0.772086 0.496679
vt 0.999645 0.500000
vt 0.968928 0.500000
vt 0.969570 0.500000
vt 0.874180 0.500000
vt 0.874822 0.500000
vt 0.775879 0.477065
vt 0.775879 0.496113
vt 0.773983 0.496679
vt 0.773983 0.476498
vt 0.843928 0.500000
vt 0.844570 0.500000
vt 0.812500 0.500000
vt 0.749180 0.500000
vt 0.749822 0.500000
vt 0.775596 0.164051
vt 0.775596 0.145003
vt 0.777492 0.144436
vt 0.777492 0.164618
vt 0.718928 0.500000
vt 0.719570 0.500000
vt 0.624180 0.500000
vt 0.624822 0.500000
vt 0.773983 0.477063
vt 0.773983 0.496111
vt 0.593928 0.500000
vt 0.594570 0.500000
vt 0.499180 0.500000
vt 0.499822 0.500000
vt 0.768291 0.496114
vt 0.768291 0.477066
vt 0.770189 0.476498
vt 0.770189 0.496679
vt 0.468928 0.500000
vt 0.469570 0.500000
vt 0.374180 0.500000
vt 0.374822 0.500000
vt 0.766107 0.164052
vt 0.766107 0.145004
vt 0.768006 0.144436
vt 0.768006 0.164618
vt 0.343928 0.500000
vt 0.344570 0.500000
vt 0.249180 0.500000
vt 0.249822 0.500000
vt 0.764493 0.496112
vt 0.764493 0.477064
vt 0.766392 0.476498
vt 0.766392 0.496679
vt 0.218928 0.500000
vt 0.219570 0.500000
vt 0.124180 0.500000
vt 0.124822 0.500000
vt 0.768006 0.164050
vt 0.768006 0.145002
vt 0.769904 0.144436
vt 0.769904 0.164618
vt 0.093928 0.500000
vt 0.094570 0.500000
vt -0.000820 0.500000
vt 0.771802 0.164618
vt 0.771802 0.144436
vt 0.773699 0.145001
vt 0.773699 0.164049
vt 0.775879 0.496679
vt 0.775879 0.476498
vt 0.777775 0.477063
vt 0.777775 0.496111
vt 0.844570 0.500000
vt 0.779388 0.144436
vt 0.779388 0.164618
vt 0.777492 0.164051
vt 0.777492 0.145003
vt 0.719570 0.500000
vt 0.624180 0.500000
vt 0.775596 0.144436
vt 0.775596 0.164618
vt 0.773699 0.164049
vt 0.773699 0.145002
vt 0.562500 0.500000
vt 0.594570 0.500000
vt 0.499180 0.500000
vt 0.771802 0.164618
vt 0.769904 0.164049
vt 0.769904 0.145001
vt 0.374180 0.500000
vt 0.764208 0.164618
vt 0.764208 0.144436
vt 0.766107 0.145004
vt 0.766107 0.164052
vt 0.249180 0.500000
vt 0.762308 0.164618
vt 0.762308 0.144436
vt 0.764208 0.145003
vt 0.764208 0.164051
vt 0.156250 0.500000
vt 0.124180 0.500000
vt 0.766392 0.496679
vt 0.768291 0.477063
vt 0.768291 0.496111
vt 0.094570 0.500000
vt -0.000820 0.500000
vt 0.028269 0.341844
vt 0.782103 0.160845
vt 0.782103 0.144436
vt 0.783458 0.145256
vt 0.783458 0.160022
vt 0.788633 0.476498
vt 0.788633 0.492484
vt 0.787278 0.491665
vt 0.787278 0.477321
vt 0.845426 1.000000
vt 0.345545 1.000000
vt 0.490253 0.247428
vt 0.780747 0.144436
vt 0.780747 0.160845
vt 0.779388 0.160026
vt 0.779388 0.145260
vt 0.916264 0.772731
vt 0.917285 0.789195
vt 0.916507 0.789319
vt 0.915476 0.772701
vt 0.095426 1.000000
vt 0.490272 0.247240
vt 0.013861 0.294349
vt 0.790135 0.160125
vt 0.790135 0.144436
vt 0.791380 0.144552
vt 0.791380 0.160479
vt 0.127872 0.638981
vt 0.109409 0.623824
vt 0.101004 0.825729
vt 0.092785 0.832751
vt 0.791380 0.160741
vt 0.791380 0.145476
vt 0.791900 0.144436
vt 0.791900 0.161686
vt 0.845545 1.000000
vt 0.784463 0.327125
vt 0.784462 0.321966
vt 0.785486 0.321837
vt 0.785486 0.326996
vt 0.904535 0.754476
vt 0.904535 0.770462
vt 0.903314 0.770583
vt 0.903314 0.754353
vt 0.623205 1.000000
vt 0.162328 0.810291
vt 0.161981 0.826783
vt 0.161197 0.826851
vt 0.161547 0.810204
vt 0.417527 0.078506
vt 0.385516 0.052235
vt 0.385281 0.052043
vt 0.417761 0.078699
vt -0.001795 1.000000
vt 0.418066 0.078297
vt 0.786175 0.144436
vt 0.786175 0.160423
vt 0.784817 0.159599
vt 0.784817 0.145256
vt 0.220545 1.000000
vt 0.783207 0.477321
vt 0.783207 0.492087
vt 0.893624 0.754472
vt 0.893624 0.770459
vt 0.892405 0.770583
vt 0.892405 0.754352
vt 0.595545 1.000000
vt 0.886203 0.257314
vt 0.886203 0.241327
vt 0.887421 0.241204
vt 0.887421 0.257434
vt 0.486139 0.205651
vt 0.205832 0.013807
vt 0.788706 0.333534
vt 0.788706 0.328208
vt 0.789781 0.328161
vt 0.789781 0.333487
vt 0.889529 0.240994
vt 0.888754 0.241071
vt 0.373205 1.000000
vt 0.456031 0.925294
vt 0.452616 0.921914
vt 0.453460 0.921400
vt 0.456875 0.924780
vt 0.062500 1.000000
vt 0.009728 0.252760
vt 0.904409 0.787126
vt 0.901208 0.770794
vt 0.901981 0.770716
vt 0.905152 0.786896
vt 0.784561 0.476498
vt 0.784561 0.492906
vt 0.783207 0.492084
vt 0.783207 0.477318
vt 0.095545 1.000000
vt 0.901208 0.754143
vt 0.901981 0.754219
vt 0.970574 1.000000
vt 0.998176 1.000000
vt 0.998368 1.000000
vt 0.970382 1.000000
vt 0.904409 0.737811
vt 0.905152 0.738039
vt 0.720545 1.000000
vt 0.789028 0.164908
vt 0.789028 0.170346
vt 0.787935 0.170340
vt 0.787935 0.164902
vt 0.252805 0.489724
vt 0.294016 0.485665
vt 0.294318 0.485635
vt 0.252503 0.489753
vt 0.781882 0.334109
vt 0.781882 0.328955
vt 0.782903 0.328822
vt 0.782903 0.333976
vt 0.886329 0.224662
vt 0.885583 0.224891
vt 0.452779 0.880244
vt 0.453523 0.880472
vt 0.114218 0.448246
vt 0.784681 0.333989
vt 0.784681 0.328934
vt 0.785675 0.328758
vt 0.785675 0.333813
vt 0.082474 0.421494
vt 0.114484 0.447765
vt 0.114719 0.447957
vt 0.082239 0.421302
vt 0.888754 0.207650
vt 0.888754 0.191153
vt 0.889527 0.191076
vt 0.889527 0.207728
vt 0.777775 0.476498
vt 0.779135 0.477318
vt 0.779135 0.492084
vt 0.885583 0.223830
vt 0.886326 0.224060
vt 0.786773 0.326437
vt 0.786773 0.321581
vt 0.787727 0.321831
vt 0.787727 0.326687
vt 0.421494 0.417527
vt 0.447765 0.385516
vt 0.447957 0.385281
vt 0.421301 0.417761
vt 0.013807 0.294168
vt 0.010276 0.252805
vt 0.014335 0.294017
vt 0.014365 0.294319
vt 0.010247 0.252503
vt 0.421849 0.417946
vt 0.345430 1.000000
vt 0.373320 1.000000
vt 0.873324 1.000000
vt 0.170850 0.651466
vt 0.148746 0.648314
vt 0.085682 0.837074
vt 0.079146 0.838542
vt 0.294349 0.486139
vt 0.563851 0.603426
vt 0.548891 0.623824
vt 0.740689 0.825721
vt 0.730854 0.816279
vt 0.248324 1.000000
vt 0.154120 0.777375
vt 0.137088 0.791628
vt 0.078681 0.550216
vt 0.079239 0.519437
vt 0.792938 0.157837
vt 0.792938 0.145038
vt 0.793457 0.144436
vt 0.793457 0.158899
vt 0.122753 0.804762
vt 0.110847 0.816285
vt 0.094448 0.603429
vt 0.083945 0.578575
vt 0.579059 0.519451
vt 0.579620 0.550219
vt 0.704611 0.791625
vt 0.687579 0.777371
vt 0.220430 1.000000
vt 0.248320 1.000000
vt 0.250000 1.000000
vt 0.574357 0.578575
vt 0.718951 0.804771
vt 0.704611 0.791625
vt 0.794346 0.479552
vt 0.794346 0.494915
vt 0.793929 0.495915
vt 0.793929 0.478554
vt 0.845430 1.000000
vt 0.873320 1.000000
vt 0.092785 0.832751
vt 0.085682 0.837074
vt 0.411704 0.335922
vt 0.449951 0.351066
vt 0.527132 0.699368
vt 0.492640 0.692346
vt 0.123324 1.000000
vt 0.095430 1.000000
vt 0.123320 1.000000
vt 0.970430 1.000000
vt 0.998320 1.000000
vt 0.572317 0.487453
vt 0.579059 0.519450
vt 0.687579 0.777371
vt 0.667687 0.762558
vt 0.720426 1.000000
vt 0.644868 0.747727
vt 0.619188 0.733473
vt 0.540043 0.424683
vt 0.559271 0.455451
vt 0.031377 1.000000
vt 0.062373 1.000000
vt 0.062226 1.000000
vt 0.031524 1.000000
vt 0.158156 0.471731
vt 0.720430 1.000000
vt 0.748320 1.000000
vt 0.718750 1.000000
vt 0.623324 1.000000
vt 0.085984 0.487449
vt 0.099029 0.455452
vt 0.196832 0.747727
vt 0.174020 0.762561
vt 0.619187 0.733469
vt 0.590809 0.720332
vt 0.514994 0.396331
vt 0.540044 0.424687
vt 0.294168 0.486193
vt 0.787531 0.160423
vt 0.787531 0.144436
vt 0.788886 0.145259
vt 0.788886 0.159603
vt 0.785920 0.476498
vt 0.785920 0.492484
vt 0.784561 0.491664
vt 0.784561 0.477320
vt 0.114384 0.448335
vt 0.116663 0.449553
vt 0.123205 1.000000
vt 0.970426 1.000000
vt 0.345426 1.000000
vt 0.281250 1.000000
vt 0.421703 0.418066
vt 0.786322 0.492747
vt 0.786322 0.498197
vt 0.785225 0.498197
vt 0.785225 0.492747
vt 0.782103 0.144436
vt 0.782103 0.160845
vt 0.780747 0.160026
vt 0.780747 0.145261
vt 0.792419 0.145337
vt 0.792419 0.160417
vt 0.791900 0.161476
vt 0.899697 0.786896
vt 0.898954 0.787124
vt 0.787278 0.476498
vt 0.787278 0.492484
vt 0.785920 0.491665
vt 0.785920 0.477321
vt 0.162328 0.859371
vt 0.161978 0.875864
vt 0.161194 0.875927
vt 0.161547 0.859279
vt 0.784817 0.144436
vt 0.784817 0.160423
vt 0.783458 0.159601
vt 0.783458 0.145257
vt 0.246596 0.335918
vt 0.287254 0.326571
vt 0.384670 0.688027
vt 0.349060 0.692351
vt 0.448245 0.385783
vt 0.078297 0.081934
vt 0.078151 0.082054
vt 0.595426 1.000000
vt 0.908851 0.780234
vt 0.912307 0.783390
vt 0.911470 0.783868
vt 0.908014 0.780711
vt 0.888018 0.274808
vt 0.887273 0.274580
vt 0.498324 1.000000
vt 0.791504 0.165000
vt 0.791504 0.170323
vt 0.790430 0.170372
vt 0.790430 0.165049
vt 0.782022 0.321743
vt 0.782022 0.326910
vt 0.780997 0.327036
vt 0.780997 0.321868
vt 0.247240 0.009728
vt 0.296822 0.014612
vt 0.735413 0.918694
vt 0.736441 0.935101
vt 0.735659 0.935164
vt 0.734621 0.918603
vt 0.093877 1.000000
vt 0.124873 1.000000
vt 0.124726 1.000000
vt 0.094024 1.000000
vt 0.156377 1.000000
vt 0.187373 1.000000
vt 0.187226 1.000000
vt 0.156524 1.000000
vt 0.281377 1.000000
vt 0.312373 1.000000
vt 0.312226 1.000000
vt 0.281524 1.000000
vt 0.343877 1.000000
vt 0.374873 1.000000
vt 0.374726 1.000000
vt 0.344024 1.000000
vt 0.468877 1.000000
vt 0.499873 1.000000
vt 0.499726 1.000000
vt 0.469024 1.000000
vt 0.531377 1.000000
vt 0.562373 1.000000
vt 0.562226 1.000000
vt 0.531524 1.000000
vt 0.656377 1.000000
vt 0.687373 1.000000
vt 0.687226 1.000000
vt 0.656524 1.000000
vt 0.718877 1.000000
vt 0.749873 1.000000
vt 0.749726 1.000000
vt 0.719024 1.000000
vt 0.843877 1.000000
vt 0.874873 1.000000
vt 0.874726 1.000000
vt 0.844024 1.000000
vt 0.906377 1.000000
vt 0.937373 1.000000
vt 0.937226 1.000000
vt 0.906524 1.000000
vt 0.937627 1.000000
vt 0.968623 1.000000
vt 0.968476 1.000000
vt 0.937774 1.000000
vt 0.781377 1.000000
vt 0.812373 1.000000
vt 0.812226 1.000000
vt 0.781524 1.000000
vt 0.593877 1.000000
vt 0.624873 1.000000
vt 0.624726 1.000000
vt 0.594024 1.000000
vt 0.406377 1.000000
vt 0.437373 1.000000
vt 0.437226 1.000000
vt 0.406524 1.000000
vt 0.218877 1.000000
vt 0.249873 1.000000
vt 0.249726 1.000000
vt 0.219024 1.000000
vt 0.062627 1.000000
vt 0.093623 1.000000
vt 0.093476 1.000000
vt 0.062774 1.000000
vt 0.125127 1.000000
vt 0.156123 1.000000
vt 0.155976 1.000000
vt 0.125274 1.000000
vt 0.968877 1.000000
vt 0.999873 1.000000
vt 0.999726 1.000000
vt 0.969025 1.000000
vt 0.250127 1.000000
vt 0.281123 1.000000
vt 0.280976 1.000000
vt 0.250274 1.000000
vt 0.312627 1.000000
vt 0.343623 1.000000
vt 0.343476 1.000000
vt 0.312774 1.000000
vt 0.187627 1.000000
vt 0.218623 1.000000
vt 0.218476 1.000000
vt 0.187774 1.000000
vt 0.437627 1.000000
vt 0.468623 1.000000
vt 0.468476 1.000000
vt 0.437774 1.000000
vt 0.500127 1.000000
vt 0.531123 1.000000
vt 0.530976 1.000000
vt 0.500274 1.000000
vt 0.375127 1.000000
vt 0.406123 1.000000
vt 0.405976 1.000000
vt 0.375274 1.000000
vt 0.625127 1.000000
vt 0.656123 1.000000
vt 0.655976 1.000000
vt 0.625274 1.000000
vt 0.687627 1.000000
vt 0.718623 1.000000
vt 0.718476 1.000000
vt 0.687774 1.000000
vt 0.562627 1.000000
vt 0.593623 1.000000
vt 0.593476 1.000000
vt 0.562774 1.000000
vt 0.812627 1.000000
vt 0.843623 1.000000
vt 0.843476 1.000000
vt 0.812774 1.000000
vt 0.875127 1.000000
vt 0.906123 1.000000
vt 0.905976 1.000000
vt 0.875274 1.000000
vt 0.750127 1.000000
vt 0.781123 1.000000
vt 0.780976 1.000000
vt 0.750274 1.000000
vt 0.000127 1.000000
vt 0.031123 1.000000
vt 0.030976 1.000000
vt 0.000274 1.000000
vt 0.281250 1.000000
vt 0.530428 0.638981
vt 0.748916 0.832750
vt 0.748324 1.000000
vt 0.009747 0.252572
vt 0.118260 0.424695
vt 0.143307 0.396327
vt 0.250895 0.720349
vt 0.222513 0.733473
vt -0.001676 1.000000
vt 0.099029 0.455451
vt 0.118256 0.424683
vt 0.222509 0.733461
vt 0.196829 0.747716
vt 0.530428 0.638981
vt 0.509554 0.648314
vt 0.756028 0.837082
vt 0.748916 0.832751
vt 0.252572 0.490253
vt 0.051665 0.114384
vt 0.050447 0.116663
vt 0.792889 0.482412
vt 0.792889 0.497472
vt 0.792371 0.498533
vt 0.792371 0.481516
vt 0.173595 0.371463
vt 0.208347 0.351079
vt 0.314566 0.699368
vt 0.281695 0.708818
vt 0.448335 0.385616
vt 0.449553 0.383337
vt 0.208347 0.351079
vt 0.246597 0.335923
vt 0.349059 0.692346
vt 0.220426 1.000000
vt 0.296822 0.014612
vt 0.341844 0.028269
vt 0.470430 1.000000
vt 0.498320 1.000000
vt 0.468750 1.000000
vt 0.371041 0.326585
vt 0.411704 0.335918
vt 0.492640 0.692351
vt 0.457030 0.688027
vt 0.470426 1.000000
vt 0.590810 0.720336
vt 0.560007 0.708835
vt 0.484702 0.371472
vt 0.514993 0.396327
vt 0.792419 0.160538
vt 0.792419 0.145499
vt 0.792938 0.144436
vt 0.792938 0.161431
vt 0.793929 0.482576
vt 0.793929 0.495318
vt 0.793409 0.495915
vt 0.793409 0.481516
vt 0.329150 0.323433
vt 0.371042 0.326589
vt 0.457029 0.688022
vt 0.420850 0.686567
vt 0.247428 0.009747
vt 0.385616 0.051665
vt 0.205651 0.013861
vt 0.158156 0.028269
vt 0.595430 1.000000
vt 0.623320 1.000000
vt 0.122753 0.804765
vt 0.083944 0.578572
vt 0.373324 1.000000
vt 0.792889 0.494979
vt 0.792889 0.482123
vt 0.793409 0.496042
vt 0.095574 1.000000
vt 0.123176 1.000000
vt 0.123368 1.000000
vt 0.095382 1.000000
vt 0.891072 0.754219
vt 0.891072 0.770716
vt 0.890297 0.770792
vt 0.890297 0.754140
vt 0.899080 0.754472
vt 0.899080 0.770459
vt 0.897860 0.770583
vt 0.897860 0.754352
vt 0.873205 1.000000
vt 0.845574 1.000000
vt 0.873176 1.000000
vt 0.873368 1.000000
vt 0.845382 1.000000
vt 0.486194 0.205832
vt 0.720574 1.000000
vt 0.748176 1.000000
vt 0.748368 1.000000
vt 0.720382 1.000000
vt 0.786364 0.333663
vt 0.786363 0.328222
vt 0.787457 0.328226
vt 0.787457 0.333668
vt 0.787531 0.160423
vt 0.786175 0.159599
vt 0.786175 0.145255
vt 0.887399 0.291245
vt 0.887399 0.307232
vt 0.886180 0.307352
vt 0.886180 0.291121
vt 0.788886 0.160104
vt 0.788886 0.144436
vt 0.790135 0.144559
vt 0.790135 0.160466
vt 0.788633 0.492484
vt 0.789988 0.477319
vt 0.789988 0.491662
vt 0.081934 0.421704
vt 0.082054 0.421850
vt 0.772050 0.171016
vt 0.772669 0.165063
vt 0.772669 0.170282
vt 0.773370 0.165415
vt 0.773370 0.170144
vt 0.161259 0.793752
vt 0.161680 0.778009
vt 0.162328 0.778407
vt 0.161929 0.793847
vt 0.895753 0.737509
vt 0.891739 0.754286
vt 0.894951 0.737966
vt 0.894242 0.738039
vt 0.912307 0.740298
vt 0.917231 0.737509
vt 0.916982 0.738458
vt 0.912965 0.740732
vt 0.917285 0.739014
vt 0.913645 0.741076
vt 0.791908 0.476498
vt 0.791908 0.488633
vt 0.791234 0.488423
vt 0.791248 0.476536
vt 0.884073 0.224361
vt 0.884874 0.224817
vt 0.888087 0.241137
vt 0.794632 0.158708
vt 0.794632 0.164001
vt 0.793975 0.163274
vt 0.793975 0.158957
vt 0.789426 0.492497
vt 0.789426 0.498498
vt 0.160529 0.876220
vt 0.160876 0.859237
vt 0.764823 0.322588
vt 0.764823 0.317409
vt 0.765518 0.317988
vt 0.765518 0.322212
vt 0.787291 0.170618
vt 0.787291 0.164618
vt 0.453377 0.811005
vt 0.456725 0.827848
vt 0.455923 0.827392
vt 0.452711 0.811072
vt 0.455214 0.827318
vt 0.161260 0.842847
vt 0.161679 0.827146
vt 0.162328 0.827546
vt 0.161930 0.842943
vt 0.785486 0.327513
vt 0.785486 0.320943
vt 0.786055 0.321305
vt 0.786055 0.326663
vt 0.456725 0.777931
vt 0.453377 0.794775
vt 0.452711 0.794708
vt 0.455923 0.778388
vt 0.791823 0.333432
vt 0.791823 0.327934
vt 0.792543 0.328410
vt 0.792543 0.332894
vt 0.787727 0.326937
vt 0.787727 0.320998
vt 0.910001 0.753603
vt 0.911673 0.737509
vt 0.912307 0.737791
vt 0.910682 0.753566
vt 0.889529 0.274278
vt 0.885515 0.291054
vt 0.888727 0.274734
vt 0.763428 0.322604
vt 0.763428 0.317409
vt 0.764126 0.317980
vt 0.764126 0.322217
vt 0.786997 0.498486
vt 0.786997 0.492484
vt 0.735020 0.935490
vt 0.733947 0.918596
vt 0.454617 0.847701
vt 0.451268 0.830857
vt 0.452071 0.831315
vt 0.455283 0.847635
vt 0.452779 0.831387
vt 0.780657 0.334907
vt 0.780657 0.327934
vt 0.781158 0.328703
vt 0.781158 0.334390
vt 0.451920 0.922241
vt 0.453101 0.910253
vt 0.453789 0.910154
vt 0.906662 0.787426
vt 0.905860 0.786969
vt 0.902647 0.770649
vt 0.454544 0.896403
vt 0.456240 0.880775
vt 0.456875 0.881032
vt 0.455227 0.896350
vt 0.768178 0.317409
vt 0.768178 0.322599
vt 0.767515 0.321888
vt 0.767515 0.317656
vt 0.790139 0.320943
vt 0.790139 0.326882
vt 0.906662 0.737509
vt 0.902647 0.754286
vt 0.905860 0.737966
vt 0.913834 0.756371
vt 0.914510 0.756411
vt 0.887421 0.207517
vt 0.888087 0.207584
vt 0.884875 0.223904
vt 0.793475 0.320943
vt 0.793475 0.332919
vt 0.792801 0.332709
vt 0.792815 0.320978
vt 0.783055 0.492906
vt 0.783055 0.498611
vt 0.782357 0.497936
vt 0.782357 0.493284
vt 0.783425 0.328409
vt 0.783425 0.334096
vt 0.901208 0.787426
vt 0.900405 0.786970
vt 0.897193 0.770650
vt 0.735009 0.853485
vt 0.734987 0.839728
vt 0.735654 0.839867
vt 0.735675 0.853670
vt 0.736326 0.839735
vt 0.736348 0.853492
vt 0.897193 0.754286
vt 0.791470 0.327144
vt 0.791470 0.320943
vt 0.792119 0.321384
vt 0.792119 0.326441
vt 0.792801 0.321770
vt 0.792801 0.326353
vt 0.733285 0.918691
vt 0.732325 0.902714
vt 0.732984 0.902568
vt 0.733661 0.902628
vt 0.783241 0.327922
vt 0.783241 0.320943
vt 0.783739 0.321713
vt 0.783739 0.327405
vt 0.454617 0.863931
vt 0.455283 0.863998
vt 0.735008 0.824048
vt 0.734987 0.810228
vt 0.735654 0.810365
vt 0.735675 0.824231
vt 0.736326 0.810235
vt 0.736347 0.824055
vt 0.888087 0.257501
vt 0.031250 1.000000
vt 0.160532 0.827146
vt 0.160876 0.810164
vt 0.455888 0.926979
vt 0.451268 0.922405
vt 0.455688 0.925971
vt 0.895753 0.787426
vt 0.894951 0.786970
vt 0.891739 0.770650
vt 0.894242 0.786896
vt 0.160208 0.810175
vt 0.160590 0.793817
vt 0.187500 1.000000
vt 0.735689 0.794685
vt 0.736347 0.794869
vt 0.884073 0.274278
vt 0.884874 0.273821
vt 0.160208 0.859250
vt 0.160591 0.842913
vt 0.907319 0.781044
vt 0.908547 0.768144
vt 0.909232 0.768058
vt 0.791470 0.321766
vt 0.791470 0.326375
vt 0.790784 0.326470
vt 0.790784 0.321385
vt 0.790139 0.327178
vt 0.790139 0.320943
vt 0.889529 0.324195
vt 0.888727 0.323738
vt 0.885515 0.307418
vt 0.907900 0.767913
vt 0.909350 0.753420
vt 0.732136 0.887500
vt 0.732817 0.887851
vt 0.782746 0.321463
vt 0.782746 0.327165
vt 0.783241 0.327934
vt 0.451268 0.880775
vt 0.452071 0.880318
vt 0.452458 0.910000
vt 0.453896 0.896196
vt 0.915868 0.789667
vt 0.914803 0.772715
vt 0.887421 0.191287
vt 0.884073 0.174443
vt 0.884875 0.174900
vt 0.888087 0.191220
vt 0.885583 0.174973
vt 0.914140 0.772786
vt 0.913173 0.756495
vt 0.735690 0.824231
vt 0.736348 0.824412
vt 0.731480 0.887111
vt 0.736383 0.883958
vt 0.736135 0.884928
vt 0.736441 0.885521
vt 0.901208 0.737509
vt 0.900405 0.737966
vt 0.062500 1.000000
vt 0.156250 1.000000
vt 0.281250 1.000000
vt 0.312500 1.000000
vt 0.437500 1.000000
vt 0.531250 1.000000
vt 0.656250 1.000000
vt 0.718750 1.000000
vt 0.687500 1.000000
vt 0.812500 1.000000
vt 0.906250 1.000000
vt 0.937500 1.000000
vt 0.562500 1.000000
vt 0.187500 1.000000
vt 0.031250 1.000000
vt 0.406250 1.000000
vt 0.781250 1.000000
vt 0.888986 0.172932
vt 0.888882 0.173667
vt 0.789719 0.164632
vt 0.789719 0.170632
vt 0.783425 0.334773
vt 0.783425 0.327934
vt 0.783958 0.328705
vt 0.783958 0.334282
vt 0.764126 0.322603
vt 0.764126 0.317409
vt 0.764823 0.317985
vt 0.764823 0.322221
vt 0.784561 0.498498
vt 0.784561 0.492484
vt 0.786725 0.165469
vt 0.786725 0.170838
vt 0.787291 0.171200
vt 0.766845 0.317409
vt 0.766845 0.322622
vt 0.766182 0.321909
vt 0.766182 0.317658
vt 0.789988 0.498533
vt 0.789988 0.492666
vt 0.451830 0.829357
vt 0.451931 0.828622
vt 0.786997 0.492484
vt 0.786997 0.498498
vt 0.790492 0.333324
vt 0.790492 0.328731
vt 0.791176 0.328639
vt 0.791176 0.333707
vt 0.791823 0.334147
vt 0.768841 0.317409
vt 0.768841 0.322607
vt 0.768178 0.321894
vt 0.768178 0.317655
vt 0.790492 0.327934
vt 0.790492 0.333811
vt 0.783774 0.498406
vt 0.783774 0.492906
vt 0.784493 0.493378
vt 0.784493 0.497863
vt 0.792371 0.492553
vt 0.792371 0.498420
vt 0.782357 0.492906
vt 0.782357 0.498626
vt 0.781661 0.497947
vt 0.781661 0.493282
vt 0.780468 0.327444
vt 0.780468 0.321743
vt 0.792104 0.170021
vt 0.792104 0.164618
vt 0.792819 0.165029
vt 0.792819 0.169436
vt 0.788104 0.333915
vt 0.788104 0.328038
vt 0.766182 0.317409
vt 0.766182 0.322614
vt 0.765518 0.321903
vt 0.765518 0.317659
vt 0.789719 0.170600
vt 0.789719 0.164726
vt 0.911338 0.785535
vt 0.906662 0.781265
vt 0.911132 0.784527
vt 0.783774 0.498416
vt 0.783055 0.497935
vt 0.783055 0.493441
vt 0.792104 0.164618
vt 0.792104 0.170491
vt 0.767515 0.317409
vt 0.767515 0.322569
vt 0.766845 0.321935
vt 0.766845 0.317727
vt 0.788104 0.327945
vt 0.788104 0.333949
vt 0.456174 0.829357
vt 0.456071 0.830091
vt 0.785675 0.333938
vt 0.785675 0.327934
vt 0.093750 1.000000
vt 0.093348 1.000000
vt 0.062902 1.000000
vt 0.156250 1.000000
vt 0.155848 1.000000
vt 0.125402 1.000000
vt 0.281250 1.000000
vt 0.280848 1.000000
vt 0.250402 1.000000
vt 0.343348 1.000000
vt 0.312902 1.000000
vt 0.468348 1.000000
vt 0.437902 1.000000
vt 0.530848 1.000000
vt 0.500402 1.000000
vt 0.655848 1.000000
vt 0.625402 1.000000
vt 0.718750 1.000000
vt 0.718348 1.000000
vt 0.687902 1.000000
vt 0.843348 1.000000
vt 0.812902 1.000000
vt 0.905848 1.000000
vt 0.875402 1.000000
vt 0.937098 1.000000
vt 0.906652 1.000000
vt 0.749598 1.000000
vt 0.719152 1.000000
vt 0.562098 1.000000
vt 0.531652 1.000000
vt 0.375000 1.000000
vt 0.374598 1.000000
vt 0.344152 1.000000
vt 0.187500 1.000000
vt 0.187098 1.000000
vt 0.156652 1.000000
vt 0.000068 1.000000
vt 0.030848 1.000000
vt 0.000402 1.000000
vt 0.062098 1.000000
vt 0.031652 1.000000
vt 0.124598 1.000000
vt 0.094152 1.000000
vt 0.218750 1.000000
vt 0.218348 1.000000
vt 0.187902 1.000000
vt 0.249598 1.000000
vt 0.219152 1.000000
vt 0.312098 1.000000
vt 0.281652 1.000000
vt 0.405848 1.000000
vt 0.375402 1.000000
vt 0.437098 1.000000
vt 0.406652 1.000000
vt 0.499598 1.000000
vt 0.469152 1.000000
vt 0.593348 1.000000
vt 0.562902 1.000000
vt 0.624598 1.000000
vt 0.594152 1.000000
vt 0.687098 1.000000
vt 0.656652 1.000000
vt 0.780848 1.000000
vt 0.750402 1.000000
vt 0.812098 1.000000
vt 0.781652 1.000000
vt 0.419706 0.419706
vt 0.874598 1.000000
vt 0.844152 1.000000
vt 0.968348 1.000000
vt 0.937902 1.000000
vt 0.999932 1.000000
vt 0.250000 0.490000
vt 0.999598 1.000000
vt 0.969152 1.000000
vt 0.893498 0.737809
s 1
g module2.001_2body
usemtl 2body
f 74/1/1 5271/2/2 5272/3/3 75/4/4
f 75/4/4 5272/3/3 6/5/5 90/6/6
f 90/6/6 6/5/5 8/7/7 105/8/8
f 105/9/8 8/10/7 10/11/9 115/12/10
f 115/12/10 10/11/9 12/13/11 130/14/12
f 130/14/12 12/13/11 14/15/13 145/16/14
f 145/16/14 14/15/13 5290/17/15 2269/18/16
f 2270/23/19 5273/24/20 5274/25/21 185/26/22
f 185/26/22 5274/25/21 22/27/23 195/28/24
f 195/28/24 22/27/23 24/29/25 210/30/26
f 210/30/26 24/29/25 26/31/27 225/32/28
f 225/33/28 26/34/27 28/35/29 235/36/30
f 235/36/30 28/35/29 30/37/31 250/38/32
f 250/38/32 30/37/31 5275/39/33 265/40/34
f 265/40/34 5275/39/33 5276/41/35 2271/42/36
f 2272/47/38 5279/48/39 38/49/40 305/50/41
f 305/50/41 38/49/40 40/51/42 315/52/43
f 315/52/43 40/51/42 42/53/44 330/54/45
f 330/55/45 42/56/44 44/57/46 345/58/47
f 345/58/47 44/57/46 2207/59/48 2215/60/49
f 2216/65/51 5277/66/52 5278/67/53 2217/68/54
f 2218/73/57 5292/74/58 54/75/59 415/76/60
f 415/76/60 54/75/59 56/77/61 425/78/62
f 425/79/62 56/80/61 58/81/63 440/82/64
f 440/82/64 58/81/63 60/83/65 455/84/66
f 455/84/66 60/83/65 2267/85/67 2273/86/68
f 38/49/40 5279/48/39 5280/87/69 548/88/70
f 2274/93/72 5281/94/73 5271/2/2 74/1/1
f 5425/99/75 2268/100/72 65/101/1 5400/102/76
f 492/107/72 491/108/72 67/109/1 66/110/1
f 489/117/72 488/118/72 69/119/1 68/120/1
f 486/128/72 485/129/72 71/130/1 70/131/1
f 483/136/72 482/137/72 73/138/1 72/139/1
f 2263/150/68 478/151/50 493/152/50 2268/100/72
f 478/151/50 477/153/68 492/107/72 493/152/50
f 477/153/68 476/154/68 491/108/72 492/107/72
f 476/154/68 475/155/50 490/156/50 491/108/72
f 475/155/50 474/157/68 489/117/72 490/156/50
f 474/157/68 473/158/68 488/118/72 489/117/72
f 473/158/68 472/159/50 487/160/50 488/118/72
f 472/159/50 471/161/68 486/128/72 487/160/50
f 471/161/68 470/162/68 485/129/72 486/128/72
f 470/162/68 469/163/50 484/164/50 485/129/72
f 469/163/50 468/165/68 483/136/72 484/164/50
f 468/165/68 467/166/68 482/137/72 483/136/72
f 467/166/68 466/167/50 481/168/50 482/137/72
f 466/167/50 2273/86/68 2274/93/72 481/168/50
f 5379/169/98 464/170/66 2263/150/68 5414/171/99
f 463/175/66 462/176/66 476/154/68 477/153/68
f 461/184/66 460/185/66 473/158/68 474/157/68
f 459/190/66 458/191/66 470/162/68 471/161/68
f 457/198/66 456/199/66 467/166/68 468/165/68
f 5380/206/105 454/207/64 464/170/66 5379/169/98
f 452/213/64 451/214/64 462/176/66 463/175/66
f 449/218/64 448/219/64 460/185/66 461/184/66
f 446/226/64 445/227/64 458/191/66 459/190/66
f 443/233/64 442/234/64 456/199/66 457/198/66
f 5381/239/111 439/240/62 454/207/64 5380/206/105
f 439/240/62 438/241/112 453/242/112 454/207/64
f 438/241/112 437/243/62 452/213/64 453/242/112
f 437/243/62 436/244/62 451/214/64 452/213/64
f 436/244/62 435/245/112 450/246/112 451/214/64
f 435/245/112 434/247/62 449/218/64 450/246/112
f 434/247/62 433/248/62 448/219/64 449/218/64
f 433/248/62 432/249/112 447/250/112 448/219/64
f 432/249/112 431/251/62 446/226/64 447/250/112
f 431/251/62 430/252/62 445/227/64 446/226/64
f 430/252/62 429/253/112 444/254/112 445/227/64
f 429/253/112 428/255/62 443/233/64 444/254/112
f 428/255/62 427/256/62 442/234/64 443/233/64
f 427/256/62 426/257/112 441/258/112 442/234/64
f 426/257/112 425/79/62 440/82/64 441/258/112
f 5382/259/113 424/260/60 439/261/62 5381/262/111
f 423/266/60 422/267/60 436/268/62 437/269/62
f 421/273/60 420/274/60 433/275/62 434/276/62
f 419/281/60 418/282/60 430/283/62 431/284/62
f 417/288/60 416/289/60 427/290/62 428/291/62
f 5405/297/121 2214/298/57 424/260/60 5382/259/113
f 412/303/57 411/304/57 422/267/60 423/266/60
f 409/309/57 408/310/57 420/274/60 421/273/60
f 406/316/57 405/317/57 418/282/60 419/281/60
f 403/323/57 402/324/57 416/289/60 417/288/60
f 2209/335/54 398/336/124 413/337/124 2214/298/57
f 398/336/124 397/338/124 412/303/57 413/337/124
f 397/338/124 396/339/124 411/304/57 412/303/57
f 396/339/124 395/340/124 410/341/124 411/304/57
f 395/340/124 394/342/124 409/309/57 410/341/124
f 394/342/124 393/343/124 408/310/57 409/309/57
f 393/343/124 392/344/124 407/345/124 408/310/57
f 392/344/124 391/346/124 406/316/57 407/345/124
f 391/346/124 390/347/124 405/317/57 406/316/57
f 390/347/124 389/348/124 404/349/124 405/317/57
f 389/348/124 388/350/124 403/323/57 404/349/124
f 388/350/124 387/351/124 402/324/57 403/323/57
f 387/351/124 386/352/124 401/353/124 402/324/57
f 386/352/124 2217/68/54 2218/73/57 401/353/124
f 5432/354/125 2208/355/51 2209/335/54 5404/356/126
f 376/357/127 375/358/127 2088/359/127 2089/360/127
f 388/361/128 389/362/128 2102/363/128 2101/364/128
f 375/358/127 374/365/127 2087/366/127 2088/359/127
f 387/367/128 388/361/128 2101/364/128 2100/368/128
f 374/365/127 373/369/127 2086/370/127 2087/366/127
f 386/371/128 387/367/128 2100/368/128 2099/372/128
f 373/369/127 372/373/127 2085/374/127 2086/370/127
f 2217/375/128 386/371/128 2099/372/128 2098/376/128
f 398/377/128 2209/378/128 2112/379/128 2111/380/128
f 372/373/127 371/381/127 2084/382/127 2085/374/127
f 397/383/128 398/377/128 2111/380/128 2110/384/128
f 371/381/127 2216/385/127 2083/386/127 2084/382/127
f 2208/376/127 383/387/127 2096/388/127 2097/389/127
f 396/390/128 397/383/128 2110/384/128 2109/391/128
f 2203/396/49 368/397/96 383/398/96 2208/355/51
f 368/397/96 367/399/49 382/400/96 383/398/96
f 367/399/49 366/401/49 381/402/96 382/400/96
f 366/401/49 365/403/96 380/404/96 381/402/96
f 365/403/96 364/405/49 379/406/96 380/404/96
f 364/405/49 363/407/49 378/408/96 379/406/96
f 363/407/49 362/409/96 377/410/96 378/408/96
f 362/409/96 361/411/49 376/412/96 377/410/96
f 361/411/49 360/413/49 375/414/96 376/412/96
f 360/413/49 359/415/96 374/416/96 375/414/96
f 359/415/96 358/417/49 373/418/96 374/416/96
f 358/417/49 357/419/49 372/420/96 373/418/96
f 357/419/49 356/421/96 371/422/96 372/420/96
f 356/421/96 2215/60/49 2216/65/51 371/422/96
f 5383/423/130 354/424/47 2203/396/49 5423/425/131
f 353/429/47 352/430/47 366/401/49 367/399/49
f 351/437/47 350/438/47 363/407/49 364/405/49
f 349/444/47 348/445/47 360/413/49 361/411/49
f 347/453/47 346/454/47 357/419/49 358/417/49
f 5384/459/142 344/460/45 354/424/47 5383/423/130
f 342/469/45 341/470/45 352/430/47 353/429/47
f 339/475/45 338/476/45 350/438/47 351/437/47
f 336/483/45 335/484/45 348/445/47 349/444/47
f 333/493/45 332/494/45 346/454/47 347/453/47
f 5385/499/152 329/500/43 344/501/45 5384/502/142
f 329/500/43 328/503/153 343/504/153 344/501/45
f 328/503/153 327/505/43 342/506/45 343/504/153
f 327/505/43 326/507/43 341/508/45 342/506/45
f 326/507/43 325/509/153 340/510/153 341/508/45
f 325/509/153 324/511/43 339/512/45 340/510/153
f 324/511/43 323/513/43 338/514/45 339/512/45
f 323/513/43 322/515/153 337/516/153 338/514/45
f 322/515/153 321/517/43 336/518/45 337/516/153
f 321/517/43 320/519/43 335/520/45 336/518/45
f 320/519/43 319/521/153 334/522/153 335/520/45
f 319/521/153 318/523/43 333/524/45 334/522/153
f 318/523/43 317/525/43 332/526/45 333/524/45
f 317/525/43 316/527/153 331/528/153 332/526/45
f 316/527/153 315/52/43 330/54/45 331/528/153
f 5386/529/154 314/530/41 329/500/43 5385/499/152
f 313/534/41 312/535/41 326/507/43 327/505/43
f 311/540/41 310/541/41 323/513/43 324/511/43
f 309/546/41 308/547/41 320/519/43 321/517/43
f 307/553/41 306/554/41 317/525/43 318/523/43
f 5418/558/163 2262/559/38 314/530/41 5386/529/154
f 302/563/38 301/564/38 312/535/41 313/534/41
f 299/571/38 298/572/38 310/541/41 311/540/41
f 296/576/38 295/577/38 308/547/41 309/546/41
f 293/582/38 292/583/38 306/554/41 307/553/41
f 2257/590/36 288/591/55 303/592/55 2262/559/38
f 288/591/55 287/593/36 302/563/38 303/592/55
f 287/593/36 286/594/36 301/564/38 302/563/38
f 286/594/36 285/595/55 300/596/55 301/564/38
f 285/595/55 284/597/36 299/571/38 300/596/55
f 284/597/36 283/598/36 298/572/38 299/571/38
f 283/598/36 282/599/55 297/600/55 298/572/38
f 282/599/55 281/601/36 296/576/38 297/600/55
f 281/601/36 280/602/36 295/577/38 296/576/38
f 280/602/36 279/603/55 294/604/55 295/577/38
f 279/603/55 278/605/36 293/582/38 294/604/55
f 278/605/36 277/606/36 292/583/38 293/582/38
f 277/606/36 276/607/55 291/608/55 292/583/38
f 276/607/55 2271/42/36 2272/47/38 291/608/55
f 5387/609/164 274/610/34 2257/590/36 5401/611/165
f 273/615/34 272/616/34 286/594/36 287/593/36
f 271/621/34 270/622/34 283/598/36 284/597/36
f 269/626/34 268/627/34 280/602/36 281/601/36
f 267/632/34 266/633/34 277/606/36 278/605/36
f 5388/638/171 264/639/32 274/610/34 5387/609/164
f 262/644/32 261/645/32 272/616/34 273/615/34
f 259/651/32 258/652/32 270/622/34 271/621/34
f 256/657/32 255/658/32 268/627/34 269/626/34
f 253/662/32 252/663/32 266/633/34 267/632/34
f 5389/668/176 249/669/30 264/639/32 5388/638/171
f 249/669/30 248/670/177 263/671/177 264/639/32
f 248/670/177 247/672/30 262/644/32 263/671/177
f 247/672/30 246/673/30 261/645/32 262/644/32
f 246/673/30 245/674/177 260/675/177 261/645/32
f 245/674/177 244/676/30 259/651/32 260/675/177
f 244/676/30 243/677/30 258/652/32 259/651/32
f 243/677/30 242/678/177 257/679/177 258/652/32
f 242/678/177 241/680/30 256/657/32 257/679/177
f 241/680/30 240/681/30 255/658/32 256/657/32
f 240/681/30 239/682/177 254/683/177 255/658/32
f 239/682/177 238/684/30 253/662/32 254/683/177
f 238/684/30 237/685/30 252/663/32 253/662/32
f 237/685/30 236/686/177 251/687/177 252/663/32
f 236/686/177 235/36/30 250/38/32 251/687/177
f 5390/688/178 234/689/28 249/669/30 5389/668/176
f 233/694/28 232/695/28 246/673/30 247/672/30
f 231/699/28 230/700/28 243/677/30 244/676/30
f 229/705/28 228/706/28 240/681/30 241/680/30
f 227/710/28 226/711/28 237/685/30 238/684/30
f 5391/716/182 224/717/26 234/718/28 5390/719/178
f 222/725/26 221/726/26 232/727/28 233/728/28
f 219/735/26 218/736/26 230/737/28 231/738/28
f 216/744/26 215/745/26 228/746/28 229/747/28
f 213/751/26 212/752/26 226/753/28 227/754/28
f 5392/760/186 209/761/24 224/717/26 5391/716/182
f 209/761/24 208/762/187 223/763/187 224/717/26
f 208/762/187 207/764/24 222/725/26 223/763/187
f 207/764/24 206/765/24 221/726/26 222/725/26
f 206/765/24 205/766/187 220/767/187 221/726/26
f 205/766/187 204/768/24 219/735/26 220/767/187
f 204/768/24 203/769/24 218/736/26 219/735/26
f 203/769/24 202/770/187 217/771/187 218/736/26
f 202/770/187 201/772/24 216/744/26 217/771/187
f 201/772/24 200/773/24 215/745/26 216/744/26
f 200/773/24 199/774/187 214/775/187 215/745/26
f 199/774/187 198/776/24 213/751/26 214/775/187
f 198/776/24 197/777/24 212/752/26 213/751/26
f 197/777/24 196/778/187 211/779/187 212/752/26
f 196/778/187 195/28/24 210/30/26 211/779/187
f 5393/780/188 194/781/22 209/761/24 5392/760/186
f 193/786/22 192/787/22 206/765/24 207/764/24
f 191/792/22 190/793/22 203/769/24 204/768/24
f 189/797/22 188/798/22 200/773/24 201/772/24
f 187/803/22 186/804/22 197/777/24 198/776/24
f 5394/808/196 2256/809/19 194/781/22 5393/780/188
f 182/813/19 181/814/19 192/787/22 193/786/22
f 179/821/19 178/822/19 190/793/22 191/792/22
f 176/827/19 175/828/19 188/798/22 189/797/22
f 173/832/19 172/833/19 186/804/22 187/803/22
f 2251/839/16 168/840/199 183/841/199 2256/809/19
f 168/840/199 167/842/16 182/813/19 183/841/199
f 167/842/16 166/843/16 181/814/19 182/813/19
f 166/843/16 165/844/199 180/845/199 181/814/19
f 165/844/199 164/846/16 179/821/19 180/845/199
f 164/846/16 163/847/16 178/822/19 179/821/19
f 163/847/16 162/848/199 177/849/199 178/822/19
f 162/848/199 161/850/16 176/827/19 177/849/199
f 161/850/16 160/851/16 175/828/19 176/827/19
f 160/851/16 159/852/199 174/853/199 175/828/19
f 159/852/199 158/854/16 173/832/19 174/853/199
f 158/854/16 157/855/16 172/833/19 173/832/19
f 157/855/16 156/856/199 171/857/199 172/833/19
f 156/856/199 2269/18/16 2270/23/19 171/857/199
f 5375/858/200 154/859/14 2251/839/16 5376/860/201
f 153/864/14 152/865/14 166/843/16 167/842/16
f 151/872/14 150/873/14 163/847/16 164/846/16
f 149/877/14 148/878/14 160/851/16 161/850/16
f 147/883/14 146/884/14 157/855/16 158/854/16
f 5395/888/203 144/889/12 154/859/14 5375/858/200
f 142/896/12 141/897/12 152/865/14 153/864/14
f 139/900/12 138/901/12 150/873/14 151/872/14
f 136/903/12 135/904/12 148/878/14 149/877/14
f 133/908/12 132/909/12 146/884/14 147/883/14
f 5396/913/204 129/914/10 144/889/12 5395/888/203
f 129/914/10 128/915/205 143/916/205 144/889/12
f 128/915/205 127/917/10 142/896/12 143/916/205
f 127/917/10 126/918/10 141/897/12 142/896/12
f 126/918/10 125/919/205 140/920/205 141/897/12
f 125/919/205 124/921/10 139/900/12 140/920/205
f 124/921/10 123/922/10 138/901/12 139/900/12
f 123/922/10 122/923/205 137/924/205 138/901/12
f 122/923/205 121/925/10 136/903/12 137/924/205
f 121/925/10 120/926/10 135/904/12 136/903/12
f 120/926/10 119/927/205 134/928/205 135/904/12
f 119/927/205 118/929/10 133/908/12 134/928/205
f 118/929/10 117/930/10 132/909/12 133/908/12
f 117/930/10 116/931/205 131/932/205 132/909/12
f 116/931/205 115/12/10 130/14/12 131/932/205
f 5397/933/206 114/934/8 129/914/10 5396/913/204
f 113/938/8 112/939/8 126/918/10 127/917/10
f 111/943/8 110/944/8 123/922/10 124/921/10
f 109/949/8 108/950/8 120/926/10 121/925/10
f 107/955/8 106/956/8 117/930/10 118/929/10
f 5398/961/213 104/962/6 114/963/8 5397/964/206
f 102/968/6 101/969/6 112/970/8 113/971/8
f 99/975/6 98/976/6 110/977/8 111/978/8
f 96/983/6 95/984/6 108/985/8 109/986/8
f 93/990/6 92/991/6 106/992/8 107/993/8
f 5399/999/222 89/1000/4 104/962/6 5398/961/213
f 89/1000/4 88/1001/223 103/1002/223 104/962/6
f 88/1001/223 87/1003/4 102/968/6 103/1002/223
f 87/1003/4 86/1004/4 101/969/6 102/968/6
f 86/1004/4 85/1005/223 100/1006/223 101/969/6
f 85/1005/223 84/1007/4 99/975/6 100/1006/223
f 84/1007/4 83/1008/4 98/976/6 99/975/6
f 83/1008/4 82/1009/223 97/1010/223 98/976/6
f 82/1009/223 81/1011/4 96/983/6 97/1010/223
f 81/1011/4 80/1012/4 95/984/6 96/983/6
f 80/1012/4 79/1013/223 94/1014/223 95/984/6
f 79/1013/223 78/1015/4 93/990/6 94/1014/223
f 78/1015/4 77/1016/4 92/991/6 93/990/6
f 77/1016/4 76/1017/223 91/1018/223 92/991/6
f 76/1017/223 75/4/4 90/6/6 91/1018/223
f 5400/102/76 65/101/1 89/1000/4 5399/999/222
f 66/110/1 67/109/1 86/1004/4 87/1003/4
f 68/120/1 69/119/1 83/1008/4 84/1007/4
f 70/131/1 71/130/1 80/1012/4 81/1011/4
f 72/139/1 73/138/1 77/1016/4 78/1015/4
f 56/77/61 54/75/59 540/1937/522 539/1938/523
f 12/13/11 10/11/9 562/1939/524 561/1940/525
f 30/37/31 28/35/29 553/1941/526 552/1942/527
f 5277/66/52 2207/59/48 544/1943/528 5282/1944/529
f 22/27/23 5274/25/21 5286/1951/535 556/1952/536
f 40/51/42 38/49/40 548/88/70 547/1953/537
f 58/81/63 56/80/61 539/1954/523 538/1955/538
f 14/15/13 12/13/11 561/1940/525 560/1956/539
f 5275/39/33 30/37/31 552/1942/527 5287/1957/540
f 6/5/5 5272/3/3 5284/1962/544 564/1963/545
f 24/29/25 22/27/23 556/1952/536 555/1964/546
f 42/53/44 40/51/42 547/1953/537 546/1965/547
f 60/83/65 58/81/63 538/1955/538 537/1966/548
f 5290/17/15 14/15/13 560/1956/539 5289/1967/549
f 8/7/7 6/5/5 564/1963/545 563/1974/555
f 26/31/27 24/29/25 555/1964/546 554/1975/556
f 44/57/46 42/56/44 546/1976/547 545/1977/557
f 2267/85/67 60/83/65 537/1966/548 536/1978/558
f 54/75/59 5292/74/58 5293/1985/564 540/1937/522
f 10/11/9 8/10/7 563/1986/555 562/1939/524
f 28/35/29 26/34/27 554/1987/556 553/1941/526
f 2207/59/48 44/57/46 545/1977/557 544/1943/528
f 5281/94/73 2267/85/67 536/1978/558 5285/1988/565
f 5314/1991/568 5311/1992/569 5312/1993/570 5313/1994/571
f 5284/1962/544 565/2006/572 2928/2007/1 2916/2008/573
f 5293/1985/564 5288/2013/574 2942/2014/174 2934/2015/575
f 562/1939/524 563/1986/555 2950/2022/8 2904/2023/576
f 5286/1951/535 5294/2026/577 2956/2027/578 2938/2028/22
f 5280/87/69 5291/2029/579 2921/2030/580 2908/2031/581
f 5287/1957/540 552/1942/527 2958/2032/582 2920/2033/34
f 536/1978/558 537/1966/548 2925/2038/66 2912/2039/585
f 555/1964/546 556/1952/536 2939/2044/586 2930/2045/587
f 538/1955/538 539/1954/523 2963/2046/588 2924/2047/589
f 544/1943/528 545/1977/557 2961/2054/47 2946/2055/590
f 5333/2056/591 5318/2057/585 3634/2058/585 3635/2059/591
f 5326/2068/595 5323/2069/596 5324/2070/597 5325/2071/598
f 5320/2076/600 5329/2077/601 5330/2078/602 5321/2079/603
f 5342/2088/606 5339/2089/607 5340/2090/608 5341/2091/609
f 5332/2092/610 5315/2093/611 5318/2057/612 5333/2056/613
f 5316/2102/616 5327/2103/617 5328/2104/618 5317/2105/619
f 5346/2110/621 5331/2111/622 5334/2112/622 5347/2113/623
f 5353/2122/626 5335/2123/627 5338/2124/627 5354/2125/628
f 5336/2130/630 5343/2131/631 5344/2132/632 5337/2133/633
f 5367/2146/637 5349/2147/638 5352/2148/639 5368/2149/640
f 5350/2154/642 5355/2155/643 5358/2156/643 5351/2157/644
f 5369/2158/645 5345/2159/646 5348/2160/647 5370/2161/648
f 5364/2166/651 5319/2167/652 5322/2168/652 5365/2169/653
f 5372/2170/654 5359/2171/655 5362/2172/656 5373/2173/657
f 5356/2174/658 5371/2175/659 5374/2176/660 5357/2177/661
f 5360/2178/662 5363/2179/663 5366/2180/664 5361/2181/665
f 5344/2132/590 5313/1994/47 3642/2184/47 3643/2185/590
f 3733/2186/37 3652/2187/37 3788/2188/37 3793/2189/37
f 5317/2105/66 5328/2104/589 3658/2190/589 3659/2191/66
f 3668/2192/37 3665/2193/37 3801/2194/37 3803/2195/37
f 5347/2113/573 5334/2112/1 3674/2196/1 3650/2197/573
f 5324/2070/60 5354/2125/575 3678/2198/575 3679/2199/60
f 3688/2200/37 3685/2201/37 3773/2202/37 3796/2203/37
f 5325/2071/588 5324/2070/60 3679/2199/60 3755/2204/588
f 3700/2205/37 3697/2206/37 3766/2207/37 3775/2208/37
f 3094/2209/71 3081/2210/71 3194/2211/71 3201/2212/71
f 3712/2213/37 3709/2214/37 3785/2215/37 3760/2216/37
f 5341/2091/666 5340/2090/576 3735/2217/576 3726/2218/666
f 5330/2078/14 5341/2091/666 3726/2218/666 3727/2219/14
f 3086/2220/71 3039/2221/71 4026/2222/71 4023/2223/71
f 3740/2224/71 3745/2225/71 3770/2226/71 3779/2227/71
f 5351/2157/581 5358/2156/580 3687/2228/580 3666/2229/581
f 3758/2230/588 3682/2231/60 3079/2232/60 3037/2233/588
f 5322/2168/578 5321/2079/321 3754/2234/321 3750/2235/578
f 5312/2236/667 5368/2149/668 3718/2237/668 3719/2238/667
f 3730/2239/14 3723/2240/666 3065/2241/666 3064/2242/14
f 5357/2177/34 5374/2176/582 3743/2243/582 3686/2244/34
f 5361/2181/587 5366/2180/586 3711/2245/586 3698/2246/587
f 5337/2133/331 5344/2132/590 3643/2185/590 3703/2247/331
f 5334/2112/1 5333/2056/591 3635/2059/591 3674/2196/1
f 3784/2248/22 3762/2249/586 3759/2250/586 3786/2251/22
f 3702/2252/28 3695/2253/587 3057/2254/587 3056/2255/28
f 3689/2256/71 3664/2257/71 3800/2258/71 3798/2259/71
f 3731/2260/8 3654/2261/669 3071/2262/669 3069/2263/8
f 3670/2264/41 3663/2265/581 3049/2266/581 3048/2267/41
f 3696/2268/71 3701/2269/71 3777/2270/71 3764/2271/71
f 5321/2079/321 5330/2078/14 3727/2219/14 3754/2234/321
f 3123/2272/60 3126/2273/575 3341/2274/575 3340/2275/60
f 3707/2278/22 3747/2279/578 3073/2280/578 3061/2281/22
f 3654/2261/669 3647/2284/573 3093/2285/573 3071/2262/669
f 3738/2288/576 3731/2289/8 3069/2290/8 3068/2291/576
f 3751/2292/321 3730/2239/14 3064/2242/14 3091/2293/321
f 3062/2296/71 3074/2297/71 4017/2298/71 4015/2299/71
f 3739/2302/670 3702/2303/28 3056/2304/28 3089/2305/670
f 1843/2306/96 1844/2307/96 4050/2308/590 4047/2309/331
f 3054/2310/71 3076/2311/71 3187/2312/71 3169/2313/71
f 3095/2314/582 3098/2315/670 3313/2316/670 3312/2317/582
f 1850/2318/124 1842/2319/124 4046/2320/174 4043/2321/575
f 3715/2322/668 3670/2264/41 3048/2267/41 3087/2323/668
f 3747/2279/578 3751/2292/321 3091/2293/321 3073/2280/578
f 3046/2326/71 3078/2327/71 3189/2328/71 3165/2329/71
f 3067/2330/71 3070/2331/71 3183/2332/71 3182/2333/71
f 3675/2336/575 3691/2337/174 3040/2338/174 3085/2339/575
f 3723/2240/666 3738/2288/576 3068/2291/576 3065/2241/666
f 1849/2340/50 1841/2341/50 4042/2342/585 4039/2343/591
f 3655/2344/589 3758/2345/588 3037/2346/588 3036/2347/589
f 3746/2348/582 3739/2302/670 3089/2305/670 3075/2349/582
f 3638/2352/591 3631/2353/585 3032/2354/585 3083/2355/591
f 3714/2356/586 3707/2278/22 3061/2281/22 3060/2357/586
f 3198/2364/670 3171/2365/28 3216/2366/28 3241/2367/670
f 3177/2372/14 3180/2373/666 3223/2374/666 3222/2375/14
f 3192/2376/60 4024/2377/575 4043/2321/575 3235/2378/60
f 3200/2379/321 3177/2372/14 3222/2375/14 3243/2380/321
f 4033/2381/580 3170/2382/34 3213/2383/34 4054/2384/580
f 3184/2385/8 3186/2386/669 3229/2387/669 3227/2388/8
f 3186/2386/669 3202/2393/573 3245/2394/573 3229/2387/669
f 3190/2395/667 3196/2396/668 3239/2397/668 3233/2398/667
f 3174/2403/587 3175/2404/586 3220/2405/586 3217/2406/587
f 3171/2407/28 3174/2403/587 3217/2406/587 3216/2408/28
f 3175/2404/586 4016/2409/22 4035/2410/22 3220/2405/586
f 3167/2411/41 4032/2412/581 4051/2413/581 3212/2414/41
f 3160/2415/66 3161/2416/589 3206/2417/589 3203/2418/66
f 4029/2419/590 3166/2420/47 3209/2421/47 4050/2308/590
f 3164/2422/588 3192/2376/60 3235/2378/60 3207/2423/588
f 3180/2373/666 3181/2424/576 3226/2425/576 3223/2374/666
f 3202/2393/573 3193/2426/1 3238/2427/1 3245/2394/573
f 1842/2319/124 1832/2428/124 4025/2429/174 4046/2320/174
f 3181/2424/576 3184/2430/8 3227/2431/8 3226/2425/576
f 3166/2420/47 3190/2436/667 3233/2437/667 3209/2421/47
f 3188/2438/582 3198/2364/670 3241/2367/670 3231/2439/582
f 3161/2416/589 3164/2440/588 3207/2441/588 3206/2417/589
f 3196/2396/668 3167/2411/41 3212/2414/41 3239/2397/668
f 4018/2442/578 3200/2379/321 3243/2380/321 4037/2443/578
f 3193/2426/1 4020/2444/591 4039/2343/591 3238/2427/1
f 3170/2382/34 3188/2438/582 3231/2439/582 3213/2383/34
f 3683/2445/34 3746/2348/582 3075/2349/582 3053/2446/34
f 3247/2447/585 3250/2448/66 3441/2449/66 3440/2450/585
f 3639/2451/47 3722/2452/667 3077/2453/667 3045/2454/47
f 3691/2337/174 3706/2459/331 3041/2460/331 3040/2338/174
f 3647/2284/573 3671/2462/1 3082/2463/1 3093/2285/573
f 3662/2468/66 3655/2344/589 3036/2347/589 3033/2469/66
f 3035/2472/71 3038/2473/71 3163/2474/71 3162/2475/71
f 3671/2462/1 3638/2352/591 3083/2355/591 3082/2463/1
f 3706/2459/331 3646/2479/590 3044/2480/590 3041/2460/331
f 3646/2479/590 3639/2451/47 3045/2454/47 3044/2480/590
f 3682/2231/60 3675/2336/575 3085/2339/575 3079/2232/60
f 3663/2265/581 3690/2482/580 3052/2483/580 3049/2266/581
f 3690/2482/580 3683/2445/34 3053/2446/34 3052/2483/580
f 3722/2485/667 3715/2322/668 3087/2323/668 3077/2486/667
f 3695/2253/587 3714/2356/586 3060/2357/586 3057/2254/587
f 3148/2488/34 3095/2314/582 3312/2317/582 3363/2489/34
f 3102/2490/587 3144/2491/586 3359/2492/586 3317/2493/587
f 3150/2494/22 3103/2495/578 3320/2496/578 3365/2497/22
f 3110/2498/666 3142/2499/576 3357/2500/576 3325/2501/666
f 3152/2502/8 3111/2503/669 3328/2504/669 3367/2505/8
f 3118/2506/591 3140/2507/585 3355/2508/585 3333/2509/591
f 3154/2510/66 3119/2511/589 3336/2512/589 3369/2513/66
f 3126/2273/575 3138/2514/174 3353/2515/174 3341/2274/575
f 3156/2516/331 3127/2517/590 3344/2518/590 3371/2519/331
f 3134/2520/668 3136/2521/41 3351/2522/41 3349/2523/668
f 3136/2521/41 3158/2524/581 3373/2525/581 3351/2522/41
f 3127/2517/590 3130/2526/47 3345/2527/47 3344/2518/590
f 3119/2511/589 3122/2528/588 3337/2529/588 3336/2512/589
f 3111/2503/669 3114/2530/573 3329/2531/573 3328/2504/669
f 3103/2495/578 3106/2532/321 3321/2533/321 3320/2496/578
f 3158/2524/581 3145/2534/580 3362/2535/580 3373/2525/581
f 3097/2536/37 3096/2537/37 1851/2538/37 1852/2539/37
f 3099/2540/28 3102/2490/587 3317/2493/587 3316/2541/28
f 3145/2534/580 3148/2488/34 3363/2489/34 3362/2535/580
f 3105/2542/37 3104/2543/37 1855/2544/37 1856/2545/37
f 3107/2546/14 3110/2498/666 3325/2501/666 3324/2547/14
f 3144/2491/586 3150/2494/22 3365/2497/22 3359/2492/586
f 3113/2548/37 3112/2549/37 1859/2550/37 1860/2551/37
f 3115/2552/1 3118/2506/591 3333/2509/591 3332/2553/1
f 3142/2499/576 3152/2554/8 3367/2555/8 3357/2500/576
f 3121/2556/37 3120/2557/37 1863/2558/37 1864/2559/37
f 3122/2560/588 3123/2272/60 3340/2275/60 3337/2561/588
f 3140/2507/585 3154/2510/66 3369/2513/66 3355/2508/585
f 3129/2562/37 3128/2563/37 1867/2564/37 1868/2565/37
f 3131/2566/667 3134/2520/668 3349/2523/668 3348/2567/667
f 3138/2514/174 3156/2516/331 3371/2519/331 3353/2515/174
f 3147/2568/37 3146/2569/37 1876/2570/37 1877/2571/37
f 3298/2572/37 3309/2573/37 3374/2574/37 3361/2575/37
f 3141/2576/37 3109/2577/37 1858/2578/37 1874/2579/37
f 3096/2537/37 3147/2568/37 1877/2571/37 1851/2538/37
f 3155/2580/37 3137/2581/37 1872/2582/37 1881/2583/37
f 3143/2584/37 3101/2585/37 1854/2586/37 1875/2587/37
f 3101/2585/37 3100/2588/37 1853/2589/37 1854/2586/37
f 3130/2526/47 3131/2590/667 3348/2591/667 3345/2527/47
f 3146/2569/37 3157/2592/37 1882/2593/37 1876/2570/37
f 3104/2543/37 3149/2594/37 1878/2595/37 1855/2544/37
f 3132/2596/37 3129/2562/37 1868/2565/37 1869/2597/37
f 3098/2315/670 3099/2598/28 3316/2599/28 3313/2316/670
f 3109/2577/37 3108/2600/37 1857/2601/37 1858/2578/37
f 3157/2592/37 3135/2602/37 1871/2603/37 1882/2593/37
f 3100/2588/37 3097/2536/37 1852/2539/37 1853/2589/37
f 3112/2549/37 3151/2604/37 1879/2605/37 1859/2550/37
f 4021/2606/673 3160/2415/66 3203/2418/66 4042/2342/585
f 3149/2594/37 3143/2584/37 1875/2587/37 1878/2595/37
f 3117/2607/37 3116/2608/37 1861/2609/37 1862/2610/37
f 3106/2532/321 3107/2546/14 3324/2547/14 3321/2533/321
f 3120/2557/37 3153/2611/37 1880/2612/37 1863/2558/37
f 3108/2600/37 3105/2542/37 1856/2545/37 1857/2601/37
f 3125/2613/37 3124/2614/37 1865/2615/37 1866/2616/37
f 3151/2604/37 3141/2576/37 1874/2579/37 1879/2605/37
f 3128/2563/37 3155/2580/37 1881/2583/37 1867/2564/37
f 3114/2530/573 3115/2552/1 3332/2553/1 3329/2531/573
f 3133/2617/37 3132/2596/37 1869/2597/37 1870/2618/37
f 3116/2608/37 3113/2548/37 1860/2551/37 1861/2609/37
f 3135/2602/37 3133/2617/37 1870/2618/37 1871/2603/37
f 3153/2611/37 3139/2619/37 1873/2620/37 1880/2612/37
f 3137/2581/37 3125/2613/37 1866/2616/37 1872/2582/37
f 3124/2614/37 3121/2556/37 1864/2559/37 1865/2615/37
f 3139/2619/37 3117/2607/37 1862/2610/37 1873/2620/37
f 3300/2621/591 3247/2447/585 3440/2450/585 3491/2622/591
f 3254/2623/588 3296/2624/60 3487/2625/60 3445/2626/588
f 3302/2627/575 3255/2628/174 3448/2629/174 3493/2630/575
f 3262/2631/47 3294/2632/667 3485/2633/667 3453/2634/47
f 3304/2635/668 3263/2636/41 3456/2637/41 3495/2638/668
f 3270/2639/34 3292/2640/582 3483/2641/582 3461/2642/34
f 3306/2643/670 3271/2644/28 3464/2645/28 3497/2646/670
f 3278/2647/22 3290/2648/578 3481/2649/578 3469/2650/22
f 3308/2651/321 3279/2652/14 3472/2653/14 3499/2654/321
f 3286/2655/8 3288/2656/669 3479/2657/669 3477/2658/8
f 3288/2656/669 3310/2659/573 3501/2660/573 3479/2657/669
f 3279/2652/14 3282/2661/666 3473/2662/666 3472/2653/14
f 3271/2663/28 3274/2664/587 3465/2665/587 3464/2666/28
f 3263/2636/41 3266/2667/581 3457/2668/581 3456/2637/41
f 3255/2628/174 3258/2669/331 3449/2670/331 3448/2629/174
f 3310/2659/573 3297/2671/1 3490/2672/1 3501/2660/573
f 3249/2673/37 3248/2674/37 3311/2675/37 3314/2676/37
f 3251/2677/589 3254/2678/588 3445/2679/588 3444/2680/589
f 3299/2681/37 3298/2572/37 3361/2575/37 3364/2682/37
f 3257/2683/37 3256/2684/37 3319/2685/37 3322/2686/37
f 3259/2687/590 3262/2631/47 3453/2634/47 3452/2688/590
f 3296/2624/60 3302/2627/575 3493/2630/575 3487/2625/60
f 3265/2689/37 3264/2690/37 3327/2691/37 3330/2692/37
f 3267/2693/580 3270/2639/34 3461/2642/34 3460/2694/580
f 3294/2695/667 3304/2635/668 3495/2638/668 3485/2696/667
f 3273/2697/37 3272/2698/37 3335/2699/37 3338/2700/37
f 3275/2701/586 3278/2647/22 3469/2650/22 3468/2702/586
f 3292/2640/582 3306/2643/670 3497/2646/670 3483/2641/582
f 3281/2703/37 3280/2704/37 3343/2705/37 3346/2706/37
f 3283/2707/576 3286/2708/8 3477/2709/8 3476/2710/576
f 3290/2648/578 3308/2651/321 3499/2654/321 3481/2649/578
f 3375/2711/582 3378/2712/670 3505/2713/670 3504/2714/582
f 3406/2715/575 3418/2716/174 3545/2717/174 3533/2718/575
f 3256/2684/37 3301/2719/37 3366/2720/37 3319/2685/37
f 3284/2721/37 3281/2703/37 3346/2706/37 3347/2722/37
f 3250/2448/66 3251/2677/589 3444/2680/589 3441/2449/66
f 3261/2723/37 3260/2724/37 3323/2725/37 3326/2726/37
f 3309/2573/37 3287/2727/37 3352/2728/37 3374/2574/37
f 3252/2729/37 3249/2673/37 3314/2676/37 3315/2730/37
f 3264/2690/37 3303/2731/37 3368/2732/37 3327/2691/37
f 3297/2671/1 3300/2621/591 3491/2622/591 3490/2672/1
f 3301/2719/37 3295/2733/37 3360/2734/37 3366/2720/37
f 3269/2735/37 3268/2736/37 3331/2737/37 3334/2738/37
f 3258/2669/331 3259/2687/590 3452/2688/590 3449/2670/331
f 3272/2698/37 3305/2739/37 3370/2740/37 3335/2699/37
f 3260/2724/37 3257/2683/37 3322/2686/37 3323/2725/37
f 3277/2741/37 3276/2742/37 3339/2743/37 3342/2744/37
f 3303/2731/37 3293/2745/37 3358/2746/37 3368/2732/37
f 3280/2704/37 3307/2747/37 3372/2748/37 3343/2705/37
f 3266/2667/581 3267/2693/580 3460/2694/580 3457/2668/581
f 3285/2749/37 3284/2721/37 3347/2722/37 3350/2750/37
f 3268/2736/37 3265/2689/37 3330/2692/37 3331/2737/37
f 3287/2727/37 3285/2749/37 3350/2750/37 3352/2728/37
f 3305/2739/37 3291/2751/37 3356/2752/37 3370/2740/37
f 3289/2753/37 3277/2741/37 3342/2744/37 3354/2754/37
f 3274/2664/587 3275/2701/586 3468/2702/586 3465/2665/587
f 3291/2751/37 3269/2735/37 3334/2738/37 3356/2752/37
f 3276/2742/37 3273/2697/37 3338/2700/37 3339/2743/37
f 3293/2745/37 3261/2723/37 3326/2726/37 3358/2746/37
f 3248/2674/37 3299/2681/37 3364/2682/37 3311/2675/37
f 3307/2747/37 3289/2753/37 3354/2754/37 3372/2748/37
f 3295/2733/37 3253/2755/37 3318/2756/37 3360/2734/37
f 3253/2755/37 3252/2729/37 3315/2730/37 3318/2756/37
f 3282/2661/666 3283/2707/576 3476/2710/576 3473/2662/666
f 3428/2757/34 3375/2711/582 3504/2714/582 3555/2758/34
f 3382/2759/587 3424/2760/586 3551/2761/586 3509/2762/587
f 3430/2763/22 3383/2764/578 3512/2765/578 3557/2766/22
f 3390/2767/666 3422/2768/576 3549/2769/576 3517/2770/666
f 3432/2771/8 3391/2772/669 3520/2773/669 3559/2774/8
f 3398/2775/591 3420/2776/585 3547/2777/585 3525/2778/591
f 3434/2779/66 3399/2780/589 3528/2781/589 3561/2782/66
f 3403/2783/60 3406/2715/575 3533/2718/575 3532/2784/60
f 3436/2785/331 3407/2786/590 3536/2787/590 3563/2788/331
f 3414/2789/668 3416/2790/41 3543/2791/41 3541/2792/668
f 3416/2790/41 3438/2793/581 3565/2794/581 3543/2791/41
f 3407/2786/590 3410/2795/47 3537/2796/47 3536/2787/590
f 3399/2780/589 3402/2797/588 3529/2798/588 3528/2781/589
f 3391/2772/669 3394/2799/573 3521/2800/573 3520/2773/669
f 3383/2764/578 3386/2801/321 3513/2802/321 3512/2765/578
f 3438/2793/581 3425/2803/580 3554/2804/580 3565/2794/581
f 3379/2809/28 3382/2759/587 3509/2762/587 3508/2810/28
f 3425/2803/580 3428/2757/34 3555/2758/34 3554/2804/580
f 3387/2815/14 3390/2767/666 3517/2770/666 3516/2816/14
f 3424/2760/586 3430/2763/22 3557/2766/22 3551/2761/586
f 3395/2821/1 3398/2775/591 3525/2778/591 3524/2822/1
f 3422/2768/576 3432/2823/8 3559/2824/8 3549/2769/576
f 3420/2776/585 3434/2779/66 3561/2782/66 3547/2777/585
f 3411/2837/667 3414/2789/668 3541/2792/668 3540/2838/667
f 3418/2716/174 3436/2785/331 3563/2788/331 3545/2717/174
f 3572/2843/667 3570/2844/47 3567/2845/47 3573/2846/667
f 3394/2799/573 3395/2821/1 3524/2822/1 3521/2800/573
f 3402/2873/588 3403/2783/60 3532/2784/60 3529/2874/588
f 3410/2795/47 3411/2894/667 3540/2895/667 3537/2796/47
f 3378/2712/670 3379/2900/28 3508/2901/28 3505/2713/670
f 3566/2911/37 3553/2912/37 3556/2913/37 3503/2914/37 3506/2915/37 3507/2916/37 3510/2917/37 3552/2918/37 3558/2919/37 3511/2920/37 3514/2921/37 3515/2922/37 3518/2923/37 3550/2924/37 3560/2925/37 3519/2926/37 3522/2927/37 3523/2928/37 3526/2929/37 3548/2930/37 3562/2931/37 3527/2932/37 3530/2933/37 3531/2934/37 3534/2935/37 3546/2936/37 3564/2937/37 3535/2938/37 3538/2939/37 3539/2940/37 3542/2941/37 3544/2942/37
f 3386/2801/321 3387/2815/14 3516/2816/14 3513/2802/321
f 5340/2090/576 5370/2946/8 3734/2947/8 3735/2217/576
f 3058/2948/71 3059/2949/71 3176/2950/71 3173/2951/71
f 3081/2210/71 3084/2952/71 4019/2953/71 3194/2211/71
f 3092/2954/71 3063/2955/71 3178/2956/71 3199/2957/71
f 3050/2958/71 3051/2959/71 4034/2960/71 4031/2961/71
f 3038/2473/71 3080/2962/71 3191/2963/71 3163/2474/71
f 3737/2964/71 3724/2965/71 3625/2966/71 3627/2967/71
f 5313/1994/47 5312/1993/667 3719/2968/667 3642/2184/47
f 3648/2969/71 3653/2970/71 3790/2971/71 3820/2972/71
f 3701/2269/71 3740/2224/71 3779/2227/71 3777/2270/71
f 3039/2221/71 3042/2973/71 4027/2974/71 4026/2222/71
f 3090/2975/71 3055/2976/71 3172/2977/71 3197/2978/71
f 3078/2327/71 3088/2979/71 3195/2980/71 3189/2328/71
f 3074/2297/71 3092/2954/71 3199/2957/71 4017/2298/71
f 3070/2331/71 3072/2981/71 3185/2982/71 3183/2332/71
f 3669/2983/71 3716/2984/71 3808/2985/71 3805/2986/71
f 3076/2311/71 3090/2975/71 3197/2978/71 3187/2312/71
f 3088/2979/71 3047/2987/71 3168/2988/71 3195/2980/71
f 3063/2955/71 3066/2989/71 3179/2990/71 3178/2956/71
f 3066/2989/71 3067/2330/71 3182/2333/71 3179/2990/71
f 3059/2949/71 3062/2296/71 4015/2299/71 3176/2950/71
f 3042/2973/71 3043/2991/71 4030/2992/71 4027/2974/71
f 3055/2976/71 3058/2948/71 3173/2951/71 3172/2977/71
f 3745/2225/71 3684/2993/71 3771/2994/71 3770/2226/71
f 3051/2959/71 3054/2310/71 3169/2313/71 4034/2960/71
f 3080/2962/71 3086/2220/71 4023/2223/71 3191/2963/71
f 3653/2970/71 3732/2995/71 3792/2996/71 3790/2971/71
f 3047/2987/71 3050/2958/71 4031/2961/71 3168/2988/71
f 3034/2997/71 3035/2472/71 3162/2475/71 3159/2998/71
f 3072/2981/71 3094/2209/71 3201/2212/71 3185/2982/71
f 3043/2991/71 3046/2326/71 3165/2329/71 4030/2992/71
f 3084/2952/71 3031/2999/71 4022/3000/71 4019/2953/71
f 3720/3001/37 3717/3002/37 3809/3003/37 3574/3004/37
f 3570/2844/47 3813/3005/590 3812/3006/590 3567/2845/47
f 3612/3007/591 3609/3008/1 3607/3009/1 3613/3010/591
f 3807/3011/668 3572/3012/667 3573/3013/667 3810/3014/668
f 3626/3015/666 3603/3016/14 3606/3017/14 3623/3018/666
f 3684/2993/71 3689/2256/71 3798/2259/71 3771/2994/71
f 3728/3019/37 3725/3020/37 3624/3021/37 3605/3022/37
f 5348/2160/669 5347/2113/573 3650/2197/573 3651/3023/669
f 5368/2149/668 5352/2148/41 3667/3024/41 3718/2237/668
f 3652/2187/37 3649/3025/37 3821/3026/37 3788/2188/37
f 3672/3027/71 3648/2969/71 3820/2972/71 3610/3028/71
f 5362/3029/28 5361/2181/587 3698/2246/587 3699/3030/28
f 3709/2214/37 3749/3031/37 3583/3032/37 3785/2215/37
f 5354/2125/575 5338/2124/174 3694/3033/174 3678/2198/575
f 3660/3034/37 3657/3035/37 3592/3036/37 3581/3037/37
f 3617/3038/174 3815/3039/575 3818/3040/575 3615/3041/174
f 3697/2206/37 3712/2213/37 3760/2216/37 3766/2207/37
f 3717/3002/37 3668/2192/37 3803/2195/37 3809/3003/37
f 5318/2057/585 5317/2105/66 3659/2191/66 3634/2058/585
f 3665/2193/37 3688/2200/37 3796/2203/37 3801/2194/37
f 3692/3042/71 3676/3043/71 3816/3044/71 3618/3045/71
f 3721/3046/71 3640/3047/71 3569/3048/71 3571/3049/71
f 3736/3050/37 3733/2186/37 3793/2189/37 3629/3051/37
f 3673/3052/37 3636/3053/674 3614/3054/674 3608/3055/37
f 5352/2148/41 5351/2157/581 3666/2229/581 3667/3024/41
f 3645/3056/71 3705/3057/71 3620/3058/71 3814/3059/71
f 3640/3047/71 3645/3056/71 3814/3059/71 3569/3048/71
f 3637/3060/71 3672/3027/71 3610/3028/71 3611/3061/71
f 3664/2257/71 3669/2983/71 3805/2986/71 3800/2258/71
f 3657/3035/37 3756/3062/37 3597/3063/37 3592/3036/37
f 3628/3064/576 3626/3015/666 3623/3018/666 3630/3065/576
f 3632/3066/71 3637/3060/71 3611/3061/71 3578/3067/71
f 3031/2999/71 3034/2997/71 3159/2998/71 4022/3000/71
f 3677/3068/37 3693/3069/37 3616/3070/37 3817/3071/37
f 3609/3008/1 3819/3072/573 3822/3073/573 3607/3009/1
f 3729/3074/71 3752/3075/71 3602/3076/71 3604/3077/71
f 3757/3078/71 3656/3079/71 3594/3080/71 3595/3081/71
f 3815/3039/575 3588/3082/60 3590/3083/60 3818/3040/575
f 3585/3084/578 3784/2248/22 3786/2251/22 3584/3085/578
f 3633/3086/37 3660/3034/37 3581/3037/37 3575/3087/37
f 3644/3088/37 3641/3089/37 3568/3090/37 3811/3091/37
f 3763/3092/587 3778/3093/28 3776/3094/28 3765/3095/587
f 3772/3096/34 3797/3097/580 3795/3098/580 3774/3099/34
f 3819/3072/573 3789/3100/669 3787/3101/669 3822/3073/573
f 3749/3031/37 3753/3102/37 3599/3103/37 3583/3032/37
f 3769/3104/582 3772/3096/34 3774/3099/34 3768/3105/582
f 3797/3097/580 3799/3106/581 3802/3107/581 3795/3098/580
f 3799/3106/581 3806/3108/41 3804/3109/41 3802/3107/581
f 3732/2995/71 3737/2964/71 3627/2967/71 3792/2996/71
f 3823/3110/1 3826/3111/573 2022/3112/573 2021/3113/1
f 3724/2965/71 3729/3074/71 3604/3077/71 3625/2966/71
f 3716/2984/71 3721/3046/71 3571/3049/71 3808/2985/71
f 3762/2249/586 3763/3092/587 3765/3095/587 3759/2250/586
f 3704/3114/37 3644/3088/37 3811/3091/37 3622/3115/37
f 3780/3116/670 3769/3104/582 3768/3105/582 3781/3117/670
f 3619/3118/331 3617/3038/174 3615/3041/174 3621/3119/331
f 3778/3120/28 3780/3116/670 3781/3117/670 3776/3121/28
f 3681/3122/71 3757/3078/71 3595/3081/71 3587/3123/71
f 3649/3025/37 3673/3052/37 3608/3055/37 3821/3026/37
f 3806/3108/41 3807/3011/668 3810/3014/668 3804/3109/41
f 3656/3079/71 3661/3124/71 3579/3125/71 3594/3080/71
f 3789/3100/669 3791/3126/8 3794/3127/8 3787/3101/669
f 3641/3089/37 3720/3001/37 3574/3004/37 3568/3090/37
f 3580/3128/66 3577/3129/585 3576/3130/585 3582/3131/66
f 5358/2156/580 5357/2177/34 3686/2244/34 3687/2228/580
f 3603/3016/14 3601/3132/321 3600/3133/321 3606/3017/14
f 3661/3124/71 3632/3066/71 3578/3067/71 3579/3125/71
f 3636/3053/674 3633/3086/37 3575/3087/37 3614/3054/674
f 3577/3129/585 3612/3007/591 3613/3010/591 3576/3130/585
f 5365/2169/22 5322/2168/578 3750/2235/578 3710/3134/22
f 3708/3135/71 3713/3136/71 3761/3137/71 3783/3138/71
f 3753/3102/37 3728/3019/37 3605/3022/37 3599/3103/37
f 5366/2180/586 5365/2169/22 3710/3134/22 3711/2245/586
f 5373/2173/670 5362/2172/28 3699/3139/28 3742/3140/670
f 3596/3141/588 3593/3142/589 3591/3143/589 3598/3144/588
f 3813/3005/590 3619/3118/331 3621/3119/331 3812/3006/590
f 3752/3075/71 3748/3145/71 3586/3146/71 3602/3076/71
f 3725/3020/37 3736/3050/37 3629/3051/37 3624/3021/37
f 3756/3062/37 3680/3147/37 3589/3148/37 3597/3063/37
f 3713/3136/71 3696/2268/71 3764/2271/71 3761/3137/71
f 3601/3132/321 3585/3084/578 3584/3085/578 3600/3133/321
f 3680/3147/37 3677/3068/37 3817/3071/37 3589/3148/37
f 3741/3149/37 3700/2205/37 3775/2208/37 3782/3150/37
f 3744/3151/37 3741/3149/37 3782/3150/37 3767/3152/37
f 3676/3043/71 3681/3122/71 3587/3123/71 3816/3044/71
f 3705/3057/71 3692/3042/71 3618/3045/71 3620/3058/71
f 5374/2176/582 5373/2173/670 3742/3140/670 3743/2243/582
f 3748/3145/71 3708/3135/71 3783/3138/71 3586/3146/71
f 3693/3069/37 3704/3114/37 3622/3115/37 3616/3070/37
f 5328/2104/589 5325/3153/588 3755/3154/588 3658/2190/589
f 3685/2201/37 3744/3151/37 3767/3152/37 3773/2202/37
f 3593/3142/589 3580/3128/66 3582/3131/66 3591/3143/589
f 3791/3155/8 3628/3064/576 3630/3065/576 3794/3156/8
f 5338/2124/174 5337/2133/331 3703/2247/331 3694/3033/174
f 5370/2161/8 5348/2160/669 3651/3023/669 3734/3157/8
f 3588/3082/60 3596/3158/588 3598/3159/588 3590/3083/60
f 1923/3166/96 1772/3167/96 5336/2130/331 3022/3168/331
f 3008/3172/588 2990/3173/60 5323/2069/60 5326/2068/588
f 2979/3174/589 3008/3175/588 5326/3176/588 5327/2103/589
f 2997/3183/668 2972/3184/41 5349/2147/41 5367/2146/668
f 2970/3185/666 2967/3186/576 5339/2089/576 5342/2088/666
f 5288/2013/574 5282/1944/529 2947/3187/331 2942/2014/174
f 3001/3188/582 3003/3189/670 5372/2170/670 5371/2175/582
f 1773/3190/96 1922/3191/96 3019/3192/590 5343/2131/590
f 545/1977/557 546/1976/547 2953/3193/667 2961/2054/47
f 561/1940/525 562/1939/524 2904/2023/576 2905/3194/666
f 3023/3195/174 3022/3168/331 5336/2130/331 5335/2123/174
f 3006/3196/47 3000/3197/667 5311/1992/667 5314/1991/47
f 5285/1988/565 536/1978/558 2912/2039/585 2913/3198/591
f 1767/3200/50 1916/3201/50 3027/3202/585 5315/2093/585
f 565/2006/572 5285/1988/565 2913/3198/591 2928/2007/1
f 553/1941/526 554/1987/556 2931/3203/28 2960/3204/670
f 546/1965/547 547/1953/537 2952/3205/668 2953/3206/667
f 3000/3207/667 2997/3183/668 5367/2146/668 5311/3208/667
f 2976/3209/669 2973/3210/573 5346/2110/573 5345/2159/669
f 2983/3211/1 3030/3212/591 5332/2092/591 5331/2111/1
f 3003/3189/670 2988/3213/28 5359/2171/28 5372/2170/670
f 563/1974/555 564/1963/545 2917/3214/669 2950/3215/8
f 3012/3216/580 2977/3217/34 5356/2174/34 5355/2155/580
f 5289/1967/549 560/1956/539 2943/3218/14 2966/3219/321
f 2995/3220/8 2976/3209/669 5345/2159/669 5369/2158/8
f 537/1966/548 538/1955/538 2924/2047/589 2925/2038/66
f 2982/3221/66 2979/3174/589 5327/2103/589 5316/2102/66
f 3009/3222/321 2994/3223/14 5329/2077/14 5320/2076/321
f 3027/3202/585 2982/3221/66 5316/2102/66 5315/2093/585
f 3015/3224/578 3009/3222/321 5320/2076/321 5319/2167/578
f 552/1942/527 553/1941/526 2960/3204/670 2958/2032/582
f 2994/3223/14 2970/3185/666 5342/2088/666 5329/2077/14
f 2977/3217/34 3001/3188/582 5371/2175/582 5356/2174/34
f 5294/2026/577 5289/1967/549 2966/3219/321 2956/2027/578
f 560/1956/539 561/1940/525 2905/3194/666 2943/3218/14
f 1771/3226/124 1921/3227/124 3023/3195/174 5335/2123/174
f 5291/2029/579 5287/1957/540 2920/2033/34 2921/2030/580
f 540/1937/522 5293/1985/564 2934/2015/575 2935/3228/60
f 1777/3229/55 1918/3230/55 3012/3216/580 5355/2155/580
f 2992/3231/586 3017/3232/22 5364/2166/22 5363/2179/586
f 548/88/70 5280/87/69 2908/2031/581 2909/3233/41
f 2985/3234/587 2992/3231/586 5363/2179/586 5360/2178/587
f 1788/3235/230 1924/3236/230 3015/3224/578 5319/2167/578
f 554/1975/556 555/1964/546 2930/2045/587 2931/3237/28
f 2988/3238/28 2985/3234/587 5360/2178/587 5359/3239/28
f 556/1952/536 5286/1951/535 2938/2028/22 2939/2044/586
f 3019/3192/590 3006/3196/47 5314/1991/47 5343/2131/590
f 2990/3173/60 3025/3240/575 5353/2122/575 5323/2069/60
f 2973/3210/573 2983/3211/1 5331/2111/1 5346/2110/573
f 2972/3184/41 3013/3241/581 5350/2154/581 5349/2147/41
f 539/1938/523 540/1937/522 2935/3228/60 2963/3242/588
f 5282/1944/529 544/1943/528 2946/2055/590 2947/3187/331
f 564/1963/545 5284/1962/544 2916/2008/573 2917/3214/669
f 547/1953/537 548/88/70 2909/3233/41 2952/3205/668
f 2692/3336/14 2694/3337/321 3933/3338/321 3931/3339/14
f 4519/3356/754 4506/3357/755 4504/3358/756 4515/3359/757
f 2583/3370/1 2584/3371/573 2777/3372/573 2776/3373/1
f 4129/3377/784 4320/3378/785 4317/3379/786 4126/3380/787
f 4269/3388/797 4462/3389/798 4465/3390/799 4272/3391/800
f 2650/3392/581 2652/3393/41 3891/3394/41 3889/3395/581
f 2654/3396/668 2656/3397/667 3895/3398/667 3893/3399/668
f 2656/3400/667 2658/3401/47 3897/3402/47 3895/3403/667
f 2658/3401/47 2660/3404/590 3899/3405/590 3897/3402/47
f 2660/3404/590 2662/3406/331 3901/3407/331 3899/3405/590
f 2662/3406/331 2664/3408/174 3903/3409/174 3901/3407/331
f 2664/3408/174 2666/3410/575 3905/3411/575 3903/3409/174
f 2666/3410/575 2668/3412/60 3907/3413/60 3905/3411/575
f 2668/3412/60 2670/3414/588 3909/3415/588 3907/3413/60
f 2670/3416/588 2672/3417/589 3911/3418/589 3909/3419/588
f 2672/3417/589 2674/3420/66 3913/3421/66 3911/3418/589
f 2674/3420/66 2676/3422/585 3915/3423/585 3913/3421/66
f 2676/3422/585 2678/3424/591 3917/3425/591 3915/3423/585
f 2678/3424/591 2680/3426/1 3919/3427/1 3917/3425/591
f 2680/3426/1 2682/3428/573 3921/3429/573 3919/3427/1
f 2682/3428/573 2684/3430/669 3923/3431/669 3921/3429/573
f 2684/3430/669 2686/3432/8 3925/3433/8 3923/3431/669
f 2686/3434/8 2688/3435/576 3927/3436/576 3925/3437/8
f 2688/3435/576 2690/3438/666 3929/3439/666 3927/3436/576
f 2690/3438/666 2692/3336/14 3931/3339/14 3929/3439/666
f 2694/3337/321 2696/3444/578 3935/3445/578 3933/3338/321
f 2696/3444/578 2698/3446/22 3937/3447/22 3935/3445/578
f 2698/3446/22 2700/3448/586 3939/3449/586 3937/3447/22
f 2700/3448/586 2702/3450/587 3941/3451/587 3939/3449/586
f 2702/3450/587 2704/3452/28 3943/3453/28 3941/3451/587
f 2704/3454/28 2706/3455/670 3945/3456/670 3943/3457/28
f 2706/3455/670 2708/3458/582 3947/3459/582 3945/3456/670
f 2708/3458/582 2710/3460/34 3949/3461/34 3947/3459/582
f 1989/3462/580 1990/3463/581 3953/3464/581 3952/3465/580
f 3872/3470/174 3874/3471/575 2046/3472/575 2045/3473/174
f 2652/3393/41 2654/3396/668 3893/3399/668 3891/3394/41
f 3886/3564/591 3823/3110/1 2021/3113/1 2052/3565/591
f 3828/3566/669 3830/3567/8 2024/3568/8 2023/3569/669
f 3830/3570/8 3832/3571/576 2025/3572/576 2024/3573/8
f 3832/3571/576 3834/3574/666 2026/3575/666 2025/3572/576
f 3834/3574/666 3836/3576/14 2027/3577/14 2026/3575/666
f 3836/3576/14 3838/3578/321 2028/3579/321 2027/3577/14
f 3838/3578/321 3840/3580/578 2029/3581/578 2028/3579/321
f 3840/3580/578 3842/3582/22 2030/3583/22 2029/3581/578
f 3842/3582/22 3844/3584/586 2031/3585/586 2030/3583/22
f 3844/3584/586 3846/3586/587 2032/3587/587 2031/3585/586
f 3846/3586/587 3848/3588/28 2033/3589/28 2032/3587/587
f 3848/3590/28 3850/3591/670 2034/3592/670 2033/3593/28
f 3850/3591/670 3852/3594/582 2035/3595/582 2034/3592/670
f 3852/3594/582 3854/3596/34 2036/3597/34 2035/3595/582
f 3854/3596/34 3856/3598/580 2037/3599/580 2036/3597/34
f 3856/3598/580 3858/3600/581 2038/3601/581 2037/3599/580
f 3858/3600/581 3860/3602/41 2039/3603/41 2038/3601/581
f 3860/3602/41 3862/3604/668 2040/3605/668 2039/3603/41
f 3862/3604/668 3864/3606/667 2041/3607/667 2040/3605/668
f 3864/3608/667 3866/3609/47 2042/3610/47 2041/3611/667
f 3866/3609/47 3868/3612/590 2043/3613/590 2042/3610/47
f 3868/3612/590 3870/3614/331 2044/3615/331 2043/3613/590
f 3871/3616/71 3869/3617/71 3934/3618/71 3936/3619/71
f 3870/3614/331 3872/3470/174 2045/3473/174 2044/3615/331
f 3874/3471/575 3876/3620/60 2047/3621/60 2046/3472/575
f 3876/3620/60 3878/3622/588 2048/3623/588 2047/3621/60
f 3878/3624/588 3880/3625/589 2049/3626/589 2048/3627/588
f 3880/3625/589 3882/3628/66 2050/3629/66 2049/3626/589
f 3882/3628/66 3884/3630/585 2051/3631/585 2050/3629/66
f 3884/3630/585 3886/3564/591 2052/3565/591 2051/3631/585
f 2647/3632/580 2650/3392/581 3889/3395/581 3888/3633/580
f 3825/3634/71 3824/3635/71 3887/3636/71 3890/3637/71
f 2015/3638/586 2016/3639/587 4005/3640/587 4003/3641/586
f 3845/3642/71 3843/3643/71 3908/3644/71 3910/3645/71
f 3873/3646/71 3871/3616/71 3936/3619/71 3938/3647/71
f 3847/3648/71 3845/3642/71 3910/3645/71 3912/3649/71
f 3875/3650/71 3873/3646/71 3938/3647/71 3940/3651/71
f 3849/3652/71 3847/3648/71 3912/3649/71 3914/3653/71
f 3877/3654/71 3875/3650/71 3940/3651/71 3942/3655/71
f 3851/3656/71 3849/3652/71 3914/3653/71 3916/3657/71
f 3824/3635/71 3885/3658/71 3950/3659/71 3887/3636/71
f 3879/3660/71 3877/3654/71 3942/3655/71 3944/3661/71
f 3853/3662/71 3851/3656/71 3916/3657/71 3918/3663/71
f 3827/3664/71 3825/3634/71 3890/3637/71 3892/3665/71
f 3881/3666/71 3879/3660/71 3944/3661/71 3946/3667/71
f 3855/3668/71 3853/3662/71 3918/3663/71 3920/3669/71
f 3829/3670/71 3827/3664/71 3892/3665/71 3894/3671/71
f 3883/3672/71 3881/3666/71 3946/3667/71 3948/3673/71
f 3857/3674/71 3855/3668/71 3920/3669/71 3922/3675/71
f 3831/3676/71 3829/3670/71 3894/3671/71 3896/3677/71
f 3885/3658/71 3883/3672/71 3948/3673/71 3950/3659/71
f 3859/3678/71 3857/3674/71 3922/3675/71 3924/3679/71
f 3833/3680/71 3831/3676/71 3896/3677/71 3898/3681/71
f 3826/3111/573 3828/3566/669 2023/3569/669 2022/3112/573
f 3861/3682/71 3859/3678/71 3924/3679/71 3926/3683/71
f 3835/3684/71 3833/3680/71 3898/3681/71 3900/3685/71
f 3863/3686/71 3861/3682/71 3926/3683/71 3928/3687/71
f 3837/3688/71 3835/3684/71 3900/3685/71 3902/3689/71
f 3865/3690/71 3863/3686/71 3928/3687/71 3930/3691/71
f 3839/3692/71 3837/3688/71 3902/3689/71 3904/3693/71
f 3867/3694/71 3865/3690/71 3930/3691/71 3932/3695/71
f 3841/3696/71 3839/3692/71 3904/3693/71 3906/3697/71
f 3869/3617/71 3867/3694/71 3932/3695/71 3934/3618/71
f 3843/3643/71 3841/3696/71 3906/3697/71 3908/3644/71
f 2009/3698/803 2008/3699/804 2634/3700/805 2635/3701/806
f 2008/3699/804 2007/3706/815 2633/3707/816 2634/3700/805
f 2007/3706/815 2006/3710/821 2632/3711/822 2633/3707/816
f 2006/3714/821 2005/3715/827 2631/3716/827 2632/3717/822
f 2005/3715/827 2004/3720/832 2630/3721/833 2631/3716/827
f 2004/3720/832 2003/3724/837 2629/3725/838 2630/3721/833
f 2003/3727/837 2002/3728/841 2628/3729/842 2629/3730/838
f 2002/3728/841 2001/3732/844 2627/3733/845 2628/3729/842
f 2001/3732/844 2000/3735/848 2626/3736/849 2627/3733/845
f 2000/3735/848 1999/3738/852 2625/3739/853 2626/3736/849
f 1999/3738/852 1998/3741/856 2624/3742/857 2625/3739/853
f 1998/3744/856 1997/3745/860 2623/3746/860 2624/3747/857
f 1997/3745/860 1996/3749/863 2622/3750/864 2623/3746/860
f 1996/3749/863 1995/3752/867 2621/3753/868 2622/3750/864
f 2020/3754/34 1989/3462/580 3952/3465/580 4013/3755/34
f 2002/3756/66 2003/3724/585 3979/3757/585 3977/3758/66
f 2016/3639/587 2017/3759/28 4007/3760/28 4005/3640/587
f 2003/3724/585 2004/3720/591 3981/3761/591 3979/3757/585
f 3951/3762/71 3954/3763/71 3956/3764/71 3958/3765/71 3960/3766/71 3962/3767/71 3964/3768/71 3966/3769/71 3968/3770/71 3970/3771/71 3972/3772/71 3974/3773/71 3976/3774/71 3978/3775/71 3980/3776/71 3982/3777/71 3984/3778/71 3986/3779/71 3988/3780/71 3990/3781/71 3992/3782/71 3994/3783/71 3996/3784/71 3998/3785/71 4000/3786/71 4002/3787/71 4004/3788/71 4006/3789/71 4008/3790/71 4010/3791/71 4012/3792/71 4014/3793/71
f 2017/3794/28 2018/3795/670 4009/3796/670 4007/3797/28
f 2004/3720/591 2005/3715/1 3983/3798/1 3981/3761/591
f 1991/3799/41 1992/3800/668 3957/3801/668 3955/3802/41
f 2018/3795/670 2019/3803/582 4011/3804/582 4009/3796/670
f 2005/3715/1 2006/3714/573 3985/3805/573 3983/3798/1
f 1992/3800/668 1993/3806/667 3959/3807/667 3957/3801/668
f 2019/3803/582 2020/3754/34 4013/3755/34 4011/3804/582
f 2006/3714/573 2007/3808/669 3987/3809/669 3985/3805/573
f 1993/3810/667 1994/3811/47 3961/3812/47 3959/3813/667
f 1838/3814/230 1837/3815/230 4016/2409/22 4018/2442/578
f 2007/3808/669 2008/3816/8 3989/3817/8 3987/3809/669
f 1994/3811/47 1995/3752/590 3963/3818/590 3961/3812/47
f 1990/3463/581 1991/3799/41 3955/3802/41 3953/3464/581
f 2008/3819/8 2009/3820/576 3991/3821/576 3989/3822/8
f 1995/3752/590 1996/3749/331 3965/3823/331 3963/3818/590
f 2009/3820/576 2010/3824/666 3993/3825/666 3991/3821/576
f 1996/3749/331 1997/3745/174 3967/3826/174 3965/3823/331
f 2010/3824/666 2011/3827/14 3995/3828/14 3993/3825/666
f 1997/3745/174 1998/3744/575 3969/3829/575 3967/3826/174
f 2011/3827/14 2012/3830/321 3997/3831/321 3995/3828/14
f 1998/3744/575 1999/3832/60 3971/3833/60 3969/3829/575
f 2012/3830/321 2013/3834/578 3999/3835/578 3997/3831/321
f 1999/3832/60 2000/3836/588 3973/3837/588 3971/3833/60
f 2013/3834/578 2014/3838/22 4001/3839/22 3999/3835/578
f 2000/3840/588 2001/3841/589 3975/3842/589 3973/3843/588
f 2014/3838/22 2015/3638/586 4003/3641/586 4001/3839/22
f 2001/3841/589 2002/3756/66 3977/3758/66 3975/3842/589
f 2082/3854/37 2067/3855/37 2195/3856/37 2201/3857/37
f 2173/3858/869 2179/3859/869 2183/3860/870 2177/3861/870
f 2179/3859/869 2185/3865/869 2189/3866/870 2183/3860/870
f 2053/3867/71 2068/3868/71 2198/3869/71 2192/3870/71
f 2185/3865/869 2191/3874/871 2197/3875/872 2189/3866/870
f 2194/3881/873 2113/3882/869 2117/3883/870 2200/3884/874
f 389/362/128 390/3885/128 2103/3886/128 2102/363/128
f 377/3887/127 376/357/127 2089/360/127 2090/3888/127
f 390/3885/128 391/3889/128 2104/3890/128 2103/3886/128
f 378/3891/127 377/3887/127 2090/3888/127 2091/3892/127
f 391/3889/128 392/3893/128 2105/3894/128 2104/3890/128
f 2209/3895/37 2208/3896/37 2097/3897/37 2112/3898/37
f 379/3899/127 378/3891/127 2091/3892/127 2092/3900/127
f 2216/3896/71 2217/3895/71 2098/3901/71 2083/3902/71
f 392/3893/128 393/3903/128 2106/3904/128 2105/3894/128
f 380/3905/127 379/3899/127 2092/3900/127 2093/3906/127
f 393/3903/128 394/3907/128 2107/3908/128 2106/3904/128
f 381/3909/127 380/3905/127 2093/3906/127 2094/3910/127
f 394/3907/128 395/3911/128 2108/3912/128 2107/3908/128
f 382/3913/127 381/3909/127 2094/3910/127 2095/3914/127
f 395/3911/128 396/390/128 2109/391/128 2108/3912/128
f 383/387/127 382/3913/127 2095/3914/127 2096/388/127
f 2113/3882/869 2119/3964/869 2123/3965/870 2117/3883/870
f 2167/3990/869 2173/3858/869 2177/3861/870 2171/3991/870
f 2161/3994/869 2167/3990/869 2171/3991/870 2165/3995/870
f 2155/3998/869 2161/3994/869 2165/3995/870 2159/3999/870
f 2149/4002/869 2155/3998/869 2159/3999/870 2153/4003/870
f 2143/4006/869 2149/4002/869 2153/4003/870 2147/4007/870
f 2137/4009/869 2143/4006/869 2147/4007/870 2141/4010/870
f 2131/4012/869 2137/4009/869 2141/4010/870 2135/4013/870
f 2119/3964/869 2125/4014/869 2129/4015/870 2123/3965/870
f 2125/4014/869 2131/4012/869 2135/4013/870 2129/4015/870
f 2193/4019/132 2187/4020/132 2186/4021/132 2192/4022/132
f 2115/4041/132 2196/4042/132 2195/4043/132 2114/4044/132
f 2198/4045/100 2188/4046/100 2190/4047/100 2199/4048/100
f 2116/4072/100 2201/4073/100 2202/4074/100 2118/4075/100
f 2194/3881/873 2200/3884/874 2202/4078/877 2196/4079/877
f 2196/4080/878 2202/4081/878 2201/4082/878 2195/4083/878
f 2192/4084/879 2198/4082/879 2199/4085/879 2193/4086/879
f 2193/4087/880 2199/4088/880 2197/3875/872 2191/3874/871
f 369/4089/96 45/4090/96 5423/425/131 2203/396/49
f 45/4090/96 47/4091/96 5432/354/125 5423/425/131
f 48/4092/96 46/4093/96 2207/59/48 5277/66/52
f 47/4091/96 384/4094/96 2208/355/51 5432/354/125
f 399/4095/124 49/4096/124 5404/356/126 2209/335/54
f 49/4096/124 51/4097/124 5405/297/121 5404/356/126
f 52/4098/124 50/4099/124 5278/67/53 5292/74/58
f 51/4097/124 414/4100/124 2214/298/57 5405/297/121
f 46/4093/96 355/4101/96 2215/60/49 2207/59/48
f 370/4102/96 48/4092/96 5277/66/52 2216/65/51
f 50/4099/124 385/4103/124 2217/68/54 5278/67/53
f 400/4104/124 52/4098/124 5292/74/58 2218/73/57
f 414/4100/124 399/4095/124 2209/335/54 2214/298/57
f 385/4103/124 400/4104/124 2218/73/57 2217/68/54
f 384/4094/96 369/4089/96 2203/396/49 2208/355/51
f 355/4101/96 370/4102/96 2216/65/51 2215/60/49
f 169/4193/199 15/4194/199 5376/860/201 2251/839/16
f 15/4194/199 17/4195/199 5394/808/196 5376/860/201
f 18/4196/199 16/4197/199 5290/17/15 5273/24/20
f 17/4195/199 184/4198/199 2256/809/19 5394/808/196
f 289/4199/55 33/4200/55 5401/611/165 2257/590/36
f 33/4200/55 35/4201/55 5418/558/163 5401/611/165
f 36/4202/55 34/4203/55 5276/41/35 5279/48/39
f 35/4201/55 304/4204/55 2262/559/38 5418/558/163
f 479/4205/50 61/4206/50 5414/171/99 2263/150/68
f 61/4206/50 63/4207/50 5425/99/75 5414/171/99
f 64/4208/50 62/4209/50 2267/85/67 5281/94/73
f 63/4207/50 494/4210/50 2268/100/72 5425/99/75
f 16/4197/199 155/4211/199 2269/18/16 5290/17/15
f 170/4212/199 18/4196/199 5273/24/20 2270/23/19
f 34/4203/55 275/4213/55 2271/42/36 5276/41/35
f 290/4214/55 36/4202/55 5279/48/39 2272/47/38
f 62/4209/50 465/4215/50 2273/86/68 2267/85/67
f 480/4216/50 64/4208/50 5281/94/73 2274/93/72
f 494/4210/50 479/4205/50 2263/150/68 2268/100/72
f 465/4215/50 480/4216/50 2274/93/72 2273/86/68
f 304/4204/55 289/4199/55 2257/590/36 2262/559/38
f 275/4213/55 290/4214/55 2272/47/38 2271/42/36
f 184/4198/199 169/4193/199 2251/839/16 2256/809/19
f 155/4211/199 170/4212/199 2270/23/19 2269/18/16
f 1782/4349/230 1788/3235/230 5319/2167/578 5364/2166/22
f 1793/4350/50 1767/3200/50 5315/2093/585 5332/2092/591
f 1794/4351/124 1771/3226/124 5335/2123/174 5353/2122/575
f 1772/3167/96 1773/3190/96 5343/2131/590 5336/2130/331
f 1776/4352/55 1777/3229/55 5355/2155/580 5350/2154/581
f 1915/4353/55 1776/4352/55 5350/2154/581 3013/3241/581
f 1917/4354/50 1793/4350/50 5332/2092/591 3030/3212/591
f 1924/3236/230 1920/4355/230 3017/3232/22 3015/3224/578
f 1918/3230/55 1915/4353/55 3013/3241/581 3012/3216/580
f 1916/3201/50 1917/4354/50 3030/3212/591 3027/3202/585
f 1919/4356/124 1794/4351/124 5353/2122/575 3025/3240/575
f 1922/3191/96 1923/3166/96 3022/3168/331 3019/3192/590
f 1920/4355/230 1782/4349/230 5364/2166/22 3017/3232/22
f 1921/3227/124 1919/4356/124 3025/3240/575 3023/3195/174
f 1837/3815/230 1847/4465/230 4035/2410/22 4016/2409/22
f 1839/4466/50 1849/2340/50 4039/2343/591 4020/2444/591
f 1840/4467/124 1850/2318/124 4043/2321/575 4024/2377/575
f 1833/4468/96 1843/2306/96 4047/2309/331 4028/4469/331
f 1835/4470/55 1845/4471/55 4051/2413/581 4032/2412/581
f 1845/4471/55 1846/4473/55 4054/2384/580 4051/2413/581
f 1834/4475/96 1833/4468/96 4028/4469/331 4029/2419/590
f 4025/2429/174 4028/4469/331 4047/2309/331 4046/2320/174
f 1836/4476/55 1835/4470/55 4032/2412/581 4033/2381/580
f 1844/2307/96 1834/4475/96 4029/2419/590 4050/2308/590
f 1848/4477/230 1838/3814/230 4018/2442/578 4037/2443/578
f 1847/4465/230 1848/4477/230 4037/2443/578 4035/2410/22
f 1846/4473/55 1836/4476/55 4033/2381/580 4054/2384/580
f 1831/4478/50 1839/4466/50 4020/2444/591 4021/2606/673
f 1832/2428/124 1840/4467/124 4024/2377/575 4025/2429/174
f 1841/2341/50 1831/4478/50 4021/2606/673 4042/2342/585
f 2596/4629/670 2597/4630/582 2803/4631/582 2801/4632/670
f 2623/3746/174 2622/3750/331 2854/4633/331 2856/4634/174
f 2622/3750/331 2621/3753/590 2852/4639/590 2854/4633/331
f 2617/4640/309 2616/4641/581 2842/4642/581 2844/4643/309
f 2621/3753/590 2620/4647/47 2850/4648/47 2852/4639/590
f 2620/4647/47 2619/4651/667 2848/4652/667 2850/4648/47
f 2646/4653/34 2645/4654/582 2900/4655/582 2902/4656/34
f 2619/4661/667 2618/4662/668 2846/4663/668 2848/4664/667
f 2645/4654/582 2644/4665/670 2898/4666/670 2900/4655/582
f 2618/4662/668 2617/4640/309 2844/4643/309 2846/4663/668
f 2644/4665/670 2643/4671/28 2896/4672/28 2898/4666/670
f 2615/4675/580 2646/4653/34 2902/4656/34 2839/4676/580
f 2643/4677/28 2642/4678/587 2894/4679/587 2896/4680/28
f 2642/4678/587 2641/4687/586 2892/4688/586 2894/4679/587
f 2641/4687/586 2640/4697/22 2890/4698/22 2892/4688/586
f 2640/4697/22 2639/4703/578 2888/4704/578 2890/4698/22
f 2639/4703/578 2638/4710/321 2886/4711/321 2888/4704/578
f 2010/4713/992 2009/3698/803 2635/3701/806 2636/4714/993
f 2011/4716/996 2010/4713/992 2636/4714/993 2637/4717/997
f 2012/3830/999 2011/3827/996 2637/4719/997 2638/4710/1000
f 2013/3834/1003 2012/3830/999 2638/4710/1000 2639/4703/1003
f 2014/3838/1006 2013/3834/1003 2639/4703/1003 2640/4697/1007
f 2015/4723/1010 2014/4724/1006 2640/4725/1007 2641/4726/1011
f 2016/4728/1014 2015/4723/1010 2641/4726/1011 2642/4729/1015
f 1990/3463/1016 1989/3462/1017 2615/4675/1017 2616/4641/1018
f 2017/4731/1021 2016/4728/1014 2642/4729/1015 2643/4732/1022
f 1991/3799/1023 1990/3463/1016 2616/4641/1018 2617/4640/1024
f 2018/4734/1027 2017/4731/1021 2643/4732/1022 2644/4735/1028
f 1992/4736/1029 1991/4737/1023 2617/4738/1024 2618/4739/1030
f 2019/4741/1033 2018/4734/1027 2644/4735/1028 2645/4742/1034
f 1993/4743/1035 1992/4736/1029 2618/4739/1030 2619/4744/1036
f 2020/3754/1038 2019/3803/1033 2645/4654/1034 2646/4653/1039
f 1994/4746/1040 1993/4743/1035 2619/4744/1036 2620/4747/1041
f 1989/3462/1017 2020/3754/1038 2646/4653/1039 2615/4675/1017
f 1995/4749/867 1994/4746/1040 2620/4747/1041 2621/4750/868
f 2614/4751/591 2583/3370/1 2776/3373/1 2837/4752/591
f 2585/4753/669 2586/4754/8 2781/4755/8 2779/4756/669
f 2586/4757/8 2587/4758/1044 2783/4759/1044 2781/4760/8
f 2587/4758/1044 2588/4761/666 2785/4762/666 2783/4759/1044
f 2588/4761/666 2589/4763/14 2787/4764/14 2785/4762/666
f 2589/4763/14 2590/4765/321 2789/4766/321 2787/4764/14
f 2590/4765/321 2591/4767/578 2791/4768/578 2789/4766/321
f 2591/4767/578 2592/4769/22 2793/4770/22 2791/4768/578
f 2592/4769/22 2593/4771/586 2795/4772/586 2793/4770/22
f 2593/4771/586 2594/4773/587 2797/4774/587 2795/4772/586
f 2594/4773/587 2595/4775/1045 2799/4776/1045 2797/4774/587
f 2595/4780/1045 2596/4629/670 2801/4632/670 2799/4781/1045
f 2597/4630/582 2598/4782/34 2805/4783/34 2803/4631/582
f 2598/4782/34 2599/4784/580 2807/4785/580 2805/4783/34
f 2599/4784/580 2600/4786/581 2809/4787/581 2807/4785/580
f 2600/4786/581 2601/4788/41 2811/4789/41 2809/4787/581
f 2601/4788/41 2602/4790/668 2813/4791/668 2811/4789/41
f 2602/4790/668 2603/4792/1046 2815/4793/1046 2813/4791/668
f 2603/4794/1046 2604/4795/47 2817/4796/47 2815/4797/1046
f 2604/4795/47 2605/4798/590 2819/4799/590 2817/4796/47
f 2605/4798/590 2606/4800/331 2821/4801/331 2819/4799/590
f 2606/4800/331 2607/4802/174 2823/4803/174 2821/4801/331
f 2607/4802/174 2608/4804/575 2825/4805/575 2823/4803/174
f 2608/4804/575 2609/4806/60 2827/4807/60 2825/4805/575
f 2609/4806/60 2610/4808/588 2829/4809/588 2827/4807/60
f 2610/4810/588 2611/4811/1047 2831/4812/1047 2829/4813/588
f 2611/4811/1047 2612/4814/66 2833/4815/66 2831/4812/1047
f 2612/4814/66 2613/4816/585 2835/4817/585 2833/4815/66
f 2613/4816/585 2614/4751/591 2837/4752/591 2835/4817/585
f 2616/4641/581 2615/4675/580 2839/4676/580 2842/4642/581
f 2584/3371/573 2585/4753/669 2779/4756/669 2777/3372/573
f 2624/3747/575 2623/3746/174 2856/4634/174 2858/4818/575
f 2625/4822/60 2624/3747/575 2858/4818/575 2860/4823/60
f 2626/4828/588 2625/4822/60 2860/4823/60 2862/4829/588
f 2627/4833/589 2626/4834/588 2862/4835/588 2864/4836/589
f 2628/4841/66 2627/4833/589 2864/4836/589 2866/4842/66
f 2629/3725/673 2628/4841/66 2866/4842/66 2868/4846/673
f 2630/3721/591 2629/3725/673 2868/4846/673 2870/4849/591
f 2631/3716/1 2630/3721/591 2870/4849/591 2872/4853/1
f 2632/3717/573 2631/3716/1 2872/4853/1 2874/4857/573
f 2633/4860/669 2632/3717/573 2874/4857/573 2876/4861/669
f 2634/4864/8 2633/4860/669 2876/4861/669 2878/4865/8
f 2635/4869/576 2634/4870/8 2878/4871/8 2880/4872/576
f 2636/4876/666 2635/4869/576 2880/4872/576 2882/4877/666
f 2637/4719/14 2636/4876/666 2882/4877/666 2884/4882/14
f 2638/4710/321 2637/4719/14 2884/4882/14 2886/4711/321
f 2648/4957/1078 2649/4958/1079 2650/4959/1108 2647/4960/1078
f 2649/4958/1079 2651/4961/1081 2652/4962/1082 2650/4959/1108
f 2651/4961/1081 2653/4963/1083 2654/4964/1084 2652/4962/1082
f 2653/4963/1083 2655/4965/1085 2656/4966/1086 2654/4964/1084
f 2655/4965/1085 2657/4967/1087 2658/4968/1088 2656/4966/1086
f 2657/4967/1087 2659/4969/1089 2660/4970/1090 2658/4968/1088
f 2659/4969/1089 2661/4971/1091 2662/4972/1092 2660/4970/1090
f 2661/4971/1091 2663/4973/1093 2664/4974/1093 2662/4972/1092
f 2663/4973/1093 2665/4975/1094 2666/4976/1095 2664/4974/1093
f 2665/4975/1094 2667/4977/1096 2668/4978/1097 2666/4976/1095
f 2667/4977/1096 2669/4979/1098 2670/4980/1099 2668/4978/1097
f 2669/4979/1098 2671/4981/1100 2672/4982/1101 2670/4980/1099
f 2671/4981/1100 2673/4983/1102 2674/4984/1103 2672/4982/1101
f 2673/4983/1102 2675/4985/1104 2676/4986/1105 2674/4984/1103
f 2675/4985/1104 2677/4987/1106 2678/4988/1107 2676/4986/1105
f 2677/4987/1106 2679/4989/1048 2680/4990/1048 2678/4988/1107
f 2679/4989/1048 2681/4991/1049 2682/4992/1050 2680/4990/1048
f 2681/4991/1049 2683/4993/1051 2684/4994/1052 2682/4992/1050
f 2683/4993/1051 2685/4995/1053 2686/4996/1054 2684/4994/1052
f 2685/4995/1053 2687/4997/1055 2688/4998/1056 2686/4996/1054
f 2687/4997/1055 2689/4999/1057 2690/5000/1058 2688/4998/1056
f 2689/4999/1057 2691/5001/1059 2692/5002/1060 2690/5000/1058
f 2691/5001/1059 2693/5003/1061 2694/5004/1062 2692/5002/1060
f 2693/5003/1061 2695/5005/1063 2696/5006/1063 2694/5004/1062
f 2695/5005/1063 2697/5007/1064 2698/5008/1065 2696/5006/1063
f 2697/5007/1064 2699/5009/1066 2700/5010/1067 2698/5008/1065
f 2699/5009/1066 2701/5011/1068 2702/5012/1069 2700/5010/1067
f 2701/5011/1068 2703/5013/1070 2704/5014/1071 2702/5012/1069
f 2703/5013/1070 2705/5015/1072 2706/5016/1073 2704/5014/1071
f 2705/5015/1072 2707/5017/1074 2708/5018/1075 2706/5016/1073
f 2707/5017/1074 2709/5019/1076 2710/5020/1077 2708/5018/1075
f 2709/5019/1076 2648/4957/1078 2647/4960/1078 2710/5020/1077
f 2840/5022/1115 2841/5023/1079 2842/5024/1108 2839/5025/1115
f 2841/5023/1079 2843/5026/1081 2844/5027/1082 2842/5024/1108
f 2843/5026/1081 2845/5028/1083 2846/5029/1084 2844/5027/1082
f 2845/5028/1083 2847/5030/1085 2848/5031/1086 2846/5029/1084
f 2847/5030/1085 2849/5032/1087 2850/5033/1116 2848/5031/1086
f 2849/5032/1087 2851/5034/1089 2852/5035/1090 2850/5033/1116
f 2851/5034/1089 2853/5036/1117 2854/5037/1092 2852/5035/1090
f 2853/5036/1117 2855/5038/1093 2856/5039/1093 2854/5037/1092
f 2855/5038/1093 2857/5040/1118 2858/5041/1095 2856/5039/1093
f 2857/5040/1118 2859/5042/1096 2860/5043/1097 2858/5041/1095
f 2859/5042/1096 2861/5044/1098 2862/5045/1120 2860/5043/1097
f 2861/5044/1098 2863/5046/1100 2864/5047/1101 2862/5045/1120
f 2863/5046/1100 2865/5048/1102 2866/5049/1103 2864/5047/1101
f 2865/5048/1102 2867/5050/1104 2868/5051/1105 2866/5049/1103
f 2867/5050/1104 2869/5052/1106 2870/5053/1107 2868/5051/1105
f 2869/5052/1106 2871/5054/1109 2872/5055/1109 2870/5053/1107
f 2871/5054/1109 2873/5056/1049 2874/5057/1110 2872/5055/1109
f 2873/5056/1049 2875/5058/1051 2876/5059/1052 2874/5057/1110
f 2875/5058/1051 2877/5060/1053 2878/5061/1054 2876/5059/1052
f 2877/5060/1053 2879/5062/1055 2880/5063/1056 2878/5061/1054
f 2879/5062/1055 2881/5064/1057 2882/5065/1111 2880/5063/1056
f 2881/5064/1057 2883/5066/1059 2884/5067/1060 2882/5065/1111
f 2883/5066/1059 2885/5068/1112 2886/5069/1062 2884/5067/1060
f 2885/5068/1112 2887/5070/1063 2888/5071/1063 2886/5069/1062
f 2887/5070/1063 2889/5072/1113 2890/5073/1065 2888/5071/1063
f 2889/5072/1113 2891/5074/1066 2892/5075/1067 2890/5073/1065
f 2891/5074/1066 2893/5076/1068 2894/5077/1121 2892/5075/1067
f 2893/5076/1068 2895/5078/1070 2896/5079/1071 2894/5077/1121
f 2895/5078/1070 2897/5080/1072 2898/5081/1073 2896/5079/1071
f 2897/5080/1072 2899/5082/1074 2900/5083/1075 2898/5081/1073
f 2899/5082/1074 2901/5084/1076 2902/5085/1077 2900/5083/1075
f 2901/5084/1076 2840/5022/1115 2839/5025/1115 2902/5085/1077
f 2710/3460/34 2647/3632/580 3888/3633/580 3949/3461/34
f 2967/3186/576 2995/5098/8 5369/5099/8 5339/2089/576
f 3032/5100/1105 3033/5101/1103 3034/2997/1102 3031/2999/1104
f 3036/5102/1101 3037/5103/1099 3038/2473/1098 3035/2472/1100
f 3040/5104/1093 3041/5105/1092 3042/2973/1117 3039/2221/1093
f 3044/5106/1090 3045/5107/1088 3046/2326/1087 3043/2991/1089
f 3048/5108/1082 3049/5109/1108 3050/2958/1079 3047/2987/1081
f 3052/5110/1115 3053/5111/1077 3054/2310/1076 3051/2959/1115
f 3056/5112/1071 3057/5113/1069 3058/2948/1068 3055/2976/1070
f 3060/5114/1067 3061/5115/1065 3062/2296/1113 3059/2949/1066
f 3064/5116/1060 3065/5117/1058 3066/2989/1057 3063/2955/1059
f 3068/5118/1056 3069/5119/1054 3070/2331/1053 3067/2330/1055
f 3069/5119/1054 3071/5120/1052 3072/2981/1051 3070/2331/1053
f 3061/5115/1065 3073/5121/1063 3074/2297/1063 3062/2296/1113
f 3053/5111/1077 3075/5122/1075 3076/2311/1074 3054/2310/1076
f 3045/5107/1088 3077/5123/1086 3078/2327/1085 3046/2326/1087
f 3037/5103/1099 3079/5124/1097 3080/2962/1096 3038/2473/1098
f 3082/5125/1182 3083/5126/1183 3084/2952/1106 3081/2210/1182
f 3083/5126/1183 3032/5100/1105 3031/2999/1104 3084/2952/1106
f 3033/5101/1103 3036/5102/1101 3035/2472/1100 3034/2997/1102
f 3079/5124/1097 3085/5127/1095 3086/2220/1118 3080/2962/1096
f 3085/5127/1095 3040/5104/1093 3039/2221/1093 3086/2220/1118
f 3041/5105/1092 3044/5106/1090 3043/2991/1089 3042/2973/1117
f 3077/5123/1086 3087/5128/1084 3088/2979/1083 3078/2327/1085
f 3087/5128/1084 3048/5108/1082 3047/2987/1081 3088/2979/1083
f 3049/5109/1108 3052/5110/1115 3051/2959/1115 3050/2958/1079
f 3075/5122/1075 3089/5129/1073 3090/2975/1072 3076/2311/1074
f 3089/5129/1073 3056/5112/1071 3055/2976/1070 3090/2975/1072
f 3057/5113/1069 3060/5114/1067 3059/2949/1066 3058/2948/1068
f 3073/5121/1063 3091/5130/1062 3092/2954/1112 3074/2297/1063
f 3091/5130/1062 3064/5116/1060 3063/2955/1059 3092/2954/1112
f 3065/5117/1058 3068/5118/1056 3067/2330/1055 3066/2989/1057
f 3071/5120/1052 3093/5131/1110 3094/2209/1049 3072/2981/1051
f 3093/5131/1110 3082/5125/1182 3081/2210/1182 3094/2209/1049
f 3614/3054/1131 3575/3087/1147 3576/5132/1150 3613/5133/1132
f 3788/2188/1171 3821/3026/1180 3822/5134/1181 3787/5135/1172
f 3594/3080/1100 3579/3125/1102 3580/5136/1103 3593/5137/1101
f 3816/3044/1118 3587/3123/1096 3588/5138/1097 3815/5139/1095
f 3764/2271/1068 3777/2270/1070 3778/5140/1071 3763/5141/1069
f 3760/2216/1142 3785/2215/1164 3786/5142/1165 3759/5143/1143
f 3574/3004/1155 3809/3003/1166 3810/5144/1169 3573/5145/1156
f 3809/3003/1166 3803/2195/1167 3804/5146/1168 3810/5144/1169
f 3792/2996/1053 3627/2967/1055 3628/5147/1056 3791/5148/1054
f 3790/2971/1051 3792/2996/1053 3791/5148/1054 3789/5149/1052
f 3785/2215/1164 3583/3032/1136 3584/5150/1136 3786/5142/1165
f 3586/3146/1063 3783/3138/1113 3784/5151/1065 3585/5152/1063
f 3777/2270/1070 3779/2227/1072 3780/5153/1073 3778/5140/1071
f 3770/2226/1074 3771/2994/1076 3772/5154/1077 3769/5155/1075
f 3583/5156/1136 3599/5157/1126 3600/3133/1129 3584/3085/1136
f 3602/3076/1112 3586/3146/1063 3585/5152/1063 3601/5158/1062
f 3592/3036/1137 3597/3063/1138 3598/5159/1139 3591/5160/1140
f 3604/3077/1059 3602/3076/1112 3601/5158/1062 3603/5161/1060
f 3608/5162/1130 3614/5163/1131 3613/3010/1132 3607/3009/1130
f 3624/3021/1176 3629/3051/1174 3630/5164/1175 3623/5165/1184
f 3627/2967/1055 3625/2966/1057 3626/5166/1058 3628/5147/1056
f 4830/5199/1219 4764/5200/1220 4762/5201/1221 4828/5202/1222
f 4051/5203/1217 4054/5204/1201 4759/5205/1204 4749/5206/1209
f 3232/5207/1194 3214/5208/1223 4765/5209/1224 4831/5210/1195
f 4840/5211/1225 4858/5212/1226 4860/5213/1227 4842/5214/1228
f 4744/5215/1229 4866/5216/1230 4864/5217/1231 4746/5218/1232
f 4866/5216/1230 4836/5223/1237 4833/5224/1238 4864/5217/1231
f 4786/5225/1241 4978/5226/1242 4980/5227/1243 4789/5228/1244
f 4845/5230/1248 5038/5231/1249 5040/5232/1250 4849/5233/1251
f 4732/5235/1256 4728/5236/1257 4726/5237/1258 4734/5238/1259
f 4858/5239/1260 5049/5240/1261 5053/5241/1262 4860/5242/1263
f 4740/5243/1264 4732/5235/1256 4734/5238/1259 4738/5244/1265
f 4818/5247/1274 4812/5248/1275 4810/5249/1276 4816/5250/1277
f 3209/5255/1281 3233/5256/1282 4834/5257/1206 4737/5258/1205
f 4804/5259/1283 4995/5260/1284 4999/5261/1285 4806/5262/1286
f 4884/5265/1291 4818/5247/1274 4816/5250/1277 4882/5266/1292
f 3096/2537/1157 3097/2536/1151 3098/5267/1154 3095/5268/1158
f 3100/2588/1152 3101/2585/1141 3102/5269/1293 3099/5270/1153
f 3104/5271/1136 3105/5272/1126 3106/2532/1129 3103/2495/1136
f 3108/2600/1127 3109/2577/1176 3110/5273/1184 3107/5274/1128
f 3112/2549/1171 3113/2548/1180 3114/5275/1181 3111/5276/1172
f 3116/5277/1130 3117/5278/1131 3118/2506/1132 3115/2552/1130
f 3120/2557/1137 3121/2556/1138 3122/5279/1294 3119/5280/1140
f 3124/2614/1145 3125/2613/1178 3126/5281/1179 3123/5282/1146
f 3128/2563/1122 3129/2562/1123 3130/5283/1295 3127/5284/1125
f 3132/2596/1155 3133/2617/1166 3134/5285/1169 3131/5286/1156
f 3133/2617/1166 3135/2602/1167 3136/5287/1168 3134/5285/1169
f 3125/2613/1178 3137/2581/1133 3138/5288/1133 3126/5281/1179
f 3117/2607/1131 3139/2619/1147 3140/5289/1150 3118/5290/1132
f 3109/2577/1176 3141/2576/1174 3142/5291/1175 3110/5273/1184
f 3101/2585/1141 3143/2584/1142 3144/5292/1143 3102/5269/1293
f 3146/5293/1162 3147/5294/1159 3148/2488/1160 3145/2534/1162
f 3147/2568/1159 3096/2537/1157 3095/5268/1158 3148/5295/1160
f 3097/2536/1151 3100/2588/1152 3099/5270/1153 3098/5267/1154
f 3143/2584/1142 3149/2594/1164 3150/5296/1165 3144/5292/1143
f 3149/2594/1164 3104/2543/1136 3103/5297/1136 3150/5296/1165
f 3105/2542/1126 3108/2600/1127 3107/5274/1128 3106/5298/1129
f 3141/2576/1174 3151/2604/1170 3152/5299/1173 3142/5291/1175
f 3151/2604/1170 3112/2549/1171 3111/5276/1172 3152/5299/1173
f 3113/2548/1180 3116/2608/1130 3115/5300/1130 3114/5275/1181
f 3139/2619/1147 3153/2611/1148 3154/5301/1149 3140/5289/1150
f 3153/2611/1148 3120/2557/1137 3119/5280/1140 3154/5301/1149
f 3121/2556/1138 3124/2614/1145 3123/5282/1146 3122/5279/1294
f 3137/5302/1133 3155/5303/1134 3156/2516/1135 3138/2514/1133
f 3155/2580/1134 3128/2563/1122 3127/5284/1125 3156/5304/1135
f 3129/2562/1123 3132/2596/1155 3131/5286/1156 3130/5283/1295
f 3135/2602/1167 3157/2592/1161 3158/5305/1163 3136/5287/1168
f 3157/5306/1161 3146/5293/1162 3145/2534/1162 3158/2524/1163
f 3312/5307/1157 3313/5308/1151 3314/2676/1154 3311/2675/1158
f 3316/5309/1152 3317/5310/1141 3318/2756/1144 3315/2730/1153
f 3320/2496/1136 3321/2533/1296 3322/5311/1129 3319/5312/1136
f 3324/5313/1127 3325/5314/1176 3326/2726/1177 3323/2725/1128
f 3328/5315/1171 3329/5316/1180 3330/2692/1297 3327/2691/1172
f 3332/2553/1298 3333/2509/1131 3334/5317/1299 3331/5318/1298
f 3336/5319/1137 3337/5320/1138 3338/2700/1300 3335/2699/1140
f 3340/5321/1145 3341/5322/1301 3342/2744/1179 3339/2743/1146
f 3344/5323/1122 3345/5324/1123 3346/2706/1124 3343/2705/1125
f 3348/5325/1155 3349/5326/1166 3350/2750/1169 3347/2722/1156
f 3349/5326/1166 3351/5327/1167 3352/2728/1168 3350/2750/1169
f 3341/5322/1301 3353/5328/1133 3354/2754/1133 3342/2744/1179
f 3333/5329/1131 3355/5330/1147 3356/2752/1150 3334/2738/1299
f 3325/5314/1176 3357/5331/1174 3358/2746/1175 3326/2726/1177
f 3317/5310/1141 3359/5332/1142 3360/2734/1143 3318/2756/1144
f 3362/2535/1302 3363/2489/1159 3364/5333/1303 3361/5334/1302
f 3363/5335/1159 3312/5307/1157 3311/2675/1158 3364/2682/1303
f 3313/5308/1151 3316/5309/1152 3315/2730/1153 3314/2676/1154
f 3359/5332/1142 3365/5336/1304 3366/2720/1165 3360/2734/1143
f 3365/5336/1304 3320/5337/1136 3319/2685/1136 3366/2720/1165
f 3321/5338/1296 3324/5313/1127 3323/2725/1128 3322/2686/1129
f 3357/5331/1174 3367/5339/1170 3368/2732/1173 3358/2746/1175
f 3367/5339/1170 3328/5315/1171 3327/2691/1172 3368/2732/1173
f 3329/5316/1180 3332/5340/1298 3331/2737/1298 3330/2692/1297
f 3355/5330/1147 3369/5341/1148 3370/2740/1149 3356/2752/1150
f 3369/5341/1148 3336/5319/1137 3335/2699/1140 3370/2740/1149
f 3337/5320/1138 3340/5321/1145 3339/2743/1146 3338/2700/1300
f 3353/2515/1133 3371/2519/1305 3372/5342/1135 3354/5343/1133
f 3371/5344/1305 3344/5323/1122 3343/2705/1125 3372/2748/1135
f 3345/5324/1123 3348/5325/1155 3347/2722/1156 3346/2706/1124
f 3351/5327/1167 3373/5345/1161 3374/2574/1306 3352/2728/1168
f 3373/2525/1161 3362/2535/1302 3361/5334/1302 3374/5346/1306
f 3248/2674/1147 3249/2673/1148 3250/5347/1149 3247/5348/1150
f 3252/2729/1137 3253/2755/1138 3254/5349/1300 3251/5350/1140
f 3256/5351/1133 3257/5352/1305 3258/2669/1135 3255/2628/1133
f 3260/2724/1122 3261/2723/1123 3262/5353/1124 3259/5354/1125
f 3264/2690/1167 3265/2689/1161 3266/5355/1306 3263/5356/1168
f 3268/5357/1307 3269/5358/1159 3270/2639/1303 3267/2693/1307
f 3272/2698/1152 3273/2697/1141 3274/5359/1144 3271/5360/1153
f 3276/2742/1142 3277/2741/1304 3278/5361/1165 3275/5362/1143
f 3280/2704/1127 3281/2703/1176 3282/5363/1177 3279/5364/1128
f 3284/2721/1174 3285/2749/1170 3286/5365/1173 3283/5366/1175
f 3285/2749/1170 3287/2727/1171 3288/5367/1172 3286/5365/1173
f 3277/2741/1304 3289/2753/1136 3290/5368/1136 3278/5361/1165
f 3269/2735/1159 3291/2751/1157 3292/5369/1158 3270/5370/1303
f 3261/2723/1123 3293/2745/1155 3294/5371/1156 3262/5353/1124
f 3253/2755/1138 3295/2733/1145 3296/5372/1146 3254/5349/1300
f 3298/5373/1130 3299/5374/1131 3300/2621/1132 3297/2671/1130
f 3299/2681/1131 3248/2674/1147 3247/5348/1150 3300/5375/1132
f 3249/2673/1148 3252/2729/1137 3251/5350/1140 3250/5347/1149
f 3295/2733/1145 3301/2719/1301 3302/5376/1179 3296/5372/1146
f 3301/2719/1301 3256/2684/1133 3255/5377/1133 3302/5376/1179
f 3257/2683/1305 3260/2724/1122 3259/5354/1125 3258/5378/1135
f 3293/2745/1155 3303/2731/1166 3304/5379/1169 3294/5371/1156
f 3303/2731/1166 3264/2690/1167 3263/5356/1168 3304/5379/1169
f 3265/5380/1161 3268/5357/1307 3267/2693/1307 3266/2667/1306
f 3291/2751/1157 3305/2739/1151 3306/5381/1154 3292/5369/1158
f 3305/2739/1151 3272/2698/1152 3271/5360/1153 3306/5381/1154
f 3273/2697/1141 3276/2742/1142 3275/5362/1143 3274/5359/1144
f 3289/5382/1136 3307/5383/1296 3308/2651/1129 3290/2648/1136
f 3307/2747/1296 3280/2704/1127 3279/5364/1128 3308/5384/1129
f 3281/2703/1176 3284/2721/1174 3283/5366/1175 3282/5363/1177
f 3287/2727/1171 3309/2573/1180 3310/5385/1181 3288/5367/1172
f 3309/2573/1180 3298/2572/1130 3297/5386/1130 3310/5385/1181
f 3440/5387/1147 3441/5388/1148 3442/5389/1149 3439/5390/1150
f 3444/5391/1137 3445/5392/1138 3446/5393/1139 3443/5394/1140
f 3448/2629/1133 3449/2670/1134 3450/5395/1135 3447/5396/1133
f 3452/5397/1122 3453/5398/1123 3454/5399/1295 3451/5400/1125
f 3456/5401/1167 3457/5402/1161 3458/5403/1163 3455/5404/1168
f 3460/2694/1162 3461/2642/1159 3462/5405/1160 3459/5406/1162
f 3464/5407/1152 3465/5408/1141 3466/5409/1293 3463/5410/1153
f 3468/5411/1142 3469/5412/1164 3470/5413/1165 3467/5414/1143
f 3472/5415/1127 3473/5416/1176 3474/5417/1184 3471/5418/1128
f 3476/5419/1174 3477/5420/1170 3478/5421/1173 3475/5422/1175
f 3477/5420/1170 3479/5423/1171 3480/5424/1172 3478/5421/1173
f 3469/5412/1164 3481/5425/1136 3482/5426/1136 3470/5413/1165
f 3461/5427/1159 3483/5428/1157 3484/5429/1158 3462/5430/1160
f 3453/5398/1123 3485/5431/1155 3486/5432/1156 3454/5399/1295
f 3445/5392/1138 3487/5433/1145 3488/5434/1146 3446/5393/1139
f 3490/2672/1130 3491/2622/1131 3492/5435/1132 3489/5436/1130
f 3491/5437/1131 3440/5387/1147 3439/5390/1150 3492/5438/1132
f 3441/5388/1148 3444/5391/1137 3443/5394/1140 3442/5389/1149
f 3487/5433/1145 3493/5439/1178 3494/5440/1179 3488/5434/1146
f 3493/5439/1178 3448/5441/1133 3447/5442/1133 3494/5440/1179
f 3449/5443/1134 3452/5397/1122 3451/5400/1125 3450/5444/1135
f 3485/5431/1155 3495/5445/1166 3496/5446/1169 3486/5432/1156
f 3495/5445/1166 3456/5401/1167 3455/5404/1168 3496/5446/1169
f 3457/2668/1161 3460/2694/1162 3459/5406/1162 3458/5447/1163
f 3483/5428/1157 3497/5448/1151 3498/5449/1154 3484/5429/1158
f 3497/5448/1151 3464/5407/1152 3463/5410/1153 3498/5449/1154
f 3465/5408/1141 3468/5411/1142 3467/5414/1143 3466/5409/1293
f 3481/2649/1136 3499/2654/1126 3500/5450/1129 3482/5451/1136
f 3499/5452/1126 3472/5415/1127 3471/5418/1128 3500/5453/1129
f 3473/5416/1176 3476/5419/1174 3475/5422/1175 3474/5417/1184
f 3479/5423/1171 3501/5454/1180 3502/5455/1181 3480/5424/1172
f 3501/5454/1180 3490/5456/1130 3489/5457/1130 3502/5455/1181
f 3376/5458/1157 3377/5459/1151 3378/5460/1154 3375/5461/1158
f 3380/5462/1152 3381/5463/1141 3382/5464/1293 3379/5465/1153
f 3384/5466/1136 3385/5467/1126 3386/2801/1129 3383/2764/1136
f 3388/5468/1127 3389/5469/1176 3390/5470/1184 3387/5471/1128
f 3392/5472/1171 3393/5473/1180 3394/5474/1181 3391/5475/1172
f 3396/5476/1130 3397/5477/1131 3398/2775/1132 3395/2821/1130
f 3400/5478/1137 3401/5479/1138 3402/5480/1139 3399/5481/1140
f 3404/5482/1145 3405/5483/1178 3406/5484/1179 3403/5485/1146
f 3408/5486/1122 3409/5487/1123 3410/5488/1308 3407/5489/1125
f 3412/5490/1155 3413/5491/1166 3414/5492/1169 3411/5493/1156
f 3413/5491/1166 3415/5494/1167 3416/5495/1168 3414/5492/1169
f 3405/5483/1178 3417/5496/1133 3418/5497/1133 3406/5484/1179
f 3397/5498/1131 3419/5499/1147 3420/5500/1150 3398/5501/1132
f 3389/5469/1176 3421/5463/1174 3422/5502/1175 3390/5470/1184
f 3381/5463/1141 3423/5503/1142 3424/5504/1143 3382/5464/1293
f 3426/5505/1162 3427/5506/1159 3428/2757/1160 3425/2803/1162
f 3427/5507/1159 3376/5458/1157 3375/5461/1158 3428/5497/1160
f 3377/5459/1151 3380/5462/1152 3379/5465/1153 3378/5460/1154
f 3423/5503/1142 3429/5508/1164 3430/5509/1165 3424/5504/1143
f 3429/5508/1164 3384/5510/1136 3383/5511/1136 3430/5509/1165
f 3385/5512/1126 3388/5468/1127 3387/5471/1128 3386/5513/1129
f 3421/5463/1174 3431/5514/1170 3432/5515/1173 3422/5502/1175
f 3431/5514/1170 3392/5472/1171 3391/5475/1172 3432/5515/1173
f 3393/5473/1180 3396/5516/1130 3395/5517/1130 3394/5474/1181
f 3419/5499/1147 3433/5518/1148 3434/5519/1149 3420/5500/1150
f 3433/5518/1148 3400/5478/1137 3399/5481/1140 3434/5519/1149
f 3401/5479/1138 3404/5482/1145 3403/5485/1146 3402/5480/1139
f 3417/5520/1133 3435/5521/1134 3436/2785/1135 3418/2716/1133
f 3435/5522/1134 3408/5486/1122 3407/5489/1125 3436/5523/1135
f 3409/5487/1123 3412/5490/1155 3411/5493/1156 3410/5488/1308
f 3415/5494/1167 3437/5524/1161 3438/5525/1163 3416/5495/1168
f 3437/5526/1161 3426/5505/1162 3425/2803/1162 3438/2793/1163
f 3504/5527/1157 3505/5528/1151 3506/2915/1154 3503/2914/1158
f 3508/5529/1152 3509/5530/1141 3510/2917/1309 3507/2916/1153
f 3512/2765/1136 3513/2802/1126 3514/5531/1129 3511/5532/1136
f 3516/5533/1127 3517/5534/1176 3518/2923/1184 3515/2922/1128
f 3520/5535/1171 3521/5536/1180 3522/2927/1181 3519/2926/1172
f 3524/2822/1130 3525/2778/1131 3526/5537/1132 3523/5538/1130
f 3528/5539/1137 3529/5540/1138 3530/2933/1139 3527/2932/1140
f 3532/5541/1145 3533/5542/1178 3534/2935/1179 3531/2934/1146
f 3536/5543/1122 3537/5544/1123 3538/2939/1295 3535/2938/1125
f 3540/5545/1155 3541/5546/1166 3542/2941/1169 3539/2940/1156
f 3541/5546/1166 3543/5547/1167 3544/2942/1168 3542/2941/1169
f 3533/5542/1178 3545/5548/1133 3546/2936/1133 3534/2935/1179
f 3525/5549/1131 3547/5550/1147 3548/2930/1150 3526/2929/1132
f 3517/5534/1176 3549/5551/1174 3550/2924/1175 3518/2923/1184
f 3509/5530/1141 3551/5552/1142 3552/2918/1143 3510/2917/1309
f 3554/2804/1162 3555/2758/1159 3556/5553/1160 3553/5554/1162
f 3555/5555/1159 3504/5527/1157 3503/2914/1158 3556/2913/1160
f 3505/5528/1151 3508/5529/1152 3507/2916/1153 3506/2915/1154
f 3551/5552/1142 3557/5556/1164 3558/2919/1165 3552/2918/1143
f 3557/5556/1164 3512/5557/1136 3511/2920/1136 3558/2919/1165
f 3513/5558/1126 3516/5533/1127 3515/2922/1128 3514/2921/1129
f 3549/5551/1174 3559/5559/1170 3560/2925/1173 3550/2924/1175
f 3559/5559/1170 3520/5535/1171 3519/2926/1172 3560/2925/1173
f 3521/5536/1180 3524/5560/1130 3523/2928/1130 3522/2927/1181
f 3547/5550/1147 3561/5561/1148 3562/2931/1149 3548/2930/1150
f 3561/5561/1148 3528/5539/1137 3527/2932/1140 3562/2931/1149
f 3529/5540/1138 3532/5541/1145 3531/2934/1146 3530/2933/1139
f 3545/2717/1133 3563/2788/1134 3564/5562/1135 3546/5563/1133
f 3563/5564/1134 3536/5543/1122 3535/2938/1125 3564/2937/1135
f 3537/5544/1123 3540/5545/1155 3539/2940/1156 3538/2939/1295
f 3543/5547/1167 3565/5565/1161 3566/2911/1163 3544/2942/1168
f 3565/2794/1161 3554/2804/1162 3553/5554/1162 3566/5566/1163
f 3578/3067/1104 3611/3061/1106 3612/5567/1107 3577/5568/1105
f 3820/2972/1049 3790/2971/1051 3789/5149/1052 3819/5569/1110
f 3803/2195/1167 3801/2194/1161 3802/5570/1163 3804/5146/1168
f 3610/3028/1182 3820/2972/1049 3819/5569/1110 3609/5571/1182
f 3796/5572/1162 3773/5573/1159 3774/3099/1160 3795/3098/1162
f 3618/3045/1093 3816/3044/1118 3815/5139/1095 3617/5574/1093
f 3622/3115/1134 3811/3091/1122 3812/5575/1125 3621/5576/1135
f 3783/3138/1113 3761/3137/1066 3762/5577/1067 3784/5151/1065
f 3808/2985/1083 3571/3049/1085 3572/5578/1086 3807/5579/1084
f 3629/3051/1174 3793/2189/1170 3794/5580/1173 3630/5164/1175
f 3801/5581/1161 3796/5572/1162 3795/3098/1162 3802/3107/1163
f 3793/2189/1170 3788/2188/1171 3787/5135/1172 3794/5580/1173
f 3782/3150/1151 3775/2208/1152 3776/5582/1153 3781/5583/1154
f 3761/3137/1066 3764/2271/1068 3763/5141/1069 3762/5577/1067
f 3568/3090/1123 3574/3004/1155 3573/5145/1156 3567/5584/1295
f 3575/3087/1147 3581/3037/1148 3582/5585/1149 3576/5132/1150
f 3579/3125/1102 3578/3067/1104 3577/5568/1105 3580/5136/1103
f 3597/3063/1138 3589/3148/1145 3590/5586/1146 3598/5159/1139
f 3599/3103/1126 3605/3022/1127 3606/5587/1128 3600/5588/1129
f 3616/5589/1133 3622/5590/1134 3621/3119/1135 3615/3041/1133
f 3620/3058/1117 3618/3045/1093 3617/5574/1093 3619/5591/1092
f 3587/3123/1096 3595/3081/1098 3596/5592/1099 3588/5138/1097
f 3581/3037/1148 3592/3036/1137 3591/5160/1140 3582/5585/1149
f 3595/3081/1098 3594/3080/1100 3593/5137/1101 3596/5592/1099
f 3814/3059/1089 3620/3058/1117 3619/5591/1092 3813/5593/1090
f 3811/3091/1122 3568/3090/1123 3567/5584/1295 3812/5575/1125
f 3800/2258/1079 3805/2986/1081 3806/5594/1082 3799/5595/1108
f 3773/2202/1159 3767/3152/1157 3768/5596/1158 3774/5597/1160
f 3767/3152/1157 3782/3150/1151 3781/5583/1154 3768/5596/1158
f 3766/2207/1141 3760/2216/1142 3759/5143/1143 3765/5598/1293
f 3611/3061/1106 3610/3028/1182 3609/5571/1182 3612/5567/1107
f 3775/2208/1152 3766/2207/1141 3765/5598/1293 3776/5582/1153
f 3605/3022/1127 3624/3021/1176 3623/5165/1184 3606/5587/1128
f 3805/2986/1081 3808/2985/1083 3807/5579/1084 3806/5594/1082
f 3571/3049/1085 3569/3048/1087 3570/5599/1088 3572/5578/1086
f 3589/3148/1145 3817/3071/1178 3818/5600/1179 3590/5586/1146
f 3779/2227/1072 3770/2226/1074 3769/5155/1075 3780/5153/1073
f 3798/2259/1078 3800/2258/1079 3799/5595/1108 3797/5601/1078
f 3771/2994/1076 3798/2259/1078 3797/5601/1078 3772/5154/1077
f 3625/2966/1057 3604/3077/1059 3603/5161/1060 3626/5166/1058
f 3817/3071/1178 3616/3070/1133 3615/5602/1133 3818/5600/1179
f 3821/3026/1180 3608/3055/1130 3607/5603/1130 3822/5134/1181
f 3569/3048/1087 3814/3059/1089 3813/5593/1090 3570/5599/1088
f 3738/5604/1055 3723/5605/1057 3724/2965/1058 3737/2964/1056
f 3726/5606/1176 3735/5607/1174 3736/3050/1175 3725/3020/1177
f 3706/5608/1117 3691/5609/1093 3692/3042/1093 3705/3057/1092
f 3694/3033/1133 3703/2247/1134 3704/5610/1135 3693/5611/1133
f 3638/5612/1106 3671/5613/1109 3672/3027/1109 3637/3060/1107
f 3674/2196/1310 3635/2059/1131 3636/5614/1132 3673/5615/1310
f 3730/5616/1059 3751/5617/1112 3752/3075/1062 3729/3074/1060
f 3754/5618/1126 3727/5619/1127 3728/3019/1128 3753/3102/1129
f 3758/5620/1098 3655/5621/1100 3656/3079/1101 3757/3078/1099
f 3658/5622/1137 3755/5623/1138 3756/3062/1300 3657/3035/1140
f 3682/5624/1096 3758/5620/1098 3757/3078/1099 3681/3122/1097
f 3755/5623/1138 3679/5625/1145 3680/3147/1146 3756/3062/1300
f 3751/5617/1112 3747/5626/1063 3748/3145/1063 3752/3075/1062
f 3750/2235/1136 3754/2234/1126 3753/5627/1129 3749/5628/1136
f 3662/5629/1102 3631/5630/1104 3632/3066/1105 3661/3124/1103
f 3634/5631/1147 3659/5632/1148 3660/3034/1149 3633/3086/1150
f 3722/5633/1085 3639/5634/1087 3640/3047/1088 3721/3046/1086
f 3642/5635/1123 3719/5636/1155 3720/3001/1156 3641/3089/1124
f 3714/5637/1066 3695/5638/1068 3696/2268/1069 3713/3136/1067
f 3698/5639/1141 3711/5640/1142 3712/2213/1143 3697/2206/1144
f 3746/5641/1074 3683/5642/1076 3684/2993/1077 3745/2225/1075
f 3686/5643/1159 3743/5644/1157 3744/3151/1158 3685/2201/1160
f 3702/5645/1070 3739/5646/1072 3740/2224/1073 3701/2269/1071
f 3742/5647/1151 3699/5648/1152 3700/2205/1153 3741/3149/1154
f 3747/5626/1063 3707/5649/1113 3708/3135/1065 3748/3145/1063
f 3710/5650/1164 3750/5651/1136 3749/3031/1136 3709/2214/1165
f 3739/5646/1072 3746/5641/1074 3745/2225/1075 3740/2224/1073
f 3743/5644/1157 3742/5647/1151 3741/3149/1154 3744/3151/1158
f 3654/5652/1051 3731/5653/1053 3732/2995/1054 3653/2970/1052
f 3734/5654/1170 3651/5655/1171 3652/2187/1172 3733/2186/1173
f 3690/5656/1115 3663/5657/1079 3664/2257/1108 3689/2256/1115
f 3666/2229/1161 3687/2228/1162 3688/5658/1162 3665/5659/1163
f 3731/5653/1053 3738/5604/1055 3737/2964/1056 3732/2995/1054
f 3735/5607/1174 3734/5654/1170 3733/2186/1173 3736/3050/1175
f 3670/5660/1081 3715/5661/1083 3716/2984/1084 3669/2983/1082
f 3718/5662/1166 3667/5663/1167 3668/2192/1168 3717/3002/1169
f 3723/5605/1057 3730/5616/1059 3729/3074/1060 3724/2965/1058
f 3727/5619/1127 3726/5606/1176 3725/3020/1177 3728/3019/1128
f 3715/5661/1083 3722/5633/1085 3721/3046/1086 3716/2984/1084
f 3719/5636/1155 3718/5662/1166 3717/3002/1169 3720/3001/1156
f 3707/5649/1113 3714/5637/1066 3713/3136/1067 3708/3135/1065
f 3711/5640/1142 3710/5650/1164 3709/2214/1165 3712/2213/1143
f 3646/5664/1089 3706/5608/1117 3705/3057/1092 3645/3056/1090
f 3703/5665/1134 3643/5666/1122 3644/3088/1125 3704/3114/1135
f 3695/5638/1068 3702/5645/1070 3701/2269/1071 3696/2268/1069
f 3699/5648/1152 3698/5639/1141 3697/2206/1144 3700/2205/1153
f 3691/5609/1093 3675/5667/1118 3676/3043/1095 3692/3042/1093
f 3678/5668/1178 3694/5669/1133 3693/3069/1133 3677/3068/1179
f 3683/5642/1076 3690/5656/1115 3689/2256/1115 3684/2993/1077
f 3687/2228/1162 3686/2244/1159 3685/5670/1160 3688/5658/1162
f 3675/5667/1118 3682/5624/1096 3681/3122/1097 3676/3043/1095
f 3679/5625/1145 3678/5668/1178 3677/3068/1179 3680/3147/1146
f 3671/5613/1109 3647/5671/1049 3648/2969/1110 3672/3027/1109
f 3650/5672/1180 3674/5673/1310 3673/3052/1310 3649/3025/1181
f 3663/5657/1079 3670/5660/1081 3669/2983/1082 3664/2257/1108
f 3667/5663/1167 3666/5674/1161 3665/2193/1163 3668/2192/1168
f 3655/5621/1100 3662/5629/1102 3661/3124/1103 3656/3079/1101
f 3659/5632/1148 3658/5622/1137 3657/3035/1140 3660/3034/1149
f 3647/5671/1049 3654/5652/1051 3653/2970/1052 3648/2969/1110
f 3651/5655/1171 3650/5672/1180 3649/3025/1181 3652/2187/1172
f 3639/5634/1087 3646/5664/1089 3645/3056/1090 3640/3047/1088
f 3643/5666/1122 3642/5635/1123 3641/3089/1124 3644/3088/1125
f 3631/5630/1104 3638/5612/1106 3637/3060/1107 3632/3066/1105
f 3635/5675/1131 3634/5631/1147 3633/3086/1150 3636/3053/1132
f 3952/5816/1312 3953/5817/1079 3954/3763/1080 3951/3762/1312
f 3953/5817/1079 3955/5818/1081 3956/3764/1082 3954/3763/1080
f 3955/5818/1081 3957/5819/1083 3958/3765/1084 3956/3764/1082
f 3957/5819/1083 3959/5820/1085 3960/3766/1086 3958/3765/1084
f 3959/5820/1085 3961/5821/1087 3962/3767/1088 3960/3766/1086
f 3961/5821/1087 3963/5822/1089 3964/3768/1090 3962/3767/1088
f 3963/5822/1089 3965/5823/1091 3966/3769/1092 3964/3768/1090
f 3965/5823/1091 3967/5824/1093 3968/3770/1093 3966/3769/1092
f 3967/5824/1093 3969/5825/1094 3970/3771/1095 3968/3770/1093
f 3969/5825/1094 3971/5826/1096 3972/3772/1097 3970/3771/1095
f 3971/5826/1096 3973/5827/1098 3974/3773/1099 3972/3772/1097
f 3973/5827/1098 3975/5828/1100 3976/3774/1101 3974/3773/1099
f 3975/5828/1100 3977/5829/1102 3978/3775/1103 3976/3774/1101
f 3977/5829/1102 3979/5830/1104 3980/3776/1105 3978/3775/1103
f 3979/5830/1104 3981/5831/1106 3982/3777/1107 3980/3776/1105
f 3981/5831/1106 3983/5832/1182 3984/3778/1182 3982/3777/1107
f 3983/5832/1182 3985/5833/1049 3986/3779/1050 3984/3778/1182
f 3985/5833/1049 3987/5834/1051 3988/3780/1052 3986/3779/1050
f 3987/5834/1051 3989/5835/1053 3990/3781/1054 3988/3780/1052
f 3989/5835/1053 3991/5836/1055 3992/3782/1056 3990/3781/1054
f 3991/5836/1055 3993/5837/1057 3994/3783/1058 3992/3782/1056
f 3993/5837/1057 3995/5838/1059 3996/3784/1060 3994/3783/1058
f 3995/5838/1059 3997/5839/1061 3998/3785/1062 3996/3784/1060
f 3997/5839/1061 3999/5840/1063 4000/3786/1063 3998/3785/1062
f 3999/5840/1063 4001/5841/1064 4002/3787/1065 4000/3786/1063
f 4001/5841/1064 4003/5842/1066 4004/3788/1067 4002/3787/1065
f 4003/5842/1066 4005/5843/1068 4006/3789/1069 4004/3788/1067
f 4005/5843/1068 4007/5844/1070 4008/3790/1071 4006/3789/1069
f 4007/5844/1070 4009/5845/1072 4010/3791/1073 4008/3790/1071
f 4009/5845/1072 4011/5846/1074 4012/3792/1075 4010/3791/1073
f 4011/5846/1074 4013/5847/1076 4014/3793/1077 4012/3792/1075
f 4013/5847/1076 3952/5816/1312 3951/3762/1312 4014/3793/1077
f 3631/2353/585 3662/2468/66 3033/2469/66 3032/2354/585
f 1958/5848/573 1957/5849/1 5435/5850/707 5434/5851/720
f 1959/5852/669 1958/5848/573 5434/5851/720 5409/5853/719
f 1960/5854/8 1959/5852/669 5409/5853/719 5408/5855/693
f 1961/5856/576 1960/5857/8 5408/5858/693 5421/5859/692
f 1962/5860/666 1961/5856/576 5421/5859/692 5430/5861/715
f 1963/5862/14 1962/5860/666 5430/5861/715 5378/5863/714
f 1964/5864/321 1963/5862/14 5378/5863/714 5377/5865/688
f 1965/5866/578 1964/5864/321 5377/5865/688 5417/5867/687
f 1966/5868/22 1965/5866/578 5417/5867/687 5427/5869/710
f 1967/5870/586 1966/5868/22 5427/5869/710 5436/5871/709
f 1968/5872/587 1967/5870/586 5436/5871/709 5411/5873/683
f 1969/5874/28 1968/5872/587 5411/5873/683 5410/5875/682
f 1970/5876/670 1969/5877/28 5410/5878/682 5422/5879/704
f 1971/5880/582 1970/5876/670 5422/5879/704 5431/5881/703
f 1972/5882/34 1971/5880/582 5431/5881/703 5403/5883/679
f 1973/5884/580 1972/5882/34 5403/5883/679 5402/5885/678
f 1974/5886/581 1973/5884/580 5402/5885/678 5419/5887/700
f 1975/5888/41 1974/5886/581 5419/5887/700 5428/5889/699
f 1976/5890/668 1975/5888/41 5428/5889/699 5437/5891/723
f 1977/5892/667 1976/5890/668 5437/5891/723 5413/5893/722
f 1978/5894/47 1977/5895/667 5413/5896/722 5412/5897/696
f 1979/5898/590 1978/5894/47 5412/5897/696 5424/5899/695
f 1980/5900/331 1979/5898/590 5424/5899/695 5433/5901/718
f 1981/5902/174 1980/5900/331 5433/5901/718 5407/5903/717
f 1982/5904/575 1981/5902/174 5407/5903/717 5406/5905/691
f 1983/5906/60 1982/5904/575 5406/5905/691 5420/5907/690
f 1984/5908/588 1983/5906/60 5420/5907/690 5429/5909/713
f 1985/5910/589 1984/5911/588 5429/5912/713 5438/5913/712
f 1986/5914/66 1985/5910/589 5438/5913/712 5416/5915/686
f 1987/5916/585 1986/5914/66 5416/5915/686 5415/5917/685
f 1988/5918/591 1987/5916/585 5415/5917/685 5426/5919/708
f 1957/5849/1 1988/5918/591 5426/5919/708 5435/5850/707
f 5304/5924/573 2715/5925/669 4089/5926/669 5296/5927/573
f 2715/5925/669 2717/5928/8 4090/5929/8 4089/5926/669
f 2717/5930/8 2719/5931/576 4091/5932/576 4090/5933/8
f 2719/5931/576 2721/5934/666 4092/5935/666 4091/5932/576
f 2721/5934/666 2723/5936/14 4093/5937/14 4092/5935/666
f 2723/5936/14 2725/5938/321 4094/5939/321 4093/5937/14
f 2725/5938/321 5305/5940/578 5297/5941/578 4094/5939/321
f 5306/5946/22 2731/5947/586 4097/5948/586 5298/5949/22
f 2731/5947/586 2733/5950/587 4098/5951/587 4097/5948/586
f 2733/5950/587 2735/5952/28 4099/5953/28 4098/5951/587
f 2735/5954/28 2737/5955/670 4100/5956/670 4099/5957/28
f 2737/5955/670 2739/5958/582 4101/5959/582 4100/5956/670
f 2739/5958/582 2741/5960/34 4102/5961/34 4101/5959/582
f 2741/5960/34 5307/5962/580 5299/5963/580 4102/5961/34
f 5308/5968/581 2747/5969/41 4105/5970/41 5300/5971/581
f 2747/5969/41 2749/5972/668 4106/5973/668 4105/5970/41
f 2749/5972/668 2751/5974/667 4107/5975/667 4106/5973/668
f 2751/5976/667 2753/5977/47 4108/5978/47 4107/5979/667
f 2753/5977/47 2755/5980/590 4109/5981/590 4108/5978/47
f 2755/5980/590 2757/5982/331 4110/5983/331 4109/5981/590
f 2757/5982/331 5309/5984/174 5301/5985/174 4110/5983/331
f 5310/5990/575 2763/5991/60 4113/5992/60 5302/5993/575
f 2763/5991/60 2765/5994/588 4114/5995/588 4113/5992/60
f 2765/5996/588 2767/5997/589 4115/5998/589 4114/5999/588
f 2767/5997/589 2769/6000/66 4116/6001/66 4115/5998/589
f 2769/6000/66 2771/6002/585 4117/6003/585 4116/6001/66
f 2771/6002/585 2773/6004/591 4118/6005/591 4117/6003/585
f 2773/6004/591 5303/6006/1 5295/6007/1 4118/6005/591
f 4648/6008/1313 4654/6009/1314 4656/6010/1315 4650/6011/1316
f 4654/6009/1314 4660/6012/1321 4662/6013/1322 4656/6010/1315
f 4395/6031/1347 4204/6032/1348 4206/6033/1349 4399/6034/1350
f 4428/6035/1351 4422/6036/1352 4615/6037/1353 4621/6038/1354
f 4434/6040/1356 4428/6035/1351 4621/6038/1354 4627/6041/1357
f 4441/6044/1359 4434/6040/1356 4627/6041/1357 4633/6045/1360
f 4372/6048/1364 4179/6049/1365 4182/6050/1366 4375/6051/1367
f 4404/6052/1368 4398/6053/1369 4591/6054/1370 4597/6055/1371
f 4410/6056/1373 4404/6052/1368 4597/6055/1371 4603/6057/1374
f 4417/6059/1376 4410/6056/1373 4603/6057/1374 4609/6060/1377
f 4221/6075/1387 4414/6076/1388 4416/6077/1389 4225/6078/1390
f 4419/6080/1392 4228/6081/1393 4230/6082/1394 4423/6083/1395
f 4245/6086/1400 4438/6087/1401 4440/6088/1402 4249/6089/1403
f 4443/6091/1404 4252/6092/1405 4254/6093/1406 4447/6094/1407
f 4489/6100/1419 4296/6101/1420 4294/6102/1421 4485/6103/1422
f 4476/6104/1427 4471/6105/793 4663/6106/1428 4669/6107/1429
f 4684/6112/1441 4690/6113/1442 4692/6114/1443 4686/6115/1444
f 4464/6116/792 4458/6117/1445 4651/6118/1446 4657/6119/1438
f 4678/6120/1449 4684/6112/1441 4686/6115/1444 4680/6121/1450
f 4458/6117/1445 4452/6122/1451 4645/6123/1452 4651/6118/1446
f 4332/6124/1453 4321/6125/1454 4513/6126/1455 4525/6127/1456
f 4452/6122/1451 4446/6128/1386 4639/6129/1461 4645/6123/1452
f 4660/6012/1321 4666/6134/1464 4668/6135/1465 4662/6013/1322
f 4636/6140/1482 4642/6141/1483 4644/6142/1484 4638/6143/1485
f 4630/6144/1490 4636/6140/1482 4638/6143/1485 4632/6145/1491
f 4624/6146/1494 4630/6147/1490 4632/6148/1491 4626/6149/1495
f 4618/6150/1498 4624/6146/1494 4626/6149/1495 4620/6151/1499
f 4612/6156/1502 4618/6150/1498 4620/6151/1499 4614/6157/1503
f 4522/6161/1504 4528/6162/1505 4530/6163/1506 4524/6164/1507
f 4279/6167/1508 4470/6168/1509 4467/6169/1510 4276/6170/1511
f 4345/6171/1512 4152/6172/1513 4150/6173/1514 4341/6174/1515
f 4488/6175/764 4482/6176/1516 4675/6177/1517 4681/6178/1518
f 4672/6180/1521 4678/6120/1449 4680/6121/1450 4674/6181/1522
f 4312/6182/1523 4119/6183/1524 4122/6184/1525 4315/6185/1526
f 4348/6186/1527 4155/6187/1528 4159/6188/1529 4350/6189/1530
f 4666/6134/1464 4672/6190/1521 4674/6191/1522 4668/6135/1465
f 4534/6192/1531 4540/6193/1532 4542/6194/1533 4536/6195/1534
f 4528/6198/1505 4534/6192/1531 4536/6195/1534 4530/6199/1506
f 4174/6200/1536 4365/6201/1537 4368/6202/1538 4177/6203/1539
f 4303/6204/1540 4494/6205/1541 4492/6206/1542 4299/6207/1543
f 4690/6113/1442 4519/3356/754 4515/3359/757 4692/6114/1443
f 4380/6208/1544 4374/6209/1545 4567/6210/1546 4573/6211/1547
f 4386/6212/1548 4380/6208/1544 4573/6211/1547 4579/6213/1549
f 4546/6217/1552 4552/6218/1553 4554/6219/1554 4548/6220/1555
f 4582/6221/1556 4588/6222/1557 4590/6223/1558 4584/6224/1559
f 4552/6218/1553 4558/6225/1560 4560/6226/1561 4554/6219/1554
f 4198/6227/1562 4389/6228/1563 4392/6229/1564 4201/6230/1565
f 4558/6225/1560 4564/6231/1566 4566/6232/1567 4560/6226/1561
f 4468/6233/1333 4474/6234/1568 4665/6235/1569 4659/6236/1570
f 4474/6234/1568 4480/6239/1573 4671/6240/1574 4665/6235/1569
f 4396/6241/732 4402/6242/1575 4593/6243/1576 4587/6244/1571
f 4480/6239/1573 4486/6245/774 4677/6246/1577 4671/6240/1574
f 4402/6242/1575 4408/6247/1578 4599/6248/1579 4593/6243/1576
f 4311/6249/1551 4323/6250/1580 4516/6251/1581 4503/6252/1582
f 4408/6247/1578 4413/6257/1584 4605/6258/1585 4599/6248/1579
f 4330/6259/1586 4336/6260/1587 4527/6261/1588 4521/6262/1589
f 4491/6263/773 4498/6264/1590 4689/6265/1591 4683/6266/1583
f 4336/6260/1587 4342/6268/789 4533/6269/1594 4527/6261/1588
f 4323/6250/1580 4500/6270/1595 4693/6265/1596 4516/6251/1581
f 4420/6271/1592 4426/6272/1597 4617/6273/1598 4611/6274/1593
f 4426/6272/1597 4432/6279/1600 4623/6280/1601 4617/6273/1598
f 4347/6281/788 4354/6282/1602 4545/6283/1603 4539/6284/1599
f 4318/6285/1410 4330/6259/1586 4521/6262/1589 4509/6286/1604
f 4432/6279/1600 4437/6287/1605 4629/6236/1606 4623/6280/1601
f 4354/6282/1602 4360/6288/1607 4551/6289/1608 4545/6283/1603
f 4360/6288/1607 4366/6293/761 4557/6294/1611 4551/6289/1608
f 4444/6295/1609 4450/6296/1612 4641/6297/1613 4635/6298/1610
f 4450/6296/1612 4456/6303/1615 4647/6304/1616 4641/6297/1613
f 4371/6305/760 4378/6306/1617 4569/6307/1618 4563/6308/1614
f 4456/6303/1615 4461/6309/1334 4653/6310/1619 4647/6304/1616
f 4378/6306/1617 4384/6311/1620 4575/6312/1621 4569/6307/1618
f 4384/6311/1620 4390/6316/733 4581/6317/1572 4575/6312/1621
f 4338/6322/1622 4332/6124/1453 4525/6127/1456 4531/6323/1623
f 4540/6193/1532 4546/6217/1552 4548/6220/1555 4542/6194/1533
f 4482/6176/1516 4476/6104/1427 4669/6107/1429 4675/6177/1517
f 4327/6324/1624 4314/6325/1411 4507/6326/1625 4518/6251/1626
f 4498/6264/1590 4327/6324/1624 4518/6251/1626 4689/6265/1591
f 4500/6270/1595 4495/6329/765 4687/6330/1639 4693/6265/1596
f 4344/6331/750 4338/6322/1622 4531/6323/1623 4537/6332/1642
f 4564/6231/1566 4570/6333/1643 4572/6334/1644 4566/6232/1567
f 4570/6333/1643 4576/6338/1646 4578/6339/1647 4572/6334/1644
f 4356/6340/1648 4351/6341/751 4543/6342/1645 4549/6343/1649
f 4576/6338/1646 4582/6344/1556 4584/6345/1559 4578/6339/1647
f 4510/6346/1650 4522/6161/1504 4524/6164/1507 4512/6347/1651
f 4362/6348/1652 4356/6340/1648 4549/6343/1649 4555/6349/1653
f 4369/6350/1658 4362/6348/1652 4555/6349/1653 4561/6351/1659
f 4588/6222/1557 4594/6352/1660 4596/6353/1661 4590/6223/1558
f 4594/6352/1660 4600/6355/1662 4602/6356/1663 4596/6353/1661
f 4600/6355/1662 4606/6357/1668 4608/6358/1669 4602/6356/1663
f 4606/6357/1668 4612/6156/1502 4614/6157/1503 4608/6358/1669
f 4393/6359/1500 4386/6212/1548 4579/6213/1549 4585/6360/1501
f 4642/6141/1483 4648/6008/1313 4650/6011/1316 4644/6142/1484
f 4315/6185/1526 4122/6184/1525 4124/6380/1677 4316/6381/1677
f 4316/6382/1678 4124/6383/1679 4123/6384/740 4314/6325/1411
f 4126/3380/787 4317/3379/786 4319/6385/1680 4127/6386/1680
f 4127/6387/1681 4319/6388/1682 4318/6285/1410 4125/6389/739
f 4447/6094/1407 4254/6093/1406 4256/6390/1683 4448/6391/1683
f 4448/6392/1684 4256/6393/1685 4255/6394/1325 4446/6128/1386
f 4441/6044/1359 4248/6395/1324 4250/6396/1686 4442/6397/1687
f 4442/6398/1688 4250/6399/1688 4249/6089/1403 4440/6088/1402
f 4276/6170/1511 4467/6169/1510 4469/6400/1689 4277/6401/1689
f 4277/6402/1690 4469/6403/1691 4468/6233/1333 4275/6404/1328
f 4270/6405/1329 4461/6309/1334 4463/6406/1692 4271/6407/1693
f 4271/6408/1694 4463/6409/1694 4462/3389/798 4269/3388/797
f 4423/6083/1395 4230/6082/1394 4232/6410/1695 4424/3868/1695
f 4424/6411/1696 4232/6412/1697 4231/6413/1341 4422/6036/1352
f 4417/6059/1376 4224/6414/1340 4226/6415/1698 4418/6416/1699
f 4418/6417/1700 4226/6418/1700 4225/6078/1390 4416/6077/1389
f 4252/6092/1405 4443/6091/1404 4445/6419/1701 4253/6420/1701
f 4253/6421/1702 4445/6422/1703 4444/6295/1609 4251/6423/1345
f 4246/6424/1346 4437/6287/1605 4439/6425/1704 4247/6426/1705
f 4247/6427/1706 4439/6428/1706 4438/6087/1401 4245/6086/1400
f 4399/6034/1350 4206/6033/1349 4208/6429/1707 4400/6430/1707
f 4400/6431/1708 4208/6432/1709 4207/6433/1355 4398/6053/1369
f 4393/6359/1500 4200/6434/1358 4202/6435/1710 4394/6436/1711
f 4394/6437/1712 4202/6438/1712 4201/6230/1565 4392/6229/1564
f 4228/6081/1393 4419/6080/1392 4421/6439/1713 4229/6440/1713
f 4229/6441/1714 4421/6442/1715 4420/6271/1592 4227/6443/1332
f 4222/6444/1363 4413/6257/1584 4415/6445/1716 4223/6446/1717
f 4223/6447/1718 4415/6448/1718 4414/6076/1388 4221/6075/1387
f 4375/6051/1367 4182/6050/1366 4184/6449/1719 4376/6450/1719
f 4376/6451/1720 4184/6452/1721 4183/6453/1372 4374/6209/1545
f 4177/6203/1539 4368/6202/1538 4370/6454/1722 4178/6455/1722
f 4178/6456/1723 4370/6457/1724 4369/6350/1658 4176/6458/1375
f 4396/6241/732 4203/6459/731 4205/6460/1725 4397/6461/1726
f 4397/6462/1727 4205/6463/1727 4204/6032/1348 4395/6031/1347
f 4317/6467/1448 4329/6468/1440 4331/6469/1834 4319/6470/1835
f 4319/6388/1836 4331/6471/1837 4330/6259/1586 4318/6285/1410
f 4329/6468/1440 4335/6472/1433 4337/6473/1838 4331/6469/1834
f 4331/6471/1837 4337/6474/1839 4336/6260/1587 4330/6259/1586
f 4335/6472/1433 4341/6475/1432 4343/6476/1840 4337/6473/1838
f 4337/6474/1839 4343/6477/1841 4342/6268/789 4336/6260/1587
f 4348/6478/1628 4353/6479/1627 4355/6480/1842 4349/6481/1843
f 4349/6482/1844 4355/6483/1845 4354/6282/1602 4347/6281/788
f 4353/6479/1627 4359/6484/1637 4361/6485/1846 4355/6480/1842
f 4355/6483/1845 4361/6486/1847 4360/6288/1607 4354/6282/1602
f 4359/6484/1637 4365/6487/1640 4367/6488/880 4361/6485/1846
f 4361/6486/1847 4367/6489/879 4366/6293/761 4360/6288/1607
f 4372/6490/1665 4377/6491/1664 4379/6492/1848 4373/6493/1768
f 4373/6494/1849 4379/6495/1850 4378/6306/1617 4371/6305/760
f 4377/6491/1664 4383/6496/1655 4385/6497/1851 4379/6492/1848
f 4379/6495/1850 4385/6498/1852 4384/6311/1620 4378/6306/1617
f 4383/6499/1655 4389/6500/1654 4391/6501/1853 4385/6502/1851
f 4385/6498/1852 4391/6503/1854 4390/6316/733 4384/6311/1620
f 4395/6504/1496 4401/6505/1492 4403/6506/1855 4397/6507/1856
f 4397/6461/1857 4403/6508/1858 4402/6242/1575 4396/6241/732
f 4401/6505/1492 4407/6509/1487 4409/6510/1859 4403/6506/1855
f 4403/6508/1858 4409/6511/1860 4408/6247/1578 4402/6242/1575
f 4407/6509/1487 4414/6512/1486 4415/6513/1779 4409/6510/1859
f 4409/6511/1860 4415/6445/1861 4413/6257/1584 4408/6247/1578
f 4419/6514/1478 4425/6515/1474 4427/6516/1862 4421/6517/1729
f 4421/6442/1863 4427/6518/1864 4426/6272/1597 4420/6271/1592
f 4425/6515/1474 4431/6519/1467 4433/6520/1865 4427/6516/1862
f 4427/6518/1864 4433/6521/1866 4432/6279/1600 4426/6272/1597
f 4431/6522/1467 4438/6523/1466 4439/6524/1867 4433/6525/1865
f 4433/6521/1866 4439/6425/1868 4437/6287/1605 4432/6279/1600
f 4443/6526/1480 4449/6527/1476 4451/6528/1869 4445/6529/1870
f 4445/6422/1871 4451/6530/1872 4450/6296/1612 4444/6295/1609
f 4449/6527/1476 4455/6531/1471 4457/6532/1873 4451/6528/1869
f 4451/6530/1872 4457/6533/1874 4456/6303/1615 4450/6296/1612
f 4455/6531/1471 4462/6534/1470 4463/6535/1741 4457/6532/1873
f 4457/6533/1874 4463/6406/1875 4461/6309/1334 4456/6303/1615
f 4467/6536/1463 4473/6537/1460 4475/6538/1876 4469/6539/1744
f 4469/6403/1877 4475/6540/1878 4474/6234/1568 4468/6233/1333
f 4473/6537/1460 4479/6541/1459 4481/6542/1879 4475/6538/1876
f 4475/6540/1878 4481/6543/1880 4480/6239/1573 4474/6234/1568
f 4479/6541/1459 4485/6544/1632 4487/6545/1749 4481/6542/1879
f 4481/6543/1880 4487/6546/1881 4486/6245/774 4480/6239/1573
f 4492/6547/1437 4497/6548/1436 4499/6549/1882 4493/6550/1883
f 4493/6551/1884 4499/6552/1885 4498/6264/1590 4491/6263/773
f 4497/6548/1436 4326/6553/1636 4328/6554/1886 4499/6549/1882
f 4499/6552/1885 4328/6555/1887 4327/6324/1624 4498/6264/1590
f 4326/6553/1636 4315/6556/1635 4316/6557/1755 4328/6554/1886
f 4328/6555/1887 4316/6382/1888 4314/6325/1411 4327/6324/1624
f 4321/6125/1454 4332/6124/1453 4334/6558/1889 4322/6559/1890
f 4322/6560/1808 4334/6561/1891 4333/6562/1439 4320/6563/1447
f 4332/6124/1453 4338/6322/1622 4340/6564/1892 4334/6558/1889
f 4334/6561/1891 4340/6565/1893 4339/6566/1430 4333/6562/1439
f 4338/6322/1622 4344/6331/750 4346/6567/1894 4340/6564/1892
f 4340/6565/1893 4346/6568/1895 4345/6569/1431 4339/6566/1430
f 4351/6341/751 4356/6340/1648 4358/6570/1896 4352/6571/1897
f 4352/6572/1898 4358/6573/1899 4357/6574/1630 4350/6575/1629
f 4356/6340/1648 4362/6348/1652 4364/6576/1900 4358/6570/1896
f 4358/6573/1899 4364/6577/1901 4363/6578/1638 4357/6574/1630
f 4362/6348/1652 4369/6350/1658 4370/6457/878 4364/6576/1900
f 4364/6577/1901 4370/6579/877 4368/6580/1641 4363/6578/1638
f 4374/6209/1545 4380/6208/1544 4382/6581/1902 4376/6451/1903
f 4376/6582/1819 4382/6583/1904 4381/6584/1667 4375/6585/1666
f 4380/6208/1544 4386/6212/1548 4388/6586/1905 4382/6581/1902
f 4382/6583/1904 4388/6587/1906 4387/6588/1656 4381/6584/1667
f 4386/6212/1548 4393/6359/1500 4394/6436/1907 4388/6586/1905
f 4388/6589/1906 4394/6590/1824 4392/6591/1657 4387/6592/1656
f 4398/6053/1369 4404/6052/1368 4406/6593/1908 4400/6431/1909
f 4400/6594/1827 4406/6595/1910 4405/6596/1493 4399/6597/1497
f 4404/6052/1368 4410/6056/1373 4412/6598/1911 4406/6593/1908
f 4406/6595/1910 4412/6599/1912 4411/6600/1488 4405/6596/1493
f 4410/6056/1373 4417/6059/1376 4418/6416/1913 4412/6598/1911
f 4412/6599/1912 4418/6601/1914 4416/6602/1489 4411/6600/1488
f 4422/6036/1352 4428/6035/1351 4430/6603/1915 4424/6411/1916
f 4424/6604/1781 4430/6605/1917 4429/6606/1475 4423/6607/1479
f 4428/6035/1351 4434/6040/1356 4436/6608/1918 4430/6603/1915
f 4430/6605/1917 4436/6609/1919 4435/6610/1468 4429/6606/1475
f 4434/6040/1356 4441/6044/1359 4442/6397/1920 4436/6608/1918
f 4436/6611/1919 4442/6612/1921 4440/6613/1469 4435/6614/1468
f 4446/6128/1386 4452/6122/1451 4454/6615/1922 4448/6392/1923
f 4448/6616/1924 4454/6617/1925 4453/6618/1477 4447/6619/1481
f 4452/6122/1451 4458/6117/1445 4460/6620/1926 4454/6615/1922
f 4454/6617/1925 4460/6621/1927 4459/6622/1472 4453/6618/1477
f 4458/6117/1445 4464/6116/792 4466/6623/1928 4460/6620/1926
f 4460/6621/1927 4466/6624/1794 4465/6625/1473 4459/6622/1472
f 4471/6105/793 4476/6104/1427 4478/6626/1929 4472/6627/1930
f 4472/6628/1931 4478/6629/1932 4477/6630/1457 4470/6631/1462
f 4476/6104/1427 4482/6176/1516 4484/6632/1933 4478/6626/1929
f 4478/6629/1932 4484/6633/1934 4483/6634/1458 4477/6630/1457
f 4482/6176/1516 4488/6175/764 4490/6635/1935 4484/6632/1933
f 4484/6633/1934 4490/6636/1800 4489/6637/1631 4483/6634/1458
f 4495/6329/765 4500/6270/1595 4502/6638/1936 4496/6639/1937
f 4496/6640/1938 4502/6641/1939 4501/6642/1435 4494/6643/1434
f 4500/6270/1595 4323/6250/1580 4325/6644/1940 4502/6638/1936
f 4502/6641/1939 4325/6645/1941 4324/6646/1633 4501/6642/1435
f 4323/6250/1580 4311/6249/1551 4313/6647/1942 4325/6644/1940
f 4325/6645/1941 4313/6648/1943 4312/6649/1634 4324/6646/1633
f 4293/6650/771 4486/6245/774 4487/6546/1944 4295/6651/1771
f 4295/6652/1945 4487/6653/1945 4485/6103/1422 4294/6102/1421
f 4299/6207/1543 4492/6206/1542 4493/6654/1946 4301/6655/1946
f 4301/6656/1774 4493/6551/1947 4491/6263/773 4300/6657/772
f 4464/6116/792 4273/6658/791 4274/6659/1818 4466/6623/1948
f 4466/6660/1949 4274/6661/1949 4272/3391/800 4465/3390/799
f 4149/6662/759 4342/6268/789 4343/6477/1950 4151/6663/1732
f 4151/6664/1951 4343/6665/1951 4341/6174/1515 4150/6173/1514
f 4470/6168/1509 4279/6167/1508 4280/6666/1952 4472/6667/1952
f 4472/6627/1953 4280/6668/1820 4278/6669/790 4471/6105/793
f 4155/6187/1528 4348/6186/1527 4349/6670/1954 4157/6671/1954
f 4157/6672/1735 4349/6482/1955 4347/6281/788 4156/6673/758
f 4119/6183/1524 4312/6182/1523 4313/6674/1956 4121/6675/1956
f 4121/6676/1833 4313/6647/1957 4311/6249/1551 4120/6677/1550
f 4320/3378/785 4129/3377/784 4130/6678/1958 4322/6679/1958
f 4322/6559/1959 4130/6680/1782 4128/6681/1418 4321/6125/1454
f 4488/6175/764 4297/6405/763 4298/6682/1825 4490/6635/1960
f 4490/6683/1961 4298/6684/1961 4296/6101/1420 4489/6100/1419
f 4173/6685/729 4366/6293/761 4367/6489/1962 4175/6686/1740
f 4175/6687/1963 4367/6688/1963 4365/6201/1537 4174/6200/1536
f 4494/6205/1541 4303/6204/1540 4304/6689/1964 4496/6690/1964
f 4496/6639/1965 4304/6691/1828 4302/6692/762 4495/6329/765
f 4179/6049/1365 4372/6048/1364 4373/6693/1966 4181/6694/1966
f 4181/6695/1743 4373/6494/1967 4371/6305/760 4180/6696/677
f 4344/6331/750 4153/6697/749 4154/6698/1787 4346/6567/1968
f 4346/6699/1969 4154/6700/1969 4152/6172/1513 4345/6171/1512
f 4350/6189/1530 4159/6188/1529 4160/6701/1970 4352/6702/1970
f 4352/6571/1971 4160/6703/1790 4158/6704/748 4351/6341/751
f 4197/6705/730 4390/6316/733 4391/6503/1972 4199/6706/1748
f 4199/6707/1973 4391/6708/1973 4389/6228/1563 4198/6227/1562
f 4507/6709/1625 4509/6710/1604 4511/6711/1974 4508/6712/1975
f 4533/6718/1594 4539/6719/1599 4541/6720/1984 4535/6721/1982
f 4557/6727/1611 4563/6728/1614 4565/6729/1992 4559/6730/1990
f 4581/6735/1572 4587/6736/1571 4589/6712/2000 4583/6711/1998
f 4605/6741/1585 4611/6742/1593 4613/6743/2008 4607/6744/2006
f 4629/6749/1606 4635/6750/1610 4637/6751/2016 4631/6752/2014
f 4653/6757/1619 4659/6758/1570 4661/6759/2024 4655/6760/2022
f 4677/6765/1577 4683/6766/1583 4685/6767/2032 4679/6768/2030
f 4505/6772/2040 4514/6773/2041 4513/6774/1455 4503/6775/1582
f 4538/6776/2047 4544/6777/2049 4543/6778/1645 4537/6779/1642
f 4562/6781/2055 4568/6782/2057 4567/6783/1546 4561/6784/1659
f 4586/6787/2063 4592/6788/2065 4591/6789/1370 4585/6790/1501
f 4610/6773/2071 4616/6794/2073 4615/6795/1353 4609/6796/1377
f 4634/6798/2079 4640/6799/2081 4639/6800/1461 4633/6801/1360
f 4658/6803/2087 4664/6804/2089 4663/6805/1428 4657/6806/1438
f 4682/6809/2095 4688/6759/2097 4687/6810/1639 4681/6811/1518
f 4506/3357/755 4510/6346/1650 4512/6347/1651 4504/3358/756
f 3223/6815/2106 3226/6816/2107 4807/6817/2108 4798/6818/2109
f 3205/6819/2110 3204/6820/2111 4705/6821/2112 4708/6822/2113
f 3203/6826/2123 3206/6827/2124 4711/6828/2125 4701/6829/2126
f 4878/6830/2127 4825/6831/2128 4822/6832/2129 4876/6833/2130
f 3221/6837/2140 3244/6838/2135 4879/6839/2137 4791/6840/2141
f 5037/6845/2146 5076/6846/2147 5269/6847/2148 5229/6848/2149
f 5064/6850/2152 4873/6851/2153 4870/6852/2154 5062/6853/2155
f 3219/6854/2156 3218/6855/1212 4777/6856/1215 4779/6857/2157
f 4854/6859/2161 4845/6860/2162 4849/6861/2163 4852/6862/2164
f 3215/6869/1213 3242/6870/1193 4872/6871/1196 4767/6872/1214
f 3241/5204/2177 3216/5203/2158 4771/6874/1186 4869/6875/1185
f 4041/6876/2178 4040/6877/1287 4855/6878/1290 4695/6879/2179
f 3236/6881/2186 3208/6882/2187 4717/6883/2188 4843/6884/2189
f 5077/6887/2196 4884/6888/2197 4882/6889/2198 5073/6890/2199
f 4714/6891/2200 4840/5211/1225 4842/5214/1228 4716/6892/2201
f 4962/6894/2202 4770/6895/2203 4768/6896/2204 4960/6897/2205
f 4770/6900/2214 4774/6901/2215 4776/6902/2216 4768/6903/2217
f 4035/6904/2218 4037/6905/1270 4821/6906/1273 4785/6907/2219
f 4774/6901/2215 4782/6909/2220 4780/6910/2221 4776/6902/2216
f 4782/6909/2220 4786/6915/2224 4789/6916/2225 4780/6910/2221
f 4825/6918/2228 5016/6919/2229 5013/6920/2230 4822/6921/2231
f 4896/6926/2233 4704/6927/2234 4702/6928/2235 4894/6929/2236
f 4710/6930/2237 4714/6891/2200 4716/6892/2201 4707/6931/2238
f 4873/6932/2239 4830/5199/1219 4828/5202/1222 4870/6933/2240
f 4993/6935/2241 4800/6936/2242 4797/6937/2243 4990/6938/2244
f 4792/6943/2247 4878/6944/2127 4876/6945/2130 4794/6946/2248
f 4043/6437/2175 4046/6947/1266 4723/6948/1269 4857/6949/1278
f 4800/6950/2249 4792/6943/2247 4794/6946/2248 4797/6951/2250
f 4902/6952/2251 4710/6953/2252 4707/6954/2253 4900/6955/2254
f 4996/6983/2258 4992/6984/2257 5185/6985/2292 5187/6986/2293
f 4899/7001/2246 4897/7002/2245 5089/7003/2305 5091/7004/2306
f 3234/7045/2349 3210/7046/1245 4741/7047/1190 4837/7048/1189
f 3225/7049/2265 3224/7050/2350 4801/7051/2256 4803/7052/2255
f 4720/7060/2355 4911/7061/2356 4915/7062/2357 4722/7063/2358
f 3245/7064/1253 3238/7065/2167 4848/7066/2170 4881/7067/1254
f 4912/7068/2263 5052/7069/2138 5245/7070/2139 5103/6847/2363
f 4812/5248/1275 4804/7071/2364 4806/7072/2365 4810/5249/1276
f 3237/7073/1288 3246/7074/2346 4885/7075/2232 4846/7076/1289
f 4728/7077/1257 4720/7078/2366 4722/7079/2367 4726/7080/1258
f 4038/7081/2136 4036/7082/2368 4788/7083/1234 4824/7084/1233
f 4836/7093/2383 5029/7094/2384 5026/7095/2385 4833/7096/2386
f 4752/7097/2389 4744/5215/1229 4746/5218/1232 4750/7098/2390
f 4945/7100/2392 4752/7101/2393 4750/7102/2394 4941/7103/2395
f 4932/7104/2396 4740/7105/2397 4738/7106/2398 4929/7107/2399
f 4764/7110/1220 4756/7111/2401 4758/7112/2402 4762/7113/1221
f 5017/7259/1236 4981/7260/1235 5173/7261/2192 5209/7262/2121
f 4948/7287/1200 4944/7288/1199 5137/7289/2493 5139/7290/2494
f 5028/7291/1192 4933/7292/1191 5125/7293/2473 5221/7294/2377
f 4959/7308/2166 5065/7309/2165 5257/7294/2497 5151/7310/2172
f 4696/7315/2498 4854/7316/2161 4852/7317/2164 4698/7318/2499
f 3230/7319/2347 3228/7320/2264 4813/7321/2266 4819/7322/2348
f 4756/7333/2500 4947/7334/2501 4951/7335/2502 4758/7336/2503
f 4053/7046/2400 4052/7337/2193 4753/7338/1198 4755/7339/1197
f 3211/7340/2194 3240/7341/2378 4867/7342/2379 4743/7343/2195
f 4049/7344/1246 4048/7345/2210 4729/7346/2213 4731/7347/1247
f 4045/7348/2211 4044/6819/2259 4861/7349/2260 4719/7350/2212
f 4708/7353/2113 4899/6667/2246 4901/7354/2504 4709/7355/2504
f 4709/7355/2505 4901/7354/2505 4900/7356/2254 4707/7357/2253
f 4700/7358/2508 4703/7359/2509 4702/7360/2510 4698/7361/2499
f 4705/7362/2112 4695/6879/2179 4697/7363/2511 4706/7364/2512
f 4706/7364/2513 4697/7363/2514 4696/7315/2498 4704/7365/2515
f 4798/7366/2109 4989/7367/2115 4991/7368/2516 4799/7369/2517
f 4799/7369/2518 4991/7368/2518 4990/7370/2244 4797/7371/2243
f 4712/7372/2521 4715/7373/2522 4714/7374/2200 4710/7375/2237
f 4717/6883/2188 4708/7376/2113 4709/7377/2523 4718/7378/2524
f 4718/7378/2525 4709/7377/2526 4707/6931/2238 4716/6892/2201
f 4846/7379/1289 5037/7380/2146 5039/7381/2527 4847/7382/2527
f 4847/7383/2528 5039/7384/2528 5038/5231/1249 4845/5230/1248
f 4724/7385/2531 4727/7386/2532 4726/7080/1258 4722/7079/2367
f 5014/7387/2337 4821/7388/1273 4823/7389/2533 5015/7390/2534
f 5015/7391/2535 4823/7392/2535 4822/6921/2231 5013/6920/2230
f 4729/7393/2213 4719/7394/2212 4721/7395/2536 4730/7396/2537
f 4730/7396/2538 4721/7395/2539 4720/7397/2366 4728/5236/1257
f 4736/7398/2542 4739/7399/2543 4738/7400/1265 4734/7401/1259
f 4903/7402/2311 4711/7403/2125 4712/7404/2520 4904/7405/2544
f 4904/7405/2545 4712/7404/2545 4710/6953/2252 4902/6952/2251
f 4741/7406/1190 4731/7407/1247 4733/7408/2546 4742/7409/2547
f 4742/7409/2548 4733/7408/2549 4732/5235/1256 4740/5243/1264
f 4981/7410/1235 4788/7411/1234 4790/7412/2550 4982/7413/2550
f 4982/7414/2551 4790/7415/2551 4789/5228/1244 4980/5227/1243
f 4748/7416/2554 4751/7417/2555 4750/7418/2390 4746/7419/1232
f 4753/7420/1198 4743/7343/2195 4745/7421/2556 4754/7422/2557
f 4754/7422/2558 4745/7421/2559 4744/5215/1229 4752/7097/2389
f 5041/7423/2222 4848/7424/2170 4850/7425/2560 5042/7426/2561
f 5042/7427/2562 4850/7428/2562 4849/5233/1251 5040/5232/1250
f 4760/7429/2565 4763/7430/2566 4762/7113/1221 4758/7112/2402
f 4765/7431/1224 4755/7432/1197 4757/7433/2567 4766/7434/2568
f 4766/7434/2569 4757/7433/2570 4756/7435/2401 4764/5200/1220
f 4897/7436/2245 4705/7437/2112 4706/7438/2571 4898/7439/2571
f 4898/7439/2572 4706/7438/2572 4704/6927/2234 4896/6926/2233
f 4772/7440/2575 4775/7441/2576 4774/7442/2215 4770/6895/2214
f 4777/6856/1215 4767/7443/1214 4769/7444/2577 4778/7445/2578
f 4778/7445/2579 4769/7444/2580 4768/6903/2217 4776/6902/2216
f 4784/7446/2583 4787/7447/2584 4786/7448/2224 4782/7449/2220
f 4785/7450/2219 4977/7451/2323 4979/7452/2585 4787/7453/2581
f 4787/7454/2586 4979/7455/2586 4978/5226/1242 4786/5225/1241
f 4788/7456/1234 4779/6857/2157 4781/7457/2587 4790/7458/2588
f 4790/7458/2589 4781/7457/2590 4780/6910/2221 4789/6916/2225
f 4796/7459/2592 4799/7369/2593 4797/7371/2250 4794/7460/2248
f 4801/7376/2256 4791/7461/2141 4793/7462/2594 4802/7463/2595
f 4802/7463/2596 4793/7462/2597 4792/6943/2247 4800/6950/2249
f 4808/7464/2600 4811/7465/2601 4810/7466/1276 4806/7467/2365
f 4701/7468/2126 4893/7469/2132 4895/7470/2602 4703/7471/2506
f 4703/7472/2603 4895/7473/2603 4894/6929/2236 4702/6928/2235
f 4813/7321/2266 4803/7474/2255 4805/7475/2604 4814/7476/2605
f 4814/7476/2606 4805/7475/2607 4804/7071/2364 4812/5248/1275
f 4809/7477/2262 4815/7478/1255 4817/7479/2608 4811/7480/2598
f 4811/7480/2601 4817/7479/2609 4816/7481/1277 4810/7482/1276
f 4819/7322/2348 4813/7321/2266 4814/7476/2605 4820/7483/2610
f 4820/7483/2611 4814/7476/2606 4812/5248/1275 4818/5247/1274
f 4767/7484/1214 4959/7485/2166 4961/7486/2612 4769/7487/2612
f 4769/7487/2613 4961/7486/2613 4960/7488/2205 4768/7489/2204
f 4761/7490/1203 4827/7491/2185 4829/7492/2614 4763/7430/2563
f 4763/7430/2566 4829/7492/2615 4828/7493/1222 4762/7113/1221
f 5065/7494/2165 4872/7495/1196 4874/7496/2616 5066/7497/2616
f 5066/7497/2617 4874/7496/2617 4873/6851/2153 5064/6850/2152
f 4831/7498/1195 4765/7431/1224 4766/7434/2568 4832/7499/2618
f 4832/7499/2619 4766/7434/2569 4764/5200/1220 4830/5199/1219
f 4713/7500/2227 4839/7501/2176 4841/7502/2620 4715/7503/2519
f 4715/7503/2522 4841/7502/2621 4840/7504/1225 4714/7505/2200
f 4843/6884/2189 4717/6883/2188 4718/7378/2524 4844/7506/2622
f 4844/7506/2623 4718/7378/2525 4716/6892/2201 4842/5214/1228
f 4850/7508/2625 4853/7509/2626 4852/6862/2164 4849/6861/2163
f 4963/7510/1187 4771/7511/1186 4772/7440/2574 4964/7512/2627
f 4964/7512/2628 4772/7440/2628 4770/6895/2203 4962/6894/2202
f 4855/6878/1290 4846/7513/1289 4847/7514/2629 4856/7515/2630
f 4856/7515/2631 4847/7514/2632 4845/7516/2162 4854/7316/2161
f 4851/7517/2169 4699/7518/2207 4700/7358/2507 4853/7509/2624
f 4853/7509/2626 4700/7358/2508 4698/7361/2499 4852/6862/2164
f 4695/6879/2179 4855/6878/1290 4856/7515/2630 4697/7363/2511
f 4697/7363/2514 4856/7515/2631 4854/7316/2161 4696/7315/2498
f 4841/7502/2621 4859/7520/2634 4858/7521/1226 4840/7504/1225
f 4861/7522/2260 4843/6884/2189 4844/7506/2622 4862/7523/2635
f 4862/7523/2636 4844/7506/2623 4842/5214/1228 4860/5213/1227
f 4725/7524/1268 4735/7525/2119 4736/7398/2541 4727/7386/2529
f 4727/7386/2532 4736/7398/2542 4734/7401/1259 4726/7080/1258
f 4731/7407/1247 4729/7393/2213 4730/7396/2537 4733/7408/2546
f 4733/7408/2549 4730/7396/2538 4728/5236/1257 4732/5235/1256
f 4835/7526/2639 4865/7527/2640 4864/7528/1231 4833/7096/1238
f 5029/7529/2384 4836/7530/2383 4838/7531/2641 5030/7532/2641
f 5030/7532/2642 4838/7531/2642 4837/7533/1189 5028/7534/1192
f 4867/7342/2379 4837/7535/1189 4838/7536/2643 4868/7537/2644
f 4868/7537/2645 4838/7536/2646 4836/5223/1237 4866/5216/1230
f 4863/7538/1240 4747/7539/1218 4748/7416/2553 4865/7527/2637
f 4865/7527/2640 4748/7416/2554 4746/7419/1232 4864/7528/1231
f 4743/7343/2195 4867/7342/2379 4868/7537/2644 4745/7421/2556
f 4745/7421/2559 4868/7537/2645 4866/5216/1230 4744/5215/1229
f 4829/7492/2615 4871/7540/2648 4870/7541/2240 4828/7493/1222
f 4740/7105/2397 4932/7104/2396 4934/7542/2649 4742/7543/2649
f 4742/7543/2650 4934/7542/2650 4933/7495/1191 4741/7544/1190
f 4872/7545/1196 4831/7498/1195 4832/7499/2618 4874/7546/2651
f 4874/7546/2652 4832/7499/2619 4830/5199/1219 4873/6932/2239
f 4773/7547/2160 4783/7548/2209 4784/7446/2582 4775/7441/2573
f 4775/7441/2576 4784/7446/2583 4782/7449/2220 4774/7442/2215
f 4779/6857/2157 4777/6856/1215 4778/7445/2578 4781/7457/2587
f 4781/7457/2590 4778/7445/2579 4776/6902/2216 4780/6910/2221
f 4823/7549/2654 4877/7550/2655 4876/6833/2130 4822/6832/2129
f 4879/7551/2137 4824/7552/1233 4826/7553/2656 4880/7554/2657
f 4880/7554/2658 4826/7553/2659 4825/7555/2128 4878/6944/2127
f 4875/7556/1272 4795/7557/2151 4796/7459/2591 4877/7550/2653
f 4877/7550/2655 4796/7459/2592 4794/7460/2248 4876/6833/2130
f 4791/7461/2141 4879/7551/2137 4880/7554/2657 4793/7462/2594
f 4793/7462/2597 4880/7554/2658 4878/6944/2127 4792/6943/2247
f 4817/7479/2609 4883/7558/2661 4882/7559/1292 4816/7481/1277
f 4869/7560/1185 5061/7561/1188 5063/7562/2662 4871/7540/2647
f 4871/7540/2663 5063/7562/2663 5062/7563/2155 4870/7541/2154
f 4885/7564/2232 4819/7322/2348 4820/7483/2610 4886/7565/2664
f 4886/7565/2665 4820/7483/2611 4818/5247/1274 4884/5265/1291
f 4824/7552/1233 5017/7583/1236 5018/7584/2786 4826/7553/2786
f 4826/7585/2787 5018/7586/2787 5016/6919/2229 4825/6918/2228
f 4992/7587/2257 4801/7588/2256 4802/7589/2788 4994/7590/2788
f 4994/7590/2789 4802/7589/2789 4800/6936/2242 4993/6935/2241
f 4914/7591/1279 4723/7592/1269 4724/7593/2530 4916/7594/2682
f 4916/7595/2790 4724/7596/2790 4722/7063/2358 4915/7062/2357
f 4806/5262/1286 4999/5261/1285 5000/7597/2791 4808/7598/2791
f 4808/7598/2599 5000/7597/2735 4998/7392/2269 4807/7599/2108
f 4857/7600/1278 5050/7601/1280 5051/7602/2761 4859/7603/2633
f 4859/7604/2792 5051/7605/2792 5049/5240/1261 4858/5239/1260
f 4719/7394/2212 4912/7606/2263 4913/7607/2793 4721/7395/2793
f 4721/7608/2794 4913/7609/2794 4911/7061/2356 4720/7060/2355
f 4995/7610/1284 4804/7611/1283 4805/7612/2795 4997/7613/2795
f 4997/7613/2796 4805/7612/2796 4803/7411/2255 4996/7614/2258
f 4881/7615/1254 5074/7616/2223 5075/7617/2783 4883/7618/2660
f 4883/7619/2797 5075/7620/2797 5073/6890/2199 4882/6889/2198
f 5052/7621/2138 4861/7622/2260 4862/7623/2798 5054/7624/2798
f 5054/7625/2799 4862/7626/2799 4860/5242/1263 5053/5241/1262
f 4737/7627/1205 4930/7628/1208 4931/7629/2691 4739/7630/2540
f 4739/7631/2800 4931/7632/2800 4929/7107/2399 4738/7106/2398
f 5076/7633/2147 4885/7634/2232 4886/7635/2801 5078/7636/2801
f 5078/7637/2802 4886/7638/2802 4884/6888/2197 5077/6887/2196
f 4749/7639/1209 4942/7640/1211 4943/7641/2699 4751/7642/2552
f 4751/7643/2803 4943/7644/2803 4941/7103/2395 4750/7102/2394
f 5025/7645/1207 4834/7646/1206 4835/7526/2638 5027/7647/2766
f 5027/7647/2804 4835/7526/2804 4833/7096/2386 5026/7095/2385
f 4944/7622/1199 4753/7648/1198 4754/7649/2805 4946/7650/2805
f 4946/7651/2806 4754/7652/2806 4752/7101/2393 4945/7100/2392
f 4950/7653/1210 4759/7654/1204 4760/7655/2564 4952/7656/2706
f 4952/7657/2807 4760/7658/2807 4758/7336/2503 4951/7335/2502
f 4755/7432/1197 4948/7659/1200 4949/7660/2808 4757/7433/2808
f 4757/7661/2809 4949/7662/2809 4947/7334/2501 4756/7333/2500
f 4704/7365/2515 4696/7315/2498 4698/7318/2499 4702/7738/2510
f 2/1946/531 4/1945/530 5272/3/3 5271/2/2
f 2254/1979/559 20/1989/566 5274/25/21 5273/24/20
f 32/1969/551 2261/1968/550 5276/41/35 5275/39/33
f 2206/1959/542 2213/1958/541 5278/67/53 5277/66/52
f 2260/1983/562 549/1984/563 5280/87/69 5279/48/39
f 2266/1949/533 2/1946/531 5271/2/2 5281/94/73
f 543/1960/543 2206/1959/542 5277/66/52 5282/1944/529
f 566/1948/532 5283/1947/531 565/2006/572 5284/1962/544
f 4/1945/530 566/1948/532 5284/1962/544 5272/3/3
f 534/1950/534 2266/1949/533 5281/94/73 5285/1988/565
f 5283/1947/531 534/1950/534 5285/1988/565 565/2006/572
f 20/1989/566 557/1990/567 5286/1951/535 5274/25/21
f 551/1970/552 32/1969/551 5275/39/33 5287/1957/540
f 542/1961/541 543/1960/543 5282/1944/529 5288/2013/574
f 559/1981/561 2255/1980/560 5290/17/15 5289/1967/549
f 550/1971/550 551/1970/552 5287/1957/540 5291/2029/579
f 2213/1958/541 2212/1972/553 5292/74/58 5278/67/53
f 541/1973/554 542/1961/541 5288/2013/574 5293/1985/564
f 2212/1972/553 541/1973/554 5293/1985/564 5292/74/58
f 2255/1980/560 2254/1979/559 5273/24/20 5290/17/15
f 558/1982/559 559/1981/561 5289/1967/549 5294/2026/577
f 2261/1968/550 2260/1983/562 5279/48/39 5276/41/35
f 549/1984/563 550/1971/550 5291/2029/579 5280/87/69
f 557/1990/567 558/1982/559 5294/2026/577 5286/1951/535
f 4087/5923/83 4088/5922/83 5296/5927/573 5295/6007/1
f 4095/5945/230 4096/5944/230 5298/5949/22 5297/5941/578
f 4103/5967/55 4104/5966/55 5300/5971/581 5299/5963/580
f 4111/5989/124 4112/5988/124 5302/5993/575 5301/5985/174
f 2713/5921/83 2712/5920/83 5303/6006/1 5304/5924/573
f 4088/5922/83 2713/5921/83 5304/5924/573 5296/5927/573
f 2712/5920/83 4087/5923/83 5295/6007/1 5303/6006/1
f 2727/5942/230 4095/5945/230 5297/5941/578 5305/5940/578
f 2729/5943/230 2727/5942/230 5305/5940/578 5306/5946/22
f 4096/5944/230 2729/5943/230 5306/5946/22 5298/5949/22
f 2743/5964/55 4103/5967/55 5299/5963/580 5307/5962/580
f 2745/5965/55 2743/5964/55 5307/5962/580 5308/5968/581
f 4104/5966/55 2745/5965/55 5308/5968/581 5300/5971/581
f 2759/5986/124 4111/5989/124 5301/5985/174 5309/5984/174
f 2761/5987/124 2759/5986/124 5309/5984/174 5310/5990/575
f 4112/5988/124 2761/5987/124 5310/5990/575 5302/5993/575
f 1790/2138/635 1822/2141/635 5312/2236/570 5311/3208/569
f 1806/2096/614 1774/2095/614 5314/1991/568 5313/1994/571
f 1768/2061/592 2326/2060/592 5315/2093/611 5316/2102/616
f 1800/2062/593 1768/2061/592 5316/2102/616 5317/2105/619
f 1799/2063/592 1800/2062/593 5317/2105/619 5318/2057/612
f 2326/2060/592 1799/2063/592 5318/2057/612 5315/2093/611
f 1797/2065/594 2324/2064/594 5319/2167/652 5320/2076/600
f 1829/2066/594 1797/2065/594 5320/2076/600 5321/2079/603
f 1820/2067/594 1829/2066/594 5321/2079/603 5322/2168/652
f 2324/2064/594 1820/2067/594 5322/2168/652 5319/2167/652
f 1791/2114/624 1823/2117/624 5324/2070/597 5323/2069/596
f 1802/2074/599 1770/2073/599 5326/3176/595 5325/3153/598
f 1770/2073/599 1769/2072/599 5327/2103/617 5326/3176/595
f 1801/2075/599 1802/2074/599 5325/3153/598 5328/2104/618
f 1769/2072/599 1801/2075/599 5328/2104/618 5327/2103/617
f 1783/2142/636 1815/2145/636 5330/2078/602 5329/2077/601
f 2325/2081/604 1792/2080/604 5331/2111/622 5332/2092/610
f 1825/2082/604 2325/2081/604 5332/2092/610 5333/2056/613
f 1824/2083/604 1825/2082/604 5333/2056/613 5334/2112/622
f 1792/2080/604 1824/2083/604 5334/2112/622 5331/2111/622
f 2329/2085/605 2328/2084/605 5335/2123/627 5336/2130/630
f 1804/2086/605 2329/2085/605 5336/2130/630 5337/2133/633
f 1803/2087/605 1804/2086/605 5337/2133/633 5338/2124/627
f 2328/2084/605 1803/2087/605 5338/2124/627 5335/2123/627
f 1785/2150/641 1817/2153/641 5340/2090/608 5339/2089/607
f 1816/2144/636 1784/2143/636 5342/2088/606 5341/2091/609
f 1774/2095/614 2330/2094/614 5343/2131/631 5314/1991/568
f 1805/2097/614 1806/2096/614 5313/1994/571 5344/2132/632
f 2330/2094/614 1805/2097/614 5344/2132/632 5343/2131/631
f 1798/2099/615 1787/2098/615 5345/2159/646 5346/2110/621
f 1830/2100/615 1798/2099/615 5346/2110/621 5347/2113/623
f 1819/2101/615 1830/2100/615 5347/2113/623 5348/2160/647
f 1787/2098/615 1819/2101/615 5348/2160/647 5345/2159/646
f 2331/2107/620 1775/2106/620 5349/2147/638 5350/2154/642
f 1808/2108/620 2331/2107/620 5350/2154/642 5351/2157/644
f 1807/2109/620 1808/2108/620 5351/2157/644 5352/2148/639
f 1775/2106/620 1807/2109/620 5352/2148/639 5349/2147/638
f 2327/2115/624 1791/2114/624 5323/2069/596 5353/2122/626
f 1826/2116/624 2327/2115/624 5353/2122/626 5354/2125/628
f 1823/2117/624 1826/2116/624 5354/2125/628 5324/2070/597
f 1778/2119/625 2332/2118/625 5355/2155/643 5356/2174/658
f 1810/2120/625 1778/2119/625 5356/2174/658 5357/2177/661
f 1809/2121/625 1810/2120/625 5357/2177/661 5358/2156/643
f 2332/2118/625 1809/2121/625 5358/2156/643 5355/2155/643
f 1780/2127/629 1779/2126/629 5359/3239/655 5360/2178/662
f 1812/2128/629 1780/2127/629 5360/2178/662 5361/2181/665
f 1811/2129/629 1812/2128/629 5361/2181/665 5362/3029/656
f 1779/2126/629 1811/2129/629 5362/3029/656 5359/3239/655
f 2323/2135/634 1781/2134/634 5363/2179/663 5364/2166/651
f 1814/2136/634 2323/2135/634 5364/2166/651 5365/2169/653
f 1813/2137/634 1814/2136/634 5365/2169/653 5366/2180/664
f 1781/2134/634 1813/2137/634 5366/2180/664 5363/2179/663
f 1795/2139/635 1790/2138/635 5311/3208/569 5367/2146/637
f 1827/2140/635 1795/2139/635 5367/2146/637 5368/2149/640
f 1822/2141/635 1827/2140/635 5368/2149/640 5312/2236/570
f 1784/2143/636 1783/2142/636 5329/2077/601 5342/2088/606
f 1815/2145/636 1816/2144/636 5341/2091/609 5330/2078/602
f 1786/2151/641 1785/2150/641 5339/2089/607 5369/5099/645
f 1818/2152/641 1786/2151/641 5369/5099/645 5370/2946/648
f 1817/2153/641 1818/2152/641 5370/2946/648 5340/2090/608
f 1796/2163/649 1789/2162/649 5371/2175/659 5372/2170/654
f 1828/2164/650 1796/2163/649 5372/2170/654 5373/2173/657
f 1821/2165/650 1828/2164/650 5373/2173/657 5374/2176/660
f 1789/2162/649 1821/2165/650 5374/2176/660 5371/2175/659
g module2.001_Material.072
usemtl Material.072
f 526/111/47 1431/112/80 1473/113/81 1477/114/82
f 1152/121/86 1149/122/87 1185/123/88 518/124/34
f 1435/125/89 526/111/47 1477/126/82 1479/127/90
f 1614/142/93 1611/143/94 1653/144/95 532/145/66
f 1143/177/86 1140/178/87 1179/179/88 517/180/34
f 1605/192/93 1602/193/94 1647/194/95 531/195/66
f 1134/200/86 1131/201/87 1173/202/88 516/203/34
f 1125/220/86 1122/221/87 1167/222/88 515/223/34
f 507/292/22 933/293/118 966/294/119 970/295/120
f 937/301/122 507/292/22 970/295/120 972/302/123
f 508/311/22 939/312/118 975/313/119 979/314/120
f 943/320/122 508/311/22 979/321/120 981/322/123
f 509/327/22 945/328/118 984/329/119 988/330/120
f 949/427/122 509/327/22 988/330/120 990/428/123
f 510/433/22 951/434/118 993/435/119 997/436/120
f 955/439/122 510/433/22 997/440/120 999/441/123
f 1521/449/136 1518/450/137 1551/451/138 530/452/60
f 1512/461/136 1509/462/137 1545/463/138 529/464/60
f 1041/465/143 1038/466/144 1071/467/145 514/468/28
f 1503/477/136 1500/478/137 1539/479/138 528/480/60
f 1032/485/143 1029/486/144 1065/487/145 513/488/28
f 1497/489/149 1494/490/136 527/491/60 1537/492/150
f 1494/490/136 1491/531/137 1533/532/138 527/491/60
f 1017/548/159 1014/549/143 512/550/28 1057/551/160
f 1014/549/143 1011/560/144 1053/561/145 512/550/28
f 1008/567/159 1005/568/143 511/569/28 1051/570/160
f 1005/578/143 1002/579/144 1047/580/145 511/569/28
f 511/569/28 1047/580/145 1077/630/169 1081/631/170
f 1051/640/160 511/569/28 1081/641/170 1083/642/172
f 512/550/28 1053/648/145 1086/649/169 1090/650/170
f 1057/551/160 512/550/28 1090/650/170 1092/659/172
f 527/491/60 1533/532/138 1566/692/179 1570/693/180
f 1537/492/150 527/491/60 1570/701/180 1572/702/181
f 513/488/28 1065/487/145 1104/703/169 1108/704/170
f 528/480/60 1539/479/138 1575/708/179 1579/709/180
f 1069/712/160 513/488/28 1108/704/170 1110/713/172
f 1543/714/150 528/480/60 1579/709/180 1581/715/181
f 514/468/28 1071/720/145 1113/721/169 1117/722/170
f 529/464/60 1545/463/138 1584/723/179 1588/724/180
f 1075/729/160 514/468/28 1117/730/170 1119/731/172
f 1549/732/150 529/464/60 1588/733/180 1590/734/181
f 530/452/60 1551/739/138 1593/740/179 1597/741/180
f 1555/742/150 530/452/60 1597/741/180 1599/743/181
f 1725/756/183 1723/757/184 595/758/185 498/759/1
f 924/782/189 921/783/190 510/433/22 955/439/122
f 921/788/190 918/789/191 951/434/118 510/433/22
f 915/799/189 912/800/190 509/327/22 949/427/122
f 912/806/190 909/807/191 945/328/118 509/327/22
f 1743/817/183 1741/818/184 583/819/185 497/820/1
f 906/823/189 903/824/190 508/311/22 943/320/122
f 903/830/190 900/831/191 939/312/118 508/311/22
f 1752/866/183 1750/867/184 577/868/185 496/869/1
f 897/870/189 894/871/190 507/292/22 937/301/122
f 894/880/190 891/881/191 933/882/118 507/292/22
f 1761/892/183 1759/893/184 571/894/185 495/895/1
f 515/223/34 1167/222/88 1197/953/211 1201/954/212
f 1171/965/214 515/223/34 1201/954/212 1203/966/215
f 516/203/34 1173/202/88 1206/973/211 1210/974/212
f 531/195/66 1647/194/95 1677/981/217 1681/982/218
f 1177/987/214 516/203/34 1210/974/212 1212/988/219
f 1651/994/220 531/195/66 1681/995/218 1683/996/221
f 517/180/34 1179/179/88 1215/997/211 1219/998/212
f 532/145/66 1653/144/95 1686/1021/217 1690/1022/218
f 1404/1023/224 1401/1024/225 526/111/47 1435/125/89
f 1183/1025/214 517/180/34 1219/998/212 1221/1026/219
f 1401/1024/225 1398/1028/226 1431/1029/80 526/111/47
f 1657/1030/220 532/145/66 1690/1022/218 1692/1031/221
f 518/124/34 1185/123/88 1224/1032/211 1228/1033/212
f 1617/1077/238 1614/142/93 532/145/66 1657/1030/220
f 1608/1078/238 1605/1079/93 531/195/66 1651/1080/220
f 1524/1084/149 1521/449/136 530/452/60 1555/742/150
f 1515/1085/149 1512/1086/136 529/464/60 1549/1087/150
f 1506/1088/149 1503/1089/136 528/480/60 1543/714/150
f 1155/1165/259 1152/1166/86 518/124/34 1189/1167/214
f 1146/1168/259 1143/177/86 517/180/34 1183/1025/214
f 1137/1169/259 1134/1170/86 516/203/34 1177/987/214
f 1128/1172/259 1125/1173/86 515/223/34 1171/965/214
f 1044/1178/159 1041/465/143 514/468/28 1075/729/160
f 1035/1180/159 1032/1181/143 513/488/28 1069/712/160
f 1764/1263/281 1761/1264/183 495/895/1 567/1265/282
f 1755/1269/281 1752/866/183 496/869/1 573/1270/282
f 1746/1273/281 1743/817/183 497/820/1 579/1274/282
f 1728/1280/281 1725/1281/183 498/759/1 591/1282/282
f 1429/1286/89 525/1287/47 1468/1288/82 1470/1289/90
f 525/1287/47 1425/1292/285 1464/1293/81 1468/1294/82
f 1632/1295/93 1629/1296/94 1665/1297/95 533/1298/66
f 1635/1300/238 1632/1301/93 533/1298/66 1669/1302/220
f 1423/1304/89 524/1305/47 1459/1306/82 1461/1307/90
f 524/1305/47 1419/1309/285 1455/1310/81 1459/1311/82
f 1641/1312/93 1638/1313/94 1671/1314/95 535/1315/66
f 1644/1316/238 1641/1312/93 535/1315/66 1675/1317/220
f 1417/1318/89 523/1319/47 1450/1320/82 1452/1321/90
f 523/1319/47 1413/1324/285 1446/1325/81 1450/1320/82
f 645/1330/289 643/1331/290 687/1332/291 499/1333/8
f 648/1335/292 645/1330/289 499/1333/8 691/1336/293
f 835/1337/294 506/1338/14 877/1339/295 879/1340/296
f 506/1338/14 831/1342/297 873/1343/298 877/1344/295
f 654/1345/289 652/1346/290 693/1347/291 500/1348/8
f 657/1351/292 654/1352/289 500/1348/8 697/1353/293
f 829/1354/294 505/1355/14 868/1356/295 870/1357/296
f 505/1355/14 825/1360/297 864/1361/298 868/1362/295
f 663/1363/289 661/1364/290 699/1365/291 501/1366/8
f 666/1369/292 663/1363/289 501/1366/8 703/1370/293
f 672/1377/289 670/1378/290 705/1379/291 502/1380/8
f 675/1384/292 672/1377/289 502/1380/8 709/1385/293
f 817/1386/294 504/1387/14 850/1388/295 852/1389/296
f 504/1387/14 813/1392/297 846/1393/298 850/1394/295
f 811/1399/294 503/1400/14 841/1401/295 843/1402/296
f 503/1400/14 807/1404/297 837/1405/298 841/1406/295
f 1245/1415/306 1243/1416/307 1287/1417/308 519/1418/309
f 1248/1420/310 1245/1415/306 519/1418/309 1291/1421/311
f 1254/1424/306 1252/1425/307 1293/1426/308 520/1427/41
f 1257/1429/310 1254/1424/306 520/1427/41 1297/1430/311
f 1315/1438/311 522/1439/41 1357/1440/315 1360/1441/316
f 1272/1442/306 1270/1443/307 1305/1444/308 521/1445/309
f 522/1439/41 1311/1448/308 1353/1449/317 1357/1440/315
f 1275/1450/310 1272/1442/306 521/1445/309 1309/1451/311
f 1309/1455/311 521/1445/309 1348/1456/315 1351/1457/316
f 1281/1458/306 1279/1459/307 1311/1448/308 522/1439/41
f 521/1445/309 1305/1444/308 1344/1461/317 1348/1456/315
f 1284/1462/310 1281/1463/306 522/1439/41 1315/1438/311
f 1297/1430/311 520/1427/41 1330/1474/315 1333/1475/316
f 567/1476/282 495/1477/1 637/1478/322 639/1479/323
f 520/1427/41 1293/1426/308 1326/1481/317 1330/1474/315
f 495/1477/1 571/1482/185 633/1483/324 637/1478/322
f 1291/1421/311 519/1418/309 1321/1484/315 1324/1485/316
f 573/1486/282 496/1487/1 628/1488/322 630/1489/323
f 519/1418/309 1287/1417/308 1317/1492/317 1321/1493/315
f 496/1487/1 577/1494/185 624/1495/324 628/1488/322
f 579/1498/282 497/1499/1 619/1500/322 621/1501/323
f 497/1499/1 583/1503/185 615/1504/324 619/1500/322
f 765/1505/325 763/1506/326 807/1404/297 503/1400/14
f 768/1510/327 765/1511/325 503/1400/14 811/1399/294
f 774/1517/325 772/1518/326 813/1519/297 504/1387/14
f 591/1521/282 498/1522/1 601/1523/322 603/1524/323
f 777/1526/327 774/1527/325 504/1387/14 817/1386/294
f 709/1528/293 502/1380/8 748/1529/328 751/1530/329
f 502/1380/8 705/1379/291 744/1532/330 748/1529/328
f 498/1522/1 595/1533/185 597/1534/324 601/1523/322
f 703/1370/293 501/1366/8 739/1540/332 742/1541/329
f 501/1366/8 699/1365/291 735/1543/330 739/1544/332
f 792/1545/325 790/1546/326 825/1360/297 505/1355/14
f 795/1548/327 792/1549/325 505/1355/14 829/1354/294
f 697/1353/293 500/1348/8 730/1550/328 733/1551/329
f 500/1348/8 693/1553/291 726/1554/330 730/1550/328
f 801/1555/325 799/1556/326 831/1557/297 506/1338/14
f 804/1559/327 801/1560/325 506/1338/14 835/1337/294
f 691/1561/293 499/1333/8 721/1562/328 724/1563/329
f 499/1333/8 687/1332/291 717/1566/330 721/1567/328
f 1675/1317/220 535/1315/66 1717/1575/218 1720/1576/221
f 1374/1577/225 1372/1578/226 1413/1324/285 523/1319/47
f 1377/1580/224 1374/1581/225 523/1319/47 1417/1318/89
f 535/1315/66 1671/1314/95 1713/1582/217 1717/1583/218
f 1669/1584/220 533/1298/66 1708/1585/218 1711/1586/221
f 1383/1587/225 1381/1588/226 1419/1309/285 524/1305/47
f 1386/1591/224 1383/1587/225 524/1305/47 1423/1304/89
f 533/1298/66 1665/1297/95 1704/1592/217 1708/1585/218
f 1392/1596/225 1390/1597/226 1425/1292/285 525/1287/47
f 1189/1167/214 518/124/34 1228/1033/212 1231/1598/219
f 1395/1599/224 1392/1600/225 525/1287/47 1429/1286/89
g module2.001_Material.073
usemtl Material.073
f 2539/4603/977 2577/1570/977 2540/1571/66 2538/4618/66
f 2508/4619/22 2510/4617/22 2555/4594/966 2512/4593/966
f 2511/4616/22 2508/4619/22 2512/4593/966 2556/4595/966
f 2558/4598/967 2514/4597/967 2513/4620/28 2516/4614/28
f 2514/4597/967 2557/4596/967 2515/4615/28 2513/4620/28
f 2574/1436/975 2534/105/975 2533/4621/60 2536/1435/60
f 2534/105/975 2573/106/975 2535/1396/60 2533/4621/60
f 2533/4621/60 2535/1396/60 2575/1509/976 2537/4602/976
f 2536/1435/60 2533/4621/60 2537/4602/976 2576/1516/976
f 2513/4620/28 2515/4615/28 2559/4600/968 2517/4599/968
f 2516/4614/28 2513/4620/28 2517/4599/968 2560/4601/968
f 2496/4608/979 2581/4607/979 2497/4611/1 2494/4622/1
f 2554/4592/965 2509/4591/965 2508/4619/22 2511/4616/22
f 2509/4591/965 2553/4590/965 2510/4617/22 2508/4619/22
f 2538/4618/66 2540/1571/66 2579/4605/978 2542/4604/978
f 2582/4609/979 2496/4608/979 2494/4622/1 2493/4610/1
f 2578/1594/977 2539/4603/977 2538/4618/66 2541/1593/66
f 2519/1539/969 2561/1590/969 2520/4613/34 2518/4623/34
f 2562/1538/969 2519/1539/969 2518/4623/34 2521/4612/34
f 2531/1036/47 2528/4624/47 2532/497/974 2572/498/974
f 2528/4624/47 2530/697/47 2571/552/974 2532/497/974
f 2506/1535/14 2503/4625/14 2507/4589/964 2552/1595/964
f 2503/4625/14 2505/1513/14 2551/1574/964 2507/4589/964
f 2499/280/961 2545/542/961 2500/1299/8 2498/4626/8
f 2546/279/961 2499/280/961 2498/4626/8 2501/1371/8
f 2524/1375/971 2565/1432/971 2525/536/309 2523/4627/309
f 2566/271/971 2524/1375/971 2523/4627/309 2526/270/309
f 2526/270/309 2523/4627/309 2527/1284/972 2568/656/972
f 2523/4627/309 2525/536/309 2567/537/972 2527/1284/972
f 2493/1277/1 2494/4628/1 2495/664/960 2544/665/960
f 2501/1371/8 2498/4626/8 2502/4587/962 2548/1465/962
f 2498/4626/8 2500/1299/8 2547/1398/962 2502/4587/962
f 2494/4628/1 2497/795/1 2543/796/960 2495/664/960
f 2504/4588/963 2549/1512/963 2505/1513/14 2503/4625/14
f 2550/1536/963 2504/4588/963 2503/4625/14 2506/1535/14
f 2529/667/973 2569/696/973 2530/697/47 2528/4624/47
f 2570/666/973 2529/667/973 2528/4624/47 2531/1036/47
f 2521/4612/34 2518/4623/34 2522/1467/970 2564/1468/970
f 2518/4623/34 2520/4613/34 2563/1515/970 2522/1467/970
f 2541/1593/66 2538/4618/66 2542/4604/978 2580/4606/978
g module2.001_Material.074
usemtl Material.074
f 64/19/17 480/20/17 2298/21/17 2290/22/18
f 16/43/37 18/44/37 2278/45/37 2279/46/37
f 384/61/50 47/62/50 2221/63/50 2224/64/50
f 385/69/55 50/70/55 2229/71/56 2233/72/55
f 63/89/71 61/90/71 2288/91/71 2289/92/71
f 13/95/74 2252/96/74 4062/97/74 4061/98/74
f 272/103/71 261/104/71 1156/104/77 1188/103/78
f 1485/105/79 1482/106/79 2573/106/79 2534/105/79
f 172/115/83 171/116/83 886/116/84 889/115/85
f 458/132/71 445/133/71 1618/133/91 1656/132/92
f 174/134/83 173/135/83 892/135/85 895/134/84
f 270/140/71 258/141/71 1147/141/77 1182/140/78
f 465/146/96 62/147/96 2291/148/97 2297/149/96
f 2215/172/100 356/173/100 1440/173/101 1438/172/102
f 175/174/83 174/134/83 895/134/84 898/174/85
f 456/181/71 442/182/71 1609/182/91 1650/183/92
f 177/186/83 176/187/83 901/187/85 904/186/84
f 268/188/71 255/189/71 1138/189/77 1176/188/78
f 178/196/83 177/186/83 904/186/84 907/197/85
f 440/204/37 455/205/37 1648/205/103 1603/204/104
f 180/208/83 179/209/83 910/209/85 913/210/84
f 266/211/71 252/212/71 1129/212/77 1170/211/78
f 438/215/106 439/216/106 1600/216/107 1596/215/108
f 181/217/83 180/208/83 913/208/84 916/217/85
f 437/224/106 438/215/106 1596/215/108 1594/225/107
f 183/228/83 182/229/83 919/229/85 922/228/84
f 250/230/37 265/231/37 1168/231/109 1123/232/110
f 435/235/106 436/236/106 1591/236/107 1587/237/108
f 2256/238/83 183/228/83 922/228/84 925/238/85
f 248/263/114 249/264/114 1120/264/115 1116/263/116
f 434/265/106 435/235/106 1587/235/108 1585/265/107
f 1303/270/37 1266/271/37 2566/271/37 2526/270/37
f 247/272/114 248/263/114 1116/263/116 1114/272/115
f 432/277/106 433/278/106 1582/278/107 1578/277/108
f 684/279/117 681/280/117 2499/280/117 2546/279/117
f 245/285/114 246/286/114 1111/286/115 1107/285/116
f 431/287/106 432/277/106 1578/277/108 1576/287/107
f 244/296/114 245/285/114 1107/285/116 1105/296/115
f 429/299/106 430/300/106 1573/300/107 1569/299/108
f 242/305/114 243/306/114 1102/306/115 1098/305/116
f 428/307/106 429/299/106 1569/299/108 1567/308/107
f 241/315/114 242/305/114 1098/305/116 1096/315/115
f 426/318/106 427/319/106 1564/319/107 1560/318/108
f 239/325/114 240/326/114 1093/326/115 1089/325/116
f 46/331/37 48/332/37 2222/333/37 2223/334/37
f 48/392/50 370/393/50 2232/394/50 2222/395/129
f 238/426/114 239/325/114 1089/325/116 1087/426/115
f 236/431/114 237/432/114 1084/432/115 1080/431/116
f 195/442/132 196/443/132 960/443/55 958/442/133
f 424/446/71 2214/447/71 1525/447/134 1554/448/135
f 422/455/71 411/456/71 1516/456/134 1548/455/139
f 234/457/71 224/458/71 1045/458/140 1074/457/141
f 420/471/71 408/472/71 1507/472/134 1542/471/139
f 232/473/71 221/474/71 1036/474/140 1068/473/141
f 212/481/146 211/482/146 1006/482/147 1009/481/148
f 214/495/146 213/496/146 1012/496/148 1015/495/147
f 1441/497/151 1443/498/151 2572/498/151 2532/497/151
f 215/533/146 214/495/146 1015/495/147 1018/533/148
f 1299/536/71 1335/537/71 2567/537/71 2525/536/71
f 402/538/132 401/539/132 1486/539/155 1489/538/156
f 681/280/117 679/542/117 2545/542/117 2499/280/117
f 216/543/37 229/544/37 1060/544/157 1021/545/158
f 1437/552/151 1441/497/151 2532/497/151 2571/552/151
f 403/555/37 417/556/37 1534/556/161 1492/555/162
f 217/557/146 216/543/146 1021/543/148 1024/557/147
f 404/562/132 403/555/132 1492/555/156 1495/562/155
f 219/565/37 231/566/37 1066/566/157 1030/565/158
f 406/573/37 419/574/37 1540/574/161 1501/573/162
f 220/575/146 219/565/146 1030/565/148 1033/575/147
f 407/581/132 406/573/132 1501/573/156 1504/581/155
f 222/584/37 233/585/37 1072/585/157 1039/584/158
f 211/482/146 210/586/146 1003/586/148 1006/482/147
f 17/43/71 15/587/71 2276/588/71 2277/589/71
f 409/612/37 421/613/37 1546/613/166 1510/612/162
f 223/614/146 222/584/146 1039/584/148 1042/614/147
f 208/617/132 209/618/132 1000/618/167 996/617/55
f 410/619/132 409/612/132 1510/612/156 1513/620/155
f 225/623/37 235/624/37 1078/624/168 1048/623/157
f 207/625/132 208/617/132 996/617/55 994/625/167
f 412/628/37 423/629/37 1552/629/161 1519/628/162
f 205/634/132 206/635/132 991/635/133 987/636/55
f 413/637/132 412/628/132 1519/628/156 1522/637/155
f 204/643/132 205/634/132 987/634/55 985/643/133
f 415/646/37 425/647/37 1558/647/173 1528/646/161
f 202/653/132 203/654/132 982/654/167 978/655/55
f 1342/656/37 1303/270/37 2526/270/37 2568/656/37
f 201/660/132 202/653/132 978/653/55 976/661/133
f 610/664/174 612/665/174 2544/665/174 2495/664/174
f 1368/666/175 1365/667/175 2529/667/175 2570/666/175
f 199/690/132 200/691/132 973/691/133 969/690/55
f 1363/696/71 1407/697/71 2530/697/71 2569/696/71
f 198/698/132 199/690/132 969/690/55 967/698/133
f 196/443/132 197/707/132 964/707/167 960/443/55
f 401/539/132 2218/748/132 1483/748/156 1486/539/155
f 368/749/100 2203/750/100 1480/750/102 1476/749/101
f 367/755/100 368/749/100 1476/749/101 1474/755/102
f 365/784/100 366/785/100 1471/785/102 1467/784/101
f 2274/790/37 74/791/37 594/791/192 1722/790/193
f 364/794/100 365/784/100 1467/784/101 1465/794/102
f 589/795/71 606/796/71 2543/796/71 2497/795/71
f 362/801/100 363/802/100 1462/802/102 1458/801/101
f 251/805/17 250/230/17 1123/230/194 1126/805/195
f 483/810/37 72/811/37 588/811/192 1731/810/193
f 361/812/100 362/801/100 1458/801/101 1456/812/102
f 253/815/37 267/816/37 1174/816/109 1132/815/110
f 359/825/100 360/826/100 1453/826/102 1449/825/101
f 254/829/17 253/815/17 1132/815/194 1135/829/195
f 441/834/114 440/204/114 1603/204/197 1606/834/198
f 486/835/37 70/836/37 582/836/192 1740/835/193
f 170/837/71 155/45/71 2293/44/71 2294/838/71
f 358/861/100 359/825/100 1449/825/101 1447/861/102
f 256/862/37 269/863/37 1180/863/109 1141/862/110
f 356/173/100 357/874/100 1444/874/102 1440/173/101
f 443/875/37 457/876/37 1654/876/202 1612/875/104
f 257/879/17 256/862/17 1141/862/194 1144/879/195
f 444/885/114 443/875/114 1612/875/197 1615/885/198
f 489/886/37 68/887/37 576/887/192 1749/886/193
f 259/890/37 271/891/37 1186/891/109 1150/890/110
f 606/796/174 610/664/174 2495/664/174 2543/796/174
f 446/898/37 459/899/37 1660/899/103 1621/898/104
f 260/902/17 259/890/17 1150/890/194 1153/902/195
f 1365/667/175 1363/696/175 2569/696/175 2529/667/175
f 447/905/114 446/898/114 1621/898/197 1624/905/198
f 492/906/37 66/907/37 570/907/192 1758/906/193
f 263/910/17 262/911/17 1159/911/194 1162/910/195
f 171/116/83 2270/912/83 883/912/85 886/116/84
f 450/935/114 449/936/114 1630/936/197 1633/935/198
f 264/937/17 263/910/17 1162/910/195 1165/937/194
f 168/940/207 2251/941/207 880/941/208 876/940/209
f 451/942/114 450/935/114 1633/935/198 1636/942/197
f 265/231/37 2271/945/37 1198/946/210 1168/947/109
f 167/948/207 168/940/207 876/940/209 874/948/208
f 453/951/114 452/952/114 1639/952/197 1642/951/198
f 165/957/207 166/958/207 871/958/208 867/959/209
f 454/960/114 453/951/114 1642/951/198 1645/960/197
f 164/967/207 165/957/207 867/957/209 865/967/208
f 455/205/37 2273/972/37 1678/972/216 1648/205/103
f 162/979/207 163/980/207 862/980/208 858/979/209
f 161/989/207 162/979/207 858/979/209 856/989/208
f 159/1019/207 160/1020/207 853/1020/208 849/1019/209
f 158/1027/207 159/1019/207 849/1019/209 847/1027/208
f 156/1034/207 157/1035/207 844/1035/208 840/1034/209
f 1411/1036/37 1368/666/37 2570/666/37 2531/1036/37
f 89/1037/71 65/1038/71 568/1038/227 640/1037/228
f 67/1039/71 491/1040/71 1756/1040/229 574/1039/227
f 86/1041/71 67/1042/71 574/1042/227 631/1041/228
f 69/1043/71 488/1044/71 1747/1044/229 580/1043/227
f 83/1045/71 69/1046/71 580/1046/227 622/1047/228
f 71/1048/71 485/1049/71 1738/1049/229 586/1048/227
f 80/1050/71 71/1051/71 586/1051/227 613/1050/228
f 73/1052/71 482/1053/71 1729/1053/229 592/1052/227
f 77/1054/71 73/1055/71 592/1055/227 604/1054/228
f 75/1056/230 76/1057/230 600/1057/199 598/1056/231
f 2273/972/232 466/1058/232 1680/1058/233 1678/972/234
f 2263/1059/71 464/1060/71 1674/1060/92 1719/1059/235
f 463/1061/37 477/1062/37 1714/1062/216 1672/1063/103
f 476/1064/71 462/1065/71 1668/1065/236 1710/1064/235
f 461/1066/37 474/1067/37 1705/1067/216 1666/1066/103
f 473/1068/71 460/1069/71 1662/1069/236 1701/1068/235
f 459/899/37 471/1070/37 1696/1070/216 1660/899/103
f 470/1071/71 458/132/71 1656/132/92 1693/1071/235
f 457/876/37 468/1072/37 1687/1072/216 1654/876/202
f 467/1073/71 456/181/71 1650/181/92 1684/1073/235
f 464/1060/71 454/960/71 1645/960/237 1674/1074/92
f 452/952/37 463/1061/37 1672/1061/103 1639/1075/104
f 462/1065/71 451/942/71 1636/942/91 1668/1065/236
f 449/936/37 461/1066/37 1666/1066/103 1630/936/104
f 460/1069/71 448/1076/71 1627/1076/91 1662/1069/236
f 448/1076/114 447/905/114 1624/905/198 1627/1076/197
f 445/133/114 444/885/114 1615/885/198 1618/133/197
f 442/182/114 441/834/114 1606/834/198 1609/182/197
f 425/647/106 426/318/106 1560/318/108 1558/647/107
f 439/216/71 424/446/71 1554/446/135 1600/216/239
f 423/629/37 437/224/37 1594/224/173 1552/629/161
f 436/236/71 422/455/71 1548/455/139 1591/236/239
f 421/613/37 434/265/37 1585/265/173 1546/613/166
f 433/278/71 420/471/71 1542/471/139 1582/278/239
f 419/574/37 431/287/37 1576/287/173 1540/574/161
f 430/300/71 418/1081/71 1536/1081/139 1573/300/239
f 417/556/37 428/307/37 1567/307/173 1534/556/161
f 427/319/71 416/1082/71 1530/1082/139 1564/1083/239
f 2214/447/132 413/637/132 1522/637/155 1525/447/156
f 411/456/132 410/619/132 1513/619/155 1516/456/156
f 408/472/132 407/581/132 1504/581/155 1507/472/156
f 418/1081/71 405/1090/71 1498/1090/134 1536/1081/139
f 405/1090/132 404/562/132 1495/562/155 1498/1090/156
f 416/1082/71 402/538/71 1489/538/134 1530/1082/139
f 2218/748/37 415/646/37 1528/646/161 1483/748/162
f 2203/750/71 354/1091/71 1434/1091/240 1480/750/241
f 353/1092/37 367/755/37 1474/755/242 1432/1092/243
f 366/785/71 352/1093/71 1428/1093/240 1471/785/241
f 351/1094/37 364/794/37 1465/794/242 1426/1094/243
f 363/802/71 350/1095/71 1422/1095/240 1462/802/241
f 349/1096/37 361/812/37 1456/812/242 1420/1096/243
f 360/826/71 348/1097/71 1416/1097/240 1453/826/241
f 347/1098/37 358/861/37 1447/861/242 1414/1098/243
f 357/874/71 346/1099/71 1410/1099/240 1444/874/241
f 345/1100/37 2215/172/37 1438/172/242 1408/1100/243
f 354/1091/71 344/1101/71 1405/1101/244 1434/1091/240
f 344/1101/245 343/1102/245 1402/1102/246 1405/1103/247
f 352/1093/71 341/1104/71 1396/1104/244 1428/1093/240
f 339/1105/37 351/1094/37 1426/1094/243 1389/1105/248
f 350/1095/71 338/1106/71 1387/1106/244 1422/1095/240
f 336/1107/37 349/1096/37 1420/1096/243 1380/1107/248
f 348/1097/71 335/1108/71 1378/1108/244 1416/1097/240
f 333/1109/37 347/1098/37 1414/1098/243 1371/1109/248
f 346/1099/71 332/1110/71 1369/1110/244 1410/1099/240
f 330/1111/37 345/1100/37 1408/1100/243 1362/1111/248
f 329/1112/71 314/1113/71 1314/1113/249 1359/1112/250
f 313/1114/37 327/1115/37 1354/1115/251 1312/1114/252
f 326/1116/71 312/1117/71 1308/1117/249 1350/1116/250
f 311/1118/37 324/1119/37 1345/1119/251 1306/1118/252
f 323/1120/71 310/1121/71 1302/1121/249 1341/1120/250
f 309/1122/37 321/1123/37 1336/1123/251 1300/1122/252
f 320/1124/71 308/1125/71 1296/1125/249 1332/1124/250
f 307/1126/37 318/1127/37 1327/1127/251 1294/1128/252
f 317/1129/71 306/1130/71 1290/1130/249 1323/1129/250
f 305/1131/37 315/1132/37 1318/1132/251 1288/1133/252
f 314/1113/71 2262/1134/71 1285/1134/253 1314/1113/249
f 302/1135/37 313/1114/37 1312/1114/252 1278/1135/254
f 312/1117/71 301/1136/71 1276/1136/253 1308/1137/249
f 299/1138/37 311/1118/37 1306/1118/252 1269/1138/254
f 310/1121/71 298/1139/71 1267/1139/253 1302/1121/249
f 296/1140/37 309/1122/37 1300/1122/252 1260/1140/254
f 308/1125/71 295/1141/71 1258/1141/253 1296/1142/249
f 293/1143/37 307/1126/37 1294/1126/252 1251/1143/254
f 306/1130/71 292/1144/71 1249/1144/253 1290/1145/249
f 2272/1146/37 305/1131/37 1288/1131/252 1242/1146/254
f 2271/945/255 276/1147/255 1200/1148/256 1198/946/257
f 2257/1149/71 274/1150/71 1194/1150/78 1239/1149/258
f 273/1151/37 287/1152/37 1234/1152/210 1192/1151/109
f 286/1153/71 272/103/71 1188/103/78 1230/1153/258
f 271/891/37 284/1154/37 1225/1155/210 1186/891/109
f 283/1156/71 270/140/71 1182/140/78 1222/1156/258
f 269/863/37 281/1157/37 1216/1158/210 1180/863/109
f 280/1159/71 268/188/71 1176/188/78 1213/1159/258
f 267/816/37 278/1160/37 1207/1161/210 1174/816/109
f 277/1162/71 266/211/71 1170/211/78 1204/1163/258
f 274/1150/71 264/937/71 1165/937/77 1194/1150/78
f 262/911/37 273/1151/37 1192/1151/109 1159/1164/110
f 261/104/17 260/902/17 1153/902/195 1156/104/194
f 258/141/17 257/879/17 1144/879/195 1147/141/194
f 255/189/17 254/829/17 1135/829/195 1138/189/194
f 252/212/17 251/805/17 1126/805/195 1129/1171/194
f 235/624/114 236/431/114 1080/431/116 1078/624/115
f 249/264/71 234/457/71 1074/457/141 1120/264/260
f 233/585/37 247/272/37 1114/272/168 1072/585/157
f 246/286/71 232/473/71 1068/473/141 1111/286/260
f 231/566/37 244/296/37 1105/296/168 1066/566/157
f 243/306/71 230/1174/71 1062/1174/141 1102/306/260
f 229/544/37 241/315/37 1096/315/168 1060/544/157
f 240/326/71 228/1175/71 1056/1175/141 1093/326/260
f 227/1176/37 238/426/37 1087/426/168 1054/1176/157
f 237/432/71 226/1177/71 1050/1177/141 1084/432/260
f 224/458/146 223/614/146 1042/614/147 1045/458/148
f 221/474/146 220/575/146 1033/575/147 1036/1179/148
f 230/1174/71 218/1182/71 1027/1182/140 1062/1174/141
f 218/1182/146 217/557/146 1024/557/147 1027/1183/148
f 228/1175/71 215/533/71 1018/533/140 1056/1175/141
f 213/496/37 227/1176/37 1054/1176/157 1012/496/158
f 226/1177/71 212/481/71 1009/481/140 1050/1177/141
f 210/586/37 225/623/37 1048/623/157 1003/586/158
f 209/618/71 194/1184/71 954/1184/261 1000/618/262
f 193/1185/37 207/625/37 994/625/263 952/1185/264
f 206/635/71 192/1186/71 948/1186/261 991/635/262
f 191/1187/37 204/643/37 985/643/263 946/1187/264
f 203/654/71 190/1188/71 942/1188/261 982/654/262
f 189/1189/37 201/660/37 976/660/263 940/1190/264
f 200/691/71 188/1191/71 936/1191/261 973/691/262
f 187/1192/37 198/698/37 967/698/263 934/1193/264
f 197/707/71 186/1194/71 930/1194/261 964/707/262
f 185/1195/37 195/442/37 958/442/263 928/1195/264
f 194/1184/71 2256/238/71 925/238/265 954/1184/261
f 182/229/37 193/1185/37 952/1185/264 919/1196/266
f 192/1186/71 181/217/71 916/217/265 948/1186/261
f 179/209/37 191/1187/37 946/1187/264 910/1197/266
f 190/1188/71 178/196/71 907/196/265 942/1198/261
f 176/187/37 189/1189/37 940/1189/264 901/187/266
f 188/1191/71 175/174/71 898/174/265 936/1191/261
f 173/135/37 187/1192/37 934/1192/264 892/135/266
f 186/1194/71 172/115/71 889/115/265 930/1199/261
f 2270/912/37 185/1195/37 928/1195/264 883/912/266
f 2251/941/71 154/1200/71 834/1200/267 880/1201/268
f 153/1202/37 167/948/37 874/948/269 832/1202/270
f 166/958/71 152/1203/71 828/1203/267 871/958/268
f 151/1204/37 164/967/37 865/967/269 826/1204/270
f 163/980/71 150/1205/71 822/1205/267 862/1206/268
f 149/1207/37 161/989/37 856/989/269 820/1208/270
f 160/1020/71 148/1209/71 816/1209/267 853/1020/268
f 147/1210/37 158/1027/37 847/1027/269 814/1211/270
f 157/1035/71 146/1212/71 810/1212/267 844/1035/268
f 145/1213/37 2269/1214/37 838/1214/269 808/1213/270
f 154/1200/71 144/1215/71 805/1215/271 834/1200/267
f 142/1216/37 153/1202/37 832/1202/270 798/1216/272
f 152/1203/71 141/1217/71 796/1217/271 828/1218/267
f 139/1219/37 151/1204/37 826/1204/270 789/1219/272
f 150/1205/71 138/1220/71 787/1220/271 822/1205/267
f 136/1221/37 149/1207/37 820/1207/270 780/1222/272
f 148/1209/71 135/1223/71 778/1223/271 816/1224/267
f 133/1225/37 147/1210/37 814/1210/270 771/1225/272
f 146/1212/71 132/1226/71 769/1226/271 810/1212/267
f 130/1227/37 145/1213/37 808/1213/270 762/1227/272
f 129/1228/71 114/1229/71 714/1229/273 759/1228/274
f 113/1230/37 127/1231/37 754/1231/275 712/1232/276
f 126/1233/71 112/1234/71 708/1234/277 750/1233/274
f 111/1235/37 124/1236/37 745/1236/275 706/1235/276
f 123/1237/71 110/1238/71 702/1238/273 741/1237/278
f 109/1239/37 121/1240/37 736/1240/275 700/1241/276
f 120/1242/71 108/1243/71 696/1243/277 732/1242/274
f 107/1244/37 118/1245/37 727/1245/275 694/1244/276
f 117/1246/71 106/1247/71 690/1247/277 723/1246/274
f 105/1248/37 115/1249/37 718/1249/275 688/1248/276
f 114/1229/71 104/1250/71 685/1250/279 714/1251/273
f 102/1252/37 113/1230/37 712/1230/276 678/1252/280
f 112/1234/71 101/1253/71 676/1253/279 708/1234/277
f 99/1254/37 111/1235/37 706/1235/276 669/1254/280
f 110/1238/71 98/1255/71 667/1255/279 702/1256/273
f 96/1257/37 109/1239/37 700/1239/276 660/1257/280
f 108/1243/71 95/1258/71 658/1258/279 696/1243/277
f 93/1259/37 107/1244/37 694/1244/276 651/1259/280
f 106/1247/71 92/1260/71 649/1260/279 690/1261/277
f 90/1262/37 105/1248/37 688/1248/276 642/1262/280
f 66/1266/37 87/1267/37 634/1267/283 570/1268/192
f 68/1271/37 84/1272/37 625/1272/283 576/1271/192
f 70/1275/37 81/1276/37 616/1276/283 582/1275/192
f 612/665/37 585/1277/37 2493/1277/37 2544/665/37
f 72/1278/37 78/1279/37 607/1279/283 588/1278/192
f 74/1283/37 75/1056/37 598/1056/283 594/1283/192
f 1339/1284/284 1342/656/284 2568/656/284 2527/1284/284
f 76/1057/230 77/1054/230 604/1054/231 600/1285/199
f 1407/697/71 1437/552/71 2571/552/71 2530/697/71
f 78/1279/230 79/1290/230 609/1290/199 607/1291/231
f 679/542/71 711/1299/71 2500/1299/71 2545/542/71
f 79/1290/230 80/1050/230 613/1050/231 609/1303/199
f 81/1276/230 82/1308/230 618/1308/199 616/1276/231
f 82/1308/230 83/1045/230 622/1045/231 618/1308/199
f 84/1272/230 85/1322/230 627/1322/199 625/1323/231
f 85/1322/230 86/1041/230 631/1041/231 627/1322/199
f 1335/537/284 1339/1284/284 2527/1284/284 2567/537/284
f 87/1267/230 88/1326/230 636/1326/199 634/1267/231
f 1443/498/37 1411/1036/37 2531/1036/37 2572/498/37
f 88/1326/230 89/1037/230 640/1037/231 636/1326/199
f 343/1102/245 342/1327/245 1399/1327/247 1402/1328/246
f 91/1329/286 90/1262/286 642/1262/287 646/1329/288
f 342/1327/37 353/1092/37 1432/1092/243 1399/1327/248
f 2269/1214/207 156/1034/207 840/1034/209 838/1214/208
f 341/1104/245 340/1334/245 1393/1334/246 1396/1104/247
f 340/1334/245 339/1105/245 1389/1105/247 1393/1341/246
f 338/1106/245 337/1349/245 1384/1349/246 1387/1106/247
f 276/1147/255 277/1162/255 1204/1350/257 1200/1148/256
f 337/1349/245 336/1107/245 1380/1107/247 1384/1349/246
f 278/1160/255 279/1358/255 1209/1359/256 1207/1161/257
f 335/1108/245 334/1367/245 1375/1367/246 1378/1108/247
f 279/1358/255 280/1159/255 1213/1368/257 1209/1359/256
f 715/1371/37 684/279/37 2546/279/37 2501/1371/37
f 334/1367/245 333/1109/245 1371/1109/247 1375/1367/246
f 466/1058/232 467/1073/232 1684/1073/234 1680/1372/233
f 281/1157/255 282/1373/255 1218/1374/256 1216/1158/257
f 1266/271/299 1263/1375/299 2524/1375/299 2566/271/299
f 468/1072/232 469/1376/232 1689/1376/233 1687/1072/234
f 332/1110/245 331/1381/245 1366/1381/246 1369/1382/247
f 282/1373/255 283/1156/255 1222/1383/257 1218/1374/256
f 469/1376/232 470/1071/232 1693/1071/300 1689/1376/233
f 284/1154/255 285/1390/255 1227/1391/256 1225/1155/257
f 471/1070/232 472/1395/232 1698/1395/233 1696/1070/234
f 1482/106/71 1527/1396/71 2535/1396/71 2573/106/71
f 285/1390/255 286/1153/255 1230/1397/257 1227/1391/256
f 711/1299/71 753/1398/71 2547/1398/71 2500/1299/71
f 472/1395/232 473/1068/232 1701/1068/234 1698/1395/233
f 287/1152/255 288/1403/255 1236/1403/256 1234/1152/257
f 474/1067/232 475/1407/232 1707/1407/233 1705/1067/234
f 288/1403/255 2257/1149/255 1239/1408/257 1236/1403/256
f 144/1215/100 143/1409/100 802/1409/301 805/1410/302
f 475/1407/232 476/1064/232 1710/1064/234 1707/1407/233
f 291/1411/303 2272/1146/303 1242/1146/304 1246/1412/305
f 143/1409/100 142/1216/100 798/1216/302 802/1413/301
f 477/1062/232 478/1414/232 1716/1414/233 1714/1062/234
f 141/1217/100 140/1419/100 793/1419/301 796/1217/302
f 478/1414/232 2263/1059/232 1719/1059/234 1716/1414/233
f 140/1419/100 139/1219/100 789/1219/302 793/1422/301
f 481/1423/255 2274/790/255 1722/790/312 1726/1423/124
f 138/1220/100 137/1428/100 784/1428/301 787/1220/302
f 482/1053/255 481/1423/255 1726/1423/124 1729/1053/312
f 137/1428/100 136/1221/100 780/1221/302 784/1428/301
f 484/1431/255 483/810/255 1731/810/312 1735/1431/124
f 1263/1375/299 1261/1432/299 2565/1432/299 2524/1375/299
f 135/1223/100 134/1433/100 775/1433/301 778/1223/302
f 315/1132/286 316/1434/286 1320/1434/313 1318/1132/314
f 485/1049/255 484/1431/255 1735/1431/124 1738/1049/312
f 1531/1435/37 1488/1436/37 2574/1436/37 2536/1435/37
f 134/1433/100 133/1225/100 771/1225/302 775/1433/301
f 487/1437/255 486/835/255 1740/835/312 1744/1437/124
f 132/1226/100 131/1446/100 766/1446/301 769/1447/302
f 488/1044/255 487/1437/255 1744/1437/124 1747/1044/312
f 490/1452/255 489/886/255 1749/886/312 1753/1452/124
f 116/1453/318 117/1246/318 723/1246/319 720/1454/320
f 118/1245/318 119/1460/318 729/1460/320 727/1245/319
f 491/1040/255 490/1452/255 1753/1452/124 1756/1040/312
f 493/1464/255 492/906/255 1758/906/312 1762/1464/124
f 119/1460/318 120/1242/318 732/1242/319 729/1460/320
f 760/1465/37 715/1371/37 2501/1371/37 2548/1465/37
f 121/1240/318 122/1466/318 738/1466/320 736/1240/319
f 1237/1467/321 1240/1468/321 2564/1468/321 2522/1467/321
f 2268/1469/255 493/1464/255 1762/1464/124 1765/1469/312
f 2906/1470/37 2903/1471/37 1950/1471/37 1951/1472/37
f 122/1466/318 123/1237/318 741/1237/319 738/1473/320
f 124/1236/318 125/1480/318 747/1480/320 745/1236/319
f 125/1480/318 126/1233/318 750/1233/319 747/1480/320
f 127/1231/318 128/1490/318 756/1490/320 754/1491/319
f 128/1490/318 129/1228/318 759/1228/319 756/1490/320
f 2262/1134/303 303/1496/303 1282/1496/305 1285/1497/304
f 131/1446/100 130/1227/100 762/1227/302 766/1446/301
f 303/1496/303 302/1135/303 1278/1135/304 1282/1502/305
f 115/1249/318 116/1453/318 720/1453/320 718/1249/319
f 301/1136/303 300/1507/303 1273/1507/305 1276/1508/304
f 1527/1396/71 1557/1509/71 2575/1509/71 2535/1396/71
f 781/1512/71 819/1513/71 2505/1513/71 2549/1512/71
f 300/1507/303 299/1138/303 1269/1138/304 1273/1514/305
f 1233/1515/321 1237/1467/321 2522/1467/321 2563/1515/321
f 1563/1516/37 1531/1435/37 2536/1435/37 2576/1516/37
f 298/1139/303 297/1520/303 1264/1520/305 1267/1139/304
f 316/1434/286 317/1129/286 1323/1129/314 1320/1525/313
f 297/1520/303 296/1140/303 1260/1140/304 1264/1520/305
f 318/1127/286 319/1531/286 1329/1531/313 1327/1127/314
f 823/1535/37 786/1536/37 2550/1536/37 2506/1535/37
f 295/1141/303 294/1537/303 1255/1537/305 1258/1141/304
f 319/1531/286 320/1124/286 1332/1124/314 1329/1531/313
f 1164/1538/331 1161/1539/331 2519/1539/331 2562/1538/331
f 294/1537/303 293/1143/303 1251/1143/304 1255/1537/305
f 321/1123/286 322/1542/286 1338/1542/313 1336/1123/314
f 292/1144/303 291/1411/303 1246/1411/305 1249/1547/304
f 322/1542/286 323/1120/286 1341/1120/314 1338/1542/313
f 324/1119/286 325/1552/286 1347/1552/313 1345/1119/314
f 325/1552/286 326/1116/286 1350/1116/314 1347/1558/313
f 327/1115/286 328/1564/286 1356/1564/313 1354/1565/314
f 328/1564/286 329/1112/286 1359/1112/314 1356/1564/313
f 104/1250/286 103/1568/286 682/1568/288 685/1250/287
f 331/1381/245 330/1111/245 1362/1111/247 1366/1569/246
f 103/1568/286 102/1252/286 678/1252/287 682/1568/288
f 1620/1570/71 1659/1571/71 2540/1571/71 2577/1570/71
f 101/1253/286 100/1572/286 673/1572/288 676/1573/287
f 819/1513/71 855/1574/71 2551/1574/71 2505/1513/71
f 100/1572/286 99/1254/286 669/1254/287 673/1572/288
f 98/1255/286 97/1579/286 664/1579/288 667/1255/287
f 97/1579/286 96/1257/286 660/1257/287 664/1579/288
f 95/1258/286 94/1589/286 655/1589/288 658/1258/287
f 1161/1539/331 1158/1590/331 2561/1590/331 2519/1539/331
f 94/1589/286 93/1259/286 651/1259/333 655/1589/288
f 1663/1593/37 1626/1594/37 2578/1594/37 2541/1593/37
f 861/1595/37 823/1535/37 2506/1535/37 2552/1595/37
f 92/1260/286 91/1329/286 646/1329/288 649/1260/287
f 598/1056/231 600/1057/199 602/1057/334 599/1601/334
f 599/1601/335 602/1057/335 601/1523/322 597/1534/324
f 600/1285/199 604/1054/231 605/1602/334 602/1057/334
f 602/1057/335 605/1602/335 603/1524/323 601/1523/322
f 607/1291/231 609/1290/199 611/1290/334 608/1603/334
f 608/1603/335 611/1290/335 2413/1604/322 2414/1605/324
f 609/1303/199 613/1050/231 614/1606/334 611/1290/334
f 611/1290/335 614/1606/335 2415/1607/323 2413/1604/322
f 616/1276/231 618/1308/199 620/1308/334 617/1608/334
f 617/1608/335 620/1308/335 619/1500/322 615/1504/324
f 618/1308/199 622/1045/231 623/1609/334 620/1308/334
f 620/1308/335 623/1609/335 621/1501/323 619/1500/322
f 625/1323/231 627/1322/199 629/1322/334 626/1610/334
f 626/1610/335 629/1322/335 628/1488/322 624/1495/324
f 627/1322/199 631/1041/231 632/1611/334 629/1322/334
f 629/1322/335 632/1611/335 630/1489/323 628/1488/322
f 634/1267/231 636/1326/199 638/1326/334 635/1612/334
f 635/1612/335 638/1326/335 637/1478/322 633/1483/324
f 636/1326/199 640/1037/231 641/1613/334 638/1326/334
f 638/1326/335 641/1613/335 639/1479/323 637/1478/322
f 643/1331/290 645/1330/289 647/1329/336 644/1614/336
f 644/1614/337 647/1329/337 646/1329/288 642/1262/287
f 645/1330/289 648/1335/292 650/1615/336 647/1329/336
f 647/1329/337 650/1615/337 649/1260/287 646/1329/288
f 652/1346/290 654/1345/289 656/1589/336 653/1616/336
f 653/1616/337 656/1589/337 655/1589/288 651/1259/333
f 654/1352/289 657/1351/292 659/1617/336 656/1589/336
f 656/1589/337 659/1617/337 658/1258/287 655/1589/288
f 661/1364/290 663/1363/289 665/1579/336 662/1618/336
f 662/1618/337 665/1579/337 664/1579/288 660/1257/287
f 663/1363/289 666/1369/292 668/1619/336 665/1579/336
f 665/1579/337 668/1619/337 667/1255/287 664/1579/288
f 670/1378/290 672/1377/289 674/1572/336 671/1620/336
f 671/1620/337 674/1572/337 673/1572/288 669/1254/287
f 672/1377/289 675/1384/292 677/1621/336 674/1572/336
f 674/1572/337 677/1621/337 676/1573/287 673/1572/288
f 2416/1622/290 2417/1623/289 683/1568/336 680/1624/336
f 680/1624/337 683/1568/337 682/1568/288 678/1252/287
f 2417/1625/289 2418/1626/292 686/1627/336 683/1568/336
f 683/1568/337 686/1627/337 685/1250/287 682/1568/288
f 718/1249/319 720/1453/320 722/1453/338 719/1628/338
f 719/1628/339 722/1453/339 721/1567/328 717/1566/330
f 720/1454/320 723/1246/319 725/1629/338 722/1453/338
f 722/1453/339 725/1629/339 724/1563/329 721/1562/328
f 727/1245/319 729/1460/320 731/1460/338 728/1630/338
f 728/1630/339 731/1460/339 730/1550/328 726/1554/330
f 729/1460/320 732/1242/319 734/1631/338 731/1460/338
f 731/1460/339 734/1631/339 733/1551/329 730/1550/328
f 736/1240/319 738/1466/320 740/1466/338 737/1632/338
f 737/1632/339 740/1466/339 739/1544/332 735/1543/330
f 738/1473/320 741/1237/319 743/1633/338 740/1466/338
f 740/1466/339 743/1633/339 742/1541/329 739/1540/332
f 745/1236/319 747/1480/320 749/1480/338 746/1634/338
f 746/1634/339 749/1480/339 748/1529/328 744/1532/330
f 747/1480/320 750/1233/319 752/1635/338 749/1480/338
f 749/1480/339 752/1635/339 751/1530/329 748/1529/328
f 754/1491/319 756/1490/320 758/1490/338 755/1636/338
f 755/1636/339 758/1490/339 2419/1637/328 2420/1638/330
f 756/1490/320 759/1228/319 761/1639/338 758/1490/338
f 758/1490/339 761/1639/339 2421/1640/329 2419/1637/328
f 763/1506/326 765/1505/325 767/1446/340 764/1641/340
f 764/1641/341 767/1446/341 766/1446/301 762/1227/302
f 765/1511/325 768/1510/327 770/1642/340 767/1446/340
f 767/1446/341 770/1642/341 769/1447/302 766/1446/301
f 772/1518/326 774/1517/325 776/1433/340 773/1643/340
f 773/1643/341 776/1433/341 775/1433/301 771/1225/302
f 774/1527/325 777/1526/327 779/1644/340 776/1433/340
f 776/1433/341 779/1644/341 778/1223/302 775/1433/301
f 2422/1645/326 2423/1646/325 785/1428/340 782/1647/340
f 782/1647/341 785/1428/341 784/1428/301 780/1221/302
f 2423/1648/325 2424/1649/327 788/1650/340 785/1428/340
f 785/1428/341 788/1650/341 787/1220/302 784/1428/301
f 790/1546/326 792/1545/325 794/1419/340 791/1651/340
f 791/1651/341 794/1419/341 793/1422/301 789/1219/302
f 792/1549/325 795/1548/327 797/1652/340 794/1419/340
f 794/1419/341 797/1652/341 796/1217/302 793/1419/301
f 799/1556/326 801/1555/325 803/1409/340 800/1653/340
f 800/1653/341 803/1409/341 802/1413/301 798/1216/302
f 801/1560/325 804/1559/327 806/1654/340 803/1409/340
f 803/1409/341 806/1654/341 805/1410/302 802/1409/301
f 838/1214/208 840/1034/209 842/1034/342 839/1655/342
f 839/1655/343 842/1034/343 841/1406/295 837/1405/298
f 840/1034/209 844/1035/208 845/1656/342 842/1034/342
f 842/1034/343 845/1656/343 843/1402/296 841/1401/295
f 847/1027/208 849/1019/209 851/1019/342 848/1657/342
f 848/1657/343 851/1019/343 850/1394/295 846/1393/298
f 849/1019/209 853/1020/208 854/1658/342 851/1019/342
f 851/1019/343 854/1658/343 852/1389/296 850/1388/295
f 856/989/208 858/979/209 860/979/342 857/1659/342
f 857/1659/343 860/979/343 2425/1660/295 2426/1661/298
f 858/979/209 862/980/208 863/1662/342 860/979/342
f 860/979/343 863/1662/343 2427/1663/296 2425/1660/295
f 865/967/208 867/957/209 869/957/342 866/1664/342
f 866/1664/343 869/957/343 868/1362/295 864/1361/298
f 867/959/209 871/958/208 872/1665/342 869/957/342
f 869/957/343 872/1665/343 870/1357/296 868/1356/295
f 874/948/208 876/940/209 878/940/342 875/1666/342
f 875/1666/343 878/940/343 877/1344/295 873/1343/298
f 876/940/209 880/941/208 881/1667/342 878/940/342
f 878/940/343 881/1667/343 879/1340/296 877/1339/295
f 2428/1668/191 2429/1669/190 887/116/344 884/1670/344
f 884/1670/345 887/116/345 886/116/84 883/912/85
f 2429/1671/190 2430/1672/189 890/1673/344 887/116/344
f 887/116/345 890/1673/345 889/115/85 886/116/84
f 891/881/191 894/880/190 896/134/344 893/1674/344
f 893/1674/345 896/134/345 895/134/84 892/135/85
f 894/871/190 897/870/189 899/1675/344 896/134/344
f 896/134/345 899/1675/345 898/174/85 895/134/84
f 900/831/191 903/830/190 905/186/344 902/1676/344
f 902/1676/345 905/186/345 904/186/84 901/187/85
f 903/824/190 906/823/189 908/1677/344 905/186/344
f 905/186/345 908/1677/345 907/197/85 904/186/84
f 909/807/191 912/806/190 914/208/344 911/1678/344
f 911/1678/345 914/208/345 913/210/84 910/209/85
f 912/800/190 915/799/189 917/1679/344 914/208/344
f 914/208/345 917/1679/345 916/217/85 913/208/84
f 918/789/191 921/788/190 923/228/344 920/1680/344
f 920/1680/345 923/228/345 922/228/84 919/229/85
f 921/783/190 924/782/189 926/1681/344 923/228/344
f 923/228/345 926/1681/345 925/238/85 922/228/84
f 958/442/133 960/443/55 962/443/346 959/1682/346
f 959/1682/347 962/443/347 2431/1683/120 2432/1684/119
f 960/443/55 964/707/167 965/1685/346 962/443/346
f 962/443/347 965/1685/347 2433/1686/123 2431/1687/120
f 967/698/133 969/690/55 971/690/346 968/1688/346
f 968/1688/347 971/690/347 970/295/120 966/294/119
f 969/690/55 973/691/133 974/1689/346 971/690/346
f 971/690/347 974/1689/347 972/302/123 970/295/120
f 976/661/133 978/653/55 980/653/346 977/1690/346
f 977/1690/347 980/653/347 979/314/120 975/313/119
f 978/655/55 982/654/167 983/1691/346 980/653/346
f 980/653/347 983/1691/347 981/322/123 979/321/120
f 985/643/133 987/634/55 989/634/346 986/1692/346
f 986/1692/347 989/634/347 988/330/120 984/329/119
f 987/636/55 991/635/133 992/1693/346 989/634/346
f 989/634/347 992/1693/347 990/428/123 988/330/120
f 994/625/167 996/617/55 998/617/346 995/1694/346
f 995/1694/347 998/617/347 997/436/120 993/435/119
f 996/617/55 1000/618/167 1001/1695/346 998/617/346
f 998/617/347 1001/1695/347 999/441/123 997/440/120
f 1002/579/144 1005/578/143 1007/482/348 1004/1696/348
f 1004/1696/349 1007/482/349 1006/482/147 1003/586/148
f 1005/568/143 1008/567/159 1010/1697/348 1007/482/348
f 1007/482/349 1010/1697/349 1009/481/148 1006/482/147
f 1011/560/144 1014/549/143 1016/495/348 1013/1698/348
f 1013/1698/349 1016/495/349 1015/495/147 1012/496/148
f 1014/549/143 1017/548/159 1019/1699/348 1016/495/348
f 1016/495/349 1019/1699/349 1018/533/148 1015/495/147
f 2434/1700/144 2435/1701/143 1025/557/348 1022/1702/348
f 1022/1702/349 1025/557/349 1024/557/147 1021/543/148
f 2435/1701/143 2436/1703/159 1028/1704/348 1025/557/348
f 1025/557/349 1028/1704/349 1027/1183/148 1024/557/147
f 1029/486/144 1032/485/143 1034/575/348 1031/1705/348
f 1031/1705/349 1034/575/349 1033/575/147 1030/565/148
f 1032/1181/143 1035/1180/159 1037/1706/348 1034/575/348
f 1034/575/349 1037/1706/349 1036/1179/148 1033/575/147
f 1038/466/144 1041/465/143 1043/614/348 1040/1707/348
f 1040/1707/349 1043/614/349 1042/614/147 1039/584/148
f 1041/465/143 1044/1178/159 1046/1708/348 1043/614/348
f 1043/614/349 1046/1708/349 1045/458/148 1042/614/147
f 1078/624/115 1080/431/116 1082/431/350 1079/1709/350
f 1079/1709/351 1082/431/351 1081/631/170 1077/630/169
f 1080/431/116 1084/432/115 1085/1710/350 1082/431/350
f 1082/431/351 1085/1710/351 1083/642/172 1081/641/170
f 1087/426/115 1089/325/116 1091/325/350 1088/1711/350
f 1088/1711/351 1091/325/351 1090/650/170 1086/649/169
f 1089/325/116 1093/326/115 1094/1712/350 1091/325/350
f 1091/325/351 1094/1712/351 1092/659/172 1090/650/170
f 1096/315/115 1098/305/116 1100/305/350 1097/1713/350
f 1097/1713/351 1100/305/351 2437/1714/170 2438/1715/169
f 1098/305/116 1102/306/115 1103/1716/350 1100/305/350
f 1100/305/351 1103/1716/351 2439/1717/172 2437/1714/170
f 1105/296/115 1107/285/116 1109/285/350 1106/1718/350
f 1106/1718/351 1109/285/351 1108/704/170 1104/703/169
f 1107/285/116 1111/286/115 1112/1719/350 1109/285/350
f 1109/285/351 1112/1719/351 1110/713/172 1108/704/170
f 1114/272/115 1116/263/116 1118/263/350 1115/1720/350
f 1115/1720/351 1118/263/351 1117/722/170 1113/721/169
f 1116/263/116 1120/264/115 1121/1721/350 1118/263/350
f 1118/263/351 1121/1721/351 1119/731/172 1117/730/170
f 1122/221/87 1125/220/86 1127/805/352 1124/1722/352
f 1124/1722/353 1127/805/353 1126/805/195 1123/230/194
f 1125/1173/86 1128/1172/259 1130/1723/352 1127/805/352
f 1127/805/353 1130/1723/353 1129/1171/194 1126/805/195
f 1131/201/87 1134/200/86 1136/829/352 1133/1724/352
f 1133/1724/353 1136/829/353 1135/829/195 1132/815/194
f 1134/1170/86 1137/1169/259 1139/1725/352 1136/829/352
f 1136/829/353 1139/1725/353 1138/189/194 1135/829/195
f 1140/178/87 1143/177/86 1145/879/352 1142/1726/352
f 1142/1726/353 1145/879/353 1144/879/195 1141/862/194
f 1143/177/86 1146/1168/259 1148/1727/352 1145/879/352
f 1145/879/353 1148/1727/353 1147/141/194 1144/879/195
f 1149/122/87 1152/121/86 1154/902/352 1151/1728/352
f 1151/1728/353 1154/902/353 1153/902/195 1150/890/194
f 1152/1166/86 1155/1165/259 1157/1729/352 1154/902/352
f 1154/902/353 1157/1729/353 1156/104/194 1153/902/195
f 2440/1730/87 2441/1731/86 1163/910/352 1160/1732/352
f 1160/1732/353 1163/910/353 1162/910/195 1159/911/194
f 2441/1731/86 2442/1733/259 1166/1734/352 1163/910/352
f 1163/910/353 1166/1734/353 1165/937/194 1162/910/195
f 1198/946/257 1200/1148/256 1202/1147/354 1199/1735/354
f 1199/1735/355 1202/1147/355 1201/954/212 1197/953/211
f 1200/1148/256 1204/1350/257 1205/1736/354 1202/1147/354
f 1202/1147/355 1205/1736/355 1203/966/215 1201/954/212
f 1207/1161/257 1209/1359/256 1211/1358/354 1208/1737/354
f 1208/1737/355 1211/1358/355 1210/974/212 1206/973/211
f 1209/1359/256 1213/1368/257 1214/1738/354 1211/1358/354
f 1211/1358/355 1214/1738/355 1212/988/219 1210/974/212
f 1216/1158/257 1218/1374/256 1220/1373/354 1217/1739/354
f 1217/1739/355 1220/1373/355 1219/998/212 1215/997/211
f 1218/1374/256 1222/1383/257 1223/1740/354 1220/1373/354
f 1220/1373/355 1223/1740/355 1221/1026/219 1219/998/212
f 1225/1155/257 1227/1391/256 1229/1390/354 1226/1741/354
f 1226/1741/355 1229/1390/355 1228/1033/212 1224/1032/211
f 1227/1391/256 1230/1397/257 1232/1742/354 1229/1390/354
f 1229/1390/355 1232/1742/355 1231/1598/219 1228/1033/212
f 1234/1152/257 1236/1403/256 1238/1403/354 1235/1743/354
f 1235/1743/355 1238/1403/355 2443/1744/212 2444/1745/356
f 1236/1403/256 1239/1408/257 1241/1746/354 1238/1403/354
f 1238/1403/355 1241/1746/355 2445/1747/215 2443/1744/212
f 1243/1416/307 1245/1415/306 1247/1411/357 1244/1748/357
f 1244/1748/358 1247/1411/358 1246/1412/305 1242/1146/304
f 1245/1415/306 1248/1420/310 1250/1749/357 1247/1411/357
f 1247/1411/358 1250/1749/358 1249/1547/304 1246/1411/305
f 1252/1425/307 1254/1424/306 1256/1537/357 1253/1750/357
f 1253/1750/358 1256/1537/358 1255/1537/305 1251/1143/304
f 1254/1424/306 1257/1429/310 1259/1751/357 1256/1537/357
f 1256/1537/358 1259/1751/358 1258/1141/304 1255/1537/305
f 2446/1752/307 2447/1753/306 1265/1520/357 1262/1754/357
f 1262/1754/358 1265/1520/358 1264/1520/305 1260/1140/304
f 2447/1753/306 2448/1755/310 1268/1756/357 1265/1520/357
f 1265/1520/358 1268/1756/358 1267/1139/304 1264/1520/305
f 1270/1443/307 1272/1442/306 1274/1507/357 1271/1757/357
f 1271/1757/358 1274/1507/358 1273/1514/305 1269/1138/304
f 1272/1442/306 1275/1450/310 1277/1758/357 1274/1507/357
f 1274/1507/358 1277/1758/358 1276/1508/304 1273/1507/305
f 1279/1459/307 1281/1458/306 1283/1496/357 1280/1759/357
f 1280/1759/358 1283/1496/358 1282/1502/305 1278/1135/304
f 1281/1463/306 1284/1462/310 1286/1760/357 1283/1496/357
f 1283/1496/358 1286/1760/358 1285/1497/304 1282/1496/305
f 1318/1132/314 1320/1434/313 1322/1434/359 1319/1761/359
f 1319/1761/360 1322/1434/360 1321/1493/315 1317/1492/317
f 1320/1525/313 1323/1129/314 1325/1762/359 1322/1434/359
f 1322/1434/360 1325/1762/360 1324/1485/316 1321/1484/315
f 1327/1127/314 1329/1531/313 1331/1531/359 1328/1763/359
f 1328/1763/360 1331/1531/360 1330/1474/315 1326/1481/317
f 1329/1531/313 1332/1124/314 1334/1764/359 1331/1531/359
f 1331/1531/360 1334/1764/360 1333/1475/316 1330/1474/315
f 1336/1123/314 1338/1542/313 1340/1542/359 1337/1765/359
f 1337/1765/360 1340/1542/360 2449/1766/315 2450/1767/317
f 1338/1542/313 1341/1120/314 1343/1768/359 1340/1542/359
f 1340/1542/360 1343/1768/360 2451/1769/316 2449/1766/315
f 1345/1119/314 1347/1552/313 1349/1552/359 1346/1770/359
f 1346/1770/360 1349/1552/360 1348/1456/315 1344/1461/317
f 1347/1558/313 1350/1116/314 1352/1771/359 1349/1552/359
f 1349/1552/360 1352/1771/360 1351/1457/316 1348/1456/315
f 1354/1565/314 1356/1564/313 1358/1564/359 1355/1772/359
f 1355/1772/360 1358/1564/360 1357/1440/315 1353/1449/317
f 1356/1564/313 1359/1112/314 1361/1773/359 1358/1564/359
f 1358/1564/360 1361/1773/360 1360/1441/316 1357/1440/315
f 2452/1774/226 2453/1775/225 1367/1381/361 1364/1776/361
f 1364/1776/362 1367/1381/362 1366/1569/246 1362/1111/247
f 2453/1777/225 2454/1778/224 1370/1779/361 1367/1381/361
f 1367/1381/362 1370/1779/362 1369/1382/247 1366/1381/246
f 1372/1578/226 1374/1577/225 1376/1367/361 1373/1780/361
f 1373/1780/362 1376/1367/362 1375/1367/246 1371/1109/247
f 1374/1581/225 1377/1580/224 1379/1781/361 1376/1367/361
f 1376/1367/362 1379/1781/362 1378/1108/247 1375/1367/246
f 1381/1588/226 1383/1587/225 1385/1349/361 1382/1782/361
f 1382/1782/362 1385/1349/362 1384/1349/246 1380/1107/247
f 1383/1587/225 1386/1591/224 1388/1783/361 1385/1349/361
f 1385/1349/362 1388/1783/362 1387/1106/247 1384/1349/246
f 1390/1597/226 1392/1596/225 1394/1334/361 1391/1784/361
f 1391/1784/362 1394/1334/362 1393/1341/246 1389/1105/247
f 1392/1600/225 1395/1599/224 1397/1785/361 1394/1334/361
f 1394/1334/362 1397/1785/362 1396/1104/247 1393/1334/246
f 1398/1028/226 1401/1024/225 1403/1102/361 1400/1786/361
f 1400/1786/362 1403/1102/362 1402/1328/246 1399/1327/247
f 1401/1024/225 1404/1023/224 1406/1787/361 1403/1102/361
f 1403/1102/362 1406/1787/362 1405/1103/247 1402/1102/246
f 1438/172/102 1440/173/101 1442/173/363 1439/1788/363
f 1439/1788/364 1442/173/364 2455/1789/82 2456/1790/81
f 1440/173/101 1444/874/102 1445/1791/363 1442/173/363
f 1442/173/364 1445/1791/364 2457/1792/90 2455/1793/82
f 1447/861/102 1449/825/101 1451/825/363 1448/1794/363
f 1448/1794/364 1451/825/364 1450/1320/82 1446/1325/81
f 1449/825/101 1453/826/102 1454/1795/363 1451/825/363
f 1451/825/364 1454/1795/364 1452/1321/90 1450/1320/82
f 1456/812/102 1458/801/101 1460/801/363 1457/1796/363
f 1457/1796/364 1460/801/364 1459/1311/82 1455/1310/81
f 1458/801/101 1462/802/102 1463/1797/363 1460/801/363
f 1460/801/364 1463/1797/364 1461/1307/90 1459/1306/82
f 1465/794/102 1467/784/101 1469/784/363 1466/1798/363
f 1466/1798/364 1469/784/364 1468/1294/82 1464/1293/81
f 1467/784/101 1471/785/102 1472/1799/363 1469/784/363
f 1469/784/364 1472/1799/364 1470/1289/90 1468/1288/82
f 1474/755/102 1476/749/101 1478/749/363 1475/1800/363
f 1475/1800/364 1478/749/364 1477/114/82 1473/113/81
f 1476/749/101 1480/750/102 1481/1801/363 1478/749/363
f 1478/749/364 1481/1801/364 1479/127/90 1477/126/82
f 2458/1802/137 2459/1803/136 1487/539/365 1484/1804/365
f 1484/1804/366 1487/539/366 1486/539/155 1483/748/156
f 2459/1805/136 2460/1806/149 1490/1807/365 1487/539/365
f 1487/539/366 1490/1807/366 1489/538/156 1486/539/155
f 1491/531/137 1494/490/136 1496/562/365 1493/1808/365
f 1493/1808/366 1496/562/366 1495/562/155 1492/555/156
f 1494/490/136 1497/489/149 1499/1809/365 1496/562/365
f 1496/562/366 1499/1809/366 1498/1090/156 1495/562/155
f 1500/478/137 1503/477/136 1505/581/365 1502/1810/365
f 1502/1810/366 1505/581/366 1504/581/155 1501/573/156
f 1503/1089/136 1506/1088/149 1508/1811/365 1505/581/365
f 1505/581/366 1508/1811/366 1507/472/156 1504/581/155
f 1509/462/137 1512/461/136 1514/619/365 1511/1812/365
f 1511/1812/366 1514/619/366 1513/620/155 1510/612/156
f 1512/1086/136 1515/1085/149 1517/1813/365 1514/619/365
f 1514/619/366 1517/1813/366 1516/456/156 1513/619/155
f 1518/450/137 1521/449/136 1523/637/365 1520/1814/365
f 1520/1814/366 1523/637/366 1522/637/155 1519/628/156
f 1521/449/136 1524/1084/149 1526/1815/365 1523/637/365
f 1523/637/366 1526/1815/366 1525/447/156 1522/637/155
f 1558/647/107 1560/318/108 1562/318/367 1559/1816/367
f 1559/1816/368 1562/318/368 2461/1817/180 2462/1818/179
f 1560/318/108 1564/319/107 1565/1819/367 1562/318/367
f 1562/318/368 1565/1819/368 2463/1820/181 2461/1821/180
f 1567/308/107 1569/299/108 1571/299/367 1568/1822/367
f 1568/1822/368 1571/299/368 1570/693/180 1566/692/179
f 1569/299/108 1573/300/107 1574/1823/367 1571/299/367
f 1571/299/368 1574/1823/368 1572/702/181 1570/701/180
f 1576/287/107 1578/277/108 1580/277/367 1577/1824/367
f 1577/1824/368 1580/277/368 1579/709/180 1575/708/179
f 1578/277/108 1582/278/107 1583/1825/367 1580/277/367
f 1580/277/368 1583/1825/368 1581/715/181 1579/709/180
f 1585/265/107 1587/235/108 1589/235/367 1586/1826/367
f 1586/1826/368 1589/235/368 1588/724/180 1584/723/179
f 1587/237/108 1591/236/107 1592/1827/367 1589/235/367
f 1589/235/368 1592/1827/368 1590/734/181 1588/733/180
f 1594/225/107 1596/215/108 1598/215/367 1595/1828/367
f 1595/1828/368 1598/215/368 1597/741/180 1593/740/179
f 1596/215/108 1600/216/107 1601/1829/367 1598/215/367
f 1598/215/368 1601/1829/368 1599/743/181 1597/741/180
f 1602/193/94 1605/192/93 1607/834/369 1604/1830/369
f 1604/1830/256 1607/834/256 1606/834/198 1603/204/197
f 1605/1079/93 1608/1078/238 1610/1831/369 1607/834/369
f 1607/834/256 1610/1831/256 1609/182/197 1606/834/198
f 1611/143/94 1614/142/93 1616/885/369 1613/1832/369
f 1613/1832/256 1616/885/256 1615/885/198 1612/875/197
f 1614/142/93 1617/1077/238 1619/1833/369 1616/885/369
f 1616/885/256 1619/1833/256 1618/133/197 1615/885/198
f 2464/1834/94 2465/1835/370 1625/905/369 1622/1836/369
f 1622/1836/256 1625/905/256 1624/905/198 1621/898/197
f 2465/1835/370 2466/1837/238 1628/1838/369 1625/905/369
f 1625/905/256 1628/1838/256 1627/1076/197 1624/905/198
f 1629/1296/94 1632/1295/93 1634/935/369 1631/1839/369
f 1631/1839/256 1634/935/256 1633/935/198 1630/936/197
f 1632/1301/93 1635/1300/238 1637/1840/369 1634/935/369
f 1634/935/256 1637/1840/256 1636/942/197 1633/935/198
f 1638/1313/94 1641/1312/93 1643/951/369 1640/1841/369
f 1640/1841/256 1643/951/256 1642/951/198 1639/952/197
f 1641/1312/93 1644/1316/238 1646/1842/369 1643/951/369
f 1643/951/256 1646/1842/256 1645/960/197 1642/951/198
f 1678/972/234 1680/1058/233 1682/1058/371 1679/1843/371
f 1679/1843/372 1682/1058/372 1681/982/218 1677/981/217
f 1680/1372/233 1684/1073/234 1685/1844/371 1682/1058/371
f 1682/1058/372 1685/1844/372 1683/996/221 1681/995/218
f 1687/1072/234 1689/1376/233 1691/1376/371 1688/1845/371
f 1688/1845/372 1691/1376/372 1690/1022/218 1686/1021/217
f 1689/1376/233 1693/1071/300 1694/1846/371 1691/1376/371
f 1691/1376/372 1694/1846/372 1692/1031/221 1690/1022/218
f 1696/1070/234 1698/1395/233 1700/1395/371 1697/1847/371
f 1697/1847/372 1700/1395/372 2467/1848/218 2468/1849/217
f 1698/1395/233 1701/1068/234 1703/1850/371 1700/1395/371
f 1700/1395/372 1703/1850/372 2469/1851/221 2467/1848/218
f 1705/1067/234 1707/1407/233 1709/1407/371 1706/1852/371
f 1706/1852/372 1709/1407/372 1708/1585/218 1704/1592/217
f 1707/1407/233 1710/1064/234 1712/1853/371 1709/1407/371
f 1709/1407/372 1712/1853/372 1711/1586/221 1708/1585/218
f 1714/1062/234 1716/1414/233 1718/1414/371 1715/1854/371
f 1715/1854/372 1718/1414/372 1717/1583/218 1713/1582/217
f 1716/1414/233 1719/1059/234 1721/1855/371 1718/1414/371
f 1718/1414/372 1721/1855/372 1720/1576/221 1717/1575/218
f 1723/757/184 1725/756/183 1727/1423/373 1724/1856/373
f 1724/1856/374 1727/1423/374 1726/1423/124 1722/790/312
f 1725/1281/183 1728/1280/281 1730/1857/373 1727/1423/373
f 1727/1423/374 1730/1857/374 1729/1053/312 1726/1423/124
f 2470/1858/184 2471/1859/183 1736/1431/373 1733/1860/373
f 1733/1860/374 1736/1431/374 1735/1431/124 1731/810/312
f 2471/1859/183 2472/1861/281 1739/1862/373 1736/1431/373
f 1736/1431/374 1739/1862/374 1738/1049/312 1735/1431/124
f 1741/818/184 1743/817/183 1745/1437/373 1742/1863/373
f 1742/1863/374 1745/1437/374 1744/1437/124 1740/835/312
f 1743/817/183 1746/1273/281 1748/1864/373 1745/1437/373
f 1745/1437/374 1748/1864/374 1747/1044/312 1744/1437/124
f 1750/867/184 1752/866/183 1754/1452/373 1751/1865/373
f 1751/1865/374 1754/1452/374 1753/1452/124 1749/886/312
f 1752/866/183 1755/1269/281 1757/1866/373 1754/1452/373
f 1754/1452/374 1757/1866/374 1756/1040/312 1753/1452/124
f 1759/893/184 1761/892/183 1763/1464/373 1760/1867/373
f 1760/1867/374 1763/1464/374 1762/1464/124 1758/906/312
f 1761/1264/183 1764/1263/281 1766/1868/373 1763/1464/373
f 1763/1464/374 1766/1868/374 1765/1469/312 1762/1464/124
f 1764/1263/281 567/1265/282 569/1869/375 1766/1868/376
f 1766/1868/377 569/1869/378 568/1870/227 1765/1469/229
f 1758/906/193 570/907/192 572/1871/379 1760/1867/380
f 1760/1867/381 572/1871/382 571/894/185 1759/893/184
f 1755/1269/281 573/1270/282 575/1872/375 1757/1866/376
f 1757/1866/377 575/1872/378 574/1039/227 1756/1040/229
f 1749/886/193 576/887/192 578/1873/379 1751/1865/380
f 1751/1865/381 578/1873/382 577/868/185 1750/867/184
f 1746/1273/281 579/1274/282 581/1874/375 1748/1864/383
f 1748/1864/377 581/1874/378 580/1043/227 1747/1044/229
f 1740/835/193 582/836/192 584/1875/379 1742/1863/380
f 1742/1863/381 584/1875/382 583/819/185 1741/818/184
f 2472/1861/281 2473/1876/282 587/1877/375 1739/1862/376
f 1739/1862/384 587/1877/378 586/1048/227 1738/1049/229
f 1731/810/193 588/811/192 590/1878/379 1733/1860/385
f 1733/1860/386 590/1878/382 2474/1879/185 2470/1858/184
f 1728/1280/281 591/1282/282 593/1880/375 1730/1857/383
f 1730/1857/384 593/1880/378 592/1052/227 1729/1053/229
f 1722/790/193 594/791/192 596/1881/379 1724/1856/380
f 1724/1856/381 596/1881/382 595/758/185 1723/757/184
f 1675/1317/220 1720/1576/221 1721/1855/387 1676/1882/388
f 1676/1882/389 1721/1855/390 1719/1059/235 1674/1060/92
f 1672/1063/103 1714/1062/216 1715/1854/391 1673/1883/392
f 1673/1883/393 1715/1854/394 1713/1582/217 1671/1314/95
f 1669/1584/220 1711/1586/221 1712/1853/387 1670/1884/388
f 1670/1884/395 1712/1853/390 1710/1064/235 1668/1065/236
f 1666/1066/103 1705/1067/216 1706/1852/391 1667/1066/396
f 1667/1066/393 1706/1852/394 1704/1592/217 1665/1297/95
f 2475/1885/220 2469/1851/221 1703/1850/387 1664/1886/388
f 1664/1886/395 1703/1850/390 1701/1068/235 1662/1069/236
f 1660/899/103 1696/1070/216 1697/1847/391 1661/1887/396
f 1661/1887/393 1697/1847/397 2468/1849/217 2476/1888/95
f 1657/1030/220 1692/1031/221 1694/1846/387 1658/132/388
f 1658/132/395 1694/1846/390 1693/1071/235 1656/132/92
f 1654/876/202 1687/1072/216 1688/1845/391 1655/1889/396
f 1655/1889/393 1688/1845/394 1686/1021/217 1653/144/95
f 1651/994/220 1683/996/221 1685/1844/387 1652/1890/388
f 1652/1890/395 1685/1844/390 1684/1073/235 1650/181/92
f 1648/205/103 1678/972/216 1679/1843/391 1649/205/396
f 1649/205/393 1679/1843/394 1677/981/217 1647/194/95
f 1644/1316/238 1675/1317/220 1676/1882/388 1646/1842/398
f 1646/1842/399 1676/1882/389 1674/1074/92 1645/960/237
f 1639/1075/104 1672/1061/103 1673/1883/392 1640/1841/400
f 1640/1841/401 1673/1883/393 1671/1314/95 1638/1313/94
f 1635/1300/238 1669/1302/220 1670/1884/388 1637/1840/398
f 1637/1840/402 1670/1884/395 1668/1065/236 1636/942/91
f 1630/936/104 1666/1066/103 1667/1066/396 1631/1839/400
f 1631/1839/401 1667/1066/393 1665/1297/95 1629/1296/94
f 2466/1837/238 2475/1885/220 1664/1886/388 1628/1838/398
f 1628/1838/402 1664/1886/395 1662/1069/236 1627/1076/91
f 1621/898/104 1660/899/103 1661/1887/396 1622/1836/400
f 1622/1836/401 1661/1887/393 2476/1888/95 2464/1834/94
f 1617/1077/238 1657/1030/220 1658/132/388 1619/1833/398
f 1619/1833/402 1658/132/395 1656/132/92 1618/133/91
f 1612/875/104 1654/876/202 1655/1889/396 1613/1832/400
f 1613/1832/401 1655/1889/393 1653/144/95 1611/143/94
f 1608/1078/238 1651/1080/220 1652/1890/388 1610/1831/398
f 1610/1831/402 1652/1890/395 1650/183/92 1609/182/91
f 1603/204/104 1648/205/103 1649/205/396 1604/1830/400
f 1604/1830/401 1649/205/393 1647/194/95 1602/193/94
f 1555/742/150 1599/743/181 1601/1829/403 1556/446/404
f 1556/446/405 1601/1829/406 1600/216/239 1554/446/135
f 1552/629/161 1594/224/173 1595/1828/407 1553/629/408
f 1553/629/409 1595/1828/410 1593/740/179 1551/739/138
f 1549/732/150 1590/734/181 1592/1827/403 1550/455/404
f 1550/455/405 1592/1827/406 1591/236/239 1548/455/139
f 1546/613/166 1585/265/173 1586/1826/407 1547/613/408
f 1547/613/409 1586/1826/410 1584/723/179 1545/463/138
f 1543/714/150 1581/715/181 1583/1825/403 1544/471/404
f 1544/471/405 1583/1825/406 1582/278/239 1542/471/139
f 1540/574/161 1576/287/173 1577/1824/407 1541/574/408
f 1541/574/409 1577/1824/410 1575/708/179 1539/479/138
f 1537/492/150 1572/702/181 1574/1823/403 1538/1081/404
f 1538/1081/405 1574/1823/406 1573/300/239 1536/1081/139
f 1534/556/161 1567/307/173 1568/1822/407 1535/556/408
f 1535/556/409 1568/1822/410 1566/692/179 1533/532/138
f 2477/1891/150 2463/1820/181 1565/1819/403 1532/1082/404
f 1532/1082/405 1565/1819/406 1564/1083/239 1530/1082/139
f 1528/646/161 1558/647/173 1559/1816/407 1529/646/408
f 1529/646/409 1559/1816/410 2462/1818/179 2478/1892/138
f 1524/1084/149 1555/742/150 1556/446/404 1526/1815/411
f 1526/1815/412 1556/446/405 1554/448/135 1525/447/134
f 1519/628/162 1552/629/161 1553/629/408 1520/1814/413
f 1520/1814/414 1553/629/409 1551/451/138 1518/450/137
f 1515/1085/149 1549/1087/150 1550/455/404 1517/1813/411
f 1517/1813/415 1550/455/405 1548/455/139 1516/456/134
f 1510/612/162 1546/613/166 1547/613/408 1511/1812/413
f 1511/1812/414 1547/613/409 1545/463/138 1509/462/137
f 1506/1088/149 1543/714/150 1544/471/404 1508/1811/411
f 1508/1811/415 1544/471/405 1542/471/139 1507/472/134
f 1501/573/162 1540/574/161 1541/574/408 1502/1810/413
f 1502/1810/414 1541/574/409 1539/479/138 1500/478/137
f 1497/489/149 1537/492/150 1538/1081/404 1499/1809/411
f 1499/1809/415 1538/1081/405 1536/1081/139 1498/1090/134
f 1492/555/162 1534/556/161 1535/556/408 1493/1808/413
f 1493/1808/414 1535/556/409 1533/532/138 1491/531/137
f 2460/1806/149 2477/1891/150 1532/1082/404 1490/1807/411
f 1490/1807/415 1532/1082/405 1530/1082/139 1489/538/134
f 1483/748/162 1528/646/161 1529/646/408 1484/1804/413
f 1484/1804/414 1529/646/409 2478/1892/138 2458/1802/137
f 1435/125/89 1479/127/90 1481/1801/416 1436/1091/417
f 1436/1091/418 1481/1801/419 1480/750/241 1434/1091/240
f 1432/1092/243 1474/755/242 1475/1800/420 1433/1893/421
f 1433/1893/422 1475/1800/423 1473/113/81 1431/112/80
f 1429/1286/89 1470/1289/90 1472/1799/416 1430/1093/417
f 1430/1093/418 1472/1799/424 1471/785/241 1428/1093/240
f 1426/1094/243 1465/794/242 1466/1798/425 1427/1094/421
f 1427/1094/422 1466/1798/423 1464/1293/81 1425/1292/285
f 1423/1304/89 1461/1307/90 1463/1797/416 1424/1095/417
f 1424/1095/418 1463/1797/424 1462/802/241 1422/1095/240
f 1420/1096/243 1456/812/242 1457/1796/425 1421/1096/421
f 1421/1096/422 1457/1796/423 1455/1310/81 1419/1309/285
f 1417/1318/89 1452/1321/90 1454/1795/416 1418/1097/417
f 1418/1097/418 1454/1795/424 1453/826/241 1416/1097/240
f 1414/1098/243 1447/861/242 1448/1794/425 1415/1098/421
f 1415/1098/422 1448/1794/423 1446/1325/81 1413/1324/285
f 2479/1894/89 2457/1792/90 1445/1791/416 1412/1099/417
f 1412/1099/418 1445/1791/424 1444/874/241 1410/1099/240
f 1408/1100/243 1438/172/242 1439/1788/425 1409/1100/421
f 1409/1100/422 1439/1788/423 2456/1790/81 2480/1895/285
f 1404/1023/224 1435/125/89 1436/1091/417 1406/1787/426
f 1406/1787/427 1436/1091/418 1434/1091/240 1405/1101/244
f 1399/1327/248 1432/1092/243 1433/1893/421 1400/1786/428
f 1400/1786/429 1433/1893/422 1431/1029/80 1398/1028/226
f 1395/1599/224 1429/1286/89 1430/1093/417 1397/1785/426
f 1397/1785/427 1430/1093/418 1428/1093/240 1396/1104/244
f 1389/1105/248 1426/1094/243 1427/1094/421 1391/1784/430
f 1391/1784/429 1427/1094/422 1425/1292/285 1390/1597/226
f 1386/1591/224 1423/1304/89 1424/1095/417 1388/1783/426
f 1388/1783/427 1424/1095/418 1422/1095/240 1387/1106/244
f 1380/1107/248 1420/1096/243 1421/1096/421 1382/1782/430
f 1382/1782/429 1421/1096/422 1419/1309/285 1381/1588/226
f 1377/1580/224 1417/1318/89 1418/1097/417 1379/1781/426
f 1379/1781/427 1418/1097/418 1416/1097/240 1378/1108/244
f 1371/1109/248 1414/1098/243 1415/1098/421 1373/1780/430
f 1373/1780/429 1415/1098/422 1413/1324/285 1372/1578/226
f 2454/1778/224 2479/1894/89 1412/1099/417 1370/1779/426
f 1370/1779/427 1412/1099/418 1410/1099/240 1369/1110/244
f 1362/1111/248 1408/1100/243 1409/1100/421 1364/1776/430
f 1364/1776/429 1409/1100/422 2480/1895/285 2452/1774/226
f 1315/1438/311 1360/1441/316 1361/1773/431 1316/1113/432
f 1316/1113/433 1361/1773/434 1359/1112/250 1314/1113/249
f 1312/1114/252 1354/1115/251 1355/1772/435 1313/1114/436
f 1313/1114/437 1355/1772/438 1353/1449/317 1311/1448/308
f 1309/1455/311 1351/1457/316 1352/1771/431 1310/1117/432
f 1310/1117/433 1352/1771/434 1350/1116/250 1308/1117/249
f 1306/1118/252 1345/1119/251 1346/1770/439 1307/1118/436
f 1307/1118/437 1346/1770/438 1344/1461/317 1305/1444/308
f 2481/1896/311 2451/1769/316 1343/1768/431 1304/1121/432
f 1304/1121/433 1343/1768/440 1341/1120/250 1302/1121/249
f 1300/1122/252 1336/1123/251 1337/1765/439 1301/1122/436
f 1301/1122/437 1337/1765/438 2450/1767/317 2482/1897/308
f 1297/1430/311 1333/1475/316 1334/1764/431 1298/1898/432
f 1298/1898/433 1334/1764/441 1332/1124/250 1296/1125/249
f 1294/1128/252 1327/1127/251 1328/1763/439 1295/1899/436
f 1295/1899/437 1328/1763/438 1326/1481/317 1293/1426/308
f 1291/1421/311 1324/1485/316 1325/1762/431 1292/1900/432
f 1292/1900/433 1325/1762/441 1323/1129/250 1290/1130/249
f 1288/1133/252 1318/1132/251 1319/1761/439 1289/1901/436
f 1289/1901/437 1319/1761/438 1317/1492/317 1287/1417/308
f 1284/1462/310 1315/1438/311 1316/1113/432 1286/1760/442
f 1286/1760/443 1316/1113/433 1314/1113/249 1285/1134/253
f 1278/1135/254 1312/1114/252 1313/1114/436 1280/1759/444
f 1280/1759/445 1313/1114/437 1311/1448/308 1279/1459/307
f 1275/1450/310 1309/1451/311 1310/1117/432 1277/1758/442
f 1277/1758/443 1310/1117/433 1308/1137/249 1276/1136/253
f 1269/1138/254 1306/1118/252 1307/1118/436 1271/1757/444
f 1271/1757/445 1307/1118/437 1305/1444/308 1270/1443/307
f 2448/1755/310 2481/1896/311 1304/1121/432 1268/1756/442
f 1268/1756/443 1304/1121/433 1302/1121/249 1267/1139/253
f 1260/1140/254 1300/1122/252 1301/1122/436 1262/1754/444
f 1262/1754/445 1301/1122/437 2482/1897/308 2446/1752/307
f 1257/1429/310 1297/1430/311 1298/1898/432 1259/1751/442
f 1259/1751/443 1298/1898/433 1296/1142/249 1258/1141/253
f 1251/1143/254 1294/1126/252 1295/1899/436 1253/1750/444
f 1253/1750/445 1295/1899/437 1293/1426/308 1252/1425/307
f 1248/1420/310 1291/1421/311 1292/1900/432 1250/1749/442
f 1250/1749/443 1292/1900/433 1290/1145/249 1249/1144/253
f 1242/1146/254 1288/1131/252 1289/1901/436 1244/1748/444
f 1244/1748/445 1289/1901/437 1287/1417/308 1243/1416/307
f 2483/1902/214 2445/1747/215 1241/1746/446 1196/1150/447
f 1196/1150/448 1241/1746/449 1239/1149/258 1194/1150/78
f 1192/1151/109 1234/1152/210 1235/1743/450 1193/1903/451
f 1193/1903/452 1235/1743/453 2444/1745/356 2484/1904/88
f 1189/1167/214 1231/1598/219 1232/1742/446 1190/103/447
f 1190/103/448 1232/1742/454 1230/1153/258 1188/103/78
f 1186/891/109 1225/1155/210 1226/1741/450 1187/891/451
f 1187/891/452 1226/1741/453 1224/1032/211 1185/123/88
f 1183/1025/214 1221/1026/219 1223/1740/446 1184/140/447
f 1184/140/448 1223/1740/449 1222/1156/258 1182/140/78
f 1180/863/109 1216/1158/210 1217/1739/450 1181/863/451
f 1181/863/452 1217/1739/453 1215/997/211 1179/179/88
f 1177/987/214 1212/988/219 1214/1738/446 1178/188/447
f 1178/188/448 1214/1738/449 1213/1159/258 1176/188/78
f 1174/816/109 1207/1161/210 1208/1737/450 1175/816/451
f 1175/816/452 1208/1737/453 1206/973/211 1173/202/88
f 1171/965/214 1203/966/215 1205/1736/446 1172/211/447
f 1172/211/448 1205/1736/449 1204/1163/258 1170/211/78
f 1168/947/109 1198/946/210 1199/1735/450 1169/947/451
f 1169/947/452 1199/1735/453 1197/953/211 1167/222/88
f 2442/1733/259 2483/1902/214 1196/1150/447 1166/1734/455
f 1166/1734/456 1196/1150/448 1194/1150/78 1165/937/77
f 1159/1164/110 1192/1151/109 1193/1903/451 1160/1732/457
f 1160/1732/458 1193/1903/452 2484/1905/88 2440/1730/87
f 1155/1165/259 1189/1167/214 1190/103/447 1157/1729/455
f 1157/1729/459 1190/103/448 1188/103/78 1156/104/77
f 1150/890/110 1186/891/109 1187/891/451 1151/1728/460
f 1151/1728/458 1187/891/452 1185/123/88 1149/122/87
f 1146/1168/259 1183/1025/214 1184/140/447 1148/1727/455
f 1148/1727/459 1184/140/448 1182/140/78 1147/141/77
f 1141/862/110 1180/863/109 1181/863/451 1142/1726/460
f 1142/1726/458 1181/863/452 1179/179/88 1140/178/87
f 1137/1169/259 1177/987/214 1178/188/447 1139/1725/455
f 1139/1725/459 1178/188/448 1176/188/78 1138/189/77
f 1132/815/110 1174/816/109 1175/816/451 1133/1724/460
f 1133/1724/458 1175/816/452 1173/202/88 1131/201/87
f 1128/1172/259 1171/965/214 1172/211/447 1130/1723/455
f 1130/1723/459 1172/211/448 1170/211/78 1129/212/77
f 1123/232/110 1168/231/109 1169/947/451 1124/1722/461
f 1124/1722/458 1169/947/452 1167/222/88 1122/221/87
f 1075/729/160 1119/731/172 1121/1721/462 1076/457/463
f 1076/457/464 1121/1721/465 1120/264/260 1074/457/141
f 1072/585/157 1114/272/168 1115/1720/466 1073/585/467
f 1073/585/468 1115/1720/469 1113/721/169 1071/720/145
f 1069/712/160 1110/713/172 1112/1719/462 1070/473/463
f 1070/473/470 1112/1719/471 1111/286/260 1068/473/141
f 1066/566/157 1105/296/168 1106/1718/466 1067/566/467
f 1067/566/468 1106/1718/469 1104/703/169 1065/487/145
f 2485/1906/160 2439/1717/172 1103/1716/462 1064/1174/463
f 1064/1174/470 1103/1716/471 1102/306/260 1062/1174/141
f 1060/544/157 1096/315/168 1097/1713/466 1061/544/472
f 1061/544/468 1097/1713/469 2438/1715/169 2486/1907/145
f 1057/551/160 1092/659/172 1094/1712/462 1058/1175/463
f 1058/1175/464 1094/1712/465 1093/326/260 1056/1175/141
f 1054/1176/157 1087/426/168 1088/1711/473 1055/1908/472
f 1055/1908/468 1088/1711/469 1086/649/169 1053/648/145
f 1051/640/160 1083/642/172 1085/1710/462 1052/1909/463
f 1052/1909/464 1085/1710/465 1084/432/260 1050/1177/141
f 1048/623/157 1078/624/168 1079/1709/466 1049/623/467
f 1049/623/468 1079/1709/469 1077/630/169 1047/580/145
f 1044/1178/159 1075/729/160 1076/457/463 1046/1708/474
f 1046/1708/475 1076/457/464 1074/457/141 1045/458/140
f 1039/584/158 1072/585/157 1073/585/467 1040/1707/476
f 1040/1707/477 1073/585/468 1071/467/145 1038/466/144
f 1035/1180/159 1069/712/160 1070/473/463 1037/1706/474
f 1037/1706/475 1070/473/470 1068/473/141 1036/474/140
f 1030/565/158 1066/566/157 1067/566/467 1031/1705/476
f 1031/1705/477 1067/566/468 1065/487/145 1029/486/144
f 2436/1703/159 2485/1906/160 1064/1174/463 1028/1704/474
f 1028/1704/475 1064/1174/470 1062/1174/141 1027/1182/140
f 1021/545/158 1060/544/157 1061/544/472 1022/1702/476
f 1022/1702/477 1061/544/468 2486/1907/145 2434/1700/144
f 1017/548/159 1057/551/160 1058/1175/463 1019/1699/474
f 1019/1699/475 1058/1175/464 1056/1175/141 1018/533/140
f 1012/496/158 1054/1176/157 1055/1908/472 1013/1698/476
f 1013/1698/477 1055/1908/468 1053/561/145 1011/560/144
f 1008/567/159 1051/570/160 1052/1909/463 1010/1697/474
f 1010/1697/475 1052/1909/464 1050/1177/141 1009/481/140
f 1003/586/158 1048/623/157 1049/623/467 1004/1696/476
f 1004/1696/477 1049/623/468 1047/580/145 1002/579/144
f 955/439/122 999/441/123 1001/1695/478 956/1184/479
f 956/1184/480 1001/1695/481 1000/618/262 954/1184/261
f 952/1185/264 994/625/263 995/1694/482 953/1185/483
f 953/1185/484 995/1694/485 993/435/119 951/434/118
f 949/427/122 990/428/123 992/1693/478 950/1910/479
f 950/1910/480 992/1693/481 991/635/262 948/1186/261
f 946/1187/264 985/643/263 986/1692/482 947/1187/483
f 947/1187/484 986/1692/485 984/329/119 945/328/118
f 943/320/122 981/322/123 983/1691/478 944/1188/479
f 944/1188/480 983/1691/481 982/654/262 942/1188/261
f 940/1190/264 976/660/263 977/1690/482 941/1190/483
f 941/1190/484 977/1690/485 975/313/119 939/312/118
f 937/301/122 972/302/123 974/1689/478 938/1191/479
f 938/1191/480 974/1689/481 973/691/262 936/1191/261
f 934/1193/264 967/698/263 968/1688/482 935/1911/483
f 935/1911/484 968/1688/485 966/294/119 933/293/118
f 2487/1912/122 2433/1686/123 965/1685/478 932/1194/479
f 932/1194/480 965/1685/481 964/707/262 930/1194/261
f 928/1195/264 958/442/263 959/1682/482 929/1195/483
f 929/1195/484 959/1682/485 2432/1684/119 2488/1913/118
f 924/782/189 955/439/122 956/1184/479 926/1681/486
f 926/1681/487 956/1184/480 954/1184/261 925/238/265
f 919/1196/266 952/1185/264 953/1185/483 920/1680/488
f 920/1680/489 953/1185/484 951/434/118 918/789/191
f 915/799/189 949/427/122 950/1910/479 917/1679/486
f 917/1679/487 950/1910/480 948/1186/261 916/217/265
f 910/1197/266 946/1187/264 947/1187/483 911/1678/488
f 911/1678/489 947/1187/484 945/328/118 909/807/191
f 906/823/189 943/320/122 944/1188/479 908/1677/486
f 908/1677/487 944/1188/480 942/1198/261 907/196/265
f 901/187/266 940/1189/264 941/1190/483 902/1676/488
f 902/1676/489 941/1190/484 939/312/118 900/831/191
f 897/870/189 937/301/122 938/1191/479 899/1675/486
f 899/1675/487 938/1191/480 936/1191/261 898/174/265
f 892/135/266 934/1192/264 935/1911/483 893/1674/488
f 893/1674/489 935/1911/484 933/882/118 891/881/191
f 2430/1672/189 2487/1912/122 932/1194/479 890/1673/486
f 890/1673/487 932/1194/480 930/1199/261 889/115/265
f 883/912/266 928/1195/264 929/1195/483 884/1670/488
f 884/1670/489 929/1195/484 2488/1913/118 2428/1668/191
f 835/1337/294 879/1340/296 881/1667/490 836/1200/491
f 836/1200/492 881/1667/493 880/1201/268 834/1200/267
f 832/1202/270 874/948/269 875/1666/494 833/1914/495
f 833/1914/496 875/1666/497 873/1343/298 831/1342/297
f 829/1354/294 870/1357/296 872/1665/490 830/1203/491
f 830/1203/492 872/1665/493 871/958/268 828/1203/267
f 826/1204/270 865/967/269 866/1664/494 827/1204/495
f 827/1204/496 866/1664/497 864/1361/298 825/1360/297
f 2489/1915/294 2427/1663/296 863/1662/490 824/1205/491
f 824/1205/492 863/1662/493 862/1206/268 822/1205/267
f 820/1208/270 856/989/269 857/1659/494 821/1208/495
f 821/1208/496 857/1659/497 2426/1661/298 2490/1916/297
f 817/1386/294 852/1389/296 854/1658/490 818/1917/491
f 818/1917/492 854/1658/493 853/1020/268 816/1209/267
f 814/1211/270 847/1027/269 848/1657/494 815/1210/495
f 815/1210/496 848/1657/497 846/1393/298 813/1392/297
f 811/1399/294 843/1402/296 845/1656/490 812/1212/491
f 812/1212/492 845/1656/493 844/1035/268 810/1212/267
f 808/1213/270 838/1214/269 839/1655/494 809/1213/495
f 809/1213/496 839/1655/497 837/1405/298 807/1404/297
f 804/1559/327 835/1337/294 836/1200/491 806/1654/498
f 806/1654/499 836/1200/492 834/1200/267 805/1215/271
f 798/1216/272 832/1202/270 833/1914/495 800/1653/500
f 800/1653/501 833/1914/496 831/1557/297 799/1556/326
f 795/1548/327 829/1354/294 830/1203/491 797/1652/498
f 797/1652/499 830/1203/492 828/1218/267 796/1217/271
f 789/1219/272 826/1204/270 827/1204/495 791/1651/500
f 791/1651/501 827/1204/496 825/1360/297 790/1546/326
f 2424/1649/327 2489/1915/294 824/1205/491 788/1650/498
f 788/1650/499 824/1205/492 822/1205/267 787/1220/271
f 780/1222/272 820/1207/270 821/1208/495 782/1647/500
f 782/1647/501 821/1208/496 2490/1916/297 2422/1645/326
f 777/1526/327 817/1386/294 818/1917/491 779/1644/498
f 779/1644/499 818/1917/492 816/1224/267 778/1223/271
f 771/1225/272 814/1210/270 815/1210/495 773/1643/500
f 773/1643/501 815/1210/496 813/1519/297 772/1518/326
f 768/1510/327 811/1399/294 812/1212/491 770/1642/498
f 770/1642/499 812/1212/492 810/1212/267 769/1226/271
f 762/1227/272 808/1213/270 809/1213/495 764/1641/500
f 764/1641/501 809/1213/496 807/1404/297 763/1506/326
f 2491/1918/293 2421/1640/329 761/1639/502 716/1229/503
f 716/1229/504 761/1639/505 759/1228/274 714/1229/273
f 712/1232/276 754/1231/275 755/1636/506 713/1919/507
f 713/1919/508 755/1636/509 2420/1638/330 2492/1920/291
f 709/1528/293 751/1530/329 752/1635/502 710/1234/503
f 710/1234/510 752/1635/505 750/1233/274 708/1234/277
f 706/1235/276 745/1236/275 746/1634/506 707/1235/507
f 707/1235/508 746/1634/509 744/1532/330 705/1379/291
f 703/1370/293 742/1541/329 743/1633/502 704/1238/503
f 704/1238/510 743/1633/511 741/1237/278 702/1238/273
f 700/1241/276 736/1240/275 737/1632/506 701/1921/507
f 701/1921/508 737/1632/509 735/1543/330 699/1365/291
f 697/1353/293 733/1551/329 734/1631/502 698/1243/503
f 698/1243/510 734/1631/505 732/1242/274 696/1243/277
f 694/1244/276 727/1245/275 728/1630/506 695/1244/507
f 695/1244/508 728/1630/509 726/1554/330 693/1553/291
f 691/1561/293 724/1563/329 725/1629/502 692/1922/503
f 692/1922/510 725/1629/505 723/1246/274 690/1247/277
f 688/1248/276 718/1249/275 719/1628/506 689/1248/507
f 689/1248/508 719/1628/509 717/1566/330 687/1332/291
f 2418/1626/292 2491/1923/293 716/1229/503 686/1627/512
f 686/1627/513 716/1229/504 714/1251/273 685/1250/279
f 678/1252/280 712/1230/276 713/1919/507 680/1624/514
f 680/1624/515 713/1919/508 2492/1924/291 2416/1622/290
f 675/1384/292 709/1385/293 710/1234/503 677/1621/516
f 677/1621/513 710/1234/510 708/1234/277 676/1253/279
f 669/1254/280 706/1235/276 707/1235/507 671/1620/514
f 671/1620/515 707/1235/508 705/1379/291 670/1378/290
f 666/1369/292 703/1370/293 704/1238/503 668/1619/512
f 668/1619/513 704/1238/510 702/1256/273 667/1255/279
f 660/1257/280 700/1239/276 701/1921/507 662/1618/514
f 662/1618/515 701/1921/508 699/1365/291 661/1364/290
f 657/1351/292 697/1353/293 698/1243/503 659/1617/516
f 659/1617/513 698/1243/510 696/1243/277 658/1258/279
f 651/1259/280 694/1244/276 695/1244/507 653/1616/514
f 653/1616/515 695/1244/508 693/1347/291 652/1346/290
f 648/1335/292 691/1336/293 692/1922/503 650/1615/516
f 650/1615/513 692/1922/510 690/1261/277 649/1260/279
f 642/1262/280 688/1248/276 689/1248/507 644/1614/514
f 644/1614/515 689/1248/508 687/1332/291 643/1331/290
f 567/1476/282 639/1479/323 641/1613/517 569/1925/375
f 569/1925/378 641/1613/518 640/1037/228 568/1038/227
f 570/1268/192 634/1267/283 635/1612/519 572/1926/379
f 572/1926/382 635/1612/520 633/1483/324 571/1482/185
f 573/1486/282 630/1489/323 632/1611/517 575/1927/375
f 575/1927/378 632/1611/521 631/1041/228 574/1042/227
f 576/1271/192 625/1272/283 626/1610/519 578/1928/379
f 578/1928/382 626/1610/520 624/1495/324 577/1494/185
f 579/1498/282 621/1501/323 623/1609/517 581/1929/375
f 581/1929/378 623/1609/518 622/1047/228 580/1046/227
f 582/1275/192 616/1276/283 617/1608/519 584/1930/379
f 584/1930/382 617/1608/520 615/1504/324 583/1503/185
f 2473/1931/282 2415/1607/323 614/1606/517 587/1932/375
f 587/1932/378 614/1606/518 613/1050/228 586/1051/227
f 588/1278/192 607/1279/283 608/1603/519 590/1933/379
f 590/1933/382 608/1603/520 2414/1605/324 2474/1934/185
f 591/1521/282 603/1524/323 605/1602/517 593/1935/375
f 593/1935/378 605/1602/518 604/1054/228 592/1055/227
f 594/1283/192 598/1056/283 599/1601/519 596/1936/379
f 596/1936/382 599/1601/520 597/1534/324 595/1533/185
f 65/1870/71 2268/1469/71 1765/1469/229 568/1870/227
f 4/1945/530 2/1946/531 5283/1947/531 566/1948/532
f 2/1946/531 2266/1949/533 534/1950/534 5283/1947/531
f 2213/1958/541 2206/1959/542 543/1960/543 542/1961/541
f 2261/1968/550 32/1969/551 551/1970/552 550/1971/550
f 2212/1972/553 2213/1958/541 542/1961/541 541/1973/554
f 2254/1979/559 2255/1980/560 559/1981/561 558/1982/559
f 2260/1983/562 2261/1968/550 550/1971/550 549/1984/563
f 20/1989/566 2254/1979/559 558/1982/559 557/1990/567
f 2910/1995/37 2907/1996/37 1938/1996/37 1941/1995/37
f 2927/1997/37 2914/1998/37 1906/1998/37 1903/1997/37
f 2918/1999/37 2915/2000/37 1956/2000/37 1945/1999/37
f 2922/2001/37 2919/2002/37 1934/2003/37 1935/2001/37
f 2929/2004/37 2940/2005/37 1892/2005/37 1889/2004/37
f 2932/2009/37 2929/2004/37 1889/2004/37 1925/2009/37
f 2936/2010/37 2933/2011/37 1954/2011/37 1888/2010/37
f 2940/2005/37 2937/2012/37 1940/2012/37 1892/2005/37
f 1917/2016/71 1916/2017/71 2351/2018/71 2352/2019/71
f 2948/2020/37 2945/2021/37 1911/2021/37 1902/2020/37
f 2962/2024/37 2954/2025/37 1929/2025/37 1914/2024/37
f 2978/2002/71 3011/2001/71 1936/2001/71 1933/2003/71
f 3029/1998/71 2984/1997/71 1904/1997/71 1905/1998/71
f 3011/2001/71 3014/1996/71 1937/1996/71 1936/2001/71
f 1782/2034/55 1920/2035/55 2346/2036/583 2333/2037/584
f 1767/2040/37 1793/2041/37 2335/2042/37 2336/2043/37
f 2957/2048/37 2959/2049/37 1928/2049/37 1932/2048/37
f 2965/2050/37 2944/2051/37 1910/2051/37 1907/2050/37
f 2974/2000/71 2975/2052/71 1946/2052/71 1955/2000/71
f 3010/2050/71 3016/2053/71 1898/2053/71 1908/2050/71
f 2326/2060/592 1768/2061/592 1800/2062/593 1799/2063/592
f 2324/2064/594 1797/2065/594 1829/2066/594 1820/2067/594
f 1769/2072/599 1770/2073/599 1802/2074/599 1801/2075/599
f 1792/2080/604 2325/2081/604 1825/2082/604 1824/2083/604
f 2328/2084/605 2329/2085/605 1804/2086/605 1803/2087/605
f 2330/2094/614 1774/2095/614 1806/2096/614 1805/2097/614
f 1787/2098/615 1798/2099/615 1830/2100/615 1819/2101/615
f 1775/2106/620 2331/2107/620 1808/2108/620 1807/2109/620
f 1791/2114/624 2327/2115/624 1826/2116/624 1823/2117/624
f 2332/2118/625 1778/2119/625 1810/2120/625 1809/2121/625
f 1779/2126/629 1780/2127/629 1812/2128/629 1811/2129/629
f 1781/2134/634 2323/2135/634 1814/2136/634 1813/2137/634
f 1790/2138/635 1795/2139/635 1827/2140/635 1822/2141/635
f 1783/2142/636 1784/2143/636 1816/2144/636 1815/2145/636
f 1785/2150/641 1786/2151/641 1818/2152/641 1817/2153/641
f 1789/2162/649 1796/2163/649 1828/2164/650 1821/2165/650
f 1854/2182/37 1853/2183/37 3205/2183/37 3208/2182/37
f 1866/2276/37 1865/2277/37 3219/2277/37 4036/2276/37
f 1865/2277/37 1864/2282/37 3218/2282/37 3219/2283/37
f 1879/2286/37 1874/2287/37 3234/2287/37 3240/2286/37
f 1862/2294/37 1861/2295/37 4053/2295/37 3214/2294/37
f 1878/2300/37 1875/2301/37 3236/2301/37 4044/2300/37
f 1876/2324/37 1882/2325/37 3246/2325/37 3237/2324/37
f 1852/2334/37 1851/2335/37 4041/2335/37 3204/2334/37
f 1881/2350/37 1872/2351/37 4038/2351/37 3244/2350/37
f 1858/2358/37 1857/2359/37 4049/2359/37 3210/2358/37
f 1838/2360/83 1848/2361/83 2384/2362/83 2374/2363/671
f 1840/2368/71 1832/2369/71 2378/2370/71 2377/2371/71
f 1846/2389/37 1845/2390/37 2391/2391/37 2392/2392/37
f 1845/2399/124 1835/2400/124 2381/2401/672 2391/2402/124
f 1853/2183/37 1852/2334/37 3204/2334/37 3205/2183/37
f 1839/2432/71 1831/2433/71 2376/2434/71 2375/2435/71
f 1875/2301/37 1854/2182/37 3208/2182/37 3236/2301/37
f 1869/2455/37 1868/2456/37 3224/2456/37 3225/2457/37
f 1857/2359/37 1856/2458/37 4048/2458/37 4049/2359/37
f 1870/2461/37 1869/2455/37 3225/2455/37 3228/2461/37
f 1874/2287/37 1858/2358/37 3210/2358/37 3234/2287/37
f 1880/2464/37 1873/2465/37 3232/2466/37 3242/2464/37
f 1859/2467/37 1879/2286/37 3240/2286/37 3211/2467/37
f 1877/2470/37 1876/2324/37 3237/2324/37 4040/2471/37
f 1873/2465/37 1862/2294/37 3214/2294/37 3232/2465/37
f 1863/2476/37 1880/2464/37 3242/2464/37 3215/2477/37
f 1868/2456/37 1867/2478/37 3221/2478/37 3224/2456/37
f 1867/2478/37 1881/2350/37 3244/2350/37 3221/2478/37
f 1871/2481/37 1870/2461/37 3228/2461/37 3230/2481/37
f 1882/2325/37 1871/2481/37 3230/2481/37 3246/2325/37
f 1851/2335/37 1877/2470/37 4040/2484/37 4041/2335/37
f 1864/2282/37 1863/2476/37 3215/2476/37 3218/2282/37
f 1860/2487/37 1859/2467/37 3211/2467/37 4052/2487/37
f 3377/2805/37 3376/2806/37 3439/2807/37 3442/2808/37
f 3385/2811/37 3384/2812/37 3447/2813/37 3450/2814/37
f 3393/2817/37 3392/2818/37 3455/2819/37 3458/2820/37
f 3401/2825/37 3400/2826/37 3463/2827/37 3466/2828/37
f 3405/2829/37 3404/2830/37 3467/2831/37 3470/2832/37
f 3409/2833/37 3408/2834/37 3471/2835/37 3474/2836/37
f 3427/2839/37 3426/2840/37 3489/2841/37 3492/2842/37
f 3431/2847/37 3421/2848/37 3486/2849/37 3496/2850/37
f 3408/2851/37 3435/2852/37 3500/2853/37 3471/2854/37
f 3413/2855/37 3412/2856/37 3475/2857/37 3478/2858/37
f 3396/2859/37 3393/2860/37 3458/2820/37 3459/2861/37
f 3415/2862/37 3413/2863/37 3478/2864/37 3480/2865/37
f 3433/2866/37 3419/2867/37 3484/2868/37 3498/2869/37
f 3417/2870/37 3405/2871/37 3470/2832/37 3482/2872/37
f 3419/2867/37 3397/2875/37 3462/2876/37 3484/2877/37
f 3404/2830/37 3401/2878/37 3466/2828/37 3467/2879/37
f 3421/2848/37 3389/2880/37 3454/2881/37 3486/2849/37
f 3376/2882/37 3427/2839/37 3492/2842/37 3439/2883/37
f 3435/2884/37 3417/2870/37 3482/2872/37 3500/2885/37
f 3423/2886/37 3381/2887/37 3446/2888/37 3488/2889/37
f 3381/2890/37 3380/2891/37 3443/2892/37 3446/2893/37
f 3426/2840/37 3437/2896/37 3502/2897/37 3489/2841/37
f 3384/2812/37 3429/2898/37 3494/2899/37 3447/2813/37
f 3412/2856/37 3409/2833/37 3474/2836/37 3475/2857/37
f 3389/2880/37 3388/2902/37 3451/2903/37 3454/2881/37
f 3437/2896/37 3415/2862/37 3480/2865/37 3502/2897/37
f 3380/2904/37 3377/2905/37 3442/2906/37 3443/2907/37
f 3392/2908/37 3431/2909/37 3496/2910/37 3455/2819/37
f 3429/2898/37 3423/2886/37 3488/2943/37 3494/2899/37
f 3397/2875/37 3396/2859/37 3459/2861/37 3462/2876/37
f 3400/2826/37 3433/2866/37 3498/2944/37 3463/2827/37
f 3388/2902/37 3385/2811/37 3450/2814/37 3451/2945/37
f 2999/2025/71 3005/2024/71 1913/2024/71 1930/2025/71
f 2998/3160/71 2999/2025/71 1930/2025/71 1943/3160/71
f 2991/2005/71 2986/2004/71 1890/2004/71 1891/2005/71
f 2945/2021/37 2962/2024/37 1914/2024/37 1911/2021/37
f 3005/2024/71 3020/2021/71 1912/2021/71 1913/2024/71
f 2986/2004/71 2987/2009/71 1926/2009/71 1890/2004/71
f 2933/2011/37 2941/3161/37 1899/3161/37 1954/2011/37
f 3026/2011/71 2989/2010/71 1887/2010/71 1953/2011/71
f 2915/2000/37 2927/3162/37 1903/3162/37 1956/2000/37
f 2989/2010/71 3007/3163/71 1895/3163/71 1887/2010/71
f 3004/2049/71 3002/2048/71 1931/2048/71 1927/2049/71
f 1913/2024/47 1912/2021/590 1911/2021/590 1914/2024/47
f 2981/3164/71 3028/3165/71 1884/3165/71 1885/3164/71
f 2911/3165/37 2926/3164/37 1886/3164/37 1883/3165/37
f 3014/1996/71 2971/1995/71 1942/1995/71 1937/3169/71
f 3002/2048/71 2978/2002/71 1933/2003/71 1931/2048/71
f 2955/2053/37 2965/2050/37 1907/2050/37 1897/2053/37
f 2907/1996/37 2922/2001/37 1935/2001/37 1938/1996/37
f 1919/3170/71 1921/3171/71 2349/2019/71 2350/2018/71
f 2971/1995/71 2998/3160/71 1943/3160/71 1942/1995/71
f 2937/2012/37 2955/2053/37 1897/2053/37 1940/2012/37
f 2993/2051/71 3010/2050/71 1908/2050/71 1909/2051/71
f 2987/2009/71 3004/2049/71 1927/2049/71 1926/2009/71
f 2919/2002/37 2957/2048/37 1932/2048/37 1934/2003/37
f 3007/3163/71 2980/3177/71 1894/3177/71 1895/3163/71
f 2975/1999/71 2996/3178/71 1947/3178/71 1946/1999/71
f 1921/3179/55 1771/3180/55 2338/3181/584 2349/3182/675
f 2996/3178/71 2968/1471/71 1949/1471/71 1947/3178/71
f 2954/2025/37 2951/3160/37 1944/3160/37 1929/2025/37
f 2951/3160/37 2910/1995/37 1941/1995/37 1944/3160/37
f 2984/3162/71 2974/2000/71 1955/2000/71 1904/3162/71
f 2969/3199/71 2993/2051/71 1909/2051/71 1952/1472/71
f 2949/3178/37 2918/1999/37 1945/1999/37 1948/3178/37
f 2923/3177/37 2964/3163/37 1896/3163/37 1893/3177/37
f 2914/1998/37 2911/3165/37 1883/3165/37 1906/1998/37
f 2968/1471/71 2969/1470/71 1952/1470/71 1949/1471/71
f 1909/2051/14 1908/2050/321 1907/2050/321 1910/2051/14
f 1905/1998/591 1904/1997/1 1903/1997/1 1906/1998/591
f 1901/2020/331 1900/3161/174 1899/3161/174 1902/2020/331
f 1908/2050/321 1898/2053/578 1897/2053/578 1907/2050/321
f 1895/3163/588 1894/3177/589 1893/3177/589 1896/3163/588
f 1891/2005/586 1890/2004/587 1889/2004/587 1892/2005/586
f 1887/2010/60 1895/3163/588 1896/3163/588 1888/2010/60
f 1885/3164/66 1884/3165/585 1883/3165/585 1886/3164/66
f 1926/2009/28 1927/2049/670 1928/2049/670 1925/2009/28
f 1930/2025/667 1913/2024/47 1914/2024/47 1929/2025/667
f 1927/2049/670 1931/2048/582 1932/2048/582 1928/2049/670
f 1931/2048/582 1933/2003/34 1934/2003/34 1932/2048/582
f 1936/2001/580 1937/1996/581 1938/1996/581 1935/2001/580
f 1898/2053/578 1939/2012/22 1940/2012/22 1897/2053/578
f 1942/1995/41 1943/3160/668 1944/3160/668 1941/1995/41
f 1946/1999/669 1947/3178/8 1948/3178/8 1945/1999/669
f 1943/3160/668 1930/2025/667 1929/2025/667 1944/3160/668
f 1947/3178/8 1949/1471/576 1950/1471/576 1948/3178/8
f 1912/2021/590 1901/2020/331 1902/2020/331 1911/2021/590
f 1952/1472/666 1909/2051/14 1910/2051/14 1951/1470/666
f 1900/3161/174 1953/2011/575 1954/2011/575 1899/3161/174
f 1939/2012/22 1891/2005/586 1892/2005/586 1940/2012/22
f 1953/2011/575 1887/2010/60 1888/2010/60 1954/2011/575
f 1890/2004/587 1926/2009/28 1925/2009/28 1889/2004/587
f 1904/3162/1 1955/2000/573 1956/2000/573 1903/3162/1
f 1894/3177/589 1885/3164/66 1886/3164/66 1893/3177/589
f 1933/2003/34 1936/2001/580 1935/2001/580 1934/2003/34
f 1955/2000/573 1946/2052/669 1945/1999/669 1956/2000/573
f 1884/3165/585 1905/1998/591 1906/1998/591 1883/3165/585
f 1937/3169/581 1942/1995/41 1941/1995/41 1938/1996/581
f 1949/1471/576 1952/1470/666 1951/1472/666 1950/1471/576
f 2944/3225/37 2906/1470/37 1951/1470/37 1910/2051/37
f 2980/3177/71 2981/3164/71 1885/3164/71 1894/3177/71
f 2926/3164/37 2923/3177/37 1893/3177/37 1886/3164/37
f 2941/3161/37 2948/2020/37 1902/2020/37 1899/3161/37
f 3018/2012/71 2991/2005/71 1891/2005/71 1939/2012/71
f 2964/3163/37 2936/2010/37 1888/2010/37 1896/3163/37
f 2959/2049/37 2932/2009/37 1925/2009/37 1928/2049/37
f 1966/3243/37 1967/3244/37 4185/3244/676 4180/3245/677
f 5387/3246/164 5401/3247/165 5402/3247/678 5403/3246/679
f 2210/3248/680 2211/3249/680 4080/3250/680 4079/3251/680
f 5/3252/681 7/3253/681 4058/3254/681 4057/3255/681
f 5391/3256/182 5390/3257/178 5410/3257/682 5411/3256/683
f 41/3258/684 43/3259/684 4076/3260/684 4075/3261/684
f 5379/3262/98 5414/3263/99 5415/3263/685 5416/3262/686
f 5376/3264/201 5394/3265/196 5417/3265/687 5377/3264/688
f 2258/3266/689 2259/3267/689 4072/3268/689 4071/3269/689
f 5405/3270/121 5382/3271/113 5420/3271/690 5406/3270/691
f 5397/3272/206 5396/3273/204 5421/3273/692 5408/3272/693
f 25/3274/694 27/3275/694 4068/3276/694 4067/3277/694
f 5383/3278/130 5423/3279/131 5424/3279/695 5412/3278/696
f 2264/3280/697 2265/3281/697 4086/3282/697 4085/3283/697
f 2253/3284/698 19/3285/698 4064/3286/698 4063/3287/698
f 5418/3288/163 5386/3289/154 5428/3289/699 5419/3288/700
f 53/3290/701 55/3291/701 4082/3292/701 4081/3293/701
f 9/3294/702 11/3295/702 4060/3296/702 4059/3297/702
f 5389/3298/176 5388/3299/171 5431/3299/703 5422/3298/704
f 2204/3300/705 2205/3301/705 4078/3302/705 4077/3303/705
f 1/3304/706 3/3305/706 4056/3306/706 4055/3307/706
f 5425/3308/75 5400/3309/76 5435/3309/707 5426/3308/708
f 5393/3243/188 5392/3244/186 5436/3244/709 5427/3243/710
f 37/3310/711 39/3311/711 4074/3312/711 4073/3313/711
f 5381/3314/111 5380/3315/105 5438/3315/712 5429/3314/713
f 5395/3316/203 5375/3317/200 5378/3317/714 5430/3316/715
f 29/3318/716 31/3319/716 4070/3320/716 4069/3321/716
f 5432/3322/125 5404/3323/126 5407/3323/717 5433/3322/718
f 5399/3324/222 5398/3325/213 5409/3325/719 5434/3324/720
f 21/3326/721 23/3327/721 4066/3328/721 4065/3329/721
f 5385/3330/152 5384/3331/142 5413/3331/722 5437/3330/723
f 57/3332/724 59/3333/724 4084/3334/724 4083/3335/724
f 4204/3298/725 4210/3299/726 4212/3340/727 4206/3298/728
f 1965/3265/37 1966/3243/37 4180/3341/677 4173/3342/729
f 4197/3343/730 4203/3344/731 4396/3345/732 4390/3346/733
f 1964/3264/37 1965/3265/37 4173/3347/729 4167/3264/734
f 4192/3256/735 4198/3257/736 4201/3257/737 4194/3256/738
f 1957/3348/37 1958/3324/37 4125/3349/739 4123/3350/740
f 1963/3317/37 1964/3264/37 4167/3264/734 4161/3317/741
f 4186/3244/742 4192/3256/735 4194/3256/738 4188/3244/743
f 4131/3308/744 4308/3263/745 4306/3263/746 4135/3308/747
f 4158/3351/748 4153/3352/749 4344/3353/750 4351/3354/751
f 4179/3243/752 4186/3244/742 4188/3244/743 4182/3355/753
f 1961/3273/37 1962/3316/674 4156/3360/758 4149/3361/759
f 4173/3362/729 4180/3363/677 4371/3364/760 4366/3365/761
f 4302/3366/762 4297/3367/763 4488/3368/764 4495/3369/765
f 1960/3272/37 1961/3273/37 4149/3374/759 4143/3272/766
f 4168/3264/767 4174/3265/768 4177/3265/769 4170/3264/770
f 4293/3367/771 4300/3375/772 4491/3369/773 4486/3368/774
f 2773/3308/71 2771/3263/775 4309/3263/776 4132/3308/777
f 4162/3317/297 4168/3264/767 4170/3264/770 4164/3317/294
f 1984/3314/37 1985/3315/37 4293/3376/771 4287/3314/778
f 4119/3309/779 4131/3308/744 4135/3308/747 4122/3309/780
f 4155/3316/781 4162/3317/297 4164/3317/294 4159/3316/782
f 1983/3271/37 1984/3314/37 4287/3314/778 4281/3271/783
f 4149/3352/759 4156/3381/758 4347/3382/788 4342/3353/789
f 4278/3383/790 4273/3384/791 4464/3385/792 4471/3386/793
f 1959/3387/37 1960/3272/37 4143/3272/766 4137/3387/794
f 4152/3273/795 4146/3272/293 4144/3272/291 4150/3273/796
f 2689/3440/71 2687/3441/71 2752/3442/71 2754/3443/71
f 4308/3263/745 4303/3262/801 4299/3262/802 4306/3263/746
f 2649/3466/71 2648/3467/71 2711/3468/71 2714/3469/71
f 2663/3474/71 2661/3475/71 2726/3476/71 2728/3477/71
f 2691/3478/71 2689/3440/71 2754/3443/71 2756/3479/71
f 2665/3480/71 2663/3474/71 2728/3481/71 2730/3482/71
f 2693/3483/71 2691/3478/71 2756/3479/71 2758/3484/71
f 2667/3485/71 2665/3480/71 2730/3482/71 2732/3486/71
f 2695/3487/71 2693/3483/71 2758/3488/71 2760/3489/71
f 2669/3490/71 2667/3491/71 2732/3492/71 2734/3493/71
f 2697/3494/71 2695/3487/71 2760/3489/71 2762/3495/71
f 2671/3496/71 2669/3490/71 2734/3497/71 2736/3498/71
f 2699/3499/71 2697/3500/71 2762/3495/71 2764/3501/71
f 2673/3502/71 2671/3503/71 2736/3504/71 2738/3505/71
f 2701/3506/71 2699/3499/71 2764/3501/71 2766/3507/71
f 2675/3508/71 2673/3509/71 2738/3505/71 2740/3510/71
f 2648/3467/71 2709/3511/71 2774/3512/71 2711/3513/71
f 2703/3514/71 2701/3515/71 2766/3516/71 2768/3517/71
f 2677/3518/71 2675/3508/71 2740/3510/71 2742/3519/71
f 2651/3520/71 2649/3466/71 2714/3521/71 2716/3522/71
f 2705/3523/71 2703/3524/71 2768/3525/71 2770/3526/71
f 2679/3527/71 2677/3518/71 2742/3519/71 2744/3528/71
f 2653/3529/71 2651/3530/71 2716/3531/71 2718/3532/71
f 2707/3533/71 2705/3534/71 2770/3535/71 2772/3536/71
f 2681/3537/71 2679/3527/71 2744/3538/71 2746/3539/71
f 2655/3540/71 2653/3529/71 2718/3541/71 2720/3542/71
f 2709/3511/71 2707/3543/71 2772/3544/71 2774/3512/71
f 2683/3545/71 2681/3546/71 2746/3547/71 2748/3548/71
f 2657/3549/71 2655/3550/71 2720/3551/71 2722/3552/71
f 2685/3553/71 2683/3554/71 2748/3548/71 2750/3555/71
f 2659/3556/71 2657/3557/71 2722/3552/71 2724/3558/71
f 2687/3559/71 2685/3553/71 2750/3560/71 2752/3561/71
f 2661/3562/71 2659/3563/71 2724/3558/71 2726/3476/71
f 2025/3702/807 2026/3703/808 2588/3703/809 2587/3702/810
f 2051/3704/811 2052/3705/812 2614/3705/813 2613/3704/814
f 2024/3708/817 2025/3702/807 2587/3702/810 2586/3708/818
f 2050/3709/819 2051/3704/811 2613/3704/814 2612/3709/820
f 2023/3712/823 2024/3708/817 2586/3708/818 2585/3712/824
f 2049/3713/825 2050/3709/819 2612/3709/820 2611/3713/826
f 2022/3718/828 2023/3712/823 2585/3712/824 2584/3718/829
f 2048/3719/830 2049/3713/825 2611/3713/826 2610/3719/831
f 2021/3722/834 2022/3718/828 2584/3718/829 2583/3722/834
f 2047/3723/835 2048/3719/830 2610/3719/831 2609/3723/836
f 2046/3726/839 2047/3723/835 2609/3723/836 2608/3726/840
f 2045/3731/843 2046/3726/839 2608/3726/840 2607/3731/843
f 2044/3734/846 2045/3731/843 2607/3731/843 2606/3734/847
f 2043/3737/850 2044/3734/846 2606/3734/847 2605/3737/851
f 2042/3740/854 2043/3737/850 2605/3737/851 2604/3740/855
f 2041/3743/858 2042/3740/854 2604/3740/855 2603/3743/859
f 2040/3748/861 2041/3743/858 2603/3743/859 2602/3748/862
f 2039/3751/865 2040/3748/861 2602/3748/862 2601/3751/866
f 2056/3844/127 2055/3845/127 2180/3846/127 2174/3844/127
f 2071/3847/128 2072/3848/128 2170/3849/128 2176/3850/128
f 2055/3845/127 2054/3851/127 2186/3852/127 2180/3853/127
f 2054/3851/127 2053/3862/127 2192/3863/127 2186/3864/127
f 2065/3871/127 2064/3872/127 2126/3872/127 2120/3873/127
f 2080/3876/128 2081/3877/128 2116/3877/128 2122/3878/128
f 2081/3877/128 2082/3879/128 2201/3879/128 2116/3880/128
f 2053/3862/255 2054/3851/255 2084/3915/255 2083/3916/255
f 2054/3851/255 2055/3845/255 2085/3917/255 2084/3915/255
f 2055/3845/255 2056/3844/255 2086/3918/255 2085/3917/255
f 2056/3844/255 2057/3919/255 2087/3920/255 2086/3918/255
f 2057/3919/255 2058/3921/255 2088/3922/255 2087/3920/255
f 2058/3921/255 2059/3923/255 2089/3924/255 2088/3922/255
f 2059/3923/255 2060/3925/255 2090/3926/255 2089/3924/255
f 2060/3925/255 2061/3927/255 2091/3928/255 2090/3926/255
f 2061/3927/255 2062/3929/255 2092/3930/255 2091/3928/255
f 2062/3929/255 2063/3931/255 2093/3932/255 2092/3930/255
f 2063/3931/255 2064/3872/255 2094/3933/255 2093/3932/255
f 2064/3872/255 2065/3871/255 2095/3934/255 2094/3933/255
f 2065/3871/255 2066/3935/255 2096/3936/255 2095/3934/255
f 2066/3935/255 2067/3937/255 2097/3938/255 2096/3936/255
f 2069/3939/255 2068/3940/255 2098/3941/255 2099/3942/255
f 2070/3943/255 2069/3939/255 2099/3942/255 2100/3944/255
f 2071/3847/255 2070/3943/255 2100/3944/255 2101/3945/255
f 2072/3848/255 2071/3847/255 2101/3945/255 2102/3946/255
f 2073/3947/255 2072/3848/255 2102/3946/255 2103/3948/255
f 2074/3949/255 2073/3947/255 2103/3948/255 2104/3950/255
f 2075/3951/255 2074/3949/255 2104/3950/255 2105/3952/255
f 2076/3953/255 2075/3951/255 2105/3952/255 2106/3954/255
f 2077/3955/255 2076/3953/255 2106/3954/255 2107/3956/255
f 2078/3957/255 2077/3955/255 2107/3956/255 2108/3958/255
f 2079/3959/255 2078/3957/255 2108/3958/255 2109/3960/255
f 2080/3876/255 2079/3959/255 2109/3960/255 2110/3961/255
f 2081/3877/255 2080/3876/255 2110/3961/255 2111/3962/255
f 2082/3879/255 2081/3877/255 2111/3962/255 2112/3963/255
f 2067/3937/255 2082/3879/255 2112/3963/255 2097/3938/255
f 2068/3940/255 2053/3862/255 2083/3916/255 2098/3941/255
f 2067/3937/127 2066/3935/127 2114/3966/127 2195/3967/127
f 2079/3959/128 2080/3876/128 2122/3968/128 2128/3969/128
f 2064/3872/127 2063/3931/127 2132/3970/127 2126/3971/127
f 2063/3931/127 2062/3929/127 2138/3972/127 2132/3973/127
f 2062/3929/127 2061/3927/127 2144/3974/127 2138/3972/127
f 2061/3927/127 2060/3925/127 2150/3975/127 2144/3976/127
f 2060/3925/127 2059/3923/127 2156/3977/127 2150/3978/127
f 2059/3923/127 2058/3921/127 2162/3979/127 2156/3980/127
f 2058/3921/127 2057/3919/127 2168/3981/127 2162/3982/127
f 2057/3919/127 2056/3844/127 2174/3983/127 2168/3984/127
f 2070/3943/128 2071/3847/128 2176/3850/128 2182/3985/128
f 2069/3939/128 2070/3943/128 2182/3985/128 2188/3986/128
f 2068/3940/128 2069/3939/128 2188/3987/128 2198/3988/128
f 2072/3848/128 2073/3947/128 2164/3989/128 2170/3849/128
f 2073/3947/128 2074/3949/128 2158/3992/128 2164/3993/128
f 2074/3949/128 2075/3951/128 2152/3996/128 2158/3997/128
f 2075/3951/128 2076/3953/128 2146/4000/128 2152/4001/128
f 2076/3953/128 2077/3955/128 2140/4004/128 2146/4005/128
f 2077/3955/128 2078/3957/128 2134/4008/128 2140/3955/128
f 2078/3957/128 2079/3959/128 2128/3969/128 2134/4011/128
f 2191/4016/871 2185/4017/869 2187/3851/875 2193/4018/875
f 2185/4017/869 2179/4023/869 2181/3845/875 2187/3851/875
f 2187/3851/132 2181/3845/132 2180/3853/132 2186/3852/132
f 2179/4023/869 2173/4024/869 2175/3844/875 2181/3845/875
f 2181/3845/132 2175/3844/132 2174/3844/132 2180/3846/132
f 2173/4024/869 2167/4025/869 2169/3919/875 2175/3844/875
f 2175/3844/132 2169/3919/132 2168/3984/132 2174/3983/132
f 2167/4026/869 2161/4027/869 2163/3921/875 2169/3919/875
f 2169/3919/132 2163/3921/132 2162/3982/132 2168/3981/132
f 2161/4027/869 2155/4028/869 2157/3923/875 2163/3921/875
f 2163/3921/132 2157/3923/132 2156/3980/132 2162/3979/132
f 2155/4028/869 2149/4029/869 2151/3925/875 2157/3923/875
f 2157/3923/132 2151/3925/132 2150/3978/132 2156/3977/132
f 2149/4029/869 2143/4030/869 2145/3927/875 2151/3925/875
f 2151/3925/132 2145/3927/132 2144/3976/132 2150/3975/132
f 2143/4030/869 2137/4031/869 2139/3929/875 2145/3927/875
f 2145/3927/132 2139/3929/132 2138/3972/132 2144/3974/132
f 2137/4031/869 2131/4032/869 2133/3931/875 2139/3929/875
f 2139/3929/132 2133/3931/132 2132/3973/132 2138/3972/132
f 2131/4032/869 2125/4033/869 2127/3872/875 2133/3931/875
f 2133/3931/132 2127/3872/132 2126/3971/132 2132/3970/132
f 2125/4033/869 2119/4034/869 2121/3871/875 2127/3872/875
f 2127/3872/132 2121/3871/132 2120/3873/132 2126/3872/132
f 2119/4035/869 2113/4036/869 2115/3935/875 2121/3871/875
f 2121/3871/132 2115/3935/132 2114/4037/132 2120/4038/132
f 2113/4036/869 2194/4039/873 2196/4040/875 2115/3935/875
f 2199/4049/876 2190/3939/876 2189/4050/870 2197/4051/872
f 2188/3986/100 2182/3985/100 2184/3943/100 2190/3939/100
f 2190/3939/876 2184/3943/876 2183/4052/870 2189/4053/870
f 2182/3985/100 2176/3850/100 2178/3847/100 2184/3943/100
f 2184/3943/876 2178/3847/876 2177/4054/870 2183/4055/870
f 2176/3850/100 2170/3849/100 2172/3848/100 2178/3847/100
f 2178/3847/876 2172/3848/876 2171/4056/870 2177/4057/870
f 2170/3849/100 2164/3989/100 2166/3947/100 2172/3848/100
f 2172/3848/876 2166/3947/876 2165/4058/870 2171/4059/870
f 2164/3993/100 2158/3992/100 2160/3949/100 2166/3947/100
f 2166/3947/876 2160/3949/876 2159/4060/870 2165/4061/870
f 2158/3997/100 2152/3996/100 2154/3951/100 2160/3949/100
f 2160/3949/876 2154/3951/876 2153/4062/870 2159/4060/870
f 2152/4001/100 2146/4000/100 2148/3953/100 2154/3951/100
f 2154/3951/876 2148/3953/876 2147/4063/870 2153/4062/870
f 2146/4005/100 2140/4004/100 2142/3955/100 2148/3953/100
f 2148/3953/876 2142/3955/876 2141/4064/870 2147/4063/870
f 2140/3955/100 2134/4008/100 2136/3957/100 2142/3955/100
f 2142/3955/876 2136/3957/876 2135/4065/870 2141/4064/870
f 2134/4011/100 2128/3969/100 2130/3959/100 2136/3957/100
f 2136/3957/876 2130/3959/876 2129/4066/870 2135/4067/870
f 2128/3969/100 2122/3968/100 2124/3876/100 2130/3959/100
f 2130/3959/876 2124/3876/876 2123/4068/870 2129/4069/870
f 2122/3878/100 2116/3877/100 2118/3877/100 2124/3876/100
f 2124/3876/876 2118/3877/876 2117/4070/870 2123/4071/870
f 2118/3877/876 2202/4076/876 2200/4077/874 2117/4070/870
f 2066/3935/127 2065/3871/127 2120/4038/127 2114/4037/127
f 2247/4105/96 2248/4106/96 2240/4107/96 2235/4108/96
f 2220/4109/207 2219/4110/207 2235/4111/207 2236/4112/207
f 2230/4113/83 2227/4114/83 2243/4115/83 2246/4116/83
f 2231/4117/207 2247/4118/207 2235/4111/207 2219/4110/207
f 52/4119/83 400/4120/83 2234/4121/83 2228/4122/881
f 49/4123/55 399/4124/55 2225/4125/55 2226/4126/55
f 399/4127/37 414/4128/37 2230/4129/37 2225/2432/37
f 51/4130/71 49/4131/71 2226/4132/71 2227/4133/71
f 400/4134/71 385/4135/71 2233/4136/71 2234/4137/71
f 50/4138/37 52/4134/37 2228/4137/37 2229/4139/37
f 369/4128/37 384/4127/37 2224/334/37 2219/333/37
f 414/4140/83 51/4141/83 2227/4114/83 2230/4113/83
f 45/4142/207 369/4143/207 2219/4110/207 2220/4109/207
f 370/4144/71 355/4145/71 2231/4146/71 2232/4138/71
f 355/4147/207 46/4148/207 2223/4149/882 2231/4117/207
f 47/4150/71 45/4151/71 2220/4152/71 2221/4153/71
f 2247/4105/96 2239/4154/883 2238/4155/883 2248/4106/96
f 2249/4156/124 2245/4157/884 2244/4158/884 2250/4159/124
f 2242/4160/124 2241/4161/124 2246/4162/124 2243/4163/124
f 2236/4164/96 2235/4108/96 2240/4107/96 2237/4165/96
f 2231/4117/207 2223/4149/882 2239/4166/885 2247/4118/207
f 2221/4153/71 2220/4152/71 2236/4167/71 2237/4168/71
f 2222/395/129 2232/394/50 2248/4169/50 2238/4170/886
f 2367/4171/883 2368/4172/887 2238/4155/883 2239/4154/883
f 2233/72/55 2229/71/56 2245/4173/888 2249/4174/55
f 2224/64/50 2221/63/50 2237/4175/50 2240/4176/50
f 2228/4122/881 2234/4121/83 2250/4177/83 2244/4178/889
f 2226/4126/55 2225/4125/55 2241/4179/55 2242/4180/55
f 2249/4156/124 2250/4159/124 2246/4162/124 2241/4161/124
f 2227/4133/71 2226/4132/71 2242/4181/71 2243/4182/71
f 2233/72/55 2249/4174/55 2241/4179/55 2225/4125/55
f 2369/4183/890 2370/4184/890 2244/4158/884 2245/4157/884
f 2248/4169/50 2232/394/50 2224/64/50 2240/4176/50
f 2232/4185/17 2231/4186/17 2219/4187/17 2224/4188/17
f 2250/4177/83 2234/4121/83 2230/4113/83 2246/4116/83
f 2234/4189/230 2233/4190/230 2225/4191/230 2230/4192/230
f 2319/4217/55 2320/4218/55 2310/4219/55 2305/4220/55
f 2363/4221/891 2364/4222/892 2308/4223/892 2309/4224/892
f 2278/4225/893 2294/4226/128 2318/4227/128 2302/4228/894
f 2295/4229/230 2319/4230/230 2305/4231/230 2281/4232/230
f 2283/4233/71 2282/92/71 2306/4234/71 2307/4235/71
f 2293/4236/127 2279/4237/895 2303/4238/896 2317/4239/127
f 62/4240/37 64/4241/37 2290/4242/37 2291/4243/37
f 184/4244/128 17/4245/128 2277/4246/128 2280/4247/128
f 479/587/37 494/4248/37 2292/4241/37 2287/4240/37
f 494/4249/17 63/4250/17 2289/4251/17 2292/4252/17
f 33/4253/230 289/4254/230 2281/4232/230 2282/4255/230
f 480/4256/71 465/4257/71 2297/4258/71 2298/4259/71
f 155/4260/127 16/4261/127 2279/4237/895 2293/4236/127
f 35/4262/71 33/89/71 2282/92/71 2283/4233/71
f 289/4263/37 304/4264/37 2286/4182/37 2281/4150/37
f 18/4265/128 170/4266/128 2294/4226/128 2278/4225/893
f 34/4267/37 36/45/37 2284/4268/37 2285/4269/37
f 290/44/71 275/43/71 2295/4270/71 2296/4256/71
f 275/4271/230 34/4272/230 2285/4273/897 2295/4229/230
f 304/4274/124 35/4275/124 2283/4276/124 2286/4277/124
f 169/4278/37 184/837/37 2280/4279/37 2275/4280/37
f 15/4281/127 169/4282/127 2275/4283/127 2276/4284/127
f 36/4285/124 290/4286/124 2296/4287/124 2284/4288/898
f 61/4289/96 479/4290/96 2287/4291/96 2288/4292/96
f 2317/4293/199 2303/4294/899 2302/4295/900 2318/4296/199
f 2319/4217/55 2309/4224/892 2308/4223/892 2320/4218/55
f 2321/4297/50 2315/4298/901 2314/4299/902 2322/4300/50
f 2312/4301/50 2311/4302/50 2316/4303/50 2313/4304/50
f 2306/4305/55 2305/4220/55 2310/4219/55 2307/4306/55
f 2300/4307/199 2299/4308/199 2304/4309/199 2301/4310/199
f 2295/4229/230 2285/4273/897 2309/4311/897 2319/4230/230
f 2286/4277/124 2283/4276/124 2307/4312/124 2310/4313/124
f 2317/4293/199 2318/4296/199 2304/4309/199 2299/4308/199
f 2276/4284/127 2275/4283/127 2299/4314/127 2300/4315/127
f 2284/4288/898 2296/4287/124 2320/4316/124 2308/4317/898
f 2288/4292/96 2287/4291/96 2311/4318/96 2312/4319/96
f 2293/4236/127 2317/4239/127 2299/4314/127 2275/4283/127
f 2277/589/71 2276/588/71 2300/4320/71 2301/4321/71
f 2297/149/96 2291/148/97 2315/4322/97 2321/4323/96
f 2289/92/71 2288/91/71 2312/4324/71 2313/4325/71
f 2365/4326/903 2366/4327/904 2302/4295/900 2303/4294/899
f 2290/22/18 2298/21/17 2322/4328/17 2314/4329/18
f 2371/4330/902 2372/4331/901 2314/4299/902 2315/4298/901
f 2280/4247/128 2277/4246/128 2301/4332/128 2304/4333/128
f 2321/4297/50 2322/4300/50 2316/4303/50 2311/4302/50
f 2292/4252/17 2289/4251/17 2313/4334/17 2316/4335/17
f 2282/4255/230 2281/4232/230 2305/4231/230 2306/4336/230
f 2297/149/96 2321/4323/96 2311/4318/96 2287/4291/96
f 2320/4316/124 2296/4287/124 2286/4277/124 2310/4313/124
f 2296/4337/83 2295/4338/83 2281/4339/83 2286/4340/83
f 2318/4227/128 2294/4226/128 2280/4247/128 2304/4333/128
f 2294/4341/255 2293/4342/255 2275/4343/255 2280/4344/255
f 2322/4328/17 2298/21/17 2292/4252/17 2316/4335/17
f 2298/4345/207 2297/4346/207 2287/4347/207 2292/4348/207
f 3016/2053/71 3018/2012/71 1939/2012/71 1898/2053/71
f 3020/2021/71 3021/2020/71 1901/2020/71 1912/2021/71
f 3024/3161/71 3026/2011/71 1953/2011/71 1900/3161/71
f 3028/3165/71 3029/1998/71 1905/1998/71 1884/3165/71
f 3021/2020/71 3024/3161/71 1900/3161/71 1901/2020/71
f 2337/4357/905 2350/4358/906 2370/4359/907 2357/4360/908
f 2345/4361/909 2365/4362/910 2303/4238/896 2279/4237/895
f 2335/4363/911 2352/4364/912 2372/4365/18 2355/4366/913
f 2343/4367/914 2363/4368/897 2309/4311/897 2285/4273/897
f 2351/4369/915 2336/4370/916 2356/4371/917 2371/4372/97
f 1771/3171/37 1794/3170/37 2337/4373/37 2338/4374/37
f 1924/4375/83 1788/4376/83 2334/4377/905 2345/4361/909
f 1776/4378/124 1915/4379/124 2344/4380/918 2341/4381/919
f 1773/4382/37 1772/4383/37 2339/4384/37 2340/4385/37
f 1772/4386/50 1923/4387/50 2348/4388/920 2339/4389/921
f 1918/4390/230 1777/4391/230 2342/4392/922 2343/4367/914
f 1777/4374/37 1776/4373/37 2341/4393/37 2342/4394/37
f 1922/4395/207 1773/4396/207 2340/4397/923 2347/4398/924
f 1916/4399/96 1767/4400/96 2336/4370/916 2351/4369/915
f 1915/4131/71 1918/4401/71 2343/4402/71 2344/4403/71
f 1793/4404/17 1917/4405/17 2352/4364/912 2335/4363/911
f 1920/4406/71 1924/4407/71 2345/4408/71 2346/4409/71
f 1794/4410/83 1919/4411/83 2350/4358/906 2337/4357/905
f 1923/4394/71 1922/4393/71 2347/4383/71 2348/4382/71
f 1788/4412/37 1782/2368/37 2333/4413/37 2334/4414/37
f 2364/4222/892 2363/4221/891 2362/4415/925 2361/4416/925
f 2370/4184/890 2369/4183/890 2358/4417/926 2357/4418/926
f 2366/4327/904 2365/4326/903 2354/4419/927 2353/4420/927
f 2368/4172/887 2367/4171/883 2360/4421/928 2359/4422/928
f 2372/4331/901 2371/4330/902 2356/4423/929 2355/4424/929
f 2347/4398/924 2367/4425/930 2239/4166/885 2223/4149/882
f 2394/4426/927 2393/4427/927 2353/4420/927 2354/4419/927
f 2349/3182/675 2338/3181/584 2358/4428/931 2369/4429/932
f 2349/3182/675 2369/4429/932 2245/4173/888 2229/71/56
f 2396/4430/929 2395/4431/929 2355/4424/929 2356/4423/929
f 2333/2037/584 2346/2036/583 2366/4432/933 2353/4433/931
f 2351/4369/915 2371/4372/97 2315/4322/97 2291/148/97
f 2398/4434/926 2397/4435/926 2357/4418/926 2358/4417/926
f 2345/4361/909 2334/4377/905 2354/4436/908 2365/4362/910
f 2341/4381/919 2344/4380/918 2364/4437/898 2361/4438/934
f 2400/4439/928 2399/4440/928 2359/4422/928 2360/4421/928
f 2339/4389/921 2348/4388/920 2368/4441/935 2359/4442/936
f 2343/4367/914 2342/4392/922 2362/4443/937 2363/4368/897
f 2402/4444/938 2401/4445/938 2361/4416/925 2362/4415/925
f 2347/4398/924 2340/4397/923 2360/4446/939 2367/4425/930
f 2364/4437/898 2344/4380/918 2284/4288/898 2308/4317/898
f 2344/4447/940 2343/4448/940 2285/4449/940 2284/4450/940
f 2366/4432/933 2346/2036/583 2278/4225/893 2302/4228/894
f 2346/4451/941 2345/4452/941 2279/4453/941 2278/4454/941
f 2372/4365/18 2352/4364/912 2290/22/18 2314/4329/18
f 2352/4455/942 2351/4456/942 2291/4457/942 2290/4458/942
f 2370/4359/907 2350/4358/906 2228/4122/881 2244/4178/889
f 2350/4459/943 2349/4460/943 2229/4461/943 2228/4320/943
f 2368/4441/935 2348/4388/920 2222/395/129 2238/4170/886
f 2348/4462/944 2347/4463/944 2223/4460/944 2222/4464/944
f 1872/2351/37 1866/2276/37 4036/2276/37 4038/2351/37
f 1855/4472/37 1878/2300/37 4044/2300/37 4045/4472/37
f 1856/2458/37 1855/4472/37 4045/4472/37 4048/2458/37
f 1861/2295/37 1860/2487/37 4052/2487/37 4053/4474/37
f 2374/2363/671 2394/4479/945 2354/4436/908 2334/4377/905
f 2388/4480/37 2387/4481/37 2407/4234/37 2408/4482/37
f 2383/4483/55 2373/4484/946 2393/4485/947 2403/4486/55
f 2386/4487/37 2385/4488/37 2405/4257/37 2406/4413/37
f 2389/4489/50 2379/4490/948 2399/4491/949 2409/4492/50
f 1832/4493/55 1842/4494/55 2388/4495/55 2378/4496/946
f 1833/4497/71 1834/4498/71 2380/4499/71 2379/4500/71
f 1831/4501/96 1841/4502/96 2386/4503/96 2376/4504/950
f 1850/4505/83 1840/4506/83 2377/4507/671 2387/4508/83
f 1835/4509/71 1836/4510/71 2382/4511/71 2381/4512/71
f 1849/4513/17 1839/4514/17 2375/4515/951 2385/4516/17
f 1834/4517/207 1844/4518/207 2390/4519/207 2380/4520/952
f 1848/4521/37 1847/4499/37 2383/4522/37 2384/4523/37
f 1843/4524/50 1833/4525/50 2379/4490/948 2389/4489/50
f 1841/4526/37 1849/4527/37 2385/4488/37 2386/4487/37
f 1847/4528/55 1837/4529/55 2373/4484/946 2383/4483/55
f 1842/4530/37 1850/4531/37 2387/4481/37 2388/4480/37
f 1837/4532/71 1838/4533/71 2374/4127/71 2373/4534/71
f 1836/4535/230 1846/4536/230 2392/4537/230 2382/4538/953
f 1844/4499/37 1843/4521/37 2389/4539/37 2390/4540/37
f 2397/4435/926 2398/4434/926 2408/4541/124 2407/4542/124
f 2399/4440/928 2400/4439/928 2410/4543/96 2409/4544/96
f 2401/4445/938 2402/4444/938 2412/4545/55 2411/4546/55
f 2393/4427/927 2394/4426/927 2404/4547/230 2403/4548/230
f 2395/4431/929 2396/4430/929 2406/4549/50 2405/4550/50
f 2382/4538/953 2392/4537/230 2412/4551/230 2402/4552/937
f 2390/4540/37 2389/4539/37 2409/4553/37 2410/4526/37
f 2376/4504/950 2396/4554/917 2356/4371/917 2336/4370/916
f 2391/2402/124 2381/2401/672 2401/4555/934 2411/4556/124
f 2392/2392/37 2391/2391/37 2411/4151/37 2412/4408/37
f 2378/4496/946 2398/4557/947 2358/4428/931 2338/3181/584
f 2374/2363/671 2384/2362/83 2404/4558/83 2394/4479/945
f 2378/4496/946 2388/4495/55 2408/4559/55 2398/4557/947
f 2380/4520/952 2400/4560/954 2360/4446/939 2340/4397/923
f 2376/4504/950 2386/4503/96 2406/4561/96 2396/4554/917
f 2387/4508/83 2377/4507/671 2397/4562/945 2407/4563/83
f 2382/4538/953 2402/4552/937 2362/4443/937 2342/4392/922
f 2385/4516/17 2375/4515/951 2395/4564/913 2405/4565/17
f 2380/4520/952 2390/4519/207 2410/4566/207 2400/4560/954
f 2384/4523/37 2383/4522/37 2403/4567/37 2404/4568/37
f 2399/4491/949 2379/4490/948 2339/4389/921 2359/4442/936
f 2379/4569/955 2380/4570/955 2340/4571/955 2339/4572/955
f 2401/4555/934 2381/2401/672 2341/4381/919 2361/4438/934
f 2381/4573/956 2382/4574/956 2342/4575/956 2341/4569/956
f 2393/4485/947 2373/4484/946 2333/2037/584 2353/4433/931
f 2373/4576/957 2374/4262/957 2334/4577/957 2333/4578/957
f 2397/4562/945 2377/4507/671 2337/4357/905 2357/4360/908
f 2377/4579/958 2378/4580/958 2338/4581/958 2337/4582/958
f 2395/4564/913 2375/4515/951 2335/4363/911 2355/4366/913
f 2375/4583/959 2376/4584/959 2336/4585/959 2335/4586/959
f 610/664/960 606/796/960 2414/1605/324 2413/1604/322
f 612/665/960 610/664/960 2413/1604/322 2415/1607/323
f 679/542/961 681/280/961 2417/1623/289 2416/1622/290
f 681/280/961 684/279/961 2418/1626/292 2417/1625/289
f 757/4587/962 753/1398/962 2420/1638/330 2419/1637/328
f 760/1465/962 757/4587/962 2419/1637/328 2421/1640/329
f 781/1512/963 783/4588/963 2423/1646/325 2422/1645/326
f 783/4588/963 786/1536/963 2424/1649/327 2423/1648/325
f 859/4589/964 855/1574/964 2426/1661/298 2425/1660/295
f 861/1595/964 859/4589/964 2425/1660/295 2427/1663/296
f 882/4590/965 885/4591/965 2429/1669/190 2428/1668/191
f 885/4591/965 888/4592/965 2430/1672/189 2429/1671/190
f 961/4593/966 957/4594/966 2432/1684/119 2431/1683/120
f 963/4595/966 961/4593/966 2431/1687/120 2433/1686/123
f 1020/4596/967 1023/4597/967 2435/1701/143 2434/1700/144
f 1023/4597/967 1026/4598/967 2436/1703/159 2435/1701/143
f 1099/4599/968 1095/4600/968 2438/1715/169 2437/1714/170
f 1101/4601/968 1099/4599/968 2437/1714/170 2439/1717/172
f 1158/1590/969 1161/1539/969 2441/1731/86 2440/1730/87
f 1161/1539/969 1164/1538/969 2442/1733/259 2441/1731/86
f 1237/1467/970 1233/1515/970 2444/1745/356 2443/1744/212
f 1240/1468/970 1237/1467/970 2443/1744/212 2445/1747/215
f 1261/1432/971 1263/1375/971 2447/1753/306 2446/1752/307
f 1263/1375/971 1266/271/971 2448/1755/310 2447/1753/306
f 1339/1284/972 1335/537/972 2450/1767/317 2449/1766/315
f 1342/656/972 1339/1284/972 2449/1766/315 2451/1769/316
f 1363/696/973 1365/667/973 2453/1775/225 2452/1774/226
f 1365/667/973 1368/666/973 2454/1778/224 2453/1777/225
f 1441/497/974 1437/552/974 2456/1790/81 2455/1789/82
f 1443/498/974 1441/497/974 2455/1793/82 2457/1792/90
f 1482/106/975 1485/105/975 2459/1803/136 2458/1802/137
f 1485/105/975 1488/1436/975 2460/1806/149 2459/1805/136
f 1561/4602/976 1557/1509/976 2462/1818/179 2461/1817/180
f 1563/1516/976 1561/4602/976 2461/1821/180 2463/1820/181
f 1620/1570/977 1623/4603/977 2465/1835/370 2464/1834/94
f 1623/4603/977 1626/1594/977 2466/1837/238 2465/1835/370
f 1699/4604/978 1695/4605/978 2468/1849/217 2467/1848/218
f 1702/4606/978 1699/4604/978 2467/1848/218 2469/1851/221
f 1732/4607/979 1734/4608/979 2471/1859/183 2470/1858/184
f 1734/4608/979 1737/4609/979 2472/1861/281 2471/1859/183
f 1737/4609/979 585/4610/1 2473/1876/282 2472/1861/281
f 589/4611/1 1732/4607/979 2470/1858/184 2474/1879/185
f 1663/1593/66 1702/4606/978 2469/1851/221 2475/1885/220
f 1695/4605/978 1659/1571/66 2476/1888/95 2468/1849/217
f 1626/1594/977 1663/1593/66 2475/1885/220 2466/1837/238
f 1659/1571/66 1620/1570/977 2464/1834/94 2476/1888/95
f 1531/1435/60 1563/1516/976 2463/1820/181 2477/1891/150
f 1557/1509/976 1527/1396/60 2478/1892/138 2462/1818/179
f 1488/1436/975 1531/1435/60 2477/1891/150 2460/1806/149
f 1527/1396/60 1482/106/975 2458/1802/137 2478/1892/138
f 1411/1036/47 1443/498/974 2457/1792/90 2479/1894/89
f 1437/552/974 1407/697/47 2480/1895/285 2456/1790/81
f 1368/666/973 1411/1036/47 2479/1894/89 2454/1778/224
f 1407/697/47 1363/696/973 2452/1774/226 2480/1895/285
f 1303/270/41 1342/656/972 2451/1769/316 2481/1896/311
f 1335/537/972 1299/536/309 2482/1897/308 2450/1767/317
f 1266/271/971 1303/270/41 2481/1896/311 2448/1755/310
f 1299/536/309 1261/1432/971 2446/1752/307 2482/1897/308
f 1195/4612/34 1240/1468/970 2445/1747/215 2483/1902/214
f 1233/1515/970 1191/4613/34 2484/1904/88 2444/1745/356
f 1164/1538/969 1195/4612/34 2483/1902/214 2442/1733/259
f 1191/4613/34 1158/1590/969 2440/1730/87 2484/1905/88
f 1063/4614/28 1101/4601/968 2439/1717/172 2485/1906/160
f 1095/4600/968 1059/4615/28 2486/1907/145 2438/1715/169
f 1026/4598/967 1063/4614/28 2485/1906/160 2436/1703/159
f 1059/4615/28 1020/4596/967 2434/1700/144 2486/1907/145
f 931/4616/22 963/4595/966 2433/1686/123 2487/1912/122
f 957/4594/966 927/4617/22 2488/1913/118 2432/1684/119
f 888/4592/965 931/4616/22 2487/1912/122 2430/1672/189
f 927/4617/22 882/4590/965 2428/1668/191 2488/1913/118
f 823/1535/14 861/1595/964 2427/1663/296 2489/1915/294
f 855/1574/964 819/1513/14 2490/1916/297 2426/1661/298
f 786/1536/963 823/1535/14 2489/1915/294 2424/1649/327
f 819/1513/14 781/1512/963 2422/1645/326 2490/1916/297
f 715/1371/8 760/1465/962 2421/1640/329 2491/1918/293
f 753/1398/962 711/1299/8 2492/1920/291 2420/1638/330
f 684/279/961 715/1371/8 2491/1923/293 2418/1626/292
f 711/1299/8 679/542/961 2416/1622/290 2492/1924/291
f 585/1277/1 612/665/960 2415/1607/323 2473/1931/282
f 606/796/960 589/795/1 2474/1934/185 2414/1605/324
f 753/1398/980 757/4587/980 2502/4587/980 2547/1398/980
f 1261/1432/71 1299/536/71 2525/536/71 2565/1432/71
f 1488/1436/79 1485/105/79 2534/105/79 2574/1436/79
f 757/4587/980 760/1465/980 2548/1465/980 2502/4587/980
f 1240/1468/37 1195/4612/37 2521/4612/37 2564/1468/37
f 1557/1509/981 1561/4602/981 2537/4602/981 2575/1509/981
f 783/4588/982 781/1512/982 2549/1512/982 2504/4588/982
f 1191/4613/71 1233/1515/71 2563/1515/71 2520/4613/71
f 1561/4602/981 1563/1516/981 2576/1516/981 2537/4602/981
f 786/1536/982 783/4588/982 2504/4588/982 2550/1536/982
f 1195/4612/37 1164/1538/37 2562/1538/37 2521/4612/37
f 1623/4603/983 1620/1570/983 2577/1570/983 2539/4603/983
f 855/1574/984 859/4589/984 2507/4589/984 2551/1574/984
f 1158/1590/71 1191/4613/71 2520/4613/71 2561/1590/71
f 1626/1594/983 1623/4603/983 2539/4603/983 2578/1594/983
f 859/4589/984 861/1595/984 2552/1595/984 2507/4589/984
f 1101/4601/37 1063/4614/37 2516/4614/37 2560/4601/37
f 1695/4605/985 1699/4604/985 2542/4604/985 2579/4605/985
f 885/4591/986 882/4590/986 2553/4590/986 2509/4591/986
f 1059/4615/71 1095/4600/71 2559/4600/71 2515/4615/71
f 1699/4604/985 1702/4606/985 2580/4606/985 2542/4604/985
f 888/4592/986 885/4591/986 2509/4591/986 2554/4592/986
f 1063/4614/37 1026/4598/37 2558/4598/37 2516/4614/37
f 1734/4608/578 1732/4607/578 2581/4607/578 2496/4608/578
f 957/4594/987 961/4593/987 2512/4593/987 2555/4594/987
f 1020/4596/71 1059/4615/71 2515/4615/71 2557/4596/71
f 1737/4609/578 1734/4608/578 2496/4608/578 2582/4609/578
f 961/4593/987 963/4595/987 2556/4595/987 2512/4593/987
f 963/4595/37 931/4616/37 2511/4616/37 2556/4595/37
f 585/4610/37 1737/4609/37 2582/4609/37 2493/4610/37
f 1023/4597/988 1020/4596/988 2557/4596/988 2514/4597/988
f 927/4617/71 957/4594/71 2555/4594/71 2510/4617/71
f 1732/4607/71 589/4611/71 2497/4611/71 2581/4607/71
f 1026/4598/988 1023/4597/988 2514/4597/988 2558/4598/988
f 931/4616/37 888/4592/37 2554/4592/37 2511/4616/37
f 1702/4606/37 1663/1593/37 2541/1593/37 2580/4606/37
f 1095/4600/989 1099/4599/989 2517/4599/989 2559/4600/989
f 882/4590/71 927/4617/71 2510/4617/71 2553/4590/71
f 1659/1571/71 1695/4605/71 2579/4605/71 2540/1571/71
f 1099/4599/989 1101/4601/989 2560/4601/989 2517/4599/989
f 2863/4635/71 2861/4636/71 2798/4637/71 2800/4638/71
f 2861/4636/71 2859/4644/71 2796/4645/71 2798/4646/71
f 2859/4644/71 2857/4649/71 2794/4650/71 2796/4645/71
f 2857/4657/71 2855/4658/71 2792/4659/71 2794/4660/71
f 2855/4667/71 2853/4668/71 2790/4669/71 2792/4670/71
f 2853/4668/71 2851/4673/71 2788/4674/71 2790/4669/71
f 2851/4673/71 2849/4681/71 2786/4682/71 2788/4674/71
f 2840/4683/71 2901/4684/71 2838/4685/71 2775/4686/71
f 2849/4689/71 2847/4690/71 2784/4691/71 2786/4692/71
f 2901/4693/71 2899/4694/71 2836/4695/71 2838/4696/71
f 2847/4690/71 2845/4699/71 2782/4700/71 2784/4691/71
f 2899/4694/71 2897/4701/71 2834/4702/71 2836/4695/71
f 2845/4699/71 2843/4705/71 2780/4706/71 2782/4700/71
f 2897/4701/71 2895/4707/71 2832/4708/71 2834/4709/71
f 2052/3705/812 2021/3722/834 2583/3722/834 2614/3705/813
f 2026/3703/808 2027/4712/990 2589/4712/991 2588/3703/809
f 2027/4712/990 2028/4715/994 2590/4715/995 2589/4712/991
f 2028/4715/994 2029/4718/998 2591/4718/998 2590/4715/995
f 2029/4718/998 2030/4720/1001 2592/4720/1002 2591/4718/998
f 2030/4720/1001 2031/4721/1004 2593/4721/1005 2592/4720/1002
f 2031/4721/1004 2032/4722/1008 2594/4722/1009 2593/4721/1005
f 2032/4722/1008 2033/4727/1012 2595/4727/1013 2594/4722/1009
f 2033/4727/1012 2034/4730/1019 2596/4730/1020 2595/4727/1013
f 2034/4730/1019 2035/4733/1025 2597/4733/1026 2596/4730/1020
f 2035/4733/1025 2036/4740/1031 2598/4740/1032 2597/4733/1026
f 2036/4740/1031 2037/4745/1037 2599/4745/1037 2598/4740/1032
f 2037/4745/1037 2038/4748/1042 2600/4748/1043 2599/4745/1037
f 2038/4748/1042 2039/3751/865 2601/3751/866 2600/4748/1043
f 2865/4777/71 2863/4635/71 2800/4778/71 2802/4779/71
f 2867/4819/71 2865/4820/71 2802/4779/71 2804/4821/71
f 2869/4824/71 2867/4825/71 2804/4826/71 2806/4827/71
f 2871/4830/71 2869/4824/71 2806/4831/71 2808/4832/71
f 2873/4837/71 2871/4838/71 2808/4839/71 2810/4840/71
f 2875/4843/71 2873/4837/71 2810/4844/71 2812/4845/71
f 2877/4847/71 2875/4843/71 2812/4845/71 2814/4848/71
f 2879/4850/71 2877/4847/71 2814/4851/71 2816/4852/71
f 2881/4854/71 2879/4855/71 2816/4852/71 2818/4856/71
f 2883/4858/71 2881/4854/71 2818/4856/71 2820/4859/71
f 2885/4862/71 2883/4858/71 2820/4859/71 2822/4863/71
f 2887/4866/71 2885/4862/71 2822/4867/71 2824/4868/71
f 2889/4873/71 2887/4866/71 2824/4874/71 2826/4875/71
f 2891/4878/71 2889/4879/71 2826/4880/71 2828/4881/71
f 2893/4883/71 2891/4884/71 2828/4881/71 2830/4885/71
f 2841/4886/71 2840/4887/71 2775/4686/71 2778/4888/71
f 2895/4707/71 2893/4889/71 2830/4885/71 2832/4708/71
f 2843/4705/71 2841/4886/71 2778/4888/71 2780/4706/71
f 5295/3348/1048 5296/3324/1049 2714/4890/1050 2711/4891/1048
f 5296/3324/1049 4089/3325/1051 2716/4892/1052 2714/4893/1050
f 4089/3387/1051 4090/3272/1053 2718/4894/1054 2716/4895/1052
f 4090/3272/1053 4091/3273/1055 2720/4896/1056 2718/4897/1054
f 4091/3273/1055 4092/3316/1057 2722/4898/1058 2720/4899/1056
f 4092/3316/1057 4093/3317/1059 2724/4900/1060 2722/4901/1058
f 4093/4902/1059 4094/3264/1061 2726/4903/1062 2724/4904/1060
f 4094/3264/1061 5297/3265/1063 2728/4905/1063 2726/4906/1062
f 5297/3265/1063 5298/3243/1064 2730/4907/1065 2728/4908/1063
f 5298/3243/1064 4097/3244/1066 2732/4909/1067 2730/4910/1065
f 4097/3244/1066 4098/3256/1068 2734/4911/1069 2732/4912/1067
f 4098/3256/1068 4099/3257/1070 2736/4913/1071 2734/4914/1069
f 4099/3257/1070 4100/3298/1072 2738/4915/1073 2736/4916/1071
f 4100/3298/1072 4101/3299/1074 2740/4917/1075 2738/4918/1073
f 4101/3340/1074 4102/3246/1076 2742/4919/1077 2740/4920/1075
f 4102/3246/1076 5299/3247/1078 2744/4921/1078 2742/4922/1077
f 5299/3247/1078 5300/3288/1079 2746/4923/1080 2744/4924/1078
f 5300/3288/1079 4105/3289/1081 2748/4925/1082 2746/4926/1080
f 4105/3289/1081 4106/3330/1083 2750/4927/1084 2748/4928/1082
f 4106/4929/1083 4107/3331/1085 2752/4930/1086 2750/4931/1084
f 4107/3331/1085 4108/3278/1087 2754/4932/1088 2752/4933/1086
f 4108/4934/1087 4109/3279/1089 2756/4935/1090 2754/4936/1088
f 4109/3279/1089 4110/3322/1091 2758/4937/1092 2756/4938/1090
f 4110/3322/1091 5301/3323/1093 2760/4939/1093 2758/4940/1092
f 5301/3323/1093 5302/3270/1094 2762/4941/1095 2760/4942/1093
f 5302/3270/1094 4113/3271/1096 2764/4943/1097 2762/4944/1095
f 4113/3271/1096 4114/3314/1098 2766/4945/1099 2764/4946/1097
f 4114/3314/1098 4115/3315/1100 2768/4947/1101 2766/4948/1099
f 4115/3315/1100 4116/3262/1102 2770/4949/1103 2768/4950/1101
f 4116/3262/1102 4117/3263/1104 2772/4951/1105 2770/4952/1103
f 4117/3263/1104 4118/3308/1106 2774/4953/1107 2772/4954/1105
f 4118/3308/1106 5295/3309/1048 2711/4955/1048 2774/4956/1107
f 2776/3722/1109 2777/3718/1049 2778/4888/1110 2775/4686/1109
f 2777/3718/1049 2779/3712/1051 2780/4706/1052 2778/4888/1110
f 2779/3712/1051 2781/3708/1053 2782/4700/1054 2780/4706/1052
f 2781/3708/1053 2783/3702/1055 2784/4691/1056 2782/4700/1054
f 2783/3702/1055 2785/3703/1057 2786/4692/1111 2784/4691/1056
f 2785/3703/1057 2787/4712/1059 2788/4674/1060 2786/4682/1111
f 2787/4712/1059 2789/4715/1112 2790/4669/1062 2788/4674/1060
f 2789/4715/1112 2791/4718/1063 2792/4670/1063 2790/4669/1062
f 2791/4718/1063 2793/4720/1113 2794/4660/1065 2792/4659/1063
f 2793/4720/1113 2795/4721/1066 2796/4645/1067 2794/4650/1065
f 2795/4721/1066 2797/4722/1068 2798/4646/1114 2796/4645/1067
f 2797/4722/1068 2799/4727/1070 2800/4638/1071 2798/4637/1114
f 2799/4727/1070 2801/4730/1072 2802/4779/1073 2800/4778/1071
f 2801/4730/1072 2803/4733/1074 2804/4821/1075 2802/4779/1073
f 2803/4733/1074 2805/4740/1076 2806/4827/1077 2804/4826/1075
f 2805/4740/1076 2807/5021/1115 2808/4832/1115 2806/4831/1077
f 2807/5021/1115 2809/4748/1079 2810/4840/1108 2808/4839/1115
f 2809/4748/1079 2811/3751/1081 2812/4845/1082 2810/4844/1108
f 2811/3751/1081 2813/3748/1083 2814/4848/1084 2812/4845/1082
f 2813/3748/1083 2815/3743/1085 2816/4852/1086 2814/4851/1084
f 2815/3743/1085 2817/3740/1087 2818/4856/1116 2816/4852/1086
f 2817/3740/1087 2819/3737/1089 2820/4859/1090 2818/4856/1116
f 2819/3737/1089 2821/3734/1117 2822/4863/1092 2820/4859/1090
f 2821/3734/1117 2823/3731/1093 2824/4868/1093 2822/4867/1092
f 2823/3731/1093 2825/3726/1118 2826/4875/1095 2824/4874/1093
f 2825/3726/1118 2827/3723/1096 2828/4881/1097 2826/4880/1095
f 2827/3723/1096 2829/3719/1098 2830/4885/1119 2828/4881/1097
f 2829/3719/1098 2831/3713/1100 2832/4708/1101 2830/4885/1119
f 2831/3713/1100 2833/3709/1102 2834/4709/1103 2832/4708/1101
f 2833/3709/1102 2835/3704/1104 2836/4695/1105 2834/4702/1103
f 2835/3704/1104 2837/3705/1106 2838/4696/1107 2836/4695/1105
f 2837/3705/1106 2776/3722/1109 2775/4686/1109 2838/4685/1107
f 2946/2021/1122 2961/2024/1123 2962/2024/1124 2945/2021/1125
f 2966/5086/1126 2943/2051/1127 2944/2051/1128 2965/2050/1129
f 2928/1997/1130 2913/1998/1131 2914/1998/1132 2927/1997/1130
f 2942/3161/1133 2947/2020/1134 2948/2020/1135 2941/3161/1133
f 2956/2053/1136 2966/2050/1126 2965/2050/1129 2955/2053/1136
f 2924/3177/1137 2963/3163/1138 2964/3163/1139 2923/3177/1140
f 2930/2004/1141 2939/2005/1142 2940/2005/1143 2929/2004/1144
f 2963/3163/1138 2935/2010/1145 2936/2010/1146 2964/3163/1139
f 2912/3165/1147 2925/3164/1148 2926/3164/1149 2911/3165/1150
f 2960/2049/1151 2931/2009/1152 2932/2009/1153 2959/2049/1154
f 2961/2024/1123 2953/2025/1155 2954/2025/1156 2962/2024/1124
f 2958/2048/1157 2960/2049/1151 2959/2049/1154 2957/2048/1158
f 2920/5087/1159 2958/2048/1157 2957/2048/1158 2919/2002/1160
f 2908/5088/1161 2921/2001/1162 2922/2001/1162 2907/1996/1163
f 2938/2012/1164 2956/2053/1136 2955/2053/1136 2937/2012/1165
f 2952/3160/1166 2909/1995/1167 2910/1995/1168 2951/3160/1169
f 2950/3178/1170 2917/1999/1171 2918/1999/1172 2949/3178/1173
f 2953/2025/1155 2952/3160/1166 2951/3160/1169 2954/2025/1156
f 2904/1471/1174 2950/3178/1170 2949/3178/1173 2903/1471/1175
f 2947/2020/1134 2946/2021/1122 2945/2021/1125 2948/2020/1135
f 2943/2051/1127 2905/1470/1176 2906/1470/1177 2944/3225/1128
f 2934/2011/1178 2942/3161/1133 2941/3161/1133 2933/2011/1179
f 2939/2005/1142 2938/2012/1164 2937/2012/1165 2940/2005/1143
f 2935/2010/1145 2934/2011/1178 2933/2011/1179 2936/2010/1146
f 2931/2009/1152 2930/2004/1141 2929/2004/1144 2932/2009/1153
f 2916/2000/1180 2928/3162/1130 2927/3162/1130 2915/2000/1181
f 2925/3164/1148 2924/3177/1137 2923/3177/1140 2926/3164/1149
f 2921/2001/1162 2920/2003/1159 2919/2002/1160 2922/2001/1162
f 2917/2052/1171 2916/2000/1180 2915/2000/1181 2918/1999/1172
f 2913/1998/1131 2912/3165/1147 2911/3165/1150 2914/1998/1132
f 2909/1995/1167 2908/1996/1161 2907/1996/1163 2910/1995/1168
f 2905/1470/1176 2904/1471/1174 2903/1471/1175 2906/1470/1177
f 2903/1471/37 2949/3178/37 1948/3178/37 1950/1471/37
f 3006/2024/1087 3019/2021/1089 3020/2021/1090 3005/2024/1088
f 2994/5089/1059 3009/2050/1112 3010/2050/1062 2993/2051/1060
f 3030/1998/1106 2983/1997/1109 2984/1997/1109 3029/1998/1107
f 3022/2020/1117 3023/3161/1093 3024/3161/1093 3021/2020/1092
f 3009/2050/1112 3015/2053/1063 3016/2053/1063 3010/2050/1062
f 3008/3163/1098 2979/3177/1100 2980/3177/1101 3007/3163/1099
f 2992/2005/1066 2985/2004/1068 2986/2004/1069 2991/2005/1067
f 2990/2010/1096 3008/3163/1098 3007/3163/1099 2989/2010/1097
f 2982/3164/1102 3027/3165/1104 3028/3165/1105 2981/3164/1103
f 2988/2009/1070 3003/2049/1072 3004/2049/1073 2987/2009/1071
f 3000/2025/1085 3006/2024/1087 3005/2024/1088 2999/2025/1086
f 3003/2049/1072 3001/2048/1074 3002/2048/1075 3004/2049/1073
f 3001/2048/1074 2977/2003/1076 2978/2002/1077 3002/2048/1075
f 3012/2001/1115 3013/5088/1079 3014/1996/1108 3011/2001/1115
f 3015/5090/1063 3017/5091/1113 3018/2012/1065 3016/2053/1063
f 2972/1995/1081 2997/3160/1083 2998/3160/1084 2971/1995/1082
f 2976/1999/1051 2995/3178/1053 2996/3178/1054 2975/1999/1052
f 2997/5092/1083 3000/2025/1085 2999/2025/1086 2998/3160/1084
f 2995/3178/1053 2967/1471/1055 2968/1471/1056 2996/3178/1054
f 3019/2021/1089 3022/2020/1117 3021/2020/1092 3020/2021/1090
f 2970/1472/1057 2994/2051/1059 2993/2051/1060 2969/3199/1058
f 3023/5093/1093 3025/5094/1118 3026/2011/1095 3024/3161/1093
f 3017/2012/1113 2992/2005/1066 2991/2005/1067 3018/2012/1065
f 3025/2011/1118 2990/2010/1096 2989/2010/1097 3026/2011/1095
f 2985/5095/1068 2988/2009/1070 2987/2009/1071 2986/2004/1069
f 2983/3162/1109 2973/2000/1049 2974/2000/1110 2984/3162/1109
f 2979/3177/1100 2982/3164/1102 2981/3164/1103 2980/3177/1101
f 2977/2003/1076 3012/2001/1115 3011/2001/1115 2978/2002/1077
f 2973/5096/1049 2976/2052/1051 2975/2052/1052 2974/2000/1110
f 3027/3165/1104 3030/5097/1106 3029/1998/1107 3028/3165/1105
f 3013/3169/1079 2972/1995/1081 2971/1995/1082 3014/1996/1108
f 2967/1471/1055 2970/1470/1057 2969/1470/1058 2968/1471/1056
f 4022/3165/1105 3159/3164/1103 3160/3164/1102 4021/3165/1104
f 3162/3177/1101 3163/3163/1120 3164/3163/1098 3161/3177/1100
f 4026/3161/1093 4027/2020/1092 4028/2020/1117 4025/3161/1093
f 4030/2021/1090 3165/2024/1116 3166/2024/1087 4029/2021/1089
f 3168/1995/1082 4031/1996/1108 4032/1996/1079 3167/1995/1081
f 4034/2001/1115 3169/5087/1077 3170/5087/1076 4033/2001/1115
f 3172/2009/1071 3173/2004/1121 3174/2004/1068 3171/2009/1070
f 3176/2005/1067 4015/2012/1065 4016/2012/1113 3175/2005/1066
f 3178/2051/1060 3179/1470/1111 3180/1470/1057 3177/2051/1059
f 3182/1471/1056 3183/3178/1054 3184/3178/1053 3181/1471/1055
f 3183/5167/1054 3185/1999/1052 3186/1999/1051 3184/3178/1053
f 4015/2012/1065 4017/2053/1063 4018/5168/1063 4016/5169/1113
f 3169/5087/1077 3187/2048/1075 3188/2048/1074 3170/5087/1076
f 3165/2024/1116 3189/2025/1086 3190/2025/1085 3166/2024/1087
f 3163/3163/1120 3191/2010/1097 3192/2010/1096 3164/3163/1098
f 3194/1997/1109 4019/1998/1107 4020/1998/1106 3193/1997/1109
f 4019/1998/1107 4022/3165/1105 4021/5170/1104 4020/5097/1106
f 3159/3164/1103 3162/3177/1101 3161/3177/1100 3160/3164/1102
f 3191/2010/1097 4023/2011/1095 4024/2011/1118 3192/2010/1096
f 4023/2011/1095 4026/3161/1093 4025/3161/1093 4024/5171/1118
f 4027/2020/1092 4030/2021/1090 4029/2021/1089 4028/2020/1117
f 3189/2025/1086 3195/3160/1084 3196/3160/1083 3190/2025/1085
f 3195/3160/1084 3168/1995/1082 3167/1995/1081 3196/3160/1083
f 4031/1996/1108 4034/2001/1115 4033/2001/1115 4032/5172/1079
f 3187/2048/1075 3197/2049/1073 3198/2049/1072 3188/2048/1074
f 3197/2049/1073 3172/2009/1071 3171/2009/1070 3198/2049/1072
f 3173/2004/1121 3176/2005/1067 3175/2005/1066 3174/2004/1068
f 4017/2053/1063 3199/2050/1062 3200/2050/1112 4018/2053/1063
f 3199/5173/1062 3178/2051/1060 3177/2051/1059 3200/2050/1112
f 3179/1470/1111 3182/1471/1056 3181/1471/1055 3180/1470/1057
f 3185/1999/1052 3201/2000/1110 3202/2000/1049 3186/1999/1051
f 3201/2000/1110 3194/3162/1109 3193/3162/1109 3202/2000/1049
f 4869/5174/1185 4771/5175/1186 4963/5176/1187 5061/5177/1188
f 4837/5178/1189 4741/5179/1190 4933/5180/1191 5028/5181/1192
f 3242/2464/1193 3232/2466/1194 4831/2466/1195 4872/5182/1196
f 4755/5183/1197 4753/5184/1198 4944/5185/1199 4948/5186/1200
f 4054/2001/1201 3213/5087/1202 4761/5087/1203 4759/5187/1204
f 4737/5188/1205 4834/5189/1206 5025/5190/1207 4930/5191/1208
f 4749/5192/1209 4759/5193/1204 4950/5194/1210 4942/5195/1211
f 3218/2282/1212 3215/2476/1213 4767/5196/1214 4777/2282/1215
f 3212/1995/1216 4051/1996/1217 4749/5197/1209 4747/5198/1218
f 4824/5219/1233 4788/5220/1234 4981/5221/1235 5017/5222/1236
f 3239/3160/1239 3212/1995/1216 4747/1995/1218 4863/3160/1240
f 3210/2358/1245 4049/2359/1246 4731/2359/1247 4741/5229/1190
f 3229/1999/1252 3245/2000/1253 4881/5234/1254 4815/1999/1255
f 4046/3161/1266 4047/2020/1267 4725/2020/1268 4723/5245/1269
f 4037/2053/1270 3243/2050/1271 4875/2050/1272 4821/5246/1273
f 4857/5251/1278 4723/5252/1269 4914/5253/1279 5050/5254/1280
f 4040/2471/1287 3237/2324/1288 4846/5263/1289 4855/5264/1290
f 3888/5676/1115 3889/5677/1079 3890/5678/1108 3887/5679/1115
f 3889/5677/1079 3891/5680/1081 3892/5681/1082 3890/5678/1108
f 3891/5680/1081 3893/5682/1083 3894/5683/1084 3892/5684/1082
f 3893/5682/1083 3895/5685/1085 3896/5686/1086 3894/5687/1084
f 3895/5685/1085 3897/5688/1087 3898/5689/1311 3896/5690/1086
f 3897/5688/1087 3899/5691/1089 3900/5692/1090 3898/5689/1311
f 3899/5691/1089 3901/5693/1117 3902/5694/1092 3900/5695/1090
f 3901/5693/1117 3903/5696/1093 3904/5697/1093 3902/5694/1092
f 3903/5696/1093 3905/5698/1118 3906/5699/1095 3904/5697/1093
f 3905/5698/1118 3907/5700/1096 3908/5701/1097 3906/5699/1095
f 3907/5700/1096 3909/5702/1098 3910/5703/1120 3908/5704/1097
f 3909/5702/1098 3911/5705/1100 3912/5706/1101 3910/5703/1120
f 3911/5707/1100 3913/5708/1102 3914/5709/1103 3912/5710/1101
f 3913/5708/1102 3915/5711/1104 3916/5712/1105 3914/5713/1103
f 3915/5711/1104 3917/5714/1106 3918/5715/1107 3916/5712/1105
f 3917/5714/1106 3919/5716/1109 3920/5717/1109 3918/5718/1107
f 3919/5716/1109 3921/5719/1049 3922/5720/1110 3920/5721/1109
f 3921/5722/1049 3923/5723/1051 3924/5724/1052 3922/5720/1110
f 3923/5725/1051 3925/5726/1053 3926/5727/1054 3924/5724/1052
f 3925/5726/1053 3927/5728/1055 3928/5729/1056 3926/5727/1054
f 3927/5728/1055 3929/5730/1057 3930/5731/1111 3928/5732/1056
f 3929/5730/1057 3931/5733/1059 3932/5734/1060 3930/5735/1111
f 3931/5733/1059 3933/5736/1112 3934/5737/1062 3932/5738/1060
f 3933/5736/1112 3935/5739/1063 3936/5740/1063 3934/5737/1062
f 3935/5739/1063 3937/5741/1113 3938/5742/1065 3936/5740/1063
f 3937/5741/1113 3939/5743/1066 3940/5744/1067 3938/5745/1065
f 3939/5746/1066 3941/5747/1068 3942/5748/1121 3940/5744/1067
f 3941/5747/1068 3943/5749/1070 3944/5750/1071 3942/5751/1121
f 3943/5749/1070 3945/5752/1072 3946/5753/1073 3944/5754/1071
f 3945/5752/1072 3947/5755/1074 3948/5756/1075 3946/5753/1073
f 3947/5755/1074 3949/5757/1076 3950/5758/1077 3948/5759/1075
f 3949/5760/1076 3888/5676/1115 3887/5679/1115 3950/5761/1077
f 3824/5762/1109 3825/5763/1049 3826/3718/1110 3823/3722/1109
f 3825/5763/1049 3827/5764/1051 3828/3712/1052 3826/3718/1110
f 3827/5765/1051 3829/5766/1053 3830/5767/1054 3828/3712/1052
f 3829/5766/1053 3831/5768/1055 3832/3702/1056 3830/5767/1054
f 3831/5768/1055 3833/5769/1057 3834/3703/1111 3832/3702/1056
f 3833/5769/1057 3835/5770/1059 3836/4712/1060 3834/3703/1111
f 3835/5770/1059 3837/5771/1112 3838/5772/1062 3836/4712/1060
f 3837/5771/1112 3839/5773/1063 3840/4718/1063 3838/4715/1062
f 3839/5773/1063 3841/5774/1113 3842/5775/1065 3840/4718/1063
f 3841/5776/1113 3843/5777/1066 3844/4721/1067 3842/4720/1065
f 3843/5777/1066 3845/5778/1068 3846/5779/1121 3844/4721/1067
f 3845/5778/1068 3847/5780/1070 3848/5781/1071 3846/4722/1121
f 3847/5780/1070 3849/5782/1072 3850/4730/1073 3848/4727/1071
f 3849/5783/1072 3851/5784/1074 3852/4733/1075 3850/5785/1073
f 3851/5786/1074 3853/5787/1076 3854/4740/1077 3852/4733/1075
f 3853/5788/1076 3855/5789/1115 3856/4745/1115 3854/4740/1077
f 3855/5790/1115 3857/5791/1079 3858/4748/1108 3856/4745/1115
f 3857/5792/1079 3859/5793/1081 3860/3751/1082 3858/4748/1108
f 3859/5793/1081 3861/5794/1083 3862/3748/1084 3860/3751/1082
f 3861/5794/1083 3863/5795/1085 3864/3743/1086 3862/3748/1084
f 3863/5796/1085 3865/5797/1087 3866/3740/1116 3864/3743/1086
f 3865/5798/1087 3867/5799/1089 3868/3737/1090 3866/3740/1116
f 3867/5800/1089 3869/5801/1117 3870/3734/1092 3868/3737/1090
f 3869/5802/1117 3871/5803/1093 3872/3731/1093 3870/3734/1092
f 3871/5803/1093 3873/5804/1118 3874/3726/1095 3872/3731/1093
f 3873/5804/1118 3875/5805/1096 3876/3723/1097 3874/3726/1095
f 3875/5805/1096 3877/5806/1098 3878/3719/1119 3876/3723/1097
f 3877/5807/1098 3879/5808/1100 3880/3713/1101 3878/3719/1119
f 3879/5809/1100 3881/5810/1102 3882/3709/1103 3880/3713/1101
f 3881/5811/1102 3883/5812/1104 3884/3704/1105 3882/3709/1103
f 3883/5812/1104 3885/5813/1106 3886/5814/1107 3884/3704/1105
f 3885/5815/1106 3824/5762/1109 3823/3722/1109 3886/3705/1107
f 2712/5920/83 2713/5921/83 4088/5922/83 4087/5923/83
f 2727/5942/230 2729/5943/230 4096/5944/230 4095/5945/230
f 2743/5964/55 2745/5965/55 4104/5966/55 4103/5967/55
f 2759/5986/124 2761/5987/124 4112/5988/124 4111/5989/124
f 2717/3272/71 2715/3325/71 4141/3325/1317 4147/3272/1318
f 2765/3314/71 2763/3271/71 4285/3271/1319 4291/3314/1320
f 1988/3308/37 1957/3309/37 4123/6014/740 4134/3308/1323
f 2767/3315/71 2765/3314/71 4291/3314/1320 4297/6015/763
f 2753/3278/71 2751/3331/71 4248/6016/1324 4255/6017/1325
f 2769/3262/71 2767/3315/71 4297/6018/763 4302/6019/762
f 2749/3330/71 2747/3289/775 4237/3289/1326 4243/3330/1327
f 1981/3323/37 1982/3270/37 4275/6020/1328 4270/6021/1329
f 1974/3288/1330 1975/3289/1330 4233/3289/1331 4227/6022/1332
f 4270/6023/1329 4275/3383/1328 4468/6024/1333 4461/6025/1334
f 4228/3288/1335 4234/3289/1336 4236/3289/1337 4230/3288/1338
f 1980/3322/37 1981/3323/37 4270/6026/1329 4263/3322/1339
f 5308/3288/775 5307/3247/71 4224/6027/1340 4231/6028/1341
f 1979/3279/1330 1980/3322/37 4263/3322/1339 4257/3279/1342
f 2741/3246/71 2739/3340/71 4213/3340/1343 4219/3246/1344
f 1977/3331/674 1978/3278/1330 4251/6029/1345 4246/6030/1346
f 2739/3340/71 2737/3298/71 4207/6039/1355 4213/3340/1343
f 2737/3298/71 2735/3257/71 4200/6042/1358 4207/6043/1355
f 2733/3256/71 2731/3244/71 4189/3244/1361 4195/3256/1362
f 1973/3247/1330 1974/3288/1330 4227/6046/1332 4222/6047/1363
f 2731/3244/71 5306/3243/71 4183/3245/1372 4189/3244/1361
f 5306/3243/71 5305/3265/71 4176/6058/1375 4183/3341/1372
f 4210/3299/726 4216/3246/88 4218/3246/214 4212/3340/727
f 1967/3244/37 1968/3256/37 4191/3256/1378 4185/3244/676
f 5307/3247/71 2741/3246/71 4219/3246/1344 4224/6061/1340
f 1968/3256/37 1969/3257/37 4197/6062/730 4191/3256/1378
f 4231/6063/1341 4224/6064/1340 4417/6065/1376 4422/6066/1352
f 1969/3257/37 1970/3298/674 4203/6067/731 4197/6042/730
f 2747/3289/775 5308/3288/775 4231/6068/1341 4237/3289/1326
f 1970/3298/674 1971/3299/37 4209/3299/1379 4203/6069/731
f 4234/3289/1336 4240/3330/1380 4242/3330/1381 4236/3289/1337
f 1971/3299/37 1972/3246/1382 4215/3246/1383 4209/3299/1379
f 2751/3331/71 2749/3330/71 4243/3330/1327 4248/6070/1324
f 4216/3246/88 4221/3247/1384 4225/3247/1385 4218/3246/214
f 4255/6071/1325 4248/6072/1324 4441/6073/1359 4446/6074/1386
f 2755/3279/71 2753/3278/71 4255/6079/1325 4261/3279/1391
f 2757/3322/71 2755/3279/71 4261/3279/1391 4267/3322/1396
f 1975/3289/1330 1976/3330/37 4239/3330/1397 4233/3289/1331
f 5309/3323/71 2757/3322/71 4267/3322/1396 4273/6026/791
f 4240/3330/1380 4245/3331/1398 4249/3331/1399 4242/3330/1381
f 5310/3270/71 5309/3323/71 4273/6084/791 4278/6085/790
f 2763/3271/71 5310/3270/71 4278/6090/790 4285/3271/1319
f 4290/3314/1408 4284/3271/150 4282/3271/138 4288/3314/1409
f 4123/6095/740 4125/6096/739 4318/6097/1410 4314/6098/1411
f 4258/3279/1412 4264/3322/1413 4266/3322/1414 4260/3279/1415
f 4296/3315/1416 4290/3314/1408 4288/3314/1409 4294/3315/1417
f 2715/3325/71 5304/3324/71 4128/6099/1418 4141/3325/1317
f 4264/3322/1413 4269/3323/1423 4272/3323/1424 4266/3322/1414
f 4146/3272/293 4140/3325/1425 4138/3387/1426 4144/3272/291
f 4339/3272/1430 4345/3273/1431 4341/3273/1432 4335/3272/1433
f 4494/3262/1434 4501/3263/1435 4497/3263/1436 4492/3262/1437
f 4471/6108/793 4464/6109/792 4657/6110/1438 4663/6111/1428
f 4333/3325/1439 4339/3272/1430 4335/3272/1433 4329/3387/1440
f 4320/3324/1447 4333/3325/1439 4329/3387/1440 4317/3324/1448
f 4477/3271/1457 4483/3314/1458 4479/3314/1459 4473/3271/1460
f 4470/3270/1462 4477/3271/1457 4473/3271/1460 4467/3270/1463
f 4446/6130/1386 4441/6131/1359 4633/6132/1360 4639/6133/1461
f 4438/3331/1466 4431/3330/1467 4435/3330/1468 4440/3331/1469
f 4462/3323/1470 4455/3322/1471 4459/3322/1472 4465/3323/1473
f 4431/3330/1467 4425/3289/1474 4429/3289/1475 4435/3330/1468
f 4455/3322/1471 4449/3279/1476 4453/3279/1477 4459/3322/1472
f 4425/3289/1474 4419/3288/1478 4423/3288/1479 4429/3289/1475
f 4449/3279/1476 4443/3278/1480 4447/3278/1481 4453/3279/1477
f 4422/6136/1352 4417/6137/1376 4609/6138/1377 4615/6139/1353
f 4414/3247/1486 4407/3246/1487 4411/3246/1488 4416/3247/1489
f 4407/3246/1487 4401/3299/1492 4405/3340/1493 4411/3246/1488
f 4401/3299/1492 4395/3298/1496 4399/3298/1497 4405/3340/1493
f 4398/6152/1369 4393/6153/1500 4585/6154/1501 4591/6155/1370
f 1985/3315/37 1986/3262/1330 4300/6158/772 4293/6018/771
f 2719/3273/71 2717/3272/71 4147/3272/1318 4153/6159/749
f 1978/3278/1330 1979/3279/1330 4257/3279/1342 4251/6160/1345
f 2721/3316/71 2719/3273/71 4153/6165/749 4158/6166/748
f 2771/3263/775 2769/3262/71 4302/6179/762 4309/3263/776
f 2725/3264/71 2723/3317/71 4165/3317/1519 4171/3264/1520
f 2723/3317/71 2721/3316/71 4158/6196/748 4165/3317/1519
f 1986/3262/1330 1987/3263/1330 4305/3263/1535 4300/6197/772
f 1987/3263/1330 1988/3308/37 4134/3308/1323 4305/3263/1535
f 1962/3316/674 1963/3317/37 4161/3317/741 4156/6196/758
f 4128/6214/1418 4120/6215/1550 4311/6216/1551 4321/6097/1454
f 4390/6237/733 4396/6152/732 4587/6155/1571 4581/6238/1572
f 4486/6253/774 4491/6254/773 4683/6255/1583 4677/6256/1577
f 4413/6137/1584 4420/6267/1592 4611/6139/1593 4605/6138/1585
f 4342/6275/789 4347/6276/788 4539/6277/1599 4533/6278/1594
f 4437/6131/1605 4444/6290/1609 4635/6291/1610 4629/6292/1606
f 4366/6299/761 4371/6300/760 4563/6301/1614 4557/6302/1611
f 4461/6313/1334 4468/6314/1333 4659/6111/1570 4653/6315/1619
f 4321/6318/1454 4311/6319/1551 4503/6320/1582 4513/6321/1455
f 4353/3317/1627 4348/3316/1628 4350/3316/1629 4357/3317/1630
f 4483/3314/1458 4489/3315/1631 4485/3315/1632 4479/3314/1459
f 4324/3308/1633 4312/3309/1634 4315/3309/1635 4326/3308/1636
f 4359/3264/1637 4353/3317/1627 4357/3317/1630 4363/3264/1638
f 4495/6254/765 4488/6327/764 4681/6328/1518 4687/6255/1639
f 4365/3265/1640 4359/3264/1637 4363/3264/1638 4368/3265/1641
f 4351/6335/751 4344/6336/750 4537/6337/1642 4543/6277/1645
f 4501/3263/1435 4324/3308/1633 4326/3308/1636 4497/3263/1436
f 4389/3257/1654 4383/3256/1655 4387/3256/1656 4392/3257/1657
f 4374/6300/1545 4369/6299/1658 4561/6354/1659 4567/6301/1546
f 4377/3244/1664 4372/3355/1665 4375/3243/1666 4381/3244/1667
f 4383/3256/1655 4377/3244/1664 4381/3244/1667 4387/3256/1656
f 4252/3278/1670 4258/3279/1412 4260/3279/1415 4254/3278/1671
f 1976/3330/37 1977/3331/674 4246/6361/1346 4239/3330/1397
f 4246/6362/1346 4251/6071/1345 4444/6074/1609 4437/6363/1605
f 1972/3246/1382 1973/3247/1330 4222/6364/1363 4215/3246/1383
f 4222/6365/1363 4227/6366/1332 4420/6367/1592 4413/6368/1584
f 2735/3257/71 2733/3256/71 4195/3256/1362 4200/6062/1358
f 4207/6369/1355 4200/3343/1358 4393/3346/1500 4398/6370/1369
f 5305/3265/71 2725/3264/71 4171/3264/1520 4176/6371/1375
f 4183/3363/1372 4176/3362/1375 4369/6372/1658 4374/3364/1545
f 1958/3324/37 1959/3387/37 4137/3387/794 4125/6373/739
f 4140/3325/1425 4129/3324/1672 4126/3324/1673 4138/3387/1426
f 4314/6374/1411 4318/6375/1410 4509/6376/1604 4507/6377/1625
f 5303/3309/1674 2773/3308/71 4132/3308/777 4120/6378/1550
f 1982/3270/37 1983/3271/37 4281/3271/783 4275/6379/1328
f 4284/3271/150 4279/3270/1675 4276/3270/1676 4282/3271/138
f 4125/6373/739 4137/3387/794 4139/6464/1728 4127/3324/1681
f 4127/3324/1729 4139/6464/1730 4138/3387/1426 4126/3324/1673
f 4137/3387/794 4143/3272/766 4145/3272/1731 4139/6464/1728
f 4139/6464/1730 4145/3272/508 4144/3272/291 4138/3387/1426
f 4143/3272/766 4149/3374/759 4151/3273/1732 4145/3272/1731
f 4145/3272/508 4151/3273/1733 4150/3273/796 4144/3272/291
f 4156/6196/758 4161/3317/741 4163/3317/1734 4157/3316/1735
f 4157/3316/1736 4163/3317/1737 4162/3317/297 4155/3316/781
f 4161/3317/741 4167/3264/734 4169/3264/1738 4163/3317/1734
f 4163/3317/1737 4169/3264/1739 4168/3264/767 4162/3317/297
f 4167/3264/734 4173/3347/729 4175/3265/1740 4169/3264/1738
f 4169/3264/1739 4175/3265/1741 4174/3265/768 4168/3264/767
f 4180/3245/677 4185/3244/676 4187/3244/1742 4181/3243/1743
f 4181/3243/1744 4187/3244/1745 4186/3244/742 4179/3243/752
f 4185/3244/676 4191/3256/1378 4193/3256/1746 4187/3244/1742
f 4187/3244/1745 4193/3256/1747 4192/3256/735 4186/3244/742
f 4191/3256/1378 4197/6062/730 4199/3257/1748 4193/3256/1746
f 4193/3256/1747 4199/3257/1749 4198/3257/736 4192/3256/735
f 4203/6069/731 4209/3299/1379 4211/3299/1750 4205/3298/1725
f 4205/3298/1751 4211/3299/1752 4210/3299/726 4204/3298/725
f 4209/3299/1379 4215/3246/1383 4217/3246/1753 4211/3299/1750
f 4211/3299/1752 4217/3246/1754 4216/3246/88 4210/3299/726
f 4215/3246/1383 4222/6364/1363 4223/3247/1717 4217/3246/1753
f 4217/3246/1754 4223/3247/1755 4221/3247/1384 4216/3246/88
f 4227/6022/1332 4233/3289/1331 4235/3289/1756 4229/3288/1714
f 4229/3288/1757 4235/3289/1758 4234/3289/1336 4228/3288/1335
f 4233/3289/1331 4239/3330/1397 4241/3330/1759 4235/3289/1756
f 4235/3289/1758 4241/3330/1760 4240/3330/1380 4234/3289/1336
f 4239/3330/1397 4246/6361/1346 4247/3331/1705 4241/3330/1759
f 4241/3330/1760 4247/3331/1761 4245/3331/1398 4240/3330/1380
f 4251/6160/1345 4257/3279/1342 4259/3279/1762 4253/3278/1702
f 4253/3278/1763 4259/3279/1764 4258/3279/1412 4252/3278/1670
f 4257/3279/1342 4263/3322/1339 4265/3322/1765 4259/3279/1762
f 4259/3279/1764 4265/3322/1766 4264/3322/1413 4258/3279/1412
f 4263/3322/1339 4270/6026/1329 4271/3323/1693 4265/3322/1765
f 4265/3322/1766 4271/3323/880 4269/3323/1423 4264/3322/1413
f 4275/6379/1328 4281/3271/783 4283/3271/1767 4277/3270/1690
f 4277/3270/1768 4283/3271/409 4282/3271/138 4276/3270/1676
f 4281/3271/783 4287/3314/778 4289/3314/1769 4283/3271/1767
f 4283/3271/409 4289/3314/1770 4288/3314/1409 4282/3271/138
f 4287/3314/778 4293/3376/771 4295/3315/1771 4289/3314/1769
f 4289/3314/1770 4295/3315/1772 4294/3315/1417 4288/3314/1409
f 4300/6197/772 4305/3263/1535 4307/3263/1773 4301/3262/1774
f 4301/3262/1775 4307/3263/1776 4306/3263/746 4299/3262/802
f 4305/3263/1535 4134/3308/1323 4136/6465/1777 4307/3263/1773
f 4307/3263/1776 4136/6465/1778 4135/3308/747 4306/3263/746
f 4134/3308/1323 4123/6014/740 4124/3309/1679 4136/6465/1777
f 4136/6465/1778 4124/3309/1779 4122/3309/780 4135/3308/747
f 4129/3324/1672 4140/3325/1425 4142/3325/1780 4130/3324/1781
f 4130/3324/1782 4142/3325/1783 4141/3325/1317 4128/6099/1418
f 4140/3325/1425 4146/3272/293 4148/3272/1784 4142/3325/1780
f 4142/3325/1783 4148/3272/1785 4147/3272/1318 4141/3325/1317
f 4146/3272/293 4152/3273/795 4154/3273/1786 4148/3272/1784
f 4148/3272/1785 4154/3273/1787 4153/6159/749 4147/3272/1318
f 4159/3316/782 4164/3317/294 4166/3317/1788 4160/3316/1789
f 4160/3316/1790 4166/3317/1791 4165/3317/1519 4158/6196/748
f 4164/3317/294 4170/3264/770 4172/3264/1792 4166/3317/1788
f 4166/3317/1791 4172/3264/1793 4171/3264/1520 4165/3317/1519
f 4170/3264/770 4177/3265/769 4178/3265/1794 4172/3264/1792
f 4172/3264/1793 4178/3265/1723 4176/6371/1375 4171/3264/1520
f 4182/3355/753 4188/3244/743 4190/3244/1795 4184/3243/1796
f 4184/3243/1721 4190/3244/1797 4189/3244/1361 4183/3245/1372
f 4188/3244/743 4194/3256/738 4196/3256/1798 4190/3244/1795
f 4190/3244/1797 4196/3256/1799 4195/3256/1362 4189/3244/1361
f 4194/3256/738 4201/3257/737 4202/3257/1800 4196/3256/1798
f 4196/3256/1799 4202/3257/1710 4200/6062/1358 4195/3256/1362
f 4206/3298/728 4212/3340/727 4214/3299/1801 4208/3298/1802
f 4208/3298/1709 4214/3299/1803 4213/3340/1343 4207/6039/1355
f 4212/3340/727 4218/3246/214 4220/3246/1804 4214/3299/1801
f 4214/3299/1803 4220/3246/1805 4219/3246/1344 4213/3340/1343
f 4218/3246/214 4225/3247/1385 4226/3247/1806 4220/3246/1804
f 4220/3246/1805 4226/3247/1698 4224/6061/1340 4219/3246/1344
f 4230/3288/1338 4236/3289/1337 4238/3289/1807 4232/3288/1808
f 4232/3288/1697 4238/3289/1809 4237/3289/1326 4231/6068/1341
f 4236/3289/1337 4242/3330/1381 4244/3330/1810 4238/3289/1807
f 4238/3289/1809 4244/3330/1811 4243/3330/1327 4237/3289/1326
f 4242/3330/1381 4249/3331/1399 4250/3331/1812 4244/3330/1810
f 4244/3330/1811 4250/3331/1686 4248/6070/1324 4243/3330/1327
f 4254/3278/1671 4260/3279/1415 4262/3279/1813 4256/3278/1814
f 4256/3278/1685 4262/3279/1815 4261/3279/1391 4255/6079/1325
f 4260/3279/1415 4266/3322/1414 4268/3322/1816 4262/3279/1813
f 4262/3279/1815 4268/3322/1817 4267/3322/1396 4261/3279/1391
f 4266/3322/1414 4272/3323/1424 4274/3323/877 4268/3322/1816
f 4268/3322/1817 4274/3323/1818 4273/6026/791 4267/3322/1396
f 4279/3270/1675 4284/3271/150 4286/3271/404 4280/3270/1819
f 4280/3270/1820 4286/3271/1821 4285/3271/1319 4278/6090/790
f 4284/3271/150 4290/3314/1408 4292/3314/1822 4286/3271/404
f 4286/3271/1821 4292/3314/1823 4291/3314/1320 4285/3271/1319
f 4290/3314/1408 4296/3315/1416 4298/3315/1824 4292/3314/1822
f 4292/3314/1823 4298/3315/1825 4297/6015/763 4291/3314/1320
f 4303/3262/801 4308/3263/745 4310/6466/1826 4304/3262/1827
f 4304/3262/1828 4310/6466/1829 4309/3263/776 4302/6179/762
f 4308/3263/745 4131/3308/744 4133/3308/1830 4310/6466/1826
f 4310/6466/1829 4133/3308/1831 4132/3308/777 4309/3263/776
f 4131/3308/744 4119/3309/779 4121/3309/1832 4133/3308/1830
f 4133/3308/1831 4121/3309/1833 4120/6378/1550 4132/3308/777
f 5304/3324/71 5303/3348/1674 4120/3350/1550 4128/3349/1418
f 4508/6713/1976 4511/6714/1977 4510/3324/1650 4506/3348/755
f 4509/6715/1604 4521/6464/1589 4523/3325/1978 4511/6714/1974
f 4511/6714/1977 4523/3325/1979 4522/3325/1504 4510/3324/1650
f 4521/3387/1589 4527/3272/1588 4529/3272/1980 4523/3325/1978
f 4523/3325/1979 4529/3272/1981 4528/3272/1505 4522/3325/1504
f 4527/3272/1588 4533/6716/1594 4535/6717/1982 4529/3272/1980
f 4529/3272/1981 4535/6717/1983 4534/3273/1531 4528/3272/1505
f 4535/6717/1983 4541/6722/1985 4540/3316/1532 4534/3273/1531
f 4539/6723/1599 4545/6724/1603 4547/3317/1986 4541/6722/1984
f 4541/6722/1985 4547/3317/1987 4546/3317/1552 4540/3316/1532
f 4545/3317/1603 4551/3264/1608 4553/3264/1988 4547/3317/1986
f 4547/3317/1987 4553/3264/1989 4552/3264/1553 4546/3317/1552
f 4551/3264/1608 4557/6725/1611 4559/6726/1990 4553/3264/1988
f 4553/3264/1989 4559/6726/1991 4558/3265/1560 4552/3264/1553
f 4559/6726/1991 4565/6731/1993 4564/3243/1566 4558/3265/1560
f 4563/6732/1614 4569/3244/1618 4571/3244/1994 4565/6731/1992
f 4565/6731/1993 4571/3244/1995 4570/3244/1643 4564/3243/1566
f 4569/3244/1618 4575/3256/1621 4577/3256/1996 4571/3244/1994
f 4571/3244/1995 4577/3256/1997 4576/3256/1646 4570/3244/1643
f 4575/3256/1621 4581/6733/1572 4583/6734/1998 4577/3256/1996
f 4577/3256/1997 4583/6734/1999 4582/3257/1556 4576/3256/1646
f 4583/6734/1999 4589/6737/2001 4588/3298/1557 4582/3257/1556
f 4587/6738/1571 4593/3299/1576 4595/3299/2002 4589/6737/2000
f 4589/6737/2001 4595/3299/2003 4594/3299/1660 4588/3298/1557
f 4593/3299/1576 4599/3246/1579 4601/3246/2004 4595/3299/2002
f 4595/3299/2003 4601/3246/2005 4600/3246/1662 4594/3299/1660
f 4599/3246/1579 4605/6739/1585 4607/6740/2006 4601/3246/2004
f 4601/3246/2005 4607/6740/2007 4606/3247/1668 4600/3246/1662
f 4607/6740/2007 4613/6745/2009 4612/3288/1502 4606/3247/1668
f 4611/6746/1593 4617/3289/1598 4619/3289/2010 4613/6745/2008
f 4613/6745/2009 4619/3289/2011 4618/3289/1498 4612/3288/1502
f 4617/3289/1598 4623/3330/1601 4625/3330/2012 4619/3289/2010
f 4619/3289/2011 4625/3330/2013 4624/3330/1494 4618/3289/1498
f 4623/3330/1601 4629/6747/1606 4631/6748/2014 4625/3330/2012
f 4625/3330/2013 4631/6748/2015 4630/3331/1490 4624/3330/1494
f 4631/6748/2015 4637/6753/2017 4636/3278/1482 4630/3331/1490
f 4635/6754/1610 4641/3279/1613 4643/3279/2018 4637/6753/2016
f 4637/6753/2017 4643/3279/2019 4642/3279/1483 4636/3278/1482
f 4641/3279/1613 4647/3322/1616 4649/3322/2020 4643/3279/2018
f 4643/3279/2019 4649/3322/2021 4648/3322/1313 4642/3279/1483
f 4647/3322/1616 4653/6755/1619 4655/6756/2022 4649/3322/2020
f 4649/3322/2021 4655/6756/2023 4654/3323/1314 4648/3322/1313
f 4655/6756/2023 4661/6761/2025 4660/3270/1321 4654/3323/1314
f 4659/6762/1570 4665/3271/1569 4667/3271/2026 4661/6761/2024
f 4661/6761/2025 4667/3271/2027 4666/3271/1464 4660/3270/1321
f 4665/3271/1569 4671/3314/1574 4673/3314/2028 4667/3271/2026
f 4667/3271/2027 4673/3314/2029 4672/3314/1521 4666/3271/1464
f 4671/3314/1574 4677/6763/1577 4679/6764/2030 4673/3314/2028
f 4673/3314/2029 4679/6764/2031 4678/3315/1449 4672/3314/1521
f 4679/6764/2031 4685/6769/2033 4684/3262/1441 4678/3315/1449
f 4683/6770/1583 4689/3263/1591 4691/3263/2034 4685/6769/2032
f 4685/6769/2033 4691/3263/2035 4690/3263/1442 4684/3262/1441
f 4689/3263/1591 4518/3308/1626 4520/3308/2036 4691/3263/2034
f 4691/3263/2035 4520/3308/2037 4519/3308/754 4690/3263/1442
f 4518/3308/1626 4507/6771/1625 4508/3309/1975 4520/3308/2036
f 4520/3308/2037 4508/3309/1976 4506/3309/755 4519/3308/754
f 4504/3348/756 4512/3324/1651 4514/6714/2038 4505/6713/2039
f 4512/3324/1651 4524/3325/1507 4526/3325/2042 4514/6714/2038
f 4514/6714/2041 4526/3325/2043 4525/3325/1456 4513/6715/1455
f 4524/3325/1507 4530/3272/1506 4532/3272/2044 4526/3325/2042
f 4526/3325/2043 4532/3272/2045 4531/3272/1623 4525/3325/1456
f 4530/3272/1506 4536/3273/1534 4538/6717/2046 4532/3272/2044
f 4532/3272/2045 4538/6717/2047 4537/6716/1642 4531/3272/1623
f 4536/3273/1534 4542/3316/1533 4544/6722/2048 4538/6717/2046
f 4542/3316/1533 4548/3317/1555 4550/3317/2050 4544/6722/2048
f 4544/6722/2049 4550/3317/2051 4549/3317/1649 4543/6780/1645
f 4548/3317/1555 4554/3264/1554 4556/3264/2052 4550/3317/2050
f 4550/3317/2051 4556/3264/2053 4555/3264/1653 4549/6724/1649
f 4554/3264/1554 4560/3265/1561 4562/6726/2054 4556/3264/2052
f 4556/3264/2053 4562/6726/2055 4561/6725/1659 4555/3264/1653
f 4560/3265/1561 4566/3243/1567 4568/6731/2056 4562/6726/2054
f 4566/3243/1567 4572/3244/1644 4574/3244/2058 4568/6731/2056
f 4568/6731/2057 4574/3244/2059 4573/3244/1547 4567/6785/1546
f 4572/3244/1644 4578/3256/1647 4580/3256/2060 4574/3244/2058
f 4574/3244/2059 4580/3256/2061 4579/3256/1549 4573/3244/1547
f 4578/3256/1647 4584/3257/1559 4586/6734/2062 4580/3256/2060
f 4580/3256/2061 4586/6734/2063 4585/6786/1501 4579/3256/1549
f 4584/3257/1559 4590/3298/1558 4592/6737/2064 4586/6734/2062
f 4590/3298/1558 4596/3299/1661 4598/6791/2066 4592/6737/2064
f 4592/6737/2065 4598/6791/2067 4597/3340/1371 4591/6792/1370
f 4596/3299/1661 4602/3246/1663 4604/3246/2068 4598/6791/2066
f 4598/6791/2067 4604/3246/2069 4603/3246/1374 4597/3340/1371
f 4602/3246/1663 4608/3247/1669 4610/6740/2070 4604/3246/2068
f 4604/3246/2069 4610/6740/2071 4609/6793/1377 4603/3246/1374
f 4608/3247/1669 4614/3288/1503 4616/6745/2072 4610/6740/2070
f 4614/3288/1503 4620/3289/1499 4622/3289/2074 4616/6745/2072
f 4616/6745/2073 4622/3289/2075 4621/3289/1354 4615/6746/1353
f 4620/3289/1499 4626/3330/1495 4628/3330/2076 4622/3289/2074
f 4622/3289/2075 4628/3330/2077 4627/3330/1357 4621/3289/1354
f 4626/3330/1495 4632/3331/1491 4634/6748/2078 4628/3330/2076
f 4628/3330/2077 4634/6748/2079 4633/6797/1360 4627/3330/1357
f 4632/3331/1491 4638/3278/1485 4640/6753/2080 4634/6748/2078
f 4638/3278/1485 4644/3279/1484 4646/3279/2082 4640/6753/2080
f 4640/6753/2081 4646/3279/2083 4645/3279/1452 4639/6754/1461
f 4644/3279/1484 4650/3322/1316 4652/3322/2084 4646/3279/2082
f 4646/3279/2083 4652/3322/2085 4651/3322/1446 4645/3279/1452
f 4650/3322/1316 4656/3323/1315 4658/6756/2086 4652/3322/2084
f 4652/3322/2085 4658/6756/2087 4657/6802/1438 4651/3322/1446
f 4656/3323/1315 4662/3270/1322 4664/6761/2088 4658/6756/2086
f 4662/3270/1322 4668/3271/1465 4670/3271/2090 4664/6761/2088
f 4664/6761/2089 4670/3271/2091 4669/3271/1429 4663/6762/1428
f 4668/3271/1465 4674/3314/1522 4676/6807/2092 4670/3271/2090
f 4670/3271/2091 4676/6807/2093 4675/3314/1517 4669/3271/1429
f 4674/3314/1522 4680/3315/1450 4682/6764/2094 4676/6807/2092
f 4676/6807/2093 4682/6764/2095 4681/6808/1518 4675/3314/1517
f 4680/3315/1450 4686/3262/1444 4688/6769/2096 4682/6764/2094
f 4686/3262/1444 4692/3263/1443 4694/3263/2098 4688/6769/2096
f 4688/6769/2097 4694/3263/2099 4693/3263/1596 4687/6812/1639
f 4692/3263/1443 4515/3308/757 4517/6465/2100 4694/3263/2098
f 4694/3263/2099 4517/6465/2101 4516/3308/1581 4693/3263/1596
f 4515/3308/757 4504/3309/756 4505/3309/2039 4517/6465/2100
f 4517/6465/2101 4505/3309/2040 4503/6813/1582 4516/3308/1581
f 5034/2301/2102 4908/2182/2103 5101/2182/2104 5227/6814/2105
f 4986/2051/2114 4989/6823/2115 5181/1470/2116 5179/2051/2117
f 4050/2021/2118 3209/2024/1281 4737/6824/1205 4735/2021/2119
f 5070/2350/2120 5017/6825/1236 5209/2351/2121 5263/2350/2122
f 4890/3165/2131 4893/6834/2132 5085/3164/2133 5083/3165/2134
f 3244/2350/2135 4038/2351/2136 4824/6835/1233 4879/2350/2137
f 5052/6836/2138 5034/2301/2102 5227/2301/2105 5245/2300/2139
f 4887/6841/2142 4896/6842/2143 4894/6843/2144 4891/6844/2145
f 3222/2051/2150 3223/1470/2106 4798/6849/2109 4795/2051/2151
f 3216/2009/2158 3217/2004/2159 4773/2004/2160 4771/6858/1186
f 4767/6863/1214 4872/6864/1196 5065/6865/2165 4959/6866/2166
f 3238/1997/2167 4039/1998/2168 4851/1998/2169 4848/6867/2170
f 4968/2282/2171 4959/6868/2166 5151/2476/2172 5161/2282/2173
f 3235/2010/2174 4043/2011/2175 4857/6873/1278 4839/2010/2176
f 4966/2004/2180 4974/2005/2181 5167/2005/2182 5157/2004/2183
f 3231/2048/2184 3241/2049/2177 4869/6880/1185 4827/2048/2185
f 4981/6885/1235 4972/2283/2190 5163/2283/2191 5173/2276/2192
f 4052/2487/2193 3211/2467/2194 4743/2467/2195 4753/6886/1198
f 3233/2025/1282 3239/3160/1239 4863/3160/1240 4834/6893/1206
f 4039/1998/2168 4042/6898/2206 4699/6898/2207 4851/1998/2169
f 3217/2004/2159 3220/2005/2208 4783/2005/2209 4773/2004/2160
f 4048/2458/2210 4045/4472/2211 4719/6899/2212 4729/2458/2213
f 4042/3165/2206 3203/3164/2123 4701/6908/2126 4699/3165/2207
f 4881/6911/1254 4848/6912/2170 5041/6913/2222 5074/6914/2223
f 3220/2005/2208 4035/2012/2218 4785/6917/2219 4783/2005/2209
f 3207/3163/2226 3235/2010/2174 4839/2010/2176 4713/3163/2227
f 4846/6922/1289 4885/6923/2232 5076/6924/2147 5037/6925/2146
f 3243/2050/1271 3222/2051/2150 4795/2051/2151 4875/2050/1272
f 3204/2334/2111 4041/2335/2178 4695/2335/2179 4705/6934/2112
f 4708/6939/2113 4705/6940/2112 4897/6941/2245 4899/6942/2246
f 4803/6956/2255 4801/6957/2256 4992/6958/2257 4996/6959/2258
f 4044/2300/2259 3236/2301/2186 4843/2301/2189 4861/6960/2260
f 3227/3178/2261 3229/1999/1252 4815/1999/1255 4809/3178/2262
f 4719/6961/2212 4861/6962/2260 5052/6963/2138 4912/6964/2263
f 3228/2461/2264 3225/2455/2265 4803/6965/2255 4813/2461/2266
f 4930/6966/1208 5025/6967/1207 5217/2025/2267 5121/2024/2268
f 4998/6968/2269 5002/3178/2270 5193/3178/2271 5191/1471/2272
f 5038/6969/2273 5047/6970/2274 5043/6971/2275 5040/6972/2276
f 5076/6973/2147 5010/2481/2277 5203/2481/2278 5269/2325/2148
f 4995/6974/2279 5005/6975/2280 5001/6976/2281 4999/6977/2282
f 4914/6978/1279 4918/2020/2283 5109/2020/2284 5107/3161/2285
f 5002/3178/2270 5008/1999/2286 5199/1999/2287 5193/3178/2271
f 5049/6979/2288 5031/6980/2289 5035/6981/2290 5053/6982/2291
f 4905/6987/2294 4902/6988/2295 4900/6989/2296 4909/6990/2297
f 5071/6991/2298 4983/6992/2299 4987/6993/2300 5067/6994/2301
f 5050/6995/1280 4914/6996/1279 5107/6997/2285 5241/2011/2302
f 4983/6992/2299 4993/6998/2303 4990/6999/2304 4987/7000/2300
f 4989/7005/2115 4998/7006/2269 5191/1471/2272 5181/1470/2116
f 5047/6970/2274 4887/6841/2142 4891/7007/2145 5043/7008/2275
f 5023/7009/2307 5064/7010/2308 5062/7011/2309 5019/7012/2310
f 4903/7013/2311 4906/3163/2312 5097/3163/2313 5095/3177/2314
f 5068/2050/2315 4986/2051/2114 5179/2051/2117 5259/2050/2316
f 4893/7014/2132 4903/7015/2311 5095/3177/2314 5085/3164/2133
f 5074/7016/2223 5041/7017/2222 5233/3162/2317 5265/2000/2318
f 5016/7018/2319 5071/7019/2298 5067/7020/2301 5013/7021/2320
f 4906/3163/2312 5032/2010/2321 5223/2010/2322 5097/3163/2313
f 4974/2005/2181 4977/7022/2323 5169/2012/2324 5167/2005/2182
f 4978/7023/2325 4975/7024/2326 4971/7025/2327 4980/7026/2328
f 5236/7027/2329 5082/7028/2330 5080/7029/2331 5238/7030/2332
f 4972/2283/2190 4968/2282/2171 5161/2282/2173 5163/2283/2191
f 4888/2335/2333 5046/2484/2334 5239/2484/2335 5079/7031/2336
f 4977/7032/2323 5014/7033/2337 5205/2053/2338 5169/7034/2324
f 4963/7035/1187 4966/2004/2180 5157/2004/2183 5155/2009/2339
f 4911/7036/2340 4921/7037/2341 4917/7038/2342 4915/7039/2343
f 4975/7040/2326 4965/7041/2344 4969/7042/2345 4971/7043/2327
f 3246/2325/2346 3230/2481/2347 4819/2481/2348 4885/7044/2232
f 4897/7053/2245 4888/2335/2333 5079/2335/2336 5089/7054/2305
f 3206/3177/2124 3207/3163/2226 4713/3163/2227 4711/7055/2125
f 5008/1999/2286 5074/7056/2223 5265/2000/2318 5199/1999/2287
f 4926/2021/2351 4930/7057/1208 5121/2024/2268 5119/2021/2352
f 4047/7058/1267 4050/2021/2118 4735/2021/2119 4725/7058/1268
f 5010/2481/2277 5004/2461/2353 5197/2461/2354 5203/2481/2278
f 5004/2461/2353 4996/7059/2258 5187/2455/2293 5197/2461/2354
f 4924/2359/2359 4920/2458/2360 5113/2458/2361 5115/2359/2362
f 4936/2467/2369 5058/2286/2370 5251/2286/2371 5127/2467/2372
f 4935/7085/2373 4945/7086/2374 4941/7087/2375 4939/7088/2376
f 3224/2456/2350 3221/2478/2140 4791/2478/2141 4801/7089/2256
f 5058/2286/2370 5028/7090/1192 5221/2287/2377 5251/2286/2371
f 3240/2286/2378 3234/2287/2349 4837/7091/1189 4867/2286/2379
f 5020/2048/2380 5061/7092/1188 5253/2049/2381 5211/2048/2382
f 4954/5087/2387 5020/2048/2380 5211/2048/2382 5145/5087/2388
f 4950/7099/1210 4954/5087/2387 5145/5087/2388 5143/2001/2391
f 3214/2294/1223 4053/2295/2400 4755/7108/1197 4765/7109/1224
f 5086/7114/2403 5094/7115/2404 5092/7116/2405 5088/7117/2406
f 5098/7118/2407 5224/7119/2408 5226/7120/2409 5100/7121/2410
f 5110/7122/2411 5118/7123/2412 5116/7124/2413 5112/7125/2414
f 5122/7126/2415 5218/7127/2416 5220/7128/2417 5124/7129/2418
f 5134/7130/2419 5142/7131/2420 5140/7132/2421 5136/7133/2422
f 5146/7134/2423 5212/7135/2424 5214/7136/2425 5148/7137/2426
f 5158/7138/2427 5166/7139/2428 5164/7140/2429 5160/7141/2430
f 5170/7142/2431 5206/7143/2432 5208/7144/2433 5172/7145/2434
f 5182/7146/2435 5190/7147/2436 5188/7148/2437 5184/7149/2438
f 5194/7150/2439 5200/7151/2440 5202/7152/2441 5196/7153/2442
f 5200/7154/2440 5266/7155/2443 5268/7156/2444 5202/7157/2441
f 5260/7158/2445 5178/7159/2446 5176/7160/2447 5262/7161/2448
f 5254/7162/2449 5154/7163/2450 5152/7164/2451 5256/7165/2452
f 5248/7166/2453 5130/7167/2454 5128/7168/2455 5250/7169/2456
f 5242/7170/2457 5106/7171/2458 5104/7172/2459 5244/7173/2460
f 5082/7174/2330 5086/7175/2403 5088/7176/2406 5080/7177/2331
f 5094/7178/2404 5098/7179/2407 5100/7180/2410 5092/7181/2405
f 5266/7182/2443 5232/7183/2461 5230/7184/2462 5268/7185/2444
f 5106/7186/2458 5110/7187/2411 5112/7188/2414 5104/7189/2459
f 5118/7190/2412 5122/7191/2415 5124/7192/2418 5116/7193/2413
f 5224/7194/2408 5242/7195/2457 5244/7196/2460 5226/7197/2409
f 5130/7198/2454 5134/7199/2419 5136/7200/2422 5128/7201/2455
f 5142/7202/2420 5146/7203/2423 5148/7204/2426 5140/7205/2421
f 5218/7206/2416 5248/7207/2453 5250/7208/2456 5220/7209/2417
f 5154/7210/2450 5158/7211/2427 5160/7212/2430 5152/7213/2451
f 5166/7214/2428 5170/7215/2431 5172/7216/2434 5164/7217/2429
f 5212/7218/2424 5254/7219/2449 5256/7220/2452 5214/7221/2425
f 5178/7222/2446 5182/7223/2435 5184/7224/2438 5176/7225/2447
f 5190/7226/2436 5194/7227/2439 5196/7228/2442 5188/7229/2437
f 5206/7230/2432 5260/7231/2445 5262/7232/2448 5208/7233/2433
f 5232/7234/2461 5236/7235/2329 5238/7236/2332 5230/7237/2462
f 4918/7058/2283 4926/2021/2351 5119/2021/2352 5109/7238/2284
f 5005/6975/2280 5011/7239/2463 5007/7240/2464 5001/6976/2281
f 5014/7241/2337 5068/2050/2315 5259/2050/2316 5205/2053/2338
f 4920/2458/2360 4912/7242/2263 5103/4472/2363 5113/2458/2361
f 4923/7243/2465 4932/7244/2466 4929/7245/2467 4927/7246/2468
f 5041/7247/2222 5044/1998/2469 5235/1998/2470 5233/1997/2317
f 4921/7248/2341 4923/7249/2465 4927/7250/2468 4917/7251/2342
f 5011/7252/2463 5077/7253/2471 5073/7254/2472 5007/7255/2464
f 5046/5264/2334 5037/7256/2146 5229/2324/2149 5239/5264/2335
f 4933/7257/1191 4924/2359/2359 5115/2359/2362 5125/7258/2473
f 5056/3160/2474 4938/1995/2475 5131/1995/2476 5247/3160/2477
f 5029/7263/2478 5059/7264/2479 5055/7265/2480 5026/7266/2481
f 4992/7267/2257 4984/2478/2482 5175/2478/2483 5185/7268/2292
f 5059/7269/2479 4935/7270/2373 4939/7271/2376 5055/7265/2480
f 5032/2010/2321 5050/7272/1280 5241/2011/2302 5223/2010/2322
f 5022/2465/2484 4956/7273/2485 5149/2294/2486 5215/7274/2487
f 4942/7275/1211 4950/7276/1210 5143/2001/2391 5133/7277/2488
f 4957/7278/2489 5023/7279/2307 5019/7280/2310 4953/7281/2490
f 4938/1995/2475 4942/7282/1211 5133/1996/2488 5131/1995/2476
f 4965/7283/2344 4962/7284/2491 4960/7285/2492 4969/7286/2345
f 4947/7295/2495 4957/7296/2489 4953/7297/2490 4951/7298/2496
f 4956/2294/2485 4948/7299/1200 5139/2295/2494 5149/2294/2486
f 5065/7300/2165 5022/2466/2484 5215/2466/2487 5257/2464/2497
f 4944/7301/1199 4936/7302/2369 5127/2467/2372 5137/2487/2493
f 5061/7303/1188 4963/7304/1187 5155/2009/2339 5253/2049/2381
f 5031/6980/2289 4905/7305/2294 4909/7306/2297 5035/6981/2290
f 5025/7307/1207 5056/3160/2474 5247/3160/2477 5217/2025/2267
f 5044/1998/2469 4890/6898/2131 5083/6898/2134 5235/1998/2470
f 4701/7311/2126 4711/7312/2125 4903/7313/2311 4893/7314/2132
f 3226/1471/2107 3227/3178/2261 4809/3178/2262 4807/7323/2108
f 4984/2478/2482 5070/2350/2120 5263/2350/2122 5175/2478/2483
f 4798/7324/2109 4807/7325/2108 4998/7326/2269 4989/7327/2115
f 4036/2276/2368 3219/2277/2156 4779/2283/2157 4788/7328/1234
f 4785/7329/2219 4821/7330/1273 5014/7331/2337 4977/7332/2323
f 3213/5087/1202 3231/2048/2184 4827/2048/2185 4761/5087/1203
f 4908/2182/2103 4899/7351/2246 5091/2183/2306 5101/2182/2104
f 3208/2182/2187 3205/2183/2110 4708/7352/2113 4717/2182/2188
f 4699/3165/2207 4701/6908/2126 4703/3164/2506 4700/3165/2507
f 4711/7055/2125 4713/3163/2227 4715/3163/2519 4712/3177/2520
f 4723/5245/1269 4725/2020/1268 4727/2020/2529 4724/3161/2530
f 4735/2021/2119 4737/6824/1205 4739/2024/2540 4736/2021/2541
f 4747/5198/1218 4749/5197/1209 4751/1996/2552 4748/1995/2553
f 4759/5187/1204 4761/5087/1203 4763/5087/2563 4760/2001/2564
f 4771/6858/1186 4773/2004/2160 4775/2004/2573 4772/2009/2574
f 4783/2005/2209 4785/6917/2219 4787/2012/2581 4784/2005/2582
f 4795/2051/2151 4798/6849/2109 4799/1470/2517 4796/2051/2591
f 4807/7323/2108 4809/3178/2262 4811/3178/2598 4808/1471/2599
f 4848/6867/2170 4851/1998/2169 4853/7507/2624 4850/1997/2560
f 4839/2010/2176 4857/6873/1278 4859/2011/2633 4841/7519/2620
f 4834/6893/1206 4863/3160/1240 4865/3160/2637 4835/2025/2638
f 4827/2048/2185 4869/6880/1185 4871/2049/2647 4829/2048/2614
f 4821/5246/1273 4875/2050/1272 4877/2050/2653 4823/2053/2533
f 4815/1999/1255 4881/5234/1254 4883/2000/2660 4817/1999/2608
f 4891/6844/2145 4894/6843/2144 4895/3164/2666 4892/7566/2667
f 4892/7566/2668 4895/3164/2602 4893/6834/2132 4890/3165/2131
f 4896/6842/2143 4887/6841/2142 4889/2335/2669 4898/2334/2670
f 4898/2334/2671 4889/2335/2672 4888/2335/2333 4897/7053/2245
f 4902/6988/2295 4905/6987/2294 4907/7567/2673 4904/3177/2674
f 4904/3177/2544 4907/7567/2675 4906/3163/2312 4903/7013/2311
f 4909/6990/2297 4900/6989/2296 4901/2183/2676 4910/2182/2677
f 4910/2182/2678 4901/2183/2679 4899/7351/2246 4908/2182/2103
f 4915/7039/2343 4917/7038/2342 4919/7568/2680 4916/3161/2681
f 4916/3161/2682 4919/7568/2683 4918/2020/2283 4914/6978/1279
f 4921/7037/2341 4911/7036/2340 4913/4472/2684 4922/2458/2685
f 4922/2458/2686 4913/4472/2687 4912/7242/2263 4920/2458/2360
f 4927/7246/2468 4929/7245/2467 4931/2024/2688 4928/7569/2689
f 4928/7569/2690 4931/2024/2691 4930/7057/1208 4926/2021/2351
f 4932/7244/2466 4923/7243/2465 4925/2359/2692 4934/2358/2693
f 4934/2358/2694 4925/2359/2695 4924/2359/2359 4933/7257/1191
f 4939/7088/2376 4941/7087/2375 4943/1996/2696 4940/7570/2697
f 4940/7570/2698 4943/1996/2699 4942/7282/1211 4938/1995/2475
f 4945/7086/2374 4935/7085/2373 4937/2467/2700 4946/2487/2701
f 4946/2487/2702 4937/2467/2703 4936/7302/2369 4944/7301/1199
f 4951/7298/2496 4953/7297/2490 4955/7571/2704 4952/2001/2705
f 4952/2001/2706 4955/7571/2707 4954/5087/2387 4950/7099/1210
f 4957/7296/2489 4947/7295/2495 4949/4474/2708 4958/2294/2709
f 4958/2294/2710 4949/4474/2711 4948/7299/1200 4956/2294/2485
f 4962/7284/2491 4965/7283/2344 4967/7572/2712 4964/2009/2713
f 4964/2009/2627 4967/7572/2714 4966/2004/2180 4963/7035/1187
f 4969/7286/2345 4960/7285/2492 4961/2476/2715 4970/2282/2716
f 4970/2282/2717 4961/2476/2718 4959/6868/2166 4968/2282/2171
f 4975/7024/2326 4978/7023/2325 4979/7573/2719 4976/7574/2720
f 4976/7574/2721 4979/7573/2585 4977/7022/2323 4974/2005/2181
f 4980/7026/2328 4971/7025/2327 4973/2283/2722 4982/2276/2723
f 4982/2276/2724 4973/2283/2725 4972/2283/2190 4981/6885/1235
f 4987/7000/2300 4990/6999/2304 4991/1470/2726 4988/7575/2727
f 4988/7575/2728 4991/1470/2516 4989/6823/2115 4986/2051/2114
f 4993/6998/2303 4983/6992/2299 4985/2478/2729 4994/2456/2730
f 4994/2456/2731 4985/2478/2732 4984/2478/2482 4992/7267/2257
f 4999/6977/2282 5001/6976/2281 5003/7576/2733 5000/1471/2734
f 5000/1471/2735 5003/7576/2736 5002/3178/2270 4998/6968/2269
f 5005/6975/2280 4995/6974/2279 4997/2455/2737 5006/2461/2738
f 5006/2461/2739 4997/2455/2740 4996/7059/2258 5004/2461/2353
f 5001/6976/2281 5007/7240/2464 5009/7577/2741 5003/7576/2733
f 5003/7576/2736 5009/7577/2742 5008/1999/2286 5002/3178/2270
f 5011/7239/2463 5005/6975/2280 5006/2461/2738 5012/2481/2743
f 5012/2481/2744 5006/2461/2739 5004/2461/2353 5010/2481/2277
f 4953/7281/2490 5019/7280/2310 5021/7578/2745 4955/7571/2704
f 4955/7571/2707 5021/7578/2746 5020/2048/2380 4954/5087/2387
f 5023/7279/2307 4957/7278/2489 4958/2294/2709 5024/2466/2747
f 5024/2466/2748 4958/2294/2710 4956/7273/2485 5022/2465/2484
f 4905/7305/2294 5031/6980/2289 5033/7579/2749 4907/7567/2673
f 4907/7567/2675 5033/7579/2750 5032/2010/2321 4906/3163/2312
f 5035/6981/2290 4909/7306/2297 4910/2182/2677 5036/2301/2751
f 5036/2301/2752 4910/2182/2678 4908/2182/2103 5034/2301/2102
f 5040/6972/2276 5043/6971/2275 5045/7580/2753 5042/1997/2754
f 5042/1997/2561 5045/7580/2755 5044/1998/2469 5041/7247/2222
f 5047/6970/2274 5038/6969/2273 5039/2324/2756 5048/2484/2757
f 5048/2484/2758 5039/2324/2759 5037/7256/2146 5046/5264/2334
f 5043/7008/2275 4891/7007/2145 4892/7566/2667 5045/7580/2753
f 5045/7580/2755 4892/7566/2668 4890/6898/2131 5044/1998/2469
f 4887/6841/2142 5047/6970/2274 5048/2484/2757 4889/2335/2669
f 4889/2335/2672 5048/2484/2758 5046/2484/2334 4888/2335/2333
f 5031/6980/2289 5049/6979/2288 5051/2011/2760 5033/7579/2749
f 5033/7579/2750 5051/2011/2761 5050/7272/1280 5032/2010/2321
f 5053/6982/2291 5035/6981/2290 5036/2301/2751 5054/2300/2762
f 5054/2300/2763 5036/2301/2752 5034/2301/2102 5052/6836/2138
f 4917/7251/2342 4927/7250/2468 4928/7569/2689 4919/7568/2680
f 4919/7568/2683 4928/7569/2690 4926/2021/2351 4918/7058/2283
f 4923/7249/2465 4921/7248/2341 4922/2458/2685 4925/2359/2692
f 4925/2359/2695 4922/2458/2686 4920/2458/2360 4924/2359/2359
f 5026/7266/2481 5055/7265/2480 5057/7581/2764 5027/2025/2765
f 5027/2025/2766 5057/7581/2767 5056/3160/2474 5025/7307/1207
f 5059/7264/2479 5029/7263/2478 5030/2287/2768 5060/2286/2769
f 5060/2286/2770 5030/2287/2771 5028/7090/1192 5058/2286/2370
f 5055/7265/2480 4939/7271/2376 4940/7570/2697 5057/7581/2764
f 5057/7581/2767 4940/7570/2698 4938/1995/2475 5056/3160/2474
f 4935/7270/2373 5059/7269/2479 5060/2286/2769 4937/2467/2700
f 4937/2467/2703 5060/2286/2770 5058/2286/2370 4936/2467/2369
f 5019/7012/2310 5062/7011/2309 5063/2049/2772 5021/7578/2745
f 5021/7578/2746 5063/2049/2662 5061/7092/1188 5020/2048/2380
f 5064/7010/2308 5023/7009/2307 5024/2466/2747 5066/2464/2773
f 5066/2464/2774 5024/2466/2748 5022/2466/2484 5065/7300/2165
f 4965/7041/2344 4975/7040/2326 4976/7574/2720 4967/7572/2712
f 4967/7572/2714 4976/7574/2721 4974/2005/2181 4966/2004/2180
f 4971/7043/2327 4969/7042/2345 4970/2282/2716 4973/2283/2722
f 4973/2283/2725 4970/2282/2717 4968/2282/2171 4972/2283/2190
f 5013/7021/2320 5067/7020/2301 5069/7582/2775 5015/2053/2776
f 5015/2053/2534 5069/7582/2777 5068/2050/2315 5014/7241/2337
f 5071/7019/2298 5016/7018/2319 5018/2351/2778 5072/2350/2779
f 5072/2350/2780 5018/2351/2781 5017/6825/1236 5070/2350/2120
f 5067/6994/2301 4987/6993/2300 4988/7575/2727 5069/7582/2775
f 5069/7582/2777 4988/7575/2728 4986/2051/2114 5068/2050/2315
f 4983/6992/2299 5071/6991/2298 5072/2350/2779 4985/2478/2729
f 4985/2478/2732 5072/2350/2780 5070/2350/2120 4984/2478/2482
f 5007/7255/2464 5073/7254/2472 5075/2000/2782 5009/7577/2741
f 5009/7577/2742 5075/2000/2783 5074/7056/2223 5008/1999/2286
f 5077/7253/2471 5011/7252/2463 5012/2481/2743 5078/2325/2784
f 5078/2325/2785 5012/2481/2744 5010/2481/2277 5076/6973/2147
f 5083/3165/2134 5085/3164/2133 5087/7663/2810 5084/6898/2811
f 5084/6898/2812 5087/7663/2813 5086/7175/2403 5082/7174/2330
f 5089/7054/2305 5079/2335/2336 5081/2335/2814 5090/2334/2815
f 5090/7664/2816 5081/7665/2817 5080/7177/2331 5088/7176/2406
f 5095/3177/2314 5097/3163/2313 5099/7666/2818 5096/3177/2819
f 5096/3177/2820 5099/7666/2821 5098/7179/2407 5094/7178/2404
f 5101/2182/2104 5091/2183/2306 5093/2183/2822 5102/2182/2823
f 5102/7667/2824 5093/7668/2825 5092/7181/2405 5100/7180/2410
f 5107/3161/2285 5109/2020/2284 5111/7669/2826 5108/3161/2827
f 5108/3161/2828 5111/7669/2829 5110/7187/2411 5106/7186/2458
f 5113/2458/2361 5103/4472/2363 5105/4472/2830 5114/2458/2831
f 5114/7670/2832 5105/7671/2833 5104/7189/2459 5112/7188/2414
f 5119/2021/2352 5121/2024/2268 5123/2024/2834 5120/2021/2835
f 5120/2021/2836 5123/2024/2837 5122/7191/2415 5118/7190/2412
f 5125/7258/2473 5115/2359/2362 5117/2359/2838 5126/2358/2839
f 5126/7672/2840 5117/7673/2841 5116/7193/2413 5124/7192/2418
f 5131/1995/2476 5133/1996/2488 5135/3169/2842 5132/1995/2843
f 5132/1995/2844 5135/3169/2845 5134/7199/2419 5130/7198/2454
f 5137/2487/2493 5127/2467/2372 5129/2467/2846 5138/2487/2847
f 5138/7674/2848 5129/7675/2849 5128/7201/2455 5136/7200/2422
f 5143/2001/2391 5145/5087/2388 5147/5087/2850 5144/2001/2851
f 5144/2001/2852 5147/5087/2853 5146/7203/2423 5142/7202/2420
f 5149/2294/2486 5139/2295/2494 5141/2295/2854 5150/2294/2855
f 5150/7676/2856 5141/7677/2857 5140/7205/2421 5148/7204/2426
f 5155/2009/2339 5157/2004/2183 5159/2004/2858 5156/2009/2859
f 5156/2009/2860 5159/2004/2861 5158/7211/2427 5154/7210/2450
f 5161/2282/2173 5151/2476/2172 5153/2476/2862 5162/2282/2863
f 5162/7678/2864 5153/7679/2865 5152/7213/2451 5160/7212/2430
f 5167/2005/2182 5169/2012/2324 5171/7680/2866 5168/2005/2867
f 5168/2005/2868 5171/7680/2869 5170/7215/2431 5166/7214/2428
f 5173/2276/2192 5163/2283/2191 5165/2277/2870 5174/2276/2871
f 5174/7681/2872 5165/7682/2873 5164/7217/2429 5172/7216/2434
f 5179/2051/2117 5181/1470/2116 5183/1470/2874 5180/2051/2875
f 5180/2051/2876 5183/1470/2877 5182/7223/2435 5178/7222/2446
f 5185/7268/2292 5175/2478/2483 5177/2478/2878 5186/2456/2879
f 5186/7683/2880 5177/7684/2881 5176/7225/2447 5184/7224/2438
f 5191/1471/2272 5193/3178/2271 5195/3178/2882 5192/1471/2883
f 5192/1471/2884 5195/3178/2885 5194/7227/2439 5190/7226/2436
f 5197/2461/2354 5187/2455/2293 5189/2455/2886 5198/2461/2887
f 5198/7685/2888 5189/7686/2889 5188/7229/2437 5196/7228/2442
f 5193/3178/2271 5199/1999/2287 5201/1999/2890 5195/3178/2882
f 5195/3178/2885 5201/1999/2891 5200/7151/2440 5194/7150/2439
f 5203/2481/2278 5197/2461/2354 5198/2461/2887 5204/2481/2892
f 5204/7687/2893 5198/7688/2888 5196/7153/2442 5202/7152/2441
f 5169/7034/2324 5205/2053/2338 5207/2053/2894 5171/7680/2866
f 5171/7680/2869 5207/2053/2895 5206/7143/2432 5170/7142/2431
f 5209/2351/2121 5173/2276/2192 5174/2276/2871 5210/2351/2896
f 5210/7689/2897 5174/7690/2872 5172/7145/2434 5208/7144/2433
f 5145/5087/2388 5211/2048/2382 5213/2048/2898 5147/5087/2850
f 5147/5087/2853 5213/2048/2899 5212/7135/2424 5146/7134/2423
f 5215/7274/2487 5149/2294/2486 5150/2294/2855 5216/2465/2900
f 5216/7691/2901 5150/7692/2856 5148/7137/2426 5214/7136/2425
f 5121/2024/2268 5217/2025/2267 5219/7693/2902 5123/2024/2834
f 5123/2024/2837 5219/7693/2903 5218/7127/2416 5122/7126/2415
f 5221/2287/2377 5125/2358/2473 5126/2358/2839 5222/2287/2904
f 5222/7694/2905 5126/7695/2840 5124/7129/2418 5220/7128/2417
f 5097/3163/2313 5223/2010/2322 5225/7696/2906 5099/7666/2818
f 5099/7666/2821 5225/7696/2907 5224/7119/2408 5098/7118/2407
f 5227/6814/2105 5101/2182/2104 5102/2182/2823 5228/2301/2908
f 5228/7697/2909 5102/7698/2824 5100/7121/2410 5226/7120/2409
f 5233/1997/2317 5235/1998/2470 5237/1998/2910 5234/7699/2911
f 5234/7699/2912 5237/1998/2913 5236/7235/2329 5232/7234/2461
f 5239/5264/2335 5229/2324/2149 5231/2324/2914 5240/2471/2915
f 5240/7700/2916 5231/7701/2917 5230/7237/2462 5238/7236/2332
f 5235/1998/2470 5083/6898/2134 5084/6898/2811 5237/1998/2910
f 5237/1998/2913 5084/6898/2812 5082/7028/2330 5236/7027/2329
f 5079/7031/2336 5239/2484/2335 5240/2484/2915 5081/2335/2814
f 5081/7702/2817 5240/7703/2916 5238/7030/2332 5080/7029/2331
f 5085/3164/2133 5095/3177/2314 5096/3177/2819 5087/7663/2810
f 5087/7663/2813 5096/3177/2820 5094/7115/2404 5086/7114/2403
f 5091/2183/2306 5089/2334/2305 5090/2334/2815 5093/2183/2822
f 5093/7704/2825 5090/7705/2816 5088/7117/2406 5092/7116/2405
f 5223/2010/2322 5241/2011/2302 5243/7706/2918 5225/7696/2906
f 5225/7696/2907 5243/7706/2919 5242/7195/2457 5224/7194/2408
f 5245/2300/2139 5227/2301/2105 5228/2301/2908 5246/2300/2920
f 5246/7707/2921 5228/7708/2909 5226/7197/2409 5244/7196/2460
f 5241/2011/2302 5107/6997/2285 5108/3161/2827 5243/7706/2918
f 5243/7706/2919 5108/3161/2828 5106/7171/2458 5242/7170/2457
f 5103/4472/2363 5245/2300/2139 5246/2300/2920 5105/4472/2830
f 5105/7709/2833 5246/7710/2921 5244/7173/2460 5104/7172/2459
f 5109/7238/2284 5119/2021/2352 5120/2021/2835 5111/7669/2826
f 5111/7669/2829 5120/2021/2836 5118/7123/2412 5110/7122/2411
f 5115/2359/2362 5113/2458/2361 5114/2458/2831 5117/2359/2838
f 5117/7711/2841 5114/7712/2832 5112/7125/2414 5116/7124/2413
f 5217/2025/2267 5247/3160/2477 5249/3160/2922 5219/7693/2902
f 5219/7693/2903 5249/3160/2923 5248/7207/2453 5218/7206/2416
f 5251/2286/2371 5221/2287/2377 5222/2287/2904 5252/2286/2924
f 5252/7713/2925 5222/7714/2905 5220/7209/2417 5250/7208/2456
f 5247/3160/2477 5131/1995/2476 5132/1995/2843 5249/3160/2922
f 5249/3160/2923 5132/1995/2844 5130/7167/2454 5248/7166/2453
f 5127/2467/2372 5251/2286/2371 5252/2286/2924 5129/2467/2846
f 5129/7715/2849 5252/7716/2925 5250/7169/2456 5128/7168/2455
f 5133/7277/2488 5143/2001/2391 5144/2001/2851 5135/3169/2842
f 5135/3169/2845 5144/2001/2852 5142/7131/2420 5134/7130/2419
f 5139/4474/2494 5137/2487/2493 5138/2487/2847 5141/4474/2854
f 5141/7717/2857 5138/7718/2848 5136/7133/2422 5140/7132/2421
f 5211/2048/2382 5253/2049/2381 5255/2049/2926 5213/2048/2898
f 5213/2048/2899 5255/2049/2927 5254/7219/2449 5212/7218/2424
f 5257/2464/2497 5215/2466/2487 5216/2466/2900 5258/2464/2928
f 5258/7719/2929 5216/7720/2901 5214/7221/2425 5256/7220/2452
f 5253/2049/2381 5155/2009/2339 5156/2009/2859 5255/2049/2926
f 5255/2049/2927 5156/2009/2860 5154/7163/2450 5254/7162/2449
f 5151/2476/2172 5257/2464/2497 5258/2464/2928 5153/2477/2862
f 5153/7721/2865 5258/7722/2929 5256/7165/2452 5152/7164/2451
f 5157/2004/2183 5167/2005/2182 5168/2005/2867 5159/2004/2858
f 5159/2004/2861 5168/2005/2868 5166/7139/2428 5158/7138/2427
f 5163/2283/2191 5161/2282/2173 5162/2282/2863 5165/2283/2870
f 5165/7723/2873 5162/7724/2864 5160/7141/2430 5164/7140/2429
f 5205/2053/2338 5259/2050/2316 5261/2050/2930 5207/2053/2894
f 5207/2053/2895 5261/2050/2931 5260/7231/2445 5206/7230/2432
f 5263/2350/2122 5209/2351/2121 5210/2351/2896 5264/2350/2932
f 5264/7725/2933 5210/7726/2897 5208/7233/2433 5262/7232/2448
f 5259/2050/2316 5179/2051/2117 5180/2051/2875 5261/2050/2930
f 5261/2050/2931 5180/2051/2876 5178/7159/2446 5260/7158/2445
f 5175/2478/2483 5263/2350/2122 5264/2350/2932 5177/2478/2878
f 5177/7727/2881 5264/7728/2933 5262/7161/2448 5176/7160/2447
f 5181/1470/2116 5191/1471/2272 5192/1471/2883 5183/1470/2874
f 5183/1470/2877 5192/1471/2884 5190/7147/2436 5182/7146/2435
f 5187/7729/2293 5185/2456/2292 5186/2456/2879 5189/2457/2886
f 5189/7730/2889 5186/7731/2880 5184/7149/2438 5188/7148/2437
f 5199/1999/2287 5265/2000/2318 5267/2000/2934 5201/1999/2890
f 5201/1999/2891 5267/2000/2935 5266/7155/2443 5200/7154/2440
f 5269/2325/2148 5203/2481/2278 5204/2481/2892 5270/2325/2936
f 5270/7732/2937 5204/7733/2893 5202/7157/2441 5268/7156/2444
f 5265/2000/2318 5233/3162/2317 5234/7734/2911 5267/2000/2934
f 5267/2000/2935 5234/7734/2912 5232/7183/2461 5266/7182/2443
f 5229/7735/2149 5269/2325/2148 5270/2325/2936 5231/2324/2914
f 5231/7736/2917 5270/7737/2937 5268/7185/2444 5230/7184/2462
f 2252/96/74 13/95/74 5375/3317/200 5376/3264/201
f 4062/97/74 2252/96/74 5376/3264/201 5377/3264/688
f 4061/98/74 4062/97/74 5377/3264/688 5378/3317/714
f 13/95/74 4061/98/74 5378/3317/714 5375/3317/200
f 59/3333/724 57/3332/724 5380/3315/105 5379/3262/98
f 55/3291/701 53/3290/701 5382/3271/113 5381/3314/111
f 43/3259/684 41/3258/684 5384/3331/142 5383/3278/130
f 39/3311/711 37/3310/711 5386/3289/154 5385/3330/152
f 31/3319/716 29/3318/716 5388/3299/171 5387/3246/164
f 27/3275/694 25/3274/694 5390/3257/178 5389/3298/176
f 23/3327/721 21/3326/721 5392/3244/186 5391/3256/182
f 19/3285/698 2253/3284/698 5394/3265/196 5393/3243/188
f 11/3295/702 9/3294/702 5396/3273/204 5395/3316/203
f 7/3253/681 5/3252/681 5398/3325/213 5397/3272/206
f 3/3305/706 1/3304/706 5400/3348/76 5399/3324/222
f 2258/3266/689 4071/3269/689 5402/3247/678 5401/3247/165
f 4070/3320/716 31/3319/716 5387/3246/164 5403/3246/679
f 2211/3249/680 2210/3248/680 5404/3323/126 5405/3270/121
f 4080/3250/680 2211/3249/680 5405/3270/121 5406/3270/691
f 4079/3251/680 4080/3250/680 5406/3270/691 5407/3323/717
f 2210/3248/680 4079/3251/680 5407/3323/717 5404/3323/126
f 4058/3254/681 7/3253/681 5397/3272/206 5408/3272/693
f 4057/3255/681 4058/3254/681 5408/3272/693 5409/3325/719
f 5/3252/681 4057/3255/681 5409/3325/719 5398/3325/213
f 25/3274/694 4067/3277/694 5410/3257/682 5390/3257/178
f 4066/3328/721 23/3327/721 5391/3256/182 5411/3256/683
f 4076/3260/684 43/3259/684 5383/3278/130 5412/3278/696
f 4075/3261/684 4076/3260/684 5412/3278/696 5413/3331/722
f 41/3258/684 4075/3261/684 5413/3331/722 5384/3331/142
f 2264/3280/697 4085/3283/697 5415/3263/685 5414/3263/99
f 4084/3334/724 59/3333/724 5379/3262/98 5416/3262/686
f 2253/3284/698 4063/3287/698 5417/3265/687 5394/3265/196
f 2259/3267/689 2258/3266/689 5401/3247/165 5418/3288/163
f 4072/3268/689 2259/3267/689 5418/3288/163 5419/3288/700
f 4071/3269/689 4072/3268/689 5419/3288/700 5402/3247/678
f 53/3290/701 4081/3293/701 5420/3271/690 5382/3271/113
f 9/3294/702 4059/3297/702 5421/3273/692 5396/3273/204
f 4068/3276/694 27/3275/694 5389/3298/176 5422/3298/704
f 4067/3277/694 4068/3276/694 5422/3298/704 5410/3257/682
f 2204/3300/705 4077/3303/705 5424/3279/695 5423/3279/131
f 2265/3281/697 2264/3280/697 5414/3263/99 5425/3308/75
f 4086/3282/697 2265/3281/697 5425/3308/75 5426/3308/708
f 4085/3283/697 4086/3282/697 5426/3308/708 5415/3263/685
f 4064/3286/698 19/3285/698 5393/3243/188 5427/3243/710
f 4063/3287/698 4064/3286/698 5427/3243/710 5417/3265/687
f 37/3310/711 4073/3313/711 5428/3289/699 5386/3289/154
f 4082/3292/701 55/3291/701 5381/3314/111 5429/3314/713
f 4081/3293/701 4082/3292/701 5429/3314/713 5420/3271/690
f 4060/3296/702 11/3295/702 5395/3316/203 5430/3316/715
f 4059/3297/702 4060/3296/702 5430/3316/715 5421/3273/692
f 29/3318/716 4069/3321/716 5431/3299/703 5388/3299/171
f 2205/3301/705 2204/3300/705 5423/3279/131 5432/3322/125
f 4078/3302/705 2205/3301/705 5432/3322/125 5433/3322/718
f 4077/3303/705 4078/3302/705 5433/3322/718 5424/3279/695
f 4056/3306/706 3/3305/706 5399/3324/222 5434/3324/720
f 4055/3307/706 4056/3306/706 5434/3324/720 5435/3348/707
f 1/3304/706 4055/3307/706 5435/3348/707 5400/3348/76
f 21/3326/721 4065/3329/721 5436/3244/709 5392/3244/186
f 4074/3312/711 39/3311/711 5385/3330/152 5437/3330/723
f 4073/3313/711 4074/3312/711 5437/3330/723 5428/3289/699
f 57/3332/724 4083/3335/724 5438/3315/712 5380/3315/105
f 4069/3321/716 4070/3320/716 5403/3246/679 5431/3299/703
f 4065/3329/721 4066/3328/721 5411/3256/683 5436/3244/709
f 4083/3335/724 4084/3334/724 5416/3262/686 5438/3315/712
