# Blender 4.5.1 LTS
# www.blender.org
mtllib mod3.mtl
o module3.001
v -12.487343 -0.000000 -1.239433
v -12.487343 -0.241801 -1.215618
v -12.487343 0.241799 -1.215618
v -11.956726 -0.000000 -1.239433
v -11.956726 0.241800 -1.215618
v -11.956726 -0.000000 -1.054040
v -11.956726 -0.241801 -1.215618
v -11.956726 -0.205633 -1.033787
v -11.956726 -0.474310 -1.145087
v -11.956726 -0.403364 -0.973806
v -11.956726 -0.688592 -1.030551
v -12.487343 -0.474310 -1.145087
v -12.487343 -0.688592 -1.030551
v -12.487343 -0.876412 -0.876412
v -12.487343 -1.030551 -0.688592
v -11.956726 -0.876412 -0.876412
v -11.956726 -1.030551 -0.688592
v -11.956726 -0.745319 -0.745319
v -11.670425 -0.745319 -0.745319
v -11.956726 -0.876403 -0.585593
v -11.956726 -0.585593 -0.876403
v -11.670425 -0.585593 -0.876403
v -11.670425 -0.688592 -1.030551
v -11.670425 -0.403364 -0.973806
v -11.670425 -0.474310 -1.145087
v -11.670425 -0.205633 -1.033787
v -11.670425 -0.241801 -1.215618
v -11.670425 -0.000000 -1.054040
v -11.670425 0.205631 -1.033787
v -11.670425 -0.000000 -1.239433
v -11.670425 0.241800 -1.215618
v -11.282958 0.000000 -1.239433
v -11.282958 0.241800 -1.215618
v -11.282958 -0.000000 -1.054040
v -11.282958 -0.241801 -1.215618
v -11.282958 -0.205633 -1.033787
v -11.282958 -0.474310 -1.145087
v -11.282958 -0.403364 -0.973806
v -11.282958 -0.688592 -1.030551
v -11.282958 -0.585593 -0.876403
v -11.282958 -0.876412 -0.876412
v -11.282958 -1.030551 -0.688592
v -11.670425 -0.876412 -0.876412
v -11.282958 -0.745319 -0.745319
v -10.996656 -0.745319 -0.745319
v -11.282958 -0.876402 -0.585593
v -10.996656 -0.876402 -0.585593
v -11.282958 -0.973806 -0.403364
v -10.996656 -0.973806 -0.403364
v -11.282958 -1.033787 -0.205633
v -11.282958 -1.145087 -0.474310
v -11.282958 -1.215618 -0.241801
v -11.670424 -1.145087 -0.474310
v -11.670424 -1.215618 -0.241801
v -11.670425 -1.030551 -0.688592
v -11.670424 -0.973806 -0.403364
v -11.956726 -0.973806 -0.403364
v -11.670424 -1.033787 -0.205633
v -11.670425 -0.876402 -0.585593
v -11.956726 -1.033787 -0.205633
v -11.670424 -1.054040 -0.000000
v -11.670424 -1.239433 -0.000000
v -11.956726 -1.054040 -0.000000
v -11.670424 -1.033787 0.205633
v -11.956726 -1.033787 0.205633
v -11.670424 -0.973806 0.403364
v -11.670424 -1.215618 0.241801
v -11.670424 -1.145087 0.474310
v -11.282958 -1.215618 0.241801
v -11.282958 -1.033787 0.205633
v -11.282958 -1.145087 0.474310
v -11.282958 -1.239433 -0.000000
v -11.282958 -1.054040 -0.000000
v -10.996656 -1.054040 -0.000000
v -10.996656 -1.239433 -0.000000
v -10.996656 -1.033787 0.205633
v -10.996656 -1.033787 -0.205633
v -10.996656 -1.215618 -0.241801
v -10.996656 -1.145087 -0.474310
v -10.609190 -1.215618 -0.241801
v -10.609190 -1.239433 -0.000000
v -10.609190 -1.145087 -0.474310
v -10.609190 -1.033787 -0.205633
v -10.322889 -1.033787 -0.205633
v -10.609190 -1.054040 -0.000000
v -10.609190 -0.973806 -0.403364
v -10.322889 -0.973806 -0.403364
v -10.609190 -0.876402 -0.585593
v -10.322889 -0.876402 -0.585593
v -10.609190 -0.745319 -0.745319
v -10.609190 -1.030551 -0.688592
v -10.609190 -0.876411 -0.876411
v -10.996656 -1.030551 -0.688592
v -10.996656 -0.876412 -0.876412
v -10.996656 -0.688592 -1.030551
v -10.996656 -0.585593 -0.876403
v -10.996656 -0.474310 -1.145087
v -10.609190 -0.688592 -1.030551
v -10.609190 -0.585593 -0.876402
v -10.609190 -0.474310 -1.145087
v -10.609190 -0.403364 -0.973806
v -10.609190 -0.241801 -1.215618
v -10.609190 -0.205633 -1.033787
v -10.609190 0.000000 -1.239433
v -10.996656 -0.241801 -1.215618
v -10.996656 -0.205633 -1.033787
v -10.996656 0.000000 -1.239433
v -10.996656 0.241800 -1.215618
v -10.996657 -0.000000 -1.054040
v -10.996656 0.205631 -1.033787
v -11.282958 0.205631 -1.033787
v -10.996656 0.403362 -0.973807
v -11.282958 0.403362 -0.973807
v -10.996656 0.585592 -0.876403
v -10.996656 0.474309 -1.145088
v -10.996656 0.688591 -1.030552
v -10.609190 0.474309 -1.145088
v -10.609190 0.241799 -1.215618
v -10.609190 0.688591 -1.030552
v -10.609190 0.403362 -0.973807
v -10.322889 0.403362 -0.973807
v -10.609190 0.205631 -1.033787
v -10.609190 0.585592 -0.876403
v -10.609190 0.745318 -0.745320
v -10.322889 0.585592 -0.876403
v -10.322889 0.745318 -0.745320
v -10.322889 0.688591 -1.030552
v -10.322889 0.474309 -1.145088
v -10.322889 0.876410 -0.876413
v -9.935423 0.688591 -1.030552
v -9.935423 0.474309 -1.145087
v -9.935423 0.876410 -0.876412
v -9.935423 0.585592 -0.876403
v -9.935423 0.403362 -0.973807
v -9.649121 0.585592 -0.876403
v -9.935423 0.745318 -0.745320
v -9.649121 0.745318 -0.745320
v -9.935423 0.876402 -0.585594
v -9.935423 0.973806 -0.403365
v -9.649122 0.876402 -0.585594
v -9.935423 1.030550 -0.688593
v -9.935423 1.145086 -0.474312
v -10.322889 1.030550 -0.688593
v -10.322890 1.145086 -0.474312
v -10.322889 0.876402 -0.585594
v -10.322890 0.973806 -0.403365
v -10.609190 0.876402 -0.585594
v -10.609190 0.973806 -0.403365
v -10.609190 1.030550 -0.688593
v -10.609190 0.876410 -0.876413
v -10.609190 1.145086 -0.474312
v -10.996656 1.030550 -0.688593
v -10.996656 0.876410 -0.876413
v -10.996657 1.145086 -0.474312
v -10.996656 0.876402 -0.585594
v -11.282958 0.876402 -0.585594
v -10.996656 0.745318 -0.745320
v -10.996657 0.973806 -0.403365
v -10.996657 1.033787 -0.205634
v -11.282959 0.973806 -0.403365
v -11.282959 1.033787 -0.205634
v -11.282959 1.145086 -0.474312
v -11.282958 1.030550 -0.688593
v -11.282959 1.215617 -0.241803
v -11.670425 1.145086 -0.474312
v -11.670425 1.030550 -0.688593
v -11.670425 1.215617 -0.241803
v -11.670425 0.973806 -0.403365
v -11.670425 0.876402 -0.585594
v -11.956727 0.973806 -0.403365
v -11.670425 1.033787 -0.205634
v -11.670425 1.054040 -0.000001
v -11.956727 1.033787 -0.205634
v -11.956727 1.054040 -0.000001
v -11.956727 1.215617 -0.241803
v -11.956727 1.145086 -0.474312
v -11.956727 1.239433 -0.000001
v -12.487343 1.215617 -0.241803
v -12.487343 1.239433 -0.000001
v -12.487343 1.145086 -0.474312
v -12.487343 1.030550 -0.688594
v -12.487343 0.876410 -0.876413
v -11.956726 1.030550 -0.688593
v -11.956726 0.876410 -0.876413
v -11.956726 0.876402 -0.585595
v -11.956726 0.745318 -0.745320
v -11.956726 0.585592 -0.876403
v -11.670425 0.745318 -0.745320
v -11.670425 0.585592 -0.876403
v -11.670425 0.876410 -0.876413
v -11.670425 0.688591 -1.030552
v -11.282958 0.876410 -0.876413
v -11.282958 0.688591 -1.030552
v -11.282958 0.745318 -0.745320
v -11.282958 0.585592 -0.876403
v -11.282958 0.474309 -1.145088
v -11.670425 0.474309 -1.145088
v -11.670425 0.403362 -0.973807
v -11.956726 0.403362 -0.973807
v -11.956726 0.205631 -1.033788
v -11.956726 0.474309 -1.145088
v -11.956726 0.688591 -1.030552
v -12.487343 0.474309 -1.145088
v -12.487343 0.688591 -1.030552
v -12.487343 1.215618 0.241800
v -12.487343 1.145087 0.474310
v -11.956727 1.215618 0.241800
v -11.956727 1.145087 0.474310
v -11.956727 1.033787 0.205632
v -11.956727 0.973806 0.403363
v -11.670425 1.033787 0.205632
v -11.670425 0.973806 0.403363
v -11.670425 1.215618 0.241800
v -11.670425 1.239433 -0.000001
v -11.670425 1.145087 0.474310
v -11.282959 1.215618 0.241800
v -11.282959 1.239433 -0.000001
v -11.282959 1.145087 0.474310
v -11.282959 1.033787 0.205632
v -11.282959 0.973806 0.403363
v -11.282959 1.054040 -0.000001
v -10.996657 1.033787 0.205632
v -10.996657 0.973806 0.403363
v -10.996657 1.054040 -0.000001
v -10.996657 1.215618 0.241800
v -10.996657 1.239433 -0.000001
v -10.996657 1.145087 0.474310
v -10.609190 1.215618 0.241800
v -10.609190 1.239433 -0.000001
v -10.609190 1.145087 0.474310
v -10.609190 1.033787 0.205632
v -10.322890 1.033787 0.205632
v -10.609190 1.054040 -0.000001
v -10.609190 0.973807 0.403363
v -10.609190 0.876403 0.585593
v -10.322890 0.973807 0.403363
v -10.322889 0.876403 0.585593
v -10.322890 1.145087 0.474310
v -10.322890 1.215618 0.241800
v -10.322889 1.030551 0.688591
v -9.935423 1.145087 0.474310
v -9.935423 1.215618 0.241800
v -9.935423 1.030551 0.688591
v -9.935423 0.973807 0.403363
v -9.935423 1.033787 0.205632
v -9.649122 0.973807 0.403363
v -9.935423 0.876403 0.585593
v -9.649122 0.876403 0.585593
v -9.935423 0.745319 0.745319
v -9.935423 0.585594 0.876402
v -9.649122 0.745319 0.745319
v -9.935423 0.876412 0.876411
v -9.935423 0.688593 1.030551
v -10.322889 0.876412 0.876411
v -10.322889 0.688593 1.030550
v -10.322889 0.745319 0.745319
v -10.322889 0.585594 0.876402
v -10.609190 0.745319 0.745319
v -10.609190 0.585594 0.876402
v -10.609190 0.876412 0.876411
v -10.609190 1.030551 0.688591
v -10.609190 0.688593 1.030550
v -10.996656 0.876412 0.876411
v -10.996656 1.030551 0.688591
v -10.996656 0.688593 1.030550
v -10.996656 0.745319 0.745319
v -11.282958 0.745319 0.745318
v -10.996656 0.876403 0.585593
v -10.996656 0.585594 0.876402
v -11.282958 0.585594 0.876402
v -10.996656 0.403364 0.973806
v -10.996656 0.205633 1.033787
v -11.282958 0.403364 0.973806
v -10.996656 0.474311 1.145086
v -10.996656 0.241802 1.215617
v -10.609190 0.474311 1.145087
v -10.609190 0.403364 0.973806
v -10.609190 0.241802 1.215618
v -10.609190 0.205633 1.033787
v -10.609190 0.000000 1.239433
v -10.609190 -0.241801 1.215618
v -10.996656 0.000000 1.239433
v -10.609190 0.000000 1.054040
v -10.322889 0.000000 1.054040
v -10.609190 -0.205633 1.033787
v -10.609190 -0.403364 0.973806
v -10.322889 -0.205633 1.033787
v -10.322889 -0.403364 0.973806
v -10.322889 -0.241801 1.215618
v -10.322889 0.000000 1.239433
v -10.322889 -0.474310 1.145087
v -9.935423 -0.241801 1.215618
v -9.935423 0.000000 1.239433
v -9.935423 -0.474310 1.145087
v -9.935423 -0.205633 1.033787
v -9.649122 -0.205633 1.033787
v -9.935423 0.000000 1.054040
v -9.935423 -0.403364 0.973806
v -9.649121 -0.403363 0.973806
v -9.935423 -0.585593 0.876402
v -9.935423 -0.745319 0.745319
v -9.649121 -0.585593 0.876402
v -9.935423 -0.688592 1.030551
v -9.935423 -0.876411 0.876412
v -10.322889 -0.688592 1.030551
v -10.322889 -0.876411 0.876411
v -10.322889 -0.585593 0.876402
v -10.322889 -0.745319 0.745319
v -10.609190 -0.585593 0.876402
v -10.609190 -0.745319 0.745319
v -10.609190 -0.688592 1.030551
v -10.609190 -0.474310 1.145087
v -10.609190 -0.876411 0.876411
v -10.996656 -0.688592 1.030551
v -10.996656 -0.474310 1.145087
v -10.996656 -0.876412 0.876411
v -10.996656 -0.585593 0.876402
v -11.282958 -0.585593 0.876402
v -10.996656 -0.403364 0.973806
v -10.996656 -0.745319 0.745319
v -10.996656 -0.876402 0.585593
v -11.282958 -0.745319 0.745319
v -11.282958 -0.876402 0.585593
v -11.282958 -0.876412 0.876411
v -11.282958 -0.688592 1.030551
v -11.282958 -1.030551 0.688592
v -11.670425 -0.876412 0.876411
v -11.670425 -0.688592 1.030551
v -11.670425 -1.030551 0.688592
v -11.670425 -0.745319 0.745319
v -11.956726 -0.745319 0.745319
v -11.670425 -0.585593 0.876402
v -11.670425 -0.876402 0.585593
v -11.956726 -0.876403 0.585593
v -11.956726 -0.973806 0.403364
v -11.956726 -1.030551 0.688592
v -11.956726 -0.876412 0.876411
v -11.956726 -1.145087 0.474310
v -12.487343 -1.030551 0.688592
v -12.487343 -1.145087 0.474310
v -12.487343 -0.876412 0.876411
v -12.487343 -0.688592 1.030551
v -12.487343 -0.474310 1.145087
v -11.956726 -0.688592 1.030551
v -11.956726 -0.474310 1.145087
v -11.956726 -0.585593 0.876402
v -11.956726 -0.403364 0.973806
v -11.956726 -0.205633 1.033787
v -11.670425 -0.403364 0.973806
v -11.670425 -0.205633 1.033787
v -11.670425 -0.474310 1.145087
v -11.670425 -0.241801 1.215618
v -11.282958 -0.474310 1.145087
v -11.282958 -0.241801 1.215618
v -11.282958 -0.403364 0.973806
v -11.282958 -0.205633 1.033787
v -10.996656 -0.205633 1.033787
v -11.282958 0.000000 1.054040
v -11.282958 0.205633 1.033787
v -10.996656 0.000000 1.054040
v -11.282958 0.000000 1.239433
v -11.282958 0.241802 1.215617
v -11.670425 0.000000 1.239433
v -11.670425 0.241802 1.215617
v -11.670425 0.000000 1.054040
v -11.670425 0.205633 1.033787
v -11.956726 0.000000 1.054040
v -11.956726 0.205633 1.033787
v -11.956726 0.000000 1.239433
v -11.956726 0.241802 1.215617
v -11.956726 -0.241801 1.215618
v -12.487343 0.000000 1.239433
v -12.487343 -0.241801 1.215618
v -12.487343 0.241802 1.215617
v -12.487343 0.474311 1.145086
v -12.487343 0.688593 1.030550
v -11.956726 0.474311 1.145086
v -11.956726 0.403364 0.973806
v -11.956726 0.688593 1.030550
v -11.956726 0.876412 0.876411
v -11.956726 0.585594 0.876402
v -11.670425 0.585594 0.876402
v -11.956726 0.745319 0.745318
v -11.670425 0.745319 0.745318
v -11.956726 0.876403 0.585593
v -11.670425 0.876403 0.585593
v -11.956726 1.030551 0.688591
v -12.487343 1.030551 0.688591
v -12.487343 0.876412 0.876411
v -11.670425 1.030551 0.688591
v -11.670425 0.876412 0.876411
v -11.282958 1.030551 0.688591
v -11.282958 0.876412 0.876411
v -11.282958 0.876403 0.585593
v -11.282958 0.688593 1.030550
v -11.282958 0.474311 1.145086
v -11.670425 0.688593 1.030550
v -11.670425 0.474311 1.145086
v -11.670425 0.403364 0.973806
v -10.996656 -0.241801 1.215618
v -12.487343 -1.215618 0.241801
v -12.487343 -1.239433 -0.000000
v -11.956726 -1.215618 0.241801
v -11.956726 -1.239433 -0.000000
v -11.956726 -1.215618 -0.241801
v -11.956726 -1.145087 -0.474310
v -12.487343 -1.215618 -0.241802
v -12.487343 -1.145087 -0.474310
v -11.282958 -0.973806 0.403364
v -10.996656 -0.973806 0.403364
v -10.996656 -1.145087 0.474310
v -10.996656 -1.030551 0.688592
v -10.996656 -1.215618 0.241801
v -10.609190 -1.145087 0.474310
v -10.609190 -0.973806 0.403364
v -10.609190 -1.030551 0.688592
v -10.609190 -1.215618 0.241801
v -10.609190 -1.033787 0.205633
v -10.322889 -1.033787 0.205633
v -10.322889 -0.973806 0.403364
v -10.322889 -1.215618 0.241801
v -10.322889 -1.054040 -0.000000
v -10.322889 -1.239433 0.000000
v -10.322889 -1.215618 -0.241801
v -9.935423 -1.239433 0.000000
v -9.935423 -1.215618 0.241801
v -9.935423 -1.215618 -0.241801
v -9.935423 -1.054040 0.000000
v -9.649121 -1.054040 0.000000
v -9.935423 -1.033787 0.205633
v -9.935423 -1.033787 -0.205633
v -9.649121 -1.033787 -0.205633
v -9.935423 -0.973806 -0.403364
v -9.649121 -0.973806 -0.403364
v -9.935423 -0.876402 -0.585593
v -9.935423 -1.145087 -0.474310
v -9.935423 -1.030551 -0.688592
v -10.322889 -1.145087 -0.474310
v -10.322889 -1.030551 -0.688592
v -10.322889 -0.876411 -0.876411
v -10.322889 -0.688592 -1.030551
v -9.935423 -0.876411 -0.876411
v -10.322889 -0.745319 -0.745319
v -10.322889 -0.585593 -0.876402
v -10.322889 -0.403364 -0.973806
v -10.322889 -0.474310 -1.145087
v -10.322889 -0.205633 -1.033787
v -10.322889 -0.241801 -1.215618
v -10.322889 0.000000 -1.054040
v -10.609190 0.000000 -1.054040
v -10.322889 0.205631 -1.033787
v -10.322889 0.000000 -1.239433
v -10.322889 0.241800 -1.215618
v -9.935423 0.000000 -1.239433
v -9.935423 0.241800 -1.215618
v -9.935423 0.000000 -1.054040
v -9.935423 -0.241801 -1.215618
v -9.935423 -0.205633 -1.033787
v -9.935423 -0.474310 -1.145087
v -9.935423 -0.403364 -0.973806
v -9.935423 -0.688592 -1.030551
v -9.935423 -0.585593 -0.876402
v -9.649121 -0.585593 -0.876402
v -9.935423 -0.745319 -0.745319
v -9.649121 -0.745319 -0.745319
v -9.649121 -0.876402 -0.585593
v -9.649121 -0.876411 -0.876411
v -9.649121 -1.030551 -0.688592
v -9.649121 -0.688592 -1.030551
v -9.261655 -0.876412 -0.876411
v -9.261655 -1.030551 -0.688592
v -9.261655 -0.688592 -1.030551
v -9.261655 -0.745319 -0.745319
v -8.975354 -0.745319 -0.745319
v -9.261655 -0.876402 -0.585593
v -9.261655 -0.585593 -0.876402
v -8.975354 -0.585593 -0.876402
v -9.261655 -0.403364 -0.973806
v -9.261655 -0.474310 -1.145087
v -8.975354 -0.403364 -0.973806
v -9.261655 -0.205633 -1.033787
v -9.261655 -0.241801 -1.215618
v -8.975354 -0.205633 -1.033787
v -9.261655 0.000000 -1.054040
v -8.975354 0.000000 -1.054040
v -9.261655 0.205631 -1.033787
v -9.261655 0.000000 -1.239433
v -9.261655 0.241800 -1.215618
v -9.649121 0.000000 -1.239433
v -9.649121 0.241800 -1.215618
v -9.649121 0.000000 -1.054040
v -9.649121 -0.241801 -1.215618
v -9.649121 -0.205633 -1.033787
v -9.649121 -0.474310 -1.145087
v -9.649121 -0.403364 -0.973806
v -9.649121 0.205631 -1.033787
v -9.649121 0.403362 -0.973807
v -9.935423 0.205631 -1.033787
v -9.649121 0.474309 -1.145087
v -9.649121 0.688591 -1.030552
v -9.261655 0.474309 -1.145087
v -9.261655 0.688591 -1.030552
v -9.261655 0.403362 -0.973807
v -8.975355 0.403362 -0.973807
v -9.261655 0.585592 -0.876403
v -8.975355 0.585592 -0.876403
v -9.261655 0.745318 -0.745320
v -9.261655 0.876402 -0.585594
v -8.975355 0.745318 -0.745320
v -9.261655 0.876410 -0.876412
v -9.261655 1.030550 -0.688593
v -9.649121 0.876410 -0.876412
v -9.649122 1.030550 -0.688593
v -9.649122 1.145086 -0.474312
v -9.649122 0.973806 -0.403365
v -9.649122 1.215617 -0.241802
v -9.261656 1.145086 -0.474312
v -9.261656 0.973806 -0.403365
v -9.261656 1.215617 -0.241802
v -9.261656 1.239433 -0.000001
v -9.261656 1.033787 -0.205634
v -9.261656 1.054040 -0.000001
v -8.975355 1.033787 -0.205634
v -8.975355 0.973806 -0.403365
v -8.975355 1.054040 -0.000001
v -8.975355 1.215617 -0.241802
v -8.975355 1.145086 -0.474312
v -8.975355 1.239433 -0.000001
v -8.587888 1.215617 -0.241802
v -8.587888 1.145086 -0.474311
v -8.587888 1.239433 -0.000001
v -8.587888 1.033787 -0.205634
v -8.587888 0.973806 -0.403365
v -8.301586 1.033787 -0.205634
v -8.587888 1.054040 -0.000001
v -8.301586 1.054040 -0.000001
v -8.587888 1.033787 0.205632
v -8.587888 0.973807 0.403363
v -8.301586 1.033787 0.205632
v -8.587888 1.215618 0.241801
v -8.587888 1.145087 0.474310
v -8.975355 1.215618 0.241801
v -8.975355 1.145087 0.474310
v -8.975355 1.033787 0.205632
v -8.975355 0.973807 0.403363
v -9.261656 1.033787 0.205632
v -9.261656 0.973807 0.403363
v -9.261656 1.215618 0.241801
v -9.261656 1.145087 0.474310
v -9.649122 1.215618 0.241800
v -9.649122 1.239433 -0.000001
v -9.649122 1.145087 0.474310
v -9.649122 1.033787 0.205632
v -9.649122 1.054040 -0.000001
v -9.649122 1.033787 -0.205634
v -9.935423 1.054040 -0.000001
v -9.935423 1.033787 -0.205634
v -9.935423 1.239433 -0.000001
v -9.935423 1.215617 -0.241802
v -10.322890 1.239433 -0.000001
v -10.322890 1.215617 -0.241803
v -10.322890 1.054040 -0.000001
v -10.322890 1.033787 -0.205634
v -10.609190 1.033787 -0.205634
v -10.609190 1.215617 -0.241803
v -10.996657 1.215617 -0.241803
v -9.649122 1.030551 0.688592
v -9.649122 0.876412 0.876411
v -9.261655 1.030551 0.688592
v -9.261655 0.876412 0.876411
v -9.261655 0.876403 0.585593
v -9.261655 0.745319 0.745319
v -8.975355 0.876403 0.585593
v -8.975355 0.745320 0.745319
v -8.975355 1.030551 0.688592
v -8.975355 0.876412 0.876411
v -8.587887 1.030551 0.688592
v -8.587887 0.876412 0.876411
v -8.587887 0.876403 0.585593
v -8.301586 0.876403 0.585593
v -8.587887 0.745319 0.745319
v -8.587887 0.585594 0.876402
v -8.301586 0.745319 0.745319
v -8.301586 0.585594 0.876402
v -8.301586 0.876412 0.876411
v -8.301586 1.030551 0.688592
v -8.301586 0.688593 1.030551
v -7.914120 0.876412 0.876411
v -7.914120 1.030552 0.688592
v -7.914120 0.688593 1.030551
v -7.914120 0.745320 0.745319
v -7.914120 0.585594 0.876402
v -7.914120 0.876403 0.585593
v -7.627820 0.745320 0.745319
v -7.627820 0.876403 0.585593
v -7.627819 0.585594 0.876402
v -7.627820 0.876412 0.876411
v -7.627820 1.030552 0.688592
v -7.627819 0.688593 1.030551
v -7.240351 0.876412 0.876411
v -7.240351 1.030551 0.688592
v -7.240351 0.688593 1.030551
v -7.240351 0.745319 0.745319
v -6.954050 0.745320 0.745319
v -7.240351 0.876403 0.585593
v -7.240351 0.585594 0.876402
v -7.240351 0.403364 0.973806
v -6.954050 0.585594 0.876402
v -6.954050 0.403364 0.973806
v -6.954050 0.688593 1.030551
v -6.954050 0.876412 0.876411
v -6.954050 0.474311 1.145087
v -6.419438 0.688593 1.030551
v -6.419438 0.474311 1.145087
v -6.419438 0.876412 0.876411
v -6.419438 1.030552 0.688592
v -6.419438 1.145087 0.474310
v -6.954050 1.030552 0.688592
v -6.954051 1.145087 0.474310
v -6.954050 0.876403 0.585593
v -6.954051 0.973807 0.403363
v -6.954051 1.033787 0.205632
v -7.240352 0.973807 0.403363
v -7.240352 1.033787 0.205632
v -7.240352 1.145087 0.474310
v -7.240352 1.215618 0.241801
v -7.627820 1.145087 0.474310
v -7.627820 1.215618 0.241801
v -7.627820 0.973807 0.403363
v -7.627820 1.033787 0.205632
v -7.914121 0.973807 0.403363
v -7.914121 1.033787 0.205632
v -7.914121 1.145087 0.474310
v -7.914121 1.215618 0.241801
v -8.301586 1.145087 0.474310
v -8.301586 1.215618 0.241801
v -8.301586 0.973807 0.403363
v -8.301586 1.239433 -0.000001
v -8.301586 1.215617 -0.241802
v -7.914121 1.239433 -0.000001
v -7.914121 1.215617 -0.241802
v -7.914121 1.054040 -0.000001
v -7.627820 1.054040 -0.000001
v -7.914121 1.033787 -0.205634
v -7.627820 1.033787 -0.205634
v -7.914121 0.973806 -0.403365
v -7.627820 0.973806 -0.403364
v -7.914120 0.876402 -0.585594
v -7.914121 1.145086 -0.474311
v -7.914120 1.030550 -0.688593
v -8.301586 1.145086 -0.474311
v -8.301586 0.973806 -0.403365
v -8.301586 1.030550 -0.688593
v -8.301586 0.876410 -0.876412
v -8.301586 0.876402 -0.585594
v -8.301586 0.745318 -0.745320
v -8.587887 0.876402 -0.585594
v -8.587887 0.745318 -0.745320
v -8.587887 1.030550 -0.688593
v -8.587887 0.876410 -0.876412
v -8.975355 1.030550 -0.688593
v -8.975355 0.876410 -0.876412
v -8.975355 0.876402 -0.585594
v -8.975355 0.688591 -1.030552
v -8.975355 0.474309 -1.145087
v -8.587887 0.688591 -1.030552
v -8.587887 0.474309 -1.145087
v -8.587887 0.585592 -0.876403
v -8.587887 0.403362 -0.973807
v -8.301586 0.585592 -0.876403
v -8.301586 0.403362 -0.973807
v -8.301586 0.688591 -1.030552
v -8.301586 0.474309 -1.145087
v -7.914120 0.688591 -1.030552
v -7.914120 0.474309 -1.145087
v -7.914120 0.876410 -0.876412
v -7.914120 0.585592 -0.876403
v -7.914120 0.403362 -0.973807
v -7.627819 0.585592 -0.876403
v -7.914120 0.745318 -0.745320
v -7.627819 0.745318 -0.745320
v -7.627819 0.876402 -0.585594
v -7.627819 0.876410 -0.876412
v -7.627819 0.688591 -1.030552
v -7.627819 1.030550 -0.688593
v -7.240351 0.876410 -0.876412
v -7.240351 0.688591 -1.030552
v -7.240351 1.030550 -0.688593
v -7.240351 0.745318 -0.745320
v -7.240351 0.876402 -0.585594
v -7.240351 0.585592 -0.876403
v -6.954050 0.745318 -0.745320
v -6.954050 0.876402 -0.585594
v -6.954050 0.585592 -0.876403
v -6.954050 0.876411 -0.876412
v -6.954050 0.688591 -1.030551
v -6.954050 1.030550 -0.688593
v -6.419438 0.876411 -0.876412
v -6.419438 1.030550 -0.688593
v -6.419438 0.688591 -1.030551
v -6.419438 0.474309 -1.145087
v -6.419438 0.241800 -1.215618
v -6.954050 0.474309 -1.145087
v -6.954050 0.241800 -1.215618
v -6.954050 0.403362 -0.973806
v -6.954050 0.205632 -1.033787
v -7.240351 0.403362 -0.973807
v -7.240351 0.205632 -1.033787
v -7.240351 0.474309 -1.145087
v -7.240351 0.241800 -1.215618
v -7.627819 0.474309 -1.145087
v -7.627819 0.241800 -1.215618
v -7.627819 0.403362 -0.973807
v -7.627819 0.205632 -1.033787
v -7.627820 0.000000 -1.054040
v -7.914120 0.205632 -1.033787
v -7.914120 0.000000 -1.054040
v -7.914120 0.241800 -1.215618
v -7.914120 0.000000 -1.239433
v -8.301586 0.241800 -1.215618
v -8.301586 0.000000 -1.239433
v -8.301586 0.205632 -1.033787
v -8.587887 0.205632 -1.033787
v -8.301586 0.000000 -1.054040
v -8.587887 0.000000 -1.054040
v -8.301586 -0.205633 -1.033787
v -8.301586 -0.241801 -1.215617
v -8.587887 -0.205633 -1.033787
v -8.301586 -0.403364 -0.973806
v -8.301586 -0.474310 -1.145087
v -8.587887 -0.403364 -0.973806
v -8.301586 -0.585593 -0.876402
v -8.301586 -0.688592 -1.030551
v -8.587887 -0.585593 -0.876402
v -8.301586 -0.745319 -0.745319
v -8.587887 -0.745319 -0.745319
v -8.301586 -0.876402 -0.585593
v -8.301586 -0.876411 -0.876411
v -8.301586 -1.030551 -0.688592
v -7.914120 -0.876411 -0.876411
v -7.914120 -1.030551 -0.688592
v -7.914120 -0.688592 -1.030551
v -7.914120 -0.745319 -0.745319
v -7.627819 -0.745319 -0.745319
v -7.914120 -0.876402 -0.585593
v -7.914120 -0.585593 -0.876402
v -7.627819 -0.585593 -0.876402
v -7.914120 -0.403364 -0.973806
v -7.914120 -0.474310 -1.145086
v -7.627819 -0.403364 -0.973806
v -7.914120 -0.205633 -1.033787
v -7.914120 -0.241801 -1.215617
v -7.627819 -0.205633 -1.033787
v -7.627819 -0.241801 -1.215617
v -7.627819 -0.474310 -1.145086
v -7.627819 0.000000 -1.239433
v -7.240351 -0.241801 -1.215617
v -7.240351 -0.205633 -1.033787
v -7.240351 -0.474310 -1.145086
v -7.240351 0.000000 -1.239433
v -7.240351 0.000000 -1.054040
v -6.954050 0.000000 -1.054040
v -6.954050 0.000000 -1.239433
v -6.954050 -0.205633 -1.033787
v -6.954050 -0.241801 -1.215617
v -6.954050 -0.403364 -0.973806
v -6.954050 -0.474310 -1.145086
v -7.240351 -0.403364 -0.973806
v -6.954050 -0.585593 -0.876402
v -6.954050 -0.688592 -1.030550
v -7.240351 -0.585593 -0.876402
v -6.954050 -0.745319 -0.745319
v -6.954050 -0.876411 -0.876411
v -7.240351 -0.745319 -0.745319
v -6.954050 -0.876402 -0.585593
v -7.240351 -0.876402 -0.585593
v -6.954050 -0.973806 -0.403363
v -6.954050 -1.030551 -0.688592
v -6.954050 -1.145087 -0.474310
v -6.419438 -1.030551 -0.688592
v -6.419438 -0.876411 -0.876411
v -6.419438 -1.145087 -0.474310
v -6.419438 -1.215617 -0.241801
v -6.419438 -1.239433 0.000000
v -6.954050 -1.215617 -0.241801
v -6.954050 -1.239433 0.000000
v -6.954050 -1.033787 -0.205633
v -7.240351 -1.033787 -0.205633
v -6.954050 -1.054040 0.000000
v -7.240351 -1.054040 0.000000
v -6.954050 -1.033787 0.205633
v -6.954050 -1.215618 0.241802
v -7.240351 -1.033787 0.205633
v -6.954050 -0.973806 0.403364
v -7.240351 -0.973806 0.403364
v -6.954050 -0.876402 0.585594
v -6.954050 -1.145087 0.474311
v -6.954050 -1.030551 0.688592
v -6.419438 -1.145087 0.474311
v -6.419438 -1.215618 0.241802
v -6.419438 -1.030551 0.688592
v -6.419438 -0.876411 0.876412
v -6.419438 -0.688592 1.030551
v -6.954050 -0.876411 0.876412
v -6.954050 -0.688592 1.030551
v -6.954050 -0.745319 0.745319
v -6.954050 -0.585593 0.876403
v -7.240351 -0.745319 0.745319
v -7.240351 -0.876402 0.585594
v -7.240351 -0.585593 0.876403
v -7.240351 -0.876411 0.876412
v -7.240351 -0.688592 1.030551
v -7.240351 -1.030551 0.688592
v -7.627819 -0.876411 0.876412
v -7.627819 -0.688592 1.030551
v -7.627819 -1.030551 0.688592
v -7.627819 -0.745319 0.745319
v -7.627819 -0.876402 0.585594
v -7.627819 -0.585593 0.876403
v -7.914120 -0.745319 0.745319
v -7.914120 -0.585593 0.876403
v -7.914120 -0.876402 0.585594
v -7.914120 -0.876411 0.876412
v -7.914120 -0.688592 1.030551
v -7.914120 -1.030551 0.688592
v -8.301586 -0.876411 0.876412
v -8.301586 -0.688592 1.030551
v -8.301586 -1.030551 0.688592
v -8.301586 -0.745319 0.745319
v -8.587887 -0.745319 0.745319
v -8.301586 -0.585593 0.876403
v -8.301586 -0.876402 0.585593
v -8.587887 -0.876402 0.585593
v -8.301586 -0.973806 0.403364
v -8.587887 -0.973806 0.403364
v -8.301586 -1.145087 0.474311
v -8.301586 -1.033787 0.205633
v -8.301586 -1.215618 0.241802
v -8.587887 -1.033787 0.205633
v -8.301586 -1.054040 0.000000
v -8.587887 -1.054040 0.000000
v -8.301586 -1.033787 -0.205633
v -8.301586 -1.239433 0.000000
v -8.301586 -1.215618 -0.241801
v -7.914120 -1.239433 0.000000
v -7.914120 -1.215618 0.241802
v -7.914120 -1.215617 -0.241801
v -7.914120 -1.054040 0.000000
v -7.627819 -1.054040 0.000000
v -7.914120 -1.033787 0.205633
v -7.914120 -1.033787 -0.205633
v -7.627819 -1.033787 -0.205633
v -7.914120 -0.973806 -0.403363
v -7.627819 -0.973806 -0.403363
v -7.914120 -1.145087 -0.474310
v -8.301586 -1.145087 -0.474310
v -8.301586 -0.973806 -0.403363
v -8.587887 -0.973806 -0.403363
v -8.587887 -1.033787 -0.205633
v -8.587887 -0.876402 -0.585593
v -8.587887 -1.145087 -0.474310
v -8.587887 -1.215618 -0.241801
v -8.587887 -1.030551 -0.688592
v -8.975354 -1.145087 -0.474310
v -8.975354 -1.215618 -0.241801
v -8.975354 -1.030551 -0.688592
v -8.975354 -0.973806 -0.403363
v -9.261655 -0.973806 -0.403364
v -8.975354 -1.033787 -0.205633
v -8.975354 -0.876402 -0.585593
v -9.261655 -1.033787 -0.205633
v -8.975354 -1.054040 0.000000
v -9.261655 -1.054040 0.000000
v -8.975354 -1.033787 0.205633
v -8.975354 -1.239433 0.000000
v -8.975354 -1.215618 0.241801
v -8.587887 -1.239433 0.000000
v -8.587887 -1.215618 0.241802
v -8.587887 -1.145087 0.474311
v -8.587887 -1.030551 0.688592
v -8.975354 -1.145087 0.474311
v -8.975354 -0.973806 0.403364
v -8.975355 -1.030551 0.688592
v -8.975355 -0.876412 0.876412
v -8.975354 -0.876402 0.585593
v -8.975355 -0.745319 0.745319
v -9.261655 -0.876402 0.585593
v -9.261655 -0.973806 0.403364
v -9.261655 -0.745319 0.745319
v -9.261655 -1.030551 0.688592
v -9.261655 -0.876412 0.876412
v -9.261655 -1.145087 0.474310
v -9.649121 -1.030551 0.688592
v -9.649121 -0.876411 0.876412
v -9.649121 -1.145087 0.474310
v -9.649121 -0.876402 0.585593
v -9.649121 -0.745319 0.745319
v -9.935423 -0.876402 0.585593
v -9.649121 -0.973806 0.403364
v -9.935423 -0.973806 0.403364
v -9.649121 -1.033787 0.205633
v -9.649121 -1.215618 0.241801
v -9.649121 -1.239433 0.000000
v -9.261655 -1.215618 0.241801
v -9.261655 -1.033787 0.205633
v -9.261655 -1.239433 0.000000
v -9.261655 -1.215618 -0.241801
v -9.261655 -1.145087 -0.474310
v -9.649121 -1.215618 -0.241801
v -9.649121 -1.145087 -0.474310
v -9.935423 -1.145087 0.474310
v -9.935423 -1.030551 0.688592
v -10.322889 -1.145087 0.474310
v -10.322889 -1.030551 0.688592
v -10.322889 -0.876402 0.585593
v -10.609190 -0.876402 0.585593
v -9.649121 -0.688592 1.030551
v -9.649121 -0.474310 1.145087
v -9.261655 -0.688592 1.030551
v -9.261655 -0.474310 1.145087
v -9.261655 -0.585593 0.876402
v -8.975355 -0.585593 0.876402
v -9.261655 -0.403363 0.973806
v -9.261655 -0.205633 1.033787
v -8.975355 -0.403363 0.973806
v -8.975355 -0.205633 1.033787
v -8.975355 -0.474310 1.145087
v -8.975355 -0.241801 1.215618
v -8.975355 -0.688592 1.030551
v -8.587887 -0.474310 1.145087
v -8.587887 -0.241801 1.215618
v -8.587887 -0.688592 1.030551
v -8.587887 -0.403363 0.973806
v -8.587887 -0.205633 1.033787
v -8.301586 -0.403363 0.973806
v -8.587887 -0.585593 0.876403
v -8.301586 -0.205633 1.033787
v -8.301586 -0.474310 1.145087
v -8.301586 -0.241801 1.215618
v -7.914120 -0.474310 1.145087
v -7.914120 -0.241801 1.215618
v -7.914120 -0.403363 0.973807
v -7.627819 -0.403363 0.973807
v -7.914120 -0.205633 1.033787
v -7.627819 -0.205633 1.033787
v -7.914120 0.000000 1.054041
v -7.914120 0.205634 1.033787
v -7.627819 0.000000 1.054041
v -7.914120 0.000001 1.239433
v -7.914120 0.241802 1.215618
v -8.301586 0.000001 1.239433
v -8.301586 0.241802 1.215618
v -8.301586 0.000000 1.054040
v -8.301586 0.205634 1.033787
v -8.587887 0.000000 1.054040
v -8.587887 0.205634 1.033787
v -8.587887 0.000000 1.239433
v -8.587887 0.241802 1.215618
v -8.975355 0.000000 1.239433
v -8.975355 0.241802 1.215618
v -8.975355 0.000000 1.054040
v -8.975355 0.205634 1.033787
v -9.261655 0.000000 1.054040
v -9.261655 0.205634 1.033787
v -9.261655 0.000000 1.239433
v -9.261655 0.241802 1.215618
v -9.261655 -0.241801 1.215618
v -9.649122 0.000000 1.239433
v -9.649122 0.241802 1.215618
v -9.649122 -0.241801 1.215618
v -9.649122 0.000000 1.054040
v -9.649122 0.205633 1.033787
v -9.649122 0.403364 0.973806
v -9.935423 0.205633 1.033787
v -9.935423 0.403364 0.973806
v -9.935423 0.241802 1.215618
v -9.935423 0.474311 1.145087
v -10.322889 0.241802 1.215618
v -10.322889 0.205633 1.033787
v -10.322889 0.474311 1.145087
v -10.322889 0.403364 0.973806
v -9.649122 0.585594 0.876402
v -9.649122 0.474311 1.145087
v -9.649122 0.688593 1.030551
v -9.261655 0.474311 1.145087
v -9.261655 0.403364 0.973806
v -9.261655 0.688593 1.030551
v -9.261655 0.585594 0.876402
v -8.975355 0.585594 0.876402
v -8.975355 0.403364 0.973806
v -8.975355 0.688593 1.030551
v -8.975355 0.474311 1.145087
v -8.587887 0.688593 1.030551
v -8.587887 0.474311 1.145087
v -8.587887 0.403364 0.973806
v -8.301586 0.403364 0.973806
v -8.301586 0.474311 1.145087
v -7.914120 0.474311 1.145087
v -7.914120 0.403364 0.973806
v -7.627819 0.403364 0.973806
v -7.627819 0.205634 1.033787
v -7.627819 0.474311 1.145087
v -7.627819 0.241802 1.215618
v -7.240351 0.474311 1.145087
v -7.240351 0.241802 1.215618
v -7.240351 0.000001 1.239433
v -7.240351 0.205634 1.033787
v -6.954050 0.205634 1.033787
v -7.240351 0.000000 1.054040
v -7.240351 -0.205633 1.033787
v -6.954050 0.000000 1.054040
v -6.954050 -0.205633 1.033787
v -6.954050 0.000001 1.239433
v -6.954050 0.241802 1.215618
v -6.954050 -0.241801 1.215618
v -6.419438 0.000001 1.239433
v -6.419438 -0.241801 1.215618
v -6.419438 0.241802 1.215618
v -6.419438 -0.474310 1.145087
v -6.954050 -0.474310 1.145087
v -6.954050 -0.403363 0.973807
v -7.240351 -0.403363 0.973807
v -7.240351 -0.474310 1.145087
v -7.240351 -0.241801 1.215618
v -7.627819 -0.474310 1.145087
v -7.627819 -0.241801 1.215618
v -7.627819 0.000001 1.239433
v -8.587887 -0.876411 0.876412
v -8.975354 -0.876412 -0.876411
v -8.975354 -0.688592 -1.030551
v -8.587887 -0.876411 -0.876411
v -8.587887 -0.688592 -1.030551
v -8.587887 -0.474310 -1.145087
v -8.587887 -0.241801 -1.215617
v -8.975354 -0.474310 -1.145087
v -8.975354 -0.241801 -1.215618
v -8.975354 0.000000 -1.239433
v -8.975354 0.241800 -1.215618
v -8.587887 0.000000 -1.239433
v -8.587887 0.241800 -1.215618
v -8.975355 0.205632 -1.033787
v -7.627819 -0.876402 -0.585593
v -7.627819 -1.145087 -0.474310
v -7.627819 -1.215617 -0.241801
v -7.627819 -1.030551 -0.688592
v -7.240351 -1.145087 -0.474310
v -7.240351 -1.215618 -0.241801
v -7.240351 -1.030551 -0.688592
v -7.240351 -0.973806 -0.403363
v -7.240351 -0.876411 -0.876411
v -7.240351 -0.688592 -1.030551
v -7.627819 -0.876411 -0.876411
v -7.627819 -0.688592 -1.030551
v -7.240351 -1.239433 0.000000
v -7.240351 -1.215618 0.241802
v -7.627819 -1.239433 0.000000
v -7.627819 -1.215618 0.241802
v -7.627819 -1.033787 0.205633
v -7.627819 -1.145087 0.474311
v -7.627819 -0.973806 0.403364
v -7.240351 -1.145087 0.474311
v -7.914120 -0.973806 0.403364
v -7.914120 -1.145087 0.474311
v -6.419438 -0.688592 -1.030550
v -6.419438 -0.474310 -1.145086
v -6.419438 -0.241801 -1.215617
v -6.419438 0.000000 -1.239433
v -6.419438 1.145086 -0.474311
v -6.419438 1.215618 -0.241802
v -6.954051 1.145086 -0.474311
v -6.954051 0.973806 -0.403364
v -6.954051 1.215618 -0.241802
v -6.954051 1.239433 -0.000001
v -6.954051 1.033787 -0.205634
v -7.240352 1.033787 -0.205634
v -6.954051 1.054040 -0.000001
v -7.240352 1.054040 -0.000001
v -7.240352 1.239433 -0.000001
v -7.240352 1.215617 -0.241802
v -7.627820 1.239433 -0.000001
v -7.627820 1.215617 -0.241802
v -7.627820 1.145086 -0.474311
v -7.240352 1.145086 -0.474311
v -7.240352 0.973806 -0.403364
v -6.954051 1.215618 0.241801
v -6.419438 1.239433 -0.000001
v -6.419438 1.215618 0.241801
v -10.996656 -0.403364 -0.973806
v -13.503844 0.417489 2.098855
v -13.503844 2.098854 -0.417490
v -13.503843 0.000000 2.139975
v -13.503843 -1.779325 -1.188906
v -13.503843 -1.513191 -1.513191
v -13.503843 -1.188907 1.779324
v -13.503843 -1.188907 -1.779324
v -13.503843 -1.513191 1.513191
v -13.503843 -1.977080 -0.818932
v -13.503843 -2.098856 -0.417488
v -13.503843 -0.818933 -1.977079
v -13.503843 -1.779325 1.188906
v -13.503843 -2.139976 -0.000000
v -13.503843 -2.098857 0.417488
v -13.503843 -1.977080 0.818932
v -13.503843 -0.000000 -2.139975
v -13.503843 -0.417489 -2.098856
v -13.503844 2.098855 0.417486
v -13.503844 2.139973 -0.000002
v -13.503843 -0.818933 1.977079
v -13.503843 -0.417488 2.098856
v -13.503843 0.417485 -2.098856
v -13.503844 1.977078 0.818931
v -13.503843 1.188903 -1.779325
v -13.503843 0.818929 -1.977080
v -13.503844 1.513191 1.513189
v -13.503844 1.779324 1.188905
v -13.503843 1.513188 -1.513192
v -13.503844 0.818933 1.977078
v -13.503844 1.188906 1.779323
v -13.503844 1.977076 -0.818935
v -13.503843 1.779321 -1.188909
v -14.807186 -0.000001 -1.239433
v -14.807186 -0.241803 -1.215618
v -14.807186 0.241798 -1.215618
v -14.807186 -0.474312 -1.145087
v -14.807186 -0.688594 -1.030551
v -14.807186 -0.876413 -0.876412
v -14.807186 -1.030553 -0.688592
v -14.807186 1.239432 -0.000001
v -14.807186 1.215616 -0.241803
v -14.807186 1.145085 -0.474312
v -14.807186 1.030549 -0.688594
v -14.807186 0.876409 -0.876413
v -14.807186 0.688589 -1.030552
v -14.807186 0.474307 -1.145088
v -14.807186 1.215616 0.241800
v -14.807186 1.145086 0.474309
v -14.807186 -1.145088 0.474310
v -14.807186 -1.030553 0.688592
v -14.807186 -0.876413 0.876411
v -14.807186 -0.688594 1.030551
v -14.807186 -0.474312 1.145087
v -14.807186 -0.241802 1.215617
v -14.807186 -0.000001 1.239433
v -14.807186 0.241800 1.215617
v -14.807186 0.474310 1.145086
v -14.807186 0.688591 1.030550
v -14.807186 0.876411 0.876411
v -14.807186 1.030550 0.688591
v -14.807186 -1.215619 0.241801
v -14.807186 -1.239434 -0.000000
v -14.807186 -1.145088 -0.474311
v -14.807186 -1.215619 -0.241802
v -12.584265 -0.000000 -1.996429
v -12.584265 -0.389484 -1.958068
v -12.584265 0.389481 -1.958068
v -12.584265 -0.764000 -1.844460
v -12.584265 -1.109157 -1.659970
v -12.584265 -1.411688 -1.411688
v -12.584265 -1.659970 -1.109156
v -12.584265 1.996428 -0.000002
v -12.584265 1.958067 -0.389486
v -12.584265 1.844458 -0.764002
v -12.584265 1.659968 -1.109158
v -12.584265 1.411686 -1.411690
v -12.584265 1.109154 -1.659971
v -12.584265 0.763997 -1.844461
v -12.584265 1.958068 0.389482
v -12.584267 1.844460 0.763999
v -12.584265 -1.844460 0.764000
v -12.584265 -1.659970 1.109156
v -12.584265 -1.411688 1.411688
v -12.584265 -1.109156 1.659970
v -12.584265 -0.764000 1.844459
v -12.584265 -0.389483 1.958068
v -12.584265 0.000001 1.996428
v -12.584265 0.389485 1.958067
v -12.584265 0.764001 1.844459
v -12.584265 1.109157 1.659969
v -12.584265 1.411689 1.411687
v -12.584265 1.659970 1.109155
v -12.584265 -1.958068 0.389484
v -12.584265 -1.996429 -0.000000
v -12.584264 -1.844460 -0.764000
v -12.584265 -1.958068 -0.389484
v -5.362491 1.109158 1.659970
v -5.362491 0.764001 1.844459
v -5.362491 1.411689 1.411688
v -5.362491 1.659971 1.109155
v -5.362491 1.844461 0.763999
v -5.362490 1.411687 -1.411689
v -5.362490 1.659969 -1.109157
v -5.362490 1.109154 -1.659971
v -5.362491 0.763998 -1.844460
v -5.362491 0.389481 -1.958068
v -5.362490 -1.659969 -1.109156
v -5.362490 -1.411688 -1.411688
v -5.362490 -1.844459 -0.764000
v -5.362490 -1.958067 -0.389483
v -5.362490 -1.996428 0.000001
v -5.362490 -1.844459 0.764001
v -5.362490 -1.958067 0.389484
v -5.362490 -1.659969 1.109157
v -5.362490 -1.411688 1.411689
v -5.362491 -1.109156 1.659970
v -5.362490 0.000001 1.996429
v -5.362490 -0.389483 1.958068
v -5.362491 0.389485 1.958068
v -5.362490 -0.763999 1.844460
v -5.362490 -1.109156 -1.659969
v -5.362490 -0.764000 -1.844459
v -5.362491 -0.389484 -1.958067
v -5.362491 0.000000 -1.996428
v -5.362491 1.844459 -0.764001
v -5.362491 1.958068 -0.389485
v -5.362491 1.996429 -0.000001
v -5.362491 1.958068 0.389483
v -4.162543 1.009706 1.511130
v -5.274347 1.109158 1.659970
v -5.274347 0.764001 1.844459
v -4.162543 0.695498 1.679077
v -4.162543 1.285111 1.285110
v -5.274347 1.411690 1.411688
v -4.162543 1.511131 1.009704
v -5.274347 1.659970 1.109156
v -4.162543 1.679078 0.695496
v -5.274347 1.844460 0.764000
v -4.162543 1.285109 -1.285111
v -5.274347 1.411687 -1.411689
v -5.274347 1.659968 -1.109159
v -4.162543 1.511129 -1.009706
v -4.162543 1.009703 -1.511130
v -5.274347 1.109154 -1.659971
v -4.162543 0.695495 -1.679078
v -5.274347 0.763998 -1.844460
v -4.162543 0.354559 -1.782499
v -5.274347 0.389481 -1.958068
v -4.162543 -1.511129 -1.009704
v -5.274346 -1.659969 -1.109156
v -5.274346 -1.411688 -1.411688
v -4.162543 -1.285110 -1.285109
v -4.162543 -1.679076 -0.695496
v -5.274346 -1.844459 -0.763999
v -4.162543 -1.782498 -0.354560
v -5.274347 -1.958067 -0.389483
v -4.162543 -1.817419 0.000001
v -5.274347 -1.996428 0.000001
v -4.162543 -1.679077 0.695497
v -5.274347 -1.844459 0.764000
v -5.274347 -1.958067 0.389484
v -4.162543 -1.782498 0.354562
v -4.162543 -1.511129 1.009705
v -5.274347 -1.659969 1.109157
v -4.162543 -1.285110 1.285111
v -5.274347 -1.411688 1.411689
v -4.162543 -1.009704 1.511130
v -5.274347 -1.109156 1.659970
v -4.162543 0.000001 1.817421
v -5.274347 0.000001 1.996429
v -5.274347 -0.389483 1.958068
v -4.162543 -0.354560 1.782500
v -4.162543 0.354562 1.782499
v -5.274347 0.389485 1.958068
v -5.274347 -0.763999 1.844460
v -4.162543 -0.695496 1.679078
v -5.274346 -1.109156 -1.659969
v -4.162543 -1.009704 -1.511129
v -5.274346 -0.764000 -1.844459
v -4.162543 -0.695496 -1.679076
v -5.274347 -0.389484 -1.958067
v -4.162543 -0.354561 -1.782498
v -5.274347 0.000000 -1.996428
v -4.162543 0.000000 -1.817419
v -5.274347 1.844458 -0.764002
v -4.162543 1.679077 -0.695498
v -5.274347 1.958068 -0.389485
v -4.162543 1.782499 -0.354562
v -4.162543 1.817421 -0.000001
v -5.274347 1.996429 -0.000001
v -5.274347 1.958068 0.389483
v -4.162543 1.782500 0.354560
v -12.561036 -0.000000 -1.996429
v -12.487343 -0.000000 -1.907164
v -12.487343 -0.372069 -1.870519
v -12.561036 -0.389484 -1.958068
v -12.561036 0.389481 -1.958068
v -12.487343 0.372066 -1.870519
v -12.487343 -0.729840 -1.761990
v -12.561036 -0.764000 -1.844460
v -12.487343 -1.059564 -1.585749
v -12.561036 -1.109157 -1.659970
v -12.487343 -1.348569 -1.348569
v -12.561036 -1.411688 -1.411688
v -12.487343 -1.585749 -1.059564
v -12.561036 -1.659970 -1.109156
v -12.561037 1.996428 -0.000002
v -12.487343 1.907164 -0.000002
v -12.487343 1.870518 -0.372071
v -12.561037 1.958067 -0.389486
v -12.487343 1.761989 -0.729842
v -12.561037 1.844458 -0.764002
v -12.487343 1.585747 -1.059566
v -12.561036 1.659968 -1.109158
v -12.487343 1.348567 -1.348570
v -12.561036 1.411686 -1.411690
v -12.561036 1.109154 -1.659971
v -12.487343 1.059561 -1.585751
v -12.487343 0.729838 -1.761991
v -12.561036 0.763997 -1.844461
v -12.561037 1.958068 0.389482
v -12.487343 1.870518 0.372068
v -12.561037 1.844460 0.763999
v -12.487345 1.761990 0.729839
v -12.561036 -1.844460 0.764000
v -12.487342 -1.761990 0.729840
v -12.487343 -1.585749 1.059563
v -12.561036 -1.659970 1.109156
v -12.487343 -1.348569 1.348568
v -12.561036 -1.411688 1.411688
v -12.487343 -1.059564 1.585749
v -12.561036 -1.109156 1.659970
v -12.487343 -0.729840 1.761990
v -12.561036 -0.764000 1.844459
v -12.561036 -0.389483 1.958068
v -12.487343 -0.372069 1.870518
v -12.487343 0.000001 1.907164
v -12.561036 0.000001 1.996428
v -12.487343 0.372070 1.870518
v -12.561036 0.389485 1.958067
v -12.487343 0.729841 1.761989
v -12.561036 0.764001 1.844459
v -12.487343 1.059564 1.585748
v -12.561036 1.109157 1.659969
v -12.561036 1.411689 1.411687
v -12.487343 1.348570 1.348568
v -12.487343 1.585750 1.059562
v -12.561036 1.659970 1.109155
v -12.561036 -1.958068 0.389484
v -12.487342 -1.870519 0.372069
v -12.561036 -1.996429 -0.000000
v -12.487342 -1.907164 -0.000000
v -12.561036 -1.844460 -0.764000
v -12.487342 -1.761990 -0.729840
v -12.487342 -1.870518 -0.372069
v -12.561036 -1.958068 -0.389484
v -6.345745 1.109157 1.659970
v -6.419438 1.059565 1.585749
v -6.419438 0.729841 1.761990
v -6.345745 0.764001 1.844459
v -6.345745 1.411689 1.411688
v -6.419438 1.348570 1.348568
v -6.345745 1.659971 1.109156
v -6.419438 1.585750 1.059563
v -6.345745 1.844460 0.763999
v -6.419438 1.761991 0.729839
v -6.345745 1.411687 -1.411689
v -6.419438 1.348567 -1.348570
v -6.419438 1.585748 -1.059565
v -6.345745 1.659969 -1.109158
v -6.345745 1.109154 -1.659971
v -6.419438 1.059562 -1.585750
v -6.345745 0.763998 -1.844460
v -6.419438 0.729838 -1.761990
v -6.345745 0.389481 -1.958068
v -6.419438 0.372067 -1.870518
v -6.345744 -1.659969 -1.109156
v -6.419437 -1.585749 -1.059563
v -6.419437 -1.348568 -1.348568
v -6.345744 -1.411688 -1.411688
v -6.345744 -1.844459 -0.764000
v -6.419437 -1.761989 -0.729839
v -6.345744 -1.958067 -0.389483
v -6.419438 -1.870518 -0.372069
v -6.345744 -1.996428 0.000000
v -6.419438 -1.907164 0.000000
v -6.345744 -1.844459 0.764000
v -6.419438 -1.761989 0.729840
v -6.419438 -1.870518 0.372070
v -6.345744 -1.958067 0.389484
v -6.345745 -1.659969 1.109157
v -6.419438 -1.585749 1.059564
v -6.345745 -1.411688 1.411689
v -6.419438 -1.348568 1.348569
v -6.345745 -1.109156 1.659970
v -6.419438 -1.059563 1.585750
v -6.345745 0.000001 1.996429
v -6.419438 0.000001 1.907165
v -6.419438 -0.372069 1.870519
v -6.345745 -0.389483 1.958068
v -6.345745 0.389485 1.958068
v -6.419438 0.372070 1.870519
v -6.419438 -0.729840 1.761990
v -6.345745 -0.764000 1.844460
v -6.419437 -1.059563 -1.585748
v -6.345744 -1.109156 -1.659969
v -6.419437 -0.729840 -1.761989
v -6.345744 -0.764000 -1.844459
v -6.419438 -0.372069 -1.870518
v -6.345745 -0.389484 -1.958067
v -6.419438 0.000000 -1.907164
v -6.345745 0.000000 -1.996428
v -6.419438 1.761989 -0.729841
v -6.345745 1.844459 -0.764002
v -6.419438 1.870518 -0.372071
v -6.345745 1.958068 -0.389485
v -6.345745 1.996429 -0.000001
v -6.419438 1.907164 -0.000001
v -6.419438 1.870519 0.372068
v -6.345745 1.958068 0.389483
v -14.807186 -0.000002 -1.554354
v -13.587049 -0.000002 -2.139975
v -13.587049 -0.417490 -2.098855
v -14.807186 -0.303241 -1.524488
v -14.807186 0.303235 -1.524488
v -13.587049 0.417483 -2.098856
v -13.587049 -0.818935 -1.977078
v -14.807186 -0.594827 -1.436036
v -13.587049 -1.188908 -1.779324
v -14.807186 -0.863555 -1.292398
v -13.587049 -1.513192 -1.513190
v -14.807186 -1.099096 -1.099095
v -13.587049 -1.779325 -1.188907
v -14.807186 -1.292400 -0.863553
v -14.807186 1.554352 -0.000002
v -13.587049 2.139973 -0.000002
v -13.587049 2.098854 -0.417491
v -14.807186 1.524485 -0.303241
v -13.587049 1.977076 -0.818935
v -14.807186 1.436033 -0.594827
v -13.587049 1.779321 -1.188909
v -14.807186 1.292395 -0.863554
v -13.587049 1.513187 -1.513193
v -14.807186 1.099091 -1.099096
v -14.807186 0.863549 -1.292399
v -13.587049 1.188902 -1.779326
v -13.587049 0.818928 -1.977081
v -14.807186 0.594822 -1.436037
v -14.807186 1.524485 0.303238
v -13.587049 2.098855 0.417487
v -14.807186 1.436034 0.594824
v -13.587049 1.977078 0.818931
v -14.807185 -1.436038 0.594825
v -13.587049 -1.977079 0.818933
v -13.587049 -1.779325 1.188907
v -14.807186 -1.292400 0.863552
v -13.587049 -1.513192 1.513190
v -14.807186 -1.099096 1.099094
v -13.587049 -1.188908 1.779323
v -14.807186 -0.863555 1.292398
v -13.587049 -0.818934 1.977078
v -14.807186 -0.594827 1.436036
v -14.807186 -0.303241 1.524487
v -13.587049 -0.417490 2.098855
v -13.587049 -0.000001 2.139975
v -14.807186 -0.000001 1.554354
v -13.587049 0.417487 2.098855
v -14.807186 0.303238 1.524487
v -13.587049 0.818932 1.977078
v -14.807186 0.594824 1.436035
v -13.587049 1.188906 1.779323
v -14.807186 0.863551 1.292397
v -14.807186 1.099093 1.099093
v -13.587049 1.513190 1.513190
v -13.587049 1.779323 1.188905
v -14.807186 1.292396 0.863551
v -14.807185 -1.524490 0.303239
v -13.587049 -2.098857 0.417488
v -14.807185 -1.554356 -0.000000
v -13.587049 -2.139976 -0.000000
v -14.807185 -1.436038 -0.594826
v -13.587049 -1.977079 -0.818934
v -13.587049 -2.098857 -0.417488
v -14.807185 -1.524489 -0.303240
v -6.326512 1.109157 1.659970
v -6.326512 0.764001 1.844459
v -6.326512 1.411689 1.411688
v -6.326512 1.659971 1.109156
v -6.326512 1.844460 0.763999
v -6.326512 1.411687 -1.411689
v -6.326512 1.659969 -1.109158
v -6.326512 1.109154 -1.659971
v -6.326512 0.763998 -1.844460
v -6.326512 0.389481 -1.958068
v -6.326511 -1.659969 -1.109156
v -6.326511 -1.411688 -1.411688
v -6.326511 -1.844459 -0.764000
v -6.326512 -1.958067 -0.389483
v -6.326512 -1.996428 0.000000
v -6.326512 -1.844459 0.764000
v -6.326512 -1.958067 0.389484
v -6.326512 -1.659969 1.109157
v -6.326512 -1.411688 1.411689
v -6.326512 -1.109156 1.659970
v -6.326512 0.000001 1.996429
v -6.326512 -0.389483 1.958068
v -6.326512 0.389485 1.958068
v -6.326512 -0.764000 1.844460
v -6.326511 -1.109156 -1.659969
v -6.326511 -0.764000 -1.844459
v -6.326512 -0.389484 -1.958067
v -6.326512 0.000000 -1.996428
v -6.326512 1.844459 -0.764002
v -6.326512 1.958068 -0.389485
v -6.326512 1.996429 -0.000001
v -6.326512 1.958068 0.389483
v -4.310325 1.109158 1.659970
v -4.310325 0.764001 1.844460
v -4.310325 1.411690 1.411688
v -4.310325 1.659971 1.109156
v -4.310326 1.844461 0.763999
v -4.310325 1.411687 -1.411689
v -4.310325 1.659969 -1.109158
v -4.310325 1.109154 -1.659970
v -4.310325 0.763998 -1.844460
v -4.310325 0.389481 -1.958068
v -4.310325 -1.659969 -1.109156
v -4.310325 -1.411688 -1.411687
v -4.310325 -1.844459 -0.763999
v -4.310325 -1.958067 -0.389483
v -4.310325 -1.996428 0.000001
v -4.310325 -1.844459 0.764000
v -4.310325 -1.958067 0.389484
v -4.310325 -1.659969 1.109157
v -4.310325 -1.411688 1.411689
v -4.310325 -1.109156 1.659970
v -4.310325 0.000001 1.996429
v -4.310325 -0.389483 1.958068
v -4.310325 0.389485 1.958068
v -4.310325 -0.763999 1.844460
v -4.310325 -1.109156 -1.659969
v -4.310325 -0.764000 -1.844459
v -4.310325 -0.389483 -1.958067
v -4.310325 0.000000 -1.996428
v -4.310326 1.844459 -0.764001
v -4.310326 1.958068 -0.389485
v -4.310326 1.996429 -0.000001
v -4.310326 1.958069 0.389483
v -12.767173 1.779322 -1.188908
v -12.767173 1.977077 -0.818935
v -12.767173 1.188907 1.779323
v -12.767173 0.818933 1.977078
v -12.767173 1.513188 -1.513193
v -12.767173 1.779324 1.188905
v -12.767173 1.513191 1.513190
v -12.767173 0.818930 -1.977080
v -12.767173 1.188903 -1.779326
v -12.767175 1.977079 0.818931
v -12.767173 0.417485 -2.098856
v -12.767173 -0.417488 2.098855
v -12.767173 -0.818933 1.977079
v -12.767173 2.139974 -0.000002
v -12.767175 2.098855 0.417487
v -12.767173 -0.417489 -2.098855
v -12.767173 -0.000000 -2.139975
v -12.767173 -1.977079 0.818933
v -12.767173 -2.098856 0.417488
v -12.767173 -2.139975 -0.000000
v -12.767173 -1.779324 1.188906
v -12.767173 -0.818933 -1.977079
v -12.767172 -2.098856 -0.417488
v -12.767172 -1.977079 -0.818933
v -12.767173 -1.513191 1.513190
v -12.767173 -1.188907 -1.779324
v -12.767173 -1.188907 1.779324
v -12.767173 -1.513191 -1.513191
v -12.767173 -1.779324 -1.188906
v -12.767173 0.000000 2.139975
v -12.767173 2.098855 -0.417490
v -12.767173 0.417489 2.098855
v -14.323720 -0.000002 -2.139975
v -14.323720 -0.417490 -2.098855
v -14.323720 0.417483 -2.098856
v -14.323720 -0.818935 -1.977079
v -14.323720 -1.188908 -1.779324
v -14.323720 -1.513192 -1.513191
v -14.323720 -1.779326 -1.188906
v -14.323720 2.139973 -0.000002
v -14.323720 2.098853 -0.417491
v -14.323720 1.977076 -0.818935
v -14.323720 1.779320 -1.188909
v -14.323720 1.513187 -1.513193
v -14.323720 1.188902 -1.779326
v -14.323720 0.818928 -1.977080
v -14.323720 2.098854 0.417486
v -14.323720 1.977077 0.818931
v -14.323718 -1.977081 0.818932
v -14.323720 -1.779326 1.188906
v -14.323720 -1.513192 1.513190
v -14.323720 -1.188908 1.779324
v -14.323720 -0.818934 1.977079
v -14.323720 -0.417490 2.098855
v -14.323720 -0.000001 2.139975
v -14.323720 0.417487 2.098855
v -14.323720 0.818932 1.977078
v -14.323720 1.188905 1.779323
v -14.323720 1.513190 1.513190
v -14.323720 1.779323 1.188905
v -14.323718 -2.098857 0.417488
v -14.323718 -2.139976 -0.000000
v -14.323718 -1.977080 -0.818933
v -14.323718 -2.098857 -0.417488
v -5.274347 1.440000 1.439999
v -5.303216 1.464726 1.464725
v -5.282802 1.457484 1.457482
v -5.333622 1.464726 1.464725
v -5.362491 1.440000 1.439999
v -5.354035 1.457484 1.457482
v -5.362491 1.104370 1.715443
v -5.333622 1.150828 1.722334
v -5.354035 1.137221 1.720316
v -5.274347 1.104370 1.715443
v -5.303216 1.150828 1.722334
v -5.282802 1.137221 1.720316
v -5.333622 0.792705 1.913755
v -5.362491 0.812785 1.871298
v -5.354035 0.798586 1.901320
v -5.303216 0.792705 1.913755
v -5.274347 0.812785 1.871298
v -5.282802 0.798586 1.901320
v -5.333622 0.404118 2.031632
v -5.362491 0.397296 1.997336
v -5.354035 0.402120 2.021587
v -5.274347 0.397296 1.997336
v -5.303216 0.404118 2.031632
v -5.282802 0.402120 2.021587
v -5.274347 1.693260 1.131400
v -5.303216 1.722335 1.150827
v -5.282802 1.713819 1.145137
v -5.333622 1.722336 1.150826
v -5.362491 1.693261 1.131399
v -5.354035 1.713820 1.145136
v -5.303216 1.913756 0.792703
v -5.274347 1.897933 0.748483
v -5.282803 1.909122 0.779751
v -5.362491 1.897934 0.748481
v -5.333622 1.913756 0.792702
v -5.354035 1.909122 0.779750
v -5.303216 2.031632 0.404116
v -5.274347 1.993909 0.432093
v -5.282803 2.020584 0.412310
v -5.333622 2.031632 0.404116
v -5.362491 1.993909 0.432093
v -5.354035 2.020583 0.412310
v -5.274347 1.131398 -1.693260
v -5.303215 1.150825 -1.722335
v -5.282802 1.145135 -1.713819
v -5.333622 1.150825 -1.722335
v -5.362490 1.131398 -1.693260
v -5.354035 1.145135 -1.713819
v -5.333622 1.464723 -1.464726
v -5.362490 1.439997 -1.440000
v -5.354035 1.457481 -1.457484
v -5.274347 1.439997 -1.440000
v -5.303215 1.464723 -1.464726
v -5.282802 1.457481 -1.457484
v -5.333622 1.722333 -1.150828
v -5.362490 1.715442 -1.104370
v -5.354035 1.720315 -1.137221
v -5.274347 1.715441 -1.104372
v -5.303215 1.722333 -1.150829
v -5.282802 1.720314 -1.137222
v -5.362491 1.871298 -0.812785
v -5.333622 1.913755 -0.792705
v -5.354035 1.901320 -0.798586
v -5.274347 1.871297 -0.812786
v -5.303216 1.913755 -0.792705
v -5.282803 1.901319 -0.798587
v -5.303215 0.792701 -1.913756
v -5.274347 0.748480 -1.897934
v -5.282802 0.779749 -1.909122
v -5.333622 0.792701 -1.913756
v -5.362491 0.748480 -1.897934
v -5.354035 0.779749 -1.909122
v -5.274347 0.432092 -1.993908
v -5.303215 0.404114 -2.031632
v -5.282802 0.412308 -2.020583
v -5.333622 0.404114 -2.031632
v -5.362491 0.432092 -1.993908
v -5.354035 0.412308 -2.020583
v -5.303215 0.000000 -2.071433
v -5.274347 0.000000 -2.036465
v -5.282802 0.000000 -2.061192
v -5.362491 0.000000 -2.036465
v -5.333622 0.000000 -2.071433
v -5.354035 0.000000 -2.061192
v -5.303214 -1.913755 -0.792703
v -5.274346 -1.897932 -0.748482
v -5.282802 -1.909120 -0.779751
v -5.333622 -1.913754 -0.792703
v -5.362490 -1.897932 -0.748482
v -5.354033 -1.909120 -0.779751
v -5.333622 -1.722334 -1.150827
v -5.362490 -1.693259 -1.131400
v -5.354035 -1.713818 -1.145137
v -5.274346 -1.693259 -1.131399
v -5.303214 -1.722334 -1.150826
v -5.282802 -1.713818 -1.145136
v -5.362490 -1.439999 -1.439998
v -5.333622 -1.464725 -1.464724
v -5.354035 -1.457482 -1.457482
v -5.303214 -1.464724 -1.464724
v -5.274346 -1.439998 -1.439998
v -5.282802 -1.457482 -1.457482
v -5.362490 -1.104369 -1.715442
v -5.333622 -1.150827 -1.722334
v -5.354035 -1.137219 -1.720315
v -5.303214 -1.150827 -1.722334
v -5.274346 -1.104369 -1.715442
v -5.282802 -1.137219 -1.720315
v -5.274346 -1.993908 -0.432094
v -5.303214 -2.031631 -0.404116
v -5.282802 -2.020582 -0.412311
v -5.362490 -1.993908 -0.432094
v -5.333622 -2.031631 -0.404116
v -5.354033 -2.020582 -0.412311
v -5.274347 -2.036465 0.000001
v -5.303215 -2.071433 0.000001
v -5.282802 -2.061192 0.000001
v -5.333622 -2.071433 0.000001
v -5.362490 -2.036465 0.000001
v -5.354034 -2.061192 0.000001
v -5.303215 -2.031631 0.404117
v -5.274347 -1.997335 0.397295
v -5.282802 -2.021586 0.402119
v -5.362490 -1.997335 0.397295
v -5.333622 -2.031631 0.404117
v -5.354034 -2.021586 0.402119
v -5.274347 -1.715442 1.104369
v -5.303216 -1.722334 1.150828
v -5.282802 -1.720315 1.137220
v -5.362490 -1.715442 1.104370
v -5.333622 -1.722334 1.150828
v -5.354035 -1.720315 1.137221
v -5.333622 -1.913755 0.792704
v -5.362490 -1.871298 0.812785
v -5.354034 -1.901320 0.798585
v -5.303215 -1.913755 0.792704
v -5.274347 -1.871298 0.812784
v -5.282802 -1.901319 0.798585
v -5.274347 -1.439998 1.439999
v -5.303216 -1.464724 1.464725
v -5.282802 -1.457482 1.457483
v -5.333622 -1.464725 1.464725
v -5.362490 -1.439999 1.439999
v -5.354035 -1.457482 1.457483
v -5.274347 -1.131399 1.693260
v -5.303216 -1.150826 1.722335
v -5.282802 -1.145136 1.713819
v -5.333622 -1.150826 1.722335
v -5.362491 -1.131399 1.693260
v -5.354035 -1.145136 1.713819
v -5.274347 -0.748482 1.897933
v -5.303216 -0.792703 1.913756
v -5.282802 -0.779751 1.909122
v -5.333622 -0.792703 1.913756
v -5.362490 -0.748482 1.897933
v -5.354035 -0.779751 1.909122
v -5.333622 0.000001 2.071434
v -5.362490 0.000001 2.036467
v -5.354035 0.000001 2.061193
v -5.274347 0.000001 2.036467
v -5.303215 0.000001 2.071434
v -5.282802 0.000001 2.061193
v -5.362490 -0.432094 1.993909
v -5.333622 -0.404116 2.031632
v -5.354035 -0.412310 2.020583
v -5.274347 -0.432094 1.993909
v -5.303215 -0.404116 2.031632
v -5.282802 -0.412310 2.020583
v -5.362490 -0.812784 -1.871298
v -5.333622 -0.792703 -1.913755
v -5.354035 -0.798585 -1.901319
v -5.274346 -0.812784 -1.871298
v -5.303214 -0.792703 -1.913755
v -5.282802 -0.798585 -1.901319
v -5.362490 -0.397294 -1.997335
v -5.333622 -0.404116 -2.031631
v -5.354035 -0.402118 -2.021586
v -5.303214 -0.404116 -2.031631
v -5.274346 -0.397294 -1.997335
v -5.282802 -0.402118 -2.021586
v -5.362491 1.997335 -0.397296
v -5.333622 2.031632 -0.404118
v -5.354035 2.021586 -0.402120
v -5.303216 2.031632 -0.404118
v -5.274347 1.997336 -0.397296
v -5.282803 2.021587 -0.402120
v -5.333622 2.071434 -0.000001
v -5.362491 2.036466 -0.000001
v -5.354035 2.061192 -0.000001
v -5.274347 2.036466 -0.000001
v -5.303216 2.071434 -0.000001
v -5.282802 2.061192 -0.000001
v -13.558181 0.432116 -2.172421
v -13.587049 0.460094 -2.134697
v -13.578593 0.440311 -2.161371
v -13.503843 0.460095 -2.134697
v -13.532711 0.432117 -2.172421
v -13.512300 0.440312 -2.161371
v -13.532711 -0.000001 -2.214980
v -13.503843 -0.000000 -2.180012
v -13.512300 -0.000001 -2.204738
v -13.587049 -0.000002 -2.180012
v -13.558181 -0.000001 -2.214980
v -13.578593 -0.000002 -2.204738
v -13.503843 -0.425300 -2.138124
v -13.532711 -0.432122 -2.172420
v -13.512300 -0.430124 -2.162375
v -13.558181 -0.432122 -2.172420
v -13.587049 -0.425301 -2.138123
v -13.578593 -0.430125 -2.162374
v -13.532711 -0.847637 -2.046375
v -13.503843 -0.867717 -2.003918
v -13.512300 -0.853518 -2.033940
v -13.587049 -0.867719 -2.003917
v -13.558181 -0.847638 -2.046375
v -13.578593 -0.853519 -2.033939
v -13.558181 0.847632 -2.046376
v -13.587049 0.803411 -2.030554
v -13.578593 0.834679 -2.041742
v -13.503843 0.803412 -2.030553
v -13.532711 0.847632 -2.046376
v -13.512300 0.834680 -2.041742
v -13.503843 -1.184120 -1.834798
v -13.532711 -1.230578 -1.841689
v -13.512300 -1.216971 -1.839670
v -13.558181 -1.230578 -1.841689
v -13.587049 -1.184121 -1.834797
v -13.578593 -1.216971 -1.839670
v -13.503843 -1.541502 -1.541502
v -13.532711 -1.566228 -1.566228
v -13.512300 -1.558986 -1.558985
v -13.558181 -1.566229 -1.566227
v -13.587049 -1.541503 -1.541501
v -13.578593 -1.558987 -1.558985
v -13.532711 -1.841690 -1.230577
v -13.503843 -1.812615 -1.211149
v -13.512300 -1.833174 -1.224887
v -13.558181 -1.841689 -1.230577
v -13.587049 -1.812614 -1.211151
v -13.578593 -1.833173 -1.224888
v -13.532711 -2.046376 -0.847636
v -13.503843 -2.030554 -0.803415
v -13.512299 -2.041742 -0.834684
v -13.587049 -2.030553 -0.803416
v -13.558179 -2.046375 -0.847637
v -13.578592 -2.041741 -0.834685
v -13.587049 2.134695 0.460097
v -13.558182 2.172419 0.432119
v -13.578593 2.161370 0.440314
v -13.503844 2.134695 0.460097
v -13.532713 2.172419 0.432119
v -13.512300 2.161370 0.440314
v -13.503844 2.180011 -0.000002
v -13.532713 2.214979 -0.000002
v -13.512300 2.204737 -0.000002
v -13.587049 2.180011 -0.000002
v -13.558181 2.214979 -0.000002
v -13.578593 2.204737 -0.000002
v -13.503844 2.138122 -0.425301
v -13.532713 2.172418 -0.432123
v -13.512300 2.162373 -0.430125
v -13.558181 2.172418 -0.432123
v -13.587049 2.138122 -0.425302
v -13.578593 2.162373 -0.430125
v -13.532713 2.046372 -0.847639
v -13.503844 2.003915 -0.867719
v -13.512300 2.033937 -0.853520
v -13.558181 2.046372 -0.847639
v -13.587049 2.003915 -0.867719
v -13.578593 2.033937 -0.853520
v -13.532711 1.841686 -1.230580
v -13.503843 1.834794 -1.184122
v -13.512300 1.839667 -1.216972
v -13.587049 1.834794 -1.184122
v -13.558181 1.841685 -1.230580
v -13.578593 1.839667 -1.216972
v -13.503843 1.541498 -1.541503
v -13.532711 1.566224 -1.566229
v -13.512300 1.558982 -1.558987
v -13.558181 1.566224 -1.566229
v -13.587049 1.541498 -1.541504
v -13.578593 1.558982 -1.558987
v -13.532711 1.230573 -1.841690
v -13.503843 1.211147 -1.812615
v -13.512300 1.224883 -1.833174
v -13.587049 1.211145 -1.812616
v -13.558181 1.230573 -1.841690
v -13.578593 1.224883 -1.833174
v -13.558182 2.046374 0.847635
v -13.587049 2.030551 0.803414
v -13.578593 2.041740 0.834682
v -13.532713 2.046374 0.847635
v -13.503844 2.030551 0.803414
v -13.512300 2.041740 0.834683
v -13.558182 1.841688 1.230576
v -13.587049 1.812613 1.211149
v -13.578593 1.833172 1.224886
v -13.503844 1.812613 1.211149
v -13.532713 1.841688 1.230576
v -13.512300 1.833172 1.224886
v -13.587049 -2.138125 0.425299
v -13.558181 -2.172421 0.432121
v -13.578592 -2.162376 0.430123
v -13.532711 -2.172421 0.432121
v -13.503843 -2.138124 0.425299
v -13.512300 -2.162376 0.430123
v -13.532711 -2.046376 0.847636
v -13.503843 -2.003919 0.867716
v -13.512300 -2.033940 0.853517
v -13.558181 -2.046376 0.847636
v -13.587049 -2.003918 0.867717
v -13.578592 -2.033940 0.853518
v -13.503843 -1.834798 1.184118
v -13.532711 -1.841690 1.230577
v -13.512300 -1.839671 1.216969
v -13.587049 -1.834798 1.184120
v -13.558181 -1.841689 1.230577
v -13.578593 -1.839671 1.216970
v -13.503843 -1.541502 1.541501
v -13.532711 -1.566228 1.566227
v -13.512300 -1.558986 1.558985
v -13.558181 -1.566229 1.566227
v -13.587049 -1.541503 1.541501
v -13.578593 -1.558987 1.558985
v -13.503843 -1.211150 1.812614
v -13.532711 -1.230578 1.841689
v -13.512300 -1.224887 1.833173
v -13.558181 -1.230578 1.841688
v -13.587049 -1.211151 1.812613
v -13.578593 -1.224888 1.833172
v -13.532711 -0.847637 2.046375
v -13.503843 -0.803415 2.030552
v -13.512300 -0.834684 2.041740
v -13.558181 -0.847637 2.046375
v -13.587049 -0.803417 2.030552
v -13.578593 -0.834685 2.041740
v -13.503843 -0.460099 2.134696
v -13.532711 -0.432121 2.172420
v -13.512300 -0.440316 2.161371
v -13.587049 -0.460100 2.134696
v -13.558181 -0.432122 2.172420
v -13.578593 -0.440317 2.161371
v -13.503843 0.000000 2.180012
v -13.532711 -0.000000 2.214980
v -13.512300 0.000000 2.204738
v -13.558181 -0.000001 2.214980
v -13.587049 -0.000001 2.180012
v -13.578593 -0.000001 2.204738
v -13.503844 0.425300 2.138123
v -13.532713 0.432121 2.172419
v -13.512300 0.430124 2.162374
v -13.558182 0.432121 2.172419
v -13.587049 0.425298 2.138123
v -13.578593 0.430122 2.162374
v -13.532713 0.847636 2.046374
v -13.503844 0.867717 2.003916
v -13.512300 0.853518 2.033938
v -13.558182 0.847636 2.046374
v -13.587049 0.867716 2.003917
v -13.578593 0.853517 2.033939
v -13.532713 1.230577 1.841687
v -13.503844 1.184119 1.834796
v -13.512300 1.216970 1.839669
v -13.587049 1.184118 1.834796
v -13.558182 1.230577 1.841688
v -13.578593 1.216969 1.839669
v -13.532713 1.566227 1.566226
v -13.503844 1.541501 1.541500
v -13.512300 1.558985 1.558984
v -13.587049 1.541501 1.541501
v -13.558182 1.566227 1.566226
v -13.578593 1.558985 1.558984
v -13.587049 -2.180013 -0.000000
v -13.558181 -2.214981 -0.000000
v -13.578592 -2.204739 -0.000000
v -13.532711 -2.214981 -0.000000
v -13.503843 -2.180013 -0.000000
v -13.512300 -2.204739 -0.000000
v -13.587049 -2.134697 -0.460099
v -13.558179 -2.172421 -0.432121
v -13.578592 -2.161372 -0.440316
v -13.503843 -2.134697 -0.460099
v -13.532711 -2.172421 -0.432121
v -13.512299 -2.161372 -0.440316
v -5.303216 1.602622 1.602620
v -5.274347 1.627348 1.627346
v -5.282802 1.609864 1.609862
v -5.362491 1.627348 1.627346
v -5.333622 1.602622 1.602620
v -5.354036 1.609864 1.609862
v -5.333622 1.259172 1.884482
v -5.362491 1.251569 1.935740
v -5.354035 1.256945 1.899495
v -5.303216 1.259172 1.884482
v -5.274347 1.251569 1.935740
v -5.282802 1.256945 1.899495
v -5.362491 0.914177 2.116080
v -5.333622 0.867333 2.093924
v -5.354035 0.881053 2.100414
v -5.274347 0.914177 2.116080
v -5.303216 0.867333 2.093924
v -5.282802 0.881053 2.100414
v -5.362491 0.448985 2.257195
v -5.333622 0.442163 2.222898
v -5.354035 0.444161 2.232944
v -5.303216 0.442163 2.222898
v -5.274347 0.448985 2.257195
v -5.282802 0.444161 2.232944
v -5.303216 1.884483 1.259170
v -5.274347 1.913558 1.278598
v -5.282802 1.892999 1.264861
v -5.362491 1.913559 1.278597
v -5.333622 1.884484 1.259170
v -5.354036 1.893000 1.264860
v -5.274347 2.142715 0.849874
v -5.303216 2.093925 0.867331
v -5.282803 2.108215 0.862219
v -5.333622 2.093926 0.867331
v -5.362491 2.142716 0.849873
v -5.354035 2.108216 0.862217
v -5.274347 2.253768 0.483782
v -5.303216 2.222899 0.442161
v -5.282803 2.231941 0.454351
v -5.362491 2.253768 0.483782
v -5.333622 2.222899 0.442161
v -5.354035 2.231940 0.454351
v -5.303215 1.259169 -1.884483
v -5.274347 1.278596 -1.913558
v -5.282802 1.264859 -1.892999
v -5.362490 1.278596 -1.913558
v -5.333622 1.259169 -1.884483
v -5.354035 1.264859 -1.892999
v -5.362491 1.627345 -1.627348
v -5.333622 1.602619 -1.602622
v -5.354035 1.609861 -1.609864
v -5.303216 1.602619 -1.602622
v -5.274347 1.627345 -1.627348
v -5.282802 1.609861 -1.609864
v -5.362490 1.935740 -1.251569
v -5.333622 1.884481 -1.259172
v -5.354035 1.899495 -1.256945
v -5.303215 1.884481 -1.259173
v -5.274347 1.935739 -1.251570
v -5.282802 1.899494 -1.256946
v -5.333622 2.093924 -0.867334
v -5.362491 2.116080 -0.914177
v -5.354035 2.100413 -0.881053
v -5.303216 2.093924 -0.867334
v -5.274347 2.116079 -0.914179
v -5.282803 2.100413 -0.881055
v -5.274347 0.849872 -2.142715
v -5.303215 0.867329 -2.093925
v -5.282802 0.862216 -2.108215
v -5.362491 0.849872 -2.142715
v -5.333622 0.867329 -2.093925
v -5.354035 0.862216 -2.108216
v -5.303215 0.442159 -2.222898
v -5.274347 0.483781 -2.253767
v -5.282802 0.454350 -2.231940
v -5.362491 0.483781 -2.253767
v -5.333622 0.442159 -2.222898
v -5.354035 0.454350 -2.231940
v -5.274347 0.000000 -2.301415
v -5.303215 0.000000 -2.266447
v -5.282802 0.000000 -2.276689
v -5.333622 0.000000 -2.266447
v -5.362491 0.000000 -2.301415
v -5.354035 0.000000 -2.276689
v -5.274346 -2.142714 -0.849874
v -5.303214 -2.093924 -0.867331
v -5.282802 -2.108214 -0.862218
v -5.362490 -2.142714 -0.849874
v -5.333622 -2.093924 -0.867331
v -5.354033 -2.108214 -0.862219
v -5.362490 -1.913557 -1.278598
v -5.333622 -1.884482 -1.259170
v -5.354034 -1.892998 -1.264861
v -5.303214 -1.884482 -1.259170
v -5.274346 -1.913557 -1.278597
v -5.282802 -1.892998 -1.264860
v -5.333622 -1.602620 -1.602620
v -5.362490 -1.627346 -1.627346
v -5.354034 -1.609862 -1.609862
v -5.274346 -1.627346 -1.627346
v -5.303214 -1.602620 -1.602620
v -5.282802 -1.609862 -1.609862
v -5.333622 -1.259170 -1.884482
v -5.362490 -1.251567 -1.935740
v -5.354035 -1.256943 -1.899495
v -5.274346 -1.251567 -1.935740
v -5.303214 -1.259170 -1.884482
v -5.282802 -1.256943 -1.899495
v -5.303214 -2.222898 -0.442161
v -5.274346 -2.253767 -0.483783
v -5.282802 -2.231939 -0.454352
v -5.333622 -2.222898 -0.442161
v -5.362490 -2.253767 -0.483783
v -5.354033 -2.231939 -0.454352
v -5.303215 -2.266447 0.000000
v -5.274347 -2.301415 0.000000
v -5.282802 -2.276689 0.000000
v -5.362490 -2.301415 0.000000
v -5.333622 -2.266447 0.000000
v -5.354034 -2.276689 0.000000
v -5.274347 -2.257194 0.448984
v -5.303215 -2.222898 0.442162
v -5.282802 -2.232943 0.444161
v -5.333622 -2.222898 0.442162
v -5.362490 -2.257194 0.448984
v -5.354034 -2.232943 0.444161
v -5.303215 -1.884482 1.259171
v -5.274347 -1.935740 1.251568
v -5.282802 -1.899495 1.256944
v -5.333622 -1.884482 1.259171
v -5.362490 -1.935740 1.251568
v -5.354034 -1.899495 1.256945
v -5.362490 -2.116079 0.914177
v -5.333622 -2.093924 0.867332
v -5.354034 -2.100413 0.881053
v -5.274347 -2.116080 0.914176
v -5.303215 -2.093924 0.867332
v -5.282802 -2.100413 0.881052
v -5.303215 -1.602620 1.602621
v -5.274347 -1.627346 1.627347
v -5.282802 -1.609862 1.609863
v -5.362490 -1.627346 1.627347
v -5.333622 -1.602620 1.602621
v -5.354034 -1.609862 1.609863
v -5.303216 -1.259170 1.884483
v -5.274347 -1.278597 1.913558
v -5.282802 -1.264860 1.892999
v -5.362491 -1.278597 1.913558
v -5.333622 -1.259170 1.884483
v -5.354035 -1.264860 1.892999
v -5.303216 -0.867331 2.093925
v -5.274347 -0.849874 2.142715
v -5.282802 -0.862218 2.108215
v -5.362490 -0.849874 2.142715
v -5.333622 -0.867331 2.093925
v -5.354035 -0.862218 2.108215
v -5.362490 0.000001 2.301416
v -5.333622 0.000001 2.266448
v -5.354035 0.000001 2.276690
v -5.303215 0.000001 2.266448
v -5.274347 0.000001 2.301416
v -5.282802 0.000001 2.276690
v -5.333622 -0.442161 2.222899
v -5.362490 -0.483783 2.253767
v -5.354035 -0.454352 2.231940
v -5.303215 -0.442161 2.222899
v -5.274347 -0.483783 2.253767
v -5.282802 -0.454352 2.231940
v -5.333622 -0.867332 -2.093924
v -5.362490 -0.914176 -2.116080
v -5.354035 -0.881052 -2.100413
v -5.303214 -0.867332 -2.093924
v -5.274346 -0.914176 -2.116080
v -5.282802 -0.881052 -2.100413
v -5.333622 -0.442162 -2.222898
v -5.362490 -0.448984 -2.257194
v -5.354035 -0.444160 -2.232943
v -5.274346 -0.448984 -2.257194
v -5.303214 -0.442162 -2.222898
v -5.282802 -0.444160 -2.232943
v -5.333622 2.222898 -0.442164
v -5.362491 2.257194 -0.448986
v -5.354035 2.232943 -0.444162
v -5.274347 2.257194 -0.448986
v -5.303216 2.222898 -0.442164
v -5.282803 2.232944 -0.444162
v -5.362491 2.301416 -0.000002
v -5.333622 2.266448 -0.000002
v -5.354035 2.276690 -0.000002
v -5.303216 2.266448 -0.000002
v -5.274347 2.301416 -0.000002
v -5.282802 2.276690 -0.000002
v -13.587049 0.511782 -2.394556
v -13.558181 0.470161 -2.363687
v -13.578593 0.482352 -2.372729
v -13.532711 0.470162 -2.363687
v -13.503843 0.511784 -2.394556
v -13.512300 0.482353 -2.372728
v -13.503843 -0.000000 -2.444962
v -13.532711 -0.000001 -2.409994
v -13.512300 -0.000000 -2.420236
v -13.558181 -0.000002 -2.409994
v -13.587049 -0.000002 -2.444962
v -13.578593 -0.000002 -2.420236
v -13.532711 -0.470167 -2.363686
v -13.503843 -0.476988 -2.397983
v -13.512300 -0.472165 -2.373731
v -13.587049 -0.476990 -2.397982
v -13.558181 -0.470168 -2.363686
v -13.578593 -0.472166 -2.373731
v -13.503843 -0.969109 -2.248700
v -13.532711 -0.922265 -2.226544
v -13.512300 -0.935985 -2.233033
v -13.558181 -0.922266 -2.226544
v -13.587049 -0.969111 -2.248699
v -13.578593 -0.935987 -2.233032
v -13.587049 0.904802 -2.275336
v -13.558181 0.922260 -2.226546
v -13.578593 0.917146 -2.240836
v -13.532711 0.922260 -2.226545
v -13.503843 0.904804 -2.275335
v -13.512300 0.917148 -2.240835
v -13.532711 -1.338922 -2.003837
v -13.503843 -1.331318 -2.055095
v -13.512300 -1.336694 -2.018850
v -13.587049 -1.331319 -2.055094
v -13.558181 -1.338922 -2.003836
v -13.578593 -1.336696 -2.018849
v -13.532711 -1.704124 -1.704123
v -13.503843 -1.728850 -1.728849
v -13.512300 -1.711366 -1.711365
v -13.587049 -1.728850 -1.728849
v -13.558181 -1.704124 -1.704123
v -13.578592 -1.711366 -1.711365
v -13.503843 -2.032912 -1.358348
v -13.532711 -2.003838 -1.338921
v -13.512300 -2.012353 -1.344610
v -13.587049 -2.032912 -1.358349
v -13.558181 -2.003837 -1.338921
v -13.578592 -2.012353 -1.344612
v -13.503843 -2.275335 -0.904806
v -13.532711 -2.226545 -0.922264
v -13.512299 -2.240835 -0.917151
v -13.558179 -2.226544 -0.922265
v -13.587049 -2.275334 -0.904808
v -13.578592 -2.240834 -0.917152
v -13.558182 2.363685 0.470164
v -13.587049 2.394554 0.511786
v -13.578593 2.372727 0.482355
v -13.532714 2.363685 0.470164
v -13.503845 2.394554 0.511786
v -13.512300 2.372727 0.482355
v -13.532714 2.409992 -0.000002
v -13.503845 2.444961 -0.000002
v -13.512300 2.420234 -0.000002
v -13.558182 2.409992 -0.000002
v -13.587049 2.444960 -0.000002
v -13.578593 2.420234 -0.000002
v -13.532713 2.363685 -0.470169
v -13.503844 2.397981 -0.476991
v -13.512300 2.373730 -0.472167
v -13.587049 2.397981 -0.476991
v -13.558182 2.363685 -0.470169
v -13.578593 2.373729 -0.472167
v -13.503844 2.248697 -0.969112
v -13.532713 2.226541 -0.922268
v -13.512300 2.233030 -0.935988
v -13.587049 2.248697 -0.969112
v -13.558181 2.226541 -0.922267
v -13.578593 2.233031 -0.935988
v -13.503844 2.055092 -1.331320
v -13.532713 2.003834 -1.338923
v -13.512300 2.018847 -1.336697
v -13.558182 2.003833 -1.338923
v -13.587049 2.055092 -1.331320
v -13.578593 2.018847 -1.336697
v -13.532713 1.704120 -1.704125
v -13.503844 1.728846 -1.728851
v -13.512300 1.711362 -1.711367
v -13.587049 1.728845 -1.728852
v -13.558182 1.704119 -1.704125
v -13.578593 1.711361 -1.711368
v -13.503843 1.358345 -2.032913
v -13.532711 1.338917 -2.003838
v -13.512300 1.344607 -2.012354
v -13.558181 1.338917 -2.003838
v -13.587049 1.358343 -2.032914
v -13.578593 1.344606 -2.012355
v -13.587049 2.275333 0.904805
v -13.558182 2.226543 0.922263
v -13.578593 2.240833 0.917150
v -13.503845 2.275333 0.904806
v -13.532714 2.226543 0.922263
v -13.512300 2.240833 0.917150
v -13.587049 2.032911 1.358347
v -13.558182 2.003836 1.338919
v -13.578593 2.012352 1.344609
v -13.532713 2.003836 1.338919
v -13.503844 2.032911 1.358346
v -13.512300 2.012352 1.344609
v -13.558181 -2.363688 0.470166
v -13.587049 -2.397984 0.476988
v -13.578592 -2.373733 0.472164
v -13.503843 -2.397984 0.476988
v -13.532711 -2.363687 0.470166
v -13.512300 -2.373732 0.472164
v -13.503843 -2.248701 0.969108
v -13.532711 -2.226545 0.922264
v -13.512300 -2.233034 0.935984
v -13.587049 -2.248700 0.969109
v -13.558181 -2.226545 0.922265
v -13.578592 -2.233033 0.935986
v -13.532711 -2.003838 1.338920
v -13.503843 -2.055096 1.331316
v -13.512300 -2.018851 1.336693
v -13.558181 -2.003837 1.338921
v -13.587049 -2.055095 1.331318
v -13.578593 -2.018851 1.336694
v -13.532711 -1.704124 1.704123
v -13.503843 -1.728850 1.728849
v -13.512300 -1.711366 1.711365
v -13.587049 -1.728850 1.728848
v -13.558181 -1.704124 1.704122
v -13.578593 -1.711366 1.711364
v -13.532711 -1.338922 2.003836
v -13.503843 -1.358348 2.032912
v -13.512300 -1.344611 2.012352
v -13.587049 -1.358350 2.032911
v -13.558181 -1.338922 2.003836
v -13.578593 -1.344612 2.012352
v -13.503843 -0.904807 2.275334
v -13.532711 -0.922265 2.226544
v -13.512300 -0.917151 2.240834
v -13.587049 -0.904809 2.275333
v -13.558181 -0.922266 2.226543
v -13.578593 -0.917153 2.240834
v -13.532711 -0.470167 2.363686
v -13.503843 -0.511788 2.394555
v -13.512300 -0.482357 2.372727
v -13.558181 -0.470167 2.363686
v -13.587049 -0.511790 2.394554
v -13.578593 -0.482359 2.372727
v -13.532713 -0.000000 2.409994
v -13.503844 0.000001 2.444962
v -13.512300 0.000000 2.420235
v -13.587049 -0.000001 2.444962
v -13.558182 -0.000001 2.409994
v -13.578593 -0.000001 2.420235
v -13.532713 0.470167 2.363686
v -13.503844 0.476989 2.397982
v -13.512300 0.472165 2.373731
v -13.587049 0.476987 2.397982
v -13.558182 0.470166 2.363686
v -13.578593 0.472164 2.373731
v -13.503844 0.969109 2.248698
v -13.532713 0.922265 2.226543
v -13.512300 0.935985 2.233032
v -13.587049 0.969108 2.248699
v -13.558182 0.922264 2.226543
v -13.578593 0.935984 2.233032
v -13.503844 1.331318 2.055094
v -13.532713 1.338921 2.003835
v -13.512300 1.336694 2.018848
v -13.558182 1.338920 2.003835
v -13.587049 1.331317 2.055094
v -13.578593 1.336693 2.018849
v -13.503844 1.728849 1.728847
v -13.532713 1.704123 1.704122
v -13.512300 1.711365 1.711363
v -13.558182 1.704123 1.704122
v -13.587049 1.728848 1.728848
v -13.578593 1.711364 1.711364
v -13.558179 -2.409995 -0.000000
v -13.587048 -2.444963 -0.000000
v -13.578591 -2.420237 -0.000000
v -13.503843 -2.444963 -0.000000
v -13.532711 -2.409995 -0.000000
v -13.512299 -2.420237 -0.000000
v -13.558179 -2.363687 -0.470166
v -13.587049 -2.394556 -0.511788
v -13.578592 -2.372728 -0.482357
v -13.532711 -2.363687 -0.470167
v -13.503843 -2.394556 -0.511788
v -13.512299 -2.372728 -0.482357
v -5.274347 1.641540 1.641538
v -5.303216 1.666266 1.666264
v -5.282802 1.659024 1.659022
v -5.333622 1.666266 1.666264
v -5.362491 1.641540 1.641538
v -5.354036 1.659024 1.659022
v -5.333622 1.309177 1.959320
v -5.362491 1.289750 1.930245
v -5.354035 1.303487 1.950804
v -5.274347 1.289750 1.930245
v -5.303216 1.309177 1.959320
v -5.282802 1.303487 1.950804
v -5.362491 0.888395 2.144773
v -5.333622 0.901777 2.177079
v -5.354035 0.897858 2.167617
v -5.303216 0.901777 2.177079
v -5.274347 0.888395 2.144773
v -5.282802 0.897858 2.167617
v -5.333622 0.459723 2.311175
v -5.362491 0.452901 2.276879
v -5.354035 0.457725 2.301130
v -5.274347 0.452901 2.276879
v -5.303216 0.459723 2.311175
v -5.282802 0.457725 2.301130
v -5.274347 1.930246 1.289749
v -5.303216 1.959321 1.309175
v -5.282802 1.950805 1.303486
v -5.333622 1.959321 1.309175
v -5.362491 1.930247 1.289747
v -5.354036 1.950805 1.303484
v -5.274347 2.144774 0.888394
v -5.303216 2.177080 0.901775
v -5.282803 2.167618 0.897856
v -5.333622 2.177081 0.901775
v -5.362491 2.144775 0.888392
v -5.354035 2.167619 0.897855
v -5.303216 2.311176 0.459720
v -5.274347 2.276880 0.452898
v -5.282803 2.301131 0.457722
v -5.362491 2.276880 0.452898
v -5.333622 2.311176 0.459720
v -5.354035 2.301131 0.457722
v -5.274347 1.289746 -1.930246
v -5.303215 1.309173 -1.959321
v -5.282802 1.303483 -1.950805
v -5.333622 1.309173 -1.959321
v -5.362490 1.289746 -1.930246
v -5.354035 1.303483 -1.950805
v -5.333622 1.666263 -1.666266
v -5.362491 1.641536 -1.641540
v -5.354035 1.659021 -1.659024
v -5.274347 1.641537 -1.641540
v -5.303216 1.666263 -1.666266
v -5.282802 1.659020 -1.659024
v -5.362490 1.930244 -1.289750
v -5.333622 1.959319 -1.309177
v -5.354035 1.950803 -1.303487
v -5.303215 1.959318 -1.309178
v -5.274347 1.930243 -1.289751
v -5.282802 1.950802 -1.303488
v -5.362491 2.144773 -0.888395
v -5.333622 2.177079 -0.901778
v -5.354035 2.167617 -0.897858
v -5.303216 2.177078 -0.901778
v -5.274347 2.144772 -0.888397
v -5.282803 2.167616 -0.897859
v -5.274347 0.888391 -2.144774
v -5.303215 0.901773 -2.177080
v -5.282802 0.897853 -2.167618
v -5.333622 0.901773 -2.177080
v -5.362491 0.888391 -2.144774
v -5.354035 0.897853 -2.167618
v -5.274347 0.452896 -2.276879
v -5.303215 0.459718 -2.311175
v -5.282802 0.457720 -2.301130
v -5.333622 0.459718 -2.311175
v -5.362491 0.452896 -2.276879
v -5.354035 0.457720 -2.301130
v -5.303215 0.000000 -2.356453
v -5.274347 0.000000 -2.321485
v -5.282802 0.000000 -2.346211
v -5.362491 0.000000 -2.321485
v -5.333622 0.000000 -2.356453
v -5.354035 0.000000 -2.346211
v -5.274346 -2.144773 -0.888393
v -5.303214 -2.177079 -0.901775
v -5.282802 -2.167617 -0.897856
v -5.333622 -2.177078 -0.901775
v -5.362490 -2.144773 -0.888394
v -5.354033 -2.167616 -0.897856
v -5.333622 -1.959319 -1.309175
v -5.362490 -1.930244 -1.289748
v -5.354034 -1.950803 -1.303485
v -5.274346 -1.930245 -1.289748
v -5.303214 -1.959319 -1.309175
v -5.282802 -1.950804 -1.303485
v -5.362490 -1.641538 -1.641538
v -5.333622 -1.666264 -1.666264
v -5.354034 -1.659022 -1.659022
v -5.303214 -1.666264 -1.666264
v -5.274346 -1.641538 -1.641538
v -5.282802 -1.659022 -1.659022
v -5.362490 -1.289748 -1.930244
v -5.333622 -1.309175 -1.959319
v -5.354035 -1.303485 -1.950804
v -5.303214 -1.309175 -1.959319
v -5.274346 -1.289748 -1.930244
v -5.282802 -1.303485 -1.950804
v -5.274346 -2.276879 -0.452899
v -5.303214 -2.311175 -0.459721
v -5.282802 -2.301130 -0.457723
v -5.333622 -2.311175 -0.459721
v -5.362490 -2.276879 -0.452899
v -5.354033 -2.301130 -0.457723
v -5.274347 -2.321486 0.000000
v -5.303215 -2.356453 0.000000
v -5.282802 -2.346212 0.000000
v -5.333622 -2.356453 0.000000
v -5.362490 -2.321486 0.000000
v -5.354034 -2.346212 0.000000
v -5.303215 -2.311175 0.459722
v -5.274347 -2.276879 0.452900
v -5.282802 -2.301130 0.457724
v -5.362490 -2.276879 0.452900
v -5.333622 -2.311175 0.459722
v -5.354034 -2.301130 0.457724
v -5.274347 -1.930245 1.289749
v -5.303215 -1.959319 1.309176
v -5.282802 -1.950804 1.303486
v -5.333622 -1.959319 1.309176
v -5.362490 -1.930244 1.289749
v -5.354034 -1.950803 1.303486
v -5.333622 -2.177079 0.901776
v -5.362490 -2.144773 0.888395
v -5.354034 -2.167617 0.897857
v -5.274347 -2.144773 0.888394
v -5.303215 -2.177079 0.901776
v -5.282802 -2.167617 0.897857
v -5.274347 -1.641538 1.641539
v -5.303215 -1.666264 1.666265
v -5.282802 -1.659022 1.659023
v -5.333622 -1.666264 1.666265
v -5.362490 -1.641538 1.641539
v -5.354034 -1.659022 1.659023
v -5.274347 -1.289748 1.930246
v -5.303216 -1.309175 1.959320
v -5.282802 -1.303485 1.950804
v -5.333622 -1.309175 1.959320
v -5.362491 -1.289748 1.930246
v -5.354035 -1.303485 1.950804
v -5.303216 -0.901775 2.177080
v -5.274347 -0.888393 2.144774
v -5.282802 -0.897856 2.167618
v -5.362490 -0.888393 2.144774
v -5.333622 -0.901775 2.177080
v -5.354035 -0.897856 2.167618
v -5.333622 0.000001 2.356455
v -5.362490 0.000001 2.321486
v -5.354035 0.000001 2.346213
v -5.274347 0.000001 2.321486
v -5.303215 0.000001 2.356455
v -5.282802 0.000001 2.346213
v -5.362490 -0.452899 2.276880
v -5.333622 -0.459721 2.311176
v -5.354035 -0.457722 2.301131
v -5.303215 -0.459721 2.311176
v -5.274347 -0.452899 2.276880
v -5.282802 -0.457722 2.301131
v -5.362490 -0.888394 -2.144773
v -5.333622 -0.901776 -2.177079
v -5.354035 -0.897856 -2.167616
v -5.303214 -0.901776 -2.177079
v -5.274346 -0.888394 -2.144773
v -5.282802 -0.897856 -2.167616
v -5.362490 -0.452899 -2.276878
v -5.333622 -0.459721 -2.311175
v -5.354035 -0.457723 -2.301130
v -5.303214 -0.459721 -2.311175
v -5.274346 -0.452899 -2.276878
v -5.282802 -0.457723 -2.301130
v -5.362491 2.276879 -0.452901
v -5.333622 2.311175 -0.459723
v -5.354035 2.301130 -0.457725
v -5.303216 2.311175 -0.459723
v -5.274347 2.276879 -0.452901
v -5.282803 2.301130 -0.457725
v -5.333622 2.356454 -0.000002
v -5.362491 2.321486 -0.000002
v -5.354035 2.346212 -0.000002
v -5.274347 2.321486 -0.000002
v -5.303216 2.356454 -0.000002
v -5.282802 2.346212 -0.000002
v -13.587049 0.480898 -2.417668
v -13.558181 0.487721 -2.451964
v -13.578593 0.485722 -2.441919
v -13.503843 0.480900 -2.417668
v -13.532711 0.487721 -2.451964
v -13.512300 0.485724 -2.441919
v -13.532711 -0.000001 -2.500000
v -13.503843 -0.000000 -2.465032
v -13.512300 -0.000000 -2.489758
v -13.587049 -0.000002 -2.465032
v -13.558181 -0.000002 -2.500000
v -13.578593 -0.000002 -2.489758
v -13.503843 -0.480904 -2.417667
v -13.532711 -0.487727 -2.451963
v -13.512300 -0.485728 -2.441918
v -13.558181 -0.487727 -2.451963
v -13.587049 -0.480906 -2.417667
v -13.578593 -0.485730 -2.441918
v -13.503843 -0.943327 -2.277393
v -13.532711 -0.956709 -2.309699
v -13.512300 -0.952790 -2.300237
v -13.558181 -0.956710 -2.309699
v -13.587049 -0.943329 -2.277392
v -13.578593 -0.952791 -2.300236
v -13.558181 0.956704 -2.309700
v -13.587049 0.943321 -2.277395
v -13.578593 0.952784 -2.300239
v -13.503843 0.943323 -2.277394
v -13.532711 0.956704 -2.309700
v -13.512300 0.952785 -2.300238
v -13.503843 -1.369499 -2.049600
v -13.532711 -1.388927 -2.078674
v -13.512300 -1.383236 -2.070158
v -13.558181 -1.388927 -2.078674
v -13.587049 -1.369500 -2.049599
v -13.578593 -1.383237 -2.070158
v -13.503843 -1.743042 -1.743041
v -13.532711 -1.767768 -1.767767
v -13.512299 -1.760526 -1.760525
v -13.558181 -1.767768 -1.767767
v -13.587049 -1.743042 -1.743041
v -13.578592 -1.760526 -1.760525
v -13.532711 -2.078675 -1.388926
v -13.503843 -2.049600 -1.369498
v -13.512299 -2.070159 -1.383235
v -13.558181 -2.078675 -1.388926
v -13.587049 -2.049600 -1.369499
v -13.578592 -2.070159 -1.383236
v -13.532711 -2.309700 -0.956708
v -13.503843 -2.277394 -0.943326
v -13.512299 -2.300238 -0.952788
v -13.587049 -2.277393 -0.943328
v -13.558179 -2.309699 -0.956709
v -13.578592 -2.300237 -0.952790
v -13.587049 2.417666 0.480902
v -13.558182 2.451962 0.487724
v -13.578593 2.441917 0.485726
v -13.532714 2.451962 0.487724
v -13.503845 2.417666 0.480902
v -13.512300 2.441917 0.485725
v -13.503845 2.465031 -0.000002
v -13.532714 2.499999 -0.000002
v -13.512300 2.489757 -0.000002
v -13.587049 2.465031 -0.000002
v -13.558182 2.499999 -0.000002
v -13.578593 2.489757 -0.000002
v -13.503844 2.417665 -0.480906
v -13.532713 2.451962 -0.487728
v -13.512300 2.441916 -0.485730
v -13.558182 2.451962 -0.487728
v -13.587049 2.417665 -0.480907
v -13.578593 2.441916 -0.485730
v -13.532713 2.309696 -0.956711
v -13.503844 2.277390 -0.943330
v -13.512300 2.300234 -0.952792
v -13.558181 2.309696 -0.956711
v -13.587049 2.277390 -0.943330
v -13.578593 2.300234 -0.952792
v -13.503844 2.049596 -1.369501
v -13.532713 2.078671 -1.388929
v -13.512300 2.070155 -1.383238
v -13.558182 2.078671 -1.388929
v -13.587049 2.049596 -1.369501
v -13.578593 2.070155 -1.383238
v -13.503844 1.743038 -1.743043
v -13.532713 1.767763 -1.767769
v -13.512300 1.760522 -1.760527
v -13.558182 1.767763 -1.767770
v -13.587049 1.743037 -1.743044
v -13.578593 1.760521 -1.760527
v -13.532711 1.388922 -2.078676
v -13.503843 1.369495 -2.049601
v -13.512300 1.383232 -2.070160
v -13.587049 1.369494 -2.049602
v -13.558181 1.388921 -2.078676
v -13.578593 1.383231 -2.070160
v -13.587049 2.277392 0.943325
v -13.558182 2.309698 0.956707
v -13.578593 2.300236 0.952787
v -13.503845 2.277392 0.943325
v -13.532714 2.309698 0.956707
v -13.512300 2.300236 0.952787
v -13.558182 2.078674 1.388924
v -13.587049 2.049598 1.369497
v -13.578593 2.070158 1.383234
v -13.503844 2.049599 1.369497
v -13.532713 2.078674 1.388924
v -13.512300 2.070158 1.383234
v -13.587049 -2.417668 0.480904
v -13.558181 -2.451964 0.487726
v -13.578592 -2.441919 0.485727
v -13.532711 -2.451964 0.487726
v -13.503843 -2.417668 0.480904
v -13.512300 -2.441919 0.485728
v -13.503843 -2.277394 0.943326
v -13.532711 -2.309700 0.956708
v -13.512300 -2.300238 0.952788
v -13.587049 -2.277393 0.943328
v -13.558181 -2.309700 0.956709
v -13.578592 -2.300237 0.952790
v -13.503843 -2.049600 1.369498
v -13.532711 -2.078675 1.388925
v -13.512300 -2.070159 1.383235
v -13.558181 -2.078675 1.388926
v -13.587049 -2.049600 1.369499
v -13.578593 -2.070159 1.383236
v -13.503843 -1.743042 1.743041
v -13.532711 -1.767768 1.767767
v -13.512300 -1.760526 1.760525
v -13.558181 -1.767768 1.767767
v -13.587049 -1.743042 1.743040
v -13.578593 -1.760526 1.760524
v -13.503843 -1.369499 2.049599
v -13.532711 -1.388926 2.078674
v -13.512300 -1.383236 2.070158
v -13.558181 -1.388927 2.078674
v -13.587049 -1.369500 2.049599
v -13.578593 -1.383237 2.070158
v -13.532711 -0.956709 2.309699
v -13.503843 -0.943327 2.277393
v -13.512300 -0.952789 2.300237
v -13.558181 -0.956710 2.309698
v -13.587049 -0.943328 2.277392
v -13.578593 -0.952791 2.300236
v -13.503843 -0.480903 2.417667
v -13.532711 -0.487726 2.451963
v -13.512300 -0.485727 2.441918
v -13.587049 -0.480905 2.417667
v -13.558181 -0.487727 2.451963
v -13.578593 -0.485729 2.441918
v -13.503844 0.000001 2.465032
v -13.532713 0.000000 2.500000
v -13.512300 0.000001 2.489758
v -13.558182 -0.000001 2.500000
v -13.587049 -0.000001 2.465032
v -13.578593 -0.000001 2.489758
v -13.503844 0.480905 2.417666
v -13.532713 0.487726 2.451962
v -13.512300 0.485729 2.441917
v -13.558182 0.487726 2.451963
v -13.587049 0.480903 2.417667
v -13.578593 0.485727 2.441918
v -13.532713 0.956709 2.309698
v -13.503844 0.943328 2.277391
v -13.512300 0.952790 2.300236
v -13.558182 0.956708 2.309698
v -13.587049 0.943326 2.277392
v -13.578593 0.952788 2.300236
v -13.503844 1.369499 2.049598
v -13.532713 1.388926 2.078673
v -13.512300 1.383236 2.070157
v -13.558182 1.388925 2.078673
v -13.587049 1.369498 2.049598
v -13.578593 1.383235 2.070158
v -13.532713 1.767767 1.767766
v -13.503844 1.743041 1.743039
v -13.512300 1.760525 1.760523
v -13.587049 1.743040 1.743040
v -13.558182 1.767767 1.767766
v -13.578593 1.760524 1.760524
v -13.587048 -2.465033 -0.000000
v -13.558179 -2.500001 -0.000000
v -13.578591 -2.489759 -0.000000
v -13.532711 -2.500001 -0.000000
v -13.503843 -2.465033 -0.000000
v -13.512299 -2.489759 -0.000000
v -13.558179 -2.451964 -0.487726
v -13.587049 -2.417668 -0.480904
v -13.578592 -2.441919 -0.485728
v -13.503843 -2.417668 -0.480904
v -13.532711 -2.451964 -0.487726
v -13.512299 -2.441919 -0.485728
v -2.721124 -0.494548 0.740144
v -2.721124 0.494549 0.740144
v -2.721124 0.873059 -0.173663
v -2.721124 -0.890163 0.000000
v -2.721124 -0.173662 -0.873059
v -2.721124 -0.873058 -0.173662
v -2.721124 -0.740143 -0.494548
v -2.721124 -0.822403 -0.340650
v -2.721124 -0.873058 0.173663
v -2.721124 -0.822403 0.340651
v -2.721124 0.000001 -0.890163
v -2.721124 0.340650 -0.822404
v -2.721124 0.173662 -0.873059
v -2.721124 -0.340650 -0.822403
v -2.721124 0.629441 0.629441
v -2.721124 0.740145 0.494548
v -2.721124 0.629440 -0.629441
v -2.721124 0.494548 -0.740144
v -2.721124 0.890164 -0.000000
v -2.721124 0.822404 0.340650
v -2.721124 0.873060 0.173662
v -2.721124 0.000001 0.890164
v -2.721124 0.173663 0.873059
v -2.721124 0.340652 0.822404
v -2.721124 0.822404 -0.340651
v -2.721124 0.740144 -0.494549
v -2.721124 -0.494548 -0.740143
v -2.721124 -0.629440 -0.629440
v -2.721124 -0.740143 0.494549
v -2.721124 -0.629440 0.629441
v -2.721124 -0.340650 0.822404
v -2.721124 -0.173661 0.873059
v 18.101694 0.340655 0.822406
v 18.101694 0.494553 0.740146
v 18.101694 0.740149 0.494550
v 18.101694 0.822408 0.340652
v 18.101694 -0.494544 0.740146
v 18.101694 -0.340646 0.822406
v 18.101694 0.890168 0.000002
v 18.101694 0.873063 -0.173661
v 18.101694 -0.629436 0.629443
v 18.101694 0.494552 -0.740142
v 18.101694 0.340654 -0.822402
v 18.101694 0.629445 0.629442
v 18.101694 -0.629436 -0.629438
v 18.101694 -0.740139 -0.494546
v 18.101694 -0.822399 0.340653
v 18.101694 -0.740139 0.494551
v 18.101694 0.822407 -0.340649
v 18.101694 -0.890159 0.000002
v 18.101694 -0.873055 0.173664
v 18.101694 0.000004 -0.890161
v 18.101694 -0.173658 -0.873057
v 18.101694 -0.873055 -0.173660
v 18.101694 -0.340646 -0.822401
v 18.101694 -0.822399 -0.340648
v 18.101694 0.173665 -0.873057
v 18.101694 -0.173658 0.873061
v 18.101694 0.000005 0.890166
v 18.101694 -0.494544 -0.740141
v 18.101694 0.740148 -0.494547
v 18.101694 0.629444 -0.629439
v 18.101694 0.873064 0.173664
v 18.101694 0.173667 0.873061
v -2.904260 -1.009703 1.511130
v -2.788511 -0.939347 1.405835
v -2.788511 0.939350 1.405834
v -2.904260 1.009706 1.511130
v -2.788512 1.658294 -0.329856
v -2.904260 1.782500 -0.354562
v -2.904260 -1.817419 0.000001
v -2.788511 -1.690781 0.000001
v -2.788511 -0.329854 -1.658293
v -2.904260 -0.354560 -1.782498
v -2.904260 -1.782498 -0.354560
v -2.788511 -1.658293 -0.329854
v -2.788511 -1.405833 -0.939347
v -2.904260 -1.511128 -1.009704
v -2.904260 -1.679076 -0.695496
v -2.788511 -1.562077 -0.647033
v -2.788511 -1.658293 0.329856
v -2.904260 -1.782498 0.354562
v -2.904260 -1.679076 0.695497
v -2.788511 -1.562078 0.647035
v -2.904260 0.000001 -1.817419
v -2.788511 0.000001 -1.690781
v -2.788511 0.647033 -1.562079
v -2.904260 0.695495 -1.679078
v -2.904260 0.354559 -1.782499
v -2.788511 0.329854 -1.658294
v -2.788511 -0.647033 -1.562078
v -2.904260 -0.695496 -1.679076
v -2.788511 1.195565 1.195563
v -2.904260 1.285112 1.285110
v -2.904260 1.511131 1.009704
v -2.788512 1.405836 0.939348
v -2.788511 1.195563 -1.195564
v -2.904260 1.285110 -1.285111
v -2.904260 1.009704 -1.511130
v -2.788511 0.939347 -1.405834
v -2.904260 1.817421 -0.000001
v -2.788512 1.690783 -0.000001
v -2.788512 1.562080 0.647034
v -2.904260 1.679079 0.695496
v -2.904260 1.782500 0.354560
v -2.788512 1.658295 0.329855
v -2.788511 0.000001 1.690783
v -2.904260 0.000002 1.817421
v -2.788511 0.329857 1.658294
v -2.904260 0.354563 1.782499
v -2.904260 0.695498 1.679077
v -2.788511 0.647036 1.562079
v -2.788512 1.562079 -0.647035
v -2.904260 1.679077 -0.695498
v -2.904260 1.511129 -1.009706
v -2.788512 1.405834 -0.939349
v -2.788511 -0.939347 -1.405833
v -2.904260 -1.009704 -1.511129
v -2.904260 -1.285109 -1.285109
v -2.788511 -1.195562 -1.195562
v -2.788511 -1.405833 0.939349
v -2.904260 -1.511128 1.009705
v -2.904260 -1.285109 1.285111
v -2.788511 -1.195562 1.195564
v -2.788511 -0.647033 1.562079
v -2.904260 -0.695495 1.679078
v -2.904260 -0.354560 1.782500
v -2.788511 -0.329854 1.658295
v 17.466368 0.599356 1.446963
v 17.466368 0.870128 1.302233
v 17.466368 1.302236 0.870124
v 17.466368 1.446966 0.599352
v 17.466368 -0.870118 1.302233
v 17.466368 -0.599346 1.446964
v 17.466368 1.566184 0.000001
v 17.466368 1.536090 -0.305545
v 17.466368 -1.107451 1.107458
v 17.466368 0.870125 -1.302229
v 17.466368 0.599353 -1.446960
v 17.466368 1.107461 1.107458
v 17.466368 -1.107451 -1.107453
v 17.466368 -1.302226 -0.870120
v 17.466368 -1.446957 0.599353
v 17.466368 -1.302226 0.870125
v 17.466368 1.446965 -0.599350
v 17.466368 -1.566175 0.000002
v 17.466368 -1.536081 0.305549
v 17.466368 0.000005 -1.566177
v 17.466368 -0.305542 -1.536083
v 17.466368 -1.536081 -0.305544
v 17.466368 -0.599346 -1.446959
v 17.466368 -1.446956 -0.599348
v 17.466368 0.305549 -1.536084
v 17.466368 -0.305542 1.536088
v 17.466368 0.000005 1.566182
v 17.466368 -0.870118 -1.302228
v 17.466368 1.302234 -0.870121
v 17.466368 1.107459 -1.107455
v 17.466368 1.536090 0.305548
v 17.466368 0.305551 1.536088
v 19.766895 0.599356 1.446963
v 19.766895 0.870128 1.302233
v 19.766895 1.302236 0.870124
v 19.766895 1.446966 0.599352
v 19.766895 -0.870118 1.302233
v 19.766895 -0.599346 1.446964
v 19.766895 1.566184 0.000001
v 19.766895 1.536090 -0.305545
v 19.766895 -1.107451 1.107458
v 19.766895 0.870125 -1.302229
v 19.766895 0.599353 -1.446960
v 19.766895 1.107461 1.107458
v 19.766895 -1.107451 -1.107453
v 19.766895 -1.302226 -0.870120
v 19.766895 -1.446957 0.599353
v 19.766895 -1.302226 0.870125
v 19.766895 1.446965 -0.599350
v 19.766895 -1.566175 0.000002
v 19.766895 -1.536081 0.305549
v 19.766895 0.000005 -1.566177
v 19.766895 -0.305542 -1.536083
v 19.766895 -1.536081 -0.305544
v 19.766895 -0.599346 -1.446959
v 19.766895 -1.446956 -0.599348
v 19.766895 0.305549 -1.536084
v 19.766895 -0.305542 1.536088
v 19.766895 0.000005 1.566182
v 19.766895 -0.870118 -1.302228
v 19.766895 1.302234 -0.870121
v 19.766895 1.107459 -1.107455
v 19.766895 1.536090 0.305548
v 19.766895 0.305551 1.536088
v -0.407478 -0.873058 0.173663
v 1.906169 -0.873058 0.173663
v 4.219816 -0.873057 0.173663
v 6.533462 -0.873057 0.173663
v 8.847109 -0.873056 0.173664
v 11.160754 -0.873056 0.173664
v 13.474401 -0.873055 0.173664
v 15.788048 -0.873055 0.173664
v 15.788048 -0.822400 0.340653
v 13.474401 -0.822400 0.340652
v 11.160754 -0.822400 0.340652
v 8.847108 -0.822401 0.340652
v 6.533462 -0.822401 0.340652
v 4.219815 -0.822402 0.340652
v 1.906169 -0.822402 0.340651
v -0.407478 -0.822403 0.340651
v -0.407478 0.000001 -0.890163
v 1.906169 0.000001 -0.890162
v 4.219816 0.000002 -0.890162
v 6.533462 0.000002 -0.890162
v 8.847109 0.000003 -0.890162
v 11.160754 0.000003 -0.890162
v 13.474401 0.000004 -0.890161
v 15.788048 0.000004 -0.890161
v 15.788048 -0.173658 -0.873057
v 13.474401 -0.173659 -0.873057
v 11.160754 -0.173659 -0.873057
v 8.847108 -0.173660 -0.873057
v 6.533462 -0.173660 -0.873058
v 4.219815 -0.173660 -0.873058
v 1.906169 -0.173661 -0.873058
v -0.407478 -0.173661 -0.873058
v -0.407478 0.629442 0.629441
v 1.906169 0.629442 0.629441
v 4.219816 0.629443 0.629441
v 6.533462 0.629443 0.629441
v 8.847109 0.629444 0.629442
v 11.160754 0.629444 0.629442
v 13.474401 0.629444 0.629442
v 15.788048 0.629445 0.629442
v 15.788048 0.740148 0.494550
v 13.474401 0.740148 0.494550
v 11.160754 0.740147 0.494549
v 8.847108 0.740147 0.494549
v 6.533462 0.740146 0.494549
v 4.219815 0.740146 0.494549
v 1.906168 0.740146 0.494549
v -0.407478 0.740145 0.494548
v -0.407478 0.000001 0.890164
v 1.906169 0.000002 0.890164
v 4.219816 0.000002 0.890164
v 6.533462 0.000003 0.890165
v 8.847109 0.000003 0.890165
v 11.160754 0.000003 0.890165
v 13.474401 0.000004 0.890165
v 15.788048 0.000004 0.890165
v 15.788048 0.173667 0.873061
v 13.474401 0.173666 0.873061
v 11.160754 0.173666 0.873061
v 8.847108 0.173665 0.873060
v 6.533462 0.173665 0.873060
v 4.219815 0.173664 0.873060
v 1.906169 0.173664 0.873060
v -0.407478 0.173663 0.873060
v -0.407478 -0.629439 0.629441
v 1.906169 -0.629439 0.629441
v 4.219816 -0.629439 0.629441
v 6.533462 -0.629438 0.629442
v 8.847109 -0.629438 0.629442
v 11.160754 -0.629437 0.629442
v 13.474401 -0.629437 0.629442
v 15.788048 -0.629436 0.629443
v 15.788048 -0.494544 0.740146
v 13.474401 -0.494545 0.740145
v 11.160754 -0.494545 0.740145
v 8.847108 -0.494546 0.740145
v 6.533462 -0.494546 0.740145
v 4.219815 -0.494547 0.740145
v 1.906169 -0.494547 0.740144
v -0.407478 -0.494547 0.740144
v 15.788048 -0.740140 0.494550
v 13.474401 -0.740140 0.494550
v 11.160754 -0.740140 0.494550
v 8.847108 -0.740141 0.494550
v 6.533462 -0.740141 0.494549
v 4.219815 -0.740142 0.494549
v 1.906169 -0.740142 0.494549
v -0.407478 -0.740143 0.494549
v -0.407478 0.173662 -0.873059
v 1.906169 0.173662 -0.873059
v 4.219816 0.173663 -0.873058
v 6.533462 0.173663 -0.873058
v 8.847109 0.173664 -0.873058
v 11.160754 0.173664 -0.873058
v 13.474401 0.173665 -0.873057
v 15.788048 0.173665 -0.873057
v 15.788048 0.340655 0.822405
v 13.474401 0.340655 0.822405
v 11.160754 0.340654 0.822405
v 8.847108 0.340654 0.822405
v 6.533462 0.340653 0.822405
v 4.219815 0.340653 0.822404
v 1.906169 0.340652 0.822404
v -0.407478 0.340652 0.822404
v -0.407478 -0.873058 -0.173661
v 1.906169 -0.873057 -0.173661
v 4.219816 -0.873057 -0.173661
v 6.533462 -0.873057 -0.173661
v 8.847109 -0.873056 -0.173661
v 11.160754 -0.873056 -0.173660
v 13.474401 -0.873055 -0.173660
v 15.788048 -0.873055 -0.173660
v 15.788048 -0.890159 0.000002
v 13.474401 -0.890160 0.000002
v 11.160754 -0.890160 0.000002
v 8.847108 -0.890161 0.000001
v 6.533462 -0.890161 0.000001
v 4.219815 -0.890161 0.000001
v 1.906169 -0.890162 0.000001
v -0.407478 -0.890162 0.000001
v 15.788048 0.822408 0.340652
v 13.474401 0.822407 0.340652
v 11.160754 0.822407 0.340652
v 8.847108 0.822407 0.340652
v 6.533462 0.822406 0.340651
v 4.219815 0.822406 0.340651
v 1.906169 0.822405 0.340651
v -0.407478 0.822405 0.340651
v -0.407478 0.740144 -0.494548
v 1.906168 0.740145 -0.494548
v 4.219815 0.740145 -0.494548
v 6.533462 0.740145 -0.494548
v 8.847108 0.740146 -0.494547
v 11.160754 0.740146 -0.494547
v 13.474401 0.740147 -0.494547
v 15.788048 0.740147 -0.494547
v 15.788048 0.629444 -0.629439
v 13.474401 0.629443 -0.629439
v 11.160754 0.629443 -0.629440
v 8.847108 0.629442 -0.629440
v 6.533462 0.629442 -0.629440
v 4.219815 0.629441 -0.629440
v 1.906169 0.629441 -0.629440
v -0.407478 0.629441 -0.629441
v -0.407478 0.822404 -0.340651
v 1.906169 0.822405 -0.340651
v 4.219816 0.822405 -0.340651
v 6.533462 0.822405 -0.340651
v 8.847109 0.822406 -0.340650
v 11.160754 0.822406 -0.340650
v 13.474401 0.822407 -0.340650
v 15.788048 0.822407 -0.340650
v -0.407478 0.494548 -0.740144
v 1.906169 0.494549 -0.740143
v 4.219816 0.494549 -0.740143
v 6.533462 0.494550 -0.740143
v 8.847109 0.494550 -0.740143
v 11.160754 0.494550 -0.740143
v 13.474401 0.494551 -0.740142
v 15.788048 0.494551 -0.740142
v 15.788048 0.340653 -0.822402
v 13.474401 0.340653 -0.822402
v 11.160754 0.340653 -0.822402
v 8.847108 0.340652 -0.822403
v 6.533462 0.340652 -0.822403
v 4.219815 0.340651 -0.822403
v 1.906169 0.340651 -0.822403
v -0.407478 0.340650 -0.822404
v -0.407478 0.873060 -0.173662
v 1.906168 0.873060 -0.173662
v 4.219815 0.873061 -0.173662
v 6.533462 0.873061 -0.173662
v 8.847108 0.873062 -0.173661
v 11.160754 0.873062 -0.173661
v 13.474401 0.873062 -0.173661
v 15.788048 0.873063 -0.173661
v 15.788048 -0.340647 -0.822401
v 13.474401 -0.340647 -0.822402
v 11.160754 -0.340647 -0.822402
v 8.847108 -0.340648 -0.822402
v 6.533462 -0.340648 -0.822402
v 4.219815 -0.340649 -0.822403
v 1.906169 -0.340649 -0.822403
v -0.407478 -0.340650 -0.822403
v -0.407478 -0.173661 0.873060
v 1.906169 -0.173661 0.873060
v 4.219816 -0.173660 0.873060
v 6.533462 -0.173660 0.873060
v 8.847109 -0.173659 0.873060
v 11.160754 -0.173659 0.873061
v 13.474401 -0.173658 0.873061
v 15.788048 -0.173658 0.873061
v -0.407478 -0.494547 -0.740143
v 1.906169 -0.494547 -0.740143
v 4.219816 -0.494547 -0.740142
v 6.533462 -0.494546 -0.740142
v 8.847109 -0.494546 -0.740142
v 11.160754 -0.494545 -0.740142
v 13.474401 -0.494545 -0.740142
v 15.788048 -0.494544 -0.740141
v 15.788048 -0.629436 -0.629438
v 13.474401 -0.629437 -0.629439
v 11.160754 -0.629437 -0.629439
v 8.847108 -0.629438 -0.629439
v 6.533462 -0.629438 -0.629439
v 4.219815 -0.629438 -0.629439
v 1.906169 -0.629439 -0.629440
v -0.407478 -0.629439 -0.629440
v 15.788048 -0.340646 0.822406
v 13.474401 -0.340647 0.822406
v 11.160754 -0.340647 0.822405
v 8.847108 -0.340648 0.822405
v 6.533462 -0.340648 0.822405
v 4.219815 -0.340649 0.822405
v 1.906169 -0.340649 0.822405
v -0.407478 -0.340649 0.822404
v -0.407478 0.494550 0.740144
v 1.906169 0.494550 0.740144
v 4.219816 0.494550 0.740145
v 6.533462 0.494551 0.740145
v 8.847109 0.494551 0.740145
v 11.160754 0.494552 0.740145
v 13.474401 0.494552 0.740145
v 15.788048 0.494553 0.740146
v -0.407478 -0.822402 -0.340650
v 1.906169 -0.822402 -0.340650
v 4.219816 -0.822402 -0.340649
v 6.533462 -0.822401 -0.340649
v 8.847109 -0.822401 -0.340649
v 11.160754 -0.822400 -0.340649
v 13.474401 -0.822400 -0.340649
v 15.788048 -0.822399 -0.340648
v -0.407478 0.873060 0.173662
v 1.906168 0.873061 0.173662
v 4.219815 0.873061 0.173663
v 6.533462 0.873062 0.173663
v 8.847108 0.873062 0.173663
v 11.160754 0.873062 0.173663
v 13.474401 0.873063 0.173663
v 15.788048 0.873063 0.173664
v 15.788048 0.890167 0.000001
v 13.474401 0.890167 0.000001
v 11.160754 0.890166 0.000001
v 8.847108 0.890166 0.000001
v 6.533462 0.890165 0.000000
v 4.219815 0.890165 0.000000
v 1.906168 0.890165 0.000000
v -0.407478 0.890164 -0.000000
v -0.407478 -0.740143 -0.494547
v 1.906169 -0.740142 -0.494547
v 4.219816 -0.740142 -0.494547
v 6.533462 -0.740141 -0.494547
v 8.847109 -0.740141 -0.494547
v 11.160754 -0.740140 -0.494546
v 13.474401 -0.740140 -0.494546
v 15.788048 -0.740140 -0.494546
v 17.538942 0.000000 -1.359640
v 20.192812 0.000001 -1.359639
v 17.538942 -0.265253 -1.333515
v 20.192812 -0.265252 -1.333514
v 17.538942 -0.520312 -1.256143
v 20.192812 -0.520312 -1.256143
v 17.538942 -0.755376 -1.130499
v 20.192812 -0.755375 -1.130499
v 17.538942 -0.961411 -0.961410
v 20.192812 -0.961410 -0.961410
v 17.538942 -1.130499 -0.755375
v 20.192812 -1.130499 -0.755375
v 17.538942 -1.256144 -0.520312
v 20.192812 -1.256143 -0.520311
v 17.538942 -1.333515 -0.265252
v 20.192812 -1.333515 -0.265252
v 17.538942 -1.359640 0.000000
v 20.192812 -1.359640 0.000001
v 17.538942 -1.333515 0.265252
v 20.192812 -1.333515 0.265253
v 17.538942 -1.256144 0.520312
v 20.192812 -1.256143 0.520312
v 17.538942 -1.130499 0.755376
v 20.192812 -1.130499 0.755376
v 17.538942 -0.961411 0.961411
v 20.192812 -0.961410 0.961411
v 17.538942 -0.755376 1.130499
v 20.192812 -0.755375 1.130500
v 17.538942 -0.520312 1.256144
v 20.192812 -0.520311 1.256144
v 17.538942 -0.265252 1.333515
v 20.192812 -0.265252 1.333515
v 17.538942 0.000001 1.359640
v 20.192812 0.000001 1.359641
v 17.538942 0.265253 1.333515
v 20.192812 0.265253 1.333515
v 17.538942 0.520312 1.256143
v 20.192812 0.520313 1.256144
v 17.538942 0.755376 1.130499
v 20.192812 0.755377 1.130499
v 17.538942 0.961412 0.961410
v 20.192812 0.961412 0.961411
v 17.538942 1.130500 0.755375
v 20.192812 1.130500 0.755376
v 17.538942 1.256144 0.520311
v 20.192812 1.256145 0.520311
v 17.538942 1.333515 0.265252
v 20.192812 1.333516 0.265252
v 17.538942 1.359640 -0.000001
v 20.192812 1.359640 -0.000001
v 17.538942 1.333515 -0.265254
v 20.192812 1.333515 -0.265253
v 17.538942 1.256143 -0.520313
v 20.192812 1.256143 -0.520312
v 17.538942 1.130499 -0.755377
v 20.192812 1.130499 -0.755376
v 17.538942 0.961410 -0.961412
v 20.192812 0.961410 -0.961411
v 17.538942 0.755374 -1.130500
v 20.192812 0.755374 -1.130499
v 17.538942 0.520310 -1.256144
v 20.192812 0.520310 -1.256144
v 17.538942 0.265250 -1.333515
v 20.192812 0.265251 -1.333515
v 17.538942 -0.000000 -2.033930
v 17.538942 -0.396800 -1.994849
v 20.192812 -0.396800 -1.994848
v 20.192812 0.000000 -2.033929
v 17.538942 -0.778352 -1.879107
v 20.192812 -0.778351 -1.879106
v 17.538942 -1.129991 -1.691151
v 20.192812 -1.129991 -1.691151
v 17.538942 -1.438206 -1.438206
v 20.192812 -1.438206 -1.438205
v 17.538942 -1.691152 -1.129991
v 20.192812 -1.691151 -1.129990
v 17.538942 -1.879107 -0.778351
v 20.192812 -1.879107 -0.778351
v 17.538942 -1.994849 -0.396800
v 20.192812 -1.994849 -0.396799
v 17.538942 -2.033931 -0.000000
v 20.192812 -2.033930 0.000001
v 17.538942 -1.994849 0.396800
v 20.192812 -1.994849 0.396801
v 17.538942 -1.879107 0.778351
v 20.192812 -1.879107 0.778352
v 17.538942 -1.691152 1.129991
v 20.192812 -1.691151 1.129992
v 17.538942 -1.438206 1.438206
v 20.192812 -1.438206 1.438207
v 17.538942 -1.129991 1.691151
v 20.192812 -1.129991 1.691152
v 17.538942 -0.778351 1.879107
v 20.192812 -0.778351 1.879107
v 17.538942 -0.396800 1.994849
v 20.192812 -0.396799 1.994850
v 17.538942 0.000001 2.033930
v 20.192812 0.000001 2.033931
v 17.538942 0.396801 1.994849
v 20.192812 0.396801 1.994849
v 17.538942 0.778353 1.879106
v 20.192812 0.778353 1.879107
v 17.538942 1.129992 1.691151
v 20.192812 1.129993 1.691151
v 17.538942 1.438208 1.438205
v 20.192812 1.438208 1.438206
v 17.538942 1.691152 1.129990
v 20.192812 1.691153 1.129991
v 17.538942 1.879108 0.778350
v 20.192812 1.879108 0.778351
v 17.538942 1.994850 0.396798
v 20.192812 1.994850 0.396799
v 17.538942 2.033931 -0.000002
v 20.192812 2.033931 -0.000001
v 17.538942 1.994849 -0.396802
v 20.192812 1.994849 -0.396801
v 17.538942 1.879106 -0.778353
v 20.192812 1.879107 -0.778353
v 17.538942 1.691150 -1.129993
v 20.192812 1.691151 -1.129993
v 17.538942 1.438204 -1.438208
v 20.192812 1.438205 -1.438207
v 17.538942 1.129989 -1.691153
v 20.192812 1.129989 -1.691152
v 17.538942 0.778349 -1.879108
v 20.192812 0.778349 -1.879107
v 17.538942 0.396797 -1.994849
v 20.192812 0.396797 -1.994849
v 17.889040 -0.227619 1.144318
v 17.778591 -0.227619 1.144318
v 18.183914 -0.227619 1.144318
v 18.073467 -0.227619 1.144318
v 18.478788 -0.227619 1.144318
v 18.368343 -0.227619 1.144318
v 18.773663 -0.227619 1.144318
v 18.663218 -0.227619 1.144318
v 19.068535 -0.227619 1.144318
v 18.958090 -0.227619 1.144318
v 19.363411 -0.227618 1.144318
v 19.252966 -0.227618 1.144318
v 19.658287 -0.227618 1.144318
v 19.547840 -0.227618 1.144318
v 19.953161 -0.227618 1.144318
v 19.842712 -0.227618 1.144318
v 17.889040 -0.446491 1.077924
v 17.778591 -0.446491 1.077924
v 18.183914 -0.446491 1.077924
v 18.073467 -0.446491 1.077924
v 18.478788 -0.446490 1.077924
v 18.368343 -0.446490 1.077924
v 18.773663 -0.446490 1.077924
v 18.663218 -0.446491 1.077924
v 19.068535 -0.446490 1.077924
v 18.958090 -0.446490 1.077924
v 19.363411 -0.446490 1.077924
v 19.252966 -0.446490 1.077924
v 19.658287 -0.446490 1.077924
v 19.547840 -0.446490 1.077924
v 19.953161 -0.446490 1.077924
v 19.842712 -0.446490 1.077924
v 17.889040 -0.648204 0.970106
v 17.778591 -0.648204 0.970106
v 18.183914 -0.648204 0.970106
v 18.073467 -0.648204 0.970106
v 18.478788 -0.648204 0.970106
v 18.368343 -0.648204 0.970106
v 18.773663 -0.648204 0.970106
v 18.663218 -0.648204 0.970106
v 19.068535 -0.648204 0.970106
v 18.958090 -0.648204 0.970106
v 19.363411 -0.648204 0.970106
v 19.252966 -0.648204 0.970106
v 19.658287 -0.648204 0.970106
v 19.547840 -0.648204 0.970106
v 19.953161 -0.648204 0.970106
v 19.842712 -0.648204 0.970106
v 17.889040 -0.825007 0.825007
v 17.778591 -0.825007 0.825007
v 18.183914 -0.825007 0.825007
v 18.073467 -0.825007 0.825007
v 18.478788 -0.825007 0.825007
v 18.368343 -0.825007 0.825007
v 18.773663 -0.825007 0.825008
v 18.663218 -0.825007 0.825008
v 19.068535 -0.825007 0.825008
v 18.958090 -0.825007 0.825008
v 19.363411 -0.825007 0.825008
v 19.252966 -0.825007 0.825008
v 19.658287 -0.825007 0.825008
v 19.547840 -0.825007 0.825008
v 19.953161 -0.825007 0.825008
v 19.842712 -0.825007 0.825008
v 17.889040 -0.970106 0.648204
v 17.778591 -0.970106 0.648204
v 18.183914 -0.970106 0.648204
v 18.073467 -0.970106 0.648204
v 18.478788 -0.970106 0.648204
v 18.368343 -0.970106 0.648204
v 18.773663 -0.970106 0.648204
v 18.663218 -0.970106 0.648204
v 19.068535 -0.970106 0.648204
v 18.958090 -0.970106 0.648204
v 19.363411 -0.970106 0.648204
v 19.252966 -0.970106 0.648204
v 19.658287 -0.970106 0.648205
v 19.547840 -0.970106 0.648204
v 19.953161 -0.970105 0.648205
v 19.842712 -0.970106 0.648205
v 17.889040 -1.077924 0.446491
v 17.778591 -1.077924 0.446491
v 18.183914 -1.077924 0.446491
v 18.073467 -1.077924 0.446491
v 18.478788 -1.077924 0.446491
v 18.368343 -1.077924 0.446491
v 18.773663 -1.077924 0.446491
v 18.663218 -1.077924 0.446491
v 19.068535 -1.077924 0.446491
v 18.958090 -1.077924 0.446491
v 19.363411 -1.077924 0.446491
v 19.252966 -1.077924 0.446491
v 19.658287 -1.077924 0.446491
v 19.547840 -1.077924 0.446491
v 19.953161 -1.077923 0.446491
v 19.842712 -1.077924 0.446491
v 17.889040 -1.144318 0.227619
v 17.778591 -1.144318 0.227619
v 18.183914 -1.144318 0.227619
v 18.073467 -1.144318 0.227619
v 18.478788 -1.144318 0.227619
v 18.368343 -1.144318 0.227619
v 18.773663 -1.144318 0.227619
v 18.663218 -1.144318 0.227619
v 19.068535 -1.144318 0.227619
v 18.958090 -1.144318 0.227619
v 19.363411 -1.144318 0.227619
v 19.252966 -1.144318 0.227619
v 19.658287 -1.144318 0.227619
v 19.547840 -1.144318 0.227619
v 19.953161 -1.144318 0.227619
v 19.842712 -1.144318 0.227619
v 17.889040 -1.166736 0.000000
v 17.778591 -1.166736 0.000000
v 18.183914 -1.166736 0.000000
v 18.073467 -1.166736 0.000000
v 18.478788 -1.166736 0.000000
v 18.368343 -1.166736 0.000000
v 18.773663 -1.166736 0.000000
v 18.663218 -1.166736 0.000000
v 19.068535 -1.166736 0.000000
v 18.958090 -1.166736 0.000000
v 19.363411 -1.166736 0.000000
v 19.252966 -1.166736 0.000000
v 19.658287 -1.166736 0.000001
v 19.547840 -1.166736 0.000001
v 19.953161 -1.166736 0.000001
v 19.842712 -1.166736 0.000001
v 17.889040 -1.144318 -0.227619
v 17.778591 -1.144318 -0.227619
v 18.183914 -1.144318 -0.227619
v 18.073467 -1.144318 -0.227619
v 18.478788 -1.144318 -0.227619
v 18.368343 -1.144318 -0.227619
v 18.773663 -1.144318 -0.227619
v 18.663218 -1.144318 -0.227619
v 19.068535 -1.144318 -0.227618
v 18.958090 -1.144318 -0.227619
v 19.363411 -1.144318 -0.227618
v 19.252966 -1.144318 -0.227618
v 19.658287 -1.144318 -0.227618
v 19.547840 -1.144318 -0.227618
v 19.953161 -1.144317 -0.227618
v 19.842712 -1.144318 -0.227618
v 17.889040 -1.077924 -0.446491
v 17.778591 -1.077924 -0.446491
v 18.183914 -1.077924 -0.446490
v 18.073467 -1.077924 -0.446491
v 18.478788 -1.077924 -0.446490
v 18.368343 -1.077924 -0.446490
v 18.773663 -1.077923 -0.446490
v 18.663218 -1.077923 -0.446490
v 19.068535 -1.077924 -0.446490
v 18.958090 -1.077924 -0.446490
v 19.363411 -1.077923 -0.446490
v 19.252966 -1.077923 -0.446490
v 19.658287 -1.077923 -0.446490
v 19.547840 -1.077923 -0.446490
v 19.953161 -1.077923 -0.446490
v 19.842712 -1.077923 -0.446490
v 17.889040 -0.970106 -0.648204
v 17.778591 -0.970106 -0.648204
v 18.183914 -0.970106 -0.648203
v 18.073467 -0.970106 -0.648204
v 18.478788 -0.970106 -0.648203
v 18.368343 -0.970106 -0.648203
v 18.773663 -0.970106 -0.648203
v 18.663218 -0.970106 -0.648203
v 19.068535 -0.970106 -0.648203
v 18.958090 -0.970106 -0.648203
v 19.363411 -0.970106 -0.648203
v 19.252966 -0.970106 -0.648203
v 19.658287 -0.970106 -0.648203
v 19.547840 -0.970106 -0.648203
v 19.953161 -0.970106 -0.648203
v 19.842712 -0.970106 -0.648203
v 17.889040 -0.825007 -0.825007
v 17.778591 -0.825007 -0.825007
v 18.183914 -0.825007 -0.825007
v 18.073467 -0.825007 -0.825007
v 18.478788 -0.825007 -0.825007
v 18.368343 -0.825007 -0.825007
v 18.773663 -0.825007 -0.825007
v 18.663218 -0.825007 -0.825007
v 19.068535 -0.825007 -0.825007
v 18.958090 -0.825007 -0.825007
v 19.363411 -0.825007 -0.825007
v 19.252966 -0.825007 -0.825007
v 19.658287 -0.825007 -0.825007
v 19.547840 -0.825007 -0.825007
v 19.953161 -0.825007 -0.825006
v 19.842712 -0.825007 -0.825007
v 17.889040 -0.648204 -0.970106
v 17.778591 -0.648204 -0.970106
v 18.183914 -0.648204 -0.970106
v 18.073467 -0.648204 -0.970106
v 18.478788 -0.648204 -0.970105
v 18.368343 -0.648204 -0.970105
v 18.773663 -0.648204 -0.970105
v 18.663218 -0.648204 -0.970105
v 19.068535 -0.648204 -0.970105
v 18.958090 -0.648204 -0.970105
v 19.363411 -0.648204 -0.970105
v 19.252966 -0.648204 -0.970105
v 19.658287 -0.648204 -0.970105
v 19.547840 -0.648204 -0.970105
v 19.953161 -0.648204 -0.970105
v 19.842712 -0.648204 -0.970105
v 17.889040 -0.446491 -1.077923
v 17.778591 -0.446491 -1.077923
v 18.183914 -0.446491 -1.077923
v 18.073467 -0.446491 -1.077923
v 18.478788 -0.446491 -1.077923
v 18.368343 -0.446491 -1.077923
v 18.773663 -0.446491 -1.077923
v 18.663218 -0.446491 -1.077923
v 19.068535 -0.446491 -1.077923
v 18.958090 -0.446491 -1.077923
v 19.363411 -0.446491 -1.077923
v 19.252966 -0.446491 -1.077923
v 19.658287 -0.446491 -1.077923
v 19.547840 -0.446491 -1.077923
v 19.953161 -0.446491 -1.077923
v 19.842712 -0.446491 -1.077923
v 17.889040 -0.227619 -1.144318
v 17.778591 -0.227619 -1.144318
v 17.778591 0.000000 -1.166736
v 17.889040 0.000000 -1.166736
v 18.183914 -0.227619 -1.144318
v 18.073467 -0.227619 -1.144318
v 18.073467 0.000000 -1.166736
v 18.183914 0.000000 -1.166736
v 18.478788 -0.227619 -1.144317
v 18.368343 -0.227619 -1.144317
v 18.368343 0.000000 -1.166736
v 18.478788 0.000000 -1.166736
v 18.773663 -0.227619 -1.144317
v 18.663218 -0.227619 -1.144317
v 18.663218 0.000000 -1.166736
v 18.773663 0.000000 -1.166736
v 19.068535 -0.227619 -1.144317
v 18.958090 -0.227619 -1.144317
v 18.958090 0.000000 -1.166736
v 19.068535 0.000000 -1.166736
v 19.363411 -0.227619 -1.144317
v 19.252966 -0.227619 -1.144317
v 19.252966 0.000000 -1.166736
v 19.363411 0.000000 -1.166736
v 19.658287 -0.227619 -1.144317
v 19.547840 -0.227619 -1.144317
v 19.547840 0.000000 -1.166736
v 19.658287 0.000000 -1.166736
v 19.953161 -0.227619 -1.144317
v 19.842712 -0.227619 -1.144317
v 19.842712 0.000001 -1.166736
v 19.953161 0.000001 -1.166736
v 17.889040 0.000000 -1.359640
v 17.778591 0.000000 -1.359640
v 18.183914 0.000000 -1.359640
v 18.073467 0.000000 -1.359640
v 18.478788 0.000000 -1.359640
v 18.368343 0.000000 -1.359640
v 18.773663 0.000000 -1.359640
v 18.663218 0.000000 -1.359640
v 19.068535 0.000000 -1.359640
v 18.958090 0.000000 -1.359640
v 19.363411 0.000001 -1.359640
v 19.252966 0.000000 -1.359640
v 19.658287 0.000001 -1.359639
v 19.547840 0.000001 -1.359639
v 19.953161 0.000001 -1.359639
v 19.842712 0.000001 -1.359639
v 19.953161 0.265251 -1.333515
v 19.842712 0.265251 -1.333515
v 19.658287 0.265251 -1.333515
v 19.547840 0.265251 -1.333515
v 19.363411 0.265251 -1.333515
v 19.252966 0.265251 -1.333515
v 19.068535 0.265251 -1.333515
v 18.958090 0.265251 -1.333515
v 18.773663 0.265251 -1.333515
v 18.663218 0.265251 -1.333515
v 18.478788 0.265251 -1.333515
v 18.368343 0.265250 -1.333515
v 18.183914 0.265251 -1.333515
v 18.073467 0.265250 -1.333515
v 17.889040 0.265250 -1.333515
v 17.778591 0.265250 -1.333515
v 19.842712 0.520310 -1.256144
v 19.953161 0.520310 -1.256144
v 19.547840 0.520310 -1.256144
v 19.658287 0.520310 -1.256144
v 19.252966 0.520310 -1.256144
v 19.363411 0.520310 -1.256144
v 18.958090 0.520310 -1.256144
v 19.068535 0.520310 -1.256144
v 18.663218 0.520310 -1.256144
v 18.773663 0.520310 -1.256144
v 18.368343 0.520310 -1.256144
v 18.478788 0.520310 -1.256144
v 18.073467 0.520310 -1.256144
v 18.183914 0.520310 -1.256144
v 17.778591 0.520310 -1.256144
v 17.889040 0.520310 -1.256144
v 19.842712 0.755374 -1.130500
v 19.953161 0.755374 -1.130499
v 19.547840 0.755374 -1.130500
v 19.658287 0.755374 -1.130500
v 19.252966 0.755374 -1.130500
v 19.363411 0.755374 -1.130500
v 18.958090 0.755374 -1.130500
v 19.068535 0.755374 -1.130500
v 18.663218 0.755374 -1.130500
v 18.773663 0.755374 -1.130500
v 18.368343 0.755374 -1.130500
v 18.478788 0.755374 -1.130500
v 18.073467 0.755374 -1.130500
v 18.183914 0.755374 -1.130500
v 17.778591 0.755374 -1.130500
v 17.889040 0.755374 -1.130500
v 19.842712 0.961410 -0.961411
v 19.953161 0.961410 -0.961411
v 19.547840 0.961410 -0.961411
v 19.658287 0.961410 -0.961411
v 19.252966 0.961410 -0.961411
v 19.363411 0.961410 -0.961411
v 18.958090 0.961410 -0.961411
v 19.068535 0.961410 -0.961411
v 18.663218 0.961410 -0.961411
v 18.773663 0.961410 -0.961411
v 18.368343 0.961410 -0.961411
v 18.478788 0.961410 -0.961411
v 18.073467 0.961410 -0.961412
v 18.183914 0.961410 -0.961412
v 17.778591 0.961410 -0.961412
v 17.889040 0.961410 -0.961412
v 19.842712 1.130499 -0.755376
v 19.953161 1.130499 -0.755376
v 19.547840 1.130499 -0.755377
v 19.658287 1.130499 -0.755376
v 19.252966 1.130499 -0.755377
v 19.363411 1.130499 -0.755377
v 18.958090 1.130499 -0.755377
v 19.068535 1.130499 -0.755377
v 18.663218 1.130499 -0.755377
v 18.773663 1.130499 -0.755377
v 18.368343 1.130499 -0.755377
v 18.478788 1.130499 -0.755377
v 18.073467 1.130499 -0.755377
v 18.183914 1.130499 -0.755377
v 17.778591 1.130499 -0.755377
v 17.889040 1.130499 -0.755377
v 19.842712 1.256143 -0.520313
v 19.953161 1.256143 -0.520313
v 19.547840 1.256143 -0.520313
v 19.658287 1.256143 -0.520313
v 19.252966 1.256143 -0.520313
v 19.363411 1.256143 -0.520313
v 18.958090 1.256143 -0.520313
v 19.068535 1.256143 -0.520313
v 18.663218 1.256143 -0.520313
v 18.773663 1.256143 -0.520313
v 18.368343 1.256143 -0.520313
v 18.478788 1.256143 -0.520313
v 18.073467 1.256143 -0.520313
v 18.183914 1.256143 -0.520313
v 17.778591 1.256143 -0.520313
v 17.889040 1.256143 -0.520313
v 19.842712 1.333515 -0.265253
v 19.953161 1.333515 -0.265253
v 19.547840 1.333515 -0.265254
v 19.658287 1.333515 -0.265254
v 19.252966 1.333515 -0.265254
v 19.363411 1.333515 -0.265254
v 18.958090 1.333515 -0.265254
v 19.068535 1.333515 -0.265254
v 18.663216 1.333515 -0.265254
v 18.773663 1.333515 -0.265254
v 18.368343 1.333515 -0.265254
v 18.478788 1.333515 -0.265254
v 18.073467 1.333515 -0.265254
v 18.183914 1.333515 -0.265254
v 17.778591 1.333515 -0.265254
v 17.889040 1.333515 -0.265254
v 19.842712 1.359640 -0.000001
v 19.953161 1.359640 -0.000001
v 19.547840 1.359640 -0.000001
v 19.658287 1.359640 -0.000001
v 19.252966 1.359640 -0.000001
v 19.363411 1.359640 -0.000001
v 18.958090 1.359640 -0.000001
v 19.068535 1.359640 -0.000001
v 18.663216 1.359640 -0.000001
v 18.773663 1.359640 -0.000001
v 18.368343 1.359640 -0.000001
v 18.478788 1.359640 -0.000001
v 18.073467 1.359640 -0.000001
v 18.183914 1.359640 -0.000001
v 17.778591 1.359640 -0.000001
v 17.889040 1.359640 -0.000001
v 19.842712 1.333516 0.265252
v 19.953161 1.333516 0.265252
v 19.547840 1.333516 0.265252
v 19.658287 1.333516 0.265252
v 19.252966 1.333515 0.265252
v 19.363411 1.333515 0.265252
v 18.958090 1.333515 0.265252
v 19.068535 1.333515 0.265252
v 18.663216 1.333515 0.265252
v 18.773663 1.333515 0.265252
v 18.368343 1.333515 0.265252
v 18.478788 1.333515 0.265252
v 18.073467 1.333515 0.265252
v 18.183914 1.333515 0.265252
v 17.778591 1.333515 0.265252
v 17.889040 1.333515 0.265252
v 19.842712 1.256145 0.520311
v 19.953161 1.256145 0.520311
v 19.547840 1.256145 0.520311
v 19.658287 1.256145 0.520311
v 19.252966 1.256145 0.520311
v 19.363411 1.256145 0.520311
v 18.958090 1.256144 0.520311
v 19.068535 1.256144 0.520311
v 18.663216 1.256144 0.520311
v 18.773663 1.256144 0.520311
v 18.368343 1.256144 0.520311
v 18.478788 1.256144 0.520311
v 18.073467 1.256144 0.520311
v 18.183914 1.256144 0.520311
v 17.778591 1.256144 0.520311
v 17.889040 1.256144 0.520311
v 19.842712 1.130500 0.755375
v 19.953161 1.130500 0.755375
v 19.547840 1.130500 0.755375
v 19.658287 1.130500 0.755375
v 19.252966 1.130500 0.755375
v 19.363411 1.130500 0.755375
v 18.958090 1.130500 0.755375
v 19.068535 1.130500 0.755375
v 18.663216 1.130500 0.755375
v 18.773663 1.130500 0.755375
v 18.368343 1.130500 0.755375
v 18.478788 1.130500 0.755375
v 18.073467 1.130500 0.755375
v 18.183914 1.130500 0.755375
v 17.778591 1.130500 0.755375
v 17.889040 1.130500 0.755375
v 19.842712 0.961412 0.961411
v 19.953161 0.961412 0.961411
v 19.547840 0.961412 0.961411
v 19.658287 0.961412 0.961411
v 19.252966 0.961412 0.961411
v 19.363411 0.961412 0.961411
v 18.958090 0.961412 0.961410
v 19.068535 0.961412 0.961410
v 18.663216 0.961412 0.961410
v 18.773663 0.961412 0.961410
v 18.368343 0.961412 0.961410
v 18.478788 0.961412 0.961410
v 18.073467 0.961412 0.961410
v 18.183914 0.961412 0.961410
v 17.778591 0.961412 0.961410
v 17.889040 0.961412 0.961410
v 19.842712 0.755377 1.130499
v 19.953161 0.755377 1.130499
v 19.547840 0.755377 1.130499
v 19.658287 0.755377 1.130499
v 19.252966 0.755377 1.130499
v 19.363411 0.755377 1.130499
v 18.958090 0.755377 1.130499
v 19.068535 0.755377 1.130499
v 18.663216 0.755377 1.130499
v 18.773663 0.755377 1.130499
v 18.368343 0.755377 1.130499
v 18.478788 0.755377 1.130499
v 18.073467 0.755377 1.130499
v 18.183914 0.755377 1.130499
v 17.778591 0.755377 1.130499
v 17.889040 0.755377 1.130499
v 19.842712 0.520313 1.256144
v 19.953161 0.520313 1.256144
v 19.547840 0.520313 1.256144
v 19.658287 0.520313 1.256144
v 19.252966 0.520313 1.256144
v 19.363411 0.520313 1.256144
v 18.958090 0.520313 1.256144
v 19.068535 0.520313 1.256144
v 18.663216 0.520313 1.256144
v 18.773663 0.520313 1.256144
v 18.368343 0.520313 1.256144
v 18.478788 0.520313 1.256144
v 18.073467 0.520312 1.256143
v 18.183914 0.520313 1.256143
v 17.778591 0.520312 1.256143
v 17.889040 0.520313 1.256143
v 19.842712 0.265253 1.333515
v 19.953161 0.265253 1.333515
v 19.547840 0.265253 1.333515
v 19.658287 0.265253 1.333515
v 19.252966 0.265253 1.333515
v 19.363411 0.265253 1.333515
v 18.958090 0.265253 1.333515
v 19.068535 0.265253 1.333515
v 18.663216 0.265253 1.333515
v 18.773663 0.265253 1.333515
v 18.368343 0.265253 1.333515
v 18.478788 0.265253 1.333515
v 18.073467 0.265253 1.333515
v 18.183914 0.265253 1.333515
v 17.778591 0.265253 1.333515
v 17.889040 0.265253 1.333515
v 19.842712 0.000001 1.359641
v 19.953161 0.000001 1.359641
v 19.547840 0.000001 1.359641
v 19.658287 0.000001 1.359641
v 19.252966 0.000001 1.359640
v 19.363411 0.000001 1.359640
v 18.958090 0.000001 1.359640
v 19.068535 0.000001 1.359640
v 18.663216 0.000001 1.359640
v 18.773663 0.000001 1.359640
v 18.368343 0.000001 1.359640
v 18.478788 0.000001 1.359640
v 18.073467 0.000001 1.359640
v 18.183914 0.000001 1.359640
v 17.778591 0.000001 1.359640
v 17.889040 0.000001 1.359640
v 19.842712 -0.265252 1.333515
v 19.953161 -0.265252 1.333515
v 19.547840 -0.265252 1.333515
v 19.658287 -0.265252 1.333515
v 19.252966 -0.265252 1.333515
v 19.363411 -0.265252 1.333515
v 18.958090 -0.265252 1.333515
v 19.068535 -0.265252 1.333515
v 18.663216 -0.265252 1.333515
v 18.773663 -0.265252 1.333515
v 18.368343 -0.265252 1.333515
v 18.478788 -0.265252 1.333515
v 18.073467 -0.265252 1.333515
v 18.183914 -0.265252 1.333515
v 17.778591 -0.265252 1.333515
v 17.889040 -0.265252 1.333515
v 19.842712 -0.520311 1.256144
v 19.953161 -0.520311 1.256144
v 19.547840 -0.520311 1.256144
v 19.658287 -0.520311 1.256144
v 19.252966 -0.520311 1.256144
v 19.363411 -0.520311 1.256144
v 18.958090 -0.520312 1.256144
v 19.068535 -0.520311 1.256144
v 18.663218 -0.520312 1.256144
v 18.773663 -0.520311 1.256144
v 18.368343 -0.520312 1.256144
v 18.478788 -0.520312 1.256144
v 18.073467 -0.520312 1.256144
v 18.183914 -0.520312 1.256144
v 17.778591 -0.520312 1.256144
v 17.889040 -0.520312 1.256144
v 19.842712 -0.755375 1.130500
v 19.953161 -0.755375 1.130500
v 19.547840 -0.755375 1.130500
v 19.658287 -0.755375 1.130500
v 19.252966 -0.755375 1.130500
v 19.363411 -0.755375 1.130500
v 18.958090 -0.755375 1.130500
v 19.068535 -0.755375 1.130500
v 18.663218 -0.755375 1.130500
v 18.773663 -0.755375 1.130500
v 18.368343 -0.755376 1.130500
v 18.478788 -0.755376 1.130500
v 18.073467 -0.755376 1.130499
v 18.183914 -0.755375 1.130499
v 17.778591 -0.755376 1.130499
v 17.889040 -0.755375 1.130499
v 19.842712 -0.961411 0.961411
v 19.953161 -0.961410 0.961411
v 19.547840 -0.961411 0.961411
v 19.658287 -0.961411 0.961411
v 19.252966 -0.961411 0.961411
v 19.363411 -0.961411 0.961411
v 18.958090 -0.961411 0.961411
v 19.068535 -0.961411 0.961411
v 18.663218 -0.961411 0.961411
v 18.773663 -0.961411 0.961411
v 18.368343 -0.961411 0.961411
v 18.478788 -0.961411 0.961411
v 18.073467 -0.961411 0.961411
v 18.183914 -0.961411 0.961411
v 17.778591 -0.961411 0.961411
v 17.889040 -0.961411 0.961411
v 19.842712 -1.130499 0.755376
v 19.953161 -1.130499 0.755376
v 19.547840 -1.130499 0.755376
v 19.658287 -1.130499 0.755376
v 19.252966 -1.130499 0.755376
v 19.363411 -1.130499 0.755376
v 18.958090 -1.130499 0.755376
v 19.068535 -1.130499 0.755376
v 18.663218 -1.130499 0.755376
v 18.773663 -1.130499 0.755376
v 18.368343 -1.130499 0.755376
v 18.478788 -1.130499 0.755376
v 18.073467 -1.130499 0.755376
v 18.183914 -1.130499 0.755376
v 17.778591 -1.130499 0.755376
v 17.889040 -1.130499 0.755376
v 19.842712 -1.256143 0.520312
v 19.953161 -1.256143 0.520312
v 19.547840 -1.256143 0.520312
v 19.658287 -1.256143 0.520312
v 19.252966 -1.256144 0.520312
v 19.363411 -1.256144 0.520312
v 18.958090 -1.256144 0.520312
v 19.068535 -1.256144 0.520312
v 18.663218 -1.256144 0.520312
v 18.773663 -1.256144 0.520312
v 18.368343 -1.256144 0.520312
v 18.478788 -1.256144 0.520312
v 18.073467 -1.256144 0.520312
v 18.183914 -1.256144 0.520312
v 17.778591 -1.256144 0.520312
v 17.889040 -1.256144 0.520312
v 19.842712 -1.333515 0.265253
v 19.953161 -1.333515 0.265253
v 19.547840 -1.333515 0.265253
v 19.658287 -1.333515 0.265253
v 19.252966 -1.333515 0.265253
v 19.363411 -1.333515 0.265253
v 18.958090 -1.333515 0.265253
v 19.068535 -1.333515 0.265253
v 18.663218 -1.333515 0.265253
v 18.773663 -1.333515 0.265253
v 18.368343 -1.333515 0.265253
v 18.478788 -1.333515 0.265253
v 18.073467 -1.333515 0.265253
v 18.183914 -1.333515 0.265253
v 17.778591 -1.333515 0.265252
v 17.889040 -1.333515 0.265252
v 19.842712 -1.359640 0.000001
v 19.953161 -1.359640 0.000001
v 19.547840 -1.359640 0.000001
v 19.658287 -1.359640 0.000001
v 19.252966 -1.359640 0.000001
v 19.363411 -1.359640 0.000001
v 18.958090 -1.359640 0.000000
v 19.068535 -1.359640 0.000000
v 18.663218 -1.359640 0.000000
v 18.773663 -1.359640 0.000000
v 18.368343 -1.359640 0.000000
v 18.478788 -1.359640 0.000000
v 18.073467 -1.359640 0.000000
v 18.183914 -1.359640 0.000000
v 17.778591 -1.359640 0.000000
v 17.889040 -1.359640 0.000000
v 19.842712 -1.333515 -0.265252
v 19.953161 -1.333515 -0.265252
v 19.547840 -1.333515 -0.265252
v 19.658287 -1.333515 -0.265252
v 19.252966 -1.333515 -0.265252
v 19.363411 -1.333515 -0.265252
v 18.958090 -1.333515 -0.265252
v 19.068535 -1.333515 -0.265252
v 18.663218 -1.333515 -0.265252
v 18.773663 -1.333515 -0.265252
v 18.368343 -1.333515 -0.265252
v 18.478788 -1.333515 -0.265252
v 18.073467 -1.333515 -0.265252
v 18.183914 -1.333515 -0.265252
v 17.778591 -1.333515 -0.265252
v 17.889040 -1.333515 -0.265252
v 19.842712 -1.256143 -0.520311
v 19.953161 -1.256143 -0.520311
v 19.547840 -1.256143 -0.520311
v 19.658287 -1.256143 -0.520311
v 19.252966 -1.256143 -0.520311
v 19.363411 -1.256143 -0.520311
v 18.958090 -1.256144 -0.520311
v 19.068535 -1.256144 -0.520311
v 18.663218 -1.256143 -0.520311
v 18.773663 -1.256143 -0.520311
v 18.368343 -1.256143 -0.520311
v 18.478788 -1.256143 -0.520311
v 18.073467 -1.256144 -0.520312
v 18.183914 -1.256144 -0.520312
v 17.778591 -1.256144 -0.520312
v 17.889040 -1.256144 -0.520312
v 19.842712 -1.130499 -0.755375
v 19.953161 -1.130499 -0.755375
v 19.547840 -1.130499 -0.755375
v 19.658287 -1.130499 -0.755375
v 19.252966 -1.130499 -0.755375
v 19.363411 -1.130499 -0.755375
v 18.958090 -1.130499 -0.755375
v 19.068535 -1.130499 -0.755375
v 18.663218 -1.130499 -0.755375
v 18.773663 -1.130499 -0.755375
v 18.368343 -1.130499 -0.755375
v 18.478788 -1.130499 -0.755375
v 18.073467 -1.130499 -0.755375
v 18.183914 -1.130499 -0.755375
v 17.778591 -1.130499 -0.755375
v 17.889040 -1.130499 -0.755375
v 19.842712 -0.961411 -0.961410
v 19.953161 -0.961410 -0.961410
v 19.547840 -0.961411 -0.961410
v 19.658287 -0.961411 -0.961410
v 19.252966 -0.961411 -0.961410
v 19.363411 -0.961411 -0.961410
v 18.958090 -0.961411 -0.961410
v 19.068535 -0.961411 -0.961410
v 18.663218 -0.961411 -0.961410
v 18.773663 -0.961411 -0.961410
v 18.368343 -0.961411 -0.961410
v 18.478788 -0.961411 -0.961410
v 18.073467 -0.961411 -0.961410
v 18.183914 -0.961411 -0.961410
v 17.778591 -0.961411 -0.961410
v 17.889040 -0.961411 -0.961410
v 19.842712 -0.755375 -1.130499
v 19.953161 -0.755375 -1.130499
v 19.547840 -0.755375 -1.130499
v 19.658287 -0.755375 -1.130499
v 19.252966 -0.755375 -1.130499
v 19.363411 -0.755375 -1.130499
v 18.958090 -0.755375 -1.130499
v 19.068535 -0.755375 -1.130499
v 18.663218 -0.755375 -1.130499
v 18.773663 -0.755375 -1.130499
v 18.368343 -0.755376 -1.130499
v 18.478788 -0.755376 -1.130499
v 18.073467 -0.755376 -1.130499
v 18.183914 -0.755375 -1.130499
v 17.778591 -0.755376 -1.130499
v 17.889040 -0.755375 -1.130499
v 19.842712 -0.520312 -1.256143
v 19.953161 -0.520312 -1.256143
v 19.547840 -0.520312 -1.256143
v 19.658287 -0.520312 -1.256143
v 19.252966 -0.520312 -1.256143
v 19.363411 -0.520312 -1.256143
v 18.958090 -0.520312 -1.256143
v 19.068535 -0.520312 -1.256143
v 18.663218 -0.520312 -1.256143
v 18.773663 -0.520312 -1.256143
v 18.368343 -0.520312 -1.256143
v 18.478788 -0.520312 -1.256143
v 18.073467 -0.520312 -1.256143
v 18.183914 -0.520312 -1.256143
v 17.778591 -0.520312 -1.256143
v 17.889040 -0.520312 -1.256143
v 19.842712 -0.265252 -1.333514
v 19.953161 -0.265252 -1.333514
v 19.547840 -0.265253 -1.333514
v 19.658287 -0.265253 -1.333514
v 19.252966 -0.265253 -1.333514
v 19.363411 -0.265253 -1.333514
v 18.958090 -0.265253 -1.333514
v 19.068535 -0.265253 -1.333514
v 18.663218 -0.265253 -1.333514
v 18.773663 -0.265253 -1.333514
v 18.368343 -0.265253 -1.333514
v 18.478788 -0.265253 -1.333514
v 18.073467 -0.265253 -1.333515
v 18.183914 -0.265253 -1.333515
v 17.778591 -0.265253 -1.333515
v 17.889040 -0.265253 -1.333515
v 19.842712 0.000001 1.166737
v 19.953161 0.000001 1.166737
v 19.547840 0.000001 1.166737
v 19.658287 0.000001 1.166737
v 19.252966 0.000001 1.166736
v 19.363411 0.000001 1.166736
v 18.958090 0.000001 1.166736
v 19.068535 0.000001 1.166736
v 18.663216 0.000001 1.166736
v 18.773663 0.000001 1.166736
v 18.368343 0.000001 1.166736
v 18.478788 0.000001 1.166736
v 18.073467 0.000000 1.166736
v 18.183914 0.000000 1.166736
v 17.778591 0.000000 1.166736
v 17.889040 0.000000 1.166736
v 19.842712 0.227620 1.144318
v 19.953161 0.227620 1.144318
v 19.547840 0.227620 1.144318
v 19.658287 0.227620 1.144318
v 19.252966 0.227620 1.144318
v 19.363411 0.227620 1.144318
v 18.958090 0.227620 1.144318
v 19.068535 0.227620 1.144318
v 18.663216 0.227620 1.144318
v 18.773663 0.227620 1.144318
v 18.368343 0.227619 1.144318
v 18.478788 0.227619 1.144318
v 18.073467 0.227619 1.144318
v 18.183914 0.227619 1.144318
v 17.778591 0.227619 1.144318
v 17.889040 0.227619 1.144318
v 19.842712 0.446491 1.077924
v 19.953161 0.446491 1.077924
v 19.547840 0.446491 1.077924
v 19.658287 0.446491 1.077924
v 19.252966 0.446491 1.077924
v 19.363411 0.446491 1.077924
v 18.958090 0.446491 1.077924
v 19.068535 0.446491 1.077924
v 18.663216 0.446491 1.077924
v 18.773663 0.446491 1.077924
v 18.368343 0.446491 1.077924
v 18.478788 0.446491 1.077924
v 18.073467 0.446491 1.077924
v 18.183914 0.446491 1.077924
v 17.778591 0.446491 1.077924
v 17.889040 0.446491 1.077924
v 19.842712 0.648205 0.970106
v 19.953161 0.648205 0.970106
v 19.547840 0.648205 0.970106
v 19.658287 0.648205 0.970106
v 19.252966 0.648205 0.970106
v 19.363411 0.648205 0.970106
v 18.958090 0.648205 0.970106
v 19.068535 0.648205 0.970106
v 18.663216 0.648205 0.970106
v 18.773663 0.648205 0.970106
v 18.368343 0.648205 0.970106
v 18.478788 0.648205 0.970106
v 18.073467 0.648205 0.970105
v 18.183914 0.648205 0.970105
v 17.778591 0.648205 0.970105
v 17.889040 0.648205 0.970105
v 19.842712 0.825008 0.825007
v 19.953161 0.825008 0.825007
v 19.547840 0.825008 0.825007
v 19.658287 0.825008 0.825007
v 19.252966 0.825008 0.825007
v 19.363411 0.825008 0.825007
v 18.958090 0.825008 0.825007
v 19.068535 0.825008 0.825007
v 18.663216 0.825008 0.825007
v 18.773663 0.825008 0.825007
v 18.368343 0.825008 0.825007
v 18.478788 0.825008 0.825007
v 18.073467 0.825008 0.825007
v 18.183914 0.825008 0.825007
v 17.778591 0.825008 0.825007
v 17.889040 0.825008 0.825007
v 19.842712 0.970106 0.648204
v 19.953161 0.970107 0.648204
v 19.547840 0.970106 0.648204
v 19.658287 0.970106 0.648204
v 19.252966 0.970106 0.648204
v 19.363411 0.970106 0.648204
v 18.958090 0.970106 0.648204
v 19.068535 0.970106 0.648204
v 18.663216 0.970106 0.648203
v 18.773663 0.970106 0.648204
v 18.368343 0.970106 0.648203
v 18.478788 0.970106 0.648203
v 18.073467 0.970106 0.648203
v 18.183914 0.970106 0.648203
v 17.778591 0.970106 0.648203
v 17.889040 0.970106 0.648203
v 19.842712 1.077924 0.446490
v 19.953161 1.077924 0.446490
v 19.547840 1.077924 0.446490
v 19.658287 1.077924 0.446490
v 19.252966 1.077924 0.446490
v 19.363411 1.077924 0.446490
v 18.958090 1.077924 0.446490
v 19.068535 1.077924 0.446490
v 18.663216 1.077924 0.446490
v 18.773663 1.077924 0.446490
v 18.368343 1.077924 0.446490
v 18.478788 1.077924 0.446490
v 18.073467 1.077924 0.446490
v 18.183914 1.077924 0.446490
v 17.778591 1.077924 0.446490
v 17.889040 1.077924 0.446490
v 19.842712 1.144318 0.227619
v 19.953161 1.144318 0.227619
v 19.547840 1.144318 0.227619
v 19.658287 1.144318 0.227619
v 19.252966 1.144318 0.227618
v 19.363411 1.144318 0.227618
v 18.958090 1.144318 0.227618
v 19.068535 1.144318 0.227618
v 18.663216 1.144318 0.227618
v 18.773663 1.144318 0.227618
v 18.368343 1.144318 0.227618
v 18.478788 1.144318 0.227618
v 18.073467 1.144318 0.227618
v 18.183914 1.144318 0.227618
v 17.778591 1.144318 0.227618
v 17.889040 1.144318 0.227618
v 19.842712 1.166737 -0.000000
v 19.953161 1.166737 -0.000000
v 19.547840 1.166737 -0.000001
v 19.658287 1.166737 -0.000001
v 19.252966 1.166737 -0.000001
v 19.363411 1.166737 -0.000001
v 18.958090 1.166736 -0.000001
v 19.068535 1.166736 -0.000001
v 18.663216 1.166736 -0.000001
v 18.773663 1.166736 -0.000001
v 18.368343 1.166736 -0.000001
v 18.478788 1.166736 -0.000001
v 18.073467 1.166736 -0.000001
v 18.183914 1.166736 -0.000001
v 17.778591 1.166736 -0.000001
v 17.889040 1.166736 -0.000001
v 19.842712 1.144318 -0.227620
v 19.953161 1.144318 -0.227620
v 19.547840 1.144318 -0.227620
v 19.658287 1.144318 -0.227620
v 19.252966 1.144318 -0.227620
v 19.363411 1.144318 -0.227620
v 18.958090 1.144318 -0.227620
v 19.068535 1.144318 -0.227620
v 18.663218 1.144318 -0.227620
v 18.773663 1.144318 -0.227620
v 18.368343 1.144318 -0.227620
v 18.478788 1.144318 -0.227620
v 18.073467 1.144318 -0.227620
v 18.183914 1.144318 -0.227620
v 17.778591 1.144318 -0.227620
v 17.889040 1.144318 -0.227620
v 19.842712 1.077923 -0.446491
v 19.953161 1.077924 -0.446491
v 19.547840 1.077923 -0.446491
v 19.658287 1.077923 -0.446491
v 19.252966 1.077923 -0.446491
v 19.363411 1.077923 -0.446491
v 18.958090 1.077923 -0.446491
v 19.068535 1.077923 -0.446491
v 18.663218 1.077923 -0.446492
v 18.773663 1.077923 -0.446491
v 18.368343 1.077923 -0.446492
v 18.478788 1.077923 -0.446492
v 18.073467 1.077923 -0.446492
v 18.183914 1.077923 -0.446492
v 17.778591 1.077923 -0.446492
v 17.889040 1.077923 -0.446492
v 19.842712 0.970105 -0.648205
v 19.953161 0.970105 -0.648205
v 19.547840 0.970105 -0.648205
v 19.658287 0.970105 -0.648205
v 19.252966 0.970105 -0.648205
v 19.363411 0.970105 -0.648205
v 18.958090 0.970105 -0.648205
v 19.068535 0.970105 -0.648205
v 18.663218 0.970105 -0.648205
v 18.773663 0.970105 -0.648205
v 18.368343 0.970105 -0.648205
v 18.478788 0.970105 -0.648205
v 18.073467 0.970105 -0.648205
v 18.183914 0.970105 -0.648205
v 17.778591 0.970105 -0.648205
v 17.889040 0.970105 -0.648205
v 19.842712 0.825006 -0.825007
v 19.953161 0.825007 -0.825007
v 19.547840 0.825006 -0.825007
v 19.658287 0.825006 -0.825007
v 19.252966 0.825006 -0.825007
v 19.363411 0.825006 -0.825007
v 18.958090 0.825006 -0.825008
v 19.068535 0.825006 -0.825008
v 18.663218 0.825006 -0.825008
v 18.773663 0.825006 -0.825008
v 18.368343 0.825006 -0.825008
v 18.478788 0.825006 -0.825008
v 18.073467 0.825006 -0.825008
v 18.183914 0.825006 -0.825008
v 17.778591 0.825006 -0.825008
v 17.889040 0.825006 -0.825008
v 19.842712 0.648203 -0.970106
v 19.953161 0.648203 -0.970106
v 19.547840 0.648203 -0.970106
v 19.658287 0.648203 -0.970106
v 19.252966 0.648203 -0.970106
v 19.363411 0.648203 -0.970106
v 18.958090 0.648203 -0.970106
v 19.068535 0.648203 -0.970106
v 18.663218 0.648203 -0.970106
v 18.773663 0.648203 -0.970106
v 18.368343 0.648203 -0.970106
v 18.478788 0.648203 -0.970106
v 18.073467 0.648203 -0.970106
v 18.183914 0.648203 -0.970106
v 17.778591 0.648203 -0.970106
v 17.889040 0.648203 -0.970106
v 19.842712 0.446489 -1.077924
v 19.953161 0.446489 -1.077924
v 19.547840 0.446489 -1.077924
v 19.658287 0.446489 -1.077924
v 19.252966 0.446489 -1.077924
v 19.363411 0.446489 -1.077924
v 18.958090 0.446489 -1.077924
v 19.068535 0.446489 -1.077924
v 18.663218 0.446489 -1.077924
v 18.773663 0.446489 -1.077924
v 18.368343 0.446489 -1.077924
v 18.478788 0.446489 -1.077924
v 18.073467 0.446489 -1.077924
v 18.183914 0.446489 -1.077924
v 17.778591 0.446489 -1.077924
v 17.889040 0.446489 -1.077924
v 19.953161 0.227617 -1.144318
v 19.842712 0.227617 -1.144318
v 19.658287 0.227617 -1.144318
v 19.547840 0.227617 -1.144318
v 19.363411 0.227617 -1.144318
v 19.252966 0.227617 -1.144318
v 19.068535 0.227617 -1.144318
v 18.958090 0.227617 -1.144318
v 18.773663 0.227617 -1.144318
v 18.663218 0.227617 -1.144318
v 18.478788 0.227617 -1.144318
v 18.368343 0.227617 -1.144318
v 18.183914 0.227617 -1.144318
v 18.073467 0.227617 -1.144318
v 17.889040 0.227617 -1.144318
v 17.778591 0.227617 -1.144318
v 17.844830 -0.516679 -2.390038
v 19.886923 -0.516679 -2.390037
v 17.844830 -2.390038 -0.516679
v 19.886923 -2.390038 -0.516679
v 17.844830 -2.390038 0.516679
v 19.886923 -2.390038 0.516680
v 17.844830 -0.516679 2.390038
v 19.886923 -0.516679 2.390038
v 17.844830 0.516680 2.390038
v 19.886923 0.516681 2.390038
v 17.844830 2.390038 0.516677
v 19.886923 2.390039 0.516678
v 17.844830 2.390038 -0.516682
v 19.886923 2.390038 -0.516681
v 17.844830 0.516676 -2.390038
v 19.886923 0.516676 -2.390038
v 20.174030 0.000000 -2.033929
v 17.557724 -0.000000 -2.033930
v 17.844830 -0.434142 -2.117948
v 19.886923 -0.434141 -2.117947
v 17.557726 -1.129991 -1.691151
v 17.876501 -1.129991 -1.691151
v 19.855253 -1.129991 -1.691151
v 20.174030 -1.129991 -1.691151
v 17.557726 -1.438206 -1.438206
v 17.876501 -1.438206 -1.438206
v 19.855253 -1.438206 -1.438205
v 20.174030 -1.438206 -1.438205
v 17.557726 -1.691152 -1.129991
v 17.876501 -1.691151 -1.129991
v 19.855253 -1.691151 -1.129990
v 20.174030 -1.691151 -1.129990
v 17.844830 -2.117948 -0.434142
v 19.886923 -2.117948 -0.434141
v 17.557724 -2.033931 -0.000000
v 20.174030 -2.033930 0.000001
v 17.844830 -2.117948 0.434142
v 19.886923 -2.117948 0.434142
v 17.557724 -1.691152 1.129991
v 17.876501 -1.691151 1.129991
v 19.855253 -1.691151 1.129991
v 20.174030 -1.691151 1.129992
v 17.557724 -1.438206 1.438206
v 17.876501 -1.438206 1.438206
v 19.855253 -1.438206 1.438206
v 20.174030 -1.438206 1.438207
v 17.557724 -1.129991 1.691151
v 17.876501 -1.129991 1.691151
v 19.855253 -1.129991 1.691152
v 20.174030 -1.129991 1.691152
v 17.844830 -0.434141 2.117948
v 19.886923 -0.434141 2.117948
v 17.557724 0.000001 2.033930
v 20.174030 0.000001 2.033931
v 17.844830 0.434143 2.117948
v 19.886923 0.434143 2.117948
v 17.557724 1.129992 1.691151
v 17.876501 1.129992 1.691151
v 19.855253 1.129993 1.691151
v 20.174028 1.129993 1.691151
v 17.557724 1.438208 1.438205
v 17.876501 1.438208 1.438205
v 19.855253 1.438208 1.438206
v 20.174028 1.438208 1.438206
v 17.557724 1.691152 1.129990
v 17.876501 1.691152 1.129990
v 19.855253 1.691153 1.129990
v 20.174028 1.691153 1.129991
v 17.844830 2.117949 0.434140
v 19.886923 2.117949 0.434140
v 17.557724 2.033931 -0.000002
v 20.174030 2.033931 -0.000001
v 17.844830 2.117948 -0.434144
v 19.886923 2.117948 -0.434143
v 17.557724 1.691150 -1.129993
v 17.876501 1.691151 -1.129993
v 19.855253 1.691151 -1.129993
v 20.174030 1.691151 -1.129993
v 17.557724 1.438204 -1.438208
v 17.876501 1.438205 -1.438208
v 19.855253 1.438205 -1.438207
v 20.174030 1.438205 -1.438207
v 17.557724 1.129989 -1.691153
v 17.876501 1.129989 -1.691153
v 19.855253 1.129989 -1.691152
v 20.174030 1.129989 -1.691152
v 17.844830 0.434139 -2.117948
v 19.886923 0.434139 -2.117948
v 17.748783 2.390038 0.516677
v 17.748783 2.390038 -0.516682
v 17.748783 -2.390038 0.516679
v 17.748783 -2.390038 -0.516679
v 17.748783 -0.516679 -2.390038
v 17.748783 0.516676 -2.390038
v 17.748783 -0.516679 2.390038
v 17.748783 0.516680 2.390038
v 17.748783 0.434139 -2.117948
v 17.717113 0.778349 -1.879108
v 17.717113 1.129989 -1.691153
v 17.717113 1.438204 -1.438208
v 17.717113 1.691151 -1.129993
v 17.717113 1.879106 -0.778353
v 17.748783 2.117948 -0.434144
v 17.748783 2.117949 0.434140
v 17.717113 1.879108 0.778350
v 17.717113 1.691152 1.129990
v 17.717113 1.438208 1.438205
v 17.717113 1.129992 1.691151
v 17.717113 0.778353 1.879106
v 17.748783 0.434143 2.117948
v 17.748783 -0.434141 2.117948
v 17.717113 -0.778351 1.879107
v 17.717113 -1.129991 1.691151
v 17.717113 -1.438206 1.438206
v 17.717113 -1.691151 1.129991
v 17.717113 -1.879107 0.778351
v 17.748783 -2.117948 0.434142
v 17.748783 -2.117948 -0.434142
v 17.717113 -1.879107 -0.778351
v 17.717113 -1.691151 -1.129991
v 17.717113 -1.438206 -1.438206
v 17.717113 -1.129991 -1.691151
v 17.717113 -0.778352 -1.879107
v 17.748783 -0.434142 -2.117948
v 19.982969 2.390039 0.516678
v 19.982969 0.516681 2.390038
v 19.982969 -0.516679 2.390038
v 19.982969 -2.390038 0.516680
v 19.982969 0.516676 -2.390038
v 19.982969 -0.516679 -2.390037
v 19.982969 -2.390038 -0.516679
v 19.982969 2.390038 -0.516681
v 19.982969 0.434139 -2.117948
v 20.014641 0.778349 -1.879107
v 20.014641 1.129989 -1.691152
v 20.014641 1.438205 -1.438207
v 20.014641 1.691151 -1.129993
v 20.014641 1.879106 -0.778353
v 19.982969 2.117948 -0.434143
v 19.982969 2.117949 0.434141
v 20.014641 1.879108 0.778351
v 20.014641 1.691153 1.129991
v 20.014641 1.438208 1.438206
v 20.014641 1.129993 1.691151
v 20.014641 0.778353 1.879107
v 19.982969 0.434143 2.117948
v 19.982969 -0.434141 2.117948
v 20.014641 -0.778351 1.879107
v 20.014641 -1.129991 1.691152
v 20.014641 -1.438206 1.438207
v 20.014641 -1.691151 1.129992
v 20.014641 -1.879107 0.778352
v 19.982969 -2.117948 0.434142
v 19.982969 -2.117948 -0.434141
v 20.014641 -1.879107 -0.778351
v 20.014641 -1.691151 -1.129990
v 20.014641 -1.438206 -1.438205
v 20.014641 -1.129991 -1.691151
v 20.014641 -0.778351 -1.879106
v 19.982969 -0.434141 -2.117947
v 17.796806 2.446390 0.533771
v 17.796806 2.446389 -0.533776
v 17.796806 -2.446390 0.533773
v 17.796806 -2.446390 -0.533773
v 17.796806 -0.533773 -2.446389
v 19.867031 -2.253993 -0.475410
v 17.864721 2.253993 -0.475413
v 17.864721 -2.253993 -0.475410
v 17.864721 -0.475410 2.253993
v 19.867031 -0.475410 -2.253992
v 19.867031 0.475407 -2.253993
v 17.864721 2.253994 0.475409
v 17.864721 -0.475410 -2.253993
v 17.864723 0.475407 -2.253993
v 19.867029 0.475412 2.253993
v 17.864721 0.475412 2.253993
v 19.867029 2.253993 -0.475412
v 17.796806 0.533770 -2.446390
v 17.864721 -2.253993 0.475410
v 19.867031 -2.253993 0.475411
v 19.867029 2.253994 0.475409
v 19.867029 -0.475410 2.253993
v 17.796806 -0.533773 2.446389
v 17.796806 0.533774 2.446389
v 17.796806 0.417045 -2.061597
v 17.796806 2.061596 -0.417050
v 17.796806 2.061597 0.417046
v 17.796806 0.417049 2.061596
v 17.796806 -0.417047 2.061596
v 17.796806 -2.061597 0.417048
v 17.796806 -2.061597 -0.417048
v 17.796806 -0.417048 -2.061596
v 17.728891 0.475412 2.253993
v 17.728891 -2.253993 0.475410
v 17.728891 0.475407 -2.253993
v 17.728891 -0.475410 -2.253993
v 17.728891 2.253994 0.475409
v 17.728891 2.253993 -0.475413
v 17.728891 -2.253993 -0.475410
v 17.728891 -0.475410 2.253993
v 19.934948 2.446391 0.533772
v 19.934948 0.533775 2.446389
v 19.934948 -0.533773 2.446390
v 19.934948 -2.446390 0.533774
v 19.934948 0.533770 -2.446390
v 19.934948 -0.533773 -2.446388
v 19.934948 -2.446389 -0.533773
v 19.934948 2.446390 -0.533775
v 19.934948 0.417045 -2.061596
v 19.934948 2.061596 -0.417049
v 19.934948 2.061597 0.417046
v 19.934948 0.417049 2.061597
v 19.934948 -0.417047 2.061597
v 19.934948 -2.061597 0.417048
v 19.934948 -2.061596 -0.417047
v 19.934948 -0.417047 -2.061595
v 20.002863 2.253993 -0.475412
v 20.002863 0.475412 2.253993
v 20.002863 -2.253993 0.475411
v 20.002863 0.475407 -2.253993
v 20.002863 -2.253993 -0.475410
v 20.002863 -0.475410 2.253993
v 20.002863 2.253994 0.475409
v 20.002863 -0.475410 -2.253992
v 17.822798 2.431745 0.529329
v 17.822798 2.431744 -0.529333
v 17.822798 -2.431745 0.529331
v 17.822798 -2.431745 -0.529331
v 17.822798 -0.529331 -2.431744
v 19.872198 -2.327620 -0.497744
v 17.859554 2.327620 -0.497747
v 17.859554 -2.180366 -0.453076
v 17.859554 -0.453076 2.180366
v 19.872198 -0.453076 -2.180365
v 19.872198 0.497742 -2.327620
v 17.859552 2.180367 0.453074
v 17.859554 -0.497745 -2.327620
v 17.859554 0.453073 -2.180366
v 19.872198 0.453077 2.180366
v 17.859554 0.497746 2.327620
v 19.872198 2.180366 -0.453078
v 17.822798 0.529327 -2.431744
v 17.859554 -2.327620 0.497745
v 19.872198 -2.180366 0.453076
v 19.872198 2.327621 0.497744
v 19.872198 -0.497744 2.327621
v 17.822798 -0.529330 2.431744
v 17.822798 0.529332 2.431744
v 17.822798 0.421487 -2.076242
v 17.822798 2.076242 -0.421492
v 17.822798 2.076242 0.421489
v 17.822798 0.421491 2.076241
v 17.822798 -0.421490 2.076241
v 17.822798 -2.076242 0.421490
v 17.822798 -2.076242 -0.421490
v 17.822798 -0.421490 -2.076241
v 17.734058 0.497746 2.327620
v 17.734058 -2.327620 0.497745
v 17.734058 0.497741 -2.327620
v 17.734058 -0.497745 -2.327620
v 17.734058 2.327621 0.497743
v 17.734058 2.327620 -0.497747
v 17.734058 -2.327620 -0.497745
v 17.734058 -0.497744 2.327620
v 19.960938 2.431745 0.529329
v 19.960938 0.529332 2.431744
v 19.960938 -0.529330 2.431745
v 19.960938 -2.431744 0.529331
v 19.960938 0.529327 -2.431744
v 19.960939 -0.529330 -2.431743
v 19.960939 -2.431744 -0.529330
v 19.960938 2.431744 -0.529333
v 19.960938 0.421487 -2.076242
v 19.960938 2.076242 -0.421492
v 19.960938 2.076243 0.421489
v 19.960938 0.421491 2.076242
v 19.960938 -0.421490 2.076242
v 19.960938 -2.076242 0.421491
v 19.960938 -2.076241 -0.421490
v 19.960938 -0.421490 -2.076241
v 19.997694 2.327620 -0.497747
v 19.997694 0.497746 2.327620
v 19.997694 -2.327620 0.497746
v 19.997694 0.497742 -2.327620
v 19.997694 -2.327620 -0.497744
v 19.997694 -0.497744 2.327620
v 19.997694 2.327621 0.497744
v 19.997694 -0.497745 -2.327619
v 17.770815 2.431745 0.529329
v 17.770815 2.431744 -0.529333
v 17.770815 -2.431745 0.529331
v 17.770817 -2.431745 -0.529331
v 17.770815 -0.529331 -2.431744
v 19.872198 -2.180366 -0.453075
v 17.859552 2.180366 -0.453078
v 17.859554 -2.327620 -0.497745
v 17.859554 -0.497744 2.327620
v 19.872198 -0.497745 -2.327619
v 19.872198 0.453073 -2.180366
v 17.859554 2.327621 0.497743
v 17.859554 -0.453076 -2.180366
v 17.859554 0.497742 -2.327620
v 19.872198 0.497746 2.327620
v 17.859554 0.453077 2.180366
v 19.872198 2.327620 -0.497747
v 17.770817 0.529327 -2.431744
v 17.859554 -2.180366 0.453076
v 19.872198 -2.327620 0.497745
v 19.872198 2.180367 0.453075
v 19.872198 -0.453075 2.180366
v 17.770815 -0.529330 2.431744
v 17.770815 0.529332 2.431744
v 17.770817 0.421487 -2.076242
v 17.770815 2.076242 -0.421492
v 17.770815 2.076242 0.421489
v 17.770815 0.421491 2.076241
v 17.770815 -0.421490 2.076241
v 17.770815 -2.076242 0.421490
v 17.770817 -2.076242 -0.421490
v 17.770815 -0.421490 -2.076241
v 17.734058 0.453077 2.180366
v 17.734058 -2.180366 0.453076
v 17.734058 0.453073 -2.180366
v 17.734058 -0.453076 -2.180366
v 17.734058 2.180367 0.453074
v 17.734058 2.180366 -0.453078
v 17.734058 -2.180366 -0.453076
v 17.734058 -0.453076 2.180366
v 19.908957 2.431745 0.529329
v 19.908957 0.529332 2.431744
v 19.908957 -0.529330 2.431745
v 19.908957 -2.431744 0.529331
v 19.908957 0.529327 -2.431744
v 19.908957 -0.529330 -2.431743
v 19.908957 -2.431744 -0.529330
v 19.908957 2.431744 -0.529333
v 19.908957 0.421487 -2.076242
v 19.908957 2.076242 -0.421492
v 19.908957 2.076243 0.421489
v 19.908957 0.421491 2.076242
v 19.908957 -0.421490 2.076242
v 19.908957 -2.076242 0.421491
v 19.908957 -2.076241 -0.421490
v 19.908957 -0.421490 -2.076241
v 19.997694 2.180366 -0.453077
v 19.997694 0.453077 2.180366
v 19.997694 -2.180366 0.453077
v 19.997694 0.453073 -2.180366
v 19.997694 -2.180366 -0.453075
v 19.997694 -0.453075 2.180366
v 19.997694 2.180367 0.453075
v 19.997694 -0.453076 -2.180365
v 19.855253 0.090754 -1.933798
v 19.855253 -0.090754 -1.933798
v 19.824596 0.000000 -2.033930
v 19.855253 0.000000 -1.937501
v 19.850094 0.000000 -1.991535
v 19.846275 -0.047219 -2.002569
v 19.846275 0.047220 -2.002569
v 17.907158 0.000000 -2.033930
v 17.876501 -0.090754 -1.933799
v 17.876501 0.090754 -1.933799
v 17.885479 -0.047219 -2.002569
v 17.881660 0.000000 -1.991535
v 17.876501 0.000000 -1.937501
v 17.885479 0.047219 -2.002570
v 17.876501 -1.933799 -0.090754
v 17.907158 -2.033931 0.000000
v 17.876501 -1.933799 0.090754
v 17.885479 -2.002570 -0.047219
v 17.881660 -1.991536 0.000000
v 17.885479 -2.002570 0.047219
v 17.876501 -1.937501 -0.000000
v 19.855253 -1.933799 0.090754
v 19.824596 -2.033930 0.000000
v 19.855253 -1.933799 -0.090753
v 19.846275 -2.002570 0.047220
v 19.850094 -1.991536 0.000000
v 19.846275 -2.002570 -0.047219
v 19.855253 -1.937501 0.000000
v 17.876501 0.090755 1.933799
v 17.876501 -0.090753 1.933799
v 17.907158 0.000001 2.033931
v 17.876501 0.000001 1.937501
v 17.881660 0.000001 1.991535
v 17.885479 -0.047219 2.002570
v 17.885479 0.047220 2.002570
v 19.855253 0.090755 1.933799
v 19.824596 0.000001 2.033931
v 19.855253 -0.090753 1.933799
v 19.846275 0.047220 2.002570
v 19.850094 0.000001 1.991536
v 19.846275 -0.047218 2.002570
v 19.855253 0.000001 1.937502
v 17.876501 1.933799 -0.090756
v 17.876501 1.933799 0.090752
v 17.907158 2.033931 -0.000002
v 17.876501 1.937502 -0.000002
v 17.881660 1.991536 -0.000002
v 17.885479 2.002570 0.047218
v 17.885479 2.002570 -0.047221
v 19.855253 1.933799 -0.090755
v 19.824596 2.033931 -0.000001
v 19.855253 1.933799 0.090753
v 19.846275 2.002571 -0.047221
v 19.850094 1.991536 -0.000001
v 19.846275 2.002570 0.047218
v 19.855253 1.937502 -0.000001
v 17.717113 -0.090754 -1.933799
v 17.686457 0.000000 -2.033930
v 17.717113 0.090754 -1.933799
v 17.708136 -0.047219 -2.002569
v 17.711954 0.000000 -1.991535
v 17.708136 0.047219 -2.002570
v 17.717113 0.000000 -1.937501
v 17.717113 1.933799 0.090752
v 17.717113 1.933799 -0.090756
v 17.686457 2.033931 -0.000002
v 17.717113 1.937502 -0.000002
v 17.711954 1.991536 -0.000002
v 17.708136 2.002570 -0.047221
v 17.708136 2.002570 0.047218
v 17.717113 -0.090753 1.933799
v 17.717113 0.090755 1.933799
v 17.686457 0.000001 2.033931
v 17.717113 0.000001 1.937501
v 17.711954 0.000001 1.991535
v 17.708136 0.047220 2.002570
v 17.708136 -0.047219 2.002570
v 17.717113 -1.933799 -0.090754
v 17.717113 -1.933799 0.090754
v 17.686457 -2.033931 0.000000
v 17.717113 -1.937501 -0.000000
v 17.711954 -1.991536 0.000000
v 17.708136 -2.002570 0.047219
v 17.708136 -2.002570 -0.047219
v 20.014641 -0.090754 -1.933798
v 20.014641 0.090754 -1.933798
v 20.045298 0.000000 -2.033930
v 20.014641 0.000000 -1.937501
v 20.019800 0.000000 -1.991535
v 20.023617 0.047220 -2.002569
v 20.023617 -0.047219 -2.002569
v 20.014641 1.933799 0.090753
v 20.045298 2.033931 -0.000001
v 20.014641 1.933799 -0.090755
v 20.023617 2.002570 0.047218
v 20.019800 1.991536 -0.000001
v 20.023617 2.002571 -0.047221
v 20.014641 1.937502 -0.000001
v 20.014641 -0.090753 1.933799
v 20.045298 0.000001 2.033931
v 20.014641 0.090755 1.933799
v 20.023617 -0.047218 2.002570
v 20.019800 0.000001 1.991536
v 20.023617 0.047220 2.002570
v 20.014641 0.000001 1.937502
v 20.014641 -1.933799 -0.090753
v 20.045298 -2.033930 0.000001
v 20.014641 -1.933799 0.090754
v 20.023617 -2.002570 -0.047219
v 20.019800 -1.991536 0.000001
v 20.023617 -2.002570 0.047220
v 20.014641 -1.937501 0.000000
v 19.855253 -1.912595 -0.306046
v 19.885910 -1.904095 -0.396800
v 19.846275 -1.971516 -0.357450
v 19.852510 -1.958176 -0.379766
v 19.842030 -1.967572 -0.399239
v 19.864233 -1.908345 -0.370218
v 17.845842 1.904095 -0.396802
v 17.876501 1.912595 -0.306048
v 17.867521 1.908345 -0.370221
v 17.879242 1.958176 -0.379769
v 17.885479 1.971516 -0.357452
v 17.889725 1.967572 -0.399242
v 17.876501 -1.912595 -0.306046
v 17.845844 -1.904095 -0.396800
v 17.867521 -1.908345 -0.370219
v 17.870453 -1.965451 -0.385226
v 17.863247 -1.980767 -0.403246
v 17.876501 -1.983254 -0.376685
v 17.845842 -0.396800 1.904095
v 17.876501 -0.306046 1.912595
v 17.863247 -0.403246 1.980767
v 17.870453 -0.385226 1.965451
v 17.876501 -0.376685 1.983254
v 17.867521 -0.370218 1.908345
v 19.855253 -0.306046 -1.912594
v 19.885910 -0.396800 -1.904094
v 19.864233 -0.370219 -1.908344
v 19.861301 -0.385226 -1.965450
v 19.868507 -0.403246 -1.980767
v 19.855253 -0.376685 -1.983254
v 19.855253 0.306043 -1.912594
v 19.885910 0.396797 -1.904095
v 19.846275 0.357448 -1.971516
v 19.852510 0.379764 -1.958176
v 19.842030 0.399237 -1.967572
v 19.864233 0.370216 -1.908345
v 17.845842 1.904096 0.396799
v 17.876501 1.912595 0.306045
v 17.863247 1.980768 0.403245
v 17.870453 1.965452 0.385224
v 17.876501 1.983255 0.376684
v 17.867521 1.908346 0.370217
v 17.876501 -0.306046 -1.912594
v 17.845844 -0.396800 -1.904095
v 17.885479 -0.357451 -1.971516
v 17.879242 -0.379767 -1.958176
v 17.889725 -0.399240 -1.967572
v 17.867521 -0.370219 -1.908345
v 17.845844 0.396797 -1.904095
v 17.876501 0.306043 -1.912595
v 17.863247 0.403243 -1.980768
v 17.870453 0.385223 -1.965451
v 17.876501 0.376682 -1.983254
v 17.867521 0.370216 -1.908345
v 19.855253 0.306047 1.912595
v 19.885908 0.396801 1.904095
v 19.864233 0.370220 1.908345
v 19.861301 0.385227 1.965451
v 19.868507 0.403247 1.980767
v 19.855253 0.376686 1.983255
v 17.845842 0.396801 1.904095
v 17.876501 0.306047 1.912595
v 17.867521 0.370220 1.908345
v 17.879242 0.379768 1.958176
v 17.885479 0.357452 1.971516
v 17.889725 0.399241 1.967572
v 19.855253 1.912595 -0.306048
v 19.885908 1.904095 -0.396801
v 19.864233 1.908345 -0.370220
v 19.861301 1.965451 -0.385227
v 19.868507 1.980767 -0.403247
v 19.855253 1.983254 -0.376687
v 17.845844 -1.904095 0.396800
v 17.876501 -1.912595 0.306046
v 17.867521 -1.908345 0.370219
v 17.879242 -1.958176 0.379767
v 17.885479 -1.971516 0.357451
v 17.889725 -1.967572 0.399240
v 19.855253 -1.912595 0.306047
v 19.885910 -1.904095 0.396801
v 19.864233 -1.908345 0.370219
v 19.861301 -1.965451 0.385226
v 19.868507 -1.980767 0.403246
v 19.855253 -1.983255 0.376686
v 19.855253 1.912595 0.306045
v 19.885908 1.904096 0.396799
v 19.846275 1.971517 0.357449
v 19.852510 1.958177 0.379766
v 19.842030 1.967573 0.399239
v 19.864233 1.908346 0.370218
v 19.855253 -0.306046 1.912595
v 19.885908 -0.396800 1.904095
v 19.846275 -0.357450 1.971516
v 19.852510 -0.379766 1.958176
v 19.842030 -0.399239 1.967573
v 19.864233 -0.370218 1.908345
v 17.747768 0.396797 -1.904095
v 17.717113 0.306043 -1.912595
v 17.686457 0.418779 -2.037405
v 17.726093 0.370216 -1.908345
v 17.716253 0.382140 -1.965755
v 17.708145 0.361764 -1.984626
v 17.712971 0.403239 -1.980751
v 17.747768 1.904095 -0.396802
v 17.686457 2.037405 -0.418784
v 17.717113 1.912595 -0.306048
v 17.712971 1.980750 -0.403244
v 17.716253 1.965755 -0.382145
v 17.708145 1.984626 -0.361769
v 17.726093 1.908345 -0.370221
v 17.747768 1.904096 0.396799
v 17.717113 1.912595 0.306045
v 17.686457 2.037405 0.418781
v 17.726093 1.908346 0.370217
v 17.716253 1.965756 0.382141
v 17.708145 1.984627 0.361765
v 17.712971 1.980752 0.403241
v 17.747768 0.396801 1.904095
v 17.686457 0.418783 2.037404
v 17.717113 0.306047 1.912595
v 17.712971 0.403243 1.980750
v 17.716253 0.382144 1.965755
v 17.708145 0.361768 1.984626
v 17.726093 0.370220 1.908345
v 17.747768 -0.396800 1.904095
v 17.717113 -0.306046 1.912595
v 17.686457 -0.418782 2.037404
v 17.726093 -0.370218 1.908345
v 17.716253 -0.382142 1.965755
v 17.708145 -0.361766 1.984625
v 17.712971 -0.403242 1.980750
v 17.747768 -1.904095 0.396800
v 17.686457 -2.037404 0.418782
v 17.717113 -1.912595 0.306046
v 17.712971 -1.980750 0.403242
v 17.716253 -1.965755 0.382143
v 17.708145 -1.984626 0.361767
v 17.726093 -1.908345 0.370219
v 17.747768 -1.904095 -0.396800
v 17.717113 -1.912595 -0.306046
v 17.686457 -2.037404 -0.418782
v 17.726093 -1.908345 -0.370219
v 17.716253 -1.965755 -0.382143
v 17.708145 -1.984626 -0.361767
v 17.712971 -1.980750 -0.403242
v 17.747768 -0.396800 -1.904095
v 17.686457 -0.418782 -2.037404
v 17.717113 -0.306046 -1.912594
v 17.712971 -0.403242 -1.980750
v 17.716253 -0.382143 -1.965755
v 17.708145 -0.361767 -1.984625
v 17.726093 -0.370219 -1.908345
v 19.983984 0.396797 -1.904095
v 20.045298 0.418779 -2.037404
v 20.014641 0.306044 -1.912594
v 20.018782 0.403240 -1.980750
v 20.015497 0.382140 -1.965755
v 20.023609 0.361764 -1.984625
v 20.005659 0.370216 -1.908345
v 19.983984 1.904095 -0.396801
v 20.014641 1.912595 -0.306047
v 20.045298 2.037405 -0.418784
v 20.005659 1.908345 -0.370220
v 20.015497 1.965755 -0.382144
v 20.023609 1.984626 -0.361768
v 20.018782 1.980750 -0.403244
v 19.983984 1.904096 0.396799
v 20.045298 2.037405 0.418781
v 20.014641 1.912595 0.306045
v 20.018782 1.980752 0.403241
v 20.015497 1.965756 0.382142
v 20.023609 1.984627 0.361766
v 20.005659 1.908346 0.370218
v 19.983984 0.396801 1.904095
v 20.014641 0.306047 1.912595
v 20.045298 0.418784 2.037405
v 20.005659 0.370220 1.908345
v 20.015497 0.382144 1.965755
v 20.023609 0.361768 1.984626
v 20.018782 0.403244 1.980750
v 19.983984 -0.396800 1.904095
v 20.045298 -0.418782 2.037405
v 20.014641 -0.306046 1.912595
v 20.018782 -0.403242 1.980751
v 20.015497 -0.382142 1.965755
v 20.023609 -0.361766 1.984626
v 20.005659 -0.370218 1.908345
v 19.983984 -1.904095 0.396801
v 20.014641 -1.912595 0.306047
v 20.045298 -2.037404 0.418783
v 20.005659 -1.908345 0.370219
v 20.015497 -1.965755 0.382143
v 20.023609 -1.984626 0.361768
v 20.018782 -1.980750 0.403243
v 19.983984 -1.904095 -0.396800
v 20.045298 -2.037404 -0.418782
v 20.014641 -1.912595 -0.306046
v 20.018782 -1.980750 -0.403242
v 20.015497 -1.965755 -0.382142
v 20.023609 -1.984626 -0.361766
v 20.005659 -1.908345 -0.370218
v 19.983984 -0.396800 -1.904094
v 20.014641 -0.306046 -1.912594
v 20.045298 -0.418782 -2.037404
v 20.005659 -0.370219 -1.908344
v 20.015497 -0.382143 -1.965754
v 20.023609 -0.361767 -1.984625
v 20.018782 -0.403242 -1.980750
v 19.983984 0.090317 -1.829517
v 20.014641 0.090754 -1.920667
v 20.014641 -0.090754 -1.920667
v 19.983984 -0.090317 -1.829517
v 20.005659 0.088693 -1.856387
v 20.005720 0.000000 -1.859805
v 20.014641 0.000000 -1.924370
v 20.005659 -0.088693 -1.856387
v 19.983984 0.000000 -1.833202
v 19.855253 -0.090754 -1.920667
v 19.855253 0.090754 -1.920667
v 19.885910 0.090317 -1.829517
v 19.885910 -0.090317 -1.829517
v 19.855253 0.000000 -1.924370
v 19.864172 0.000000 -1.859806
v 19.864233 0.088693 -1.856387
v 19.885910 0.000000 -1.833202
v 19.864233 -0.088693 -1.856387
v 19.885910 0.396797 -1.890085
v 19.885910 0.306481 -1.808227
v 19.855253 0.306043 -1.899463
v 19.885910 0.370435 -1.828418
v 19.868208 0.358533 -1.841550
v 19.864233 0.306262 -1.835049
v 19.864233 0.370126 -1.892932
v 17.747768 0.396797 -1.890086
v 17.747768 0.306480 -1.808227
v 17.717113 0.306043 -1.899464
v 17.747768 0.370435 -1.828419
v 17.730070 0.358532 -1.841551
v 17.726093 0.306262 -1.835050
v 17.726093 0.370126 -1.892933
v 17.845844 0.396797 -1.890086
v 17.876501 0.306043 -1.899464
v 17.845844 0.306480 -1.808227
v 17.867521 0.370126 -1.892932
v 17.863544 0.358532 -1.841550
v 17.867521 0.306262 -1.835049
v 17.845844 0.370434 -1.828418
v 17.876501 -0.090754 -1.920667
v 17.845844 -0.090317 -1.829517
v 17.845844 0.090317 -1.829517
v 17.876501 0.090754 -1.920668
v 17.867521 -0.088693 -1.856387
v 17.867580 0.000000 -1.859806
v 17.845844 0.000000 -1.833202
v 17.867521 0.088693 -1.856387
v 17.876501 0.000000 -1.924370
v 17.747768 1.890086 -0.396802
v 17.717113 1.899464 -0.306048
v 17.747768 1.808227 -0.306485
v 17.726093 1.892932 -0.370130
v 17.730070 1.841550 -0.358537
v 17.726093 1.835050 -0.306266
v 17.747768 1.828418 -0.370439
v 17.845842 1.890086 -0.396802
v 17.845842 1.808227 -0.306485
v 17.876501 1.899464 -0.306048
v 17.845842 1.828419 -0.370439
v 17.863544 1.841550 -0.358537
v 17.867521 1.835050 -0.306266
v 17.867521 1.892933 -0.370130
v 19.855253 1.899464 -0.306047
v 19.885908 1.808227 -0.306484
v 19.885908 1.890086 -0.396801
v 19.864233 1.835050 -0.306266
v 19.868208 1.841551 -0.358537
v 19.885908 1.828419 -0.370439
v 19.864233 1.892933 -0.370130
v 19.855253 1.920668 -0.090755
v 19.855253 1.920668 0.090753
v 19.885908 1.829518 0.090316
v 19.885908 1.829518 -0.090318
v 19.855253 1.924371 -0.000001
v 19.864172 1.859807 -0.000001
v 19.864233 1.856388 0.088692
v 19.885908 1.833203 -0.000001
v 19.864233 1.856388 -0.088694
v 17.747768 1.829518 -0.090319
v 17.717113 1.920668 -0.090756
v 17.717113 1.920668 0.090752
v 17.747768 1.829518 0.090315
v 17.726093 1.856388 -0.088695
v 17.726034 1.859807 -0.000002
v 17.717113 1.924370 -0.000002
v 17.726093 1.856388 0.088692
v 17.747768 1.833203 -0.000002
v 17.845842 1.829518 0.090315
v 17.876501 1.920668 0.090752
v 17.876501 1.920668 -0.090756
v 17.845842 1.829518 -0.090318
v 17.867521 1.856388 0.088692
v 17.867580 1.859807 -0.000002
v 17.876501 1.924370 -0.000002
v 17.867521 1.856388 -0.088695
v 17.845842 1.833203 -0.000002
v 19.855253 1.899464 0.306045
v 19.885908 1.890087 0.396799
v 19.885908 1.808228 0.306482
v 19.864233 1.892933 0.370127
v 19.868208 1.841551 0.358534
v 19.885908 1.828419 0.370436
v 19.864233 1.835050 0.306264
v 17.747768 1.890087 0.396799
v 17.747768 1.808228 0.306482
v 17.717113 1.899464 0.306045
v 17.747768 1.828419 0.370436
v 17.730070 1.841551 0.358534
v 17.726093 1.835050 0.306263
v 17.726093 1.892933 0.370127
v 17.845842 1.890087 0.396799
v 17.876501 1.899464 0.306045
v 17.845842 1.808228 0.306482
v 17.867521 1.892933 0.370127
v 17.863544 1.841551 0.358534
v 17.867521 1.835050 0.306263
v 17.845842 1.828419 0.370436
v 17.747768 0.396801 1.890085
v 17.717113 0.306047 1.899463
v 17.747768 0.306484 1.808227
v 17.726093 0.370129 1.892932
v 17.730070 0.358536 1.841550
v 17.726093 0.306266 1.835050
v 17.747768 0.370438 1.828418
v 17.876501 0.306047 1.899463
v 17.845842 0.396801 1.890085
v 17.845842 0.306484 1.808227
v 17.867521 0.370129 1.892932
v 17.863544 0.358536 1.841550
v 17.845842 0.370438 1.828418
v 17.867521 0.306266 1.835050
v 19.855253 0.306047 1.899464
v 19.885908 0.306484 1.808228
v 19.885908 0.396801 1.890086
v 19.864233 0.306266 1.835050
v 19.868208 0.358537 1.841551
v 19.885908 0.370439 1.828419
v 19.864233 0.370130 1.892933
v 19.855253 0.090755 1.920668
v 19.855253 -0.090753 1.920668
v 19.885908 -0.090316 1.829518
v 19.885908 0.090318 1.829518
v 19.855253 0.000001 1.924370
v 19.864172 0.000001 1.859807
v 19.864233 -0.088692 1.856388
v 19.885908 0.000001 1.833203
v 19.864233 0.088694 1.856388
v 17.747768 0.090318 1.829518
v 17.717113 0.090755 1.920668
v 17.717113 -0.090753 1.920668
v 17.747768 -0.090316 1.829518
v 17.726093 0.088694 1.856387
v 17.726034 0.000001 1.859806
v 17.717113 0.000001 1.924370
v 17.726093 -0.088692 1.856387
v 17.747768 0.000001 1.833202
v 17.876501 -0.090753 1.920668
v 17.876501 0.090755 1.920668
v 17.845842 0.090318 1.829518
v 17.845842 -0.090316 1.829518
v 17.876501 0.000001 1.924370
v 17.867580 0.000001 1.859806
v 17.867521 0.088694 1.856387
v 17.845842 0.000001 1.833202
v 17.867521 -0.088692 1.856387
v 19.855253 -0.306046 1.899464
v 19.885908 -0.396800 1.890086
v 19.885908 -0.306483 1.808228
v 19.864233 -0.370128 1.892933
v 19.868208 -0.358535 1.841551
v 19.885908 -0.370437 1.828419
v 19.864233 -0.306264 1.835050
v 17.747768 -0.396800 1.890086
v 17.747768 -0.306483 1.808227
v 17.717113 -0.306046 1.899463
v 17.747768 -0.370437 1.828418
v 17.730070 -0.358535 1.841550
v 17.726093 -0.306264 1.835050
v 17.726093 -0.370128 1.892932
v 17.845842 -0.396800 1.890086
v 17.876501 -0.306046 1.899463
v 17.845842 -0.306483 1.808227
v 17.867521 -0.370128 1.892932
v 17.863544 -0.358535 1.841551
v 17.867521 -0.306264 1.835050
v 17.845842 -0.370437 1.828419
v 17.747768 -1.890086 0.396800
v 17.717113 -1.899463 0.306046
v 17.747768 -1.808227 0.306483
v 17.726093 -1.892932 0.370128
v 17.730070 -1.841550 0.358535
v 17.726093 -1.835050 0.306265
v 17.747768 -1.828419 0.370437
v 17.845844 -1.890086 0.396800
v 17.845844 -1.808227 0.306483
v 17.876501 -1.899463 0.306046
v 17.845844 -1.828419 0.370437
v 17.863544 -1.841550 0.358535
v 17.867521 -1.835050 0.306265
v 17.867521 -1.892932 0.370128
v 19.855253 -1.899463 0.306047
v 19.885910 -1.808227 0.306484
v 19.885910 -1.890086 0.396801
v 19.864233 -1.835050 0.306265
v 19.868208 -1.841551 0.358536
v 19.885910 -1.828419 0.370438
v 19.864233 -1.892933 0.370129
v 19.855253 -1.920668 0.090754
v 19.855253 -1.920668 -0.090753
v 19.885910 -1.829518 -0.090316
v 19.885910 -1.829518 0.090317
v 19.855253 -1.924370 0.000000
v 19.864172 -1.859807 0.000001
v 19.864233 -1.856387 -0.088693
v 19.885910 -1.833203 0.000001
v 19.864233 -1.856387 0.088694
v 17.747768 -1.829518 0.090317
v 17.717113 -1.920668 0.090754
v 17.717113 -1.920668 -0.090754
v 17.747768 -1.829518 -0.090317
v 17.726093 -1.856387 0.088693
v 17.726034 -1.859807 0.000000
v 17.717113 -1.924370 -0.000000
v 17.726093 -1.856387 -0.088693
v 17.747768 -1.833203 0.000000
v 17.876501 -1.920668 -0.090754
v 17.876501 -1.920668 0.090754
v 17.845844 -1.829518 0.090317
v 17.845844 -1.829518 -0.090317
v 17.876501 -1.924370 -0.000000
v 17.867580 -1.859807 0.000000
v 17.867521 -1.856387 0.088693
v 17.845844 -1.833203 0.000000
v 17.867521 -1.856387 -0.088693
v 19.855253 -1.899463 -0.306046
v 19.885910 -1.890086 -0.396799
v 19.885910 -1.808227 -0.306483
v 19.864233 -1.892932 -0.370128
v 19.868208 -1.841550 -0.358535
v 19.885910 -1.828418 -0.370437
v 19.864233 -1.835050 -0.306264
v 17.747768 -1.890086 -0.396800
v 17.747768 -1.808227 -0.306483
v 17.717113 -1.899463 -0.306046
v 17.747768 -1.828418 -0.370437
v 17.730070 -1.841550 -0.358535
v 17.726093 -1.835050 -0.306265
v 17.726093 -1.892932 -0.370128
v 17.876501 -1.899463 -0.306046
v 17.845844 -1.808227 -0.306483
v 17.845844 -1.890086 -0.396800
v 17.867521 -1.835050 -0.306265
v 17.863544 -1.841550 -0.358535
v 17.845844 -1.828418 -0.370437
v 17.867521 -1.892932 -0.370128
v 17.747768 -0.396800 -1.890085
v 17.717113 -0.306046 -1.899463
v 17.747768 -0.306483 -1.808227
v 17.726093 -0.370128 -1.892932
v 17.730070 -0.358535 -1.841550
v 17.726093 -0.306265 -1.835049
v 17.747768 -0.370437 -1.828418
v 17.876501 -0.306046 -1.899463
v 17.845844 -0.396800 -1.890085
v 17.845844 -0.306483 -1.808227
v 17.867521 -0.370128 -1.892932
v 17.863544 -0.358535 -1.841550
v 17.845844 -0.370437 -1.828418
v 17.867521 -0.306265 -1.835049
v 19.855253 -0.306046 -1.899462
v 19.885910 -0.306483 -1.808226
v 19.885910 -0.396800 -1.890085
v 19.864233 -0.306264 -1.835049
v 19.868208 -0.358535 -1.841549
v 19.885910 -0.370437 -1.828418
v 19.864233 -0.370128 -1.892931
v 17.747768 0.090317 -1.829517
v 17.747768 -0.090317 -1.829517
v 17.717113 -0.090754 -1.920667
v 17.717113 0.090754 -1.920668
v 17.747768 0.000000 -1.833202
v 17.726034 0.000000 -1.859806
v 17.726093 -0.088693 -1.856387
v 17.717113 0.000000 -1.924370
v 17.726093 0.088693 -1.856387
v 19.983984 0.396797 -1.890085
v 20.014641 0.306044 -1.899463
v 19.983984 0.306481 -1.808227
v 20.005659 0.370126 -1.892932
v 20.001682 0.358533 -1.841550
v 20.005659 0.306262 -1.835049
v 19.983984 0.370435 -1.828418
v 19.983984 1.890086 -0.396801
v 19.983984 1.808227 -0.306484
v 20.014641 1.899464 -0.306047
v 19.983984 1.828419 -0.370439
v 20.001682 1.841551 -0.358537
v 20.005659 1.835050 -0.306266
v 20.005659 1.892933 -0.370130
v 19.983984 1.829518 -0.090318
v 19.983984 1.829518 0.090316
v 20.014641 1.920668 0.090753
v 20.014641 1.920668 -0.090755
v 19.983984 1.833203 -0.000001
v 20.005720 1.859807 -0.000001
v 20.005659 1.856388 0.088692
v 20.014641 1.924371 -0.000001
v 20.005659 1.856388 -0.088694
v 19.983984 1.890087 0.396799
v 20.014641 1.899464 0.306045
v 19.983984 1.808228 0.306482
v 20.005659 1.892933 0.370127
v 20.001682 1.841551 0.358534
v 20.005659 1.835050 0.306264
v 19.983984 1.828419 0.370436
v 19.983984 0.396801 1.890086
v 19.983984 0.306484 1.808228
v 20.014641 0.306047 1.899464
v 19.983984 0.370439 1.828419
v 20.001682 0.358537 1.841551
v 20.005659 0.306266 1.835050
v 20.005659 0.370130 1.892933
v 19.983984 0.090318 1.829518
v 19.983984 -0.090316 1.829518
v 20.014641 -0.090753 1.920668
v 20.014641 0.090755 1.920668
v 19.983984 0.000001 1.833203
v 20.005720 0.000001 1.859807
v 20.005659 -0.088692 1.856388
v 20.014641 0.000001 1.924370
v 20.005659 0.088694 1.856388
v 19.983984 -0.396800 1.890086
v 20.014641 -0.306046 1.899464
v 19.983984 -0.306483 1.808228
v 20.005659 -0.370128 1.892933
v 20.001682 -0.358535 1.841551
v 20.005659 -0.306264 1.835050
v 19.983984 -0.370437 1.828419
v 19.983984 -1.890086 0.396801
v 19.983984 -1.808227 0.306484
v 20.014641 -1.899463 0.306047
v 19.983984 -1.828419 0.370438
v 20.001682 -1.841551 0.358536
v 20.005659 -1.835050 0.306265
v 20.005659 -1.892933 0.370129
v 19.983984 -1.829518 0.090317
v 19.983984 -1.829518 -0.090316
v 20.014641 -1.920668 -0.090753
v 20.014641 -1.920668 0.090754
v 19.983984 -1.833203 0.000001
v 20.005720 -1.859807 0.000001
v 20.005659 -1.856387 -0.088693
v 20.014641 -1.924370 0.000000
v 20.005659 -1.856387 0.088694
v 19.983984 -1.890086 -0.396799
v 20.014641 -1.899463 -0.306046
v 19.983984 -1.808227 -0.306483
v 20.005659 -1.892932 -0.370128
v 20.001682 -1.841550 -0.358535
v 20.005659 -1.835050 -0.306264
v 19.983984 -1.828418 -0.370437
v 19.983984 -0.396800 -1.890085
v 19.983984 -0.306483 -1.808226
v 20.014641 -0.306046 -1.899462
v 19.983984 -0.370437 -1.828418
v 20.001682 -0.358535 -1.841549
v 20.005659 -0.306264 -1.835049
v 20.005659 -0.370128 -1.892931
v 17.858658 -0.885024 -2.412727
v 17.876501 -0.869691 -2.362180
v 17.858658 -0.917917 -2.339194
v 17.871275 -0.881014 -2.399508
v 17.868959 -0.907237 -2.380893
v 17.871275 -0.904273 -2.347511
v 17.858658 -0.915115 -2.383254
v 19.873095 -0.917917 -2.339193
v 19.855253 -0.869691 -2.362180
v 19.873095 -0.885024 -2.412727
v 19.860477 -0.904273 -2.347511
v 19.862795 -0.907237 -2.380893
v 19.860477 -0.881014 -2.399507
v 19.873095 -0.915115 -2.383253
v 17.858658 -2.412728 -0.885024
v 17.858658 -2.346847 -0.920238
v 17.876501 -2.362180 -0.869691
v 17.858658 -2.387081 -0.916276
v 17.868959 -2.382511 -0.907727
v 17.871275 -2.351338 -0.905433
v 17.871275 -2.397923 -0.880533
v 17.679316 -2.346847 -0.920238
v 17.687141 -2.412728 -0.885024
v 17.660006 -2.369572 -0.871933
v 17.685150 -2.385550 -0.915811
v 17.673220 -2.384073 -0.908201
v 17.671499 -2.401619 -0.881654
v 17.665964 -2.355034 -0.906555
v 20.044617 -2.412728 -0.885024
v 20.052439 -2.346847 -0.920238
v 20.071749 -2.369571 -0.871932
v 20.046602 -2.385549 -0.915811
v 20.058533 -2.384073 -0.908201
v 20.065788 -2.355034 -0.906554
v 20.060253 -2.401618 -0.881654
v 19.873095 -2.412728 -0.885024
v 19.855253 -2.362180 -0.869690
v 19.873095 -2.346847 -0.920238
v 19.860477 -2.397922 -0.880533
v 19.862795 -2.382511 -0.907727
v 19.860477 -2.351337 -0.905433
v 19.873095 -2.387080 -0.916275
v 17.679316 -2.462589 -0.538687
v 17.660006 -2.454647 -0.591477
v 17.687141 -2.497803 -0.604568
v 17.665964 -2.461794 -0.554613
v 17.673220 -2.486854 -0.569378
v 17.671499 -2.486694 -0.601198
v 17.685150 -2.492310 -0.563870
v 20.044617 -2.497803 -0.604568
v 20.071749 -2.454647 -0.591477
v 20.052439 -2.462589 -0.538687
v 20.060253 -2.486694 -0.601198
v 20.058533 -2.486854 -0.569377
v 20.065788 -2.461794 -0.554613
v 20.046602 -2.492310 -0.563870
v 17.679316 -2.462589 0.538688
v 17.687141 -2.497803 0.604569
v 17.660006 -2.454647 0.591477
v 17.685150 -2.492310 0.563870
v 17.673220 -2.486854 0.569378
v 17.671499 -2.486694 0.601199
v 17.665964 -2.461794 0.554614
v 20.044615 -2.497803 0.604569
v 20.052439 -2.462589 0.538688
v 20.071749 -2.454647 0.591478
v 20.046602 -2.492310 0.563871
v 20.058533 -2.486854 0.569379
v 20.065788 -2.461794 0.554614
v 20.060253 -2.486694 0.601199
v 17.858658 -2.346847 0.920239
v 17.858658 -2.412728 0.885024
v 17.876501 -2.362180 0.869691
v 17.858658 -2.387081 0.916276
v 17.868959 -2.382511 0.907727
v 17.871275 -2.397923 0.880533
v 17.871275 -2.351338 0.905434
v 17.679316 -2.346847 0.920239
v 17.660006 -2.369572 0.871933
v 17.687141 -2.412728 0.885024
v 17.665964 -2.355034 0.906555
v 17.673220 -2.384073 0.908201
v 17.671499 -2.401618 0.881654
v 17.685150 -2.385549 0.915811
v 20.052439 -2.346847 0.920239
v 20.044615 -2.412728 0.885025
v 20.071749 -2.369571 0.871934
v 20.046602 -2.385549 0.915812
v 20.058533 -2.384073 0.908202
v 20.060253 -2.401618 0.881655
v 20.065788 -2.355034 0.906555
v 19.873095 -2.412728 0.885025
v 19.873095 -2.346847 0.920239
v 19.855253 -2.362180 0.869691
v 19.873095 -2.387080 0.916276
v 19.862795 -2.382511 0.907728
v 19.860477 -2.351338 0.905434
v 19.860477 -2.397922 0.880534
v 17.858658 -0.885024 2.412728
v 17.858658 -0.920238 2.346847
v 17.876501 -0.869691 2.362180
v 17.858658 -0.916276 2.387080
v 17.868959 -0.907727 2.382511
v 17.871275 -0.905433 2.351338
v 17.871275 -0.880533 2.397923
v 17.687141 -0.885024 2.412728
v 17.660006 -0.871933 2.369572
v 17.679316 -0.920238 2.346847
v 17.671499 -0.881654 2.401619
v 17.673220 -0.908201 2.384073
v 17.665964 -0.906555 2.355034
v 17.685150 -0.915811 2.385550
v 20.044615 -0.885024 2.412728
v 20.052439 -0.920238 2.346847
v 20.071749 -0.871933 2.369572
v 20.046602 -0.915811 2.385550
v 20.058533 -0.908201 2.384073
v 20.065788 -0.906554 2.355034
v 20.060253 -0.881654 2.401619
v 19.873095 -0.885024 2.412728
v 19.855253 -0.869691 2.362181
v 19.873095 -0.920238 2.346847
v 19.860477 -0.880533 2.397923
v 19.862795 -0.907727 2.382512
v 19.860477 -0.905433 2.351339
v 19.873095 -0.916276 2.387081
v 17.687141 -0.604568 2.497803
v 17.679316 -0.538687 2.462589
v 17.660006 -0.591477 2.454647
v 17.685150 -0.563870 2.492310
v 17.673220 -0.569377 2.486854
v 17.665964 -0.554613 2.461793
v 17.671499 -0.601198 2.486694
v 20.044615 -0.604568 2.497803
v 20.071749 -0.591477 2.454647
v 20.052439 -0.538687 2.462589
v 20.060253 -0.601198 2.486694
v 20.058533 -0.569377 2.486854
v 20.065788 -0.554613 2.461794
v 20.046602 -0.563870 2.492310
v 17.687138 0.604570 2.497802
v 17.660006 0.591478 2.454646
v 17.679316 0.538689 2.462589
v 17.671499 0.601200 2.486693
v 17.673220 0.569379 2.486854
v 17.665964 0.554615 2.461793
v 17.685150 0.563872 2.492309
v 17.858658 0.885026 2.412727
v 17.876501 0.869692 2.362180
v 17.858658 0.920240 2.346846
v 17.871275 0.880535 2.397922
v 17.868959 0.907729 2.382511
v 17.871275 0.905435 2.351337
v 17.858658 0.916277 2.387080
v 17.687138 0.885026 2.412727
v 17.679316 0.920240 2.346846
v 17.660006 0.871935 2.369571
v 17.685150 0.915813 2.385549
v 17.673220 0.908203 2.384073
v 17.665964 0.906556 2.355033
v 17.671499 0.881656 2.401618
v 19.873095 0.917919 2.339194
v 19.855253 0.869693 2.362180
v 19.873095 0.885026 2.412728
v 19.860477 0.904274 2.347511
v 19.862795 0.907238 2.380893
v 19.860477 0.881016 2.399508
v 19.873095 0.915117 2.383254
v 17.858658 2.412729 0.885023
v 17.858658 2.339195 0.917916
v 17.876501 2.362181 0.869689
v 17.858658 2.383255 0.915114
v 17.868959 2.380895 0.907235
v 17.871275 2.347513 0.904271
v 17.871275 2.399509 0.881012
v 19.873095 2.339195 0.917916
v 19.873095 2.412729 0.885023
v 19.855253 2.362181 0.869690
v 19.873095 2.383255 0.915114
v 19.862795 2.380895 0.907236
v 19.860477 2.399509 0.881013
v 19.860477 2.347513 0.904271
v 17.858658 2.412727 -0.885027
v 17.876501 2.362180 -0.869694
v 17.858658 2.339193 -0.917920
v 17.871275 2.399507 -0.881017
v 17.868959 2.380893 -0.907239
v 17.871275 2.347511 -0.904275
v 17.858658 2.383254 -0.915118
v 19.873095 2.412727 -0.885027
v 19.873095 2.339193 -0.917919
v 19.855253 2.362180 -0.869693
v 19.873095 2.383253 -0.915117
v 19.862795 2.380893 -0.907239
v 19.860477 2.347511 -0.904275
v 19.860477 2.399507 -0.881016
v 17.876501 0.869688 -2.362181
v 17.858658 0.885021 -2.412729
v 17.858658 0.917914 -2.339195
v 17.871275 0.881011 -2.399508
v 17.868959 0.907234 -2.380895
v 17.858658 0.915112 -2.383255
v 17.871275 0.904270 -2.347512
v 19.873095 0.885021 -2.412728
v 19.855253 0.869688 -2.362180
v 19.873095 0.917914 -2.339194
v 19.860477 0.881011 -2.399508
v 19.862795 0.907234 -2.380894
v 19.860477 0.904270 -2.347512
v 19.873095 0.915112 -2.383255
v 17.569445 -0.458909 -2.017628
v 17.551678 -0.398511 -1.994330
v 17.559387 -0.415493 -2.001369
v 20.180077 -0.392639 -1.995258
v 20.162308 -0.458909 -2.017627
v 20.172365 -0.413772 -2.001640
v 17.569445 -0.739365 -1.932553
v 17.550129 -0.778352 -1.879107
v 17.558933 -0.766933 -1.894761
v 17.880545 -0.744453 -1.944588
v 17.875811 -0.778352 -1.879107
v 17.877483 -0.768423 -1.898286
v 19.855253 -0.745100 -1.951459
v 19.855253 -0.778351 -1.879106
v 19.855253 -0.761726 -1.915282
v 20.162308 -0.739365 -1.932552
v 20.181623 -0.778351 -1.879106
v 20.172819 -0.766933 -1.894760
v 17.567017 -1.937596 -0.740895
v 17.554001 -1.879107 -0.778351
v 17.559355 -1.896238 -0.767381
v 17.876501 -1.951460 -0.745100
v 17.876501 -1.879107 -0.778351
v 17.876501 -1.915283 -0.761726
v 19.851210 -1.944589 -0.744452
v 19.855944 -1.879107 -0.778351
v 19.854269 -1.898286 -0.768422
v 20.164738 -1.937596 -0.740894
v 20.177752 -1.854713 -0.770951
v 20.172400 -1.889092 -0.765212
v 17.553997 -1.995190 -0.393339
v 17.567017 -2.022672 -0.460439
v 17.559353 -2.003098 -0.414426
v 20.164738 -2.022671 -0.460438
v 20.177755 -1.994406 -0.398258
v 20.172400 -2.002868 -0.415866
v 17.567017 -2.022672 0.460439
v 17.553997 -1.994407 0.398258
v 17.559353 -2.002869 0.415867
v 20.177755 -1.995190 0.393340
v 20.164738 -2.022671 0.460440
v 20.172400 -2.003098 0.414426
v 17.554001 -1.879107 0.778351
v 17.567017 -1.937596 0.740895
v 17.559355 -1.896238 0.767381
v 17.880545 -1.944589 0.744452
v 17.875811 -1.879107 0.778351
v 17.877483 -1.898286 0.768422
v 19.855253 -1.951460 0.745101
v 19.855253 -1.879107 0.778352
v 19.855253 -1.915283 0.761726
v 20.164738 -1.937596 0.740895
v 20.177752 -1.879107 0.778352
v 20.172400 -1.896237 0.767381
v 17.567017 -0.740895 1.937596
v 17.554001 -0.778351 1.879107
v 17.559355 -0.767381 1.896237
v 17.876501 -0.745100 1.951460
v 17.876501 -0.778351 1.879107
v 17.876501 -0.761726 1.915283
v 19.851210 -0.744452 1.944589
v 19.855944 -0.778351 1.879107
v 19.854269 -0.768422 1.898287
v 20.164738 -0.740895 1.937597
v 20.177752 -0.778351 1.879107
v 20.172400 -0.767380 1.896239
v 17.553997 -0.393339 1.995190
v 17.567017 -0.460439 2.022672
v 17.559353 -0.414426 2.003098
v 20.164738 -0.460438 2.022672
v 20.177755 -0.398258 1.994408
v 20.172400 -0.415866 2.002869
v 17.567017 0.460440 2.022671
v 17.553997 0.398259 1.994406
v 17.559353 0.415867 2.002868
v 20.180077 0.392640 1.995259
v 20.162308 0.458910 2.017629
v 20.172365 0.413774 2.001642
v 17.554001 0.778353 1.879106
v 17.567017 0.740896 1.937596
v 17.559355 0.767382 1.896237
v 17.880545 0.744454 1.944588
v 17.875811 0.778353 1.879107
v 17.877483 0.768424 1.898286
v 19.855253 0.745102 1.951460
v 19.855253 0.778353 1.879107
v 19.855253 0.761727 1.915283
v 20.162308 0.739367 1.932554
v 20.181623 0.778353 1.879107
v 20.172819 0.766934 1.894761
v 17.569445 1.932555 0.739364
v 17.550129 1.879108 0.778350
v 17.558933 1.894762 0.766931
v 17.876501 1.951461 0.745099
v 17.876501 1.879108 0.778350
v 17.876501 1.915285 0.761725
v 19.851210 1.944590 0.744451
v 19.855944 1.879108 0.778351
v 19.854269 1.898287 0.768422
v 20.162308 1.932555 0.739364
v 20.181623 1.879108 0.778351
v 20.172819 1.894762 0.766932
v 17.569445 2.017630 0.458908
v 17.551678 1.995260 0.392637
v 17.559387 2.001642 0.413771
v 20.162308 2.017630 0.458908
v 20.180077 1.994331 0.398510
v 20.172365 2.001370 0.415491
v 17.569445 2.017628 -0.458911
v 17.551678 1.994330 -0.398513
v 17.559387 2.001369 -0.415494
v 20.180077 1.995259 -0.392640
v 20.162308 2.017629 -0.458911
v 20.172365 2.001642 -0.413774
v 17.569445 1.932553 -0.739367
v 17.551651 1.876280 -0.793737
v 17.558931 1.887347 -0.764686
v 17.880545 1.944588 -0.744455
v 17.875811 1.879106 -0.778353
v 17.877483 1.898286 -0.768425
v 19.855253 1.951459 -0.745102
v 19.855253 1.879106 -0.778353
v 19.855253 1.915283 -0.761727
v 20.162308 1.932553 -0.739367
v 20.181623 1.879107 -0.778353
v 20.172819 1.894761 -0.766934
v 17.569445 0.739363 -1.932554
v 17.550129 0.778349 -1.879108
v 17.558933 0.766930 -1.894762
v 17.876501 0.745098 -1.951461
v 17.876501 0.778349 -1.879108
v 17.876501 0.761724 -1.915284
v 19.851210 0.744450 -1.944589
v 19.855944 0.778349 -1.879107
v 19.854269 0.768420 -1.898286
v 20.162308 0.739363 -1.932553
v 20.181623 0.778349 -1.879107
v 20.172819 0.766930 -1.894761
v 17.569445 0.458906 -2.017629
v 17.551678 0.392636 -1.995259
v 17.559387 0.413770 -2.001642
v 20.162308 0.458907 -2.017628
v 20.180077 0.398508 -1.994330
v 20.172365 0.415490 -2.001369
v 17.734957 0.885021 -2.412729
v 17.705391 0.873460 -2.374615
v 17.717113 0.917821 -2.338889
v 17.720173 0.882916 -2.405789
v 17.718405 0.908011 -2.383458
v 17.707556 0.906109 -2.353576
v 17.728462 0.914284 -2.380526
v 17.734957 2.412727 -0.885027
v 17.717113 2.338887 -0.917827
v 17.705391 2.374614 -0.873466
v 17.728462 2.380525 -0.914290
v 17.718405 2.383456 -0.908017
v 17.707556 2.353575 -0.906115
v 17.720173 2.405787 -0.882922
v 17.734957 2.412729 0.885023
v 17.705391 2.374616 0.873461
v 17.717113 2.338889 0.917823
v 17.720173 2.405789 0.882917
v 17.718405 2.383458 0.908012
v 17.707556 2.353577 0.906111
v 17.728462 2.380526 0.914286
v 17.734957 -2.412728 0.885024
v 17.717113 -2.346847 0.920239
v 17.699268 -2.412728 0.885024
v 17.726034 -2.387081 0.916276
v 17.717113 -2.394959 0.911112
v 17.708191 -2.387081 0.916276
v 17.717113 -2.412728 0.885024
v 17.717113 -0.917825 -2.338887
v 17.705391 -0.873463 -2.374614
v 17.734957 -0.885025 -2.412727
v 17.707556 -0.906113 -2.353575
v 17.718407 -0.908015 -2.383457
v 17.720173 -0.882920 -2.405788
v 17.728462 -0.914288 -2.380525
v 17.734957 -2.412728 -0.885024
v 17.699268 -2.412728 -0.885024
v 17.717113 -2.346847 -0.920238
v 17.717113 -2.412728 -0.885024
v 17.717113 -2.394959 -0.911112
v 17.708191 -2.387081 -0.916276
v 17.726034 -2.387081 -0.916276
v 17.734957 -0.885024 2.412728
v 17.699268 -0.885024 2.412728
v 17.717113 -0.920238 2.346847
v 17.717113 -0.885024 2.412728
v 17.717113 -0.911112 2.394959
v 17.708191 -0.916276 2.387080
v 17.726034 -0.916276 2.387080
v 17.734957 0.885026 2.412727
v 17.717113 0.920240 2.346846
v 17.699268 0.885026 2.412727
v 17.726034 0.916277 2.387079
v 17.717113 0.911113 2.394958
v 17.708191 0.916277 2.387079
v 17.717113 0.885026 2.412727
v 20.026363 0.873460 -2.374615
v 19.996799 0.885021 -2.412728
v 20.014641 0.917821 -2.338888
v 20.011581 0.882916 -2.405789
v 20.013348 0.908011 -2.383457
v 20.003292 0.914285 -2.380526
v 20.024197 0.906109 -2.353576
v 20.026363 0.873465 2.374615
v 20.014641 0.917826 2.338888
v 19.996799 0.885026 2.412728
v 20.024197 0.906114 2.353576
v 20.013346 0.908016 2.383457
v 20.003292 0.914289 2.380526
v 20.011581 0.882921 2.405788
v 20.032482 -0.885024 2.412728
v 19.996799 -0.885024 2.412728
v 20.014641 -0.920238 2.346847
v 20.014641 -0.885024 2.412728
v 20.014641 -0.911111 2.394960
v 20.005720 -0.916275 2.387081
v 20.023563 -0.916275 2.387081
v 20.014641 -0.917824 -2.338887
v 19.996799 -0.885024 -2.412727
v 20.026363 -0.873463 -2.374614
v 20.003292 -0.914288 -2.380525
v 20.013348 -0.908014 -2.383456
v 20.011581 -0.882919 -2.405788
v 20.024197 -0.906112 -2.353575
v 20.032482 -2.412728 -0.885024
v 19.996799 -2.412728 -0.885024
v 20.014641 -2.346847 -0.920238
v 20.014641 -2.412728 -0.885024
v 20.014641 -2.394959 -0.911111
v 20.005720 -2.387080 -0.916275
v 20.023563 -2.387080 -0.916275
v 20.014641 -2.346847 0.920239
v 19.996799 -2.412728 0.885025
v 20.032482 -2.412728 0.885025
v 20.005720 -2.387080 0.916276
v 20.014641 -2.394959 0.911113
v 20.014641 -2.412728 0.885025
v 20.023563 -2.387080 0.916276
v 20.026363 2.374616 0.873462
v 19.996799 2.412729 0.885023
v 20.014641 2.338889 0.917823
v 20.011581 2.405790 0.882918
v 20.013348 2.383458 0.908013
v 20.003292 2.380527 0.914286
v 20.024197 2.353577 0.906111
v 20.026363 2.374614 -0.873465
v 20.014641 2.338887 -0.917826
v 19.996799 2.412727 -0.885026
v 20.024197 2.353575 -0.906114
v 20.013346 2.383456 -0.908016
v 20.003292 2.380525 -0.914289
v 20.011581 2.405788 -0.882921
v 17.723276 2.456367 0.536597
v 17.705391 2.459691 0.593005
v 17.734957 2.497804 0.604567
v 17.710640 2.461205 0.554332
v 17.719709 2.486606 0.569258
v 17.718897 2.490505 0.602394
v 17.731543 2.488154 0.562507
v 17.858658 2.497804 0.604567
v 17.876501 2.446985 0.590128
v 17.861818 2.456070 0.536708
v 17.870621 2.484214 0.600933
v 17.869627 2.483858 0.568673
v 17.872854 2.454703 0.552949
v 17.860237 2.490638 0.563159
v 17.734957 2.497803 -0.604571
v 17.705391 2.459690 -0.593009
v 17.724344 2.459886 -0.537502
v 17.718678 2.489775 -0.602212
v 17.719936 2.487349 -0.569453
v 17.711172 2.462964 -0.554787
v 17.732077 2.489914 -0.562962
v 17.862747 2.459683 -0.537808
v 17.879450 2.447706 -0.590254
v 17.858658 2.497803 -0.604571
v 17.874794 2.456870 -0.553562
v 17.870445 2.484773 -0.568935
v 17.871902 2.483825 -0.600771
v 17.860090 2.492294 -0.563686
v 17.734957 -2.497803 0.604568
v 17.699268 -2.497803 0.604569
v 17.717113 -2.486639 0.504980
v 17.717113 -2.497803 0.604568
v 17.717113 -2.502197 0.567131
v 17.708075 -2.500885 0.554472
v 17.726154 -2.500885 0.554472
v 17.879450 -2.447706 0.590251
v 17.858658 -2.497803 0.604568
v 17.862747 -2.459684 0.537806
v 17.871902 -2.483825 0.600768
v 17.870445 -2.484774 0.568933
v 17.860090 -2.492295 0.563684
v 17.874794 -2.456871 0.553560
v 17.717113 -2.484912 -0.501785
v 17.699268 -2.497803 -0.604568
v 17.734957 -2.497803 -0.604568
v 17.707933 -2.500379 -0.553547
v 17.717113 -2.501906 -0.566593
v 17.717113 -2.497803 -0.604568
v 17.726292 -2.500379 -0.553547
v 17.858658 -2.497803 -0.604568
v 17.876501 -2.446984 -0.590130
v 17.861818 -2.456069 -0.536709
v 17.870621 -2.484213 -0.600935
v 17.869627 -2.483856 -0.568675
v 17.872854 -2.454702 -0.552951
v 17.860237 -2.490636 -0.563160
v 17.734957 -0.604568 -2.497802
v 17.705391 -0.593007 -2.459690
v 17.724344 -0.537499 -2.459886
v 17.718678 -0.602209 -2.489774
v 17.719936 -0.569450 -2.487348
v 17.711172 -0.554785 -2.462964
v 17.732077 -0.562960 -2.489913
v 17.862747 -0.537806 -2.459683
v 17.879450 -0.590251 -2.447706
v 17.858658 -0.604568 -2.497802
v 17.874794 -0.553560 -2.456870
v 17.870445 -0.568933 -2.484772
v 17.871902 -0.600768 -2.483824
v 17.860090 -0.563684 -2.492293
v 19.852304 -2.447706 -0.590251
v 19.873095 -2.497803 -0.604568
v 19.869005 -2.459683 -0.537805
v 19.859850 -2.483825 -0.600767
v 19.861309 -2.484773 -0.568932
v 19.871662 -2.492294 -0.563683
v 19.856960 -2.456870 -0.553559
v 17.876501 -0.590130 2.446984
v 17.861818 -0.536709 2.456069
v 17.858658 -0.604568 2.497803
v 17.872854 -0.552951 2.454702
v 17.869627 -0.568675 2.483857
v 17.860237 -0.563160 2.490637
v 17.870621 -0.600934 2.484213
v 19.855253 -0.590130 -2.446983
v 19.869934 -0.536709 -2.456068
v 19.873095 -0.604568 -2.497802
v 19.858898 -0.552951 -2.454701
v 19.862125 -0.568675 -2.483855
v 19.871515 -0.563160 -2.490635
v 19.861132 -0.600935 -2.484211
v 19.852304 0.590248 -2.447706
v 19.873095 0.604565 -2.497803
v 19.869005 0.537803 -2.459683
v 19.859850 0.600765 -2.483825
v 19.861309 0.568929 -2.484773
v 19.871662 0.563680 -2.492295
v 19.856960 0.553556 -2.456870
v 17.876501 0.590127 -2.446984
v 17.861818 0.536706 -2.456069
v 17.858658 0.604565 -2.497804
v 17.872854 0.552948 -2.454702
v 17.869627 0.568672 -2.483857
v 17.860237 0.563157 -2.490637
v 17.870621 0.600931 -2.484213
v 19.855253 0.590132 2.446984
v 19.869934 0.536711 2.456069
v 19.873095 0.604570 2.497803
v 19.858898 0.552953 2.454702
v 19.862125 0.568677 2.483857
v 19.871515 0.563162 2.490637
v 19.861132 0.600936 2.484213
v 17.879450 0.590253 2.447706
v 17.858658 0.604570 2.497802
v 17.862747 0.537807 2.459683
v 17.871902 0.600769 2.483825
v 17.870445 0.568934 2.484773
v 17.860090 0.563685 2.492294
v 17.874794 0.553561 2.456870
v 19.855253 2.446984 -0.590132
v 19.869934 2.456069 -0.536711
v 19.873095 2.497803 -0.604570
v 19.858898 2.454702 -0.552953
v 19.862125 2.483856 -0.568677
v 19.871515 2.490637 -0.563162
v 19.861132 2.484212 -0.600937
v 17.723276 0.536595 -2.456366
v 17.705391 0.593003 -2.459691
v 17.734957 0.604565 -2.497804
v 17.710640 0.554331 -2.461204
v 17.719709 0.569256 -2.486605
v 17.718897 0.602392 -2.490505
v 17.731543 0.562506 -2.488154
v 19.855253 -2.446984 0.590131
v 19.869934 -2.456069 0.536710
v 19.873095 -2.497803 0.604569
v 19.858898 -2.454702 0.552952
v 19.862125 -2.483857 0.568676
v 19.871515 -2.490636 0.563161
v 19.861132 -2.484213 0.600935
v 19.852304 2.447707 0.590250
v 19.873095 2.497804 0.604567
v 19.869005 2.459684 0.537805
v 19.859850 2.483826 0.600767
v 19.861309 2.484774 0.568931
v 19.871662 2.492296 0.563682
v 19.856960 2.456872 0.553558
v 19.852304 -0.590251 2.447706
v 19.873095 -0.604568 2.497803
v 19.869005 -0.537805 2.459684
v 19.859850 -0.600767 2.483825
v 19.861309 -0.568932 2.484773
v 19.871662 -0.563683 2.492295
v 19.856960 -0.553559 2.456871
v 17.717113 -0.501784 2.484912
v 17.699268 -0.604568 2.497803
v 17.734957 -0.604568 2.497803
v 17.707933 -0.553547 2.500380
v 17.717113 -0.566592 2.501906
v 17.717113 -0.604568 2.497803
v 17.726292 -0.553547 2.500380
v 17.734957 0.604570 2.497802
v 17.699268 0.604570 2.497802
v 17.717113 0.504981 2.486638
v 17.717113 0.604570 2.497802
v 17.717113 0.567132 2.502196
v 17.708075 0.554473 2.500884
v 17.726154 0.554473 2.500884
v 20.007410 2.459887 0.537498
v 19.996799 2.497804 0.604567
v 20.026363 2.459691 0.593006
v 19.999676 2.489915 0.562958
v 20.011820 2.487350 0.569449
v 20.013075 2.489776 0.602208
v 20.020580 2.462965 0.554783
v 20.026363 0.593009 2.459690
v 19.996799 0.604570 2.497803
v 20.008476 0.536601 2.456366
v 20.012856 0.602397 2.490504
v 20.012047 0.569261 2.486604
v 20.000210 0.562511 2.488153
v 20.021114 0.554336 2.461204
v 20.014641 -0.504979 2.486639
v 19.996799 -0.604568 2.497803
v 20.032482 -0.604568 2.497803
v 20.005600 -0.554471 2.500885
v 20.014641 -0.567130 2.502197
v 20.014641 -0.604568 2.497803
v 20.023680 -0.554471 2.500885
v 20.032482 -2.497803 0.604569
v 19.996799 -2.497803 0.604569
v 20.014641 -2.484912 0.501786
v 20.014641 -2.497803 0.604569
v 20.014641 -2.501906 0.566594
v 20.005461 -2.500379 0.553548
v 20.023819 -2.500379 0.553548
v 20.007410 0.537496 -2.459887
v 19.996799 0.604565 -2.497803
v 20.026363 0.593004 -2.459690
v 19.999676 0.562956 -2.489914
v 20.011820 0.569447 -2.487349
v 20.013075 0.602206 -2.489776
v 20.020580 0.554781 -2.462964
v 20.026363 -0.593007 -2.459689
v 19.996799 -0.604568 -2.497802
v 20.008476 -0.536599 -2.456365
v 20.012856 -0.602396 -2.490503
v 20.012047 -0.569260 -2.486603
v 20.000210 -0.562509 -2.488153
v 20.021114 -0.554334 -2.461203
v 20.014641 -2.486639 -0.504979
v 19.996799 -2.497803 -0.604568
v 20.032482 -2.497803 -0.604568
v 20.005600 -2.500885 -0.554471
v 20.014641 -2.502197 -0.567130
v 20.014641 -2.497803 -0.604568
v 20.023682 -2.500885 -0.554471
v 20.026363 2.459690 -0.593009
v 19.996799 2.497803 -0.604570
v 20.008476 2.456366 -0.536601
v 20.012856 2.490504 -0.602398
v 20.012047 2.486604 -0.569262
v 20.000210 2.488154 -0.562511
v 20.021114 2.461204 -0.554336
v 19.831591 -2.027491 -0.468678
v 19.824280 -1.988882 -0.414434
v 19.826551 -2.001618 -0.426459
v 17.900162 2.027492 -0.468680
v 17.907473 1.988882 -0.414437
v 17.905201 2.001619 -0.426462
v 17.876501 -2.067212 -0.482171
v 17.878038 -2.037539 -0.415503
v 17.876951 -2.046175 -0.436388
v 17.876501 -0.482171 2.067212
v 17.878038 -0.415502 2.037539
v 17.876951 -0.436388 2.046174
v 19.855253 -0.482171 -2.067212
v 19.853716 -0.415503 -2.037539
v 19.854801 -0.436388 -2.046174
v 19.831591 0.468676 -2.027492
v 19.824280 0.414432 -1.988882
v 19.826551 0.426457 -2.001618
v 17.876501 2.067213 0.482169
v 17.878038 2.037540 0.415501
v 17.876951 2.046175 0.436386
v 17.900162 -0.468678 -2.027491
v 17.907473 -0.414435 -1.988882
v 17.905201 -0.426460 -2.001618
v 17.876501 0.482168 -2.067213
v 17.878038 0.415500 -2.037540
v 17.876951 0.436385 -2.046175
v 19.855253 0.482172 2.067213
v 19.853716 0.415504 2.037540
v 19.854801 0.436389 2.046175
v 17.900162 0.468679 2.027492
v 17.907473 0.414436 1.988882
v 17.905201 0.426461 2.001618
v 19.855253 2.067213 -0.482172
v 19.853716 2.037539 -0.415504
v 19.854801 2.046175 -0.436389
v 17.900162 -2.027492 0.468678
v 17.907473 -1.988883 0.414435
v 17.905201 -2.001618 0.426460
v 19.855253 -2.067213 0.482171
v 19.853716 -2.037539 0.415503
v 19.854801 -2.046174 0.436388
v 19.831591 2.027492 0.468677
v 19.824280 1.988883 0.414434
v 19.826551 2.001619 0.426459
v 19.831591 -0.468678 2.027492
v 19.824280 -0.414435 1.988883
v 19.826551 -0.426459 2.001619
v 19.855253 1.152420 -1.718484
v 19.821899 1.291382 -1.732171
v 19.821899 1.446949 -1.604501
v 19.855253 1.460635 -1.465539
v 17.876501 1.460635 -1.465540
v 17.909855 1.446949 -1.604501
v 17.909855 1.291382 -1.732171
v 17.876501 1.152420 -1.718485
v 19.855253 1.718485 1.152421
v 19.821899 1.732171 1.291383
v 19.821899 1.604501 1.446949
v 19.855253 1.465540 1.460636
v 17.876501 1.465539 1.460636
v 17.909855 1.604501 1.446949
v 17.909855 1.732171 1.291383
v 17.876501 1.718485 1.152421
v 19.855253 -1.152422 1.718484
v 19.821899 -1.291384 1.732170
v 19.821899 -1.446950 1.604500
v 19.855253 -1.460637 1.465538
v 17.876501 -1.460637 1.465538
v 17.909855 -1.446950 1.604500
v 17.909855 -1.291384 1.732170
v 17.876501 -1.152422 1.718484
v 19.855253 -1.718483 -1.152421
v 19.821899 -1.732170 -1.291383
v 19.821899 -1.604500 -1.446949
v 19.855253 -1.465538 -1.460636
v 17.876501 -1.465538 -1.460636
v 17.909855 -1.604500 -1.446950
v 17.909855 -1.732170 -1.291383
v 17.876501 -1.718483 -1.152422
v 19.821899 -1.106125 -1.855955
v 19.855253 -1.146659 -1.722333
v 17.876501 -1.146659 -1.722334
v 17.909683 -1.106125 -1.855955
v 19.821899 -1.855956 1.106125
v 19.855253 -1.722334 1.146659
v 17.876501 -1.722334 1.146659
v 17.909683 -1.855956 1.106125
v 19.821899 1.106127 1.855955
v 19.855253 1.146660 1.722334
v 17.876501 1.146660 1.722333
v 17.909683 1.106126 1.855955
v 19.821899 1.855955 -1.106127
v 19.855253 1.722333 -1.146660
v 17.876501 1.722333 -1.146661
v 17.909683 1.855955 -1.106127
v 17.940393 -0.104905 -2.157183
v 17.907108 -0.001775 -2.069161
v 19.824545 -0.001775 -2.069161
v 19.797258 -0.105479 -2.168710
v 19.824545 -2.069161 0.001775
v 19.797258 -2.168711 0.105480
v 17.940393 -2.157184 0.104905
v 17.907108 -2.069161 0.001775
v 19.824545 0.001776 2.069162
v 19.797258 0.105480 2.168711
v 17.940393 0.104906 2.157184
v 17.907108 0.001776 2.069162
v 19.824545 2.069162 -0.001776
v 19.797258 2.168712 -0.105481
v 17.940393 2.157184 -0.104907
v 17.907108 2.069162 -0.001777
v 19.824326 -2.021977 -0.426631
v 19.798319 -2.087032 -0.555403
v 19.813545 -2.033443 -0.730190
v 19.855989 -1.912202 -0.790547
v 17.876547 -1.912202 -0.790548
v 17.910419 -2.044437 -0.734233
v 17.911186 -2.123018 -0.552336
v 17.878084 -2.070635 -0.427699
v 17.876547 -0.790548 1.912202
v 17.910419 -0.734233 2.044437
v 17.911186 -0.552336 2.123018
v 17.878084 -0.427699 2.070635
v 19.824326 -0.426631 2.021978
v 19.798319 -0.555404 2.087032
v 19.813543 -0.730190 2.033443
v 19.855989 -0.790547 1.912203
v 19.824326 0.426629 -2.021977
v 19.798319 0.555401 -2.087032
v 19.813545 0.730188 -2.033443
v 19.855989 0.790546 -1.912203
v 17.876547 0.790545 -1.912203
v 17.910419 0.734230 -2.044438
v 17.911186 0.552333 -2.123019
v 17.878086 0.427696 -2.070635
v 17.876547 1.912203 0.790547
v 17.910419 2.044438 0.734232
v 17.911186 2.123019 0.552335
v 17.878086 2.070636 0.427698
v 19.824326 2.021978 0.426630
v 19.798319 2.087033 0.555403
v 19.813543 2.033443 0.730189
v 19.855989 1.912203 0.790547
v 17.875811 -0.795019 -1.910289
v 17.909336 -0.928641 -1.950823
v 19.855253 -0.795019 -1.910289
v 19.821899 -0.928640 -1.950822
v 17.907423 -0.416210 -2.024113
v 17.940557 -0.323042 -2.134308
v 19.812538 -0.323493 -2.169752
v 19.853664 -0.417277 -2.072769
v 17.875811 -1.910290 0.795019
v 17.909336 -1.950823 0.928640
v 19.855253 -1.910290 0.795019
v 19.821899 -1.950823 0.928641
v 17.907423 -2.024113 0.416210
v 17.940557 -2.134309 0.323042
v 19.812538 -2.169753 0.323494
v 19.853664 -2.072770 0.417278
v 17.875811 0.795020 1.910289
v 17.909336 0.928642 1.950823
v 19.855253 0.795020 1.910290
v 19.821899 0.928642 1.950823
v 17.907423 0.416211 2.024113
v 17.940557 0.323043 2.134308
v 19.812538 0.323494 2.169754
v 19.853664 0.417279 2.072771
v 17.875811 1.910289 -0.795021
v 17.909336 1.950823 -0.928643
v 19.855253 1.910289 -0.795021
v 19.821899 1.950823 -0.928642
v 17.907423 2.024113 -0.416212
v 17.940557 2.134309 -0.323044
v 19.812538 2.169753 -0.323495
v 19.853664 2.072771 -0.417279
vn 0.7298 -0.0000 -0.6836
vn 0.6857 -0.0000 -0.7279
vn 0.6857 -0.1420 -0.7139
vn 0.7298 -0.1334 -0.6705
vn 0.4163 0.8918 -0.1774
vn 0.4163 0.8400 -0.3479
vn 0.3331 0.8711 -0.3608
vn 0.3331 0.9248 -0.1840
vn 0.7298 0.1334 -0.6705
vn 0.6857 0.1420 -0.7139
vn 0.6857 -0.2785 -0.6725
vn 0.7298 -0.2616 -0.6316
vn 0.6857 -0.4044 -0.6052
vn 0.7298 -0.3798 -0.5684
vn 0.6857 -0.5147 -0.5147
vn 0.7298 -0.4834 -0.4834
vn 0.6857 -0.6052 -0.4044
vn 0.7298 -0.5684 -0.3798
vn -0.7298 -0.3798 -0.5684
vn -0.7298 -0.4834 -0.4834
vn -0.7298 -0.5684 -0.3798
vn -0.7298 -0.2616 -0.6316
vn -0.6857 -0.4044 -0.6052
vn -0.6857 -0.5147 -0.5147
vn -0.6857 -0.2785 -0.6725
vn -0.6857 -0.1420 -0.7139
vn -0.7298 -0.1334 -0.6705
vn -0.6857 -0.0000 -0.7279
vn -0.7298 -0.0000 -0.6836
vn -0.7298 0.1334 -0.6705
vn -0.6857 0.1420 -0.7139
vn -0.6857 -0.6052 -0.4044
vn -0.7298 -0.6316 -0.2616
vn 0.7298 -0.6316 -0.2616
vn 0.6857 -0.6725 -0.2785
vn -0.7298 -0.6705 -0.1334
vn 0.7298 -0.6705 -0.1334
vn 0.6857 -0.7139 -0.1420
vn -0.6857 -0.6725 -0.2785
vn -0.6857 -0.7139 -0.1420
vn -0.7298 -0.6836 -0.0000
vn 0.7298 -0.6836 -0.0000
vn -0.6857 -0.7279 -0.0000
vn -0.6857 -0.7139 0.1420
vn -0.7298 -0.6705 0.1334
vn 0.7298 -0.6705 0.1334
vn -0.7298 -0.6316 0.2616
vn 0.7298 -0.6316 0.2616
vn -0.6857 -0.6725 0.2785
vn 0.6857 -0.7139 0.1420
vn 0.6857 -0.6725 0.2785
vn 0.6857 -0.7279 -0.0000
vn -0.7298 0.2616 -0.6316
vn 0.7298 0.2616 -0.6316
vn -0.6857 0.2785 -0.6725
vn -0.7298 0.3798 -0.5684
vn 0.7298 0.3798 -0.5684
vn -0.6857 0.4044 -0.6052
vn 0.6857 0.2785 -0.6725
vn 0.6857 0.4044 -0.6052
vn -0.7298 0.4834 -0.4834
vn 0.7298 0.4834 -0.4834
vn 0.6857 0.5147 -0.5147
vn -0.6857 0.5147 -0.5147
vn -0.7298 0.5684 -0.3798
vn 0.7298 0.5684 -0.3798
vn 0.6857 0.6052 -0.4044
vn -0.7298 0.6316 -0.2616
vn 0.7298 0.6316 -0.2616
vn 0.6857 0.6725 -0.2785
vn -0.6857 0.6052 -0.4044
vn -0.6857 0.6725 -0.2785
vn -0.7298 0.6705 -0.1334
vn 0.7298 0.6705 -0.1334
vn -0.6857 0.7139 -0.1420
vn 0.6857 0.7139 -0.1420
vn -0.7298 0.6836 -0.0000
vn 0.7298 0.6836 -0.0000
vn -0.6857 0.7279 -0.0000
vn 0.6857 0.7279 -0.0000
vn 0.7298 0.6705 0.1334
vn 0.6857 0.7139 0.1420
vn 0.7298 0.6316 0.2616
vn 0.6857 0.6725 0.2785
vn -0.7298 0.6316 0.2616
vn -0.7298 0.6705 0.1334
vn -0.6857 0.7139 0.1420
vn -0.6857 0.6725 0.2785
vn 0.6857 0.6052 0.4044
vn 0.7298 0.5684 0.3798
vn -0.7298 0.5684 0.3798
vn -0.6857 0.6052 0.4044
vn -0.7298 0.4834 0.4834
vn 0.7298 0.4834 0.4834
vn 0.6857 0.5147 0.5147
vn -0.7298 0.3798 0.5684
vn 0.7298 0.3798 0.5684
vn 0.6857 0.4044 0.6052
vn -0.6857 0.5147 0.5147
vn -0.6857 0.4044 0.6052
vn -0.7298 0.2616 0.6316
vn 0.7298 0.2616 0.6316
vn -0.6857 0.2785 0.6725
vn -0.7298 0.1334 0.6705
vn 0.7298 0.1334 0.6705
vn -0.6857 0.1420 0.7139
vn 0.6857 0.2785 0.6725
vn 0.6857 0.1420 0.7139
vn 0.6857 -0.0000 0.7279
vn 0.7298 -0.0000 0.6836
vn -0.6857 -0.0000 0.7279
vn 0.6857 -0.1420 0.7139
vn 0.7298 -0.1334 0.6705
vn -0.6857 -0.1420 0.7139
vn -0.7298 -0.1334 0.6705
vn -0.7298 -0.0000 0.6836
vn 0.6857 -0.2785 0.6725
vn 0.7298 -0.2616 0.6316
vn -0.7298 -0.2616 0.6316
vn -0.6857 -0.2785 0.6725
vn -0.7298 -0.3798 0.5684
vn 0.7298 -0.3798 0.5684
vn 0.6857 -0.4044 0.6052
vn 0.6857 -0.5147 0.5147
vn 0.7298 -0.4834 0.4834
vn -0.7298 -0.4834 0.4834
vn -0.6857 -0.4044 0.6052
vn -0.6857 -0.5147 0.5147
vn -0.6857 -0.6052 0.4044
vn -0.7298 -0.5684 0.3798
vn 0.7298 -0.5684 0.3798
vn 0.6857 -0.6052 0.4044
vn 0.4163 0.9092 -0.0000
vn 0.3331 0.9429 -0.0000
vn -0.4163 0.3479 -0.8400
vn -0.4163 0.5051 -0.7560
vn -0.0000 0.5556 -0.8315
vn -0.0000 0.3827 -0.9239
vn -0.4163 0.6429 -0.6429
vn -0.0000 0.7071 -0.7071
vn -0.4163 0.7560 -0.5051
vn -0.0000 0.8315 -0.5556
vn 0.4163 0.6429 -0.6429
vn 0.4163 0.5051 -0.7560
vn 0.3331 0.5238 -0.7840
vn 0.3331 0.6667 -0.6667
vn 0.4163 0.3479 -0.8400
vn 0.4163 0.1774 -0.8918
vn 0.3331 0.1840 -0.9248
vn 0.3331 0.3608 -0.8711
vn 0.4163 -0.9092 -0.0000
vn 0.4163 -0.8918 0.1774
vn 0.3331 -0.9248 0.1840
vn 0.3331 -0.9429 -0.0000
vn 0.9978 -0.0224 -0.0625
vn 0.9848 -0.1446 -0.0966
vn -0.7299 0.2616 -0.6316
vn -0.9978 0.0625 -0.0223
vn -0.9978 -0.0395 -0.0533
vn 0.4163 -0.8400 0.3479
vn 0.3331 -0.8711 0.3608
vn -0.2273 -0.8097 -0.5410
vn -0.2273 -0.6886 -0.6886
vn 0.2273 -0.6886 -0.6886
vn 0.2273 -0.8097 -0.5410
vn 0.9848 -0.1230 -0.1230
vn 0.3703 -0.5534 -0.7461
vn 0.3346 0.7569 -0.5614
vn -0.3346 0.7569 -0.5614
vn -0.3703 -0.5534 -0.7461
vn 0.4163 -0.6429 -0.6429
vn 0.4163 -0.7560 -0.5051
vn 0.3331 -0.7840 -0.5239
vn 0.3331 -0.6667 -0.6667
vn -0.9978 -0.0533 0.0395
vn -0.9978 -0.0223 -0.0625
vn -0.9986 0.0501 -0.0179
vn -0.9986 0.0317 0.0428
vn -0.9848 0.0966 -0.1446
vn 0.4163 -0.5051 -0.7560
vn 0.3331 -0.5238 -0.7840
vn 0.9978 -0.0395 -0.0533
vn 0.9978 0.0625 -0.0223
vn 0.4163 0.5051 0.7560
vn 0.4163 0.6429 0.6429
vn 0.3331 0.6667 0.6667
vn 0.3331 0.5238 0.7840
vn 0.4163 -0.3479 -0.8400
vn 0.3331 -0.3608 -0.8711
vn 0.4163 0.7560 0.5051
vn 0.4163 0.8400 0.3479
vn 0.3331 0.8711 0.3608
vn 0.3331 0.7840 0.5239
vn 0.4163 -0.1774 -0.8918
vn 0.3331 -0.1840 -0.9248
vn 0.9978 -0.0656 -0.0097
vn 0.9978 0.0284 -0.0600
vn 0.9978 0.0600 0.0284
vn 0.9978 0.0097 -0.0656
vn 0.9986 -0.0527 -0.0078
vn 0.9986 -0.0228 0.0481
vn -0.9978 0.0625 -0.0224
vn -0.9986 0.0179 0.0501
vn -0.9986 -0.0428 0.0317
vn -1.0000 -0.0000 -0.0000
vn -0.9342 0.3567 -0.0000
vn -0.9342 0.3498 -0.0696
vn -0.2273 -0.0000 -0.9738
vn -0.3346 -0.5614 -0.7569
vn 0.3346 -0.5614 -0.7569
vn 0.2273 -0.0000 -0.9738
vn -0.9978 0.0097 -0.0656
vn -0.9848 0.1230 -0.1230
vn 0.9088 0.0814 0.4093
vn 0.9088 -0.0000 0.4173
vn 0.6985 -0.0000 0.7156
vn 0.6985 0.1396 0.7018
vn 0.9848 -0.0339 -0.1706
vn -0.2273 -0.1900 -0.9551
vn 0.2273 -0.1900 -0.9551
vn -0.4163 -0.5051 0.7560
vn -0.4163 -0.6429 0.6429
vn -0.0000 -0.7071 0.7071
vn -0.0000 -0.5556 0.8315
vn -0.9342 -0.2966 0.1982
vn -0.9342 -0.2522 0.2522
vn -0.4163 0.8400 0.3479
vn -0.4163 0.7560 0.5051
vn -0.0000 0.8315 0.5556
vn -0.0000 0.9239 0.3827
vn -0.3346 -0.4029 0.8519
vn -0.2273 0.1900 0.9551
vn 0.2273 0.1900 0.9551
vn 0.3346 -0.4029 0.8519
vn -0.9342 -0.0696 0.3498
vn -0.9342 -0.0000 0.3567
vn -0.4163 -0.7560 0.5051
vn -0.0000 -0.8315 0.5556
vn 0.4368 -0.8823 0.1755
vn 0.4368 -0.8995 -0.0000
vn 0.3943 -0.9190 -0.0000
vn 0.3943 -0.9013 0.1793
vn 0.2273 0.9738 -0.0000
vn 0.2273 0.9551 -0.1900
vn -0.2273 0.9551 -0.1900
vn -0.2273 0.9738 -0.0000
vn -0.4163 -0.8400 0.3479
vn -0.0000 -0.9239 0.3827
vn -0.4163 0.6429 0.6429
vn -0.0000 0.7071 0.7071
vn -0.2273 0.6886 -0.6886
vn -0.3346 0.1383 -0.9322
vn 0.3346 0.1383 -0.9322
vn 0.2273 0.6886 -0.6886
vn -0.3346 0.8519 0.4029
vn 0.3346 0.8519 0.4029
vn 0.4163 -0.0000 -0.9092
vn 0.3331 -0.0000 -0.9429
vn -0.4163 -0.8918 0.1774
vn -0.0000 -0.9808 0.1951
vn -0.4163 0.5051 0.7560
vn -0.0000 0.5556 0.8315
vn 0.9986 -0.0078 0.0526
vn 0.9986 0.0481 0.0227
vn -0.3703 -0.8746 0.3129
vn -0.3346 0.3175 0.8873
vn 0.3346 0.3175 0.8873
vn 0.3702 -0.8746 0.3129
vn -0.4163 0.3479 0.8400
vn -0.0000 0.3827 0.9239
vn -0.2273 -0.0000 0.9738
vn 0.2273 -0.0000 0.9738
vn -0.9342 0.1982 0.2966
vn -0.9342 0.2522 0.2522
vn 0.4368 -0.1755 -0.8823
vn 0.4368 -0.0000 -0.8995
vn 0.3943 -0.0000 -0.9190
vn 0.3943 -0.1793 -0.9013
vn -0.3346 -0.9322 -0.1383
vn -0.3703 -0.1363 0.9189
vn 0.3703 -0.1363 0.9189
vn 0.3346 -0.9322 -0.1383
vn -0.9978 -0.0284 0.0600
vn -0.9978 0.0656 0.0097
vn -0.4163 -0.3479 0.8400
vn -0.0000 -0.3827 0.9239
vn -0.2273 -0.9551 0.1900
vn -0.2273 -0.9738 -0.0000
vn 0.2273 -0.9738 -0.0000
vn 0.2273 -0.9551 0.1900
vn -0.9848 0.1230 0.1230
vn -0.9848 0.1446 0.0966
vn 0.4163 -0.3479 0.8400
vn 0.4163 -0.1774 0.8918
vn 0.3331 -0.1840 0.9248
vn 0.3331 -0.3608 0.8711
vn -0.3346 0.5614 0.7569
vn -0.3703 0.7461 -0.5534
vn 0.3703 0.7461 -0.5534
vn 0.3346 0.5614 0.7569
vn -0.4163 -0.1774 0.8918
vn -0.0000 -0.1951 0.9808
vn -0.3346 -0.8873 0.3175
vn -0.2273 -0.5410 0.8097
vn 0.2273 -0.5410 0.8097
vn 0.3346 -0.8873 0.3175
vn 0.4163 -0.5051 0.7560
vn 0.3331 -0.5239 0.7840
vn -0.4163 -0.0000 -0.9092
vn -0.4163 0.1774 -0.8918
vn -0.0000 0.1951 -0.9808
vn -0.0000 -0.0000 -1.0000
vn -0.9986 -0.0481 -0.0228
vn -0.9986 0.0078 -0.0527
vn -0.4163 0.1774 0.8918
vn -0.0000 0.1951 0.9808
vn 0.9978 -0.0625 0.0223
vn 0.9978 0.0395 0.0533
vn 0.9986 0.0428 -0.0317
vn 0.9986 -0.0179 -0.0501
vn 0.3347 -0.8873 0.3175
vn 0.4163 -0.6429 0.6429
vn 0.3331 -0.6667 0.6667
vn -0.4163 -0.1774 -0.8918
vn -0.0000 -0.1951 -0.9808
vn -0.4163 -0.0000 0.9092
vn -0.0000 -0.0000 1.0000
vn -0.9848 -0.0000 0.1739
vn -0.9848 0.0339 0.1706
vn 0.3346 -0.3175 -0.8873
vn -0.3346 -0.3175 -0.8873
vn 0.4163 -0.7560 0.5051
vn 0.3331 -0.7840 0.5239
vn 0.4163 0.3479 0.8400
vn 0.3331 0.3608 0.8711
vn -0.9342 0.2966 0.1982
vn -0.9342 0.3296 0.1365
vn 0.4368 0.4998 0.7479
vn 0.4368 0.3442 0.8311
vn 0.3943 0.3517 0.8490
vn 0.3943 0.5106 0.7641
vn -0.4163 -0.3479 -0.8400
vn -0.0000 -0.3827 -0.9239
vn -0.9342 0.3295 -0.1365
vn -0.2273 0.8097 0.5410
vn 0.2273 0.8097 0.5410
vn -0.4163 0.8400 -0.3479
vn -0.4163 0.8918 -0.1774
vn -0.0000 0.9808 -0.1951
vn -0.0000 0.9239 -0.3827
vn 0.4163 0.1774 0.8918
vn 0.3331 0.1840 0.9248
vn 0.3346 -0.9321 -0.1383
vn 0.4163 -0.0000 0.9092
vn 0.3331 -0.0000 0.9429
vn -0.3702 0.7461 -0.5534
vn -0.4163 -0.5051 -0.7560
vn -0.0000 -0.5556 -0.8315
vn -0.2273 -0.6886 0.6886
vn 0.2273 -0.6886 0.6886
vn -0.4163 -0.6429 -0.6429
vn -0.0000 -0.7071 -0.7071
vn -0.9342 0.2966 -0.1982
vn -0.9342 0.2522 -0.2522
vn -0.3346 -0.7569 0.5614
vn -0.3702 0.5534 0.7461
vn 0.3703 0.5534 0.7461
vn 0.3346 -0.7569 0.5614
vn 0.4163 0.8918 0.1774
vn 0.3331 0.9248 0.1840
vn 0.9978 -0.0600 -0.0284
vn 0.9978 -0.0097 0.0656
vn 0.9986 0.0527 0.0078
vn 0.9986 0.0228 -0.0481
vn 0.4163 -0.8400 -0.3479
vn 0.3331 -0.8711 -0.3608
vn 0.3346 0.4029 -0.8519
vn 0.3703 0.8397 0.3972
vn -0.3703 0.8397 0.3972
vn -0.3346 0.4029 -0.8519
vn 0.4163 -0.8918 -0.1774
vn 0.3331 -0.9248 -0.1840
vn -0.3346 -0.1383 0.9322
vn 0.3346 -0.1383 0.9322
vn -0.4163 -0.9092 -0.0000
vn -0.4163 -0.8918 -0.1774
vn -0.0000 -0.9808 -0.1951
vn -0.0000 -1.0000 -0.0000
vn -0.3703 0.9189 0.1363
vn 0.3703 0.9189 0.1363
vn 0.3347 -0.1383 0.9321
vn -0.3346 -0.8519 -0.4029
vn 0.3346 -0.8519 -0.4029
vn -0.4163 -0.8400 -0.3479
vn -0.0000 -0.9239 -0.3827
vn -0.4163 0.8918 0.1774
vn -0.0000 0.9808 0.1951
vn 0.4163 0.7560 -0.5051
vn 0.3331 0.7840 -0.5238
vn -0.9342 -0.0000 -0.3567
vn -0.9342 -0.0696 -0.3498
vn -0.4163 -0.7560 -0.5051
vn -0.0000 -0.8315 -0.5556
vn -0.4163 0.9092 -0.0000
vn -0.0000 1.0000 -0.0000
vn -0.9342 -0.1365 -0.3296
vn 0.9342 0.1982 -0.2966
vn 0.9342 0.2522 -0.2522
vn -0.9342 -0.2522 -0.2522
vn -0.9342 -0.2966 -0.1982
vn 0.9088 0.3470 0.2318
vn 0.9088 0.2951 0.2951
vn 0.6985 0.5060 0.5060
vn 0.6985 0.5950 0.3975
vn 0.9342 -0.0000 -0.3567
vn 0.9342 0.0696 -0.3498
vn 0.9342 -0.3499 0.0696
vn 0.9342 -0.3567 -0.0000
vn 0.9342 -0.1365 -0.3296
vn 0.9342 -0.0696 -0.3499
vn 0.9342 0.3499 -0.0696
vn 0.9342 0.3567 -0.0000
vn 0.9342 -0.2966 0.1982
vn 0.9342 -0.3296 0.1365
vn -0.9342 0.1982 -0.2966
vn 0.9342 0.2966 0.1982
vn 0.9342 0.2522 0.2522
vn 0.9342 0.0696 0.3498
vn 0.9342 -0.0000 0.3567
vn 0.9342 0.3296 0.1365
vn -0.9342 -0.3296 0.1365
vn -0.9342 0.3296 -0.1365
vn 0.9342 0.1365 0.3296
vn -0.9342 0.1365 -0.3296
vn -0.9342 0.0696 -0.3498
vn 0.9342 0.1982 0.2966
vn -0.9342 0.3498 0.0696
vn -0.9342 -0.1982 0.2966
vn -0.9342 -0.3296 -0.1365
vn -0.9342 -0.1982 -0.2966
vn 0.9342 -0.2522 0.2522
vn -0.9342 -0.1365 0.3296
vn -0.9342 -0.3499 0.0696
vn -0.9342 -0.3499 -0.0696
vn -0.9342 -0.3567 -0.0000
vn 0.9342 -0.1982 0.2966
vn -0.9342 0.0696 0.3498
vn -0.9342 0.1365 0.3296
vn 0.9342 -0.1365 0.3295
vn 0.9342 -0.3499 -0.0696
vn 0.9342 -0.0696 0.3498
vn 0.9342 0.1365 -0.3295
vn 0.9342 -0.2522 -0.2522
vn 0.9342 -0.1982 -0.2966
vn 0.9342 -0.2966 -0.1982
vn -0.9342 -0.0696 0.3499
vn 0.9342 -0.3296 -0.1365
vn 0.9342 0.3498 0.0696
vn -0.9342 -0.0696 -0.3499
vn 0.9342 0.3296 -0.1365
vn 0.9342 0.2966 -0.1982
vn -0.9342 0.1365 0.3295
vn 0.3703 0.8746 -0.3129
vn -0.3702 0.8746 -0.3129
vn -0.3703 0.5534 0.7461
vn -0.9342 -0.1365 0.3295
vn -0.3703 0.8746 -0.3129
vn -0.3703 0.3972 -0.8397
vn 0.3703 0.3972 -0.8397
vn 0.9978 -0.0223 -0.0625
vn 0.9978 -0.0533 0.0395
vn 0.9986 0.0317 0.0428
vn 0.9986 0.0501 -0.0179
vn 0.9978 0.0625 -0.0224
vn 0.9986 -0.0428 0.0317
vn 0.9986 0.0179 0.0501
vn 0.9088 0.4093 0.0814
vn 0.9088 0.3855 0.1597
vn 0.6985 0.6611 0.2738
vn 0.6985 0.7018 0.1396
vn 0.9088 -0.0814 0.4093
vn 0.9088 -0.1597 0.3855
vn 0.6985 -0.2738 0.6611
vn 0.6985 -0.1396 0.7018
vn -0.3703 0.3129 0.8746
vn -0.3346 0.8873 -0.3175
vn 0.3346 0.8873 -0.3175
vn 0.3703 0.3129 0.8746
vn 0.9088 -0.1597 -0.3855
vn 0.9088 -0.0814 -0.4093
vn 0.6985 -0.1396 -0.7018
vn 0.6985 -0.2738 -0.6611
vn 0.9088 0.2318 -0.3470
vn 0.9088 0.2951 -0.2951
vn 0.6985 0.5060 -0.5060
vn 0.6985 0.3975 -0.5950
vn 0.9088 0.3470 -0.2318
vn 0.9088 0.3855 -0.1597
vn 0.6985 0.6611 -0.2738
vn 0.6985 0.5950 -0.3975
vn 0.9848 0.1706 -0.0339
vn 0.9848 0.1740 -0.0000
vn 0.9088 -0.3470 0.2318
vn 0.9088 -0.3855 0.1597
vn 0.6985 -0.6611 0.2738
vn 0.6985 -0.5950 0.3975
vn 0.9088 -0.3855 -0.1597
vn 0.9088 -0.3470 -0.2318
vn 0.6985 -0.5950 -0.3975
vn 0.6985 -0.6611 -0.2738
vn 0.4368 0.6361 -0.6361
vn 0.4368 0.7479 -0.4998
vn 0.3943 0.7641 -0.5106
vn 0.3943 0.6498 -0.6498
vn 0.9088 -0.2951 0.2951
vn 0.6985 -0.5060 0.5060
vn -0.9380 -0.3399 0.0676
vn -0.9380 -0.3202 0.1326
vn 0.9088 0.0814 -0.4093
vn 0.9088 0.1597 -0.3855
vn 0.6985 0.2738 -0.6611
vn 0.6985 0.1396 -0.7018
vn 0.4368 0.8823 -0.1755
vn 0.4368 0.8995 -0.0000
vn 0.3943 0.9190 -0.0000
vn 0.3943 0.9013 -0.1793
vn 0.9088 0.2318 0.3470
vn 0.6985 0.3975 0.5950
vn 0.9088 -0.0000 -0.4173
vn 0.6985 -0.0000 -0.7156
vn 0.4368 -0.7479 -0.4998
vn 0.4368 -0.6361 -0.6361
vn 0.3943 -0.6498 -0.6498
vn 0.3943 -0.7641 -0.5106
vn 0.4368 0.3442 -0.8311
vn 0.4368 0.4998 -0.7479
vn 0.3943 0.5106 -0.7641
vn 0.3943 0.3517 -0.8490
vn 0.9088 0.1597 0.3855
vn 0.6985 0.2738 0.6611
vn 0.9848 -0.1706 0.0339
vn 0.9848 -0.1739 -0.0000
vn 0.9088 -0.4093 -0.0814
vn 0.6985 -0.7018 -0.1396
vn 0.4368 -0.0000 0.8995
vn 0.4368 -0.1755 0.8823
vn 0.3943 -0.1793 0.9013
vn 0.3943 -0.0000 0.9190
vn 0.9088 -0.4093 0.0814
vn 0.6985 -0.7018 0.1396
vn -0.2273 0.5410 -0.8097
vn 0.2273 0.5410 -0.8097
vn 0.9088 -0.2318 -0.3470
vn 0.6985 -0.3975 -0.5950
vn 0.9088 -0.4173 -0.0000
vn 0.6985 -0.7156 -0.0000
vn 0.9088 0.4093 -0.0814
vn 0.6985 0.7018 -0.1396
vn 0.3205 0.3625 0.8752
vn 0.3205 0.1848 0.9291
vn 0.3205 0.8752 -0.3625
vn 0.3205 0.9291 -0.1848
vn 0.3205 -0.0000 0.9473
vn 0.3205 0.9473 -0.0000
vn 0.3205 -0.1848 0.9291
vn 0.3205 -0.7876 -0.5263
vn 0.3205 -0.6698 -0.6698
vn 0.3205 -0.3625 0.8752
vn 0.3205 -0.5263 0.7876
vn 0.3205 -0.8752 -0.3625
vn 0.3205 -0.5263 -0.7876
vn 0.3205 -0.6698 0.6698
vn 0.3205 -0.9473 -0.0000
vn 0.3205 -0.9291 -0.1848
vn 0.3205 -0.3625 -0.8752
vn 0.3205 -0.7876 0.5263
vn 0.3205 -0.1848 -0.9291
vn 0.3205 -0.8752 0.3625
vn 0.3205 -0.9291 0.1848
vn 0.3205 -0.0000 -0.9473
vn 0.3205 0.1848 -0.9291
vn 0.3205 0.9291 0.1848
vn 0.3205 0.8752 0.3625
vn 0.3205 0.5263 -0.7876
vn 0.3205 0.6698 -0.6698
vn 0.3205 0.6698 0.6698
vn 0.3205 0.5263 0.7876
vn 0.3205 0.3625 -0.8752
vn 0.3205 0.7876 0.5263
vn 0.3205 0.7876 -0.5263
vn 0.4368 0.6361 0.6361
vn 0.4368 0.7479 0.4998
vn 0.4368 0.8311 0.3442
vn 0.4368 0.1755 -0.8823
vn 0.4368 -0.8311 -0.3442
vn 0.4368 -0.8823 -0.1755
vn 0.4368 -0.8311 0.3442
vn 0.4368 -0.7479 0.4998
vn 0.4368 -0.6361 0.6361
vn 0.4368 -0.4998 0.7479
vn 0.4368 0.1755 0.8823
vn 0.4368 -0.3442 0.8311
vn 0.4368 -0.4998 -0.7479
vn 0.4368 -0.3442 -0.8311
vn 0.4368 0.8311 -0.3442
vn 0.4368 0.8823 0.1755
vn 0.9088 0.4173 -0.0000
vn 0.6985 0.7156 -0.0000
vn -0.7299 -0.1334 0.6705
vn 0.9848 0.0966 -0.1446
vn -0.9881 -0.1089 -0.1089
vn -0.9848 0.0966 0.1446
vn -0.9881 0.1510 -0.0300
vn -0.9881 0.1540 -0.0000
vn -0.9848 -0.1739 -0.0000
vn -0.9848 -0.1706 0.0339
vn -0.3346 0.1383 -0.9321
vn 0.3346 0.1383 -0.9321
vn 0.9881 -0.1089 -0.1089
vn 0.9881 -0.1280 -0.0856
vn 0.9848 0.1446 0.0966
vn 0.9848 0.1230 0.1230
vn -0.9848 -0.1230 0.1230
vn -0.9848 -0.0966 0.1446
vn -0.9881 -0.1511 0.0300
vn -0.9881 -0.1540 -0.0000
vn -0.9848 0.1740 -0.0000
vn -0.9848 0.1706 -0.0339
vn -0.3346 0.9322 0.1383
vn -0.3703 0.1363 -0.9189
vn 0.3702 0.1363 -0.9189
vn 0.3346 0.9322 0.1383
vn -0.3703 -0.3129 -0.8746
vn 0.3702 -0.3129 -0.8746
vn -0.9986 -0.0317 -0.0428
vn -0.9986 -0.0501 0.0179
vn -0.9848 0.1607 0.0666
vn -0.9848 0.1706 0.0339
vn 0.9848 0.0339 0.1706
vn 0.9848 -0.0000 0.1739
vn -0.9881 0.1281 0.0856
vn -0.9881 0.1089 0.1089
vn -0.9848 -0.1230 -0.1230
vn -0.9848 -0.1446 -0.0967
vn -0.3703 -0.8397 -0.3972
vn 0.3702 -0.8397 -0.3972
vn -0.9848 -0.1607 -0.0666
vn 0.9978 -0.0284 0.0600
vn -0.9978 0.0284 -0.0600
vn -0.9978 -0.0656 -0.0097
vn -0.9978 -0.0625 0.0223
vn -0.9848 -0.0000 -0.1739
vn -0.9848 -0.0339 -0.1706
vn -0.9978 0.0395 0.0533
vn -0.9986 -0.0179 -0.0501
vn -0.9986 0.0428 -0.0317
vn -0.9978 -0.0097 0.0656
vn -0.9978 -0.0600 -0.0284
vn -0.9986 0.0228 -0.0481
vn -0.9986 0.0527 0.0078
vn -0.9848 -0.1706 -0.0339
vn -0.9881 -0.0300 -0.1511
vn -0.9881 -0.0000 -0.1540
vn -0.9848 -0.0000 0.1740
vn 0.9978 0.0533 -0.0395
vn -0.9848 -0.0339 0.1706
vn 0.9881 0.1089 0.1089
vn 0.9881 0.1280 0.0856
vn -0.9978 0.0533 -0.0395
vn -0.9848 0.1739 -0.0000
vn 0.9848 -0.0966 -0.1446
vn 0.9881 -0.0856 0.1280
vn 0.9848 0.0666 -0.1607
vn -0.9881 0.0856 -0.1280
vn -0.9881 0.1089 -0.1089
vn 0.9881 -0.1089 0.1089
vn 0.9848 0.1230 -0.1230
vn 0.9848 0.1446 -0.0966
vn -0.9848 -0.1446 -0.0966
vn -0.9978 0.0600 0.0284
vn -0.9986 -0.0228 0.0481
vn -0.9986 -0.0527 -0.0078
vn 0.9978 0.0656 0.0097
vn 0.9986 0.0078 -0.0527
vn 0.9986 -0.0481 -0.0228
vn -0.9848 -0.1446 0.0966
vn -0.9848 -0.1740 -0.0000
vn -0.9986 0.0481 0.0228
vn -0.9986 -0.0078 0.0527
vn 0.9881 -0.1540 -0.0000
vn 0.9881 -0.1510 0.0300
vn 0.9848 0.1739 -0.0000
vn -0.9848 0.0666 -0.1607
vn -0.9848 0.0339 -0.1706
vn 0.9848 0.1607 -0.0666
vn 0.9881 -0.0000 0.1540
vn 0.9881 0.0300 0.1510
vn 0.9847 -0.0339 -0.1706
vn 0.9847 -0.0000 -0.1740
vn 0.9978 0.0224 0.0625
vn -0.9978 0.0223 0.0625
vn 0.3702 0.3972 -0.8397
vn 0.9848 -0.0966 0.1446
vn 0.3703 0.3130 0.8746
vn 0.3703 -0.7461 0.5534
vn 0.3347 -0.5614 -0.7569
vn -0.3702 -0.7461 0.5534
vn -0.9978 0.0224 0.0625
vn 0.9848 -0.1230 0.1230
vn 0.9978 -0.0625 0.0224
vn 0.9847 0.0339 0.1706
vn 0.9848 -0.0000 0.1740
vn -0.3703 -0.3972 0.8397
vn 0.3703 -0.3972 0.8397
vn 0.9848 -0.0000 -0.1739
vn 0.3703 -0.8397 -0.3972
vn -0.3703 -0.9189 -0.1363
vn 0.3702 -0.9189 -0.1363
vn 0.3703 -0.9189 -0.1363
vn -0.2273 0.6886 0.6886
vn -0.3346 0.9321 0.1383
vn 0.2273 0.6886 0.6886
vn -0.3702 -0.3972 0.8397
vn -0.3703 -0.8746 0.3130
vn 0.3703 -0.8746 0.3129
vn 0.9848 -0.0000 -0.1740
vn 0.3703 0.1363 -0.9189
vn 0.3703 -0.3129 -0.8746
vn 0.9986 -0.0317 -0.0428
vn 0.9986 -0.0501 0.0179
vn 0.9881 -0.0856 0.1281
vn 0.9848 0.1706 0.0339
vn 0.9848 0.1607 0.0666
vn -0.9848 -0.0666 -0.1607
vn -0.9848 -0.0966 -0.1446
vn -0.9848 0.0666 0.1607
vn -0.2337 0.9723 -0.0000
vn -0.2337 0.9536 -0.1897
vn 0.2337 0.9536 -0.1897
vn 0.2337 0.9723 -0.0000
vn 0.9848 0.1446 -0.0967
vn -0.9881 -0.1280 -0.0856
vn -0.9848 -0.0666 0.1607
vn 0.9848 0.0966 0.1446
vn 0.9848 0.0666 0.1607
vn 0.9881 -0.1511 0.0300
vn -0.9881 -0.0300 -0.1510
vn 0.9881 0.1281 0.0856
vn 0.9848 -0.1607 -0.0666
vn -0.2337 0.1897 0.9536
vn -0.3702 0.8397 0.3972
vn 0.2337 0.1897 0.9536
vn -0.2337 -0.5402 0.8084
vn 0.2337 -0.5402 0.8084
vn -0.2337 0.6875 -0.6875
vn -0.2337 0.5402 -0.8084
vn 0.2337 0.5402 -0.8084
vn 0.2337 0.6875 -0.6875
vn 0.9986 0.0481 0.0228
vn 0.9986 -0.0078 0.0527
vn 0.9848 -0.0666 -0.1607
vn 0.9848 0.0339 -0.1706
vn 0.9881 0.1089 -0.1089
vn 0.9848 -0.1446 0.0966
vn -0.2337 -0.1897 -0.9536
vn 0.2337 -0.1897 -0.9536
vn -0.2337 -0.9536 0.1897
vn 0.2337 -0.9536 0.1897
vn -0.9881 0.1280 0.0856
vn -0.2337 -0.0000 -0.9723
vn 0.2337 -0.0000 -0.9723
vn -0.2337 0.8084 0.5402
vn 0.2337 0.8084 0.5402
vn -0.2337 -0.9723 -0.0000
vn 0.2337 -0.9723 -0.0000
vn 0.2337 0.6875 0.6875
vn -0.2337 0.6875 0.6875
vn -0.2337 -0.6875 0.6875
vn 0.2337 -0.6875 0.6875
vn -0.9848 0.1607 -0.0666
vn -0.9848 0.1446 -0.0966
vn -0.2337 -0.8084 -0.5402
vn 0.2337 -0.8084 -0.5402
vn -0.2337 -0.6875 -0.6875
vn 0.2337 -0.6875 -0.6875
vn -0.2273 0.5410 0.8097
vn 0.2273 0.5410 0.8097
vn -0.9881 0.0300 0.1510
vn -0.9848 -0.1607 0.0666
vn 0.9848 -0.1607 0.0666
vn 0.2337 -0.0000 0.9723
vn -0.2337 -0.0000 0.9723
vn 0.9978 0.0223 0.0625
vn -0.9881 -0.0856 0.1280
vn -0.9881 -0.0000 0.1540
vn 0.9881 0.0855 -0.1280
vn 0.9848 -0.0666 0.1607
vn -0.9881 -0.1089 0.1089
vn 0.9881 -0.1281 -0.0856
vn 0.9881 -0.0000 -0.1540
vn 0.9881 -0.0300 -0.1510
vn 0.9848 -0.0339 0.1706
vn -0.9881 0.1511 -0.0300
vn 0.9881 0.1540 -0.0000
vn 0.9848 -0.1706 -0.0339
vn -0.2273 0.9551 0.1900
vn 0.2273 0.9551 0.1900
vn 0.2273 0.1900 -0.9551
vn -0.2273 0.1900 -0.9551
vn -0.2273 0.3727 -0.8997
vn 0.2273 0.3727 -0.8997
vn -0.2273 0.8997 -0.3727
vn 0.2273 0.8997 -0.3727
vn -0.2273 -0.8997 -0.3727
vn 0.2273 -0.8997 -0.3727
vn -0.2273 -0.9551 -0.1900
vn 0.2273 -0.9551 -0.1900
vn -0.2273 -0.5410 -0.8097
vn -0.2273 -0.3727 -0.8997
vn 0.2273 -0.3727 -0.8997
vn 0.2273 -0.5410 -0.8097
vn -0.2273 -0.8997 0.3727
vn 0.2273 -0.8997 0.3727
vn -0.2273 -0.1900 0.9551
vn -0.2273 -0.3727 0.8997
vn 0.2273 -0.3727 0.8997
vn 0.2273 -0.1900 0.9551
vn -0.2273 0.8997 0.3727
vn 0.2273 0.8997 0.3727
vn -0.2273 -0.8097 0.5410
vn 0.2273 -0.8097 0.5410
vn 0.2273 0.3727 0.8997
vn -0.2273 0.3727 0.8997
vn -0.2273 0.8097 -0.5410
vn 0.2273 0.8097 -0.5410
vn -0.9881 -0.1510 0.0300
vn -0.3703 -0.7461 0.5534
vn 0.9881 0.0856 -0.1281
vn 0.9881 0.1510 -0.0300
vn 0.9847 -0.0339 0.1706
vn 0.9847 0.0666 0.1607
vn -0.9881 -0.1281 -0.0856
vn 0.9881 0.1511 -0.0300
vn 0.8955 0.2652 0.3576
vn 0.9178 0.3188 -0.2365
vn -0.8955 -0.4403 -0.0653
vn -0.9178 -0.0582 0.3927
vn -0.8955 0.1903 -0.4024
vn -0.9178 0.3588 0.1697
vn -0.9178 -0.3188 0.2365
vn -0.8955 -0.2652 -0.3575
vn 0.9178 0.3927 0.0582
vn 0.8955 -0.0653 0.4403
vn 0.9178 0.1697 -0.3588
vn 0.8955 -0.4024 -0.1903
vn 0.9178 -0.3589 -0.1697
vn 0.8954 -0.1903 0.4024
vn 0.9178 -0.1697 0.3589
vn 0.8954 0.4024 0.1903
vn 0.9178 0.2365 0.3188
vn 0.8955 -0.3576 0.2652
vn 0.9178 0.3738 -0.1337
vn 0.8955 -0.1500 -0.4191
vn 0.8954 0.2652 0.3576
vn 0.9178 0.3189 -0.2365
vn 0.9178 -0.3188 0.2365
vn 0.8955 -0.2652 -0.3576
vn 0.9178 0.1337 0.3738
vn 0.8955 0.4191 -0.1500
vn 0.9178 -0.1337 -0.3738
vn 0.8954 -0.4191 0.1500
vn 0.8955 0.0653 -0.4403
vn 0.9178 -0.3927 -0.0582
vn 0.9178 -0.3738 0.1337
vn 0.8954 0.1500 0.4191
vn 0.9178 -0.0582 0.3927
vn 0.8954 -0.4403 -0.0653
vn 0.8955 -0.1903 0.4024
vn 0.9178 -0.3588 -0.1697
vn 0.9178 0.0582 -0.3927
vn 0.8955 0.4403 0.0653
vn -0.9178 -0.3738 0.1337
vn -0.8955 0.1500 0.4191
vn 0.8954 -0.3576 0.2652
vn 0.9178 0.3589 0.1697
vn 0.8954 0.1903 -0.4024
vn -0.9178 -0.2365 -0.3188
vn -0.8955 0.3576 -0.2652
vn 0.8954 -0.0653 0.4403
vn -0.8955 0.0653 -0.4403
vn -0.9178 -0.3927 -0.0582
vn -0.9178 -0.1697 0.3589
vn -0.8955 0.4024 0.1903
vn 0.8954 -0.2652 -0.3576
vn -0.8955 -0.2652 -0.3576
vn 0.9178 -0.2365 -0.3188
vn 0.8954 0.3576 -0.2652
vn 0.9178 0.1697 -0.3589
vn 0.8954 -0.4024 -0.1903
vn -0.8954 -0.1500 -0.4192
vn -0.9178 0.3738 -0.1337
vn -0.8955 0.4403 0.0653
vn -0.7418 0.4742 0.4742
vn -0.7418 0.5576 0.3726
vn -0.7418 0.4742 -0.4742
vn -0.7418 0.3726 -0.5576
vn -0.8955 0.4191 -0.1500
vn -0.7418 -0.4742 -0.4742
vn -0.7418 -0.5576 -0.3726
vn -0.8954 -0.1500 -0.4191
vn -0.8954 -0.3576 0.2652
vn -0.7418 -0.6706 -0.0000
vn -0.7418 -0.6577 0.1308
vn -0.8955 -0.4024 -0.1903
vn -0.8955 -0.0653 0.4403
vn -0.7418 -0.4742 0.4742
vn -0.7418 -0.3726 0.5576
vn -0.8955 0.2652 0.3575
vn -0.7418 -0.0000 0.6706
vn -0.7418 0.1308 0.6577
vn -0.8955 -0.1903 0.4024
vn -0.8955 -0.4191 0.1500
vn -0.7418 -0.1308 -0.6577
vn -0.7418 -0.0000 -0.6706
vn -0.7418 0.6577 -0.1308
vn -0.7418 0.6706 -0.0000
vn 0.7418 0.4742 0.4742
vn 0.7418 0.5576 0.3726
vn 0.7418 0.4742 -0.4742
vn 0.7418 0.3726 -0.5576
vn 0.7418 -0.4742 -0.4742
vn 0.7418 -0.5576 -0.3726
vn 0.7418 -0.6706 -0.0000
vn 0.7418 -0.6577 0.1308
vn 0.7418 -0.4742 0.4742
vn 0.7418 -0.3726 0.5576
vn 0.7418 -0.0000 0.6706
vn 0.7418 0.1308 0.6577
vn 0.8955 -0.4191 0.1500
vn 0.8955 -0.4403 -0.0653
vn 0.7418 -0.1308 -0.6577
vn 0.8955 0.1903 -0.4024
vn 0.7418 -0.0000 -0.6706
vn 0.7418 0.6577 -0.1308
vn 0.8955 0.4024 0.1903
vn 0.8955 0.3576 -0.2652
vn 0.7418 0.6706 -0.0000
vn 0.8954 0.0653 -0.4404
vn 0.8954 0.4192 -0.1500
vn 0.8954 0.4404 0.0653
vn -0.8954 0.0653 -0.4403
vn -0.8955 0.2652 0.3576
vn -0.8954 -0.1903 0.4024
vn -0.8954 0.1500 0.4191
vn -0.8954 0.4403 0.0653
vn -0.9178 0.0582 -0.3927
vn -0.7652 -0.4552 -0.4552
vn -0.7652 -0.5353 -0.3577
vn -0.7652 -0.4552 0.4552
vn -0.7652 -0.3577 0.5353
vn -0.9178 0.1337 0.3738
vn -0.7652 0.4552 0.4552
vn -0.7652 0.5353 0.3577
vn -0.9178 0.2365 0.3188
vn -0.7652 0.6438 -0.0000
vn -0.7652 0.6314 -0.1256
vn -0.9178 0.1697 -0.3589
vn -0.9178 0.3927 0.0582
vn -0.7652 0.4552 -0.4552
vn -0.7652 0.3577 -0.5353
vn -0.9178 0.3188 -0.2365
vn -0.7652 -0.0000 -0.6438
vn -0.7652 -0.1256 -0.6314
vn -0.9178 -0.3589 -0.1697
vn -0.9178 -0.1337 -0.3738
vn -0.7652 0.1256 0.6314
vn -0.7652 -0.0000 0.6438
vn -0.7652 -0.6314 0.1256
vn -0.7652 -0.6438 -0.0000
vn 0.7652 -0.4552 -0.4552
vn 0.7652 -0.5353 -0.3577
vn 0.7652 -0.4552 0.4552
vn 0.7652 -0.3577 0.5353
vn 0.7652 0.4552 0.4552
vn 0.7652 0.5353 0.3577
vn 0.7652 0.6438 -0.0000
vn 0.7652 0.6314 -0.1256
vn 0.7652 0.4552 -0.4552
vn 0.7652 0.3577 -0.5353
vn 0.7652 -0.0000 -0.6438
vn 0.7652 -0.1256 -0.6314
vn 0.7652 0.1256 0.6314
vn 0.9178 0.3588 0.1697
vn 0.7652 -0.0000 0.6438
vn 0.7652 -0.6314 0.1256
vn 0.7652 -0.6438 -0.0000
vn -0.9178 -0.1697 0.3588
vn -0.9178 0.3927 0.0583
vn -0.9178 0.2365 0.3189
vn -0.7418 0.2566 0.6196
vn -0.7418 0.3726 0.5576
vn -0.7418 0.6196 0.2566
vn -0.7418 0.5576 -0.3726
vn -0.7418 0.2566 -0.6196
vn -0.7418 0.1308 -0.6577
vn -0.7418 -0.6196 -0.2566
vn -0.7418 -0.6577 -0.1308
vn -0.7418 -0.6196 0.2566
vn -0.7418 -0.5576 0.3726
vn -0.7418 -0.1308 0.6577
vn -0.7418 -0.2566 0.6196
vn -0.7418 -0.3726 -0.5576
vn -0.7418 -0.2566 -0.6196
vn -0.7418 0.6196 -0.2566
vn -0.7418 0.6577 0.1308
vn 0.7418 0.2566 0.6196
vn 0.7418 0.3726 0.5576
vn 0.7418 0.6196 0.2566
vn 0.7418 0.5576 -0.3726
vn 0.7418 0.2566 -0.6196
vn 0.7418 0.1308 -0.6577
vn 0.7418 -0.6196 -0.2566
vn 0.7418 -0.6577 -0.1308
vn 0.7418 -0.6196 0.2566
vn 0.7418 -0.5576 0.3726
vn 0.7418 -0.1308 0.6577
vn 0.7418 -0.2566 0.6196
vn 0.7418 -0.3726 -0.5576
vn 0.7418 -0.2566 -0.6195
vn 0.7418 0.6196 -0.2566
vn 0.7418 0.6577 0.1308
vn 0.7418 -0.2566 -0.6196
vn -0.7418 -0.2566 -0.6195
vn 0.9088 -0.2951 -0.2951
vn 0.6985 -0.5060 -0.5060
vn 0.3943 0.6498 0.6498
vn 0.3943 0.7641 0.5106
vn 0.3943 0.8490 0.3517
vn 0.9088 -0.2318 0.3470
vn 0.6985 -0.3975 0.5950
vn 0.3943 0.8490 -0.3517
vn 0.3943 -0.6498 0.6498
vn 0.3943 -0.5106 0.7641
vn 0.3943 0.1793 -0.9013
vn 0.3943 -0.8490 -0.3517
vn 0.3943 -0.8490 0.3517
vn 0.3943 -0.7641 0.5106
vn 0.3943 -0.3517 -0.8490
vn 0.3943 -0.9013 -0.1793
vn 0.3943 0.1793 0.9013
vn 0.3943 -0.5106 -0.7641
vn 0.3943 0.9013 0.1793
vn 0.3943 -0.3517 0.8490
vn -0.9380 -0.0000 -0.3466
vn -0.9380 -0.0676 -0.3399
vn -0.9380 0.2451 0.2451
vn -0.9380 0.2882 0.1925
vn -0.9380 -0.0000 0.3466
vn -0.9380 0.0676 0.3399
vn -0.9380 -0.2451 0.2451
vn -0.9380 -0.1925 0.2881
vn -0.9380 -0.2882 0.1925
vn -0.9380 0.0676 -0.3399
vn -0.9380 0.1326 0.3202
vn -0.9380 -0.3399 -0.0676
vn -0.9380 -0.3466 -0.0000
vn -0.9380 0.3202 0.1326
vn -0.9380 0.2882 -0.1925
vn -0.9380 0.2451 -0.2451
vn -0.9380 0.3202 -0.1326
vn -0.9380 0.1925 -0.2882
vn -0.9380 0.1326 -0.3202
vn -0.9380 0.3399 -0.0676
vn -0.9380 -0.1326 -0.3202
vn -0.9380 -0.0676 0.3399
vn -0.9380 -0.1925 -0.2881
vn -0.9380 -0.2451 -0.2451
vn -0.9380 -0.1326 0.3202
vn -0.9380 0.1925 0.2882
vn -0.9380 -0.3202 -0.1326
vn -0.9380 0.3399 0.0676
vn -0.9380 0.3466 -0.0000
vn -0.9380 -0.2882 -0.1925
vn -0.8965 0.3133 -0.3133
vn -0.8965 0.2462 -0.3684
vn -0.8965 0.4431 -0.0000
vn -0.8965 0.4345 -0.0864
vn -0.8965 -0.3684 0.2462
vn -0.8965 -0.3133 0.3133
vn -0.8965 0.1696 -0.4093
vn -0.8965 0.4093 -0.1696
vn -0.8965 -0.2462 0.3684
vn -0.8965 0.0864 -0.4345
vn -0.8965 0.3684 -0.2462
vn -0.8965 -0.1696 0.4093
vn -0.8965 -0.0000 -0.4431
vn -0.8965 -0.0864 0.4345
vn -0.8965 -0.0864 -0.4345
vn -0.8965 -0.0000 0.4431
vn -0.8965 -0.1696 -0.4093
vn -0.8965 0.0864 0.4345
vn -0.8965 -0.2462 -0.3684
vn -0.8965 -0.4346 0.0864
vn -0.8965 -0.4093 0.1696
vn -0.8965 0.1696 0.4093
vn -0.8965 -0.3133 -0.3133
vn -0.8965 0.2462 0.3684
vn -0.8965 -0.3684 -0.2462
vn -0.8965 0.3133 0.3133
vn -0.8965 -0.4093 -0.1696
vn -0.8965 0.3684 0.2462
vn -0.8965 -0.4345 -0.0864
vn -0.8965 0.4093 0.1696
vn -0.8965 -0.4431 -0.0000
vn -0.8965 0.4345 0.0864
vn -0.1046 0.9597 -0.2607
vn -0.6814 -0.6763 -0.2798
vn -0.1584 -0.7953 -0.5851
vn -0.2038 -0.9774 0.0567
vn -0.6812 -0.7160 -0.1526
vn 0.5811 -0.6789 -0.4489
vn -0.1351 -0.8295 -0.5419
vn -0.2196 -0.8001 -0.5582
vn 0.4269 -0.8367 -0.3431
vn 0.5812 -0.7991 -0.1538
vn 0.0346 -0.9984 0.0455
vn -0.0811 -0.9967 0.0003
vn 0.3863 -0.3726 0.8438
vn 0.4332 -0.9013 0.0002
vn -0.6841 -0.7162 0.1380
vn -0.2089 -0.9773 -0.0357
vn -0.1638 -0.7945 0.5848
vn -0.6857 -0.6725 0.2786
vn 0.0811 -0.9967 -0.0003
vn 0.2038 -0.9774 -0.0567
vn -0.3863 -0.3726 -0.8438
vn -0.4332 -0.9013 -0.0002
vn -0.6814 -0.2798 0.6763
vn -0.1584 -0.5851 0.7953
vn -0.2038 0.0567 0.9774
vn -0.6812 -0.1526 0.7160
vn 0.1638 -0.5848 0.7944
vn 0.6857 -0.2786 0.6725
vn 0.6841 -0.1380 0.7162
vn 0.2089 0.0357 0.9773
vn -0.0811 0.0003 0.9967
vn 0.3863 0.8438 0.3726
vn 0.4332 0.0002 0.9013
vn -0.6841 0.1380 0.7162
vn -0.2089 -0.0357 0.9773
vn -0.1638 0.5848 0.7945
vn 0.1580 -0.0100 0.9874
vn 0.6785 0.1571 0.7176
vn 0.6792 0.2806 0.6782
vn 0.1237 0.5328 0.8371
vn 0.0808 -0.0004 0.9967
vn -0.3806 -0.8425 0.3813
vn -0.4336 -0.0004 0.9011
vn -0.9593 0.2702 0.0820
vn 0.1323 0.8359 0.5326
vn 0.6837 0.7169 0.1364
vn 0.1636 0.9864 0.0156
vn -0.0000 -0.2903 0.9569
vn -0.9593 0.2702 -0.0820
vn 0.1580 0.9874 0.0100
vn 0.6785 0.7176 -0.1571
vn 0.6792 0.6782 -0.2806
vn 0.1237 0.8371 -0.5328
vn 0.0801 0.9968 0.0003
vn -0.3806 0.3813 0.8425
vn -0.4339 0.9010 0.0002
vn -0.9593 0.0820 -0.2702
vn 0.1323 0.5326 -0.8359
vn 0.6837 0.1364 -0.7169
vn 0.1636 0.0156 -0.9864
vn -0.0000 0.9569 0.2903
vn -0.0000 -0.4714 -0.8819
vn -0.6836 -0.0002 -0.7299
vn -0.6837 -0.1364 -0.7169
vn 0.6785 -0.1571 -0.7176
vn 0.6836 0.0002 -0.7299
vn -0.6857 -0.2786 -0.6725
vn 0.6792 -0.2806 -0.6782
vn -0.6840 -0.7295 0.0001
vn 0.6840 -0.7295 -0.0002
vn 0.6812 -0.7160 0.1526
vn 0.6814 -0.6763 0.2798
vn -0.6840 0.0001 0.7295
vn 0.6840 -0.0001 0.7295
vn -0.6792 0.6782 0.2806
vn -0.6785 0.7176 0.1571
vn -0.6836 0.7299 -0.0002
vn 0.6836 0.7299 0.0002
vn -0.6958 0.7058 -0.1334
vn -0.7137 0.6605 -0.2333
vn -0.7156 0.5791 -0.3905
vn -0.6792 0.2806 -0.6782
vn -0.6785 0.1571 -0.7176
vn -0.6857 -0.6725 -0.2786
vn 0.0801 0.0003 -0.9968
vn 0.1580 0.0100 -0.9874
vn -0.3806 0.8425 -0.3813
vn -0.4339 0.0002 -0.9010
vn -0.9593 -0.0820 -0.2702
vn 0.4084 -0.9056 -0.1145
vn -0.4149 -0.9046 -0.0978
vn -0.3981 -0.9002 -0.1764
vn 0.3980 -0.9002 -0.1764
vn 0.0081 0.9383 0.3458
vn -0.0000 0.9383 0.3458
vn 0.2923 0.5719 -0.7664
vn 0.2923 0.8633 -0.4114
vn -0.2923 0.8633 -0.4114
vn -0.2928 0.5709 -0.7671
vn 0.3139 0.8407 0.4412
vn 0.0765 0.8613 -0.5023
vn -0.0888 0.7961 -0.5986
vn -0.1988 0.9635 -0.1792
vn -0.2832 -0.4359 0.8543
vn -0.5004 -0.2444 0.8306
vn 0.5860 -0.3729 0.7194
vn -0.9973 0.0420 -0.0597
vn -0.9991 0.0424 -0.0008
vn -0.9977 0.0678 0.0045
vn -0.9961 0.0653 -0.0590
vn 0.8580 -0.3542 0.3719
vn 0.6056 -0.4523 0.6547
vn 0.0091 -0.7977 0.6031
vn -0.5929 -0.4577 0.6625
vn -0.7780 -0.3925 0.4906
vn 0.3896 0.3925 0.8332
vn -0.0525 0.8858 0.4610
vn -0.2147 0.0555 0.9751
vn -1.0000 -0.0014 -0.0006
vn -0.0000 0.9987 -0.0503
vn 0.2923 0.7664 0.5719
vn 0.2923 0.4114 0.8633
vn -0.2923 0.4114 0.8633
vn -0.2928 0.7671 0.5709
vn 0.3139 -0.4412 0.8407
vn 0.0765 0.5023 0.8613
vn -0.0883 0.5985 0.7963
vn -0.1988 0.1792 0.9635
vn -1.0000 0.0006 -0.0015
vn -0.9973 0.0597 0.0421
vn -0.9991 0.0008 0.0424
vn -0.9977 -0.0046 0.0678
vn -0.9961 0.0590 0.0653
vn -0.7983 -0.3109 0.5158
vn -0.0525 -0.4610 0.8858
vn -0.8817 0.0213 0.4714
vn -0.9088 0.0380 0.4154
vn -0.0026 -0.9581 -0.2864
vn -0.0126 -0.9986 0.0504
vn -1.0000 0.0014 0.0006
vn 0.2923 -0.5719 0.7664
vn 0.2923 -0.8633 0.4114
vn -0.2923 -0.8633 0.4114
vn -0.2928 -0.5709 0.7671
vn 0.3139 -0.8407 -0.4412
vn 0.0761 -0.8613 0.5023
vn -0.0883 -0.7963 0.5985
vn -0.1988 -0.9635 0.1792
vn 0.5004 -0.2444 -0.8306
vn -0.5860 -0.3730 -0.7194
vn 0.2086 -0.7113 -0.6713
vn -0.9973 -0.0420 0.0597
vn -0.9991 -0.0424 0.0008
vn -0.9977 -0.0678 -0.0046
vn -0.9961 -0.0653 0.0590
vn 0.8580 0.3542 -0.3719
vn 0.6056 0.4523 -0.6547
vn 0.0091 0.7976 -0.6031
vn -0.5929 0.4577 -0.6625
vn -0.7353 0.4001 -0.5470
vn 0.3980 -0.3826 -0.8338
vn -0.0525 -0.8858 -0.4610
vn 0.4084 -0.1145 0.9056
vn -0.4149 -0.0978 0.9046
vn -0.3981 -0.1764 0.9002
vn 0.3980 -0.1764 0.9002
vn -0.0000 0.3458 -0.9383
vn 0.9965 -0.0784 -0.0275
vn 0.2923 -0.7664 -0.5719
vn 0.2923 -0.4114 -0.8633
vn -0.2923 -0.4114 -0.8633
vn -0.2928 -0.7671 -0.5709
vn 0.3139 0.4412 -0.8407
vn 0.0765 -0.5023 -0.8613
vn -0.0888 -0.5986 -0.7961
vn -0.1988 -0.1792 -0.9635
vn 0.1046 -0.9597 -0.2607
vn 0.3400 -0.7701 -0.5397
vn -0.3896 -0.8332 -0.3925
vn -0.5919 -0.6889 -0.4185
vn 0.5831 -0.5777 -0.5711
vn -0.1237 0.5328 -0.8371
vn -0.2923 0.2351 -0.9270
vn -0.0490 0.9395 -0.3391
vn -0.0343 0.8290 -0.5582
vn 0.0935 -0.2890 -0.9527
vn -0.1612 0.9867 -0.0188
vn -0.0801 0.9968 -0.0003
vn 0.4339 0.9010 -0.0002
vn 0.9593 0.2702 -0.0820
vn 0.1046 0.2607 -0.9597
vn -0.1237 0.8371 0.5328
vn -0.2923 0.9270 0.2351
vn -0.0490 0.3391 0.9395
vn -0.0982 0.5929 0.7993
vn 0.3980 -0.8338 0.3826
vn -0.1046 -0.9597 0.2607
vn -0.3979 0.8338 0.3826
vn -0.2923 -0.2351 0.9270
vn -0.0487 -0.9395 0.3391
vn -0.0982 -0.7992 0.5930
vn 0.1584 -0.7953 0.5851
vn -0.3980 -0.3826 0.8338
vn -0.2923 -0.9270 -0.2351
vn -0.0487 -0.3391 -0.9395
vn -0.0000 -0.9569 0.2903
vn -0.1636 -0.0156 -0.9864
vn -0.0801 -0.0003 -0.9968
vn 0.4339 -0.0002 -0.9010
vn 0.3896 0.8332 -0.3925
vn 0.1237 -0.5329 -0.8371
vn 0.9973 0.0597 -0.0420
vn 0.9991 0.0008 -0.0424
vn 0.9977 -0.0045 -0.0677
vn 0.9961 0.0590 -0.0652
vn 1.0000 -0.0000 -0.0000
vn -0.3718 -0.1811 0.9105
vn 0.9593 0.0820 -0.2702
vn 0.2923 0.2351 -0.9270
vn 0.0680 0.9358 -0.3458
vn 0.0037 0.8306 -0.5568
vn -0.0000 -0.2903 -0.9569
vn 0.9975 0.0700 -0.0050
vn -0.0000 -0.9569 -0.2903
vn -0.9977 -0.0081 -0.0680
vn -0.9952 0.0465 -0.0862
vn -0.9961 0.0590 -0.0653
vn -0.9977 -0.0046 -0.0678
vn 0.7930 -0.3662 0.4869
vn 0.3400 0.7701 0.5397
vn 0.8816 -0.0213 0.4714
vn 0.9088 -0.0380 0.4154
vn 0.3719 -0.9105 0.1811
vn 0.9593 0.2702 0.0819
vn 0.2923 0.9270 0.2351
vn 0.0680 0.3458 0.9358
vn -0.0000 0.9569 -0.2903
vn -0.0000 -0.8819 0.4714
vn 0.0196 -0.8356 -0.5491
vn 0.0213 -0.3680 -0.9296
vn 0.0676 -0.3458 -0.9359
vn 0.2923 -0.9270 -0.2351
vn -0.0987 -0.5930 -0.7991
vn -0.9976 0.0680 -0.0081
vn -0.9952 0.0862 0.0465
vn -0.9961 0.0653 0.0590
vn -0.9977 0.0678 -0.0045
vn -0.9988 0.0455 -0.0161
vn 0.9976 0.0680 0.0081
vn 0.9952 0.0862 -0.0465
vn 0.9961 0.0652 -0.0590
vn 0.9977 0.0678 0.0045
vn -0.1046 0.2607 0.9597
vn -0.0000 0.2903 -0.9569
vn -0.9988 -0.0161 -0.0455
vn 0.2923 -0.2351 0.9270
vn 0.0676 -0.9359 0.3458
vn -0.0000 -0.7730 -0.6344
vn 0.1786 -0.2774 0.9440
vn -0.0000 0.2903 0.9569
vn 0.9973 -0.0420 -0.0597
vn 0.9991 -0.0424 -0.0008
vn 0.9977 -0.0678 0.0045
vn 0.9961 -0.0652 -0.0590
vn -0.9976 -0.0680 0.0081
vn -0.9952 -0.0862 -0.0465
vn -0.9961 -0.0653 -0.0590
vn -0.9977 -0.0678 0.0046
vn 0.0849 0.8606 -0.5022
vn -1.0000 -0.0031 -0.0026
vn 0.5004 0.8306 -0.2444
vn -0.5859 0.7194 -0.3730
vn 0.2086 0.6713 -0.7113
vn 0.7930 0.3662 -0.4869
vn 0.8816 0.0213 -0.4715
vn 0.9088 0.0380 -0.4154
vn 0.0015 0.2880 -0.9576
vn -0.9988 0.0161 0.0455
vn -0.1645 0.9501 0.2652
vn 0.9988 -0.0161 0.0455
vn -0.1645 -0.2652 0.9501
vn 0.9794 -0.0586 0.1931
vn 0.0600 0.9624 -0.2650
vn 0.4181 -0.1045 0.9024
vn -0.4184 -0.0773 0.9050
vn 0.3981 -0.1764 0.9002
vn -0.9988 -0.0455 0.0161
vn 0.0849 -0.5022 -0.8606
vn 0.4084 0.9056 0.1145
vn -0.4149 0.9046 0.0978
vn -0.3981 0.9002 0.1764
vn 0.3981 0.9002 0.1764
vn 0.0600 0.2651 0.9624
vn 0.1786 0.2774 -0.9440
vn 0.1231 -0.9524 -0.2788
vn 0.3806 -0.8425 -0.3813
vn -0.2832 -0.8543 -0.4359
vn -0.5004 -0.8306 -0.2444
vn 0.5860 -0.7194 -0.3730
vn -0.2832 0.8543 0.4359
vn -0.9736 0.0132 0.2278
vn -0.9591 0.1866 0.2127
vn 0.7930 0.4869 0.3662
vn 0.3400 0.5397 -0.7701
vn 0.8816 0.4714 0.0213
vn 0.9088 0.4154 0.0380
vn 0.4084 0.1145 -0.9056
vn -0.4149 0.0978 -0.9046
vn -0.3981 0.1764 -0.9002
vn 0.3981 0.1764 -0.9002
vn -0.2285 0.0974 -0.9686
vn -0.3718 0.9105 0.1811
vn 0.0845 -0.8606 0.5022
vn -0.2832 0.4359 -0.8543
vn -0.7983 0.5158 0.3109
vn -0.9736 0.2278 -0.0132
vn -0.9591 0.2128 -0.1865
vn 0.0849 0.5022 0.8606
vn 0.0343 0.3808 -0.9240
vn -0.0987 0.7991 -0.5930
vn -0.1775 -0.9480 0.2643
vn 0.7930 -0.4869 -0.3662
vn 0.3400 -0.5397 0.7701
vn 0.8816 -0.4714 -0.0213
vn 0.9088 -0.4154 -0.0380
vn 0.5004 0.2444 0.8305
vn -0.5860 0.3730 0.7194
vn 0.2086 0.7113 0.6712
vn -0.7983 0.3110 -0.5158
vn -0.9736 -0.0132 -0.2278
vn -0.9591 -0.1866 -0.2127
vn -0.7983 -0.5158 -0.3109
vn -0.8816 -0.4714 0.0213
vn -0.9088 -0.4154 0.0380
vn -0.1580 -0.0100 -0.9874
vn 0.1231 0.2788 -0.9524
vn 0.9988 0.0161 -0.0455
vn -0.1580 0.9874 -0.0100
vn 0.2828 -0.2648 -0.9219
vn 0.2828 0.9219 -0.2648
vn 0.1645 -0.2652 -0.9501
vn -0.9794 -0.0586 0.1931
vn -0.9794 0.0586 0.1931
vn 0.9980 0.0065 -0.0634
vn 0.9957 -0.0522 -0.0767
vn 0.9961 -0.0590 -0.0652
vn 0.9977 0.0046 -0.0677
vn 0.2828 0.2648 0.9219
vn -0.1323 -0.5327 -0.8359
vn 0.9980 -0.0635 -0.0065
vn 0.9957 -0.0768 0.0522
vn 0.9961 -0.0653 0.0590
vn 0.9977 -0.0678 -0.0045
vn 0.9957 -0.0768 -0.0522
vn 0.9980 -0.0635 0.0065
vn 0.9961 -0.0653 -0.0590
vn 0.9980 -0.0065 0.0635
vn 0.9957 0.0522 0.0768
vn 0.9961 0.0590 0.0652
vn 0.9977 -0.0046 0.0678
vn 0.9957 -0.0522 0.0768
vn 0.9980 0.0065 0.0635
vn 0.9977 0.0046 0.0678
vn 0.9961 -0.0590 0.0652
vn 0.9988 -0.0455 -0.0161
vn 0.9980 0.0635 0.0065
vn 0.9957 0.0768 -0.0522
vn 0.9961 0.0653 -0.0590
vn 0.9957 0.0768 0.0522
vn 0.9980 0.0635 -0.0065
vn 0.9977 0.0678 -0.0045
vn 0.9961 0.0653 0.0590
vn -0.2160 0.7949 -0.5670
vn -0.9794 -0.1931 -0.0586
vn 0.1234 0.9524 -0.2788
vn 0.9794 -0.1931 -0.0586
vn -0.9980 -0.0065 -0.0635
vn -0.9957 0.0522 -0.0768
vn -0.9977 -0.0045 -0.0678
vn 0.1234 0.2789 0.9524
vn -0.9980 -0.0635 0.0065
vn -0.9957 -0.0768 -0.0522
vn -0.4007 -0.1730 -0.8997
vn -0.9980 0.0065 0.0635
vn -0.9957 -0.0522 0.0768
vn -0.9961 -0.0590 0.0653
vn -0.9977 0.0045 0.0678
vn 0.3806 0.3813 -0.8425
vn -0.9980 0.0635 -0.0065
vn -0.9957 0.0768 0.0522
vn -0.9977 0.0678 -0.0046
vn 0.1234 -0.9524 0.2788
vn -0.9957 -0.0522 -0.0768
vn -0.9980 0.0065 -0.0635
vn -0.9977 0.0045 -0.0678
vn -0.9961 -0.0590 -0.0653
vn -0.1234 0.2789 -0.9524
vn -0.1231 0.2788 0.9524
vn 0.3719 -0.1811 -0.9105
vn 0.4007 -0.1730 0.8997
vn -0.1231 0.9524 -0.2788
vn -0.4084 0.1145 0.9056
vn 0.4149 0.0978 0.9046
vn 0.3981 0.1764 0.9002
vn -0.3980 0.1764 0.9002
vn 0.4182 0.9023 0.1045
vn -0.4183 0.9050 0.0773
vn -0.3980 0.9002 0.1764
vn -0.4182 0.9023 -0.1045
vn 0.4184 0.9050 -0.0773
vn 0.3980 0.9002 -0.1765
vn -0.3981 0.9002 -0.1764
vn 0.4181 0.1045 -0.9024
vn -0.4183 0.0773 -0.9050
vn -0.3980 0.1764 -0.9003
vn -0.4084 0.9056 -0.1145
vn 0.4149 0.9046 -0.0978
vn 0.3981 0.9002 -0.1764
vn -0.3980 0.9002 -0.1764
vn 0.4182 -0.9023 -0.1045
vn -0.4184 -0.9050 -0.0773
vn -0.3980 -0.9002 -0.1764
vn 0.3981 -0.9002 -0.1764
vn -0.4182 -0.9023 0.1045
vn 0.4184 -0.9050 0.0773
vn 0.3981 -0.9002 0.1764
vn -0.3981 -0.9002 0.1764
vn -0.4084 -0.9056 0.1145
vn 0.4149 -0.9046 0.0978
vn -0.3980 -0.9002 0.1764
vn -0.4182 0.1045 0.9023
vn 0.4184 0.0773 0.9050
vn 0.3980 0.1764 0.9002
vn -0.3981 0.1764 0.9002
vn 0.1786 -0.9440 -0.2774
vn -0.4084 -0.1145 -0.9056
vn 0.4149 -0.0977 -0.9046
vn 0.3981 -0.1764 -0.9002
vn -0.3981 -0.1764 -0.9002
vn -0.4182 -0.1045 -0.9023
vn 0.4184 -0.0773 -0.9050
vn 0.1786 0.9440 0.2774
vn 0.2828 -0.9219 0.2648
vn 0.2147 -0.9751 -0.0555
vn 0.0026 0.9581 -0.2864
vn -0.1234 -0.9524 -0.2789
vn -0.0026 0.2864 -0.9581
vn -0.0015 0.9576 -0.2880
vn -0.0015 -0.9576 0.2880
vn 0.1775 0.9480 0.2644
vn 0.1775 -0.2643 0.9480
vn 0.9988 0.0455 0.0161
vn -0.0600 0.2650 -0.9624
vn -0.9794 -0.1931 0.0586
vn -0.2829 0.2648 -0.9219
vn -0.1786 -0.9440 0.2774
vn -0.2828 0.9219 0.2648
vn -0.1786 -0.2773 -0.9440
vn -0.2828 -0.9219 -0.2648
vn -0.1786 0.9440 -0.2774
vn -0.2828 -0.2648 0.9219
vn -0.1786 0.2773 0.9440
vn 0.0026 0.2864 0.9581
vn 0.2285 0.0974 0.9686
vn 0.4007 0.8997 0.1730
vn -0.0015 0.2880 0.9576
vn -0.0600 -0.9624 -0.2650
vn -0.2147 0.9751 -0.0556
vn 0.2147 0.0555 -0.9751
vn 0.0015 -0.9576 -0.2880
vn -0.3896 0.3925 -0.8332
vn -0.1775 -0.2643 -0.9480
vn 0.9593 -0.0820 -0.2702
vn 0.9794 -0.1931 0.0586
vn 0.9593 0.0820 0.2702
vn -0.4326 -0.0629 -0.8994
vn -0.3981 0.0869 -0.9132
vn 0.3980 0.0868 -0.9133
vn 0.4326 -0.0629 -0.8994
vn -0.9975 -0.0000 0.0700
vn -0.4909 0.8712 -0.0000
vn -0.9975 0.0700 -0.0000
vn -0.9975 -0.0000 -0.0700
vn 0.9975 -0.0000 -0.0700
vn 0.9975 -0.0700 -0.0000
vn 0.9975 -0.0000 0.0700
vn 0.9733 -0.0000 -0.2296
vn 0.4909 0.8712 -0.0000
vn 0.9733 -0.2296 -0.0000
vn -0.9975 -0.0700 -0.0000
vn 0.4326 0.0629 -0.8994
vn 0.3981 -0.0868 -0.9132
vn -0.3980 -0.0869 -0.9132
vn -0.4326 0.0629 -0.8994
vn 0.3980 0.0868 -0.9132
vn -0.3980 0.0868 -0.9132
vn -0.3981 0.9132 -0.0869
vn -0.4326 0.8994 0.0629
vn 0.4326 0.8994 0.0629
vn 0.3981 0.9132 -0.0868
vn -0.4326 0.8994 -0.0629
vn -0.3981 0.9132 0.0869
vn 0.3981 0.9132 0.0868
vn 0.4326 0.8994 -0.0629
vn -0.3980 0.9133 -0.0868
vn 0.3981 -0.0868 0.9132
vn 0.4326 0.0629 0.8994
vn -0.4326 0.0629 0.8994
vn -0.3980 -0.0868 0.9133
vn -0.3981 0.0869 0.9132
vn -0.4326 -0.0629 0.8994
vn 0.4326 -0.0629 0.8994
vn 0.3981 0.0868 0.9132
vn -0.3981 -0.0868 0.9132
vn 0.3980 -0.0868 0.9132
vn -0.3980 0.0868 0.9133
vn 0.3981 -0.9132 -0.0868
vn 0.4326 -0.8994 0.0629
vn -0.4326 -0.8994 0.0629
vn -0.3980 -0.9132 -0.0868
vn -0.3981 -0.9132 0.0868
vn -0.4326 -0.8994 -0.0629
vn 0.4326 -0.8994 -0.0629
vn 0.3980 -0.9133 0.0868
vn -0.3981 -0.9132 -0.0869
vn 0.3980 -0.9133 -0.0868
vn 0.3981 -0.9132 0.0868
vn -0.3980 -0.9132 0.0868
vn -0.3981 -0.0869 -0.9132
vn 0.3980 -0.0868 -0.9132
vn -0.3980 0.9133 0.0868
vn 0.9957 0.0522 -0.0768
vn 0.9980 -0.0065 -0.0635
vn 0.9977 -0.0046 -0.0678
vn 0.9976 -0.0680 -0.0081
vn 0.9952 -0.0862 0.0465
vn 0.9961 -0.0652 0.0590
vn -0.9957 0.0522 0.0767
vn -0.9980 -0.0065 0.0634
vn -0.9977 -0.0045 0.0678
vn -0.9961 0.0590 0.0652
vn -0.0525 0.4610 -0.8858
vn -0.8817 -0.0213 -0.4714
vn -0.9088 -0.0380 -0.4154
vn 0.9973 -0.0597 0.0420
vn 0.9991 -0.0008 0.0424
vn 0.9977 0.0045 0.0678
vn -0.8816 0.4714 -0.0213
vn -0.9088 0.4154 -0.0380
vn -0.5919 -0.4185 0.6889
vn 0.5832 -0.5711 0.5778
vn -0.5004 0.2444 -0.8305
vn 0.5860 0.3729 -0.7194
vn 0.2286 0.9686 -0.0974
vn 0.9976 -0.0081 0.0680
vn 0.9952 0.0465 0.0862
vn 0.9977 -0.0045 0.0678
vn -0.9957 -0.0768 0.0522
vn -0.9980 -0.0635 -0.0065
vn -0.9976 0.0081 0.0680
vn -0.9952 -0.0465 0.0862
vn -0.9977 0.0046 0.0678
vn -0.9973 -0.0597 -0.0420
vn -0.9991 -0.0008 -0.0424
vn -0.9977 0.0046 -0.0678
vn -0.9961 -0.0590 -0.0652
vn 0.9973 0.0420 0.0597
vn 0.9991 0.0424 0.0008
vn 0.9977 0.0678 -0.0046
vn 0.9961 0.0652 0.0590
vn -0.9957 0.0768 -0.0522
vn -0.9980 0.0635 0.0065
vn -0.9977 0.0678 0.0046
vn -0.9736 -0.2278 0.0132
vn -0.9591 -0.2128 0.1866
vn 0.9976 0.0081 -0.0681
vn 0.9980 -0.0000 -0.0626
vn 0.9555 -0.0000 -0.2949
vn 0.9736 0.0132 -0.2278
vn -0.9555 -0.0000 -0.2949
vn -0.9980 -0.0000 -0.0625
vn -0.9555 -0.2949 -0.0000
vn -0.9980 -0.0625 -0.0000
vn 0.9736 -0.2278 -0.0132
vn 0.9555 -0.2949 -0.0000
vn 0.9980 -0.0625 -0.0000
vn -0.9980 -0.0000 0.0625
vn -0.9555 -0.0000 0.2949
vn 0.9736 -0.0132 0.2278
vn 0.9555 -0.0000 0.2949
vn 0.9980 -0.0000 0.0626
vn -0.9980 0.0625 -0.0000
vn -0.9555 0.2949 -0.0000
vn 0.9736 0.2278 0.0132
vn 0.9555 0.2949 -0.0000
vn 0.9980 0.0625 -0.0000
vn 0.9475 -0.0116 -0.3195
vn 0.9980 -0.0000 -0.0625
vn 0.9475 0.0116 -0.3195
vn 0.9475 0.3195 0.0116
vn 0.9475 0.3195 -0.0116
vn 0.9980 -0.0000 0.0625
vn 0.9475 -0.0116 0.3195
vn 0.9475 0.0116 0.3194
vn 0.9475 -0.3195 -0.0116
vn 0.9475 -0.3195 0.0116
vn -0.9475 -0.0116 -0.3195
vn -0.9475 0.0116 -0.3195
vn -0.9475 0.3195 0.0115
vn -0.9475 0.3195 -0.0115
vn -0.9475 -0.0116 0.3195
vn -0.9475 0.0116 0.3195
vn -0.9475 -0.3195 -0.0115
vn -0.9475 -0.3195 0.0116
vn 0.8942 -0.4384 0.0904
vn 0.9385 -0.1904 0.2881
vn -0.9385 0.1904 0.2882
vn -0.8942 0.4384 0.0904
vn -0.5832 0.5711 0.5778
vn 0.5919 0.4184 0.6889
vn -0.9232 -0.0907 0.3735
vn -0.9018 -0.1970 0.3847
vn -0.7358 0.3881 0.5549
vn -0.6153 0.4309 0.6601
vn -0.0101 0.7900 0.6130
vn 0.6016 0.4367 0.6689
vn 0.8749 0.3294 0.3550
vn -0.5004 0.8306 0.2444
vn -0.9018 0.3847 0.1970
vn -0.9232 0.3735 0.0907
vn -0.7358 0.5549 -0.3881
vn -0.6153 0.6600 -0.4309
vn -0.0101 0.6130 -0.7900
vn 0.6016 0.6689 -0.4367
vn 0.8749 0.3550 -0.3294
vn 0.9232 0.3735 -0.0907
vn 0.9018 0.3847 -0.1970
vn 0.9591 0.1866 -0.2127
vn 0.9952 -0.0465 -0.0862
vn 0.8942 -0.0904 -0.4384
vn 0.9385 -0.2881 -0.1904
vn -0.9018 0.1970 -0.3847
vn -0.9232 0.0907 -0.3735
vn -0.7829 -0.3828 -0.4904
vn -0.6153 -0.4309 -0.6600
vn -0.0101 -0.7900 -0.6130
vn 0.6016 -0.4367 -0.6689
vn 0.8749 -0.3294 -0.3550
vn -0.8942 0.0904 -0.4384
vn -0.9385 0.2881 -0.1904
vn 0.5919 0.6889 -0.4185
vn -0.5831 0.5777 -0.5711
vn -0.9018 -0.3847 -0.1970
vn -0.9232 -0.3735 -0.0907
vn -0.7829 -0.4904 0.3828
vn -0.6153 -0.6601 0.4309
vn -0.0101 -0.6130 0.7900
vn 0.6016 -0.6689 0.4367
vn 0.8749 -0.3550 0.3294
vn 0.9232 -0.3735 0.0907
vn 0.9018 -0.3847 0.1970
vn 0.9591 -0.1866 0.2128
vn 0.5004 -0.8306 0.2444
vn 0.2086 -0.6712 0.7113
vn -0.9385 -0.2882 0.1904
vn -0.8942 -0.0904 0.4384
vn -0.5831 -0.5777 0.5711
vn 0.5919 -0.6889 0.4184
vn 0.9232 0.0907 0.3735
vn 0.9018 0.1970 0.3847
vn 0.9591 0.2128 0.1865
vn -0.9385 -0.1904 -0.2881
vn -0.8942 -0.4384 -0.0904
vn -0.5832 -0.5711 -0.5778
vn 0.5919 -0.4184 -0.6889
vn 0.9232 -0.0907 -0.3735
vn 0.9018 -0.1970 -0.3847
vn 0.9591 -0.2128 -0.1866
vn 0.8942 0.4384 -0.0904
vn 0.9385 0.1904 -0.2881
vn -0.5919 0.4185 -0.6889
vn 0.5832 0.5711 -0.5777
vn 0.8942 0.0904 0.4384
vn 0.9385 0.2881 0.1903
vn -0.5919 0.6889 0.4185
vn 0.5832 0.5777 0.5711
vn 0.9325 -0.3295 -0.1481
vn 0.9204 -0.2236 -0.3208
vn 0.9386 -0.0443 -0.3422
vn 0.9204 0.3208 0.2237
vn 0.9325 0.1482 0.3295
vn 0.9386 0.3422 0.0443
vn 0.9325 0.1482 -0.3295
vn 0.9204 0.3208 -0.2237
vn 0.9386 0.3422 -0.0443
vn 0.9204 -0.2236 0.3208
vn 0.9325 -0.3295 0.1482
vn 0.9386 -0.0443 0.3421
vn 0.9325 0.3295 0.1482
vn 0.9204 0.2236 0.3208
vn 0.5860 0.7194 0.3730
vn 0.9386 0.0443 0.3422
vn 0.9204 -0.3208 -0.2237
vn 0.9325 -0.1482 -0.3295
vn 0.9386 -0.3422 -0.0443
vn 0.9325 -0.1482 0.3295
vn 0.9204 -0.3208 0.2237
vn 0.9386 -0.3422 0.0443
vn 0.9204 0.2236 -0.3208
vn 0.9325 0.3295 -0.1481
vn 0.9386 0.0443 -0.3422
vn -0.9204 -0.2237 -0.3208
vn -0.9325 -0.3295 -0.1481
vn -0.9386 -0.0444 -0.3422
vn -0.9325 0.1482 0.3295
vn -0.9204 0.3208 0.2236
vn -0.9386 0.3422 0.0444
vn -0.9204 0.3208 -0.2237
vn -0.9325 0.1482 -0.3295
vn -0.9386 0.3422 -0.0444
vn -0.9325 -0.3295 0.1481
vn -0.9204 -0.2237 0.3208
vn -0.5859 -0.7194 0.3730
vn -0.9386 -0.0444 0.3422
vn -0.9204 0.2237 0.3208
vn -0.9325 0.3295 0.1481
vn -0.9386 0.0444 0.3422
vn -0.9325 -0.1482 -0.3295
vn -0.9204 -0.3208 -0.2236
vn -0.9386 -0.3422 -0.0444
vn -0.9204 -0.3208 0.2237
vn -0.9325 -0.1482 0.3295
vn -0.9386 -0.3422 0.0444
vn -0.9325 0.3295 -0.1481
vn -0.9204 0.2237 -0.3208
vn -0.9386 0.0444 -0.3422
vn -0.9187 0.0265 -0.3941
vn -0.9194 -0.0000 -0.3932
vn -0.4341 -0.0000 -0.9009
vn -0.9977 -0.0000 -0.0671
vn -0.9187 -0.0265 -0.3941
vn 0.9977 -0.0000 -0.0672
vn 0.9194 -0.0000 -0.3932
vn 0.9187 -0.0265 -0.3941
vn 0.9977 0.0045 -0.0678
vn 0.9187 0.0265 -0.3941
vn 0.4341 -0.0000 -0.9009
vn 0.3869 -0.6193 -0.6832
vn 0.8657 -0.3362 -0.3709
vn 0.9056 -0.4129 -0.0964
vn 0.9055 -0.0548 -0.4208
vn 0.3869 -0.6192 -0.6832
vn 0.9057 -0.4129 -0.0964
vn -0.9056 -0.4129 -0.0964
vn -0.8657 -0.3362 -0.3709
vn -0.3869 -0.6193 -0.6832
vn -0.9055 -0.0549 -0.4208
vn 0.9057 0.0964 0.4129
vn 0.8657 0.3709 0.3362
vn 0.3869 0.6832 0.6192
vn 0.9055 0.4208 0.0548
vn -0.3869 0.6832 0.6193
vn -0.8656 0.3710 0.3362
vn -0.9056 0.0964 0.4130
vn -0.9055 0.4208 0.0549
vn 0.9056 0.0964 0.4129
vn 0.3869 0.6832 0.6193
vn 0.9977 0.0671 -0.0000
vn 0.9195 0.3932 -0.0000
vn 0.9187 0.3941 -0.0264
vn 0.9187 0.3941 0.0264
vn 0.4341 0.9009 -0.0000
vn 0.9187 0.3941 -0.0265
vn 0.9187 0.3941 0.0265
vn -0.9187 0.3941 0.0265
vn -0.9194 0.3932 -0.0000
vn -0.4340 0.9009 -0.0000
vn -0.9977 0.0671 -0.0000
vn -0.9187 0.3941 -0.0265
vn 0.9056 0.0964 -0.4129
vn 0.8657 0.3709 -0.3362
vn 0.9055 0.4208 -0.0548
vn 0.3869 0.6832 -0.6193
vn 0.3869 0.6832 -0.6192
vn 0.9057 0.0964 -0.4129
vn -0.9056 0.0964 -0.4130
vn -0.8656 0.3710 -0.3362
vn -0.3869 0.6832 -0.6193
vn -0.9055 0.4208 -0.0548
vn 0.9057 -0.4129 0.0964
vn 0.8657 -0.3362 0.3709
vn 0.3869 -0.6192 0.6832
vn 0.9055 -0.0548 0.4208
vn -0.9056 -0.4129 0.0964
vn -0.8657 -0.3362 0.3710
vn -0.9055 -0.0549 0.4208
vn -0.3869 -0.6193 0.6832
vn 0.9977 -0.0000 0.0672
vn 0.9195 -0.0000 0.3932
vn 0.9187 0.0265 0.3941
vn 0.9187 -0.0265 0.3941
vn 0.4341 -0.0000 0.9009
vn 0.9977 -0.0000 0.0671
vn -0.9977 -0.0000 0.0671
vn -0.9194 -0.0000 0.3932
vn -0.9187 -0.0265 0.3941
vn -0.9187 0.0265 0.3941
vn -0.4341 -0.0000 0.9009
vn 0.9057 0.4129 0.0964
vn 0.8657 0.3362 0.3709
vn 0.9055 0.0548 0.4208
vn 0.3869 0.6193 0.6832
vn 0.3869 0.6192 0.6832
vn -0.9056 0.4129 0.0964
vn -0.8657 0.3362 0.3709
vn -0.3869 0.6193 0.6832
vn -0.9055 0.0549 0.4208
vn 0.9057 -0.0964 -0.4129
vn 0.8657 -0.3709 -0.3362
vn 0.3869 -0.6832 -0.6192
vn 0.9055 -0.4208 -0.0548
vn -0.3869 -0.6832 -0.6192
vn -0.8657 -0.3709 -0.3362
vn -0.9056 -0.0964 -0.4129
vn -0.9055 -0.4208 -0.0548
vn 0.3869 -0.6833 -0.6192
vn 0.9977 -0.0671 -0.0000
vn 0.9194 -0.3932 -0.0000
vn 0.9187 -0.3941 0.0265
vn 0.9187 -0.3941 -0.0265
vn 0.4340 -0.9009 -0.0000
vn 0.9195 -0.3932 -0.0000
vn 0.4341 -0.9009 -0.0000
vn 0.9187 -0.3941 -0.0264
vn -0.9977 -0.0671 -0.0000
vn -0.9194 -0.3932 -0.0000
vn -0.9187 -0.3941 -0.0265
vn -0.9187 -0.3941 0.0265
vn -0.4341 -0.9009 -0.0000
vn 0.9056 -0.0964 0.4129
vn 0.8657 -0.3709 0.3362
vn 0.9055 -0.4208 0.0548
vn 0.3869 -0.6832 0.6193
vn 0.9057 -0.0964 0.4129
vn -0.9055 -0.4208 0.0548
vn -0.8657 -0.3709 0.3362
vn -0.9057 -0.0964 0.4129
vn -0.3869 -0.6832 0.6192
vn 0.9057 0.4129 -0.0964
vn 0.8657 0.3362 -0.3709
vn 0.3869 0.6192 -0.6832
vn 0.9055 0.0548 -0.4208
vn -0.9056 0.4129 -0.0964
vn -0.8657 0.3362 -0.3709
vn -0.9055 0.0549 -0.4208
vn -0.3869 0.6193 -0.6832
vn 0.9056 0.4129 -0.0964
vn 0.3869 0.6193 -0.6832
vn 0.9195 -0.0000 -0.3932
vn 0.9977 -0.0000 -0.0671
vn -0.9057 -0.4129 -0.0964
vn -0.8657 0.3709 0.3362
vn -0.9056 0.0964 0.4129
vn -0.4341 0.9009 -0.0000
vn -0.9977 0.0672 -0.0000
vn -0.9056 0.0964 -0.4129
vn -0.8657 0.3709 -0.3362
vn -0.9055 0.4208 -0.0549
vn -0.8657 -0.3362 0.3709
vn -0.9057 -0.4129 0.0964
vn -0.9057 0.4129 0.0964
vn -0.3869 -0.6832 -0.6193
vn -0.9055 -0.4208 -0.0549
vn -0.9977 -0.0672 -0.0000
vn -0.9056 -0.0964 0.4129
vn -0.3869 -0.6832 0.6193
vn -0.9055 -0.4208 0.0549
vn -0.9057 0.4129 -0.0964
vn 0.7829 -0.3828 0.4904
vn 0.6154 -0.4309 0.6600
vn 0.0101 -0.7900 0.6130
vn -0.6016 -0.4367 0.6689
vn -0.8749 -0.3294 0.3550
vn 0.8580 -0.3719 -0.3542
vn 0.6056 -0.6547 -0.4523
vn 0.0090 -0.6031 -0.7976
vn -0.5929 -0.6625 -0.4577
vn -0.7353 -0.5470 -0.4001
vn 0.7829 -0.4904 -0.3828
vn 0.6153 -0.6600 -0.4309
vn 0.0101 -0.6130 -0.7900
vn -0.6016 -0.6689 -0.4367
vn -0.8749 -0.3550 -0.3294
vn -0.0126 0.9986 -0.0504
vn 0.7358 0.3880 -0.5549
vn 0.6153 0.4309 -0.6600
vn 0.0101 0.7900 -0.6130
vn -0.6016 0.4367 -0.6689
vn -0.8749 0.3294 -0.3550
vn 0.8580 0.3719 0.3542
vn 0.6056 0.6547 0.4523
vn 0.0091 0.6031 0.7976
vn -0.5929 0.6625 0.4577
vn -0.7780 0.4906 0.3925
vn 0.7829 0.4904 0.3828
vn 0.6153 0.6600 0.4309
vn 0.0101 0.6130 0.7900
vn -0.6016 0.6689 0.4367
vn -0.8749 0.3550 0.3295
vn -0.8580 -0.3720 0.3542
vn -0.6056 -0.6547 0.4524
vn -0.0091 -0.6030 0.7977
vn 0.5929 -0.6625 0.4577
vn 0.7780 -0.4906 0.3925
vn -0.8580 -0.3542 -0.3720
vn -0.6056 -0.4523 -0.6547
vn -0.0091 -0.7977 -0.6030
vn 0.5929 -0.4577 -0.6625
vn 0.7780 -0.3925 -0.4906
vn -0.8580 0.3720 -0.3542
vn -0.6056 0.6547 -0.4523
vn -0.0090 0.6030 -0.7977
vn 0.5929 0.6625 -0.4577
vn 0.7353 0.5470 -0.4001
vn -0.8580 0.3542 0.3720
vn -0.6056 0.4523 0.6547
vn -0.0090 0.7977 0.6030
vn 0.5929 0.4577 0.6625
vn 0.7353 0.4001 0.5470
vn -0.9733 0.2296 -0.0000
vn 0.9733 0.2296 -0.0000
vn 0.9975 0.0700 -0.0000
vn 0.8842 -0.4671 -0.0000
vn 0.4909 -0.8712 -0.0000
vn -0.4909 -0.8712 -0.0000
vn -0.8842 -0.4671 -0.0000
vn -0.9733 -0.2296 -0.0000
vn -0.9733 -0.0000 -0.2296
vn -0.8842 -0.0000 -0.4671
vn -0.4909 -0.0000 -0.8712
vn 0.4909 -0.0000 -0.8712
vn 0.8842 -0.0000 -0.4671
vn 0.9733 -0.0000 0.2296
vn -0.9733 -0.0000 0.2296
vn -0.8842 0.4671 -0.0000
vn 0.8842 0.4671 -0.0000
vn -0.8842 -0.0000 0.4671
vn -0.4909 -0.0000 0.8712
vn 0.4909 -0.0000 0.8712
vn 0.8842 -0.0000 0.4671
vn -0.4910 -0.0000 -0.8712
vn 0.6487 -0.5095 -0.5653
vn 0.9842 -0.1616 -0.0723
vn 0.6818 -0.7313 -0.0189
vn -0.6819 -0.7312 -0.0189
vn -0.9842 -0.1617 -0.0723
vn -0.6487 -0.5095 -0.5653
vn 0.7132 -0.5599 -0.4217
vn 0.7132 -0.0395 -0.6998
vn 0.9851 -0.0812 -0.1519
vn -0.6133 -0.1503 -0.7754
vn -0.5175 -0.6759 -0.5248
vn -0.9387 -0.2425 -0.2451
vn 0.5176 -0.6758 -0.5248
vn 0.6133 -0.1504 -0.7754
vn 0.9387 -0.2425 -0.2450
vn -0.7133 -0.5599 -0.4216
vn -0.9850 -0.0812 -0.1520
vn -0.7133 -0.0395 -0.6997
vn -0.6133 -0.5558 0.5612
vn -0.9387 -0.3378 0.0690
vn -0.5175 -0.8535 0.0608
vn 0.5176 -0.8535 0.0609
vn 0.9387 -0.3378 0.0691
vn 0.6132 -0.5558 0.5613
vn -0.6133 -0.5558 -0.5612
vn -0.5175 -0.8535 -0.0608
vn -0.9387 -0.3378 -0.0690
vn 0.5175 -0.8535 -0.0609
vn 0.6133 -0.5558 -0.5612
vn 0.9387 -0.3378 -0.0691
vn 0.7133 -0.0395 0.6998
vn 0.7132 -0.5599 0.4217
vn 0.9851 -0.0812 0.1519
vn -0.6133 -0.1503 0.7755
vn -0.9387 -0.2425 0.2451
vn -0.5175 -0.6759 0.5248
vn 0.6133 -0.1504 0.7754
vn 0.5176 -0.6758 0.5248
vn 0.9387 -0.2425 0.2450
vn -0.7133 -0.5599 0.4215
vn -0.7133 -0.0395 0.6997
vn -0.9850 -0.0812 0.1521
vn 0.7132 -0.4216 0.5599
vn 0.7132 -0.6998 0.0395
vn 0.9851 -0.1519 0.0812
vn -0.5175 -0.5248 0.6759
vn -0.9387 -0.2450 0.2425
vn -0.6132 -0.7755 0.1503
vn 0.5175 -0.5248 0.6758
vn 0.6133 -0.7754 0.1503
vn 0.9387 -0.2451 0.2425
vn -0.7133 -0.4216 0.5599
vn -0.9851 -0.1519 0.0812
vn -0.7133 -0.6998 0.0395
vn -0.5175 0.0608 0.8535
vn -0.6133 0.5613 0.5558
vn -0.9387 0.0690 0.3378
vn 0.5175 0.0608 0.8535
vn 0.9387 0.0690 0.3378
vn 0.6133 0.5612 0.5558
vn -0.5175 -0.0609 0.8535
vn -0.9387 -0.0690 0.3377
vn -0.6133 -0.5613 0.5558
vn 0.7132 0.4216 0.5600
vn 0.9851 0.1519 0.0812
vn 0.7132 0.6998 0.0395
vn -0.5175 0.5248 0.6759
vn -0.6132 0.7755 0.1503
vn -0.9387 0.2450 0.2425
vn -0.6819 0.7312 0.0188
vn -0.9842 0.1617 0.0723
vn -0.6487 0.5095 0.5653
vn 0.6487 0.5654 0.5095
vn 0.6818 0.0189 0.7313
vn 0.9842 0.0723 0.1617
vn -0.6819 0.0189 0.7312
vn -0.6487 0.5654 0.5094
vn -0.9842 0.0723 0.1617
vn 0.6487 0.5654 -0.5095
vn 0.9842 0.0723 -0.1617
vn 0.6818 0.0189 -0.7313
vn -0.6487 0.5654 -0.5094
vn -0.6819 0.0189 -0.7312
vn -0.9842 0.0723 -0.1617
vn 0.9842 0.1616 -0.0723
vn 0.6487 0.5095 -0.5653
vn 0.6818 0.7313 -0.0189
vn -0.6487 0.5095 -0.5653
vn -0.9842 0.1617 -0.0723
vn -0.6819 0.7312 -0.0189
vn -0.3286 0.6436 -0.6912
vn -0.9073 0.2565 -0.3332
vn -0.5632 0.8034 -0.1932
vn -0.3286 0.6913 -0.6436
vn -0.5631 0.1932 -0.8035
vn -0.9073 0.3332 -0.2565
vn -0.3286 0.6913 0.6436
vn -0.9073 0.3332 0.2564
vn -0.5631 0.1932 0.8035
vn 0.1128 -0.7836 0.6109
vn -0.0000 -0.1864 0.9825
vn -0.1128 -0.7836 0.6109
vn -0.5632 -0.8034 -0.1932
vn -0.9073 -0.2565 -0.3332
vn -0.3286 -0.6436 -0.6913
vn 0.1128 -0.7836 -0.6109
vn -0.1128 -0.7836 -0.6109
vn -0.0000 -0.1864 -0.9825
vn 0.1128 -0.6109 0.7836
vn -0.1128 -0.6109 0.7836
vn -0.0000 -0.9825 0.1864
vn 0.1128 0.6109 0.7836
vn -0.0000 0.9825 0.1863
vn -0.1128 0.6109 0.7837
vn 0.9073 0.2565 -0.3332
vn 0.3286 0.6435 -0.6913
vn 0.5632 0.8034 -0.1932
vn 0.9073 0.2566 0.3332
vn 0.5632 0.8034 0.1932
vn 0.3287 0.6435 0.6913
vn -0.1128 -0.6109 0.7837
vn 0.5632 -0.8034 -0.1932
vn 0.3286 -0.6435 -0.6913
vn 0.9073 -0.2565 -0.3331
vn 0.9073 0.3332 0.2565
vn 0.3286 0.6913 0.6435
vn 0.5632 0.1932 0.8034
vn 0.9073 0.3332 -0.2565
vn 0.5632 0.1932 -0.8034
vn 0.3286 0.6913 -0.6435
vn -0.5279 0.5937 -0.6073
vn -0.9101 0.4045 -0.0903
vn -0.3219 0.9336 -0.1571
vn 0.6918 0.7189 -0.0679
vn 0.9867 0.1551 -0.0495
vn 0.7363 0.4112 -0.5374
vn -0.3621 0.9244 0.1203
vn -0.9100 0.4058 0.0854
vn -0.5417 0.5990 0.5896
vn 0.7125 0.4497 0.5386
vn 0.9772 0.2046 0.0570
vn 0.6743 0.7370 0.0464
vn 0.0844 -0.9935 0.0764
vn -0.0844 -0.9935 0.0764
vn -0.0001 -0.9701 -0.2428
vn 0.9772 -0.2046 -0.0570
vn 0.6743 -0.7370 -0.0464
vn 0.7125 -0.4497 -0.5387
vn -0.0000 -0.9673 0.2536
vn -0.0880 -0.9939 -0.0660
vn 0.0880 -0.9939 -0.0660
vn 0.6918 -0.7189 0.0679
vn 0.9867 -0.1551 0.0495
vn 0.7363 -0.4112 0.5373
vn -0.3620 0.1203 -0.9244
vn -0.9100 0.0854 -0.4057
vn -0.5417 0.5896 -0.5991
vn 0.7125 0.5387 -0.4496
vn 0.9772 0.0570 -0.2046
vn 0.6743 0.0465 -0.7370
vn -0.9772 -0.2046 0.0570
vn -0.6743 -0.7370 0.0465
vn -0.7125 -0.4496 0.5387
vn 0.9866 0.0495 0.1552
vn 0.7363 0.5373 0.4112
vn 0.6918 0.0679 0.7189
vn -0.9867 0.0495 -0.1551
vn -0.7363 0.5373 -0.4112
vn -0.6919 0.0679 -0.7188
vn -0.9772 -0.0570 -0.2046
vn -0.6742 -0.0465 -0.7371
vn -0.7125 -0.5386 -0.4496
vn 0.9867 -0.0495 -0.1551
vn 0.7363 -0.5373 -0.4112
vn 0.6918 -0.0679 -0.7189
vn -0.9867 -0.0495 0.1551
vn -0.7364 -0.5374 0.4111
vn -0.6918 -0.0679 0.7188
vn 0.9772 -0.0570 0.2046
vn 0.6743 -0.0465 0.7370
vn 0.7125 -0.5387 0.4496
vn -0.9867 0.1551 0.0494
vn -0.7364 0.4112 0.5373
vn -0.6918 0.7189 0.0679
vn -0.5279 -0.6073 -0.5937
vn -0.9101 -0.0903 -0.4045
vn -0.3219 -0.1571 -0.9336
vn -0.9867 -0.1551 -0.0495
vn -0.7364 -0.4112 -0.5373
vn -0.6918 -0.7189 -0.0679
vn -0.9772 0.2046 -0.0570
vn -0.6743 0.7370 -0.0465
vn -0.7125 0.4496 -0.5387
vn -0.9772 0.0570 0.2046
vn -0.6742 0.0465 0.7371
vn -0.7125 0.5386 0.4497
vn -0.0000 0.2537 0.9673
vn -0.0880 -0.0660 0.9939
vn 0.0880 -0.0660 0.9939
vn 0.0844 0.0763 0.9935
vn -0.0844 0.0764 0.9935
vn -0.0000 -0.2428 0.9701
vn 0.5417 0.5990 -0.5897
vn 0.3620 0.9244 -0.1203
vn 0.9100 0.4058 -0.0854
vn 0.9101 -0.0902 0.4045
vn 0.3219 -0.1571 0.9336
vn 0.5278 -0.6074 0.5937
vn -0.0000 0.2428 0.9701
vn -0.0844 -0.0763 0.9935
vn 0.0845 -0.0764 0.9935
vn 0.0880 -0.9939 0.0660
vn -0.0880 -0.9939 0.0660
vn -0.0000 -0.9673 -0.2536
vn 0.5417 -0.5897 -0.5990
vn 0.3620 -0.1203 -0.9244
vn 0.9100 -0.0854 -0.4058
vn 0.9101 0.0902 -0.4045
vn 0.3220 0.1571 -0.9336
vn 0.5278 0.6074 -0.5937
vn -0.0000 -0.9701 0.2428
vn -0.0844 -0.9935 -0.0764
vn 0.0844 -0.9935 -0.0763
vn 0.9101 0.4045 0.0902
vn 0.3219 0.9336 0.1571
vn 0.5278 0.5937 0.6074
vn 0.9900 0.0399 -0.1356
vn 0.7500 0.1909 -0.6333
vn -0.9864 0.0535 -0.1556
vn -0.7382 0.1959 -0.6455
vn -0.0042 0.9972 -0.0743
vn -0.0098 0.7200 -0.6939
vn -0.9900 0.1356 -0.0399
vn -0.7501 0.6332 -0.1909
vn -0.0098 0.6939 -0.7200
vn -0.0042 0.0743 -0.9972
vn -0.0091 0.9803 -0.1973
vn -0.0028 0.6196 -0.7849
vn -0.0022 0.6340 0.7733
vn -0.0089 0.9871 0.1602
vn -0.0042 0.0743 0.9972
vn -0.0098 0.6939 0.7200
vn 0.2486 0.0444 0.9676
vn 0.6402 0.4100 0.6497
vn -0.9458 0.0942 0.3106
vn -0.5961 0.2331 0.7684
vn 0.9858 0.0550 0.1589
vn 0.7568 0.1916 0.6249
vn -0.9458 -0.0942 0.3106
vn -0.5960 -0.2331 0.7684
vn 0.0102 -0.9944 0.1053
vn 0.0416 -0.6505 0.7584
vn -0.9858 -0.0550 0.1589
vn -0.7569 -0.1916 0.6248
vn 0.6432 -0.6477 -0.4083
vn 0.2384 -0.9700 -0.0482
vn 0.9895 -0.0412 0.1384
vn 0.7686 -0.1864 0.6120
vn -0.0000 -0.7730 0.6344
vn -0.0000 -0.0980 0.9952
vn 0.9858 -0.1589 0.0550
vn 0.7569 -0.6249 0.1916
vn -0.9895 -0.1383 0.0412
vn -0.7686 -0.6120 0.1863
vn 0.1849 -0.8275 -0.5301
vn 0.0344 -0.9990 -0.0294
vn -0.9858 -0.1588 -0.0550
vn -0.7569 -0.6249 -0.1915
vn 0.0397 -0.9978 0.0526
vn 0.1997 -0.8165 0.5417
vn 0.9458 -0.3107 -0.0942
vn 0.5961 -0.7683 -0.2331
vn -0.0098 -0.7200 -0.6939
vn -0.0042 -0.9972 -0.0743
vn -0.0000 -0.0980 -0.9952
vn -0.0022 0.7733 -0.6340
vn -0.0089 0.1602 -0.9871
vn -0.9964 -0.0820 0.0198
vn -0.9527 -0.2958 0.0689
vn -0.9748 -0.2225 0.0134
vn -0.9158 -0.3086 0.2571
vn 0.9748 0.0142 0.2227
vn 0.9052 0.2873 0.3130
vn -0.9930 0.0231 -0.1156
vn -0.9012 0.1046 -0.4207
vn -0.9965 0.0197 0.0816
vn -0.9533 0.0686 0.2941
vn -0.9748 0.0133 0.2225
vn -0.9158 0.2571 0.3086
vn 0.9530 0.3029 0.0017
vn 0.8861 0.3867 -0.2554
vn 0.9748 -0.1352 0.1774
vn 0.9091 -0.4030 0.1053
vn 0.9930 0.0231 0.1157
vn 0.9012 0.1045 0.4206
vn 0.9563 0.1254 0.2640
vn 0.9220 0.3187 0.2201
vn 0.9748 -0.2225 -0.0134
vn 0.9158 -0.3086 -0.2572
vn -0.9748 0.1351 0.1774
vn -0.9091 0.4030 0.1053
vn 0.9965 -0.0817 -0.0198
vn 0.9533 -0.2940 -0.0686
vn -0.9929 -0.0233 0.1162
vn -0.9000 -0.1050 0.4231
vn -0.9964 -0.0198 -0.0819
vn -0.9527 -0.0689 -0.2959
vn 0.9530 0.0024 0.3028
vn 0.8959 -0.2242 0.3835
vn -0.9052 -0.2874 0.3130
vn -0.9748 -0.0142 0.2227
vn 0.9563 0.1254 -0.2640
vn 0.9220 0.3187 -0.2201
vn 0.9964 0.0820 0.0198
vn 0.9527 0.2958 0.0689
vn 0.9530 0.0017 -0.3029
vn 0.8861 -0.2553 -0.3867
vn -0.0091 -0.1973 -0.9803
vn -0.0028 -0.7849 -0.6196
vn -0.9929 0.1162 0.0233
vn -0.9000 0.4231 0.1050
vn 0.9964 -0.0198 0.0820
vn 0.9528 -0.0689 0.2958
vn -0.9052 -0.3130 -0.2875
vn -0.9748 -0.2227 -0.0142
vn 0.9930 0.1157 -0.0232
vn 0.9012 0.4206 -0.1046
vn -0.9091 -0.4030 0.1053
vn -0.9748 -0.1351 0.1774
vn -0.9964 0.0820 -0.0198
vn -0.9527 0.2958 -0.0689
vn -0.9748 -0.1774 0.1351
vn -0.9091 -0.1053 0.4030
vn -0.9930 -0.1156 -0.0231
vn -0.9012 -0.4207 -0.1046
vn 0.9965 0.0197 -0.0818
vn 0.9534 0.0686 -0.2939
vn -0.9091 -0.1053 -0.4031
vn -0.9748 -0.1774 -0.1351
vn 0.9748 -0.1774 0.1351
vn 0.9091 -0.1053 0.4032
vn 0.9929 -0.1163 0.0233
vn 0.9000 -0.4231 0.1050
vn 0.9734 -0.1698 -0.1535
vn 0.8686 -0.0611 -0.4917
vn 0.9563 -0.1254 -0.2640
vn 0.9220 -0.3187 -0.2201
vn 0.9000 -0.1050 -0.4230
vn 0.9929 -0.0233 -0.1163
vn 0.9748 -0.2227 0.0142
vn 0.9052 -0.3130 0.2874
vn 0.9864 -0.0535 -0.1556
vn 0.7381 -0.1959 -0.6457
vn -0.9900 -0.0399 -0.1356
vn -0.7501 -0.1909 -0.6332
vn 0.8959 0.2243 -0.3835
vn 0.9530 -0.0024 -0.3028
vn 0.9895 -0.1384 -0.0412
vn 0.7686 -0.6120 -0.1864
vn -0.9458 -0.3106 -0.0942
vn -0.5960 -0.7684 -0.2331
vn 0.0102 -0.1053 -0.9944
vn 0.0416 -0.7584 -0.6504
vn 0.2486 -0.9676 0.0444
vn 0.6402 -0.6497 0.4100
vn -0.9458 -0.3106 0.0942
vn -0.5960 -0.7684 0.2331
vn 0.9458 -0.3107 0.0942
vn 0.5961 -0.7684 0.2331
vn 0.0416 -0.7584 0.6505
vn 0.0102 -0.1053 0.9944
vn -0.0000 -0.9952 0.0980
vn -0.0000 -0.6344 0.7730
vn 0.9458 -0.0942 0.3107
vn 0.5961 -0.2331 0.7683
vn 0.0397 0.0526 0.9978
vn 0.1996 0.5417 0.8165
vn 0.1849 -0.5301 0.8275
vn 0.0344 -0.0294 0.9990
vn -0.9900 0.0399 0.1356
vn -0.7501 0.1909 0.6332
vn -0.0000 0.6344 0.7730
vn -0.0000 0.9952 0.0980
vn 0.9900 0.1356 0.0399
vn 0.7500 0.6332 0.1909
vn -0.9864 0.1556 0.0535
vn -0.7381 0.6456 0.1958
vn 0.9220 0.2201 0.3185
vn 0.9563 0.2640 0.1255
vn 0.9864 0.1556 -0.0535
vn 0.7381 0.6456 -0.1959
vn 0.8959 0.3835 0.2243
vn 0.9530 0.3028 -0.0024
vn 0.9563 0.2640 -0.1254
vn 0.9220 0.2201 -0.3186
vn 0.8162 0.1656 -0.5535
vn 0.9393 0.0990 -0.3284
vn -0.8226 0.1623 -0.5450
vn -0.9398 0.0985 -0.3273
vn 0.8226 0.5450 -0.1623
vn 0.9398 0.3273 -0.0985
vn -0.6747 0.7048 -0.2192
vn -0.9521 0.2917 -0.0916
vn 0.8162 0.5534 0.1657
vn 0.9393 0.3284 0.0990
vn -0.8226 0.5449 0.1623
vn -0.9398 0.3273 0.0985
vn 0.8226 0.1623 0.5450
vn 0.9398 0.0985 0.3273
vn -0.9268 0.1091 0.3594
vn -0.9723 0.0678 0.2236
vn 0.9267 -0.1090 0.3595
vn 0.9723 -0.0678 0.2235
vn -0.9291 -0.1070 0.3540
vn -0.9725 -0.0676 0.2230
vn 0.9291 -0.3541 0.1070
vn 0.9725 -0.2229 0.0675
vn -0.9267 -0.3595 0.1090
vn -0.9723 -0.2236 0.0678
vn 0.9721 -0.2214 -0.0778
vn 0.9776 -0.2005 -0.0633
vn -0.9290 -0.3542 -0.1070
vn -0.9725 -0.2229 -0.0676
vn 0.8226 -0.1623 -0.5450
vn 0.9398 -0.0985 -0.3273
vn -0.8163 -0.1656 -0.5534
vn -0.9393 -0.0990 -0.3284
vn -0.9220 0.3187 -0.2201
vn -0.9563 0.1254 -0.2640
vn -0.9554 0.2533 -0.1519
vn -0.9421 0.2571 -0.2151
vn -0.9530 0.3029 0.0024
vn -0.8959 0.3835 -0.2243
vn -0.8861 0.3868 0.2554
vn -0.9530 0.3029 -0.0017
vn -0.9219 0.2201 0.3187
vn -0.9563 0.2640 0.1254
vn -0.0416 -0.7584 0.6504
vn -0.0102 -0.1053 0.9944
vn -0.6401 -0.6497 -0.4100
vn -0.2486 -0.9676 -0.0444
vn -0.2384 -0.9700 0.0482
vn -0.6432 -0.6477 0.4084
vn -0.9563 -0.1254 -0.2640
vn -0.9219 -0.3187 -0.2201
vn -0.0102 -0.1053 -0.9944
vn -0.0416 -0.7584 -0.6504
vn -0.8861 0.2554 -0.3867
vn -0.9530 -0.0017 -0.3029
vn -0.9530 0.0024 -0.3029
vn -0.8959 -0.2243 -0.3835
vn -0.0102 -0.9944 0.1053
vn -0.0416 -0.6505 0.7584
vn -0.2385 0.0482 0.9700
vn -0.6432 0.4083 0.6477
vn -0.6401 -0.4100 0.6497
vn -0.2486 -0.0444 0.9676
vn -0.0416 0.6505 0.7584
vn -0.0102 0.9944 0.1053
vn -0.4492 -0.2588 -0.8551
vn -0.9159 -0.1180 -0.3837
vn -0.4342 0.8619 0.2619
vn -0.9165 0.3824 0.1178
vn -0.4492 0.8551 -0.2588
vn -0.9159 0.3837 -0.1180
vn -0.4342 0.2619 -0.8619
vn -0.9164 0.1178 -0.3824
vn 0.0042 0.9972 -0.0743
vn 0.0098 0.7200 -0.6939
vn 0.0089 0.9871 -0.1602
vn 0.0022 0.6340 -0.7733
vn 0.0098 0.7200 0.6939
vn 0.0042 0.9972 0.0743
vn 0.0028 -0.7849 0.6196
vn 0.0091 -0.1973 0.9803
vn -0.0344 0.0294 0.9990
vn -0.1849 0.5301 0.8275
vn -0.1996 -0.8165 -0.5417
vn -0.0397 -0.9978 -0.0526
vn 0.0098 -0.7200 -0.6939
vn 0.0042 -0.9972 -0.0743
vn 0.0089 -0.1602 -0.9871
vn 0.0022 -0.7733 -0.6340
vn 0.0028 0.7849 -0.6196
vn 0.0091 0.1973 -0.9803
vn -0.0344 -0.9990 0.0294
vn -0.1849 -0.8275 0.5301
vn 0.0042 0.0743 0.9972
vn 0.0098 0.6939 0.7200
vn 0.0028 0.6196 0.7849
vn 0.0091 0.9803 0.1973
vn 0.0098 0.6939 -0.7200
vn 0.0042 0.0743 -0.9972
vn 0.4343 -0.2619 -0.8619
vn 0.9164 -0.1178 -0.3824
vn 0.4343 0.2619 0.8619
vn 0.9165 0.1178 0.3824
vn 0.4493 0.8551 0.2588
vn 0.9159 0.3837 0.1180
vn 0.4343 0.8619 -0.2619
vn 0.9164 0.3824 -0.1178
vn 0.4493 0.2588 -0.8551
vn 0.9159 0.1180 -0.3837
vn -0.9981 -0.0606 0.0079
vn -0.9069 -0.1770 0.3823
vn -0.9961 -0.0129 -0.0877
vn -0.9969 -0.0075 -0.0786
vn 1.0000 -0.0062 -0.0034
vn 0.9997 -0.0231 -0.0126
vn 0.9981 0.0605 0.0079
vn 0.9069 0.1770 0.3824
vn 0.9961 0.0129 -0.0877
vn 0.9969 0.0074 -0.0786
vn -1.0000 0.0062 -0.0034
vn -0.9997 0.0230 -0.0125
vn 0.9990 -0.0169 0.0412
vn 0.9556 -0.1029 0.2762
vn 0.9990 0.0412 0.0169
vn 0.9556 0.2762 0.1029
vn 0.9997 -0.0126 0.0231
vn 1.0000 -0.0033 0.0062
vn -0.9969 -0.0786 0.0075
vn -0.9961 -0.0877 0.0129
vn -0.9990 0.0412 -0.0169
vn -0.9556 0.2763 -0.1029
vn -0.9997 -0.0126 -0.0230
vn -1.0000 -0.0034 -0.0062
vn 0.9969 -0.0786 -0.0074
vn 0.9961 -0.0877 -0.0130
vn -0.9981 -0.0080 -0.0605
vn -0.9069 -0.3823 -0.1770
vn -0.9961 0.0877 -0.0130
vn -0.9969 0.0786 -0.0074
vn 1.0000 0.0033 -0.0062
vn 0.9997 0.0126 -0.0231
vn 0.9990 0.0169 -0.0412
vn 0.9556 0.1029 -0.2762
vn 0.9997 0.0231 0.0126
vn 1.0000 0.0062 0.0033
vn -0.9969 0.0075 0.0786
vn -0.9961 0.0129 0.0877
vn 0.9981 0.0080 -0.0605
vn 0.9069 0.3824 -0.1770
vn 0.9990 -0.0412 -0.0169
vn 0.9556 -0.2762 -0.1029
vn -0.9990 -0.0412 0.0169
vn -0.9556 -0.2763 0.1029
vn -0.9997 0.0126 0.0230
vn -1.0000 0.0034 0.0062
vn 0.9969 0.0786 0.0074
vn 0.9961 0.0877 0.0130
vn 0.9981 -0.0080 0.0605
vn 0.9069 -0.3824 0.1770
vn -0.9990 0.0169 0.0412
vn -0.9556 0.1029 0.2762
vn 0.9981 -0.0605 -0.0079
vn 0.9069 -0.1770 -0.3824
vn 0.9961 -0.0129 0.0877
vn 0.9969 -0.0074 0.0786
vn -1.0000 -0.0062 0.0034
vn -0.9997 -0.0230 0.0125
vn -0.9990 -0.0169 -0.0412
vn -0.9556 -0.1029 -0.2762
vn -0.9981 0.0606 -0.0079
vn -0.9069 0.1770 -0.3823
vn -0.9981 0.0080 0.0605
vn -0.9069 0.3823 0.1770
vn -1.0000 -0.0006 0.0015
vn 0.0081 -0.9383 -0.3458
vn -0.0000 -0.3458 0.9383
vn -0.0000 0.6344 -0.7730
vn 0.9975 -0.0700 0.0050
vn -0.0000 -0.9383 -0.3458
vn -0.0000 0.7730 0.6344
vn 0.0081 -0.3458 0.9383
vn 0.9975 0.0050 0.0700
vn 0.9975 -0.0050 -0.0700
vn -0.0000 0.8819 -0.4714
vn -0.0126 0.0504 0.9986
vn -0.0000 0.4714 0.8819
vn 0.0007 0.9987 -0.0503
vn 0.0007 0.0503 0.9987
vn -1.0000 0.0015 -0.0008
vn -1.0000 0.0008 0.0015
vn 0.0007 -0.9987 0.0503
vn -1.0000 -0.0015 0.0008
vn 0.0117 -0.3470 0.9378
vn -0.0000 -0.0503 -0.9987
vn -1.0000 0.0026 -0.0031
vn 0.0117 0.3470 -0.9378
vn 0.0117 -0.9378 -0.3470
vn -0.0126 -0.0504 -0.9986
vn -1.0000 0.0031 0.0025
vn 0.0007 -0.0503 -0.9987
vn 0.9965 0.0784 0.0275
vn -1.0000 -0.0008 -0.0015
vn 0.0081 0.3458 -0.9383
vn -0.0000 0.0503 0.9987
vn 0.0117 0.9378 0.3470
vn -1.0000 -0.0025 0.0031
vn 0.9965 0.0275 -0.0784
vn 0.9965 -0.0275 0.0784
vn -0.0000 -0.9987 0.0503
vn 0.9474 0.2030 -0.2474
vn -0.9474 0.2030 -0.2474
vn 0.9474 0.2474 0.2030
vn -0.9474 0.2474 0.2030
vn 0.9474 -0.2030 0.2474
vn -0.9474 -0.2030 0.2474
vn 0.9474 -0.2474 -0.2030
vn -0.9474 -0.2474 -0.2030
vn -0.0000 0.0980 0.9952
vn -0.0000 0.9952 -0.0980
vn -0.0022 0.6717 -0.7408
vn -0.0022 -0.7408 -0.6717
vn -0.0022 -0.6717 0.7408
vn -0.0022 0.7408 0.6717
vn 0.9409 -0.3381 -0.0206
vn -0.9466 -0.2971 -0.1252
vn -0.9466 -0.1252 0.2971
vn 0.9409 -0.0206 0.3381
vn 0.9409 0.0206 -0.3381
vn -0.9466 0.1252 -0.2971
vn -0.9466 0.2971 0.1252
vn 0.9409 0.3381 0.0206
vn -0.9474 -0.1523 -0.2815
vn 0.9474 -0.1509 -0.2823
vn -0.0150 -0.7426 -0.6695
vn 0.0021 -0.4182 -0.9084
vn 0.0202 -0.9069 0.4209
vn -0.9474 -0.2815 0.1523
vn 0.9474 -0.2822 0.1509
vn -0.0150 -0.6695 0.7426
vn 0.0021 -0.9084 0.4182
vn 0.0202 0.4209 0.9069
vn -0.9474 0.1523 0.2815
vn 0.9474 0.1509 0.2823
vn -0.0150 0.7426 0.6695
vn 0.0021 0.4182 0.9084
vn 0.0202 0.9069 -0.4209
vn -0.9474 0.2815 -0.1523
vn 0.9474 0.2822 -0.1509
vn -0.0150 0.6695 -0.7426
vn 0.0021 0.9084 -0.4182
vn 0.0202 -0.4209 -0.9069
vn -0.9481 0.3160 -0.0346
vn 0.9411 0.3311 0.0684
vn 0.9411 0.0684 -0.3311
vn -0.9481 -0.0346 -0.3160
vn 0.9411 -0.0684 0.3311
vn -0.9481 0.0346 0.3160
vn -0.9481 -0.3160 0.0346
vn 0.9411 -0.3311 -0.0684
vt 0.150672 1.169374
vt 0.206322 1.169386
vt 0.206328 1.188390
vt 0.150678 1.188378
vt 1.335121 0.332875
vt 1.335102 0.302292
vt 1.337539 0.302292
vt 1.337557 0.332875
vt 0.150678 1.150015
vt 0.206328 1.150028
vt 0.805099 0.959811
vt 0.787523 0.949056
vt 0.797756 0.937638
vt 0.812703 0.946784
vt 0.824630 0.967219
vt 0.829312 0.953084
vt 0.845362 0.970996
vt 0.846943 0.956296
vt 0.206344 1.206310
vt 0.150694 1.206297
vt 0.866502 0.970996
vt 0.864921 0.956296
vt 0.206371 1.222456
vt 0.150721 1.222443
vt 0.206407 1.236208
vt 0.150757 1.236196
vt 0.092952 1.249822
vt 0.037302 1.249822
vt 0.037344 1.236134
vt 0.092993 1.236134
vt 0.906765 0.959811
vt 0.887235 0.967219
vt 0.882552 0.953084
vt 0.899161 0.946784
vt 0.395370 1.007156
vt 0.395400 1.018851
vt 0.365373 1.018844
vt 0.365343 1.007149
vt 0.944670 0.285799
vt 0.944705 0.274158
vt 0.974732 0.274158
vt 0.974697 0.285799
vt 0.395347 0.993425
vt 0.365320 0.993418
vt 0.074660 0.904374
vt 0.094190 0.911782
vt 0.086587 0.924809
vt 0.069978 0.918509
vt 0.053927 0.900597
vt 0.052346 0.915297
vt 0.032788 0.900597
vt 0.034369 0.915297
vt 0.395333 0.978186
vt 0.365306 0.978179
vt 0.012055 0.904374
vt 0.016737 0.918509
vt 0.395328 0.962024
vt 0.365302 0.962018
vt 0.395333 0.945562
vt 0.365306 0.945555
vt -0.007475 0.911782
vt 0.000129 0.924809
vt 0.656239 1.218168
vt 0.696875 1.218177
vt 0.696870 1.237536
vt 0.656233 1.237526
vt 0.696875 1.256540
vt 0.656239 1.256531
vt 1.246554 -0.411403
vt 1.246554 -0.392044
vt 1.230502 -0.393492
vt 1.230502 -0.409955
vt 1.242430 -0.430390
vt 1.226995 -0.426102
vt 1.234340 -0.448275
vt 1.220115 -0.441312
vt 0.696892 1.274459
vt 0.656255 1.274450
vt 1.222596 -0.464371
vt 1.210127 -0.455000
vt 0.696918 1.290605
vt 0.656281 1.290596
vt 1.207648 -0.478060
vt 1.197416 -0.466642
vt 0.696954 1.304358
vt 0.656317 1.304348
vt 1.190072 -0.488815
vt 1.182468 -0.475788
vt 0.302781 1.249822
vt 0.262145 1.249822
vt 0.262186 1.236134
vt 0.302823 1.236134
vt 1.034974 0.262522
vt 1.035005 0.274217
vt 1.004978 0.274210
vt 1.004948 0.262515
vt 0.763961 0.285799
vt 0.763996 0.274158
vt 0.794023 0.274158
vt 0.793988 0.285799
vt 0.764024 0.260469
vt 0.794050 0.260469
vt 1.170542 -0.496223
vt 1.165859 -0.482088
vt 0.764043 0.245259
vt 0.794070 0.245259
vt 1.149809 -0.500000
vt 1.148228 -0.485300
vt 0.302855 1.220037
vt 0.262218 1.220037
vt 0.262241 1.202152
vt 0.302878 1.202152
vt 0.126714 0.936226
vt 0.138459 0.952322
vt 0.124234 0.959285
vt 0.114246 0.945596
vt 0.111767 0.922537
vt 0.101534 0.933955
vt 0.944733 0.260469
vt 0.974760 0.260469
vt 0.944752 0.245259
vt 0.974779 0.245259
vt 0.944762 0.229112
vt 0.974788 0.229112
vt 0.146548 0.970207
vt 0.131113 0.974495
vt 0.150672 0.989194
vt 0.134620 0.990642
vt 0.944762 0.212649
vt 0.974788 0.212649
vt 0.944752 0.196503
vt 0.974779 0.196503
vt 0.150672 1.008553
vt 0.134620 1.007105
vt 0.302889 1.163807
vt 0.262252 1.163807
vt 0.262241 1.144820
vt 0.302878 1.144820
vt 0.302889 1.183165
vt 0.262252 1.183165
vt 1.088407 -0.488815
vt 1.107937 -0.496223
vt 1.112619 -0.482088
vt 1.096010 -0.475788
vt 1.128670 -0.500000
vt 1.130251 -0.485300
vt 0.764053 0.229112
vt 0.794079 0.229112
vt 0.764053 0.212649
vt 0.794079 0.212649
vt 0.975460 1.115824
vt 0.967371 1.097939
vt 0.982806 1.093651
vt 0.989685 1.108861
vt 0.987205 1.131920
vt 0.999673 1.122549
vt 1.002152 1.145609
vt 1.012385 1.134190
vt 1.467990 -0.394998
vt 1.427354 -0.394998
vt 1.427365 -0.413984
vt 1.468002 -0.413984
vt 1.467968 -0.377112
vt 1.427331 -0.377112
vt 1.070833 0.087641
vt 1.082578 0.071545
vt 1.095046 0.080916
vt 1.085059 0.094604
vt 1.097525 0.057856
vt 1.107758 0.069275
vt 1.004844 0.181293
vt 1.004825 0.196503
vt 0.974798 0.196503
vt 0.974817 0.181293
vt 1.004815 0.212649
vt 1.004871 0.167604
vt 0.974845 0.167604
vt 1.115102 0.047101
vt 1.122705 0.060128
vt 1.004907 0.155963
vt 0.974880 0.155963
vt 1.134632 0.039693
vt 1.139314 0.053828
vt 1.467935 -0.361016
vt 1.427299 -0.361016
vt 1.467894 -0.347327
vt 1.427257 -0.347327
vt 1.019729 1.156364
vt 1.027332 1.143337
vt 1.039259 1.163772
vt 1.043941 1.149637
vt 1.059992 1.167549
vt 1.061573 1.152849
vt 0.697003 1.290596
vt 0.737639 1.290605
vt 0.737675 1.304358
vt 0.697038 1.304348
vt 1.081131 1.167549
vt 1.079550 1.152849
vt 0.696976 1.274450
vt 0.737613 1.274459
vt 1.155365 0.035916
vt 1.156946 0.050616
vt 1.176504 0.035916
vt 1.174923 0.050616
vt 1.197237 0.039693
vt 1.192555 0.053828
vt 0.696960 1.256531
vt 0.737596 1.256540
vt 1.216767 0.047101
vt 1.209164 0.060128
vt 0.696954 1.237526
vt 0.737591 1.237536
vt 1.101864 1.163772
vt 1.097182 1.149637
vt 1.121394 1.156364
vt 1.113790 1.143337
vt 1.138970 1.145609
vt 1.128738 1.134190
vt 0.696960 1.218168
vt 0.737596 1.218177
vt 1.034933 0.217390
vt 1.034938 0.233552
vt 1.004911 0.233545
vt 1.004907 0.217384
vt 1.034938 0.200928
vt 1.004911 0.200921
vt 1.034952 0.184796
vt 1.004925 0.184789
vt 1.153918 1.131920
vt 1.141449 1.122549
vt 1.034974 0.169616
vt 1.004948 0.169609
vt 1.165662 1.115824
vt 1.151437 1.108861
vt 0.696976 1.199199
vt 0.737613 1.199208
vt 0.697003 1.181348
vt 0.737639 1.181358
vt 1.234343 0.057856
vt 1.249291 0.071545
vt 1.236823 0.080916
vt 1.224111 0.069275
vt 1.261035 0.087641
vt 1.246810 0.094604
vt 1.377132 1.181201
vt 1.377109 1.196382
vt 1.347083 1.196375
vt 1.347105 1.181195
vt 1.377095 1.212514
vt 1.347069 1.212507
vt 1.377162 1.167556
vt 1.347136 1.167549
vt 1.269125 0.105526
vt 1.253690 0.109814
vt 0.603298 1.199669
vt 0.591554 1.215765
vt 0.579086 1.206394
vt 0.589073 1.192706
vt 0.611388 1.181784
vt 0.595953 1.177496
vt 0.789387 1.183595
vt 0.830024 1.183604
vt 0.829997 1.201455
vt 0.789360 1.201445
vt 0.789423 1.167549
vt 0.830059 1.167558
vt 0.405007 0.927899
vt 0.413096 0.910013
vt 0.427321 0.916976
vt 0.420442 0.932186
vt 0.424841 0.893917
vt 0.437309 0.903288
vt 1.316936 1.181201
vt 1.316913 1.196382
vt 1.286886 1.196375
vt 1.286909 1.181195
vt 1.316966 1.167556
vt 1.286939 1.167549
vt 1.468029 -0.368109
vt 1.468002 -0.381798
vt 1.498028 -0.381798
vt 1.498056 -0.368109
vt 0.439788 0.880228
vt 0.450021 0.891647
vt 1.468048 -0.352899
vt 1.498075 -0.352899
vt 0.457365 0.869473
vt 0.464968 0.882500
vt 0.682589 0.265162
vt 0.723226 0.265162
vt 0.723258 0.281258
vt 0.682621 0.281258
vt 0.682566 0.247277
vt 0.723203 0.247277
vt 0.615512 1.162797
vt 0.599460 1.161349
vt 0.615512 1.143438
vt 0.599460 1.144886
vt 1.469927 1.149881
vt 1.469908 1.134671
vt 1.499934 1.134671
vt 1.499953 1.149881
vt 1.469880 1.120982
vt 1.499907 1.120982
vt 1.273249 0.124513
vt 1.257197 0.125961
vt 1.273249 0.143872
vt 1.257197 0.142424
vt 0.601183 0.265162
vt 0.641819 0.265162
vt 0.641852 0.281258
vt 0.601215 0.281258
vt 0.601160 0.247277
vt 0.641797 0.247277
vt 1.177876 1.078952
vt 1.173752 1.097939
vt 1.158317 1.093651
vt 1.161824 1.077504
vt 1.177876 1.059593
vt 1.161824 1.061041
vt 1.242272 -0.242044
vt 1.242252 -0.257254
vt 1.272279 -0.257254
vt 1.272298 -0.242044
vt 1.242225 -0.270942
vt 1.272251 -0.270942
vt 1.242281 -0.225897
vt 1.272308 -0.225897
vt 1.173752 1.040606
vt 1.158317 1.044894
vt 1.207648 -0.325387
vt 1.190072 -0.314632
vt 1.182468 -0.327659
vt 1.197416 -0.336806
vt 1.170542 -0.307224
vt 1.165859 -0.321359
vt 0.911524 1.272561
vt 0.952161 1.272551
vt 0.952188 1.290437
vt 0.911552 1.290447
vt 0.911507 1.253575
vt 0.952144 1.253564
vt -0.063957 0.989194
vt -0.059833 0.970207
vt -0.044398 0.974495
vt -0.047905 0.990642
vt -0.063957 1.008553
vt -0.047905 1.007105
vt 1.469964 0.803342
vt 1.469945 0.788132
vt 1.499971 0.788132
vt 1.499990 0.803342
vt 1.469973 0.819488
vt 1.500000 0.819488
vt 1.469973 0.835951
vt 1.500000 0.835951
vt -0.059833 1.027539
vt -0.044398 1.023252
vt 0.752741 0.844054
vt 0.760831 0.826168
vt 0.775056 0.833131
vt 0.768176 0.848341
vt 0.748617 0.863040
vt 0.764669 0.864488
vt 0.206412 1.183179
vt 0.262062 1.183165
vt 0.262079 1.202152
vt 0.206429 1.202166
vt 0.206407 1.163821
vt 0.262057 1.163807
vt 0.262107 1.220037
vt 0.206457 1.220051
vt 0.262145 1.236134
vt 0.206494 1.236147
vt 0.752741 0.901386
vt 0.748617 0.882399
vt 0.764669 0.880951
vt 0.768177 0.897098
vt 1.469917 0.774443
vt 1.499944 0.774443
vt 0.395400 0.900604
vt 0.395370 0.914250
vt 0.365343 0.914243
vt 0.365373 0.900597
vt 0.760831 0.919271
vt 0.775056 0.912308
vt -0.051743 0.952322
vt -0.037518 0.959285
vt -0.039999 0.936226
vt -0.027530 0.945596
vt 0.656317 1.165302
vt 0.696954 1.165312
vt 0.696918 1.181358
vt 0.656281 1.181348
vt 0.952226 1.306533
vt 0.911589 1.306543
vt 1.234340 -0.355172
vt 1.222596 -0.339076
vt 1.210127 -0.348447
vt 1.220115 -0.362135
vt 1.035005 0.155970
vt 1.004978 0.155963
vt 1.242430 -0.373057
vt 1.226995 -0.377345
vt 0.696892 1.199208
vt 0.656255 1.199199
vt -0.025051 0.922537
vt -0.014819 0.933955
vt 0.395347 0.929430
vt 0.365320 0.929423
vt 0.772575 0.935367
vt 0.785044 0.925996
vt 0.150694 1.131046
vt 0.206344 1.131059
vt 0.150721 1.113196
vt 0.206371 1.113208
vt 0.150757 1.097150
vt 0.206407 1.097162
vt 0.206412 1.144834
vt 0.262062 1.144820
vt 0.206429 1.126948
vt 0.262079 1.126935
vt 0.772575 0.810072
vt 0.785044 0.819443
vt 0.787523 0.796383
vt 0.797755 0.807802
vt 1.469945 0.867308
vt 1.469964 0.852098
vt 1.499990 0.852098
vt 1.499971 0.867308
vt -0.051743 1.045425
vt -0.037518 1.038461
vt -0.039999 1.061521
vt -0.027530 1.052150
vt 0.911507 1.215229
vt 0.952144 1.215219
vt 0.952138 1.234206
vt 0.911501 1.234216
vt 0.911524 1.197344
vt 0.952161 1.197334
vt 1.149809 -0.303447
vt 1.128670 -0.303447
vt 1.130250 -0.318147
vt 1.148228 -0.318147
vt 1.107937 -0.307224
vt 1.112619 -0.321359
vt 1.242252 -0.178077
vt 1.242272 -0.193287
vt 1.272298 -0.193287
vt 1.272279 -0.178077
vt 1.242281 -0.209434
vt 1.272308 -0.209434
vt 1.138970 0.992936
vt 1.153918 1.006625
vt 1.141449 1.015996
vt 1.128738 1.004354
vt 1.165662 1.022721
vt 1.151437 1.029684
vt 0.601160 0.189944
vt 0.641797 0.189944
vt 0.641786 0.208931
vt 0.601149 0.208931
vt 0.601183 0.172059
vt 0.641819 0.172059
vt 1.261035 0.180744
vt 1.249291 0.196840
vt 1.236823 0.187470
vt 1.246810 0.173781
vt 1.234344 0.210529
vt 1.224111 0.199111
vt 1.469908 1.213847
vt 1.469927 1.198637
vt 1.499953 1.198637
vt 1.499934 1.213847
vt 1.469936 1.182491
vt 1.499963 1.182491
vt 1.216767 0.221284
vt 1.209163 0.208257
vt 1.469880 1.227536
vt 1.499907 1.227536
vt 0.576607 1.076781
vt 0.591554 1.090470
vt 0.579086 1.099841
vt 0.566374 1.088199
vt 0.559030 1.066026
vt 0.551426 1.079053
vt 0.682589 0.172059
vt 0.723225 0.172059
vt 0.723203 0.189944
vt 0.682566 0.189944
vt 0.682621 0.155963
vt 0.723258 0.155963
vt 0.518767 0.858288
vt 0.539500 0.862065
vt 0.534818 0.876200
vt 0.517186 0.872988
vt 0.559030 0.869473
vt 0.551426 0.882500
vt 1.468029 -0.288933
vt 1.468048 -0.304142
vt 1.498075 -0.304142
vt 1.498056 -0.288933
vt 1.468002 -0.275244
vt 1.498028 -0.275244
vt 1.483988 -0.054075
vt 1.484019 -0.042434
vt 1.453993 -0.042442
vt 1.453961 -0.054083
vt 0.576606 0.880228
vt 0.566374 0.891647
vt 1.483964 -0.067764
vt 1.453938 -0.067772
vt 0.591554 0.893917
vt 0.579086 0.903288
vt 1.033725 1.292844
vt 1.074362 1.292854
vt 1.074399 1.306543
vt 1.033763 1.306533
vt 1.033698 1.276748
vt 1.074334 1.276758
vt 0.539500 1.058618
vt 0.534818 1.072753
vt 0.518767 1.054841
vt 0.517186 1.069541
vt 1.498048 -0.407127
vt 1.498071 -0.393439
vt 1.468045 -0.393446
vt 1.468021 -0.407135
vt 1.498103 -0.381798
vt 1.468076 -0.381805
vt 1.197237 0.228692
vt 1.192555 0.214557
vt 1.176504 0.232469
vt 1.174923 0.217769
vt 1.074450 1.292844
vt 1.115087 1.292854
vt 1.115124 1.306543
vt 1.074487 1.306533
vt 1.074422 1.276748
vt 1.115059 1.276758
vt 1.101864 0.974773
vt 1.121394 0.982181
vt 1.113790 0.995208
vt 1.097181 0.988908
vt 1.081131 0.970996
vt 1.079550 0.985696
vt 1.483183 0.180203
vt 1.483206 0.193892
vt 1.453179 0.193884
vt 1.453156 0.180196
vt 1.483238 0.205533
vt 1.453211 0.205525
vt 1.483168 0.164993
vt 1.453141 0.164986
vt 1.059992 0.970996
vt 1.061573 0.985696
vt 1.483163 0.148846
vt 1.453137 0.148839
vt 1.039259 0.974773
vt 1.043941 0.988908
vt 1.074405 1.258862
vt 1.115042 1.258873
vt 1.074399 1.239876
vt 1.115036 1.239886
vt 1.155365 0.232469
vt 1.156946 0.217769
vt 1.134632 0.228692
vt 1.139314 0.214557
vt 1.115102 0.221284
vt 1.122705 0.208257
vt 1.074405 1.220517
vt 1.115042 1.220527
vt 1.097525 0.210529
vt 1.107758 0.199111
vt 1.074422 1.201530
vt 1.115059 1.201540
vt 1.498048 -0.471094
vt 1.498033 -0.454947
vt 1.468007 -0.454955
vt 1.468021 -0.471102
vt 1.498028 -0.438484
vt 1.468002 -0.438492
vt 1.082578 0.196840
vt 1.095046 0.187470
vt 1.498071 -0.486304
vt 1.468045 -0.486311
vt 0.439788 1.076781
vt 0.457365 1.066026
vt 0.464968 1.079053
vt 0.450021 1.088199
vt 0.424841 1.090470
vt 0.437309 1.099841
vt 1.033698 1.201530
vt 1.074334 1.201540
vt 1.074317 1.220527
vt 1.033681 1.220517
vt 1.033725 1.183645
vt 1.074362 1.183655
vt 0.615512 0.946885
vt 0.615512 0.966244
vt 0.599460 0.964796
vt 0.599460 0.948333
vt 0.611388 0.985231
vt 0.595953 0.980943
vt 1.483988 -0.146941
vt 1.483964 -0.131731
vt 1.453938 -0.131738
vt 1.453961 -0.146948
vt 1.483950 -0.115584
vt 1.453923 -0.115591
vt 1.484019 -0.160629
vt 1.453993 -0.160637
vt 0.603298 1.003116
vt 0.589073 0.996153
vt 0.591554 1.019212
vt 0.579086 1.009841
vt 0.944635 0.274158
vt 0.914644 0.285799
vt 0.914608 0.274158
vt 1.033763 1.167549
vt 1.074399 1.167559
vt 1.371714 0.226314
vt 1.412351 0.226314
vt 1.412392 0.240003
vt 1.371755 0.240003
vt 0.413096 1.106566
vt 0.427321 1.113529
vt 0.405007 1.124451
vt 0.420442 1.128739
vt 1.004871 0.274158
vt 1.004907 0.285799
vt 0.974880 0.285799
vt 0.974845 0.274158
vt 1.498103 -0.499992
vt 1.468076 -0.500000
vt 1.070833 0.180744
vt 1.085058 0.173781
vt 1.062744 0.162859
vt 1.078179 0.158571
vt 1.074487 1.167549
vt 1.115124 1.167559
vt 1.115087 1.183655
vt 1.074450 1.183645
vt 1.467935 -0.486311
vt 1.427299 -0.486311
vt 1.427257 -0.500000
vt 1.467894 -0.500000
vt 0.975460 1.022721
vt 0.987204 1.006625
vt 0.999673 1.015996
vt 0.989685 1.029684
vt 0.967371 1.040606
vt 0.982806 1.044894
vt 0.763996 0.167604
vt 0.763961 0.155963
vt 0.793988 0.155963
vt 0.794023 0.167604
vt 1.483238 0.087338
vt 1.483206 0.101027
vt 1.453179 0.101019
vt 1.453211 0.087330
vt 0.963247 1.059593
vt 0.979298 1.061041
vt 0.764024 0.181293
vt 0.794050 0.181293
vt 1.044138 -0.448275
vt 1.055882 -0.464371
vt 1.068351 -0.455000
vt 1.058363 -0.441312
vt 1.070830 -0.478060
vt 1.081063 -0.466642
vt 0.302823 1.110838
vt 0.262186 1.110838
vt 0.262145 1.097150
vt 0.302781 1.097150
vt 0.302855 1.126935
vt 0.262218 1.126935
vt 0.138459 1.045425
vt 0.126715 1.061521
vt 0.114246 1.052150
vt 0.124234 1.038461
vt 0.146548 1.027539
vt 0.131113 1.023252
vt 0.944733 0.181293
vt 0.944705 0.167604
vt 0.974732 0.167604
vt 0.974760 0.181293
vt 0.944670 0.155963
vt 0.974697 0.155963
vt 0.959123 0.844053
vt 0.963247 0.863040
vt 0.947195 0.864488
vt 0.943687 0.848341
vt 0.963247 0.882399
vt 0.947195 0.880951
vt 0.093026 1.126935
vt 0.037376 1.126935
vt 0.037344 1.110838
vt 0.092994 1.110838
vt 0.093048 1.144820
vt 0.037398 1.144820
vt 0.037302 1.097150
vt 0.092952 1.097150
vt 0.478973 0.281258
vt 0.423323 0.281258
vt 0.423356 0.265162
vt 0.479006 0.265162
vt 0.939289 0.810072
vt 0.951033 0.826168
vt 0.936808 0.833131
vt 0.926820 0.819443
vt 1.464136 0.240308
vt 1.464105 0.253996
vt 1.434078 0.253989
vt 1.434110 0.240300
vt 0.924341 0.796383
vt 0.914109 0.807801
vt 1.464081 0.269206
vt 1.434054 0.269199
vt 0.111767 1.075209
vt 0.101534 1.063791
vt 0.094190 1.085965
vt 0.086587 1.072938
vt 0.560412 0.265162
vt 0.519775 0.265162
vt 0.519797 0.247277
vt 0.560434 0.247277
vt 0.560380 0.281258
vt 0.519743 0.281258
vt 1.031924 -0.411403
vt 1.036049 -0.430390
vt 1.051484 -0.426102
vt 1.047976 -0.409955
vt 1.483183 0.116237
vt 1.453156 0.116229
vt 1.483168 0.132383
vt 1.453141 0.132376
vt 1.031924 -0.392044
vt 1.047976 -0.393492
vt 1.036049 -0.373057
vt 1.051484 -0.377345
vt 0.560446 0.228290
vt 0.519809 0.228290
vt 0.519809 0.208931
vt 0.560446 0.208931
vt 0.074660 1.093373
vt 0.053927 1.097150
vt 0.052346 1.082450
vt 0.069978 1.079238
vt 1.464067 0.285353
vt 1.464062 0.301816
vt 1.434035 0.301808
vt 1.434040 0.285345
vt 0.906764 0.785628
vt 0.899161 0.798655
vt 0.887234 0.778220
vt 0.882552 0.792355
vt 0.479039 0.228290
vt 0.423389 0.228290
vt 0.423389 0.208931
vt 0.479039 0.208931
vt 0.479028 0.247277
vt 0.423378 0.247277
vt 0.423378 0.189944
vt 0.479028 0.189944
vt 0.423356 0.172059
vt 0.479006 0.172059
vt 0.845362 0.774443
vt 0.866501 0.774443
vt 0.864920 0.789143
vt 0.846943 0.789143
vt 0.824629 0.778220
vt 0.829312 0.792355
vt 0.423323 0.155963
vt 0.478973 0.155963
vt 1.464067 0.317963
vt 1.464081 0.333173
vt 1.434054 0.333165
vt 1.434040 0.317955
vt 1.464105 0.346861
vt 1.434078 0.346854
vt 1.464136 0.358503
vt 1.434110 0.358495
vt 0.805099 0.785628
vt 0.812703 0.798655
vt 1.469917 0.880997
vt 1.499944 0.880997
vt 0.206457 1.110852
vt 0.262107 1.110838
vt 0.206494 1.097164
vt 0.262145 1.097150
vt -0.007475 1.085965
vt -0.025051 1.075209
vt -0.014819 1.063791
vt 0.000129 1.072938
vt 0.911552 1.181248
vt 0.952188 1.181237
vt 0.911589 1.167559
vt 0.952226 1.167549
vt 1.088407 -0.314632
vt 1.096010 -0.327659
vt 1.070830 -0.325387
vt 1.081063 -0.336806
vt 1.242225 -0.164388
vt 1.272251 -0.164388
vt 1.055882 -0.339076
vt 1.068351 -0.348447
vt 0.560412 0.172059
vt 0.519775 0.172059
vt 0.519743 0.155963
vt 0.560380 0.155963
vt 1.044138 -0.355172
vt 1.058363 -0.362135
vt 0.560434 0.189944
vt 0.519797 0.189944
vt 0.012055 1.093373
vt 0.016738 1.079238
vt 0.032788 1.097150
vt 0.034369 1.082450
vt 1.002152 0.992936
vt 1.019729 0.982181
vt 1.027332 0.995208
vt 1.012385 1.004354
vt 0.093060 1.163807
vt 0.037410 1.163807
vt 0.093060 1.183165
vt 0.037410 1.183165
vt 0.959123 0.901386
vt 0.943687 0.897098
vt 0.951033 0.919271
vt 0.936808 0.912308
vt 0.939289 0.935367
vt 0.926820 0.925996
vt 0.093048 1.202152
vt 0.037398 1.202152
vt 0.924341 0.949056
vt 0.914109 0.937637
vt 0.093026 1.220037
vt 0.037376 1.220037
vt 0.764043 0.196503
vt 0.794070 0.196503
vt 0.963247 1.078952
vt 0.979299 1.077504
vt 1.467990 -0.452330
vt 1.427354 -0.452330
vt 1.427331 -0.470215
vt 1.467968 -0.470215
vt 1.468002 -0.433343
vt 1.427365 -0.433343
vt 1.058620 0.143872
vt 1.058620 0.124513
vt 1.074672 0.125961
vt 1.074672 0.142424
vt 1.062744 0.105526
vt 1.078179 0.109814
vt 1.004815 0.229112
vt 1.004825 0.245259
vt 0.974798 0.245259
vt 0.405007 1.181784
vt 0.400883 1.162797
vt 0.416935 1.161349
vt 0.420442 1.177496
vt 0.413096 1.199669
vt 0.427321 1.192706
vt 0.424841 1.215765
vt 0.437309 1.206394
vt 1.371648 0.153987
vt 1.412285 0.153987
vt 1.412285 0.173346
vt 1.371648 0.173346
vt 1.371659 0.135001
vt 1.412296 0.135001
vt 0.539500 1.051064
vt 0.518767 1.054841
vt 0.517186 1.040141
vt 0.534818 1.036929
vt 0.497628 1.054841
vt 0.499209 1.040141
vt 0.944588 0.196503
vt 0.944579 0.212649
vt 0.914552 0.212649
vt 0.914562 0.196503
vt 0.944579 0.229112
vt 0.914552 0.229112
vt 0.944607 0.181293
vt 0.914581 0.181293
vt 0.476895 1.051064
vt 0.481577 1.036929
vt 0.944635 0.167604
vt 0.914608 0.167604
vt 0.457365 1.043656
vt 0.464968 1.030629
vt 1.371682 0.117115
vt 1.412318 0.117115
vt 1.371714 0.101019
vt 1.412351 0.101019
vt 0.439788 1.229454
vt 0.450021 1.218035
vt 0.457365 1.240209
vt 0.464968 1.227182
vt 0.476895 1.247617
vt 0.481577 1.233482
vt 1.371755 0.087330
vt 1.412392 0.087331
vt 0.497628 1.251394
vt 0.499209 1.236694
vt 0.789387 1.292843
vt 0.830024 1.292852
vt 0.830059 1.306604
vt 0.789423 1.306595
vt 1.377132 1.274108
vt 1.377162 1.285803
vt 1.347136 1.285796
vt 1.347105 1.274101
vt 0.518767 1.251394
vt 0.517186 1.236694
vt 1.377109 1.260377
vt 1.347083 1.260370
vt 0.539500 1.247617
vt 0.534818 1.233482
vt 1.377095 1.245138
vt 1.347069 1.245131
vt 0.559030 1.240209
vt 0.551426 1.227182
vt 1.377091 1.228976
vt 1.347064 1.228970
vt 0.576606 1.229454
vt 0.566374 1.218035
vt 0.789344 1.220414
vt 0.829981 1.220424
vt 0.829975 1.239782
vt 0.789338 1.239773
vt 0.829981 1.258786
vt 0.789344 1.258777
vt 0.400883 0.966244
vt 0.400883 0.946885
vt 0.416935 0.948333
vt 0.416935 0.964796
vt 0.405007 0.985231
vt 0.420442 0.980943
vt 0.413096 1.003116
vt 0.427321 0.996153
vt 0.829997 1.276706
vt 0.789360 1.276696
vt 0.424841 1.019212
vt 0.437309 1.009841
vt 0.439788 1.032901
vt 0.450021 1.021483
vt 1.316913 1.260377
vt 1.316936 1.274108
vt 1.286909 1.274101
vt 1.286886 1.260370
vt 1.316966 1.285803
vt 1.286939 1.285796
vt 0.914644 0.155963
vt 1.336023 0.785628
vt 1.353599 0.796383
vt 1.343367 0.807801
vt 1.328419 0.798655
vt 1.316493 0.778220
vt 1.311811 0.792355
vt 1.412500 0.087331
vt 1.453137 0.087330
vt 1.453095 0.101019
vt 1.412458 0.101019
vt 0.830108 1.292843
vt 0.870744 1.292852
vt 0.870780 1.306604
vt 0.830143 1.306595
vt 1.151332 0.720953
vt 1.131802 0.728361
vt 1.127120 0.714226
vt 1.143728 0.707926
vt 1.111069 0.732138
vt 1.109488 0.717438
vt 1.286837 1.274108
vt 1.286868 1.285803
vt 1.256841 1.285796
vt 1.256811 1.274101
vt 0.914552 0.155963
vt 0.914517 0.167604
vt 0.884490 0.167604
vt 0.884525 0.155963
vt 1.089930 0.732138
vt 1.091511 0.717438
vt 1.286815 1.260377
vt 1.256788 1.260370
vt 1.069197 0.728361
vt 1.073879 0.714226
vt 1.286801 1.245138
vt 1.256774 1.245131
vt 1.049667 0.720953
vt 1.057270 0.707926
vt 1.286796 1.228976
vt 1.256769 1.228970
vt 1.286801 1.212514
vt 1.256774 1.212507
vt 1.032090 0.710198
vt 1.042323 0.698779
vt 0.830065 1.220414
vt 0.870702 1.220424
vt 0.870696 1.239782
vt 0.830059 1.239773
vt 0.870702 1.258786
vt 0.830065 1.258777
vt 1.234358 0.785628
vt 1.253888 0.778220
vt 1.258570 0.792355
vt 1.241961 0.798655
vt 1.274621 0.774443
vt 1.276202 0.789143
vt 1.295760 0.774443
vt 1.294179 0.789143
vt 0.870718 1.276706
vt 0.830081 1.276696
vt 1.316899 1.245138
vt 1.286872 1.245131
vt 1.316894 1.228976
vt 1.286868 1.228970
vt 1.316899 1.212514
vt 1.286872 1.212507
vt 1.216781 0.796383
vt 1.227014 0.807801
vt 1.201834 0.810072
vt 1.214302 0.819443
vt 0.830081 1.201445
vt 0.870718 1.201455
vt 0.830108 1.183595
vt 0.870744 1.183604
vt 1.017143 0.696509
vt 1.029611 0.687138
vt 1.005399 0.680413
vt 1.019624 0.673450
vt 1.286837 1.181201
vt 1.286815 1.196382
vt 1.256788 1.196375
vt 1.256811 1.181195
vt 1.286868 1.167556
vt 1.256841 1.167549
vt 0.997309 0.662528
vt 1.012744 0.658240
vt 1.499935 1.107294
vt 1.499963 1.120982
vt 1.469936 1.120982
vt 1.469909 1.107294
vt 0.993185 0.643541
vt 1.009237 0.642093
vt 0.830143 1.167549
vt 0.870780 1.167558
vt 0.641886 0.265162
vt 0.682523 0.265162
vt 0.682555 0.281258
vt 0.641918 0.281258
vt 1.190089 0.826168
vt 1.204314 0.833131
vt 1.182000 0.844053
vt 1.197435 0.848341
vt 1.177876 0.863040
vt 1.193928 0.864488
vt 0.641863 0.247277
vt 0.682500 0.247277
vt 1.177876 0.882399
vt 1.193928 0.880951
vt 0.641852 0.228290
vt 0.682489 0.228290
vt 0.993185 0.624182
vt 1.009237 0.625630
vt 0.997309 0.605195
vt 1.012744 0.609483
vt 1.005398 0.587310
vt 1.019623 0.594273
vt 0.641852 0.208931
vt 0.682489 0.208931
vt 1.499907 1.059474
vt 1.499907 1.075937
vt 1.469880 1.075937
vt 1.469880 1.059474
vt 1.499916 1.092084
vt 1.469890 1.092084
vt 1.253888 0.974773
vt 1.274621 0.970996
vt 1.276202 0.985696
vt 1.258570 0.988908
vt 1.234358 0.982181
vt 1.241961 0.995208
vt 0.560512 0.208931
vt 0.560501 0.189944
vt 0.601137 0.189944
vt 0.601149 0.228290
vt 0.560512 0.228290
vt 0.457365 0.672920
vt 0.476895 0.665512
vt 0.481577 0.679647
vt 0.464968 0.685947
vt 0.497628 0.661735
vt 0.499209 0.676435
vt 1.498028 -0.213735
vt 1.498038 -0.197589
vt 1.468011 -0.197589
vt 1.468002 -0.213735
vt 1.498028 -0.230199
vt 1.468002 -0.230199
vt 1.498038 -0.246345
vt 1.468011 -0.246345
vt 0.518767 0.661735
vt 0.517186 0.676435
vt 0.539500 0.665512
vt 0.534818 0.679647
vt 1.498057 -0.261555
vt 1.468030 -0.261555
vt 0.601138 0.247277
vt 0.560501 0.247277
vt 0.601115 0.265162
vt 0.560478 0.265162
vt 1.216781 0.992936
vt 1.227014 1.004354
vt 1.201834 1.006625
vt 1.214302 1.015996
vt 1.499935 1.028117
vt 1.499916 1.043327
vt 1.469890 1.043327
vt 1.469909 1.028117
vt 1.017143 0.571214
vt 1.029611 0.580585
vt 1.032090 0.557525
vt 1.042323 0.568943
vt 0.641863 0.189944
vt 0.682500 0.189944
vt 0.641886 0.172059
vt 0.682522 0.172059
vt 1.190089 0.919271
vt 1.182000 0.901386
vt 1.197435 0.897098
vt 1.204314 0.912308
vt 1.201834 0.935367
vt 1.214302 0.925996
vt 1.468058 -0.320289
vt 1.498085 -0.320289
vt 1.468058 -0.336752
vt 1.498085 -0.336752
vt 0.497628 0.858288
vt 0.499209 0.872988
vt 0.476895 0.862065
vt 0.481577 0.876200
vt 0.682555 0.208931
vt 0.723192 0.208931
vt 0.723192 0.228290
vt 0.682555 0.228290
vt 0.603298 1.106566
vt 0.611388 1.124451
vt 0.595953 1.128739
vt 0.589073 1.113529
vt 1.469936 1.166028
vt 1.499963 1.166028
vt 1.269125 0.162859
vt 1.253690 0.158571
vt 0.641786 0.228290
vt 1.216781 0.949056
vt 1.227014 0.937637
vt 0.641918 0.155963
vt 0.682555 0.155963
vt 1.234358 0.959811
vt 1.241961 0.946784
vt 1.115174 1.292844
vt 1.155811 1.292854
vt 1.155848 1.306543
vt 1.115212 1.306533
vt 1.049667 0.546770
vt 1.057270 0.559797
vt 1.069197 0.539362
vt 1.073879 0.553497
vt 1.483988 0.064127
vt 1.484019 0.075768
vt 1.453993 0.075761
vt 1.453961 0.064119
vt 1.499963 1.014429
vt 1.469936 1.014429
vt 1.190089 1.022721
vt 1.204314 1.029684
vt 1.182000 1.040606
vt 1.197435 1.044894
vt 0.601083 0.281258
vt 0.560446 0.281258
vt 0.993001 1.292844
vt 1.033638 1.292854
vt 1.033675 1.306543
vt 0.993038 1.306533
vt 0.559030 0.672920
vt 0.551426 0.685947
vt 0.576606 0.683675
vt 0.566374 0.695094
vt 1.498085 -0.275244
vt 1.468058 -0.275244
vt 1.494206 0.465064
vt 1.494238 0.476705
vt 1.464211 0.476697
vt 1.464179 0.465056
vt 1.494182 0.451375
vt 1.464156 0.451368
vt 0.591554 0.697364
vt 0.579086 0.706735
vt 0.959123 1.097939
vt 0.951033 1.115824
vt 0.936808 1.108861
vt 0.943687 1.093651
vt 0.963247 1.078952
vt 0.947195 1.077504
vt 1.155899 1.292844
vt 1.196536 1.292854
vt 1.196573 1.306543
vt 1.155936 1.306533
vt 1.155871 1.276748
vt 1.196508 1.276758
vt 1.121394 0.785628
vt 1.138970 0.796383
vt 1.128738 0.807801
vt 1.113790 0.798655
vt 1.153918 0.810072
vt 1.141449 0.819443
vt 1.494182 0.333173
vt 1.494206 0.346861
vt 1.464179 0.346854
vt 1.464156 0.333165
vt 1.494238 0.358503
vt 1.464211 0.358495
vt 1.269125 -0.033694
vt 1.261035 -0.015809
vt 1.246810 -0.022772
vt 1.253690 -0.037982
vt 1.273249 -0.052681
vt 1.257197 -0.054129
vt 0.952276 1.292844
vt 0.992913 1.292854
vt 0.992950 1.306543
vt 0.952313 1.306533
vt 0.952248 1.276748
vt 0.992885 1.276758
vt 1.167593 0.300851
vt 1.185170 0.311606
vt 1.174937 0.323025
vt 1.159990 0.313878
vt 1.200117 0.325295
vt 1.187649 0.334666
vt 1.464081 0.451375
vt 1.464105 0.465064
vt 1.434078 0.465056
vt 1.434054 0.451368
vt 1.464136 0.476705
vt 1.434110 0.476697
vt 1.464067 0.436165
vt 1.434040 0.436158
vt 1.211862 0.341391
vt 1.197637 0.348354
vt 0.166724 0.990642
vt 0.166724 1.007105
vt 0.154796 1.027539
vt 0.170232 1.023252
vt 0.093083 1.206349
vt 0.149152 1.206363
vt 0.149179 1.222459
vt 0.093110 1.222445
vt 0.093066 1.188463
vt 0.149135 1.188477
vt 1.335121 0.364057
vt 1.337557 0.364057
vt 0.149217 1.236148
vt 0.093148 1.236134
vt 0.423257 0.281258
vt 0.367188 0.281258
vt 0.367220 0.265162
vt 0.423289 0.265162
vt 0.154796 0.970207
vt 0.162886 0.952322
vt 0.177111 0.959285
vt 0.170232 0.974495
vt 1.272308 -0.164388
vt 1.272336 -0.178077
vt 1.302362 -0.178077
vt 1.302335 -0.164388
vt 0.174630 0.936226
vt 0.187099 0.945596
vt 1.272355 -0.193287
vt 1.302381 -0.193287
vt 1.148063 0.293443
vt 1.143381 0.307578
vt 1.127330 0.289666
vt 1.125749 0.304366
vt 0.519709 0.265162
vt 0.479072 0.265162
vt 0.479094 0.247277
vt 0.519731 0.247277
vt 0.519676 0.281258
vt 0.479039 0.281258
vt 1.249291 0.000287
vt 1.234343 0.013976
vt 1.224111 0.002558
vt 1.236823 -0.009083
vt 1.302391 -0.164388
vt 1.302419 -0.178077
vt 1.332445 -0.178077
vt 1.332418 -0.164388
vt 1.302438 -0.193287
vt 1.332464 -0.193287
vt 1.081131 0.774443
vt 1.101864 0.778220
vt 1.097181 0.792355
vt 1.079550 0.789143
vt 0.763927 0.265162
vt 0.723291 0.265162
vt 0.723313 0.247277
vt 0.763950 0.247277
vt 0.763895 0.281258
vt 0.723258 0.281258
vt 0.939289 1.131920
vt 0.924341 1.145609
vt 0.914109 1.134190
vt 0.926820 1.122549
vt 0.906765 1.156364
vt 0.899161 1.143337
vt 0.723324 0.228290
vt 0.763961 0.228290
vt 0.887234 1.163772
vt 0.882552 1.149637
vt 0.723324 0.208931
vt 0.763961 0.208931
vt 1.039258 0.778220
vt 1.059991 0.774443
vt 1.061572 0.789143
vt 1.043941 0.792355
vt 1.302447 -0.209434
vt 1.332474 -0.209434
vt 1.302447 -0.225897
vt 1.332474 -0.225897
vt 1.302438 -0.242044
vt 1.332464 -0.242044
vt 1.019729 0.785628
vt 1.027332 0.798655
vt 1.302419 -0.257254
vt 1.332445 -0.257254
vt 1.002152 0.796383
vt 1.012385 0.807802
vt 0.763950 0.189944
vt 0.723313 0.189944
vt 0.723290 0.172059
vt 0.763927 0.172059
vt 0.866501 1.167549
vt 0.845362 1.167549
vt 0.846943 1.152849
vt 0.864920 1.152849
vt 0.824629 1.163772
vt 0.829312 1.149637
vt 0.763895 0.155963
vt 1.498057 -0.182379
vt 1.468030 -0.182379
vt 1.498085 -0.168690
vt 1.468058 -0.168690
vt 0.424841 0.697364
vt 0.439788 0.683676
vt 0.450021 0.695094
vt 0.437309 0.706735
vt 0.601115 0.172059
vt 0.560478 0.172059
vt 0.560446 0.155963
vt 0.601083 0.155963
vt 1.295760 0.970996
vt 1.316493 0.974773
vt 1.311811 0.988908
vt 1.294179 0.985696
vt 1.336023 0.982181
vt 1.328419 0.995208
vt 0.748702 1.167549
vt 0.789338 1.167558
vt 0.789303 1.183604
vt 0.748666 1.183595
vt 1.353600 0.992936
vt 1.343367 1.004354
vt 0.789276 1.201455
vt 0.748639 1.201445
vt 0.405007 0.731346
vt 0.413096 0.713460
vt 0.427321 0.720424
vt 0.420442 0.735633
vt 1.347064 1.167556
vt 1.347034 1.181201
vt 1.317007 1.181195
vt 1.317037 1.167549
vt 1.347011 1.196382
vt 1.316985 1.196375
vt 0.805099 1.156364
vt 0.787523 1.145609
vt 0.797755 1.134190
vt 0.812703 1.143337
vt 0.870829 1.183595
vt 0.911465 1.183604
vt 0.911439 1.201455
vt 0.870802 1.201445
vt 0.870864 1.167549
vt 0.911501 1.167558
vt 0.967371 0.844054
vt 0.975460 0.826168
vt 0.989685 0.833131
vt 0.982806 0.848341
vt 0.987204 0.810072
vt 0.999673 0.819443
vt 1.256739 1.181201
vt 1.256716 1.196382
vt 1.226690 1.196375
vt 1.226712 1.181195
vt 1.256769 1.167556
vt 1.226743 1.167549
vt 1.302391 -0.270942
vt 1.332418 -0.270942
vt 1.134632 0.032140
vt 1.115102 0.024731
vt 1.122705 0.011704
vt 1.139314 0.018004
vt 1.155365 0.035916
vt 1.156946 0.021216
vt 0.615596 1.165302
vt 0.656233 1.165312
vt 0.656197 1.181358
vt 0.615560 1.181348
vt 0.519709 0.172059
vt 0.479072 0.172059
vt 0.479039 0.155963
vt 0.519676 0.155963
vt 1.021660 0.341391
vt 1.033404 0.325295
vt 1.045872 0.334666
vt 1.035885 0.348354
vt 1.048352 0.311606
vt 1.058584 0.323025
vt 1.272336 -0.257254
vt 1.272308 -0.270942
vt 1.302335 -0.270942
vt 1.302362 -0.257254
vt 1.226671 1.167556
vt 1.226641 1.181201
vt 1.196614 1.181195
vt 1.196645 1.167549
vt 0.247418 0.900597
vt 0.268557 0.900597
vt 0.266976 0.915297
vt 0.248999 0.915297
vt 0.289290 0.904374
vt 0.284608 0.918509
vt 1.186156 -0.303447
vt 1.242225 -0.303434
vt 1.242189 -0.287388
vt 1.186120 -0.287401
vt 0.423289 0.172059
vt 0.367220 0.172059
vt 0.367188 0.155963
vt 0.423257 0.155963
vt 1.242163 -0.269538
vt 1.186093 -0.269551
vt 1.242146 -0.250569
vt 1.186077 -0.250582
vt 0.308820 0.911782
vt 0.326396 0.922537
vt 0.316164 0.933955
vt 0.301216 0.924809
vt 1.226618 1.196382
vt 1.196591 1.196375
vt 1.226604 1.212514
vt 1.196578 1.212507
vt 1.009446 0.378263
vt 1.013570 0.359277
vt 1.029005 0.363564
vt 1.025498 0.379711
vt 0.615534 1.199199
vt 0.656171 1.199208
vt 0.656154 1.218177
vt 0.615517 1.218168
vt 1.097525 0.013976
vt 1.082578 0.000287
vt 1.095046 -0.009083
vt 1.107758 0.002558
vt 1.256703 1.212514
vt 1.226676 1.212507
vt 1.070833 -0.015809
vt 1.085059 -0.022772
vt 1.256698 1.228976
vt 1.226671 1.228970
vt 0.963247 0.882399
vt 0.963247 0.863040
vt 0.979298 0.864488
vt 0.979299 0.880951
vt 0.870786 1.220414
vt 0.911422 1.220424
vt 0.911417 1.239782
vt 0.870780 1.239773
vt 0.772575 1.131920
vt 0.760831 1.115824
vt 0.775056 1.108861
vt 0.785044 1.122549
vt 1.346997 1.212514
vt 1.316971 1.212507
vt 1.346992 1.228976
vt 1.316966 1.228970
vt 1.346997 1.245138
vt 1.316971 1.245131
vt 0.752741 1.097939
vt 0.768177 1.093651
vt 0.748617 1.078952
vt 0.764669 1.077504
vt 1.347011 1.260377
vt 1.316984 1.260370
vt 0.748617 1.059593
vt 0.764669 1.061041
vt 1.347034 1.274108
vt 1.317007 1.274101
vt 0.752741 1.040606
vt 0.768176 1.044894
vt 1.347064 1.285803
vt 1.317037 1.285796
vt 0.854316 0.285799
vt 0.854351 0.274158
vt 0.884377 0.274158
vt 0.884342 0.285799
vt 0.760831 1.022721
vt 0.775056 1.029684
vt 1.467894 -0.194655
vt 1.427257 -0.194655
vt 1.427299 -0.208344
vt 1.467935 -0.208344
vt 0.870829 1.292843
vt 0.911465 1.292852
vt 0.911501 1.306604
vt 0.870864 1.306595
vt 1.019729 0.959811
vt 1.002152 0.949056
vt 1.012385 0.937638
vt 1.027332 0.946784
vt 0.987204 0.935367
vt 0.999673 0.925996
vt 1.256739 1.274108
vt 1.256769 1.285803
vt 1.226743 1.285796
vt 1.226712 1.274101
vt 0.854316 0.155963
vt 0.854280 0.167604
vt 0.824254 0.167604
vt 0.824289 0.155963
vt 0.975460 0.919271
vt 0.989685 0.912308
vt 1.256716 1.260377
vt 1.226690 1.260370
vt 0.967371 0.901386
vt 0.982806 0.897098
vt 1.256703 1.245138
vt 1.226676 1.245131
vt 1.062744 -0.033694
vt 1.058620 -0.052681
vt 1.074672 -0.054129
vt 1.078179 -0.037982
vt 0.615517 1.256531
vt 0.656154 1.256540
vt 0.656171 1.274459
vt 0.615534 1.274450
vt 0.615512 1.237526
vt 0.656149 1.237536
vt 1.021660 0.434494
vt 1.013570 0.416609
vt 1.029005 0.412321
vt 1.035885 0.427531
vt 1.009446 0.397622
vt 1.025498 0.396174
vt 1.226600 1.228976
vt 1.196573 1.228970
vt 1.226604 1.245138
vt 1.196578 1.245131
vt 0.341344 0.936226
vt 0.328875 0.945596
vt 0.353088 0.952322
vt 0.338863 0.959285
vt 0.361178 0.970207
vt 0.345743 0.974495
vt 1.226618 1.260377
vt 1.196591 1.260370
vt 0.365302 0.989194
vt 0.349250 0.990642
vt 1.226641 1.274108
vt 1.196614 1.274101
vt 0.365302 1.008553
vt 0.349250 1.007105
vt 1.226671 1.285803
vt 1.196645 1.285796
vt 0.361178 1.027539
vt 0.345742 1.023252
vt 0.824197 0.155963
vt 0.824162 0.167604
vt 0.794136 0.167604
vt 0.794171 0.155963
vt 0.824135 0.181293
vt 0.794108 0.181293
vt 0.353088 1.045425
vt 0.338863 1.038462
vt 1.273315 0.076947
vt 1.329384 0.076947
vt 1.329352 0.093044
vt 1.273283 0.093044
vt 1.273357 0.063259
vt 1.329426 0.063259
vt 1.329329 0.110929
vt 1.273260 0.110929
vt 1.329318 0.129916
vt 1.273249 0.129916
vt 0.341344 1.061521
vt 0.326396 1.075210
vt 0.316164 1.063791
vt 0.328875 1.052150
vt 0.824116 0.196503
vt 0.794089 0.196503
vt 0.824106 0.212649
vt 0.824106 0.229112
vt 0.308820 1.085965
vt 0.301216 1.072938
vt 0.289290 1.093373
vt 0.284607 1.079238
vt 0.824116 0.245259
vt 0.794089 0.245259
vt 0.824135 0.260469
vt 0.794108 0.260469
vt 0.268557 1.097150
vt 0.266976 1.082450
vt 1.273260 0.168261
vt 1.329329 0.168261
vt 1.329352 0.186146
vt 1.273283 0.186146
vt 1.273249 0.149274
vt 1.329318 0.149274
vt 1.329384 0.202243
vt 1.273315 0.202243
vt 1.329426 0.215931
vt 1.273357 0.215931
vt 0.247417 1.097150
vt 0.226685 1.093373
vt 0.231367 1.079238
vt 0.248998 1.082450
vt 0.824162 0.274158
vt 0.824197 0.285799
vt 0.794171 0.285799
vt 0.794136 0.274158
vt 1.200118 0.450590
vt 1.185170 0.464279
vt 1.174937 0.452861
vt 1.187649 0.441219
vt 1.211862 0.434494
vt 1.197637 0.427531
vt 0.302955 1.236134
vt 0.343592 1.236134
vt 0.343633 1.249822
vt 0.302997 1.249822
vt 0.302923 1.220037
vt 0.343560 1.220037
vt 1.197237 -0.156860
vt 1.216767 -0.149452
vt 1.209163 -0.136425
vt 1.192555 -0.142725
vt 1.176504 -0.160637
vt 1.174923 -0.145937
vt 0.854253 0.260469
vt 0.854280 0.274158
vt 0.824254 0.274158
vt 0.824226 0.260469
vt 0.824289 0.285799
vt 1.165662 0.919271
vt 1.153918 0.935367
vt 1.141449 0.925996
vt 1.151437 0.912308
vt 1.138970 0.949056
vt 1.128738 0.937637
vt 1.467935 -0.333639
vt 1.427299 -0.333639
vt 1.467968 -0.317542
vt 1.427331 -0.317542
vt 0.887234 0.974773
vt 0.906764 0.982181
vt 0.899161 0.995208
vt 0.882552 0.988908
vt 0.866501 0.970996
vt 0.864920 0.985696
vt 0.854378 0.181293
vt 0.854351 0.167604
vt 0.884377 0.167604
vt 0.884405 0.181293
vt 0.884342 0.155963
vt 0.854397 0.196503
vt 0.884424 0.196503
vt 0.845362 0.970996
vt 0.846943 0.985696
vt 0.854407 0.212649
vt 0.884434 0.212649
vt 0.824629 0.974773
vt 0.829312 0.988908
vt 0.805099 0.982181
vt 0.812703 0.995208
vt 0.854407 0.229112
vt 0.884434 0.229112
vt 0.854397 0.245259
vt 0.884424 0.245259
vt 0.787523 0.992936
vt 0.797755 1.004354
vt 1.468002 -0.261312
vt 1.427365 -0.261312
vt 1.427365 -0.280670
vt 1.468002 -0.280670
vt 1.467990 -0.242325
vt 1.427354 -0.242325
vt 1.101864 0.967219
vt 1.079550 0.956296
vt 1.097182 0.953084
vt 1.061573 0.956296
vt 0.854234 0.196503
vt 0.854224 0.212649
vt 0.824197 0.212649
vt 0.824207 0.196503
vt 0.854224 0.229112
vt 0.824197 0.229112
vt 0.854253 0.181293
vt 0.824226 0.181293
vt 1.039259 0.967219
vt 1.043941 0.953084
vt 1.467968 -0.224440
vt 1.427331 -0.224440
vt 0.772575 1.006625
vt 0.785044 1.015996
vt 0.854378 0.260469
vt 0.884405 0.260469
vt 0.497628 0.858288
vt 0.476895 0.854511
vt 0.481577 0.840376
vt 0.499209 0.843588
vt 0.457365 0.847103
vt 0.464968 0.834076
vt 0.384344 1.220037
vt 0.343707 1.220037
vt 0.343730 1.202152
vt 0.384366 1.202152
vt 0.384312 1.236134
vt 0.343675 1.236134
vt 1.368547 1.131920
vt 1.353599 1.145609
vt 1.343367 1.134190
vt 1.356079 1.122549
vt 1.380291 1.115824
vt 1.366066 1.108861
vt 0.914489 0.181293
vt 0.884463 0.181293
vt 0.914470 0.196503
vt 0.884444 0.196503
vt 1.388381 1.097939
vt 1.372946 1.093651
vt 0.914461 0.212649
vt 1.336023 1.156364
vt 1.328419 1.143337
vt 0.914461 0.229112
vt 1.316493 1.163772
vt 1.311811 1.149637
vt 0.384378 1.183165
vt 0.343741 1.183165
vt 0.343741 1.163807
vt 0.384378 1.163807
vt 0.539500 0.854511
vt 0.518767 0.858288
vt 0.517186 0.843588
vt 0.534818 0.840376
vt 0.559030 0.847103
vt 0.551426 0.834076
vt 0.343730 1.144820
vt 0.384366 1.144820
vt 0.576607 0.836348
vt 0.566374 0.824930
vt 0.343707 1.126935
vt 0.384344 1.126935
vt 1.295760 1.167549
vt 1.274621 1.167549
vt 1.276202 1.152849
vt 1.294179 1.152849
vt 1.253888 1.163772
vt 1.258570 1.149637
vt 0.343675 1.110838
vt 0.384312 1.110838
vt 0.914489 0.260469
vt 0.914517 0.274158
vt 0.884490 0.274158
vt 0.884463 0.260469
vt 0.914470 0.245259
vt 0.884444 0.245259
vt 1.207814 0.624182
vt 1.207814 0.643541
vt 1.191762 0.642093
vt 1.191762 0.625630
vt 1.203690 0.605195
vt 1.188255 0.609483
vt 1.412426 0.210218
vt 1.453063 0.210218
vt 1.453095 0.226314
vt 1.412458 0.226314
vt 1.412404 0.192333
vt 1.453040 0.192333
vt 1.388381 0.901386
vt 1.380291 0.919271
vt 1.366066 0.912308
vt 1.372946 0.897098
vt 1.392505 0.882399
vt 1.376453 0.880951
vt 0.944607 0.260469
vt 0.914581 0.260469
vt 0.944588 0.245259
vt 0.914562 0.245259
vt 1.392505 0.863040
vt 1.376453 0.864488
vt 1.388381 0.844053
vt 1.372946 0.848341
vt 1.412392 0.173346
vt 1.453029 0.173346
vt 1.412392 0.153987
vt 1.453029 0.153987
vt 1.203690 0.662528
vt 1.188255 0.658240
vt 1.195600 0.680413
vt 1.181375 0.673450
vt 1.183856 0.696509
vt 1.171388 0.687138
vt 1.412404 0.135001
vt 1.453040 0.135001
vt 1.168908 0.710198
vt 1.158676 0.698779
vt 1.412426 0.117115
vt 1.453063 0.117115
vt 1.380291 0.826168
vt 1.366066 0.833131
vt 1.368547 0.810072
vt 1.356079 0.819443
vt 0.576607 1.032901
vt 0.559030 1.043656
vt 0.551426 1.030629
vt 0.566374 1.021483
vt 1.371659 0.192333
vt 1.412296 0.192333
vt 1.412318 0.210218
vt 1.371682 0.210218
vt 0.400883 1.143438
vt 0.416935 1.144886
vt 1.004844 0.260469
vt 0.974817 0.260469
vt 1.368547 0.935367
vt 1.356079 0.925996
vt 1.453137 0.240003
vt 1.412500 0.240003
vt 1.353599 0.949056
vt 1.343367 0.937637
vt 1.115212 1.167549
vt 1.155848 1.167559
vt 1.155811 1.183655
vt 1.115174 1.183645
vt 1.183856 0.571214
vt 1.195600 0.587310
vt 1.181375 0.594273
vt 1.171388 0.580585
vt 0.914552 0.285799
vt 0.884525 0.285799
vt 1.484019 -0.042427
vt 1.483988 -0.028738
vt 1.453961 -0.028746
vt 1.453993 -0.042434
vt 1.168908 0.557525
vt 1.158676 0.568943
vt 1.483964 -0.013528
vt 1.453938 -0.013536
vt 1.216781 1.145609
vt 1.201834 1.131920
vt 1.214302 1.122549
vt 1.227014 1.134190
vt 1.234358 1.156364
vt 1.241961 1.143337
vt 0.993001 1.183645
vt 1.033638 1.183655
vt 1.033610 1.201540
vt 0.992973 1.201530
vt 0.993038 1.167549
vt 1.033675 1.167559
vt 0.615512 0.769691
vt 0.611388 0.788678
vt 0.595953 0.784390
vt 0.599460 0.768243
vt 0.603298 0.806563
vt 0.589073 0.799600
vt 1.494206 0.372199
vt 1.494182 0.387408
vt 1.464156 0.387401
vt 1.464179 0.372191
vt 1.494238 0.358510
vt 1.464211 0.358503
vt 0.591554 0.822659
vt 0.579086 0.813289
vt 0.924341 0.992936
vt 0.914109 1.004354
vt 0.939289 1.006625
vt 0.926820 1.015996
vt 1.155899 1.183645
vt 1.196536 1.183655
vt 1.196508 1.201540
vt 1.155871 1.201530
vt 1.155936 1.167549
vt 1.196573 1.167559
vt 1.173752 0.901386
vt 1.158317 0.897098
vt 1.161824 0.880951
vt 1.494238 0.240308
vt 1.494206 0.253996
vt 1.464179 0.253989
vt 1.464211 0.240300
vt 1.494182 0.269206
vt 1.464156 0.269199
vt 1.494168 0.285353
vt 1.464141 0.285345
vt 1.177876 0.863040
vt 1.161824 0.864488
vt 1.494163 0.301816
vt 1.464136 0.301808
vt 1.173752 0.844053
vt 1.158317 0.848341
vt 1.155854 1.220517
vt 1.196491 1.220527
vt 1.196485 1.239886
vt 1.155848 1.239876
vt 0.951033 1.022721
vt 0.959123 1.040606
vt 0.943687 1.044894
vt 0.936808 1.029684
vt 1.494168 0.403555
vt 1.494163 0.420018
vt 1.464136 0.420011
vt 1.464141 0.403548
vt 0.615512 0.750332
vt 0.599460 0.751780
vt 0.611388 0.731345
vt 0.595953 0.735633
vt 0.992956 1.220517
vt 1.033593 1.220527
vt 1.033587 1.239886
vt 0.992950 1.239876
vt 1.190089 1.115824
vt 1.182000 1.097939
vt 1.197435 1.093651
vt 1.204314 1.108861
vt 1.483950 0.002618
vt 1.453923 0.002611
vt 1.483945 0.019082
vt 1.453918 0.019074
vt 1.131802 0.539362
vt 1.151332 0.546770
vt 1.143728 0.559797
vt 1.127120 0.553497
vt 1.115130 1.220517
vt 1.155766 1.220527
vt 1.155761 1.239886
vt 1.115124 1.239876
vt 1.115147 1.201530
vt 1.155783 1.201540
vt 1.316493 0.967219
vt 1.295760 0.970996
vt 1.294179 0.956296
vt 1.311811 0.953084
vt 1.336023 0.959811
vt 1.328419 0.946784
vt 1.483945 -0.099121
vt 1.453918 -0.099128
vt 1.483950 -0.082974
vt 1.453923 -0.082981
vt 1.274621 0.970996
vt 1.276202 0.956296
vt 0.611388 0.927898
vt 0.595953 0.932186
vt 0.603298 0.910013
vt 0.589073 0.916976
vt 1.033675 1.239876
vt 1.074312 1.239886
vt 1.074317 1.258873
vt 1.033681 1.258862
vt 0.476895 1.058618
vt 0.497628 1.054841
vt 0.499209 1.069541
vt 0.481577 1.072753
vt 1.498033 -0.422337
vt 1.468007 -0.422345
vt 1.253888 0.967219
vt 1.258570 0.953084
vt 1.115130 1.258862
vt 1.155766 1.258873
vt 1.155783 1.276758
vt 1.115147 1.276748
vt 1.089930 0.535585
vt 1.111069 0.535585
vt 1.109488 0.550285
vt 1.091511 0.550285
vt 1.483950 0.035228
vt 1.483964 0.050438
vt 1.453938 0.050431
vt 1.453923 0.035221
vt 1.193928 1.061041
vt 1.193928 1.077504
vt 0.992973 1.276748
vt 1.033610 1.276758
vt 0.992956 1.258862
vt 1.033593 1.258873
vt 0.603298 0.713460
vt 0.589073 0.720423
vt 1.494168 0.436165
vt 1.464141 0.436158
vt 0.963247 1.059593
vt 0.947195 1.061041
vt 1.155854 1.258862
vt 1.196491 1.258873
vt 1.165662 0.826168
vt 1.151437 0.833131
vt 1.494168 0.317963
vt 1.464141 0.317955
vt 1.273249 -0.072040
vt 1.257197 -0.070592
vt 1.269125 -0.091026
vt 1.253690 -0.086739
vt 0.952231 1.258862
vt 0.992868 1.258873
vt 0.952226 1.239876
vt 0.992862 1.239886
vt 1.219951 0.359276
vt 1.204516 0.363564
vt 1.224075 0.378263
vt 1.208023 0.379711
vt 0.952231 1.220517
vt 0.992868 1.220527
vt 1.464062 0.420018
vt 1.434035 0.420011
vt 1.464067 0.403555
vt 1.434040 0.403548
vt 1.224075 0.397622
vt 1.208023 0.396174
vt 1.464081 0.387409
vt 1.434054 0.387401
vt 0.174630 1.061521
vt 0.162886 1.045425
vt 0.177111 1.038461
vt 0.187099 1.052150
vt 0.189578 1.075209
vt 0.199811 1.063791
vt 0.093066 1.150118
vt 0.149135 1.150132
vt 0.149129 1.169491
vt 0.093060 1.169477
vt 0.093083 1.131131
vt 0.149152 1.131145
vt 0.093110 1.113246
vt 0.149179 1.113260
vt 0.093148 1.097150
vt 0.149217 1.097164
vt 0.207154 1.085965
vt 0.214758 1.072938
vt 1.464136 0.358510
vt 1.464105 0.372199
vt 1.434078 0.372191
vt 1.434110 0.358503
vt 1.219951 0.416609
vt 1.204516 0.412321
vt 0.952276 1.183645
vt 0.992913 1.183655
vt 0.992885 1.201540
vt 0.952248 1.201530
vt 0.952313 1.167549
vt 0.992950 1.167559
vt 1.234343 -0.138697
vt 1.249291 -0.125008
vt 1.236823 -0.115637
vt 1.224111 -0.127278
vt 1.261035 -0.108912
vt 1.246810 -0.101948
vt 0.343633 1.097150
vt 0.384270 1.097150
vt 0.384270 1.249822
vt 1.392505 1.078952
vt 1.376453 1.077504
vt 0.748666 1.292843
vt 0.789303 1.292852
vt 0.789338 1.306604
vt 0.748702 1.306595
vt 0.439788 0.836348
vt 0.450021 0.824930
vt 0.424841 0.822659
vt 0.437309 0.813289
vt 0.413096 0.806563
vt 0.427321 0.799600
vt 0.748639 1.276696
vt 0.789276 1.276706
vt 0.405007 0.788678
vt 0.420442 0.784390
vt 0.748623 1.258777
vt 0.789260 1.258786
vt 1.392505 1.059593
vt 1.376453 1.061041
vt 1.388381 1.040606
vt 1.372946 1.044894
vt 1.380291 1.022721
vt 1.366066 1.029684
vt 0.748617 1.239773
vt 0.789254 1.239782
vt 1.368547 1.006625
vt 1.356079 1.015996
vt 0.748623 1.220414
vt 0.789260 1.220424
vt 0.400883 0.769691
vt 0.400883 0.750332
vt 0.416935 0.751780
vt 0.416935 0.768243
vt 1.082578 -0.125008
vt 1.097525 -0.138696
vt 1.107758 -0.127278
vt 1.095046 -0.115637
vt 1.070833 -0.108911
vt 1.085058 -0.101948
vt 0.302923 1.126935
vt 0.343560 1.126935
vt 0.343537 1.144820
vt 0.302900 1.144820
vt 0.302955 1.110838
vt 0.343592 1.110838
vt 1.106191 0.486219
vt 1.085458 0.482442
vt 1.090141 0.468307
vt 1.107772 0.471519
vt 1.065928 0.475034
vt 1.073532 0.462007
vt 1.048352 0.464279
vt 1.058584 0.452861
vt 0.302997 1.097150
vt 0.343633 1.097150
vt 1.033404 0.450590
vt 1.045873 0.441219
vt 0.615560 1.290596
vt 0.656197 1.290605
vt 0.656233 1.304358
vt 0.615596 1.304348
vt 1.062744 -0.091026
vt 1.078179 -0.086738
vt 1.058620 -0.072039
vt 1.074672 -0.070592
vt 1.127330 0.486219
vt 1.125749 0.471519
vt 0.343526 1.163807
vt 0.302889 1.163807
vt 1.148063 0.482442
vt 1.143381 0.468307
vt 0.343526 1.183165
vt 1.115102 -0.149452
vt 1.134632 -0.156860
vt 1.139314 -0.142725
vt 1.122705 -0.136425
vt 1.155365 -0.160637
vt 1.156946 -0.145937
vt 0.343537 1.202152
vt 0.302900 1.202152
vt 1.167593 0.475034
vt 1.159990 0.462007
vt 0.854234 0.245259
vt 0.824207 0.245259
vt 1.121394 0.959811
vt 1.113790 0.946784
vt 1.467990 -0.299657
vt 1.427354 -0.299657
vt 1.186120 -0.178153
vt 1.242189 -0.178141
vt 1.186156 -0.164401
vt 1.186093 -0.194300
vt 1.242163 -0.194287
vt 1.186077 -0.212219
vt 1.242146 -0.212206
vt 1.186072 -0.231223
vt 1.242141 -0.231210
vt 0.870786 1.258777
vt 0.911422 1.258786
vt 0.911439 1.276706
vt 0.870802 1.276696
vt 0.423312 0.189944
vt 0.367243 0.189944
vt 0.423323 0.208931
vt 0.367254 0.208931
vt 0.226685 0.904374
vt 0.231367 0.918509
vt 0.207155 0.911782
vt 0.214758 0.924809
vt 0.189578 0.922537
vt 0.199811 0.933955
vt 0.423323 0.228290
vt 0.367254 0.228290
vt 1.272364 -0.209434
vt 1.272364 -0.225897
vt 1.302391 -0.225897
vt 1.302391 -0.209434
vt 1.272355 -0.242044
vt 1.302381 -0.242044
vt 1.085458 0.293443
vt 1.106191 0.289666
vt 1.107772 0.304366
vt 1.090140 0.307578
vt 0.519743 0.228290
vt 0.479106 0.228290
vt 0.479106 0.208931
vt 0.519743 0.208931
vt 1.216767 0.024731
vt 1.197237 0.032140
vt 1.192555 0.018004
vt 1.209163 0.011704
vt 1.176504 0.035916
vt 1.174923 0.021216
vt 0.479094 0.189944
vt 0.519731 0.189944
vt 1.065928 0.300851
vt 1.073532 0.313878
vt 0.423312 0.247277
vt 0.367243 0.247277
vt 0.601215 0.155963
vt 0.641852 0.155963
vt 0.697038 1.165302
vt 0.737675 1.165312
vt 1.034952 0.248791
vt 1.004925 0.248784
vt 1.246589 -0.445401
vt 1.246632 -0.474154
vt 1.248649 -0.474153
vt 1.248606 -0.445400
vt 1.246689 -0.500000
vt 1.248706 -0.500000
vt 1.273390 0.063259
vt 1.273330 0.037332
vt 1.275347 0.037331
vt 1.275407 0.063258
vt 1.215461 0.724841
vt 1.215511 0.698995
vt 1.217947 0.698995
vt 1.217897 0.724841
vt 1.215546 0.670242
vt 1.215563 0.639688
vt 1.217999 0.639688
vt 1.217982 0.670242
vt 0.714426 0.777944
vt 0.714426 0.809127
vt 0.711990 0.809127
vt 0.711990 0.777944
vt 0.133366 -0.132902
vt 0.169865 -0.132902
vt 0.173248 -0.129727
vt 0.133025 -0.129727
vt -0.026551 0.141744
vt -0.012584 0.172624
vt -0.017346 0.171811
vt -0.029291 0.145402
vt 0.714445 0.839710
vt 0.712008 0.839710
vt 0.819631 -0.207727
vt 0.819643 -0.230605
vt 0.822832 -0.230612
vt 0.822820 -0.207734
vt 0.097569 -0.139423
vt 0.096558 -0.136370
vt 0.812153 -0.163486
vt 0.812153 -0.178942
vt 0.815342 -0.178942
vt 0.815342 -0.163487
vt 0.714599 0.670576
vt 0.714533 0.692625
vt 0.712097 0.692625
vt 0.712163 0.670576
vt 0.700566 0.396640
vt 0.684585 0.374737
vt 0.702404 0.361345
vt 0.720896 0.386689
vt 0.007694 0.200415
vt 0.005001 0.202439
vt 1.215461 0.523023
vt 1.215397 0.500872
vt 1.217833 0.500872
vt 1.217897 0.523023
vt 0.122162 0.634000
vt 0.156212 0.634000
vt 0.153570 0.637718
vt 0.124804 0.637719
vt 0.623208 0.982154
vt 0.623155 0.956226
vt 0.625592 0.956226
vt 0.625644 0.982153
vt 1.215511 0.549031
vt 1.217947 0.549031
vt 0.292372 0.550684
vt 0.305402 0.521875
vt 0.308735 0.522801
vt 0.295444 0.552187
vt 1.335014 0.449376
vt 1.335066 0.423449
vt 1.337503 0.423449
vt 1.337450 0.449376
vt 1.215546 0.577895
vt 1.217982 0.577895
vt 0.033502 -0.170783
vt 0.063849 -0.152214
vt 0.059396 -0.150466
vt 0.033443 -0.166347
vt 0.623089 0.934177
vt 0.625525 0.934177
vt 0.003917 0.580951
vt 0.024257 0.599578
vt 0.009633 0.615896
vt -0.013902 0.594343
vt 0.459142 0.333670
vt 0.435225 0.348305
vt 0.420601 0.331987
vt 0.448276 0.315053
vt -0.037675 0.181762
vt -0.051349 0.151530
vt 0.603307 -0.243227
vt 0.620884 -0.253982
vt 0.638265 -0.234586
vt 0.616223 -0.221098
vt 1.475231 1.289622
vt 1.475213 1.321975
vt 1.472023 1.321974
vt 1.472042 1.289621
vt 0.392289 0.400717
vt 0.379259 0.429526
vt 0.374761 0.431174
vt 0.389217 0.399214
vt 0.853721 -0.496970
vt 0.882368 -0.500000
vt 0.883540 -0.436220
vt 0.868458 -0.434624
vt 0.007694 -0.194418
vt 0.005001 -0.192394
vt 1.475231 1.257861
vt 1.472042 1.257859
vt 1.224249 0.486219
vt 1.224182 0.464170
vt 1.226199 0.464170
vt 1.226266 0.486219
vt 0.435283 0.352741
vt 0.411206 0.374790
vt 0.408514 0.372767
vt 0.563044 -0.428595
vt 0.541905 -0.428595
vt 0.539219 -0.453565
vt 0.565730 -0.453565
vt 1.273286 -0.112635
vt 1.273330 -0.138562
vt 1.275347 -0.138562
vt 1.275303 -0.112635
vt 1.479566 0.984018
vt 1.479546 0.950087
vt 1.482217 0.950087
vt 1.482237 0.984019
vt 0.635831 -0.392966
vt 0.620884 -0.406655
vt 0.638265 -0.426050
vt 0.657011 -0.408884
vt 1.224130 0.438243
vt 1.226147 0.438243
vt 0.892799 0.398432
vt 0.892799 0.426819
vt 0.760833 0.426819
vt 0.760833 0.398432
vt 1.475244 0.913292
vt 1.475244 0.945646
vt 1.472055 0.945646
vt 1.472055 0.913292
vt 1.224094 0.409434
vt 1.226111 0.409434
vt 1.417531 0.492064
vt 1.417598 0.514113
vt 1.415581 0.514113
vt 1.415514 0.492064
vt 0.884861 -0.202644
vt 0.884861 -0.229545
vt 0.888050 -0.229539
vt 0.888050 -0.202638
vt 1.486178 0.222848
vt 1.486158 0.188917
vt 1.488829 0.188917
vt 1.488849 0.222848
vt 1.215563 0.608506
vt 1.217999 0.608506
vt 1.224075 0.378851
vt 1.226093 0.378851
vt 1.417650 0.540040
vt 1.415633 0.540040
vt 0.254117 0.599578
vt 0.274457 0.580951
vt 0.292276 0.594343
vt 0.268740 0.615896
vt 0.952184 -0.199131
vt 0.952184 -0.185428
vt 0.948995 -0.185423
vt 0.948995 -0.199126
vt 1.417686 0.568849
vt 1.415669 0.568849
vt 1.479545 0.915491
vt 1.482217 0.915491
vt 0.659789 -0.320639
vt 0.659789 -0.339998
vt 0.687056 -0.342457
vt 0.687056 -0.318179
vt 0.837175 0.642420
vt 0.867605 0.642406
vt 0.867605 0.763258
vt 0.837175 0.763272
vt 0.859195 -0.176000
vt 0.859195 -0.162296
vt 0.856006 -0.162301
vt 0.856006 -0.176004
vt 0.495053 0.627917
vt 0.528449 0.634000
vt 0.525065 0.637175
vt 0.496853 0.632036
vt 1.417650 0.690006
vt 1.417598 0.715933
vt 1.415581 0.715933
vt 1.415633 0.690006
vt 1.486158 0.154321
vt 1.488829 0.154321
vt 1.389489 1.199844
vt 1.389489 1.232198
vt 1.386300 1.232198
vt 1.386300 1.199844
vt 0.435283 0.598660
vt 0.463595 0.615984
vt 0.461953 0.618797
vt 0.433073 0.601126
vt 0.469118 -0.267671
vt 0.457374 -0.283767
vt 0.449284 -0.301652
vt 0.445160 -0.320639
vt 0.445160 -0.339998
vt 0.449284 -0.358984
vt 0.457374 -0.376870
vt 0.469118 -0.392966
vt 0.484065 -0.406655
vt 0.501642 -0.417410
vt 0.521172 -0.424818
vt 0.583777 -0.424818
vt 0.603307 -0.417410
vt 0.647575 -0.376870
vt 0.655665 -0.358984
vt 0.655665 -0.301652
vt 0.647575 -0.283767
vt 0.635831 -0.267671
vt 0.583777 -0.235819
vt 0.563044 -0.232042
vt 0.541905 -0.232042
vt 0.521172 -0.235819
vt 0.501642 -0.243227
vt 0.484065 -0.253982
vt 0.623208 1.132120
vt 0.623244 1.103311
vt 0.625680 1.103311
vt 0.625644 1.132120
vt 0.935084 -0.215118
vt 0.935084 -0.229986
vt 0.937756 -0.229988
vt 0.937756 -0.215120
vt 1.417686 0.661197
vt 1.415669 0.661197
vt 0.895526 -0.229545
vt 0.895526 -0.202644
vt 0.892337 -0.202638
vt 0.892337 -0.229540
vt 0.623156 1.158047
vt 0.625592 1.158047
vt 1.246554 -0.383665
vt 1.246562 -0.414846
vt 1.248580 -0.414846
vt 1.248571 -0.383664
vt 0.522806 0.658183
vt 0.490161 0.652237
vt 0.844752 -0.230612
vt 0.844739 -0.206149
vt 0.842068 -0.206143
vt 0.842081 -0.230606
vt 1.417705 0.599432
vt 1.415688 0.599432
vt 0.153569 0.313683
vt 0.124804 0.313683
vt 0.122545 0.292675
vt 0.155829 0.292675
vt 0.900925 -0.199287
vt 0.900925 -0.170521
vt 0.898254 -0.170517
vt 0.898254 -0.199282
vt 0.714533 0.894446
vt 0.714600 0.916495
vt 0.712163 0.916495
vt 0.712097 0.894446
vt 1.246562 -0.353053
vt 1.248580 -0.353053
vt 1.417705 0.630614
vt 1.415688 0.630614
vt 0.562499 0.634000
vt 0.595895 0.627917
vt 0.596906 0.630970
vt 0.562840 0.637175
vt 0.844752 -0.177383
vt 0.842081 -0.177378
vt 0.714481 0.868519
vt 0.712044 0.868519
vt 0.623244 1.010962
vt 0.625680 1.010962
vt 0.681884 -0.294368
vt 0.671739 -0.271939
vt -0.004227 0.768603
vt 0.024411 0.768573
vt 0.024411 0.889425
vt -0.004226 0.889455
vt 1.246589 -0.324189
vt 1.248606 -0.324189
vt 0.591730 -0.211808
vt 0.834597 -0.180833
vt 0.834597 -0.207734
vt 0.837786 -0.207739
vt 0.837786 -0.180838
vt 1.273286 0.008523
vt 1.273258 -0.022060
vt 1.275275 -0.022061
vt 1.275303 0.008522
vt 0.623262 1.041545
vt 0.625698 1.041545
vt 0.913714 -0.206035
vt 0.913714 -0.230612
vt 0.916385 -0.230605
vt 0.916385 -0.206029
vt 0.623262 1.072728
vt 0.625698 1.072728
vt 0.834560 -0.164264
vt 0.834560 -0.179133
vt 0.837749 -0.179135
vt 0.837749 -0.164266
vt 1.246632 -0.298182
vt 1.248649 -0.298182
vt 0.849047 -0.176316
vt 0.849034 -0.200779
vt 0.851705 -0.200773
vt 0.851718 -0.176310
vt 0.827126 -0.179765
vt 0.827114 -0.202643
vt 0.830303 -0.202636
vt 0.830315 -0.179759
vt 1.246689 -0.276030
vt 1.248706 -0.276030
vt 0.565729 -0.207071
vt 0.539219 -0.207071
vt 0.941519 -0.168447
vt 0.941519 -0.183316
vt 0.944190 -0.183318
vt 0.944190 -0.168449
vt 1.335102 0.394640
vt 1.337539 0.394640
vt 0.274457 0.370450
vt 0.254117 0.351823
vt 0.268740 0.335505
vt 0.292276 0.357058
vt 0.714481 0.718553
vt 0.712044 0.718553
vt 0.928137 -0.215120
vt 0.928137 -0.229988
vt 0.930808 -0.229986
vt 0.930808 -0.215118
vt 0.714445 0.747361
vt 0.712008 0.747361
vt 0.827126 -0.229544
vt 0.830315 -0.229537
vt 1.224075 0.347668
vt 1.224094 0.317085
vt 1.226111 0.317085
vt 1.226093 0.347668
vt 0.962896 -0.169062
vt 0.962895 -0.182765
vt 0.965567 -0.182761
vt 0.965567 -0.169058
vt 1.389470 1.168112
vt 1.386281 1.168112
vt 1.224130 0.288276
vt 1.226147 0.288276
vt 1.273258 -0.083826
vt 1.275275 -0.083826
vt 1.335066 0.273483
vt 1.335014 0.247556
vt 1.337450 0.247556
vt 1.337503 0.273483
vt 0.447938 -0.251753
vt 0.433210 -0.271939
vt 1.224182 0.262349
vt 1.226199 0.262349
vt 1.273249 -0.053243
vt 1.275266 -0.053243
vt 0.423065 -0.294368
vt 1.224249 0.240300
vt 1.226266 0.240300
vt 0.436855 -0.031003
vt 0.432731 -0.012016
vt 0.374917 -0.017231
vt 0.381262 -0.046447
vt 0.817353 0.073999
vt 0.834929 0.084755
vt 0.807544 0.131674
vt 0.780498 0.115125
vt 0.761174 -0.438253
vt 0.779090 -0.458946
vt 0.829166 -0.414605
vt 0.819734 -0.403711
vt 0.436855 0.026329
vt 0.444945 0.044214
vt 0.393710 0.069293
vt 0.381262 0.041773
vt 0.590878 0.084755
vt 0.608455 0.073999
vt 0.645309 0.115125
vt 0.618264 0.131674
vt 0.456689 0.060311
vt 0.471637 0.073999
vt 0.434782 0.115125
vt 0.411782 0.094061
vt 0.489213 -0.089428
vt 0.471637 -0.078673
vt 0.434782 -0.119799
vt 0.461828 -0.136348
vt 0.623402 0.060311
vt 0.635147 0.044214
vt 0.686381 0.069293
vt 0.668310 0.094061
vt 0.969118 0.060311
vt 0.980863 0.044214
vt 1.032097 0.069294
vt 1.014026 0.094061
vt 0.571348 -0.096837
vt 0.550615 -0.100613
vt 0.556310 -0.153559
vt 0.588212 -0.147747
vt 0.635147 -0.048888
vt 0.623402 -0.064985
vt 0.668310 -0.098735
vt 0.686381 -0.073967
vt 0.529476 -0.100613
vt 0.523782 -0.153559
vt 0.782571 -0.031003
vt 0.778447 -0.012016
vt 0.720633 -0.017231
vt 0.726978 -0.046447
vt 0.988952 0.026329
vt 0.993076 0.007342
vt 1.050891 0.012557
vt 1.044545 0.041773
vt 0.608455 -0.078673
vt 0.645309 -0.119799
vt 0.936594 0.084755
vt 0.954171 0.073999
vt 0.991025 0.115125
vt 0.963980 0.131674
vt 0.790661 -0.048888
vt 0.739426 -0.073967
vt 0.590878 -0.089428
vt 0.618264 -0.136348
vt 0.988952 -0.031003
vt 0.980863 -0.048888
vt 1.032097 -0.073967
vt 1.044545 -0.046447
vt 0.802405 -0.064984
vt 0.757498 -0.098735
vt 0.802405 0.060311
vt 0.757498 0.094061
vt 0.917064 0.092163
vt 0.933928 0.143073
vt 0.854459 0.092163
vt 0.837595 0.143073
vt 0.643236 0.026329
vt 0.698829 0.041773
vt 0.936594 -0.089428
vt 0.917064 -0.096837
vt 0.933928 -0.147747
vt 0.963980 -0.136348
vt 0.817353 -0.078673
vt 0.780498 -0.119799
vt 0.778447 0.007343
vt 0.720633 0.012557
vt 0.782571 0.026329
vt 0.790661 0.044214
vt 0.739426 0.069294
vt 0.726978 0.041773
vt 0.647360 0.007343
vt 0.705175 0.012557
vt 0.896331 -0.100613
vt 0.875192 -0.100613
vt 0.869498 -0.153559
vt 0.902026 -0.153559
vt 0.647360 -0.012016
vt 0.705175 -0.017231
vt 0.571348 0.092163
vt 0.588212 0.143073
vt 0.969118 -0.064985
vt 0.954171 -0.078673
vt 0.991025 -0.119799
vt 1.014026 -0.098735
vt 0.643236 -0.031003
vt 0.698829 -0.046447
vt 0.432731 0.007343
vt 0.374917 0.012557
vt 0.489213 0.084755
vt 0.508743 0.092163
vt 0.491879 0.143073
vt 0.461828 0.131674
vt 0.854459 -0.096837
vt 0.837595 -0.147747
vt 0.529476 0.095940
vt 0.523782 0.148885
vt 0.834929 -0.089428
vt 0.807544 -0.136348
vt 0.550615 0.095940
vt 0.556310 0.148885
vt 0.508743 -0.096837
vt 0.491879 -0.147747
vt 0.875192 0.095940
vt 0.869498 0.148885
vt 0.896331 0.095940
vt 0.902026 0.148885
vt 0.993076 -0.012016
vt 1.050891 -0.017231
vt 0.456689 -0.064984
vt 0.411782 -0.098735
vt 0.444945 -0.048888
vt 0.393710 -0.073967
vt 0.681884 -0.366268
vt 0.513218 -0.211808
vt 0.488726 -0.221098
vt 0.513219 -0.448829
vt 0.417893 -0.318179
vt 0.942042 -0.198229
vt 0.942042 -0.213077
vt 0.944713 -0.213079
vt 0.944713 -0.198231
vt 0.923337 -0.182976
vt 0.923337 -0.168107
vt 0.920148 -0.168105
vt 0.920148 -0.182973
vt 0.616223 -0.439538
vt 1.482179 1.296828
vt 1.482199 1.328852
vt 1.479528 1.328850
vt 1.479508 1.296827
vt 0.466684 -0.234586
vt 0.930808 -0.199256
vt 0.930808 -0.184409
vt 0.927619 -0.184407
vt 0.927619 -0.199254
vt 0.657011 -0.251753
vt 0.958619 -0.183522
vt 0.958619 -0.169785
vt 0.955948 -0.169788
vt 0.955948 -0.183525
vt 0.466684 -0.426050
vt 0.488726 -0.439538
vt 0.433210 -0.388698
vt 0.447938 -0.408884
vt 0.591730 -0.448829
vt 0.417893 -0.342457
vt 0.423065 -0.366268
vt 0.316105 0.488872
vt 0.316105 0.462529
vt 0.339045 0.460460
vt 0.339045 0.490941
vt 0.295537 -0.194418
vt 0.315814 -0.222209
vt 0.317722 -0.218131
vt 0.300381 -0.194364
vt 0.671739 -0.388698
vt 0.915867 -0.200346
vt 0.915867 -0.177362
vt 0.912678 -0.177370
vt 0.912678 -0.200354
vt -0.037138 -0.282772
vt -0.031048 -0.254737
vt -0.053107 -0.248609
vt -0.060078 -0.280703
vt 0.740105 -0.389360
vt 0.748010 -0.414757
vt 0.812803 -0.391341
vt 0.808641 -0.377970
vt 0.911109 -0.497854
vt 0.938842 -0.490614
vt 0.913272 -0.431278
vt 0.898672 -0.435090
vt 0.915866 -0.175087
vt 0.915866 -0.161384
vt 0.912678 -0.161379
vt 0.912678 -0.175082
vt 0.943416 -0.241732
vt 0.915965 -0.233642
vt 0.901228 -0.295987
vt 0.915680 -0.300247
vt 0.805187 -0.252052
vt 0.782591 -0.268460
vt 0.831009 -0.314318
vt 0.842906 -0.305680
vt 0.763924 -0.288589
vt 0.749905 -0.311666
vt 0.813801 -0.337066
vt 0.821182 -0.324916
vt 0.063849 -0.452953
vt 0.033502 -0.434384
vt 0.031292 -0.436850
vt 0.062207 -0.455767
vt 1.005762 -0.442023
vt 1.019781 -0.418945
vt 0.955885 -0.393546
vt 0.948504 -0.405696
vt 1.021676 -0.315855
vt 1.008512 -0.292359
vt 0.949952 -0.326901
vt 0.956883 -0.339271
vt 0.190382 0.768647
vt 0.216155 0.768603
vt 0.216155 0.889455
vt 0.190382 0.889499
vt 0.987095 -0.462152
vt 0.938677 -0.416293
vt -0.462615 1.277722
vt -0.447724 1.277715
vt -0.447724 1.499929
vt -0.462615 1.499936
vt 0.858577 -0.232758
vt 0.830844 -0.239997
vt 0.856414 -0.299333
vt 0.871014 -0.295522
vt 0.275194 0.768558
vt 0.306191 0.768558
vt 0.306191 0.889410
vt 0.275194 0.889410
vt 0.801071 -0.476040
vt 0.840739 -0.423605
vt 0.887318 -0.230612
vt 0.886146 -0.294392
vt 0.892702 0.504488
vt 0.892642 0.524560
vt 0.760675 0.524560
vt 0.760736 0.504488
vt 0.928974 0.642421
vt 0.957556 0.642450
vt 0.957556 0.763302
vt 0.928974 0.763273
vt 0.826270 -0.488880
vt 0.854006 -0.430365
vt 0.239382 -0.152213
vt 0.269729 -0.170783
vt 0.271939 -0.168317
vt 0.241024 -0.149400
vt 1.029581 -0.341252
vt 0.961045 -0.352642
vt 0.085809 0.768558
vt 0.116211 0.768573
vt 0.116211 0.889425
vt 0.085809 0.889410
vt 1.028615 -0.393807
vt 0.960536 -0.380311
vt 0.754357 -0.173957
vt 0.754347 -0.203790
vt 0.757536 -0.203794
vt 0.757546 -0.173961
vt 0.968615 -0.254571
vt 0.928947 -0.307006
vt 1.031924 -0.367573
vt 0.962278 -0.366499
vt 0.741070 -0.336805
vt 0.809150 -0.350301
vt 0.644896 1.007642
vt 0.644916 1.040424
vt 1.356755 0.298972
vt 1.356774 0.331754
vt 0.644916 1.073849
vt 1.356774 0.365178
vt 0.644896 1.106631
vt 0.692887 0.685370
vt 0.692958 0.661735
vt 0.644858 1.137511
vt 0.644801 1.165302
vt 0.692831 0.713161
vt 1.237037 0.492064
vt 1.237106 0.515809
vt 0.692958 0.925336
vt 0.692887 0.901701
vt 0.692773 0.776823
vt 0.692792 0.744041
vt 1.237160 0.543686
vt 0.692831 0.873910
vt 1.237197 0.574625
vt 0.692792 0.843030
vt 0.692773 0.810248
vt 1.237216 0.607438
vt 1.237216 0.640861
vt 1.356755 0.397960
vt 1.356716 0.428840
vt 1.237159 0.704433
vt 1.237106 0.732138
vt 0.644801 0.948971
vt 0.644857 0.976762
vt 1.237197 0.673613
vt 1.356660 0.456632
vt 0.644730 0.925336
vt 1.356660 0.240300
vt 1.356716 0.268091
vt -0.057314 1.151886
vt -0.044284 1.123077
vt -0.030548 1.129800
vt -0.042410 1.156026
vt -0.063957 1.182469
vt -0.048458 1.183867
vt -0.063957 1.213651
vt -0.048458 1.212253
vt -0.057314 1.244234
vt -0.042410 1.240094
vt 1.329426 0.151631
vt 1.332763 0.120599
vt 1.348038 0.123381
vt 1.345000 0.151631
vt 1.332763 0.182663
vt 1.348038 0.179881
vt 1.342647 0.212503
vt 1.357036 0.207045
vt 1.358698 0.240003
vt 1.371648 0.232079
vt 1.421042 0.635572
vt 1.417705 0.604540
vt 1.433279 0.604540
vt 1.436317 0.632790
vt 1.430926 0.665412
vt 1.445315 0.659954
vt 1.446977 0.692912
vt 1.459927 0.684988
vt 1.468579 0.717016
vt 1.479591 0.706931
vt 0.006346 1.123077
vt 0.025263 1.097150
vt 0.037302 1.106198
vt 0.020081 1.129800
vt -0.006684 1.151886
vt 0.008219 1.156026
vt -0.013327 1.182469
vt 0.002172 1.183867
vt -0.013327 1.213651
vt 0.002172 1.212253
vt 0.025263 1.298970
vt 0.006346 1.273043
vt 0.020081 1.266320
vt 0.037302 1.289922
vt 0.053286 0.754325
vt 0.087336 0.754325
vt 0.054812 0.768558
vt -0.025366 1.097150
vt -0.013327 1.106198
vt -0.006684 1.244234
vt 0.008219 1.240094
vt 0.908342 0.397034
vt 0.908342 0.428217
vt 1.421042 0.573508
vt 1.436317 0.576290
vt 1.430926 0.543668
vt 1.445315 0.549126
vt 1.446977 0.516168
vt 1.459927 0.524092
vt 1.468579 0.492064
vt 1.479591 0.502149
vt 0.866150 0.628175
vt 0.900200 0.628175
vt 0.898601 0.642406
vt 1.342647 0.090759
vt 1.357036 0.096217
vt 1.358698 0.063259
vt 1.371648 0.071183
vt -0.025366 1.298970
vt -0.044284 1.273043
vt -0.030548 1.266320
vt -0.013327 1.289922
vt 0.273667 0.754325
vt 0.307717 0.754325
vt 0.737761 -0.363039
vt 0.807407 -0.364112
vt 0.405778 0.098573
vt 0.386861 0.072646
vt 1.207814 0.638958
vt 1.207814 0.609170
vt 0.429855 0.120622
vt 0.458167 0.137946
vt 0.489625 0.149879
vt 0.523021 0.155963
vt 1.327371 0.363360
vt 1.327371 0.333572
vt 0.405778 -0.103247
vt 0.429855 -0.125296
vt 0.386861 -0.077320
vt 0.373831 -0.048511
vt 0.367188 0.013254
vt 0.367188 -0.017928
vt 0.373831 0.043838
vt 0.458167 -0.142620
vt 0.489625 -0.154553
vt 0.523021 -0.160637
vt 0.693231 0.072646
vt 0.674313 0.098573
vt 0.706261 0.043837
vt 0.712904 0.013254
vt 0.712904 -0.017928
vt 0.693231 -0.077320
vt 0.706261 -0.048511
vt 0.615512 1.072031
vt 0.615512 1.042243
vt 0.650236 -0.125296
vt 0.674313 -0.103247
vt 0.621925 -0.142620
vt 0.557071 -0.160637
vt 0.590467 -0.154553
vt 0.650236 0.120623
vt 0.722176 0.778642
vt 0.722176 0.808430
vt 0.590466 0.149879
vt 0.557071 0.155963
vt 0.621925 0.137946
vt 0.902787 -0.160637
vt 0.936183 -0.154553
vt 0.967641 -0.142620
vt 0.995952 -0.125296
vt 1.020029 -0.103247
vt 1.051977 0.043837
vt 1.038947 0.072646
vt 1.020029 0.098573
vt 0.995952 0.120623
vt 0.967641 0.137946
vt 0.803883 0.137946
vt 0.775571 0.120623
vt 0.751494 0.098573
vt 0.732577 0.072646
vt 0.719547 0.043837
vt 0.712904 0.013254
vt 0.712904 -0.017928
vt 0.719547 -0.048511
vt 0.732577 -0.077320
vt 0.751494 -0.103247
vt 0.803883 -0.142620
vt 0.835341 -0.154553
vt 0.868737 -0.160637
vt 0.775571 -0.125296
vt 0.835341 0.149879
vt 0.868737 0.155963
vt 0.902787 0.155963
vt 0.936183 0.149879
vt 1.058620 0.013254
vt 1.058620 -0.017928
vt 1.038947 -0.077320
vt 1.051977 -0.048511
vt 0.408553 -0.222153
vt 0.388276 -0.249944
vt 0.434361 -0.198518
vt 0.374308 -0.280824
vt 0.367188 -0.313606
vt 0.367188 -0.347030
vt 0.374308 -0.379813
vt 0.670588 -0.198518
vt 0.640241 -0.179948
vt 0.606521 -0.167157
vt 0.570724 -0.160637
vt 0.534225 -0.160637
vt 0.498428 -0.167157
vt 0.464708 -0.179948
vt 0.696396 -0.222152
vt 0.716673 -0.249944
vt 0.498428 -0.493479
vt 0.534225 -0.500000
vt 0.570724 -0.500000
vt 0.606521 -0.493479
vt 0.640241 -0.480688
vt 0.670588 -0.462119
vt 0.696396 -0.438484
vt 0.716673 -0.410693
vt 0.730641 -0.379813
vt 0.737761 -0.347030
vt 0.737761 -0.313606
vt 0.730641 -0.280824
vt 0.464708 -0.480688
vt 0.434361 -0.462119
vt 0.388276 -0.410693
vt 0.408553 -0.438484
vt 0.205662 -0.139423
vt 0.203862 -0.135304
vt 1.314564 0.568849
vt 1.314528 0.540040
vt 1.314476 0.514113
vt 1.376512 -0.160637
vt 1.376452 -0.138587
vt 1.275408 -0.160611
vt 1.376408 -0.112660
vt 1.376452 0.037306
vt 1.376512 0.063233
vt 1.349811 -0.499977
vt 1.349753 -0.474130
vt 1.349711 -0.445377
vt 1.349684 -0.414823
vt 1.327371 0.240300
vt 1.327304 0.262349
vt 1.327252 0.288276
vt 1.327216 0.317085
vt 1.327197 0.347668
vt 1.327197 0.378851
vt 1.327216 0.409434
vt 1.327252 0.438243
vt 1.327304 0.464170
vt 1.327371 0.486219
vt 1.314564 0.661197
vt 1.314583 0.630614
vt 1.314583 0.599432
vt 1.314528 0.690006
vt 1.314476 0.715933
vt 1.349753 -0.298158
vt 1.349811 -0.276007
vt 1.349711 -0.324166
vt 1.349684 -0.353030
vt 1.349675 -0.383641
vt 1.376408 0.008497
vt 1.376380 -0.022086
vt 1.376380 -0.083852
vt 1.376371 -0.053268
vt -0.011568 0.661785
vt 0.019890 0.661752
vt 0.019890 0.754342
vt -0.011568 0.754375
vt -0.039880 0.661833
vt -0.039880 0.754423
vt -0.063957 0.661894
vt -0.063957 0.754484
vt 0.372571 0.661785
vt 0.400883 0.661833
vt 0.400883 0.754423
vt 0.372571 0.754375
vt 0.180501 0.661833
vt 0.208813 0.661785
vt 0.208813 0.754375
vt 0.180502 0.754423
vt 0.964961 0.535634
vt 0.993185 0.535680
vt 0.993185 0.628270
vt 0.964961 0.628223
vt 0.933564 0.535602
vt 0.933564 0.628191
vt 0.900200 0.535585
vt 1.009339 0.513536
vt 1.009273 0.535585
vt 0.908168 0.535585
vt 0.908235 0.513536
vt 1.009392 0.487609
vt 0.908287 0.487609
vt 1.009428 0.458800
vt 0.908323 0.458800
vt 1.009446 0.428217
vt 1.009428 0.366451
vt 1.009446 0.397034
vt 0.908323 0.366451
vt 1.009392 0.337642
vt 0.908287 0.337643
vt 1.009340 0.311715
vt 0.908235 0.311715
vt 1.009273 0.289666
vt 0.908168 0.289666
vt 0.087336 0.661735
vt 0.120732 0.661752
vt 0.120732 0.754342
vt 0.053286 0.661735
vt 0.152190 0.661785
vt 0.152190 0.754375
vt 0.180501 0.661833
vt 0.180501 0.754423
vt 0.748617 0.535736
vt 0.772806 0.535678
vt 0.772806 0.628267
vt 0.748617 0.628325
vt 0.801205 0.535632
vt 0.801205 0.628222
vt 0.832724 0.535601
vt 0.832724 0.628190
vt 0.866150 0.535585
vt 0.240271 0.661752
vt 0.240271 0.754342
vt 0.273667 0.661735
vt 0.307717 0.661735
vt 0.341113 0.661752
vt 0.341113 0.754342
vt 1.433977 0.268091
vt 1.434015 0.298972
vt 0.722118 0.976762
vt 0.722157 1.007642
vt 1.433921 0.240300
vt 0.721990 0.925336
vt 0.722062 0.948971
vt 1.314457 0.673612
vt 1.314420 0.704432
vt 1.433977 0.428840
vt 1.433921 0.456632
vt 1.314476 0.640861
vt 1.314366 0.732137
vt 0.722157 1.106631
vt 0.722118 1.137511
vt 1.434035 0.365178
vt 1.434015 0.397960
vt 1.314457 0.574625
vt 1.314476 0.607437
vt 0.615532 0.843030
vt 0.615512 0.810248
vt 0.615512 0.776824
vt 0.615570 0.873910
vt 1.314420 0.543685
vt 0.615532 0.744041
vt 0.615570 0.713161
vt 0.615626 0.901701
vt 1.314366 0.515808
vt 0.615698 0.925336
vt 1.314298 0.492064
vt 0.615626 0.685370
vt 0.722062 1.165302
vt 0.615698 0.661735
vt 0.722176 1.073849
vt 1.434035 0.331754
vt 0.722176 1.040424
vt 1.453773 -0.035919
vt 1.453782 -0.003107
vt 1.376522 -0.003124
vt 1.376512 -0.035936
vt 1.453782 -0.069343
vt 1.376522 -0.069360
vt 1.453810 0.027833
vt 1.376550 0.027815
vt 1.453856 0.055710
vt 1.376596 0.055692
vt 1.453918 0.079454
vt 1.376657 0.079437
vt 1.427257 -0.500000
vt 1.427186 -0.476365
vt 1.349925 -0.476365
vt 1.349997 -0.500000
vt 1.469765 0.889531
vt 1.469775 0.922956
vt 1.392515 0.922975
vt 1.392505 0.889551
vt 1.469805 0.955738
vt 1.392544 0.955757
vt 1.469853 0.986618
vt 1.392592 0.986637
vt 1.469917 1.014409
vt 1.392656 1.014429
vt 1.453856 -0.132914
vt 1.453810 -0.102094
vt 1.376550 -0.102112
vt 1.376596 -0.132932
vt 1.453918 -0.160619
vt 1.376657 -0.160637
vt 1.469775 0.856749
vt 1.392515 0.856768
vt 1.469805 0.825869
vt 1.392544 0.825888
vt 1.427091 -0.318705
vt 1.427130 -0.287825
vt 1.349869 -0.287825
vt 1.349831 -0.318705
vt 1.427186 -0.260034
vt 1.349925 -0.260034
vt 1.427257 -0.236399
vt 1.349997 -0.236399
vt 1.392505 1.230760
vt 1.392561 1.202969
vt 1.469822 1.202969
vt 1.469766 1.230760
vt 1.392600 1.172089
vt 1.392619 1.139307
vt 1.469880 1.139307
vt 1.469860 1.172089
vt 1.392619 1.105882
vt 1.469880 1.105882
vt 1.392600 1.073100
vt 1.469860 1.073100
vt 1.392561 1.042220
vt 1.469822 1.042220
vt 1.469917 0.774443
vt 1.469853 0.798078
vt 1.392592 0.798097
vt 1.392656 0.774462
vt 1.392505 1.014429
vt 1.469766 1.014429
vt 1.427072 -0.351487
vt 1.349811 -0.351487
vt 1.427072 -0.384912
vt 1.349811 -0.384912
vt 1.427130 -0.448574
vt 1.427091 -0.417694
vt 1.349831 -0.417694
vt 1.349869 -0.448574
vt -0.033671 -0.319296
vt -0.033671 -0.285871
vt -0.037138 -0.319608
vt 0.451086 0.637415
vt 0.486843 0.652701
vt 0.450263 0.638825
vt 0.744739 0.457728
vt 0.737081 0.422472
vt 0.738752 0.422008
vt 0.746476 0.457571
vt 0.899802 -0.200779
vt 0.899802 -0.229545
vt 0.902473 -0.229540
vt 0.902473 -0.200775
vt -0.037400 0.389263
vt -0.052421 0.422472
vt -0.054091 0.422008
vt -0.038940 0.388509
vt 0.679741 0.576611
vt 0.698659 0.550684
vt 0.701731 0.552187
vt 0.682434 0.578635
vt 0.130765 0.286114
vt 0.172466 0.286114
vt 0.172637 0.287705
vt 0.130594 0.287705
vt 0.948472 -0.169062
vt 0.948472 -0.182765
vt 0.951661 -0.182761
vt 0.951661 -0.169058
vt 0.952184 -0.214283
vt 0.952184 -0.200580
vt 0.948995 -0.200576
vt 0.948995 -0.214279
vt 0.216348 0.278120
vt 0.249360 0.265598
vt 0.252713 0.265460
vt 0.213871 0.280194
vt 0.088766 0.323484
vt 0.057308 0.335417
vt 0.055666 0.332604
vt 0.087755 0.320432
vt 0.016668 -0.058335
vt -0.012818 -0.031332
vt -0.014168 -0.032346
vt 0.015561 -0.059571
vt 0.920143 -0.184543
vt 0.920143 -0.199412
vt 0.923332 -0.199409
vt 0.923332 -0.184541
vt 0.053870 -0.081099
vt 0.050517 -0.080961
vt 0.028996 0.352741
vt 0.024257 0.351823
vt -0.012584 0.011875
vt -0.026551 0.042755
vt -0.029291 0.039097
vt -0.017346 0.012688
vt 0.655664 0.598660
vt 0.655723 0.603096
vt -0.033671 0.075538
vt -0.033671 0.108962
vt -0.037138 0.109275
vt -0.037138 0.075225
vt 0.631806 0.617731
vt 0.670346 0.619414
vt 0.642672 0.636348
vt -0.026551 -0.253089
vt 0.716187 0.520227
vt 0.721798 0.494391
vt 0.744739 0.496460
vt 0.738245 0.526355
vt 0.723600 0.388509
vt 0.363309 0.111343
vt 0.363309 0.073155
vt 0.365047 0.072999
vt 0.365047 0.111500
vt 1.389470 1.263930
vt 1.386281 1.263930
vt 0.097569 -0.465744
vt 0.099369 -0.469863
vt 0.819643 -0.180826
vt 0.822832 -0.180833
vt 0.354580 0.032969
vt 0.356845 0.035237
vt 0.315773 0.562139
vt 0.330794 0.528929
vt 0.332465 0.529393
vt 0.317313 0.562892
vt 0.169865 0.261931
vt 0.205662 0.255410
vt 0.209657 0.257920
vt 0.170206 0.265106
vt 0.295316 0.593041
vt 1.479566 0.881560
vt 1.482237 0.881560
vt 0.463595 0.335417
vt 0.210553 -0.115103
vt 0.175508 -0.108719
vt 0.081064 0.651171
vt 0.122545 0.658727
vt 0.119390 0.659775
vt 0.080557 0.652701
vt 0.316049 -0.031332
vt 0.286562 -0.058335
vt 0.287670 -0.059571
vt 0.317398 -0.032347
vt 0.044800 0.637415
vt 0.043977 0.638825
vt 0.011055 0.618680
vt 0.063849 -0.058120
vt 0.033502 -0.039551
vt 0.031292 -0.042017
vt 0.064737 -0.062481
vt 0.369149 0.457011
vt 0.346209 0.454942
vt 0.352702 0.425046
vt 0.007694 -0.015916
vt 0.005001 -0.017940
vt 0.003917 0.370450
vt -0.013902 0.357058
vt 0.009633 0.335505
vt 0.249360 -0.081099
vt 0.252713 -0.080961
vt 0.004919 0.374791
vt -0.013998 0.400718
vt -0.017070 0.399214
vt 0.169864 -0.077432
vt 0.133366 -0.077432
vt 0.133025 -0.080607
vt 0.170206 -0.080607
vt -0.027028 0.429526
vt -0.030362 0.428600
vt -0.051349 0.032969
vt -0.037675 0.002737
vt 0.849047 -0.229544
vt 0.851718 -0.229539
vt 1.475263 0.881560
vt 1.472075 0.881560
vt 0.097569 -0.070911
vt 0.093574 -0.073420
vt -0.052420 0.528929
vt -0.037399 0.562139
vt -0.038939 0.562893
vt -0.054091 0.529393
vt -0.037525 0.184833
vt -0.053614 0.149262
vt -0.016942 0.593041
vt 0.238494 -0.062482
vt 0.209657 -0.073420
vt 0.216348 -0.093621
vt -0.013998 0.550684
vt 0.004919 0.576611
vt -0.017070 0.552188
vt 0.028996 0.598660
vt -0.035985 -0.210754
vt -0.012818 -0.179002
vt -0.014168 -0.177988
vt -0.037525 -0.210001
vt 0.528449 0.317401
vt 0.495053 0.323484
vt 0.494042 0.320432
vt 0.528107 0.314226
vt 0.133366 -0.472265
vt 0.129983 -0.475440
vt 0.562499 0.317401
vt 0.565883 0.314226
vt 0.338052 -0.208180
vt 0.318200 -0.180972
vt 0.959131 -0.214280
vt 0.959132 -0.200577
vt 0.956460 -0.200580
vt 0.956460 -0.214283
vt 1.475213 1.227913
vt 1.472023 1.227911
vt 0.305402 0.429526
vt 0.292372 0.400718
vt 0.295444 0.399214
vt 0.308735 0.428600
vt 0.392289 0.550684
vt 0.411206 0.576611
vt 0.406362 0.576664
vt 0.390381 0.554761
vt 0.007694 -0.410749
vt 0.002850 -0.410803
vt 0.273454 0.374790
vt 0.249377 0.352741
vt -0.012584 -0.382958
vt -0.014491 -0.387035
vt 0.851724 -0.175890
vt 0.851724 -0.162153
vt 0.848535 -0.162158
vt 0.848535 -0.175895
vt 0.064737 0.246981
vt 0.093574 0.257919
vt 0.086883 0.278120
vt 0.053870 0.265598
vt 0.711689 0.521875
vt 0.718332 0.491292
vt 0.761828 -0.201932
vt 0.761840 -0.230608
vt 0.764511 -0.230612
vt 0.764499 -0.201936
vt 0.189608 0.323484
vt 0.156212 0.317401
vt 0.190619 0.320432
vt 0.956460 -0.216636
vt 0.956460 -0.230339
vt 0.959131 -0.230342
vt 0.959131 -0.216639
vt 0.122162 0.317401
vt 0.934572 -0.168128
vt 0.934572 -0.182997
vt 0.937243 -0.182999
vt 0.937243 -0.168131
vt 0.727528 1.097851
vt 0.727528 1.130204
vt 0.724339 1.130204
vt 0.724339 1.097851
vt 0.865643 -0.229545
vt 0.865643 -0.200779
vt 0.862972 -0.200775
vt 0.862972 -0.229540
vt 0.727509 1.066118
vt 0.724320 1.066118
vt 0.238494 0.246981
vt 0.727509 1.161937
vt 0.724320 1.161937
vt 0.930290 -0.183125
vt 0.930290 -0.167669
vt 0.927619 -0.167669
vt 0.927619 -0.183124
vt 0.329782 -0.253089
vt 0.333115 -0.252163
vt 0.336902 -0.285871
vt 0.340369 -0.285559
vt 0.273454 0.576611
vt 0.336902 -0.319296
vt 0.340369 -0.322394
vt 0.249377 0.598660
vt 0.329782 -0.352078
vt 0.334279 -0.350430
vt 0.221066 0.615984
vt 0.222708 0.618797
vt 0.315814 -0.382958
vt 0.295537 -0.410749
vt 0.298230 -0.412773
vt 0.318887 -0.384462
vt 0.312045 0.491292
vt 0.944713 -0.229986
vt 0.944713 -0.215118
vt 0.942042 -0.215120
vt 0.942042 -0.229988
vt 0.269729 -0.434384
vt 0.269787 -0.438820
vt 0.189608 0.627917
vt 0.190619 0.630970
vt 0.935084 -0.198365
vt 0.935084 -0.213234
vt 0.937755 -0.213232
vt 0.937756 -0.198363
vt 0.239382 -0.452953
vt 0.243834 -0.454701
vt 0.771987 -0.175137
vt 0.771987 -0.163080
vt 0.768798 -0.163086
vt 0.768798 -0.175143
vt 0.778940 -0.175138
vt 0.778940 -0.163081
vt 0.776269 -0.163086
vt 0.776269 -0.175143
vt 0.856000 -0.200779
vt 0.856013 -0.229544
vt 0.858684 -0.229539
vt 0.858671 -0.200773
vt 0.920666 -0.215120
vt 0.920666 -0.229988
vt 0.923855 -0.229986
vt 0.923855 -0.215117
vt 0.205662 -0.070911
vt 0.205662 -0.465744
vt 0.169865 -0.472265
vt 0.170206 -0.475440
vt 0.206673 -0.468797
vt 0.057308 0.615984
vt 0.088766 0.627917
vt 0.087755 0.630970
vt 0.055666 0.618797
vt 0.963413 -0.201483
vt 0.963413 -0.215186
vt 0.966084 -0.215190
vt 0.966084 -0.201487
vt -0.027028 0.521875
vt -0.030362 0.522801
vt 0.856013 -0.176315
vt 0.858684 -0.176310
vt 1.486519 0.915491
vt 1.486540 0.881560
vt 1.489210 0.881560
vt 1.489190 0.915491
vt 0.388543 0.590056
vt 0.370052 0.564713
vt -0.012584 -0.222209
vt -0.015656 -0.220705
vt 0.963413 -0.215733
vt 0.963413 -0.229436
vt 0.966084 -0.229432
vt 0.966084 -0.215729
vt 1.486519 0.950087
vt 1.489190 0.950087
vt 0.033502 0.224050
vt 0.031292 0.226516
vt 1.486539 0.984018
vt 1.489210 0.984018
vt 0.812147 -0.202643
vt 0.812160 -0.229544
vt 0.815349 -0.229537
vt 0.815336 -0.202636
vt 0.959137 -0.199131
vt 0.959137 -0.185428
vt 0.956466 -0.185424
vt 0.956466 -0.199127
vt 0.086883 -0.093621
vt 0.092677 -0.490064
vt 0.127723 -0.496448
vt 0.372616 0.460109
vt 1.482179 1.262866
vt 1.479508 1.262865
vt -0.060078 -0.321677
vt -0.061816 -0.283333
vt -0.061816 -0.321834
vt -0.060672 0.460460
vt -0.060672 0.490941
vt -0.061816 0.493831
vt -0.061816 0.457571
vt 0.600786 0.299165
vt 0.568142 0.293218
vt 0.565271 0.291627
vt 0.604104 0.298701
vt -0.051943 -0.359132
vt -0.053614 -0.359596
vt 0.525677 0.659775
vt 1.055322 0.191720
vt 1.055322 0.227119
vt 1.052133 0.227119
vt 1.052133 0.191720
vt -0.034821 -0.396987
vt -0.037525 -0.395166
vt 0.418450 0.617444
vt 0.417342 0.618680
vt 0.700253 0.592026
vt 0.701603 0.593041
vt 0.673606 0.618680
vt -0.014969 -0.424195
vt -0.014168 -0.427179
vt -0.016942 0.358360
vt 0.011055 0.332721
vt 0.640684 0.638825
vt 0.016669 -0.453168
vt 0.015561 -0.454404
vt 0.565100 0.658183
vt 0.603597 0.651170
vt 0.604104 0.652701
vt 0.565271 0.659775
vt 0.130765 -0.108719
vt 0.172637 -0.107128
vt 0.130594 -0.107128
vt 0.089867 -0.116169
vt 0.089360 -0.114639
vt 1.040337 0.227119
vt 1.040358 0.261839
vt 1.037169 0.261839
vt 1.037148 0.227119
vt 0.800890 -0.203360
vt 0.800904 -0.172061
vt 0.798233 -0.172056
vt 0.798219 -0.203354
vt 0.743105 -0.230088
vt 0.743094 -0.200746
vt 0.739905 -0.200742
vt 0.739916 -0.230084
vt 0.018820 -0.150029
vt 0.048530 -0.131849
vt 0.050518 -0.129373
vt 0.015561 -0.150763
vt 0.873114 -0.200051
vt 0.873114 -0.170617
vt 0.869925 -0.170622
vt 0.869925 -0.200056
vt -0.053614 -0.245571
vt 0.233574 0.313987
vt 0.234397 0.312576
vt 0.267318 0.332721
vt 0.724342 1.064518
vt 0.724320 1.027599
vt 0.726991 1.027599
vt 0.727013 1.064518
vt 1.055343 0.261839
vt 1.052154 0.261839
vt 1.381976 1.243044
vt 1.381998 1.277888
vt 1.379327 1.277886
vt 1.379305 1.243043
vt 1.055343 0.157000
vt 1.052154 0.157000
vt 0.734665 1.045281
vt 0.734687 1.082200
vt 0.732016 1.082200
vt 0.731994 1.045281
vt 0.672498 0.333957
vt 0.673605 0.332721
vt 0.701603 0.358360
vt 1.381976 1.206092
vt 1.379305 1.206091
vt 0.869919 -0.200875
vt 0.869919 -0.230309
vt 0.873108 -0.230314
vt 0.873108 -0.200880
vt 0.734665 1.007640
vt 0.731994 1.007640
vt 0.639861 0.313987
vt 0.640684 0.312576
vt 1.381998 1.168451
vt 1.379327 1.168450
vt 0.417342 0.332721
vt 0.450264 0.312576
vt 0.791266 -0.172398
vt 0.791252 -0.199015
vt 0.793923 -0.199010
vt 0.793937 -0.172393
vt 0.786956 -0.204945
vt 0.786970 -0.175511
vt 0.783781 -0.175504
vt 0.783767 -0.204938
vt 0.750058 -0.198888
vt 0.750070 -0.164179
vt 0.747399 -0.164175
vt 0.747387 -0.198884
vt 0.786970 -0.229976
vt 0.783781 -0.229970
vt 0.880061 -0.200056
vt 0.880061 -0.168758
vt 0.877390 -0.168754
vt 0.877390 -0.200052
vt 0.344471 0.457571
vt 0.352196 0.422008
vt 0.791266 -0.230313
vt 0.793937 -0.230308
vt 0.779472 -0.204945
vt 0.779485 -0.175511
vt 0.776296 -0.175504
vt 0.776283 -0.204938
vt 0.750070 -0.230088
vt 0.747399 -0.230085
vt 0.779485 -0.229976
vt 0.776296 -0.229970
vt 0.743215 1.209212
vt 0.743162 1.178609
vt 0.746351 1.178610
vt 0.746404 1.209212
vt 0.905201 -0.174572
vt 0.905201 -0.199720
vt 0.908390 -0.199712
vt 0.908390 -0.174565
vt -0.053614 0.035237
vt -0.037525 -0.000333
vt 1.337806 -0.199889
vt 1.337827 -0.167121
vt 1.334638 -0.167123
vt 1.334617 -0.199891
vt 0.893972 -0.200052
vt 0.893972 -0.168754
vt 0.891301 -0.168758
vt 0.891301 -0.200056
vt 1.047846 0.227119
vt 1.047825 0.261839
vt 1.044636 0.261839
vt 1.044657 0.227119
vt 0.089360 -0.095695
vt 1.047846 0.191720
vt 1.044657 0.191720
vt -0.060078 0.073156
vt -0.061816 0.072999
vt 0.213871 -0.095695
vt 1.047825 0.157000
vt 1.044636 0.157000
vt 0.340756 -0.210000
vt 0.317398 -0.177987
vt 0.724320 0.989957
vt 0.726991 0.989957
vt 0.197310 0.651170
vt 0.233574 0.637415
vt 0.234397 0.638825
vt 0.197817 0.652701
vt 0.051341 -0.474384
vt 0.050518 -0.475794
vt 0.340189 0.493830
vt 0.594095 0.319366
vt -0.033671 0.460110
vt -0.037731 0.462529
vt 0.761839 -0.170032
vt 0.764510 -0.170035
vt 0.312045 0.460109
vt 1.482199 1.228271
vt 1.479528 1.228269
vt 0.525848 0.293218
vt 0.525677 0.291627
vt -0.012818 0.215831
vt -0.014168 0.216845
vt 0.487350 0.300231
vt 0.486843 0.298701
vt 0.754358 -0.230607
vt 0.757547 -0.230612
vt 0.133366 0.261931
vt 0.133025 0.265106
vt 0.239382 0.242620
vt 1.475263 0.977378
vt 1.472075 0.977378
vt 0.627353 0.335417
vt 0.595895 0.323484
vt 0.628995 0.332604
vt 0.239382 -0.058120
vt 0.372616 0.491292
vt 0.369149 0.491604
vt 0.655664 0.352741
vt 0.657874 0.350275
vt 0.269729 -0.039551
vt 0.271939 -0.042017
vt 0.379259 0.521875
vt 0.375925 0.522801
vt 0.698659 0.400718
vt 0.679741 0.374790
vt 0.295537 -0.015916
vt 0.298230 -0.017940
vt -0.033671 0.491292
vt -0.037731 0.488872
vt 0.711689 0.429526
vt 0.715022 0.428600
vt 0.315814 0.011875
vt 0.320577 0.012688
vt 0.718332 0.460109
vt 0.721798 0.459797
vt 0.336902 0.075537
vt 0.329782 0.042755
vt 0.332522 0.039097
vt 0.340369 0.075225
vt 0.063849 0.242620
vt 0.097569 0.255410
vt 0.336902 0.108962
vt 0.340369 0.109274
vt 0.320577 0.171811
vt 0.332522 0.145402
vt 0.354580 0.151530
vt 0.340906 0.181762
vt 0.197310 0.300231
vt 0.158984 0.291627
vt 0.197817 0.298701
vt 0.329782 0.141744
vt 0.016669 0.242834
vt 0.015561 0.244070
vt 0.722060 0.562138
vt 0.723600 0.562892
vt 0.315815 0.172624
vt 0.213364 -0.488998
vt 0.172465 -0.496448
vt 0.172637 -0.498039
vt 0.213871 -0.490528
vt 0.316049 0.215831
vt 0.340756 0.184833
vt 0.317399 0.216845
vt 0.050518 0.265460
vt 0.081063 0.300231
vt 0.044799 0.313987
vt 0.043976 0.312576
vt 0.080556 0.298701
vt 0.295537 0.200415
vt 0.298230 0.202439
vt 0.119390 0.291627
vt 0.269729 0.224050
vt 0.271939 0.226516
vt 0.627353 0.615984
vt 0.746476 0.493830
vt 0.738752 0.529393
vt 0.172465 -0.101615
vt 0.130765 -0.101615
vt 0.130594 -0.103206
vt 0.172636 -0.103206
vt 1.347650 -0.200409
vt 1.347672 -0.163491
vt 1.345001 -0.163491
vt 1.344979 -0.200409
vt 0.340906 0.002737
vt 1.486178 0.120390
vt 1.488849 0.120390
vt 0.251890 -0.130783
vt 0.252713 -0.129373
vt 0.213871 -0.114639
vt 1.481730 0.618794
vt 1.481751 0.582696
vt 1.484940 0.582696
vt 1.484919 0.618794
vt 1.488840 -0.054004
vt 1.488829 -0.014957
vt 1.486158 -0.014957
vt 1.486169 -0.054004
vt 0.390000 1.049358
vt 0.390068 1.018851
vt 0.393257 1.018852
vt 0.393189 1.049359
vt 0.389919 1.119361
vt 0.389950 1.083297
vt 0.393139 1.083297
vt 0.393108 1.119362
vt 1.481751 0.691698
vt 1.481730 0.655600
vt 1.484919 0.655600
vt 1.484940 0.691698
vt 0.389919 1.192297
vt 0.389908 1.156166
vt 0.393097 1.156167
vt 0.393108 1.192298
vt 0.724379 0.718363
vt 0.724441 0.687761
vt 0.727630 0.687761
vt 0.727568 0.718363
vt 0.724315 0.788466
vt 0.724337 0.752367
vt 0.727525 0.752367
vt 0.727504 0.788466
vt 0.390000 1.257064
vt 0.389950 1.226367
vt 0.393139 1.226367
vt 0.393189 1.257065
vt 0.724337 0.861370
vt 0.724315 0.825271
vt 0.727504 0.825271
vt 0.727526 0.861370
vt 0.743162 1.035603
vt 0.743215 1.001599
vt 0.746404 1.001599
vt 0.746351 1.035603
vt 0.743130 1.071701
vt 0.746319 1.071702
vt 0.743119 1.108506
vt 0.746308 1.108507
vt 1.492020 0.588217
vt 1.491997 0.626514
vt 1.489326 0.626514
vt 1.489349 0.588217
vt 1.481794 0.548692
vt 1.481856 0.518089
vt 1.485045 0.518089
vt 1.484983 0.548692
vt 0.743286 0.970996
vt 0.746475 0.970997
vt 0.724519 0.952002
vt 0.724441 0.925976
vt 0.727630 0.925976
vt 0.727709 0.952002
vt 0.741841 0.757888
vt 0.741829 0.796186
vt 0.739158 0.796186
vt 0.739170 0.757889
vt 0.724379 0.895374
vt 0.727568 0.895374
vt 0.734794 0.942073
vt 0.734877 0.969684
vt 0.732206 0.969684
vt 0.732123 0.942073
vt 0.741875 0.873531
vt 0.741931 0.909606
vt 0.739260 0.909607
vt 0.739204 0.873531
vt 0.724519 0.661735
vt 0.727708 0.661735
vt 0.734683 0.873531
vt 0.734729 0.909606
vt 0.732057 0.909606
vt 0.732012 0.873531
vt 0.734660 0.835233
vt 0.731989 0.835233
vt 0.734660 0.796186
vt 0.731989 0.796186
vt 1.481856 0.756305
vt 1.481794 0.725702
vt 1.484983 0.725702
vt 1.485045 0.756305
vt 0.734728 0.721813
vt 0.734683 0.757888
vt 0.732012 0.757888
vt 0.732057 0.721813
vt 0.734794 0.689346
vt 0.732123 0.689346
vt 0.742006 0.942073
vt 0.742098 0.969684
vt 0.739427 0.969684
vt 0.739335 0.942073
vt 0.741841 0.835233
vt 0.739170 0.835234
vt 0.743130 1.144605
vt 0.746319 1.144606
vt 0.743286 1.235237
vt 0.746475 1.235238
vt 1.492131 0.519674
vt 1.492065 0.552141
vt 1.489394 0.552141
vt 1.489460 0.519674
vt 1.488840 0.023376
vt 1.486169 0.023375
vt 1.491997 0.665562
vt 1.489326 0.665562
vt 1.488999 -0.160636
vt 1.488927 -0.128270
vt 1.486256 -0.128271
vt 1.486328 -0.160637
vt 1.492020 0.703859
vt 1.492065 0.739934
vt 1.489394 0.739934
vt 1.489349 0.703859
vt 0.741931 0.689346
vt 0.741875 0.721813
vt 0.739204 0.721814
vt 0.739260 0.689347
vt 0.742006 0.661735
vt 0.739335 0.661736
vt 1.488873 -0.092265
vt 1.486202 -0.092266
vt 1.488873 0.059520
vt 1.488927 0.092088
vt 1.486256 0.092087
vt 1.486202 0.059520
vt 1.488999 0.119827
vt 1.486328 0.119826
vt 1.492131 0.772401
vt 1.489460 0.772401
vt 0.390068 1.283210
vt 0.393257 1.283211
vt 0.330794 0.422472
vt 0.332465 0.422008
vt 0.340189 0.457571
vt 0.877390 -0.200657
vt 0.877390 -0.230090
vt 0.880579 -0.230085
vt 0.880579 -0.200651
vt -0.060078 0.111344
vt -0.061816 0.111500
vt 0.346209 0.493674
vt 0.353867 0.528929
vt 0.352196 0.529393
vt 0.344471 0.493830
vt 0.390695 0.359375
vt 0.389345 0.358360
vt 0.807857 -0.203360
vt 0.807872 -0.172061
vt 0.805201 -0.172056
vt 0.805186 -0.203354
vt 1.040337 0.191719
vt 1.037148 0.191719
vt 0.368888 0.389263
vt 0.367348 0.388509
vt 0.734687 0.970721
vt 0.732016 0.970721
vt 1.040358 0.157000
vt 1.037169 0.157000
vt 0.155829 0.658727
vt 0.158984 0.659775
vt 0.089360 -0.490528
vt 0.771987 -0.200873
vt 0.772001 -0.175841
vt 0.768812 -0.175848
vt 0.768798 -0.200880
vt 0.355174 -0.246035
vt 0.356845 -0.245571
vt 0.363309 -0.283489
vt 0.365047 -0.283333
vt 0.367348 0.562892
vt 0.363309 -0.324464
vt 0.365047 -0.321834
vt 0.724342 0.953039
vt 0.727013 0.953039
vt 0.315773 0.389263
vt 0.317313 0.388509
vt 0.356338 -0.356558
vt 0.356845 -0.359596
vt 0.389345 0.593041
vt 0.295316 0.358360
vt 0.339216 -0.394413
vt 0.316049 -0.426165
vt 0.317398 -0.427179
vt 0.340756 -0.395167
vt 0.089360 0.280194
vt 0.284411 -0.455138
vt 0.287670 -0.454404
vt 0.356845 0.149262
vt 0.254701 -0.473318
vt 0.252713 -0.475794
vt 0.887020 -0.200052
vt 0.887020 -0.168754
vt 0.884349 -0.168758
vt 0.884349 -0.200056
vt 0.743105 -0.168104
vt 0.739916 -0.168100
vt 1.347650 -0.238051
vt 1.344979 -0.238051
vt 1.337827 -0.270040
vt 1.337806 -0.234640
vt 1.334617 -0.234642
vt 1.334638 -0.270041
vt 0.807872 -0.229976
vt 0.805201 -0.229971
vt 0.130594 -0.498039
vt 0.286562 0.242834
vt 0.287670 0.244070
vt 0.906755 -0.203238
vt 0.906754 -0.229978
vt 0.909426 -0.229972
vt 0.909426 -0.203231
vt 0.286562 -0.151999
vt 0.287670 -0.150763
vt 0.800905 -0.229976
vt 0.798234 -0.229971
vt 0.340756 -0.000334
vt 0.772001 -0.230307
vt 0.768811 -0.230313
vt 0.267318 0.618680
vt 1.347672 -0.274970
vt 1.345001 -0.274970
vt 0.830284 -0.179133
vt 0.830284 -0.164264
vt 0.827095 -0.164266
vt 0.827095 -0.179135
vt 0.952184 -0.230338
vt 0.952184 -0.216635
vt 0.948995 -0.216639
vt 0.948995 -0.230342
vt 0.221066 0.335417
vt 0.222708 0.332604
vt 0.822813 -0.178817
vt 0.822813 -0.163948
vt 0.819624 -0.163946
vt 0.819624 -0.178814
vt -0.026551 -0.352078
vt -0.029884 -0.353004
vt 0.122483 0.312107
vt 0.120646 0.295019
vt 0.839893 -0.179758
vt 0.839893 -0.163328
vt 0.954322 -0.200317
vt 0.954322 -0.215459
vt -0.034583 0.002028
vt -0.018048 0.010121
vt -0.031769 0.040457
vt -0.049710 0.035473
vt 0.932946 -0.230606
vt 0.932946 -0.214176
vt -0.049711 0.149026
vt -0.031769 0.144042
vt 0.939381 -0.183941
vt 0.939381 -0.167510
vt 0.946852 -0.215469
vt 0.946852 -0.230612
vt 0.253693 0.349206
vt 0.265587 0.335933
vt 0.291808 0.359946
vt 0.277315 0.370838
vt 0.846392 -0.161130
vt 0.846392 -0.176310
vt 0.284567 -0.452222
vt 0.272673 -0.438950
vt 0.939899 -0.214171
vt 0.939899 -0.197740
vt -0.011785 -0.424338
vt 0.002708 -0.413446
vt 0.939899 -0.214181
vt 0.939899 -0.230612
vt 0.918005 -0.167481
vt 0.918005 -0.183912
vt 0.317826 0.460404
vt 0.336485 0.458721
vt 0.336485 0.492680
vt 0.317826 0.490997
vt 0.925475 -0.183941
vt 0.925475 -0.200348
vt 0.335515 -0.352822
vt 0.353456 -0.357806
vt 0.939899 -0.214181
vt 0.817480 -0.163322
vt 0.817480 -0.179753
vt 0.155890 0.639295
vt 0.157728 0.656382
vt 0.120646 0.656382
vt 0.122484 0.639295
vt 0.910534 -0.161110
vt 0.910534 -0.176252
vt 0.361168 -0.322300
vt 0.342510 -0.320617
vt 0.954322 -0.185155
vt 0.954322 -0.200297
vt 0.024681 0.602196
vt 0.012787 0.615468
vt 0.766654 -0.161883
vt 0.766654 -0.175206
vt -0.058111 0.458721
vt -0.039453 0.460404
vt 0.946852 -0.185154
vt 0.946852 -0.200296
vt 0.961275 -0.215450
vt 0.961275 -0.200307
vt 0.060370 -0.147975
vt 0.051532 -0.132833
vt 0.925475 -0.200348
vt 0.925475 -0.183917
vt 0.012787 0.335934
vt 0.024681 0.349206
vt 0.953805 -0.183931
vt 0.953805 -0.168788
vt 0.001059 0.370839
vt -0.013434 0.359946
vt 0.954322 -0.200307
vt 0.954322 -0.185164
vt 0.406220 0.579307
vt 0.391727 0.590200
vt 0.939899 -0.197764
vt 0.939899 -0.214171
vt 0.173146 -0.110680
vt 0.171308 -0.127767
vt 0.946334 -0.183941
vt 0.946334 -0.167510
vt 0.206474 -0.134172
vt 0.211916 -0.117742
vt 0.018663 -0.152945
vt 0.030558 -0.166217
vt 0.925993 -0.214181
vt 0.925993 -0.230612
vt 0.371126 0.561964
vt 0.387661 0.553870
vt 0.817480 -0.179758
vt 0.817480 -0.162679
vt 0.967710 -0.183932
vt 0.967710 -0.168789
vt 0.320443 -0.219023
vt 0.336978 -0.210929
vt 0.774125 -0.175191
vt 0.774125 -0.161868
vt 0.355584 0.423798
vt 0.373526 0.428782
vt 0.925993 -0.230606
vt 0.925993 -0.214175
vt 0.367008 0.458788
vt 0.348350 0.457105
vt -0.032284 -0.252345
vt -0.050225 -0.247361
vt 0.932428 -0.167505
vt 0.932428 -0.183936
vt 0.451277 0.316036
vt 0.460116 0.331179
vt 0.824951 -0.179758
vt 0.824951 -0.163328
vt 0.968228 -0.215459
vt 0.968228 -0.200317
vt 0.130085 -0.494487
vt 0.131923 -0.477400
vt 0.925475 -0.166860
vt 0.925475 -0.183939
vt 0.096757 -0.470994
vt 0.091314 -0.487425
vt 0.315016 -0.180829
vt 0.300523 -0.191721
vt 0.953805 -0.168761
vt 0.953805 -0.183941
vt 0.061934 -0.063124
vt 0.053096 -0.078267
vt 0.946852 -0.214176
vt 0.946852 -0.197769
vt 0.563942 0.312266
vt 0.565780 0.295179
vt 0.832422 -0.179753
vt 0.832422 -0.163322
vt 0.494241 0.633167
vt 0.460939 0.620535
vt 0.810010 -0.203165
vt 0.810022 -0.230612
vt 0.431709 0.602649
vt 0.832459 -0.207213
vt 0.832482 -0.229977
vt 0.834620 -0.230612
vt 0.832459 -0.179766
vt 0.387320 0.398285
vt 0.882723 -0.203165
vt 0.882723 -0.230612
vt 0.406851 0.371517
vt 0.752209 -0.203399
vt 0.752219 -0.230084
vt 0.432339 0.348175
vt 0.752219 -0.172961
vt 0.630009 0.330867
vt 0.659239 0.348752
vt 0.817493 -0.207205
vt 0.817505 -0.229970
vt 0.684727 0.372094
vt 0.817505 -0.179759
vt 0.703287 0.397531
vt 0.717081 0.428028
vt 1.391627 1.232118
vt 1.391608 1.264494
vt 0.723939 0.459604
vt 0.723939 0.492614
vt 1.391608 1.167549
vt 1.391627 1.199924
vt 0.717422 0.522619
vt 0.703628 0.553116
vt 0.824976 -0.203165
vt 0.824989 -0.230612
vt 0.684097 0.579884
vt 0.824989 -0.180400
vt 0.630832 0.620222
vt 0.597530 0.632855
vt 0.729667 1.130124
vt 0.729647 1.162500
vt 0.563051 0.639135
vt 0.729667 1.097931
vt 0.527005 0.639135
vt 0.729647 1.065555
vt 0.658609 0.603226
vt 0.897664 -0.230612
vt 0.897664 -0.203165
vt 0.596707 0.318234
vt 0.918005 -0.199712
vt 0.918005 -0.176262
vt 0.527896 0.312266
vt 1.477351 1.227540
vt 1.477370 1.258095
vt 0.493417 0.318546
vt 1.477370 1.289699
vt 1.477351 1.322709
vt 0.367008 0.491798
vt 1.469936 0.977942
vt 1.469917 0.945566
vt 0.373867 0.523373
vt 1.469917 0.913372
vt 1.469936 0.880997
vt 0.817493 -0.230596
vt 0.817480 -0.203149
vt -0.018967 0.398285
vt 0.815349 -0.179759
vt 0.817493 -0.180385
vt -0.032420 0.428029
vt 0.839930 -0.207225
vt 0.839930 -0.179779
vt 0.890193 -0.230599
vt 0.890193 -0.203152
vt 0.054652 0.620535
vt 0.759690 -0.230094
vt 0.759680 -0.203409
vt 0.087131 0.632855
vt 0.759690 -0.172971
vt 0.824976 -0.229985
vt 0.824964 -0.207221
vt 0.310794 0.523373
vt 0.297341 0.553116
vt 0.824976 -0.179774
vt 1.384137 1.264494
vt 1.384157 1.232118
vt 0.310794 0.428028
vt 1.384157 1.199924
vt 1.384137 1.167549
vt 0.297341 0.398285
vt 0.832459 -0.230596
vt 0.832447 -0.203149
vt 0.223722 0.330867
vt 0.832459 -0.180385
vt 0.191243 0.318546
vt 0.722176 1.162500
vt 0.722196 1.130124
vt 0.087130 0.318546
vt 0.722196 1.097931
vt 0.054652 0.330867
vt 0.722176 1.065555
vt 0.890193 -0.203152
vt 0.890193 -0.230599
vt 0.155890 0.312107
vt 0.910534 -0.176280
vt 0.910534 -0.199730
vt 0.277315 0.580563
vt 1.469899 1.258092
vt 1.469880 1.227536
vt 0.253693 0.602195
vt 0.223722 0.620535
vt 1.469899 1.289696
vt 0.191243 0.632855
vt 1.469880 1.322705
vt 1.477388 0.945566
vt 1.477407 0.977942
vt 0.001059 0.580563
vt -0.018967 0.553116
vt 1.477407 0.880997
vt 1.477388 0.913372
vt -0.032420 0.523373
vt -0.039453 0.490997
vt 0.904617 -0.230600
vt 0.904617 -0.201289
vt -0.031943 -0.353576
vt -0.017212 -0.386144
vt 0.860815 -0.201286
vt 0.860828 -0.176936
vt 0.170417 -0.477400
vt 0.207297 -0.470682
vt 0.766643 -0.201551
vt 0.766654 -0.169045
vt -0.039279 -0.284549
vt -0.039279 -0.319801
vt 0.860828 -0.201289
vt 0.860828 -0.230600
vt 0.860828 -0.230597
vt 0.242861 -0.457192
vt 0.766654 -0.230094
vt 1.490993 0.119827
vt 1.490972 0.154401
vt 0.061193 -0.457504
vt 1.484323 1.262791
vt 1.484323 1.296596
vt 0.003338 -0.191144
vt -0.017553 -0.219777
vt 1.491333 0.950007
vt 1.491354 0.984582
vt 0.273303 -0.166794
vt 1.484343 1.227539
vt 1.491333 0.915571
vt 0.242038 -0.147663
vt 1.484343 1.329227
vt 0.853862 -0.230597
vt 0.853849 -0.201286
vt 0.335174 -0.251591
vt 1.491354 0.880997
vt 0.853862 -0.176936
vt 0.342510 -0.285365
vt 0.911570 -0.204946
vt 0.911570 -0.229988
vt 0.095934 -0.134485
vt 0.846883 -0.205635
vt 0.846896 -0.176324
vt 0.132814 -0.127767
vt 0.896110 -0.171031
vt 0.896110 -0.200342
vt 0.846896 -0.229985
vt 1.484381 0.880997
vt 1.484360 0.915571
vt 0.320784 -0.385390
vt 1.490972 0.188837
vt 0.029927 -0.438373
vt 1.484360 0.950007
vt 0.299893 -0.414023
vt 1.490993 0.223412
vt 1.484381 0.984582
vt 1.477370 1.296592
vt 1.477370 1.262787
vt -0.039279 0.109468
vt -0.039279 0.075032
vt 1.477390 1.227536
vt 1.477390 1.329224
vt 0.918523 -0.229972
vt 0.918523 -0.204929
vt 0.003338 -0.019190
vt 0.839930 -0.205621
vt 0.839944 -0.229971
vt 0.029927 -0.043539
vt 1.484019 0.188837
vt 1.484019 0.154401
vt 0.170417 0.267066
vt 0.132814 0.267066
vt 1.484040 0.223412
vt 0.095060 0.260189
vt 0.897664 -0.201301
vt 0.061934 0.247624
vt 0.029927 0.228039
vt 0.759701 -0.169036
vt 0.759690 -0.201542
vt 0.003338 0.203689
vt -0.018048 0.174378
vt 0.759701 -0.230085
vt 1.484040 0.119827
vt 0.208171 0.260189
vt 0.846896 -0.201301
vt 0.846910 -0.230612
vt 0.241297 -0.063125
vt 0.273303 -0.043540
vt 0.846910 -0.176951
vt 0.299893 -0.019190
vt 0.903063 -0.200354
vt 0.903063 -0.171043
vt 0.321279 0.010121
vt 1.477407 0.915571
vt 1.477428 0.880997
vt 0.335000 0.040457
vt 0.342510 0.075031
vt 1.477407 0.950007
vt 0.342510 0.109467
vt 1.477428 0.984582
vt 0.335000 0.144042
vt 0.865619 -0.176316
vt 0.867781 -0.201301
vt 0.867757 -0.176951
vt 0.299893 0.203689
vt 0.273304 0.228039
vt 0.867781 -0.230612
vt 0.241297 0.247624
vt 0.853862 -0.201301
vt 0.853876 -0.230612
vt 0.321279 0.174378
vt 1.484401 0.984582
vt 1.484381 0.950007
vt 0.170417 -0.082567
vt 0.208171 -0.075690
vt 1.484381 0.915571
vt 0.132814 -0.082567
vt 1.484401 0.880997
vt 0.095060 -0.075690
vt 0.839944 -0.176310
vt 0.903063 -0.174513
vt 0.452101 0.635677
vt 0.488798 0.649598
vt 0.781623 -0.230612
vt 0.781609 -0.205467
vt 0.419814 0.615921
vt 0.781623 -0.175222
vt 0.875252 -0.200366
vt 0.875252 -0.230612
vt 0.370785 0.390191
vt 0.789108 -0.230612
vt 0.789094 -0.205467
vt 0.392358 0.360624
vt 0.789108 -0.175222
vt 0.420445 0.334903
vt 0.774125 -0.200351
vt 0.774139 -0.175206
vt 0.671133 0.335480
vt 0.638847 0.315724
vt 0.867781 -0.200354
vt 0.867781 -0.230599
vt 0.699220 0.361202
vt 1.057482 0.155963
vt 1.057460 0.191640
vt 0.735022 0.423044
vt 0.719822 0.389437
vt 1.057460 0.227199
vt 1.057482 0.262876
vt 0.742598 0.494296
vt 0.742598 0.457921
vt 0.875252 -0.200341
vt 0.875252 -0.170096
vt 0.720163 0.561210
vt 0.735363 0.527603
vt 0.745244 -0.230612
vt 0.745232 -0.201137
vt 0.698590 0.590777
vt 1.339966 -0.270939
vt 1.339945 -0.234563
vt 0.602973 0.649285
vt 0.639670 0.635365
vt 1.339945 -0.199655
vt 0.564889 0.656223
vt 1.339966 -0.165984
vt 0.525168 0.656223
vt 0.745244 -0.167595
vt 0.670503 0.616498
vt 0.774139 -0.230596
vt 0.602149 0.301804
vt 1.042476 0.227199
vt 1.042497 0.262876
vt 0.526059 0.295179
vt 1.042476 0.191639
vt 0.487975 0.302116
vt 1.042497 0.155963
vt 1.042518 0.191640
vt 1.042497 0.155963
vt 0.348350 0.493480
vt 1.042497 0.262876
vt 1.042518 0.227199
vt 0.355925 0.528357
vt -0.035502 0.390191
vt 0.910534 -0.200336
vt 0.910534 -0.174495
vt -0.050362 0.423044
vt 0.774139 -0.205452
vt 0.774152 -0.230596
vt 0.774152 -0.175206
vt 0.045814 0.635677
vt 0.882723 -0.230599
vt 0.882723 -0.200354
vt 0.081688 0.649285
vt 0.781623 -0.205452
vt 0.781637 -0.230596
vt 0.781637 -0.175206
vt 0.313876 0.561210
vt 0.328735 0.528357
vt 0.766668 -0.175222
vt 0.766654 -0.200366
vt 0.875252 -0.200366
vt 0.328735 0.423044
vt 1.049989 0.191640
vt 1.050011 0.155963
vt 0.313876 0.390191
vt 1.050011 0.262876
vt 1.049989 0.227199
vt 0.232560 0.315724
vt 0.867781 -0.170108
vt 0.196686 0.302116
vt 0.737761 -0.201127
vt 0.737773 -0.230602
vt 0.081688 0.302116
vt 1.332474 -0.234567
vt 1.332495 -0.270942
vt 0.045813 0.315724
vt 1.332474 -0.199658
vt 1.332495 -0.165987
vt 0.157728 0.295019
vt 0.737773 -0.167586
vt 0.291808 0.591455
vt 0.766668 -0.230612
vt 0.232560 0.635677
vt 0.265587 0.615468
vt 1.035026 0.262876
vt 1.035005 0.227199
vt 0.196686 0.649285
vt 1.035005 0.191639
vt 1.035026 0.155963
vt -0.035502 0.561210
vt -0.013434 0.591455
vt 1.049968 0.155963
vt 1.049989 0.191640
vt -0.058111 0.492680
vt -0.050362 0.528357
vt 1.049989 0.227199
vt 1.049968 0.262876
vt -0.033747 -0.394238
vt -0.049884 -0.358560
vt 0.882205 -0.168244
vt 0.882205 -0.200354
vt 0.212740 -0.487113
vt 0.172255 -0.494487
vt 0.803042 -0.203867
vt 0.803057 -0.230597
vt -0.057937 -0.321484
vt -0.057937 -0.282866
vt 0.796090 -0.171758
vt 0.796075 -0.203867
vt 0.803057 -0.171758
vt 0.251699 -0.472334
vt 0.911570 -0.230595
vt 0.911570 -0.203161
vt 0.796090 -0.230597
vt 0.052355 -0.472647
vt 0.729851 1.007560
vt 0.729874 0.969684
vt -0.034088 -0.211683
vt -0.011155 -0.180252
vt 0.722176 1.027679
vt 0.722176 0.989877
vt 0.285198 -0.153522
vt 1.342858 -0.162454
vt 1.342836 -0.200329
vt 0.722199 0.952002
vt 0.250876 -0.132520
vt 1.342836 -0.238131
vt 0.722199 1.065555
vt 0.353115 -0.246607
vt 0.889158 -0.168244
vt 0.889158 -0.200354
vt 1.342858 -0.276007
vt 0.361168 -0.283683
vt 0.745244 -0.199269
vt 0.745256 -0.230603
vt 0.090491 -0.118054
vt 0.789108 -0.198502
vt 0.789122 -0.230612
vt 0.130976 -0.110680
vt 0.882205 -0.200354
vt 0.882205 -0.168244
vt 0.745256 -0.163660
vt 0.789122 -0.171772
vt 0.337319 -0.393484
vt 1.377162 1.206166
vt 1.377184 1.167549
vt 0.018033 -0.451645
vt 0.729851 1.045361
vt 0.314386 -0.424915
vt 1.377162 1.243276
vt 0.729874 1.083237
vt 1.377184 1.279022
vt -0.057937 0.073349
vt -0.057937 0.111151
vt 0.729129 0.989877
vt 0.729129 1.027679
vt 0.729152 0.952002
vt 0.729152 1.065555
vt -0.011155 -0.030082
vt 0.796075 -0.230597
vt 0.796060 -0.198488
vt 0.018033 -0.056812
vt 0.796075 -0.171758
vt 0.130976 0.284154
vt 0.172255 0.284154
vt 0.736804 1.007560
vt 0.736804 1.045361
vt 0.089617 0.276620
vt 0.736826 1.083237
vt 0.018033 0.241311
vt 0.053096 0.262766
vt 0.889158 -0.200342
vt 0.889158 -0.168232
vt -0.034583 0.182472
vt -0.011155 0.214581
vt 0.803028 -0.203882
vt 0.803042 -0.171772
vt 0.803042 -0.230612
vt 0.213614 0.276620
vt 0.736826 0.969684
vt 0.285197 -0.056812
vt 0.250135 -0.078267
vt 0.896110 -0.200342
vt 0.896110 -0.168232
vt 0.314386 -0.030082
vt 0.752209 -0.230612
vt 0.752196 -0.199279
vt 0.337814 0.002027
vt 0.752209 -0.163670
vt 0.361168 0.073348
vt 0.352941 0.035473
vt 1.384137 1.167552
vt 1.384115 1.206169
vt 0.361168 0.111150
vt 1.384115 1.243279
vt 0.352941 0.149026
vt 1.384137 1.279025
vt 0.285198 0.241311
vt 0.314386 0.214581
vt 0.810010 -0.230612
vt 0.809995 -0.203882
vt 0.250135 0.262766
vt 0.810010 -0.171772
vt 0.337814 0.182472
vt 0.904617 -0.203178
vt 0.904617 -0.230612
vt 0.213614 -0.092120
vt 0.172254 -0.099654
vt 1.349788 -0.200329
vt 1.349811 -0.162453
vt 0.130976 -0.099654
vt 1.349788 -0.238131
vt 0.089617 -0.092120
vt 1.349811 -0.276007
vt 0.875252 -0.168232
vt 0.875252 -0.200342
vt 0.946852 -0.200307
vt 0.946852 -0.215449
vt 0.918005 -0.183923
vt 0.918005 -0.200354
vt 0.946334 -0.168799
vt 0.946852 -0.230606
vt 0.946852 -0.214176
vt 0.781078 -0.175192
vt 0.781078 -0.161869
vt 0.853862 -0.161131
vt 0.853862 -0.176273
vt 0.954322 -0.215460
vt 0.954322 -0.230602
vt 0.918005 -0.161120
vt 0.932428 -0.183941
vt 0.932428 -0.166862
vt 0.961275 -0.200307
vt 0.961275 -0.215450
vt 0.918523 -0.214181
vt 0.918523 -0.230612
vt 0.960757 -0.183932
vt 0.960757 -0.168752
vt 0.960757 -0.168799
vt 0.960757 -0.183941
vt 0.932946 -0.200354
vt 0.932946 -0.183947
vt 0.810010 -0.162678
vt 0.810010 -0.179757
vt 0.925475 -0.167487
vt 0.961275 -0.200307
vt 0.961275 -0.185164
vt 0.853862 -0.176300
vt 0.853862 -0.161121
vt 0.932946 -0.214176
vt 0.774125 -0.161883
vt 0.774125 -0.175206
vt 0.954322 -0.230602
vt 0.954322 -0.215459
vt 0.968228 -0.230602
vt 0.968228 -0.215460
vt 0.932946 -0.197745
vt 0.961275 -0.215469
vt 0.961275 -0.230612
vt 0.832422 -0.163322
vt 0.961275 -0.230612
vt 0.961275 -0.215469
vt 0.861333 -0.176263
vt 0.861333 -0.161121
vt 0.939381 -0.167505
vt 0.939381 -0.183936
vt 0.525466 0.661735
vt 0.486219 0.654586
vt 0.741024 1.178224
vt 0.740991 1.144367
vt 0.449249 0.640562
vt 0.741076 1.208693
vt 0.415977 0.620203
vt 1.479717 0.518607
vt 1.479795 0.492694
vt 1.481934 0.492064
vt 0.387682 0.594291
vt 1.479655 0.549076
vt 0.350137 0.421436
vt 0.365450 0.387580
vt 1.479717 0.755787
vt 1.479655 0.725317
vt 0.387682 0.357110
vt 0.387862 1.049746
vt 0.387929 1.019371
vt 0.415978 0.331198
vt 0.387811 1.083537
vt 0.449249 0.310839
vt 0.387780 1.119444
vt 0.641698 0.310839
vt 0.674970 0.331198
vt 0.722302 0.688278
vt 0.722380 0.662366
vt 0.703266 0.357111
vt 0.722240 0.718748
vt 0.725497 0.387580
vt 0.722198 0.752604
vt 0.740811 0.421436
vt 0.722176 0.788546
vt 0.748617 0.457378
vt 0.748617 0.494023
vt 0.722198 0.861133
vt 0.722176 0.825191
vt 0.740811 0.529965
vt 0.722240 0.894989
vt 0.725497 0.563821
vt 0.722302 0.925459
vt 0.703266 0.594291
vt 0.722380 0.951371
vt 0.641698 0.640562
vt 0.604729 0.654586
vt 0.740991 1.071780
vt 0.741024 1.035839
vt 0.565482 0.661735
vt 0.740981 1.108426
vt 0.674970 0.620203
vt 0.741076 1.001983
vt 0.741147 0.971513
vt 0.604729 0.296815
vt 0.387929 1.282581
vt 0.387861 1.256549
vt 0.565482 0.289666
vt 0.387811 1.225985
vt 0.525466 0.289666
vt 0.387780 1.192064
vt 0.486219 0.296815
vt 0.387770 1.156089
vt 0.342330 0.457378
vt 1.479613 0.691461
vt 0.342330 0.494023
vt 1.479591 0.655520
vt 0.365450 0.563821
vt 0.350137 0.529965
vt 1.479591 0.618874
vt 1.479613 0.582933
vt 0.748462 1.144369
vt 0.748494 1.178225
vt -0.018605 0.357111
vt 0.009690 0.331198
vt 0.748547 1.208695
vt -0.040837 0.387580
vt 0.748617 1.234608
vt -0.056150 0.421436
vt 1.487188 0.518607
vt 1.487126 0.549076
vt -0.063957 0.457378
vt 1.487126 0.725317
vt 1.487188 0.755787
vt 0.042962 0.640562
vt 0.009691 0.620203
vt 0.395400 1.019373
vt 0.395332 1.049748
vt 0.079932 0.654586
vt 0.395282 1.083538
vt 0.119179 0.661735
vt 0.395251 1.119446
vt 0.159195 0.661735
vt 0.729851 0.662366
vt 0.729773 0.688278
vt 0.334524 0.529965
vt 0.319210 0.563821
vt 0.729711 0.718748
vt 0.342330 0.494023
vt 0.729669 0.752604
vt 0.342330 0.457378
vt 0.729647 0.788546
vt 0.334524 0.421436
vt 0.729647 0.825191
vt 0.729669 0.861133
vt 0.296979 0.357111
vt 0.319210 0.387580
vt 0.729711 0.894989
vt 0.268683 0.331198
vt 0.729773 0.925459
vt 0.235411 0.310839
vt 0.729851 0.951371
vt 0.198442 0.296815
vt 0.748495 1.035841
vt 0.748462 1.071782
vt 0.079932 0.296815
vt 0.119179 0.289666
vt 0.748451 1.108428
vt 0.042962 0.310839
vt 0.748547 1.001985
vt 0.159195 0.289666
vt 0.748617 0.971515
vt 0.395332 1.256551
vt 0.395400 1.282583
vt 0.296979 0.594291
vt 0.395282 1.225986
vt 0.268683 0.620203
vt 0.395251 1.192065
vt 0.235411 0.640562
vt 0.395241 1.156091
vt 0.198442 0.654586
vt 1.487084 0.691461
vt -0.018605 0.594291
vt 1.487062 0.655520
vt -0.040837 0.563821
vt 1.487084 0.582933
vt 1.487062 0.618874
vt -0.056150 0.529965
vt -0.063957 0.494024
vt 1.494163 0.703622
vt 1.494208 0.739550
vt -0.039422 -0.396095
vt -0.015831 -0.428429
vt 0.736827 0.873294
vt 0.736872 0.909221
vt 0.253727 -0.477532
vt 0.289035 -0.455927
vt 1.494273 0.771884
vt -0.055672 -0.360168
vt 0.736937 0.941555
vt 0.737020 0.969053
vt 0.172848 -0.500000
vt 0.214496 -0.492413
vt 1.491070 -0.127882
vt 1.491016 -0.092024
vt -0.063957 -0.283140
vt -0.063957 -0.322027
vt 1.494273 0.520192
vt 1.494208 0.552526
vt 0.130383 -0.500000
vt 1.490983 -0.053919
vt -0.055672 -0.244999
vt 1.491141 -0.160115
vt 0.736871 0.722198
vt 0.736827 0.758125
vt 0.358903 -0.360168
vt 0.367188 -0.322027
vt 1.494163 0.588454
vt 1.494140 0.626594
vt 0.049504 -0.477532
vt 0.088735 -0.492413
vt 1.490972 -0.015032
vt 1.490983 0.023143
vt -0.015831 -0.176738
vt -0.039422 -0.209072
vt 0.743984 0.835153
vt 0.744018 0.873293
vt 0.319061 -0.176738
vt 0.289035 -0.149240
vt 0.743973 0.796265
vt 0.253727 -0.127635
vt 0.744074 0.909221
vt 0.342653 -0.209072
vt 1.491016 0.059139
vt 0.014196 -0.149240
vt 0.744018 0.722197
vt 0.743984 0.758125
vt 0.214495 -0.112754
vt 0.172848 -0.105167
vt 0.744149 0.941555
vt 0.358903 -0.244999
vt 1.491069 0.091573
vt 0.049504 -0.127635
vt 0.734877 0.661735
vt 0.737020 0.662366
vt 0.736937 0.689864
vt 0.367188 -0.283140
vt 1.491141 0.119199
vt 0.088735 -0.112754
vt 0.744074 0.689863
vt 0.130383 -0.105167
vt 0.744149 0.662365
vt 0.736804 0.796266
vt 0.342653 -0.396095
vt 1.494140 0.665482
vt 0.014196 -0.455927
vt 0.736804 0.835153
vt 0.319061 -0.428429
vt 1.484030 0.023142
vt 1.484019 -0.015034
vt -0.063957 0.111694
vt -0.063957 0.072806
vt 1.484031 -0.053921
vt -0.055673 0.149834
vt 1.484063 0.059138
vt -0.055673 0.034665
vt 1.484117 0.091572
vt -0.039422 -0.001262
vt 1.484188 0.119197
vt -0.015831 -0.033596
vt 0.737121 0.689865
vt 0.737196 0.662367
vt 0.014196 -0.061094
vt 1.487188 0.665482
vt 1.487188 0.626594
vt 0.172848 0.289666
vt 0.130383 0.289666
vt 1.487211 0.703622
vt 0.088735 0.282079
vt 1.487255 0.739550
vt 0.049504 0.267198
vt 1.487321 0.771884
vt 0.014196 0.245593
vt 1.484063 -0.092026
vt 1.484117 -0.127883
vt -0.015831 0.218095
vt -0.039422 0.185761
vt 1.484188 -0.160116
vt 1.487210 0.588454
vt 0.214496 0.282079
vt 1.487255 0.552526
vt 0.253727 0.267198
vt 0.737121 0.909222
vt 0.737066 0.873295
vt 0.214495 -0.097580
vt 0.253727 -0.082699
vt 0.737196 0.941556
vt 0.289035 -0.061094
vt 0.737287 0.969054
vt 0.319061 -0.033596
vt 0.729919 0.722198
vt 0.729984 0.689864
vt 0.342653 -0.001262
vt 0.729851 0.796266
vt 0.729874 0.758125
vt 0.358903 0.034665
vt 0.367188 0.072806
vt 0.729851 0.835153
vt 0.367188 0.111693
vt 0.729874 0.873294
vt 0.358903 0.149834
vt 0.729919 0.909221
vt 0.342653 0.185761
vt 1.489543 0.492064
vt 1.487321 0.520192
vt 1.487404 0.492694
vt 0.319061 0.218095
vt 0.289035 0.245593
vt 0.729984 0.941555
vt 0.737031 0.835155
vt 0.172847 -0.105167
vt 0.737020 0.796267
vt 0.130383 -0.105167
vt 0.737031 0.758126
vt 0.737066 0.722199
vt 0.049503 -0.082699
vt 0.088735 -0.097580
vt 0.812160 -0.179765
vt 0.990596 -0.271666
vt 0.940520 -0.316006
vt -0.030000 0.768647
vt -0.030000 0.889499
vt 0.365229 0.768603
vt 0.391003 0.768647
vt 0.391003 0.889499
vt 0.365230 0.889455
vt 0.964499 -0.478559
vt 0.926780 -0.424932
vt 0.244792 0.768573
vt 0.244792 0.889425
vt 0.892642 0.300691
vt 0.892702 0.320763
vt 0.760736 0.320763
vt 0.760675 0.300691
vt 0.898601 0.763258
vt 0.892750 0.480885
vt 0.760784 0.480885
vt 0.892750 0.344366
vt 0.892783 0.370591
vt 0.760816 0.370591
vt 0.760784 0.344366
vt 0.808483 0.642449
vt 0.808483 0.763301
vt 0.892783 0.454660
vt 0.760817 0.454660
vt 0.054812 0.889410
vt 0.782630 0.642490
vt 0.782630 0.763342
vt -0.051918 0.768702
vt -0.051918 0.889554
vt 0.983249 0.642493
vt 0.983249 0.763345
vt 0.336592 0.768573
vt 0.336592 0.889425
vt 0.760610 0.642543
vt 0.760610 0.763395
vt 0.144848 0.768603
vt 0.144848 0.889455
vt -0.342765 1.277722
vt -0.327861 1.277715
vt -0.327861 1.499930
vt -0.342765 1.499937
vt -0.271219 1.277786
vt -0.260483 1.277758
vt -0.260483 1.499973
vt -0.271219 1.500000
vt -0.218943 1.277715
vt -0.203761 1.277715
vt -0.203761 1.499929
vt -0.218943 1.499929
vt -0.500000 1.277785
vt -0.489265 1.277758
vt -0.489265 1.499973
vt -0.500000 1.500000
vt -0.476641 1.277737
vt -0.476641 1.499951
vt -0.312679 1.277716
vt -0.312679 1.499930
vt -0.233833 1.277722
vt -0.233833 1.499937
vt -0.432542 1.277715
vt -0.417652 1.277722
vt -0.417652 1.499937
vt -0.432542 1.499929
vt -0.076580 1.277737
vt -0.063957 1.277758
vt -0.063957 1.499972
vt -0.076580 1.499951
vt -0.162220 1.277758
vt -0.149596 1.277737
vt -0.149596 1.499952
vt -0.162220 1.499973
vt -0.135570 1.277722
vt -0.135570 1.499936
vt -0.297802 1.277723
vt -0.283803 1.277737
vt -0.283803 1.499951
vt -0.297802 1.499937
vt -0.120679 1.277715
vt -0.120679 1.499929
vt -0.356818 1.277736
vt -0.356818 1.499951
vt -0.271219 1.277758
vt -0.271219 1.499972
vt -0.188870 1.277722
vt -0.188870 1.499937
vt -0.380266 1.277783
vt -0.369481 1.277757
vt -0.369481 1.499971
vt -0.380266 1.499997
vt -0.174844 1.277737
vt -0.162220 1.277758
vt -0.162220 1.499973
vt -0.174844 1.499951
vt -0.247860 1.277737
vt -0.247860 1.499952
vt -0.403625 1.277737
vt -0.403625 1.499951
vt -0.105497 1.277715
vt -0.090607 1.277722
vt -0.090607 1.499937
vt -0.105497 1.499929
vt -0.391002 1.277759
vt -0.391002 1.499973
vt -0.380266 1.277786
vt -0.380266 1.500000
vt 0.027609 0.900569
vt 0.000967 0.900597
vt 0.737761 -0.418460
vt 0.751911 -0.443717
vt 0.942886 -0.500000
vt 0.970465 -0.487042
vt 0.305111 0.900555
vt 0.276274 0.900555
vt 0.994754 -0.469406
vt 0.952317 0.774443
vt 0.925727 0.774416
vt 0.771169 -0.465960
vt 0.794796 -0.484334
vt 1.017775 -0.286895
vt 0.998516 -0.264652
vt 0.748648 0.373520
vt 0.748617 0.349122
vt 0.247991 0.900569
vt 0.748663 0.425830
vt 0.748663 0.399421
vt 0.868634 0.774402
vt 0.840325 0.774415
vt 0.748648 0.451731
vt 0.813632 0.774441
vt 0.748617 0.476129
vt 1.031924 -0.312151
vt 0.897470 0.774402
vt 0.113012 0.900569
vt 0.084729 0.900555
vt 0.974890 -0.246277
vt 0.947803 -0.232477
vt 0.774932 -0.261206
vt 0.754868 -0.282843
vt 0.799221 -0.243570
vt 0.333394 0.900569
vt 0.360036 0.900597
vt 0.055892 0.900555
vt 0.221349 0.900597
vt 1.014818 -0.447769
vt 0.139655 0.900597
vt 0.170621 0.768647
vt 0.170621 0.889499
vt 1.031924 -0.225913
vt 1.031924 -0.239816
vt 1.034886 -0.253453
vt 1.040696 -0.266298
vt 1.049131 -0.277858
vt 1.059866 -0.287690
vt 1.072490 -0.295414
vt 1.086516 -0.300735
vt 1.101407 -0.303447
vt 1.116589 -0.303447
vt 1.131480 -0.300735
vt 1.145506 -0.295414
vt 1.158129 -0.287690
vt 1.168865 -0.277858
vt 1.177300 -0.266298
vt 1.183110 -0.253453
vt 1.186072 -0.239817
vt 1.186072 -0.225913
vt 1.183110 -0.212277
vt 1.177300 -0.199432
vt 1.168865 -0.187871
vt 1.158130 -0.178040
vt 1.145506 -0.170316
vt 1.131480 -0.164995
vt 1.116589 -0.162282
vt 1.101407 -0.162282
vt 1.086516 -0.164995
vt 1.072490 -0.170316
vt 1.059867 -0.178040
vt 1.049131 -0.187871
vt 1.040696 -0.199431
vt 1.034886 -0.212277
vt -0.391001 -0.499956
vt -0.380266 -0.499929
vt -0.380266 -0.277715
vt -0.391001 -0.277742
vt -0.380266 -0.055501
vt -0.391002 -0.055528
vt -0.380266 0.166714
vt -0.391002 0.166687
vt -0.380266 0.388928
vt -0.391002 0.388901
vt -0.380266 0.611143
vt -0.391002 0.611115
vt -0.380266 0.833357
vt -0.391002 0.833330
vt -0.380266 1.055571
vt -0.391002 1.055544
vt -0.369481 -0.499959
vt -0.356818 -0.499979
vt -0.356818 -0.277765
vt -0.369481 -0.277744
vt -0.356818 -0.055550
vt -0.369481 -0.055530
vt -0.356818 0.166664
vt -0.369481 0.166685
vt -0.356818 0.388879
vt -0.369481 0.388899
vt -0.356818 0.611093
vt -0.369481 0.611113
vt -0.356818 0.833308
vt -0.369481 0.833328
vt -0.356818 1.055522
vt -0.369481 1.055542
vt -0.120680 -0.500000
vt -0.105497 -0.500000
vt -0.105497 -0.277786
vt -0.120680 -0.277786
vt -0.105497 -0.055571
vt -0.120680 -0.055571
vt -0.105497 0.166643
vt -0.120680 0.166643
vt -0.105497 0.388857
vt -0.120680 0.388858
vt -0.105497 0.611072
vt -0.120679 0.611072
vt -0.105497 0.833286
vt -0.120679 0.833286
vt -0.105497 1.055501
vt -0.120679 1.055501
vt -0.090607 -0.499993
vt -0.076581 -0.499978
vt -0.076580 -0.277763
vt -0.090607 -0.277778
vt -0.076580 -0.055549
vt -0.090607 -0.055564
vt -0.076580 0.166665
vt -0.090607 0.166651
vt -0.076580 0.388880
vt -0.090607 0.388865
vt -0.076580 0.611094
vt -0.090607 0.611079
vt -0.076580 0.833308
vt -0.090607 0.833294
vt -0.076580 1.055523
vt -0.090607 1.055508
vt -0.403625 -0.499978
vt -0.403625 -0.277763
vt -0.403625 -0.055549
vt -0.403625 0.166665
vt -0.403625 0.388880
vt -0.403625 0.611094
vt -0.403625 0.833308
vt -0.403625 1.055523
vt -0.188870 -0.499993
vt -0.174844 -0.499978
vt -0.174844 -0.277763
vt -0.188870 -0.277778
vt -0.174844 -0.055549
vt -0.188870 -0.055564
vt -0.174844 0.166665
vt -0.188870 0.166651
vt -0.174844 0.388880
vt -0.188870 0.388865
vt -0.174844 0.611094
vt -0.188870 0.611079
vt -0.174844 0.833308
vt -0.188870 0.833294
vt -0.174844 1.055523
vt -0.188870 1.055508
vt -0.247860 -0.499978
vt -0.233833 -0.499992
vt -0.233833 -0.277778
vt -0.247860 -0.277763
vt -0.233833 -0.055564
vt -0.247860 -0.055549
vt -0.233833 0.166651
vt -0.247860 0.166665
vt -0.233833 0.388865
vt -0.247860 0.388880
vt -0.233833 0.611079
vt -0.247860 0.611094
vt -0.233833 0.833294
vt -0.247860 0.833308
vt -0.233833 1.055508
vt -0.247860 1.055523
vt -0.447724 -0.500000
vt -0.432542 -0.500000
vt -0.432542 -0.277786
vt -0.447724 -0.277786
vt -0.432542 -0.055571
vt -0.447724 -0.055571
vt -0.432542 0.166643
vt -0.447724 0.166643
vt -0.432542 0.388857
vt -0.447724 0.388857
vt -0.432542 0.611072
vt -0.447724 0.611072
vt -0.432542 0.833286
vt -0.447724 0.833286
vt -0.432542 1.055500
vt -0.447724 1.055500
vt -0.417651 -0.499992
vt -0.417652 -0.277778
vt -0.417652 -0.055564
vt -0.417652 0.166651
vt -0.417652 0.388865
vt -0.417652 0.611079
vt -0.417652 0.833294
vt -0.417652 1.055508
vt -0.489265 -0.499956
vt -0.476641 -0.499978
vt -0.476641 -0.277763
vt -0.489265 -0.277742
vt -0.476641 -0.055549
vt -0.489265 -0.055528
vt -0.476641 0.166665
vt -0.489265 0.166687
vt -0.476641 0.388879
vt -0.489265 0.388901
vt -0.476641 0.611094
vt -0.489265 0.611115
vt -0.476641 0.833308
vt -0.489265 0.833330
vt -0.476641 1.055522
vt -0.489265 1.055544
vt -0.312679 -0.500000
vt -0.297802 -0.499992
vt -0.297802 -0.277778
vt -0.312679 -0.277785
vt -0.297802 -0.055564
vt -0.312679 -0.055571
vt -0.297802 0.166651
vt -0.312679 0.166643
vt -0.297802 0.388865
vt -0.312679 0.388858
vt -0.297802 0.611079
vt -0.312679 0.611072
vt -0.297802 0.833294
vt -0.312679 0.833287
vt -0.297802 1.055508
vt -0.312679 1.055501
vt -0.260483 -0.499956
vt -0.260483 -0.277742
vt -0.260483 -0.055528
vt -0.260483 0.166687
vt -0.260483 0.388901
vt -0.260483 0.611115
vt -0.260483 0.833330
vt -0.260483 1.055544
vt -0.162220 -0.499956
vt -0.162220 -0.277742
vt -0.162220 -0.055528
vt -0.162220 0.166687
vt -0.162220 0.388901
vt -0.162220 0.611115
vt -0.162220 0.833330
vt -0.162220 1.055544
vt -0.380266 -0.499933
vt -0.380266 -0.277718
vt -0.380266 -0.055504
vt -0.380266 0.166711
vt -0.380266 0.388925
vt -0.380266 0.611139
vt -0.380266 0.833354
vt -0.380266 1.055568
vt -0.203761 -0.500000
vt -0.203761 -0.277786
vt -0.203761 -0.055571
vt -0.203761 0.166643
vt -0.203761 0.388857
vt -0.203761 0.611072
vt -0.203761 0.833286
vt -0.203761 1.055501
vt -0.283803 -0.499978
vt -0.271219 -0.499958
vt -0.271219 -0.277743
vt -0.283803 -0.277764
vt -0.271219 -0.055529
vt -0.283803 -0.055549
vt -0.271219 0.166686
vt -0.283803 0.166665
vt -0.271219 0.388900
vt -0.283803 0.388879
vt -0.271219 0.611115
vt -0.283803 0.611094
vt -0.271219 0.833329
vt -0.283803 0.833308
vt -0.271219 1.055543
vt -0.283803 1.055523
vt -0.342765 -0.499993
vt -0.342765 -0.277779
vt -0.342765 -0.055564
vt -0.342765 0.166650
vt -0.342765 0.388865
vt -0.342765 0.611079
vt -0.342765 0.833294
vt -0.342765 1.055508
vt -0.135570 -0.499992
vt -0.135570 -0.277778
vt -0.135570 -0.055564
vt -0.135570 0.166651
vt -0.135570 0.388865
vt -0.135570 0.611079
vt -0.135570 0.833293
vt -0.135570 1.055508
vt -0.149597 -0.499978
vt -0.149597 -0.277763
vt -0.149596 -0.055549
vt -0.149596 0.166665
vt -0.149596 0.388880
vt -0.149596 0.611094
vt -0.149596 0.833309
vt -0.149596 1.055523
vt -0.162220 -0.277742
vt -0.162220 -0.055528
vt -0.162220 0.166687
vt -0.162220 0.388901
vt -0.162220 0.611115
vt -0.162220 0.833330
vt -0.162220 1.055544
vt -0.063957 -0.499956
vt -0.063957 -0.277742
vt -0.063957 -0.055528
vt -0.063957 0.166687
vt -0.063957 0.388901
vt -0.063957 0.611115
vt -0.063957 0.833330
vt -0.063957 1.055544
vt -0.218943 -0.500000
vt -0.218943 -0.277786
vt -0.218943 -0.055571
vt -0.218943 0.166643
vt -0.218943 0.388858
vt -0.218943 0.611072
vt -0.218943 0.833286
vt -0.218943 1.055501
vt -0.327861 -0.500000
vt -0.327861 -0.277786
vt -0.327861 -0.055571
vt -0.327861 0.166643
vt -0.327861 0.388858
vt -0.327861 0.611072
vt -0.327861 0.833286
vt -0.327861 1.055501
vt -0.462615 -0.499993
vt -0.462615 -0.277778
vt -0.462615 -0.055564
vt -0.462615 0.166650
vt -0.462615 0.388865
vt -0.462615 0.611079
vt -0.462615 0.833293
vt -0.462615 1.055508
vt -0.500000 -0.499929
vt -0.500000 -0.277715
vt -0.500000 -0.055501
vt -0.500000 0.166714
vt -0.500000 0.388928
vt -0.500000 0.611142
vt -0.500000 0.833357
vt -0.500000 1.055571
vt -0.271219 -0.499929
vt -0.271219 -0.277715
vt -0.271219 -0.055501
vt -0.271219 0.166714
vt -0.271219 0.388928
vt -0.271219 0.611143
vt -0.271219 0.833357
vt -0.271219 1.055571
vt 0.968750 0.972208
vt 0.968750 0.997607
vt 0.968750 0.965274
vt 0.812500 0.500000
vt 0.812500 0.502837
vt 0.780983 0.502837
vt 0.781250 0.500000
vt 0.906250 0.996461
vt 0.906250 1.000000
vt 0.875000 1.000000
vt 0.875000 0.996461
vt 0.843750 1.000000
vt 0.843750 0.996461
vt 0.812500 0.997163
vt 0.812500 1.000000
vt 0.781250 1.000000
vt 0.781369 0.997163
vt 0.750000 0.503539
vt 0.780980 0.502839
vt 0.782638 0.527792
vt 0.750000 0.527792
vt 0.718750 0.500000
vt 0.718631 0.502837
vt 0.687500 0.502837
vt 0.687500 0.500000
vt 0.656250 0.503539
vt 0.687500 0.502837
vt 0.687500 0.533568
vt 0.656250 0.533568
vt 0.750000 0.996461
vt 0.719020 0.997161
vt 0.717362 0.972208
vt 0.750000 0.972208
vt 0.562500 0.500000
vt 0.562500 0.502837
vt 0.530983 0.502837
vt 0.531250 0.500000
vt 0.656250 0.996461
vt 0.656250 1.000000
vt 0.625000 1.000000
vt 0.625000 0.996461
vt 0.593750 1.000000
vt 0.593750 0.996461
vt 0.562500 0.997163
vt 0.562500 1.000000
vt 0.531250 1.000000
vt 0.531369 0.997163
vt 0.500000 0.503539
vt 0.530980 0.502839
vt 0.532638 0.527792
vt 0.500000 0.527792
vt 0.468750 0.500000
vt 0.468631 0.502837
vt 0.437500 0.502837
vt 0.437500 0.500000
vt 0.469071 0.997601
vt 0.468750 1.000000
vt 0.437500 1.000000
vt 0.437500 0.997892
vt 0.500000 0.996461
vt 0.469074 0.997597
vt 0.467362 0.972208
vt 0.500000 0.972208
vt 0.308360 0.505747
vt 0.308360 0.531360
vt 0.285390 0.531360
vt 0.285390 0.505747
vt 0.406250 0.996461
vt 0.406250 1.000000
vt 0.375000 1.000000
vt 0.375000 0.996461
vt 0.343750 1.000000
vt 0.343750 0.996461
vt 0.312500 0.997892
vt 0.312500 1.000000
vt 0.281250 1.000000
vt 0.281390 0.997601
vt 0.312500 0.966432
vt 0.312500 0.997892
vt 0.312500 0.966432
vt 0.214610 0.505747
vt 0.214610 0.531360
vt 0.191640 0.531360
vt 0.191640 0.505747
vt 0.219071 0.997601
vt 0.218750 1.000000
vt 0.187500 1.000000
vt 0.187500 0.997892
vt 0.250000 0.996461
vt 0.219074 0.997597
vt 0.217362 0.972208
vt 0.250000 0.972208
vt 0.058360 0.505747
vt 0.058360 0.531360
vt 0.035390 0.531360
vt 0.035390 0.505747
vt 0.156250 0.996461
vt 0.156250 1.000000
vt 0.125000 1.000000
vt 0.125000 0.996461
vt 0.093750 1.000000
vt 0.093750 0.996461
vt 0.062500 0.997892
vt 0.062500 1.000000
vt 0.031250 1.000000
vt 0.031390 0.997601
vt 0.062500 0.966432
vt 0.062500 0.997892
vt 0.188604 0.398223
vt 0.160867 0.383397
vt 0.206018 0.383397
vt 0.233756 0.398223
vt 0.156250 0.936403
vt 0.156250 0.563598
vt 0.593738 0.410435
vt 0.562438 0.407352
vt 0.597185 0.407352
vt 0.628485 0.410435
vt 0.781299 0.407352
vt 0.750000 0.410435
vt 0.750000 0.490000
vt 0.796822 0.485388
vt 0.250000 0.410435
vt 0.281299 0.407353
vt 0.296822 0.485388
vt 0.250000 0.490000
vt 0.811396 0.398223
vt 0.841844 0.471731
vt 0.311396 0.398223
vt 0.341844 0.471731
vt 0.839133 0.383397
vt 0.883337 0.449553
vt 0.339133 0.383397
vt 0.383337 0.449553
vt 0.863444 0.363445
vt 0.919706 0.419706
vt 0.363445 0.363445
vt 0.419706 0.419706
vt 0.883397 0.339133
vt 0.949553 0.383337
vt 0.383397 0.339133
vt 0.449553 0.383337
vt 0.898222 0.311396
vt 0.971731 0.341844
vt 0.398222 0.311396
vt 0.471731 0.341844
vt 0.907352 0.281299
vt 0.985388 0.296822
vt 0.407352 0.281299
vt 0.485388 0.296822
vt 0.910435 0.250000
vt 0.990000 0.250000
vt 0.410435 0.250000
vt 0.490000 0.250000
vt 0.907352 0.218701
vt 0.985388 0.203178
vt 0.407352 0.218700
vt 0.485388 0.203178
vt 0.898222 0.188604
vt 0.971731 0.158156
vt 0.398222 0.188604
vt 0.471731 0.158156
vt 0.883397 0.160867
vt 0.949553 0.116663
vt 0.383397 0.160867
vt 0.449553 0.116663
vt 0.863445 0.136555
vt 0.919706 0.080294
vt 0.363445 0.136555
vt 0.419706 0.080294
vt 0.839133 0.116603
vt 0.883337 0.050447
vt 0.339133 0.116603
vt 0.383337 0.050447
vt 0.811396 0.101777
vt 0.841844 0.028269
vt 0.311396 0.101777
vt 0.341844 0.028269
vt 0.781299 0.092648
vt 0.796822 0.014612
vt 0.281299 0.092648
vt 0.296822 0.014612
vt 0.750000 0.089565
vt 0.750000 0.010000
vt 0.250000 0.089565
vt 0.250000 0.010000
vt 0.718701 0.092648
vt 0.703178 0.014612
vt 0.218701 0.092648
vt 0.203178 0.014612
vt 0.688604 0.101778
vt 0.658156 0.028269
vt 0.188604 0.101778
vt 0.158156 0.028269
vt 0.660867 0.116603
vt 0.616663 0.050447
vt 0.160867 0.116603
vt 0.116663 0.050447
vt 0.636555 0.136556
vt 0.580294 0.080294
vt 0.136555 0.136556
vt 0.080294 0.080294
vt 0.616603 0.160867
vt 0.550447 0.116663
vt 0.116603 0.160867
vt 0.050447 0.116663
vt 0.601777 0.188604
vt 0.528269 0.158156
vt 0.101777 0.188604
vt 0.028269 0.158156
vt 0.592648 0.218701
vt 0.514611 0.203179
vt 0.092648 0.218701
vt 0.014611 0.203179
vt 0.589565 0.250000
vt 0.510000 0.250000
vt 0.089565 0.250000
vt 0.010000 0.250000
vt 0.592648 0.281299
vt 0.514612 0.296822
vt 0.092648 0.281299
vt 0.014612 0.296822
vt 0.601778 0.311396
vt 0.528269 0.341844
vt 0.101778 0.311396
vt 0.028269 0.341844
vt 0.616603 0.339133
vt 0.550447 0.383337
vt 0.116603 0.339133
vt 0.050447 0.383337
vt 0.636556 0.363445
vt 0.580295 0.419706
vt 0.136555 0.363445
vt 0.080295 0.419706
vt 0.660867 0.383397
vt 0.616663 0.449553
vt 0.116663 0.449553
vt 0.688604 0.398223
vt 0.658156 0.471731
vt 0.158156 0.471731
vt 0.718701 0.407352
vt 0.703179 0.485389
vt 0.218701 0.407352
vt 0.203179 0.485389
vt 0.181707 0.363445
vt 0.161755 0.339133
vt 0.181707 0.363445
vt 0.146929 0.311396
vt 0.161755 0.339133
vt 0.137799 0.281299
vt 0.146929 0.311396
vt 0.134716 0.250000
vt 0.137799 0.218701
vt 0.146929 0.188604
vt 0.161754 0.160867
vt 0.146929 0.188604
vt 0.181707 0.136556
vt 0.161754 0.160867
vt 0.206018 0.116603
vt 0.233755 0.101778
vt 0.206018 0.116603
vt 0.263852 0.092648
vt 0.295151 0.089565
vt 0.263852 0.092648
vt 0.326451 0.092648
vt 0.295151 0.089565
vt 0.356547 0.101777
vt 0.326451 0.092648
vt 0.384284 0.116603
vt 0.356547 0.101777
vt 0.408596 0.136555
vt 0.384284 0.116603
vt 0.428548 0.160867
vt 0.408596 0.136555
vt 0.443374 0.188604
vt 0.428548 0.160867
vt 0.452504 0.218700
vt 0.443374 0.188604
vt 0.455586 0.250000
vt 0.452504 0.218700
vt 0.452503 0.281299
vt 0.455586 0.250000
vt 0.443374 0.311396
vt 0.428548 0.339133
vt 0.443374 0.311396
vt 0.408596 0.363445
vt 0.428548 0.339133
vt 0.384284 0.383397
vt 0.408596 0.363445
vt 0.356547 0.398223
vt 0.384284 0.383397
vt 0.326451 0.407353
vt 0.356547 0.398223
vt 0.315960 0.410435
vt 0.347259 0.407353
vt 0.326451 0.407353
vt 0.295151 0.410435
vt 0.649293 0.410435
vt 0.617994 0.407352
vt 0.652741 0.407352
vt 0.684040 0.410435
vt 0.233756 0.398223
vt 0.263852 0.407352
vt 0.284661 0.407352
vt 0.319408 0.407352
vt 0.350707 0.410435
vt 0.371515 0.410435
vt 0.340216 0.407352
vt 0.374963 0.407352
vt 0.406262 0.410435
vt 0.427071 0.410435
vt 0.395772 0.407352
vt 0.430519 0.407352
vt 0.461818 0.410435
vt 0.482626 0.410435
vt 0.451327 0.407352
vt 0.486074 0.407352
vt 0.517374 0.410435
vt 0.538182 0.410435
vt 0.506883 0.407352
vt 0.541630 0.407352
vt 0.572929 0.410435
vt 0.704849 0.410435
vt 0.673549 0.407352
vt 0.377356 0.398223
vt 0.347259 0.407353
vt 0.382006 0.407353
vt 0.412103 0.398223
vt 0.432911 0.398223
vt 0.402815 0.407352
vt 0.437562 0.407352
vt 0.467658 0.398223
vt 0.488467 0.398223
vt 0.458370 0.407352
vt 0.493117 0.407352
vt 0.523214 0.398223
vt 0.544022 0.398223
vt 0.513926 0.407353
vt 0.548673 0.407353
vt 0.578769 0.398223
vt 0.599578 0.398223
vt 0.569481 0.407353
vt 0.604228 0.407353
vt 0.634325 0.398223
vt 0.655133 0.398223
vt 0.625037 0.407353
vt 0.659784 0.407352
vt 0.689880 0.398223
vt 0.710689 0.398223
vt 0.680592 0.407352
vt 0.715339 0.407352
vt 0.745436 0.398223
vt 0.766245 0.398223
vt 0.736148 0.407352
vt 0.405093 0.383397
vt 0.439840 0.383397
vt 0.460648 0.383397
vt 0.432911 0.398223
vt 0.495395 0.383397
vt 0.516204 0.383397
vt 0.523214 0.398223
vt 0.550951 0.383397
vt 0.571759 0.383397
vt 0.544022 0.398223
vt 0.578769 0.398223
vt 0.606506 0.383397
vt 0.627315 0.383397
vt 0.634325 0.398223
vt 0.662062 0.383397
vt 0.682871 0.383397
vt 0.717618 0.383397
vt 0.738426 0.383397
vt 0.745436 0.398223
vt 0.773173 0.383397
vt 0.793982 0.383397
vt 0.766245 0.398223
vt 0.429404 0.363445
vt 0.405093 0.383397
vt 0.439840 0.383397
vt 0.464151 0.363445
vt 0.484960 0.363445
vt 0.519707 0.363445
vt 0.540515 0.363445
vt 0.550951 0.383397
vt 0.575262 0.363445
vt 0.596071 0.363445
vt 0.606506 0.383397
vt 0.630818 0.363445
vt 0.651627 0.363445
vt 0.662062 0.383397
vt 0.686373 0.363445
vt 0.707182 0.363445
vt 0.682871 0.383397
vt 0.741929 0.363445
vt 0.762738 0.363445
vt 0.797485 0.363445
vt 0.818293 0.363445
vt 0.793982 0.383397
vt 0.449357 0.339133
vt 0.429404 0.363445
vt 0.484104 0.339133
vt 0.504912 0.339133
vt 0.539659 0.339133
vt 0.560468 0.339133
vt 0.540515 0.363445
vt 0.575262 0.363445
vt 0.595215 0.339133
vt 0.616023 0.339133
vt 0.596071 0.363445
vt 0.630818 0.363445
vt 0.650770 0.339133
vt 0.671579 0.339133
vt 0.651626 0.363445
vt 0.706326 0.339133
vt 0.727134 0.339133
vt 0.707182 0.363445
vt 0.761881 0.339133
vt 0.782690 0.339133
vt 0.797485 0.363445
vt 0.817437 0.339133
vt 0.838245 0.339133
vt 0.818293 0.363445
vt 0.464182 0.311396
vt 0.484104 0.339133
vt 0.498929 0.311396
vt 0.519738 0.311396
vt 0.504912 0.339133
vt 0.554485 0.311396
vt 0.575293 0.311396
vt 0.560468 0.339133
vt 0.610040 0.311396
vt 0.630849 0.311396
vt 0.665596 0.311396
vt 0.686405 0.311396
vt 0.706326 0.339133
vt 0.721152 0.311396
vt 0.741960 0.311396
vt 0.776707 0.311396
vt 0.797516 0.311396
vt 0.782690 0.339133
vt 0.817437 0.339133
vt 0.832263 0.311396
vt 0.853071 0.311396
vt 0.838245 0.339133
vt 0.473312 0.281299
vt 0.464182 0.311396
vt 0.498929 0.311396
vt 0.508059 0.281299
vt 0.528868 0.281299
vt 0.563615 0.281299
vt 0.584423 0.281299
vt 0.619170 0.281299
vt 0.639979 0.281299
vt 0.665596 0.311396
vt 0.674726 0.281299
vt 0.695534 0.281299
vt 0.686404 0.311396
vt 0.721152 0.311396
vt 0.730281 0.281299
vt 0.751090 0.281299
vt 0.741960 0.311396
vt 0.785837 0.281299
vt 0.806645 0.281299
vt 0.797516 0.311396
vt 0.832263 0.311396
vt 0.841392 0.281299
vt 0.862201 0.281299
vt 0.853071 0.311396
vt 0.476395 0.250000
vt 0.473312 0.281299
vt 0.511142 0.250000
vt 0.531950 0.250000
vt 0.566697 0.250000
vt 0.587506 0.250000
vt 0.584423 0.281299
vt 0.622253 0.250000
vt 0.643061 0.250000
vt 0.639979 0.281299
vt 0.677808 0.250000
vt 0.698617 0.250000
vt 0.733364 0.250000
vt 0.754172 0.250000
vt 0.751090 0.281299
vt 0.788919 0.250000
vt 0.809728 0.250000
vt 0.844475 0.250000
vt 0.865283 0.250000
vt 0.473312 0.218700
vt 0.508059 0.218700
vt 0.528868 0.218700
vt 0.563615 0.218701
vt 0.584423 0.218701
vt 0.622253 0.250000
vt 0.619170 0.218701
vt 0.639979 0.218701
vt 0.674726 0.218701
vt 0.695534 0.218701
vt 0.730281 0.218701
vt 0.751090 0.218701
vt 0.788919 0.250000
vt 0.785837 0.218701
vt 0.806645 0.218701
vt 0.841392 0.218701
vt 0.862201 0.218701
vt 0.865283 0.250000
vt 0.464182 0.188604
vt 0.473312 0.218700
vt 0.498929 0.188604
vt 0.519738 0.188604
vt 0.528868 0.218701
vt 0.554485 0.188604
vt 0.575293 0.188604
vt 0.584423 0.218701
vt 0.619170 0.218701
vt 0.610040 0.188604
vt 0.630849 0.188604
vt 0.674726 0.218701
vt 0.665596 0.188604
vt 0.686404 0.188604
vt 0.721152 0.188604
vt 0.741960 0.188604
vt 0.776707 0.188604
vt 0.797516 0.188604
vt 0.832263 0.188604
vt 0.853071 0.188604
vt 0.862201 0.218701
vt 0.449357 0.160867
vt 0.498929 0.188604
vt 0.484104 0.160867
vt 0.504912 0.160867
vt 0.554485 0.188604
vt 0.539659 0.160867
vt 0.560468 0.160867
vt 0.610040 0.188604
vt 0.595215 0.160867
vt 0.616023 0.160867
vt 0.630849 0.188604
vt 0.665596 0.188604
vt 0.650770 0.160867
vt 0.671579 0.160867
vt 0.706326 0.160867
vt 0.727134 0.160867
vt 0.741960 0.188604
vt 0.761881 0.160867
vt 0.782690 0.160867
vt 0.797516 0.188604
vt 0.817437 0.160867
vt 0.838246 0.160867
vt 0.853071 0.188604
vt 0.429405 0.136555
vt 0.449357 0.160867
vt 0.484104 0.160867
vt 0.464152 0.136555
vt 0.484960 0.136555
vt 0.504912 0.160867
vt 0.519707 0.136555
vt 0.540516 0.136555
vt 0.595215 0.160867
vt 0.575263 0.136555
vt 0.596071 0.136555
vt 0.616023 0.160867
vt 0.650770 0.160867
vt 0.630818 0.136555
vt 0.651627 0.136555
vt 0.706326 0.160867
vt 0.686374 0.136555
vt 0.707182 0.136555
vt 0.727134 0.160867
vt 0.761881 0.160867
vt 0.741929 0.136555
vt 0.762738 0.136555
vt 0.797485 0.136555
vt 0.818294 0.136555
vt 0.405093 0.116603
vt 0.429405 0.136555
vt 0.464152 0.136555
vt 0.439840 0.116603
vt 0.460648 0.116603
vt 0.495395 0.116603
vt 0.516204 0.116603
vt 0.550951 0.116603
vt 0.571760 0.116603
vt 0.606507 0.116603
vt 0.627315 0.116603
vt 0.686374 0.136555
vt 0.662062 0.116603
vt 0.682871 0.116603
vt 0.717618 0.116603
vt 0.738426 0.116603
vt 0.773173 0.116603
vt 0.793982 0.116603
vt 0.818294 0.136555
vt 0.377356 0.101777
vt 0.405093 0.116603
vt 0.439840 0.116603
vt 0.412103 0.101777
vt 0.432911 0.101777
vt 0.460648 0.116603
vt 0.495395 0.116603
vt 0.467658 0.101777
vt 0.488467 0.101777
vt 0.516204 0.116603
vt 0.550951 0.116603
vt 0.523214 0.101778
vt 0.544022 0.101777
vt 0.606507 0.116603
vt 0.578769 0.101778
vt 0.599578 0.101777
vt 0.634325 0.101777
vt 0.655133 0.101778
vt 0.717618 0.116603
vt 0.689880 0.101777
vt 0.710689 0.101777
vt 0.738426 0.116603
vt 0.745436 0.101777
vt 0.766245 0.101777
vt 0.347259 0.092648
vt 0.377356 0.101777
vt 0.382006 0.092648
vt 0.402815 0.092648
vt 0.432911 0.101778
vt 0.467658 0.101777
vt 0.437562 0.092648
vt 0.458370 0.092648
vt 0.523214 0.101777
vt 0.493117 0.092648
vt 0.513926 0.092648
vt 0.578769 0.101777
vt 0.548673 0.092648
vt 0.569481 0.092648
vt 0.634325 0.101778
vt 0.604228 0.092648
vt 0.625037 0.092648
vt 0.655133 0.101777
vt 0.689880 0.101777
vt 0.659784 0.092648
vt 0.680593 0.092648
vt 0.715340 0.092648
vt 0.736148 0.092648
vt 0.315960 0.089565
vt 0.382006 0.092648
vt 0.350707 0.089565
vt 0.371515 0.089565
vt 0.402815 0.092648
vt 0.406262 0.089565
vt 0.427071 0.089565
vt 0.461818 0.089565
vt 0.482626 0.089565
vt 0.517374 0.089565
vt 0.538182 0.089565
vt 0.572929 0.089565
vt 0.593738 0.089565
vt 0.628485 0.089565
vt 0.649293 0.089565
vt 0.680593 0.092648
vt 0.684040 0.089565
vt 0.704849 0.089565
vt 0.736148 0.092648
vt 0.284660 0.092648
vt 0.315960 0.089565
vt 0.350707 0.089565
vt 0.319408 0.092648
vt 0.340216 0.092648
vt 0.374963 0.092648
vt 0.395772 0.092648
vt 0.427071 0.089565
vt 0.430519 0.092648
vt 0.451327 0.092648
vt 0.486074 0.092648
vt 0.506883 0.092648
vt 0.541630 0.092648
vt 0.562438 0.092648
vt 0.628485 0.089565
vt 0.597185 0.092648
vt 0.617994 0.092648
vt 0.649293 0.089565
vt 0.652741 0.092648
vt 0.673549 0.092648
vt 0.704849 0.089565
vt 0.254564 0.101778
vt 0.284660 0.092648
vt 0.319408 0.092648
vt 0.289311 0.101778
vt 0.310119 0.101778
vt 0.340216 0.092648
vt 0.374963 0.092648
vt 0.344866 0.101778
vt 0.365675 0.101778
vt 0.395772 0.092648
vt 0.430519 0.092648
vt 0.400422 0.101778
vt 0.421230 0.101778
vt 0.455977 0.101778
vt 0.476786 0.101778
vt 0.506883 0.092648
vt 0.511533 0.101778
vt 0.532341 0.101778
vt 0.562438 0.092648
vt 0.597185 0.092648
vt 0.567088 0.101778
vt 0.587897 0.101778
vt 0.622644 0.101778
vt 0.643452 0.101778
vt 0.673549 0.092648
vt 0.226827 0.116603
vt 0.289311 0.101778
vt 0.261574 0.116603
vt 0.282382 0.116603
vt 0.310119 0.101778
vt 0.344866 0.101778
vt 0.317129 0.116603
vt 0.337938 0.116603
vt 0.365675 0.101778
vt 0.372685 0.116603
vt 0.393493 0.116603
vt 0.421230 0.101778
vt 0.455977 0.101778
vt 0.428240 0.116603
vt 0.449049 0.116603
vt 0.476786 0.101778
vt 0.511533 0.101778
vt 0.483796 0.116603
vt 0.504604 0.116603
vt 0.539351 0.116603
vt 0.560160 0.116603
vt 0.587897 0.101778
vt 0.622644 0.101778
vt 0.594907 0.116603
vt 0.615716 0.116603
vt 0.643452 0.101778
vt 0.202515 0.136556
vt 0.226827 0.116603
vt 0.237262 0.136556
vt 0.258071 0.136556
vt 0.292818 0.136556
vt 0.313626 0.136556
vt 0.348373 0.136556
vt 0.369182 0.136556
vt 0.428240 0.116603
vt 0.403929 0.136556
vt 0.424737 0.136556
vt 0.483796 0.116603
vt 0.459484 0.136556
vt 0.480293 0.136556
vt 0.515040 0.136556
vt 0.535848 0.136556
vt 0.570595 0.136556
vt 0.591404 0.136556
vt 0.182563 0.160867
vt 0.202515 0.136556
vt 0.237262 0.136556
vt 0.217310 0.160867
vt 0.238118 0.160867
vt 0.272866 0.160867
vt 0.293674 0.160867
vt 0.348373 0.136556
vt 0.328421 0.160867
vt 0.349230 0.160867
vt 0.369182 0.136556
vt 0.383977 0.160867
vt 0.404785 0.160867
vt 0.424737 0.136556
vt 0.459484 0.136556
vt 0.439532 0.160867
vt 0.460341 0.160867
vt 0.480293 0.136556
vt 0.495088 0.160867
vt 0.515896 0.160867
vt 0.550643 0.160867
vt 0.571452 0.160867
vt 0.591404 0.136556
vt 0.167737 0.188604
vt 0.202484 0.188604
vt 0.223293 0.188604
vt 0.238118 0.160867
vt 0.272866 0.160867
vt 0.258040 0.188604
vt 0.278848 0.188604
vt 0.313595 0.188604
vt 0.334404 0.188604
vt 0.349230 0.160867
vt 0.383977 0.160867
vt 0.369151 0.188604
vt 0.389960 0.188604
vt 0.404785 0.160867
vt 0.439532 0.160867
vt 0.424707 0.188604
vt 0.445515 0.188604
vt 0.460341 0.160867
vt 0.480262 0.188604
vt 0.501071 0.188604
vt 0.535818 0.188604
vt 0.556626 0.188604
vt 0.158608 0.218701
vt 0.193355 0.218701
vt 0.214163 0.218701
vt 0.248910 0.218701
vt 0.269719 0.218701
vt 0.304466 0.218701
vt 0.325274 0.218701
vt 0.360021 0.218701
vt 0.380830 0.218701
vt 0.415577 0.218701
vt 0.436385 0.218701
vt 0.445515 0.188604
vt 0.471132 0.218701
vt 0.491941 0.218701
vt 0.535818 0.188604
vt 0.526688 0.218701
vt 0.547496 0.218701
vt 0.155525 0.250000
vt 0.193355 0.218701
vt 0.190272 0.250000
vt 0.211080 0.250000
vt 0.248910 0.218701
vt 0.245827 0.250000
vt 0.266636 0.250000
vt 0.304466 0.218701
vt 0.301383 0.250000
vt 0.322191 0.250000
vt 0.356938 0.250000
vt 0.377747 0.250000
vt 0.380830 0.218701
vt 0.412494 0.250000
vt 0.433302 0.250000
vt 0.436385 0.218701
vt 0.468050 0.250000
vt 0.488858 0.250000
vt 0.491941 0.218701
vt 0.526688 0.218701
vt 0.523605 0.250000
vt 0.544414 0.250000
vt 0.547496 0.218701
vt 0.158608 0.281299
vt 0.193355 0.281299
vt 0.214163 0.281299
vt 0.211080 0.250000
vt 0.245827 0.250000
vt 0.248910 0.281299
vt 0.269719 0.281299
vt 0.301383 0.250000
vt 0.304466 0.281299
vt 0.325274 0.281299
vt 0.360021 0.281299
vt 0.380830 0.281299
vt 0.377747 0.250000
vt 0.412494 0.250000
vt 0.415577 0.281299
vt 0.436385 0.281299
vt 0.468049 0.250000
vt 0.471132 0.281299
vt 0.491941 0.281299
vt 0.488858 0.250000
vt 0.526688 0.281299
vt 0.547496 0.281299
vt 0.544414 0.250000
vt 0.167737 0.311396
vt 0.202484 0.311396
vt 0.223293 0.311396
vt 0.258040 0.311396
vt 0.278848 0.311396
vt 0.269719 0.281299
vt 0.304466 0.281299
vt 0.313596 0.311396
vt 0.334404 0.311396
vt 0.325274 0.281299
vt 0.369151 0.311396
vt 0.389960 0.311396
vt 0.424707 0.311396
vt 0.445515 0.311396
vt 0.436385 0.281299
vt 0.480262 0.311396
vt 0.501071 0.311396
vt 0.535818 0.311396
vt 0.556626 0.311396
vt 0.182563 0.339133
vt 0.167737 0.311396
vt 0.202484 0.311396
vt 0.217310 0.339133
vt 0.238119 0.339133
vt 0.223293 0.311396
vt 0.272866 0.339133
vt 0.293674 0.339133
vt 0.313596 0.311396
vt 0.328421 0.339133
vt 0.349230 0.339133
vt 0.369151 0.311396
vt 0.383977 0.339133
vt 0.404785 0.339133
vt 0.389960 0.311396
vt 0.424707 0.311396
vt 0.439532 0.339133
vt 0.460341 0.339133
vt 0.495088 0.339133
vt 0.515896 0.339133
vt 0.550643 0.339133
vt 0.571452 0.339133
vt 0.202515 0.363445
vt 0.237262 0.363445
vt 0.258071 0.363445
vt 0.292818 0.363445
vt 0.313626 0.363445
vt 0.348373 0.363445
vt 0.369182 0.363445
vt 0.383977 0.339133
vt 0.403929 0.363445
vt 0.424738 0.363445
vt 0.404785 0.339133
vt 0.439532 0.339133
vt 0.459485 0.363445
vt 0.480293 0.363445
vt 0.495088 0.339133
vt 0.515040 0.363445
vt 0.535849 0.363445
vt 0.570596 0.363445
vt 0.591404 0.363445
vt 0.571452 0.339133
vt 0.226827 0.383397
vt 0.202515 0.363445
vt 0.237262 0.363445
vt 0.261574 0.383397
vt 0.282382 0.383397
vt 0.292818 0.363445
vt 0.317130 0.383397
vt 0.337938 0.383397
vt 0.313626 0.363445
vt 0.348373 0.363445
vt 0.372685 0.383397
vt 0.393494 0.383397
vt 0.369182 0.363445
vt 0.428241 0.383397
vt 0.449049 0.383397
vt 0.424738 0.363445
vt 0.459485 0.363445
vt 0.483796 0.383397
vt 0.504605 0.383397
vt 0.515040 0.363445
vt 0.539352 0.383397
vt 0.560160 0.383397
vt 0.594907 0.383397
vt 0.615716 0.383397
vt 0.254564 0.398223
vt 0.289311 0.398223
vt 0.310120 0.398223
vt 0.317130 0.383397
vt 0.344867 0.398223
vt 0.365675 0.398223
vt 0.337938 0.383397
vt 0.400422 0.398223
vt 0.421231 0.398223
vt 0.455978 0.398223
vt 0.476786 0.398223
vt 0.483796 0.383397
vt 0.511533 0.398223
vt 0.532342 0.398223
vt 0.504605 0.383397
vt 0.539352 0.383397
vt 0.567089 0.398223
vt 0.587897 0.398223
vt 0.622645 0.398223
vt 0.643453 0.398223
vt 0.382006 0.407353
vt 0.402815 0.407352
vt 0.371515 0.410435
vt 0.437562 0.407352
vt 0.427071 0.410435
vt 0.513926 0.407352
vt 0.482626 0.410435
vt 0.517373 0.410435
vt 0.538182 0.410435
vt 0.593738 0.410435
vt 0.628485 0.410435
vt 0.659784 0.407352
vt 0.649293 0.410435
vt 0.684040 0.410435
vt 0.340216 0.407352
vt 0.395772 0.407352
vt 0.421231 0.398223
vt 0.486074 0.407352
vt 0.567089 0.398223
vt 0.597185 0.407352
vt 0.617994 0.407352
vt 0.673549 0.407352
vt 0.643453 0.398223
vt 0.704849 0.410435
vt 0.736148 0.407352
vt 1.000000 0.996461
vt 0.969074 0.997597
vt 0.967362 0.972208
vt 1.000000 0.972208
vt 0.964610 0.505747
vt 0.964610 0.531360
vt 0.941640 0.531360
vt 0.941640 0.505747
vt 0.031250 0.942178
vt 0.031250 0.960656
vt 0.031250 0.960656
vt 0.532661 0.930568
vt 0.532382 0.563887
vt 0.532382 0.563887
vt 0.062500 0.563597
vt 0.062500 0.936533
vt 0.062500 0.936533
vt 0.125000 0.936403
vt 0.125000 0.563597
vt 0.218313 0.936112
vt 0.187500 0.936403
vt 0.187500 0.563467
vt 0.217289 0.569433
vt 0.781250 0.526370
vt 0.781250 0.564929
vt 0.781250 0.561100
vt 0.781250 0.533568
vt 0.274103 0.563597
vt 0.257147 0.563597
vt 0.218750 0.560309
vt 0.218750 0.554446
vt 0.218750 0.548583
vt 0.218750 0.542720
vt 0.218750 0.536856
vt 0.218750 0.526370
vt 0.218750 0.570035
vt 0.781250 0.963144
vt 0.781250 0.957281
vt 0.781250 0.951417
vt 0.781250 0.945554
vt 0.781250 0.939691
vt 0.781250 0.937830
vt 0.781250 0.967322
vt 0.217328 0.569368
vt 0.250000 0.569373
vt 0.000000 0.569373
vt 0.000000 0.930627
vt 0.000000 0.930627
vt 0.406250 0.936403
vt 0.375000 0.936403
vt 0.375000 0.563597
vt 0.406250 0.563597
vt 0.468313 0.936112
vt 0.437500 0.936403
vt 0.437500 0.563467
vt 0.467289 0.569433
vt 0.467328 0.569368
vt 0.500000 0.569373
vt 0.524103 0.563597
vt 0.507147 0.563597
vt 0.507147 0.563598
vt 0.524103 0.563597
vt 0.471640 0.563597
vt 0.496076 0.563597
vt 0.031250 0.963144
vt 0.031250 0.957281
vt 0.031250 0.951417
vt 0.031250 0.945554
vt 0.031250 0.939691
vt 0.031250 0.937830
vt 0.031250 0.966268
vt 0.742304 0.925513
vt 0.725309 0.928391
vt 0.725078 0.575702
vt 0.742265 0.575671
vt 0.717328 0.569368
vt 0.750000 0.569373
vt 0.656250 0.936403
vt 0.625000 0.936403
vt 0.625000 0.563597
vt 0.656250 0.563597
vt 0.718313 0.936113
vt 0.687500 0.936403
vt 0.687500 0.563468
vt 0.717289 0.569433
vt 0.718750 0.938900
vt 0.718750 0.966432
vt 0.718750 0.973630
vt 0.718750 0.935071
vt 0.774103 0.563597
vt 0.757147 0.563597
vt 0.757147 0.563597
vt 0.718750 0.560309
vt 0.718750 0.554446
vt 0.718750 0.548583
vt 0.718750 0.542719
vt 0.718750 0.536856
vt 0.718750 0.526370
vt 0.718750 0.570034
vt 0.781250 0.942178
vt 0.781250 0.960656
vt 0.781250 0.960656
vt 0.812500 0.563597
vt 0.812500 0.936533
vt 0.812500 0.936533
vt 0.062500 0.936533
vt 0.032711 0.930567
vt 0.032711 0.930567
vt 0.906250 0.936403
vt 0.875000 0.936403
vt 0.875000 0.563597
vt 0.906250 0.563597
vt 0.968313 0.936113
vt 0.937500 0.936403
vt 0.937500 0.563467
vt 0.967289 0.569433
vt 0.031250 0.527792
vt 0.031250 0.502393
vt 0.031250 0.534726
vt 0.031250 0.930037
vt 0.031250 0.973630
vt 0.031250 0.966432
vt 0.031250 0.936403
vt 0.062500 0.502108
vt 0.093750 0.503539
vt 0.093750 0.533568
vt 0.062500 0.533568
vt 0.093750 0.563597
vt 0.125000 0.500000
vt 0.125000 0.503539
vt 0.093750 0.503539
vt 0.093750 0.500000
vt 0.156250 0.500000
vt 0.156250 0.503539
vt 0.187500 0.533568
vt 0.187500 0.502108
vt 0.187500 0.533568
vt 0.218611 0.502401
vt 0.250000 0.503539
vt 0.250000 0.527792
vt 0.217362 0.527792
vt 0.191640 0.994253
vt 0.191640 0.968640
vt 0.214610 0.968640
vt 0.214610 0.994253
vt 0.281250 0.527792
vt 0.281250 0.502393
vt 0.281250 0.534726
vt 0.312500 0.502108
vt 0.343750 0.503539
vt 0.343750 0.533568
vt 0.312500 0.533568
vt 0.343750 0.563597
vt 0.312500 0.563597
vt 0.375000 0.500000
vt 0.375000 0.503539
vt 0.343750 0.500000
vt 0.406250 0.500000
vt 0.406250 0.503539
vt 0.406250 0.533568
vt 0.437500 0.533568
vt 0.437500 0.563467
vt 0.468632 0.502837
vt 0.500000 0.503539
vt 0.467362 0.527792
vt 0.468750 0.972208
vt 0.468750 0.997607
vt 0.468750 0.965274
vt 0.531368 0.997163
vt 0.532638 0.972208
vt 0.593750 0.503539
vt 0.593750 0.533568
vt 0.562500 0.533568
vt 0.593750 0.563598
vt 0.562500 0.563597
vt 0.625000 0.500000
vt 0.625000 0.503539
vt 0.593750 0.500000
vt 0.656250 0.500000
vt 0.687500 0.563468
vt 0.718632 0.502838
vt 0.717362 0.527792
vt 0.719017 0.997163
vt 0.718750 1.000000
vt 0.687500 1.000000
vt 0.687500 0.997163
vt 0.781368 0.997163
vt 0.782638 0.972208
vt 0.812500 0.502837
vt 0.843750 0.503539
vt 0.843750 0.533568
vt 0.812500 0.533568
vt 0.843750 0.563597
vt 0.875000 0.500000
vt 0.875000 0.503539
vt 0.843750 0.500000
vt 0.906250 0.500000
vt 0.906250 0.503539
vt 0.937500 0.533568
vt 0.937500 0.502108
vt 0.968610 0.502401
vt 1.000000 0.503539
vt 1.000000 0.527792
vt 0.967362 0.527792
vt 0.969071 0.997601
vt 0.968750 1.000000
vt 0.937500 1.000000
vt 0.937500 0.997892
vt 0.975897 0.936403
vt 0.992853 0.936403
vt 0.992853 0.936403
vt 0.975897 0.936403
vt 0.750000 1.000000
vt 0.719023 0.997163
vt 0.530977 0.502837
vt 0.500000 0.500000
vt 0.808360 0.563597
vt 0.786007 0.563597
vt 0.785463 0.563597
vt 0.808360 0.563597
vt 0.781250 0.963144
vt 0.781250 0.963144
vt 0.781250 0.963144
vt 0.781250 0.966409
vt 0.781250 0.970394
vt 0.035390 0.994253
vt 0.035390 0.968640
vt 0.058360 0.968640
vt 0.058360 0.994253
vt 0.093750 0.936403
vt 0.125000 0.966432
vt 0.093750 0.966432
vt 0.125000 0.936403
vt 0.125000 0.533568
vt 0.093750 0.563597
vt 0.156250 0.966432
vt 0.156250 0.533568
vt 0.187500 0.997892
vt 0.187500 0.966432
vt 0.187500 0.966432
vt 1.000000 0.930627
vt 0.967673 0.936312
vt 0.967673 0.936312
vt 0.785390 0.527921
vt 0.808360 0.527921
vt 0.808360 0.530206
vt 0.785390 0.530206
vt 0.992853 0.563597
vt 0.975897 0.563597
vt 0.975897 0.563598
vt 0.992853 0.563597
vt 0.500000 0.930627
vt 0.532672 0.930632
vt 0.528360 0.936403
vt 0.503924 0.936403
vt 0.250000 0.500000
vt 0.218613 0.502399
vt 0.218750 0.500000
vt 0.750000 0.500000
vt 0.718633 0.502837
vt 0.468750 0.536856
vt 0.468750 0.536856
vt 0.468750 0.536856
vt 0.468750 0.533591
vt 0.468750 0.529606
vt 0.714610 0.963070
vt 0.691640 0.963070
vt 0.691640 0.939764
vt 0.714610 0.939764
vt 0.285390 0.968640
vt 0.308360 0.968640
vt 0.308360 0.994253
vt 0.285390 0.994253
vt 0.343750 0.936403
vt 0.312500 0.936533
vt 0.375000 0.966432
vt 0.343750 0.966432
vt 0.375000 0.533568
vt 0.406250 0.966432
vt 0.437500 0.997892
vt 0.437500 0.966432
vt 0.843750 0.966432
vt 0.812500 0.966432
vt 0.843750 0.936403
vt 0.906250 0.533568
vt 0.937500 0.563467
vt 0.242853 0.563598
vt 0.225897 0.563597
vt 0.225897 0.563597
vt 0.242853 0.563597
vt 0.035917 0.936403
vt 0.058448 0.936403
vt 0.058380 0.936403
vt 0.035437 0.936402
vt 0.257147 0.936403
vt 0.274103 0.936403
vt 0.274103 0.936403
vt 0.218750 0.972208
vt 0.218750 0.997607
vt 0.218750 0.965274
vt 0.812500 0.997163
vt 0.812500 0.973553
vt 0.812500 0.966432
vt 0.785917 0.936402
vt 0.808448 0.936403
vt 0.808380 0.936403
vt 0.785437 0.936403
vt 0.562500 0.997163
vt 0.562500 0.966432
vt 0.593750 0.966432
vt 0.593750 0.936403
vt 0.562500 0.936533
vt 0.625000 0.966432
vt 0.625000 0.936403
vt 0.625000 0.533568
vt 0.625000 0.563597
vt 0.593750 0.563597
vt 0.656250 0.966432
vt 0.687500 0.997163
vt 0.687500 0.966432
vt 0.781250 0.560309
vt 0.781250 0.560309
vt 0.781250 0.560309
vt 0.781250 0.560309
vt 0.781250 0.562073
vt 0.781250 0.563781
vt 0.187500 0.939764
vt 0.187500 0.966432
vt 0.687500 0.502837
vt 0.687500 0.526447
vt 0.725897 0.936403
vt 0.742853 0.936403
vt 0.742853 0.936403
vt 0.725897 0.936403
vt 0.742853 0.563597
vt 0.725897 0.563597
vt 0.725897 0.563597
vt 0.742853 0.563597
vt 0.785390 0.536930
vt 0.808360 0.536930
vt 0.808360 0.560236
vt 0.785390 0.560236
vt 0.156250 0.936403
vt 0.812890 0.997163
vt 0.875000 0.966432
vt 0.875000 0.936403
vt 0.875000 0.533568
vt 0.875000 0.563597
vt 0.906250 0.966432
vt 0.937500 0.997892
vt 0.937500 0.966432
vt 0.031687 0.563888
vt 0.968750 0.938900
vt 0.968750 0.966432
vt 0.968750 0.973630
vt 0.968750 0.935071
vt 0.032672 0.930632
vt 0.028360 0.936403
vt 0.003924 0.936403
vt 0.281250 0.560309
vt 0.281250 0.554446
vt 0.281250 0.548583
vt 0.281250 0.542719
vt 0.281250 0.536856
vt 0.281250 0.533445
vt 0.281250 0.562073
vt 0.062500 0.560236
vt 0.191640 0.936403
vt 0.213994 0.936403
vt 0.214537 0.936403
vt 0.214610 0.963070
vt 0.191640 0.963070
vt 0.191640 0.939764
vt 0.214610 0.939764
vt 0.312500 0.936533
vt 0.312500 0.939764
vt 0.285917 0.936403
vt 0.308448 0.936403
vt 0.308380 0.936403
vt 0.285437 0.936403
vt 0.437500 0.936403
vt 0.437500 0.939764
vt 0.437500 0.966432
vt 0.437500 0.502837
vt 0.437500 0.526447
vt 0.437500 0.533568
vt 0.531250 0.527792
vt 0.531250 0.502833
vt 0.531250 0.526446
vt 0.531250 0.533519
vt 0.535390 0.527921
vt 0.558360 0.527921
vt 0.558360 0.530206
vt 0.535390 0.530206
vt 0.558360 0.563597
vt 0.536007 0.563597
vt 0.535463 0.563597
vt 0.714083 0.563597
vt 0.691552 0.563598
vt 0.691620 0.563598
vt 0.714563 0.563597
vt 0.781250 0.527792
vt 0.781250 0.502833
vt 0.781250 0.526446
vt 0.781250 0.533519
vt 0.812500 0.560236
vt 0.812500 0.533568
vt 0.937500 0.936403
vt 0.937500 0.939764
vt 0.937500 0.966432
vt 0.941640 0.936403
vt 0.963994 0.936403
vt 0.964537 0.936403
vt 0.941640 0.936403
vt 0.558360 0.994711
vt 0.535390 0.994711
vt 0.535390 0.977191
vt 0.558360 0.977191
vt 0.968750 0.502403
vt 0.968750 0.527792
vt 0.968750 0.534927
vt 0.781250 0.539344
vt 0.781250 0.557822
vt 0.781250 0.557822
vt 0.535917 0.936403
vt 0.558448 0.936403
vt 0.558380 0.936403
vt 0.535437 0.936403
vt 0.906250 0.936403
vt 0.687500 0.997163
vt 0.687500 0.973553
vt 0.531250 0.942178
vt 0.531250 0.960656
vt 0.531250 0.960656
vt 0.312500 0.560236
vt 0.218750 0.502403
vt 0.218750 0.527792
vt 0.218750 0.534927
vt 0.281250 0.563781
vt 0.562500 0.526447
vt 0.031250 0.963144
vt 0.031250 0.965689
vt 0.031250 0.970394
vt 0.535390 0.536930
vt 0.558360 0.536930
vt 0.558360 0.560236
vt 0.535390 0.560236
vt 0.031250 0.526370
vt 0.031250 0.564930
vt 0.031250 0.561100
vt 0.031250 0.533568
vt 0.312500 0.997892
vt 0.714610 0.972079
vt 0.691640 0.972079
vt 0.691640 0.969794
vt 0.714610 0.969794
vt 0.532328 0.563688
vt 0.503924 0.563597
vt 0.529770 0.563597
vt 0.250000 0.930627
vt 0.282672 0.930632
vt 0.278360 0.936403
vt 0.253924 0.936403
vt 0.441640 0.936402
vt 0.463993 0.936402
vt 0.464537 0.936403
vt 0.441640 0.936403
vt 0.281250 0.942178
vt 0.281250 0.960656
vt 0.281250 0.960656
vt 0.035390 0.536930
vt 0.058360 0.536930
vt 0.058360 0.560236
vt 0.035390 0.560236
vt 0.718750 0.939691
vt 0.718750 0.945554
vt 0.718750 0.951417
vt 0.718750 0.957280
vt 0.718750 0.963144
vt 0.718750 0.967380
vt 0.718750 0.937927
vt 0.691640 0.527921
vt 0.714610 0.527921
vt 0.714610 0.530206
vt 0.691640 0.530206
vt 0.500000 1.000000
vt 0.469078 0.997601
vt 0.531250 0.963144
vt 0.531250 0.966409
vt 0.531250 0.970394
vt 0.308360 0.563597
vt 0.286007 0.563598
vt 0.285463 0.563597
vt 0.308360 0.563597
vt 0.062500 0.997892
vt 0.656250 0.936403
vt 1.000000 1.000000
vt 0.969078 0.997601
vt 0.282327 0.563688
vt 0.253924 0.563597
vt 0.279770 0.563597
vt 0.187500 0.563467
vt 0.156250 0.563597
vt 0.468750 0.502839
vt 0.468750 0.527792
vt 0.468750 0.533522
vt 0.468750 0.526446
vt 0.062500 0.997892
vt 0.750000 0.930627
vt 0.782672 0.930632
vt 0.778360 0.936403
vt 0.753924 0.936403
vt 0.058360 0.563597
vt 0.036007 0.563597
vt 0.035463 0.563597
vt 0.058360 0.563598
vt 0.218750 0.938900
vt 0.218750 0.966432
vt 0.218750 0.973631
vt 0.218750 0.935070
vt 0.312500 0.997892
vt 0.032327 0.563688
vt 0.003924 0.563597
vt 0.029770 0.563598
vt 0.721640 0.563597
vt 0.746076 0.563598
vt 0.062500 0.502108
vt 0.062500 0.500000
vt 0.062500 0.502108
vt 0.030929 0.502399
vt 0.031250 0.500000
vt 0.281250 0.963144
vt 0.281250 0.963144
vt 0.281250 0.965689
vt 0.281250 0.970393
vt 0.214083 0.563597
vt 0.191552 0.563597
vt 0.191620 0.563598
vt 0.214563 0.563597
vt 0.312500 0.500000
vt 0.312500 0.502108
vt 0.280929 0.502399
vt 0.281250 0.500000
vt 0.718750 0.560309
vt 0.718750 0.567632
vt 0.718750 0.562170
vt 0.441640 0.536930
vt 0.464610 0.536930
vt 0.464610 0.560236
vt 0.441640 0.560236
vt 0.558360 0.972079
vt 0.535390 0.972079
vt 0.535390 0.969794
vt 0.558360 0.969794
vt 0.968750 0.560309
vt 0.968750 0.560309
vt 0.968750 0.560309
vt 0.968750 0.567632
vt 0.968750 0.562170
vt 0.691640 0.536930
vt 0.714610 0.536930
vt 0.714610 0.560236
vt 0.691640 0.560236
vt 0.808360 0.972079
vt 0.785390 0.972079
vt 0.785390 0.969794
vt 0.808360 0.969793
vt 0.718750 0.972208
vt 0.718750 0.997167
vt 0.718750 0.973554
vt 0.718750 0.966481
vt 0.535390 0.505289
vt 0.558360 0.505289
vt 0.558360 0.522809
vt 0.535390 0.522809
vt 0.441640 0.505289
vt 0.464610 0.505289
vt 0.464610 0.522809
vt 0.441640 0.522809
vt 0.007147 0.533568
vt 0.024103 0.533568
vt 0.007147 0.533568
vt 0.218750 0.560309
vt 0.218750 0.560309
vt 0.218750 0.560309
vt 0.218750 0.560309
vt 0.218750 0.567631
vt 0.218750 0.562170
vt 0.937500 0.500000
vt 0.906250 0.503539
vt 0.757147 0.533568
vt 0.774103 0.533568
vt 0.774103 0.533568
vt 0.757147 0.533568
vt 0.725897 0.533568
vt 0.742853 0.533568
vt 0.742853 0.533568
vt 0.562500 0.502837
vt 0.507147 0.533568
vt 0.524103 0.533568
vt 0.524103 0.533568
vt 0.507147 0.533568
vt 0.475897 0.533568
vt 0.492853 0.533568
vt 0.492853 0.533568
vt 0.475897 0.533568
vt 0.964083 0.563597
vt 0.941552 0.563598
vt 0.941620 0.563597
vt 0.964563 0.563597
vt 0.437500 0.502837
vt 0.257147 0.533568
vt 0.274103 0.533568
vt 0.274103 0.533568
vt 0.225897 0.533568
vt 0.242853 0.533568
vt 0.242853 0.533568
vt 0.225897 0.533568
vt 0.187500 0.500000
vt 0.187096 0.502108
vt 0.785390 0.505289
vt 0.808360 0.505289
vt 0.808360 0.522809
vt 0.785390 0.522809
vt 1.000000 0.500000
vt 0.968613 0.502399
vt 0.968750 0.500000
vt 0.058360 0.963070
vt 0.035390 0.963070
vt 0.035390 0.939764
vt 0.058360 0.939764
vt 0.187500 0.997892
vt 0.187500 0.563467
vt 0.187500 0.560236
vt 0.437500 0.997892
vt 0.968750 0.963144
vt 0.968750 0.963144
vt 0.968750 0.963144
vt 0.968750 0.970394
vt 0.968750 0.965804
vt 0.558360 0.963070
vt 0.535390 0.963070
vt 0.535390 0.939764
vt 0.558360 0.939764
vt 0.808360 0.994711
vt 0.785390 0.994711
vt 0.785390 0.977191
vt 0.808360 0.977191
vt 0.687500 0.560236
vt 0.562500 0.997163
vt 0.562500 0.973553
vt 0.562500 0.966432
vt 0.992853 0.966432
vt 0.975897 0.966432
vt 0.992853 0.966432
vt 0.218750 0.963144
vt 0.218750 0.963144
vt 0.218750 0.963144
vt 0.218750 0.963144
vt 0.218750 0.970394
vt 0.218750 0.965804
vt 0.937500 0.997892
vt 0.812890 0.997163
vt 0.937500 0.997892
vt 0.742853 0.966432
vt 0.725897 0.966432
vt 0.725897 0.966432
vt 0.742853 0.966432
vt 0.781367 0.997163
vt 0.718750 0.963144
vt 0.718750 0.963144
vt 0.718750 0.970394
vt 0.718750 0.966408
vt 0.687500 0.997163
vt 0.562500 0.997163
vt 0.808360 0.963070
vt 0.785390 0.963070
vt 0.785390 0.939764
vt 0.808360 0.939764
vt 0.492853 0.966432
vt 0.475897 0.966432
vt 0.475897 0.966432
vt 0.492853 0.966432
vt 0.531367 0.997163
vt 0.437500 0.997892
vt 0.280926 0.502403
vt 0.282638 0.527792
vt 0.691640 0.936403
vt 0.713993 0.936403
vt 0.714537 0.936403
vt 0.691640 0.936403
vt 0.242853 0.966432
vt 0.225897 0.966432
vt 0.225897 0.966432
vt 0.242853 0.966432
vt 0.281387 0.997601
vt 0.250000 1.000000
vt 0.468750 0.963144
vt 0.468750 0.970394
vt 0.468750 0.965804
vt 0.187500 0.997892
vt 0.000000 0.503539
vt 0.030926 0.502403
vt 0.032638 0.527792
vt 0.000000 0.527792
vt 0.024103 0.966432
vt 0.007147 0.966432
vt 0.007147 0.966432
vt 0.024103 0.966432
vt 0.281250 0.536856
vt 0.281250 0.536856
vt 0.281250 0.529606
vt 0.281250 0.534196
vt 0.218750 0.536856
vt 0.218750 0.536856
vt 0.218750 0.534311
vt 0.218750 0.529606
vt 0.718750 0.533591
vt 0.718750 0.529606
vt 0.781250 0.536856
vt 0.781250 0.536856
vt 0.781250 0.529606
vt 0.781250 0.533593
vt 0.968750 0.536856
vt 0.968750 0.536856
vt 0.968750 0.536856
vt 0.968750 0.534311
vt 0.968750 0.529606
vt 0.812500 0.939764
vt 0.218750 0.557822
vt 0.218750 0.539344
vt 0.218750 0.539344
vt 0.218750 0.557822
vt 0.812500 0.526447
vt 0.531250 0.539344
vt 0.531250 0.557822
vt 0.531250 0.557822
vt 0.968750 0.960656
vt 0.968750 0.942178
vt 0.968750 0.942178
vt 0.062500 0.939764
vt 0.281250 0.539344
vt 0.281250 0.557822
vt 0.968750 0.557822
vt 0.968750 0.539344
vt 0.968750 0.539344
vt 0.031250 0.539344
vt 0.031250 0.557822
vt 0.468750 0.960656
vt 0.468750 0.942178
vt 0.468750 0.960656
vt 0.468750 0.557822
vt 0.468750 0.539344
vt 0.218750 0.960656
vt 0.218750 0.942178
vt 0.218750 0.942178
vt 0.031250 0.560309
vt 0.031250 0.562073
vt 0.031250 0.563781
vt 0.718750 0.557822
vt 0.718750 0.539344
vt 0.718750 0.960656
vt 0.718750 0.942179
vt 0.718750 0.942179
vt 0.718750 0.960656
vt 0.308360 0.963070
vt 0.285390 0.963070
vt 0.285390 0.939764
vt 0.308360 0.939764
vt 0.562500 0.939764
vt 0.531250 0.560309
vt 0.531250 0.560309
vt 0.531250 0.560309
vt 0.531250 0.562073
vt 0.531250 0.563781
vt 0.468750 0.560309
vt 0.468750 0.560309
vt 0.468750 0.567632
vt 0.468750 0.562170
vt 0.468750 0.542720
vt 0.468750 0.548583
vt 0.468750 0.554446
vt 0.468750 0.532678
vt 0.968750 0.542719
vt 0.968750 0.548583
vt 0.968750 0.554446
vt 0.968750 0.533733
vt 0.312500 0.936533
vt 0.031250 0.536856
vt 0.031250 0.536856
vt 0.031250 0.536856
vt 0.031250 0.529606
vt 0.031250 0.534196
vt 0.281250 0.957281
vt 0.281250 0.951417
vt 0.281250 0.945554
vt 0.281250 0.939691
vt 0.281250 0.937830
vt 0.281250 0.966268
vt 0.968750 0.939691
vt 0.968750 0.945554
vt 0.968750 0.951417
vt 0.968750 0.957280
vt 0.968750 0.966555
vt 0.968750 0.937927
vt 0.468750 0.939691
vt 0.468750 0.945554
vt 0.468750 0.951417
vt 0.468750 0.957281
vt 0.468750 0.966555
vt 0.468750 0.937927
vt 0.531250 0.997161
vt 0.531250 0.972208
vt 0.531250 0.966478
vt 0.531250 0.973554
vt 0.781250 0.997161
vt 0.781250 0.972208
vt 0.781250 0.966478
vt 0.781250 0.973554
vt 0.218610 0.502399
vt 0.187500 0.502108
vt 0.031389 0.997599
vt 0.000000 0.996461
vt 0.000000 0.972208
vt 0.032638 0.972208
vt 0.464083 0.563597
vt 0.441552 0.563597
vt 0.441620 0.563597
vt 0.464563 0.563597
vt 0.281250 0.997597
vt 0.281250 0.972208
vt 0.281250 0.965073
vt 0.968610 0.502399
vt 0.937500 0.502108
vt 0.691640 0.505289
vt 0.714610 0.505289
vt 0.714610 0.522809
vt 0.691640 0.522809
vt 0.281250 0.939691
vt 0.281250 0.939691
vt 0.281250 0.932368
vt 0.468750 0.939691
vt 0.468750 0.937927
vt 0.468750 0.936219
vt 0.531250 0.939691
vt 0.531250 0.939691
vt 0.531250 0.932369
vt 0.531250 0.937830
vt 0.718750 0.939691
vt 0.718750 0.936219
vt 0.031250 0.939691
vt 0.031250 0.932368
vt 0.968750 0.939691
vt 0.968750 0.939691
vt 0.968750 0.937927
vt 0.968750 0.936219
vt 0.781250 0.939691
vt 0.781250 0.932368
vt 0.218750 0.939691
vt 0.218750 0.939691
vt 0.218750 0.939691
vt 0.218750 0.939691
vt 0.218750 0.937927
vt 0.218750 0.936219
vt 0.218750 0.542719
vt 0.218750 0.548583
vt 0.218750 0.554446
vt 0.218750 0.562170
vt 0.218750 0.533732
vt 0.781250 0.554446
vt 0.781250 0.548583
vt 0.781250 0.542720
vt 0.781250 0.532620
vt 0.781250 0.562073
vt 0.531250 0.536856
vt 0.531250 0.536856
vt 0.531250 0.536856
vt 0.531250 0.529606
vt 0.531250 0.533592
vt 0.218750 0.945554
vt 0.218750 0.951417
vt 0.218750 0.957280
vt 0.218750 0.966555
vt 0.218750 0.937927
vt 0.031250 0.997597
vt 0.031250 0.972208
vt 0.031250 0.965073
vt 0.531250 0.957281
vt 0.531250 0.951417
vt 0.531250 0.945554
vt 0.531250 0.967322
vt 0.718750 0.532678
vt 0.031250 0.554446
vt 0.031250 0.548583
vt 0.031250 0.542720
vt 0.031250 0.533445
vt 0.281389 0.997599
vt 0.282638 0.972208
vt 0.441640 0.527921
vt 0.464610 0.527921
vt 0.464610 0.530206
vt 0.441640 0.530206
vt 0.718750 0.502839
vt 0.718750 0.527792
vt 0.718750 0.533522
vt 0.718750 0.526446
vt 0.187096 0.502108
vt 0.941640 0.968640
vt 0.964610 0.968640
vt 0.964610 0.994253
vt 0.941640 0.994253
vt 0.714610 0.994711
vt 0.691640 0.994711
vt 0.691640 0.977191
vt 0.714610 0.977191
vt 0.441640 0.968640
vt 0.464610 0.968640
vt 0.464610 0.994253
vt 0.441640 0.994253
vt 0.992887 0.960656
vt 0.975863 0.960656
vt 0.975863 0.942178
vt 0.992887 0.942178
vt 0.007113 0.539344
vt 0.024137 0.539344
vt 0.024137 0.557822
vt 0.007113 0.557822
vt 0.975863 0.539344
vt 0.992887 0.539344
vt 0.992887 0.557822
vt 0.975863 0.557822
vt 0.274137 0.960656
vt 0.257113 0.960656
vt 0.257113 0.942178
vt 0.274137 0.942178
vt 0.242887 0.960656
vt 0.225863 0.960656
vt 0.225863 0.942178
vt 0.242887 0.942178
vt 0.257113 0.539344
vt 0.274137 0.539344
vt 0.274137 0.557822
vt 0.257113 0.557822
vt 0.475863 0.539344
vt 0.492887 0.539344
vt 0.492887 0.557822
vt 0.475863 0.557822
vt 0.524137 0.960656
vt 0.507113 0.960656
vt 0.507113 0.942178
vt 0.524137 0.942178
vt 0.492887 0.960656
vt 0.475863 0.960656
vt 0.475863 0.942178
vt 0.492887 0.942178
vt 0.507113 0.539344
vt 0.524137 0.539344
vt 0.524137 0.557822
vt 0.507113 0.557822
vt 0.725863 0.539344
vt 0.742887 0.539344
vt 0.742887 0.557822
vt 0.725863 0.557822
vt 0.774137 0.960656
vt 0.757113 0.960656
vt 0.757113 0.942178
vt 0.774137 0.942178
vt 0.742887 0.960656
vt 0.725863 0.960656
vt 0.725863 0.942178
vt 0.742887 0.942178
vt 0.757113 0.539344
vt 0.774137 0.539344
vt 0.774137 0.557822
vt 0.757113 0.557822
vt 0.024137 0.960656
vt 0.007113 0.960656
vt 0.007113 0.942178
vt 0.024137 0.942178
vt 0.225863 0.539344
vt 0.242887 0.539344
vt 0.242887 0.557822
vt 0.225863 0.557822
vt 0.687500 0.939764
vt 0.975897 0.533568
vt 0.992853 0.533568
vt 0.992853 0.533568
vt 0.975897 0.533568
vt 0.757147 0.936403
vt 0.774103 0.936402
vt 0.774103 0.936402
vt 0.757147 0.936403
vt 0.562500 0.560236
vt 0.524103 0.966432
vt 0.507147 0.966432
vt 0.507147 0.966432
vt 0.524103 0.966432
vt 1.000000 0.569373
vt 0.967328 0.569368
vt 0.971640 0.563597
vt 0.996076 0.563597
vt 0.937500 0.502108
vt 0.475897 0.936403
vt 0.492853 0.936403
vt 0.492853 0.936403
vt 0.221640 0.563597
vt 0.246076 0.563597
vt 0.437500 0.560236
vt 0.781250 0.930037
vt 0.781250 0.973630
vt 0.781250 0.966432
vt 0.781250 0.936403
vt 0.281250 0.526370
vt 0.281250 0.564930
vt 0.281250 0.561100
vt 0.281250 0.533568
vt 0.941640 0.536930
vt 0.964610 0.536930
vt 0.964610 0.560236
vt 0.941640 0.560236
vt 0.030922 0.502399
vt 0.000000 0.500000
vt 0.031387 0.997601
vt 0.000000 1.000000
vt 0.531250 0.554446
vt 0.531250 0.548583
vt 0.531250 0.542719
vt 0.531250 0.532620
vt 0.464610 0.963070
vt 0.441640 0.963070
vt 0.441640 0.939764
vt 0.464610 0.939764
vt 0.780977 0.502837
vt 0.507147 0.936402
vt 0.524103 0.936402
vt 0.524103 0.936403
vt 0.507147 0.936402
vt 0.774103 0.966432
vt 0.757147 0.966432
vt 0.757147 0.966432
vt 0.774103 0.966432
vt 0.285390 0.536930
vt 0.308360 0.536930
vt 0.308360 0.560236
vt 0.285390 0.560236
vt 0.492853 0.563597
vt 0.475897 0.563597
vt 0.475897 0.563597
vt 0.468633 0.502837
vt 0.024103 0.563598
vt 0.007147 0.563597
vt 0.007147 0.563597
vt 0.024103 0.563597
vt 0.225897 0.936403
vt 0.242853 0.936403
vt 0.225897 0.936403
vt 0.280922 0.502399
vt 0.191640 0.536930
vt 0.214610 0.536930
vt 0.214610 0.560236
vt 0.191640 0.560236
vt 0.274103 0.966432
vt 0.257147 0.966432
vt 0.257147 0.966432
vt 0.274103 0.966432
vt 0.964610 0.963070
vt 0.941640 0.963070
vt 0.941640 0.939764
vt 0.964610 0.939764
vt 0.782327 0.563689
vt 0.750000 0.569373
vt 0.753924 0.563597
vt 0.779770 0.563597
vt 0.007147 0.936403
vt 0.000000 0.936403
vt 0.003924 0.936403
vt 0.996076 0.936403
vt 0.999674 0.936403
vt 1.000000 0.936403
vt 0.003924 0.936403
vt 0.000326 0.936403
vt -0.003849 0.936403
vt 0.996076 0.563597
vt 0.999674 0.563597
vt 1.003849 0.563597
vt 1.000000 0.563597
vt 0.000326 0.563597
vt 0.000000 0.563597
vt 0.750000 0.563597
vt 0.753849 0.563598
vt 0.750000 0.563598
vt 0.746076 0.563598
vt 0.746076 0.936403
vt 0.750000 0.936403
vt 0.746151 0.936403
vt 0.500000 0.563597
vt 0.496076 0.563597
vt 0.503849 0.563597
vt 0.496076 0.936403
vt 0.500000 0.936403
vt 0.496151 0.936402
vt 0.503924 0.936403
vt 0.250000 0.563597
vt 0.246076 0.563597
vt 0.253849 0.563597
vt 0.246076 0.936403
vt 0.250000 0.936403
vt 0.246151 0.936403
vt 0.996076 0.533568
vt 0.999674 0.533568
vt 1.000000 0.533568
vt 0.003924 0.533568
vt 0.000326 0.533568
vt -0.003849 0.533568
vt 0.000000 0.533568
vt 0.003924 0.533568
vt 0.250000 0.533568
vt 0.253924 0.533568
vt 0.246076 0.533568
vt 0.246151 0.533568
vt 0.500000 0.533568
vt 0.503924 0.533568
vt 0.496076 0.533568
vt 0.496152 0.533568
vt 0.750000 0.533568
vt 0.753924 0.533568
vt 0.746076 0.533568
vt 0.746151 0.533568
vt 1.000000 0.966432
vt 0.996076 0.966432
vt 0.003924 0.966432
vt 0.000326 0.966432
vt 0.000000 0.966432
vt 0.996076 0.966432
vt 0.999674 0.966432
vt 1.003849 0.966432
vt 0.253924 0.966432
vt 0.250000 0.966432
vt 0.246076 0.966432
vt 0.253849 0.966432
vt 0.246076 0.966432
vt 0.503924 0.966432
vt 0.500000 0.966432
vt 0.500000 0.966432
vt 0.496076 0.966432
vt 0.503848 0.966432
vt 0.496076 0.966432
vt 0.753924 0.966432
vt 0.750000 0.966432
vt 0.746076 0.966432
vt 0.753849 0.966432
vt 0.746076 0.966432
vt 0.780901 0.936403
vt 0.782661 0.930568
vt 0.782382 0.563887
vt 0.218750 0.563597
vt 0.219099 0.563597
vt 0.221640 0.563597
vt 0.218750 0.533568
vt 0.218750 0.569963
vt 0.781250 0.563597
vt 0.781024 0.563218
vt 0.781250 0.561100
vt 0.781250 0.542719
vt 0.781250 0.548583
vt 0.781250 0.554446
vt 0.781250 0.564971
vt 0.531250 0.561100
vt 0.531024 0.563218
vt 0.531250 0.563597
vt 0.531250 0.542720
vt 0.531250 0.548583
vt 0.531250 0.554446
vt 0.531250 0.564971
vt 0.531250 0.526370
vt 0.968750 0.936403
vt 0.968976 0.936782
vt 0.970230 0.936403
vt 0.024103 0.936403
vt 0.028360 0.936403
vt 0.030901 0.936403
vt 0.032661 0.930568
vt 0.032382 0.563887
vt 0.281024 0.563218
vt 0.281250 0.563597
vt 0.281250 0.542720
vt 0.281250 0.564971
vt 0.969099 0.563597
vt 0.968750 0.563597
vt 0.968750 0.533568
vt 0.968750 0.569963
vt 0.968750 0.526370
vt 0.031250 0.561101
vt 0.031024 0.563218
vt 0.031250 0.563598
vt 0.031250 0.542719
vt 0.031250 0.548583
vt 0.031250 0.564971
vt 0.468750 0.936403
vt 0.468976 0.936783
vt 0.470230 0.936403
vt 0.468750 0.938900
vt 0.467673 0.936312
vt 0.468750 0.563597
vt 0.469099 0.563597
vt 0.468750 0.533568
vt 0.468750 0.569962
vt 0.468750 0.526370
vt 0.218750 0.936403
vt 0.218976 0.936782
vt 0.220230 0.936403
vt 0.217673 0.936312
vt 0.220230 0.936403
vt 0.718750 0.563597
vt 0.719099 0.563597
vt 0.718750 0.533568
vt 0.718750 0.569962
vt 0.718750 0.936403
vt 0.718976 0.936783
vt 0.720230 0.936403
vt 0.717673 0.936312
vt 0.746076 0.936403
vt 0.280901 0.936403
vt 0.281250 0.936403
vt 0.281250 0.930037
vt 0.281250 0.973630
vt 0.281250 0.966432
vt 0.530901 0.936403
vt 0.531250 0.936403
vt 0.531250 0.930037
vt 0.531250 0.973631
vt 0.531250 0.966432
vt 0.030943 0.533568
vt 0.028596 0.533568
vt 0.031250 0.533666
vt 0.219057 0.533568
vt 0.221404 0.533568
vt 0.280943 0.533568
vt 0.278596 0.533568
vt 0.281250 0.533666
vt 0.469057 0.533568
vt 0.471404 0.533568
vt 0.531250 0.533568
vt 0.530943 0.533568
vt 0.528596 0.533568
vt 0.531250 0.533666
vt 0.719057 0.533568
vt 0.721404 0.533568
vt 0.780943 0.533568
vt 0.778596 0.533568
vt 0.781250 0.533666
vt 0.969057 0.533568
vt 0.971404 0.533568
vt 0.030943 0.966432
vt 0.028596 0.966432
vt 0.219057 0.966432
vt 0.221404 0.966432
vt 0.218750 0.966334
vt 0.280943 0.966432
vt 0.278596 0.966432
vt 0.278596 0.966432
vt 0.468750 0.966432
vt 0.469057 0.966432
vt 0.468750 0.966432
vt 0.471404 0.966432
vt 0.468750 0.973630
vt 0.468750 0.966334
vt 0.530943 0.966432
vt 0.528596 0.966432
vt 0.528596 0.966432
vt 0.719057 0.966432
vt 0.721404 0.966432
vt 0.718750 0.966334
vt 0.780943 0.966432
vt 0.778596 0.966432
vt 0.968750 0.966432
vt 0.969057 0.966432
vt 0.971404 0.966432
vt 0.968750 0.966334
vt 0.006780 0.966432
vt 0.000000 0.960656
vt 0.006780 0.966432
vt 0.993220 0.966432
vt 1.000000 0.966432
vt 1.000000 0.960656
vt 1.000000 0.964751
vt 0.993220 0.936403
vt 0.007147 0.936403
vt 0.006780 0.936403
vt 0.000000 0.936403
vt 0.000000 0.942178
vt 0.000000 0.938083
vt 0.006780 0.936403
vt 0.993220 0.936403
vt 1.000000 0.942178
vt 0.030147 0.937216
vt 0.023914 0.936403
vt 0.024103 0.936403
vt 0.030147 0.534382
vt 0.023914 0.533568
vt 0.023914 0.533568
vt 0.030147 0.562784
vt 0.031250 0.557822
vt 0.023914 0.563598
vt 0.023914 0.563598
vt 0.993220 0.563597
vt 1.000000 0.557822
vt 1.000000 0.561917
vt 0.006780 0.563597
vt 0.000000 0.557822
vt 0.006780 0.563597
vt 0.219853 0.534382
vt 0.218750 0.539344
vt 0.226086 0.533568
vt 0.226086 0.533568
vt 0.219853 0.562784
vt 0.226086 0.563597
vt 0.226086 0.936403
vt 0.219853 0.937216
vt 0.218750 0.942178
vt 0.250000 0.936823
vt 0.243220 0.936403
vt 0.256780 0.936403
vt 0.250000 0.942178
vt 0.256780 0.936402
vt 0.243220 0.533568
vt 0.250000 0.533988
vt 0.250000 0.539344
vt 0.256780 0.533568
vt 0.256780 0.563597
vt 0.250000 0.563177
vt 0.250000 0.557822
vt 0.256780 0.563597
vt 0.243220 0.563597
vt 0.243220 0.563597
vt 0.280147 0.937216
vt 0.273914 0.936403
vt 0.273914 0.936403
vt 0.280147 0.534382
vt 0.273914 0.533568
vt 0.273914 0.533568
vt 0.280147 0.562784
vt 0.273914 0.563597
vt 0.273914 0.563597
vt 0.469853 0.534382
vt 0.468750 0.539344
vt 0.476086 0.533568
vt 0.469853 0.562784
vt 0.476086 0.563597
vt 0.476086 0.936403
vt 0.469853 0.937216
vt 0.468750 0.936403
vt 0.468750 0.942178
vt 0.476086 0.936403
vt 0.500000 0.936823
vt 0.493220 0.936403
vt 0.506780 0.936403
vt 0.500000 0.942178
vt 0.493220 0.936403
vt 0.493220 0.533568
vt 0.500000 0.533988
vt 0.500000 0.539344
vt 0.493220 0.533568
vt 0.506780 0.533568
vt 0.500000 0.563177
vt 0.506780 0.563597
vt 0.493220 0.563597
vt 0.500000 0.557822
vt 0.493220 0.563597
vt 0.530147 0.937216
vt 0.523914 0.936403
vt 0.530147 0.534382
vt 0.523914 0.533568
vt 0.530147 0.562784
vt 0.523914 0.563597
vt 0.719853 0.534382
vt 0.718750 0.539344
vt 0.726086 0.533568
vt 0.719853 0.562784
vt 0.726086 0.563597
vt 0.726086 0.563597
vt 0.726086 0.936403
vt 0.719853 0.937216
vt 0.718750 0.942178
vt 0.726086 0.936403
vt 0.750000 0.936823
vt 0.743220 0.936403
vt 0.756780 0.936403
vt 0.750000 0.942178
vt 0.756780 0.936403
vt 0.743220 0.533568
vt 0.750000 0.533988
vt 0.750000 0.539344
vt 0.756780 0.533568
vt 0.750000 0.563177
vt 0.756780 0.563597
vt 0.743220 0.563598
vt 0.750000 0.557822
vt 0.743220 0.563598
vt 0.756780 0.563597
vt 0.780147 0.937216
vt 0.773914 0.936403
vt 0.781250 0.942178
vt 0.781250 0.539344
vt 0.780147 0.534382
vt 0.773914 0.533568
vt 0.773914 0.563597
vt 0.780147 0.562784
vt 0.781250 0.563597
vt 0.773914 0.563597
vt 0.969853 0.534382
vt 0.968750 0.539344
vt 0.976086 0.533568
vt 0.968750 0.533568
vt 0.969853 0.562784
vt 0.976086 0.563597
vt 0.968750 0.563597
vt 0.976086 0.936403
vt 0.969853 0.937216
vt 0.968750 0.936403
vt 0.968750 0.942178
vt 0.000000 0.539344
vt 0.000000 0.535249
vt 0.006780 0.533568
vt 0.993220 0.533568
vt 1.000000 0.539344
vt 0.993220 0.533568
vt 0.030147 0.965618
vt 0.023914 0.966432
vt 0.023914 0.966432
vt 0.219853 0.965618
vt 0.226086 0.966432
vt 0.218750 0.960656
vt 0.250000 0.960656
vt 0.250000 0.966012
vt 0.243220 0.966432
vt 0.256780 0.966432
vt 0.256780 0.966432
vt 0.243220 0.966432
vt 0.280147 0.965618
vt 0.273914 0.966432
vt 0.273914 0.966432
vt 0.469853 0.965618
vt 0.476086 0.966432
vt 0.476086 0.966432
vt 0.500000 0.960656
vt 0.500000 0.966012
vt 0.493220 0.966432
vt 0.506780 0.966432
vt 0.530147 0.965618
vt 0.531250 0.960656
vt 0.523914 0.966432
vt 0.719853 0.965618
vt 0.726086 0.966432
vt 0.718750 0.960656
vt 0.726086 0.966432
vt 0.750000 0.960656
vt 0.750000 0.966012
vt 0.743220 0.966432
vt 0.756780 0.966432
vt 0.756780 0.966432
vt 0.743220 0.966432
vt 0.780147 0.965618
vt 0.773914 0.966432
vt 0.968750 0.960656
vt 0.969853 0.965618
vt 0.968750 0.966432
vt 0.976086 0.966432
vt 0.968750 0.966432
vt 0.976086 0.966432
vt 0.031273 0.930511
vt 0.031250 0.936509
vt 0.032414 0.563854
vt 0.031250 0.561100
vt 0.468750 0.938900
vt 0.468750 0.935071
vt 0.218750 0.957281
vt 0.218750 0.951417
vt 0.218750 0.945554
vt 0.218750 0.935029
vt 0.218727 0.569489
vt 0.218750 0.563491
vt 0.281273 0.930511
vt 0.281250 0.936509
vt 0.282414 0.563854
vt 0.281250 0.561100
vt 0.282661 0.930568
vt 0.282382 0.563887
vt 0.468750 0.554446
vt 0.468750 0.542719
vt 0.468750 0.570034
vt 0.468750 0.935029
vt 0.468727 0.569487
vt 0.468750 0.563491
vt 0.531273 0.930511
vt 0.531250 0.936509
vt 0.532414 0.563854
vt 0.531250 0.561100
vt 0.531250 0.561100
vt 0.242304 0.925513
vt 0.225309 0.928391
vt 0.225078 0.575702
vt 0.242265 0.575671
vt 0.718750 0.957281
vt 0.718750 0.951417
vt 0.718750 0.945554
vt 0.718750 0.935029
vt 0.718727 0.569487
vt 0.718750 0.563491
vt 0.781273 0.930511
vt 0.781250 0.936509
vt 0.782414 0.563854
vt 0.779770 0.563597
vt 0.781250 0.561100
vt 0.531250 0.564930
vt 0.968750 0.554446
vt 0.968750 0.548583
vt 0.968750 0.542719
vt 0.968750 0.570035
vt 0.968750 0.957281
vt 0.968750 0.951417
vt 0.968750 0.945554
vt 0.968750 0.935029
vt 0.968727 0.569489
vt 0.968750 0.563491
vt 0.003924 0.533568
vt 0.028596 0.533568
vt 0.031250 0.945554
vt 0.031250 0.951417
vt 0.031250 0.957281
vt 0.031250 0.929965
vt 0.217586 0.936146
vt 0.218750 0.938900
vt 0.281250 0.929965
vt 0.467587 0.936146
vt 0.468750 0.938900
vt 0.531250 0.929965
vt 0.717587 0.936146
vt 0.718750 0.938900
vt 0.781250 0.945554
vt 0.781250 0.957280
vt 0.781250 0.929965
vt 0.967587 0.936146
vt 0.968750 0.938899
vt 0.971404 0.966432
vt 0.721404 0.966432
vt 0.528596 0.966432
vt 0.471404 0.966432
vt 0.246076 0.966432
vt 0.003924 0.966432
vt 0.006780 0.936403
vt 0.006780 0.563597
vt 0.023914 0.563598
vt 0.743220 0.966432
vt 0.273914 0.966432
vt 0.243220 0.966432
vt 0.006780 0.966432
vt 0.219078 0.997601
vt 0.941640 0.563597
vt 0.938083 0.563124
vt 0.937500 0.560236
vt 0.937500 0.563597
vt 0.941640 0.563597
vt 0.937500 0.560236
vt 0.938083 0.936876
vt 0.937500 0.939764
vt 0.937500 0.936403
vt 0.937500 0.939764
vt 0.812500 0.560236
vt 0.811917 0.563124
vt 0.812500 0.560236
vt 0.812500 0.527546
vt 0.811917 0.524678
vt 0.812500 0.523004
vt 0.808360 0.524559
vt 0.812500 0.972453
vt 0.811917 0.975322
vt 0.808360 0.975441
vt 0.812500 0.976996
vt 0.812500 0.972454
vt 0.808360 0.936403
vt 0.811917 0.936876
vt 0.812500 0.939764
vt 0.812500 0.936403
vt 0.808360 0.936403
vt 0.812500 0.939764
vt 0.781250 0.523004
vt 0.781833 0.524678
vt 0.781250 0.527546
vt 0.785390 0.524559
vt 0.781250 0.523004
vt 0.785390 0.975441
vt 0.781833 0.975323
vt 0.781250 0.972454
vt 0.781250 0.976996
vt 0.785390 0.975441
vt 0.781250 0.976996
vt 0.718750 0.527546
vt 0.718167 0.524678
vt 0.718750 0.523004
vt 0.714610 0.524559
vt 0.718750 0.523004
vt 0.714610 0.524559
vt 0.718750 0.972453
vt 0.718167 0.975322
vt 0.714610 0.975441
vt 0.718750 0.976996
vt 0.714610 0.975441
vt 0.718750 0.976996
vt 0.687500 0.560236
vt 0.688083 0.563124
vt 0.687500 0.563598
vt 0.691640 0.563598
vt 0.687500 0.560236
vt 0.687500 0.523004
vt 0.688083 0.524678
vt 0.687500 0.527546
vt 0.691640 0.524559
vt 0.687500 0.523004
vt 0.687500 0.972453
vt 0.688083 0.975322
vt 0.687500 0.976996
vt 0.691640 0.975441
vt 0.687500 0.972454
vt 0.687500 0.976996
vt 0.691640 0.975441
vt 0.687500 0.939764
vt 0.688083 0.936876
vt 0.691640 0.936403
vt 0.687500 0.939764
vt 0.691640 0.936403
vt 0.562500 0.560236
vt 0.561917 0.563124
vt 0.558360 0.563597
vt 0.558360 0.524559
vt 0.561917 0.524678
vt 0.562500 0.527546
vt 0.562500 0.523004
vt 0.562500 0.972453
vt 0.561917 0.975322
vt 0.558360 0.975441
vt 0.562500 0.976996
vt 0.562500 0.972454
vt 0.558360 0.936403
vt 0.561917 0.936876
vt 0.562500 0.939764
vt 0.562500 0.936403
vt 0.558360 0.936403
vt 0.562500 0.936403
vt 0.531250 0.527546
vt 0.531833 0.524678
vt 0.535390 0.524559
vt 0.531250 0.523004
vt 0.535390 0.975441
vt 0.531833 0.975323
vt 0.531250 0.972454
vt 0.531250 0.976996
vt 0.464610 0.524559
vt 0.468167 0.524678
vt 0.468750 0.527546
vt 0.468750 0.523004
vt 0.464610 0.524559
vt 0.441640 0.563597
vt 0.438083 0.563124
vt 0.437500 0.560236
vt 0.437500 0.563597
vt 0.437500 0.563597
vt 0.437500 0.527546
vt 0.438083 0.524677
vt 0.441640 0.524559
vt 0.437500 0.523004
vt 0.441640 0.524559
vt 0.437500 0.523004
vt 0.438083 0.936876
vt 0.437500 0.939764
vt 0.441640 0.936403
vt 0.437500 0.939764
vt 0.312500 0.560236
vt 0.311917 0.563124
vt 0.312500 0.560236
vt 0.312500 0.563598
vt 0.312500 0.939764
vt 0.311917 0.936876
vt 0.312500 0.936403
vt 0.308360 0.936403
vt 0.312500 0.939764
vt 0.308360 0.936403
vt 0.191640 0.563597
vt 0.188083 0.563124
vt 0.187500 0.563597
vt 0.191640 0.563597
vt 0.187500 0.560236
vt 0.187500 0.939764
vt 0.188083 0.936876
vt 0.191640 0.936403
vt 0.058360 0.563597
vt 0.061917 0.563124
vt 0.062500 0.560236
vt 0.058360 0.936403
vt 0.061917 0.936876
vt 0.062500 0.939764
vt 0.062500 0.936403
vt 0.058360 0.533568
vt 0.061917 0.533460
vt 0.062500 0.535706
vt 0.062500 0.531200
vt 0.058360 0.533568
vt 0.187500 0.535706
vt 0.188083 0.533460
vt 0.191640 0.533568
vt 0.187500 0.531200
vt 0.191640 0.533568
vt 0.308360 0.533568
vt 0.311917 0.533460
vt 0.312500 0.535706
vt 0.312500 0.531200
vt 0.312500 0.531200
vt 0.687500 0.535249
vt 0.688093 0.533568
vt 0.691640 0.533568
vt 0.687500 0.531887
vt 0.687500 0.535249
vt 0.937500 0.531200
vt 0.938083 0.533460
vt 0.937500 0.535706
vt 0.941640 0.533568
vt 0.941640 0.533568
vt 0.808360 0.533568
vt 0.811907 0.533568
vt 0.812500 0.535249
vt 0.812500 0.531887
vt 0.812500 0.535249
vt 0.812500 0.531887
vt 0.558360 0.533568
vt 0.561907 0.533568
vt 0.562500 0.535249
vt 0.562500 0.531887
vt 0.437500 0.535249
vt 0.438093 0.533568
vt 0.441640 0.533568
vt 0.437500 0.531887
vt 0.437500 0.535249
vt 0.058360 0.966432
vt 0.061917 0.966540
vt 0.062500 0.968800
vt 0.062500 0.964294
vt 0.058360 0.966432
vt 0.437500 0.968800
vt 0.438083 0.966540
vt 0.441640 0.966432
vt 0.437500 0.964294
vt 0.437500 0.968800
vt 0.441640 0.966432
vt 0.558360 0.966432
vt 0.561907 0.966432
vt 0.562500 0.968113
vt 0.562500 0.964751
vt 0.558360 0.966432
vt 0.562500 0.964751
vt 0.937500 0.964294
vt 0.938083 0.966540
vt 0.937500 0.968800
vt 0.941640 0.966432
vt 0.937500 0.968800
vt 0.941640 0.966432
vt 0.808360 0.966432
vt 0.811907 0.966432
vt 0.812500 0.968113
vt 0.812500 0.964751
vt 0.812500 0.964751
vt 0.687500 0.964751
vt 0.688093 0.966432
vt 0.687500 0.968113
vt 0.691640 0.966432
vt 0.687500 0.968113
vt 0.691640 0.966432
vt 0.308360 0.966432
vt 0.311917 0.966540
vt 0.312500 0.968800
vt 0.312500 0.964294
vt 0.187500 0.968800
vt 0.188083 0.966540
vt 0.191640 0.966432
vt 0.187500 0.964294
vt 0.187500 0.968800
vt 0.191640 0.966432
vt 0.187500 0.964294
vt 0.281250 0.531478
vt 0.281832 0.533581
vt 0.281250 0.536285
vt 0.285393 0.533568
vt 0.281250 0.531478
vt 0.281250 0.536287
vt 0.285393 0.533568
vt 0.285427 0.563597
vt 0.281850 0.563166
vt 0.281250 0.560533
vt 0.281328 0.563597
vt 0.281250 0.564860
vt 0.214604 0.533568
vt 0.218169 0.533610
vt 0.218750 0.536387
vt 0.218750 0.531579
vt 0.214604 0.533568
vt 0.218750 0.536387
vt 0.218750 0.530646
vt 0.218750 0.563978
vt 0.218162 0.563265
vt 0.218750 0.561887
vt 0.214577 0.563597
vt 0.218685 0.563597
vt 0.218750 0.560506
vt 0.214577 0.563597
vt 0.714610 0.533568
vt 0.718339 0.533568
vt 0.718750 0.535271
vt 0.718750 0.531865
vt 0.714610 0.533568
vt 0.718750 0.535271
vt 0.718750 0.531670
vt 0.714577 0.563597
vt 0.718162 0.563265
vt 0.718685 0.563597
vt 0.718750 0.560506
vt 0.718750 0.563978
vt 0.718750 0.561887
vt 0.781250 0.531839
vt 0.781649 0.533568
vt 0.781250 0.535297
vt 0.785390 0.533568
vt 0.781250 0.535297
vt 0.785427 0.563597
vt 0.781850 0.563166
vt 0.781250 0.560533
vt 0.781328 0.563597
vt 0.785427 0.563597
vt 0.781250 0.560533
vt 0.781250 0.564860
vt 0.964604 0.533568
vt 0.968169 0.533610
vt 0.968750 0.536387
vt 0.968750 0.531579
vt 0.968750 0.536387
vt 0.968750 0.530646
vt 0.968750 0.563978
vt 0.968162 0.563265
vt 0.968750 0.561887
vt 0.964577 0.563597
vt 0.968685 0.563597
vt 0.968750 0.560506
vt 0.785423 0.936403
vt 0.781838 0.936735
vt 0.781315 0.936403
vt 0.781250 0.939494
vt 0.781250 0.936022
vt 0.781250 0.938113
vt 0.531328 0.563597
vt 0.531850 0.563166
vt 0.535427 0.563597
vt 0.531250 0.560534
vt 0.531250 0.564860
vt 0.968672 0.936403
vt 0.968150 0.936834
vt 0.964573 0.936403
vt 0.968750 0.939466
vt 0.968750 0.935140
vt 0.964573 0.936403
vt 0.035423 0.936403
vt 0.031838 0.936735
vt 0.031315 0.936403
vt 0.031250 0.939494
vt 0.035423 0.936403
vt 0.031250 0.936022
vt 0.031250 0.938113
vt 0.031328 0.563597
vt 0.031849 0.563166
vt 0.035427 0.563597
vt 0.031250 0.560534
vt 0.031250 0.564860
vt 0.035427 0.563597
vt 0.468672 0.936403
vt 0.468151 0.936834
vt 0.464573 0.936403
vt 0.468750 0.939467
vt 0.468750 0.935140
vt 0.464573 0.936403
vt 0.468750 0.939466
vt 0.464577 0.563597
vt 0.468162 0.563265
vt 0.468685 0.563597
vt 0.468750 0.560506
vt 0.464577 0.563597
vt 0.468750 0.563978
vt 0.468750 0.561887
vt 0.218672 0.936403
vt 0.218150 0.936834
vt 0.214573 0.936403
vt 0.218750 0.939466
vt 0.218750 0.935140
vt 0.218750 0.939466
vt 0.031250 0.531478
vt 0.031832 0.533581
vt 0.031250 0.536285
vt 0.035393 0.533568
vt 0.031250 0.531478
vt 0.031250 0.536287
vt 0.718672 0.936403
vt 0.718151 0.936834
vt 0.714573 0.936403
vt 0.718750 0.939467
vt 0.718750 0.935140
vt 0.285423 0.936403
vt 0.281838 0.936735
vt 0.281315 0.936403
vt 0.281250 0.939494
vt 0.281250 0.936022
vt 0.281250 0.938113
vt 0.535423 0.936403
vt 0.531838 0.936735
vt 0.531315 0.936403
vt 0.531250 0.939494
vt 0.535423 0.936403
vt 0.531250 0.936022
vt 0.531250 0.938113
vt 0.531250 0.531839
vt 0.531649 0.533568
vt 0.531250 0.535297
vt 0.535390 0.533568
vt 0.531250 0.531839
vt 0.531250 0.535297
vt 0.464610 0.533568
vt 0.468339 0.533568
vt 0.468750 0.535271
vt 0.468750 0.531865
vt 0.464610 0.533568
vt 0.468750 0.535271
vt 0.468750 0.531670
vt 0.281250 0.963613
vt 0.281831 0.966390
vt 0.281250 0.969354
vt 0.285396 0.966432
vt 0.281250 0.963612
vt 0.281250 0.968421
vt 0.464607 0.966432
vt 0.468168 0.966419
vt 0.468750 0.968522
vt 0.468750 0.963713
vt 0.464607 0.966432
vt 0.468750 0.963715
vt 0.531250 0.964729
vt 0.531661 0.966432
vt 0.531250 0.968330
vt 0.535390 0.966432
vt 0.531250 0.968135
vt 0.714610 0.966432
vt 0.718351 0.966432
vt 0.718750 0.968161
vt 0.718750 0.964703
vt 0.714610 0.966432
vt 0.718750 0.964703
vt 0.031250 0.963613
vt 0.031831 0.966390
vt 0.031250 0.969354
vt 0.035396 0.966432
vt 0.031250 0.963612
vt 0.031250 0.968421
vt 0.035396 0.966432
vt 0.964607 0.966432
vt 0.968168 0.966419
vt 0.968750 0.968522
vt 0.968750 0.963713
vt 0.964607 0.966432
vt 0.968750 0.968522
vt 0.968750 0.963715
vt 0.781250 0.964729
vt 0.781661 0.966432
vt 0.781250 0.968330
vt 0.785390 0.966432
vt 0.781250 0.968135
vt 0.214607 0.966432
vt 0.218168 0.966419
vt 0.218750 0.968522
vt 0.218750 0.963713
vt 0.214607 0.966432
vt 0.218750 0.963715
vt 0.058360 0.563597
vt 0.218750 0.560506
vt 0.218750 0.536387
vt 0.968750 0.560506
vt 0.938659 0.936403
vt 0.781817 0.503764
vt 0.531874 0.996233
vt 0.688659 0.936403
vt 0.531817 0.503764
vt 0.281877 0.996210
vt 0.561894 0.996233
vt 0.687500 0.563598
vt 0.438106 0.996228
vt 0.718183 0.996236
vt 0.438106 0.503767
vt 0.561341 0.563597
vt 0.188659 0.936403
vt 0.468191 0.996214
vt 0.468126 0.503767
vt 0.061894 0.996228
vt 0.061341 0.563597
vt 0.031877 0.996210
vt 0.311341 0.563597
vt 0.718126 0.503767
vt 0.561894 0.503767
vt 0.438659 0.936403
vt 0.688106 0.503767
vt 0.811341 0.563597
vt 0.811894 0.503767
vt 0.688106 0.996233
vt 0.811894 0.996338
vt 0.938106 0.996228
vt 0.781874 0.996233
vt 0.968191 0.996214
vt 0.311894 0.996228
vt 0.218191 0.996214
vt 0.188106 0.996228
vt 0.061894 0.503772
vt 0.031809 0.503786
vt 0.218123 0.503790
vt 0.188106 0.503650
vt 0.311894 0.503772
vt 0.281809 0.503786
vt 0.968123 0.503790
vt 0.938106 0.503772
vt 0.058360 0.533568
vt 0.468750 0.939466
vt 0.562500 0.939764
vt 0.781250 0.939494
vt 0.691640 0.966432
vt 0.191640 0.966432
vt 0.781911 0.936403
vt 0.781250 0.932541
vt 0.782711 0.930567
vt 0.812500 0.936533
vt 0.811329 0.936181
vt 0.783349 0.930895
vt 0.783349 0.936403
vt 0.811329 0.936403
vt 0.782245 0.563597
vt 0.781687 0.563888
vt 0.218089 0.563597
vt 0.218750 0.567458
vt 0.188671 0.563819
vt 0.216651 0.569105
vt 0.216651 0.563597
vt 0.188671 0.563597
vt 0.217755 0.936403
vt 0.781289 0.563597
vt 0.532245 0.563597
vt 0.531289 0.563597
vt 0.531687 0.563888
vt 0.533349 0.936403
vt 0.561329 0.936403
vt 0.561329 0.936181
vt 0.533349 0.930895
vt 0.532711 0.930567
vt 0.967755 0.936403
vt 0.968711 0.936403
vt 0.966651 0.563597
vt 0.938671 0.563597
vt 0.938671 0.563819
vt 0.966651 0.569105
vt 0.031911 0.936403
vt 0.031250 0.932542
vt 0.061329 0.936181
vt 0.033349 0.930895
vt 0.033349 0.936403
vt 0.061329 0.936403
vt 0.032245 0.563597
vt 0.282245 0.563597
vt 0.281289 0.563597
vt 0.312500 0.563597
vt 0.281687 0.563888
vt 0.283349 0.936403
vt 0.311329 0.936403
vt 0.311329 0.936181
vt 0.283349 0.930895
vt 0.282711 0.930567
vt 0.968089 0.563597
vt 0.968750 0.567458
vt 0.031289 0.563597
vt 0.467755 0.936403
vt 0.468711 0.936403
vt 0.466651 0.563597
vt 0.438671 0.563597
vt 0.438671 0.563819
vt 0.466651 0.569105
vt 0.468089 0.563597
vt 0.468750 0.567459
vt 0.218711 0.936403
vt 0.718089 0.563597
vt 0.718750 0.567459
vt 0.688671 0.563819
vt 0.716651 0.569105
vt 0.716651 0.563597
vt 0.688671 0.563598
vt 0.717755 0.936403
vt 0.718711 0.936403
vt 0.281911 0.936403
vt 0.281250 0.932542
vt 0.531911 0.936403
vt 0.531250 0.932542
vt 1.000000 0.569373
vt 0.967328 0.569368
vt 0.032661 0.930568
vt 0.562500 0.936533
vt 0.593750 0.563598
vt 0.782661 0.930568
vt 0.406250 0.563597
vt 0.492304 0.925513
vt 0.475309 0.928391
vt 0.475078 0.575702
vt 0.492265 0.575671
vt 0.429761 0.930119
vt 0.413989 0.930119
vt 0.413989 0.569849
vt 0.429761 0.569783
vt 0.687500 0.563468
vt 0.968313 0.936113
vt 0.937500 0.563467
vt 0.117261 0.930119
vt 0.101489 0.930119
vt 0.101489 0.569881
vt 0.117261 0.569881
vt 0.554763 0.928511
vt 0.540433 0.925642
vt 0.539390 0.570099
vt 0.554815 0.569954
vt 0.375000 0.563597
vt 0.687500 0.936403
vt 0.929761 0.930119
vt 0.913989 0.930119
vt 0.913989 0.569849
vt 0.929762 0.569783
vt 0.617261 0.930119
vt 0.601488 0.930119
vt 0.601489 0.569881
vt 0.617261 0.569881
vt 0.054763 0.928511
vt 0.040433 0.925642
vt 0.039390 0.570099
vt 0.054815 0.569954
vt 0.804763 0.928511
vt 0.790433 0.925642
vt 0.789390 0.570099
vt 0.804815 0.569954
vt 0.992304 0.925513
vt 0.975309 0.928391
vt 0.975078 0.575702
vt 0.992265 0.575671
vt 0.875000 0.936403
vt 0.179761 0.930119
vt 0.163989 0.930119
vt 0.163989 0.569849
vt 0.179761 0.569784
vt 0.304763 0.928511
vt 0.290433 0.925642
vt 0.289390 0.570099
vt 0.304815 0.569954
vt 0.782711 0.930567
vt 0.812500 0.936533
vt 0.679761 0.930119
vt 0.663989 0.930119
vt 0.663989 0.569849
vt 0.679762 0.569784
vt 0.367261 0.930119
vt 0.351489 0.930119
vt 0.351489 0.569881
vt 0.367261 0.569881
vt 0.125000 0.936403
vt 0.500000 0.930627
vt 0.867262 0.930119
vt 0.851488 0.930119
vt 0.851489 0.569881
vt 0.867262 0.569881
vt 0.000000 0.925513
vt 0.000000 0.575671
s 1
g module3.001_3body
usemtl 3body
f 1/1/1 4/2/2 7/3/3 2/4/4
f 1298/5/5 1300/6/6 1162/7/7 1161/8/8
f 3/9/9 5/10/10 4/2/2 1/1/1
f 4/11/2 5/12/10 200/13/9 6/14/1
f 7/15/3 4/11/2 6/14/1 8/16/4
f 9/17/11 7/15/3 8/16/4 10/18/12
f 2/4/4 7/3/3 9/19/11 12/20/12
f 11/21/13 9/17/11 10/18/12 21/22/14
f 12/20/12 9/19/11 11/23/13 13/24/14
f 13/24/14 11/23/13 16/25/15 14/26/16
f 14/27/16 16/28/15 17/29/17 15/30/18
f 17/31/17 16/32/15 18/33/16 20/34/18
f 16/32/15 11/21/13 21/22/14 18/33/16
f 22/35/19 19/36/20 18/37/16 21/38/14
f 19/39/20 59/40/21 20/41/18 18/42/16
f 24/43/22 22/35/19 21/38/14 10/44/12
f 23/45/23 43/46/24 19/47/20 22/48/19
f 25/49/25 23/45/23 22/48/19 24/50/22
f 27/51/26 25/49/25 24/50/22 26/52/27
f 26/53/27 24/43/22 10/44/12 8/54/4
f 30/55/28 27/51/26 26/52/27 28/56/29
f 28/57/29 26/53/27 8/54/4 6/58/1
f 29/59/30 28/57/29 6/58/1 200/60/9
f 31/61/31 30/55/28 28/56/29 29/62/30
f 31/63/31 33/64/10 32/65/2 30/66/28
f 30/66/28 32/65/2 35/67/3 27/68/26
f 32/69/2 33/70/10 111/71/9 34/72/1
f 35/73/3 32/69/2 34/72/1 36/74/4
f 37/75/11 35/73/3 36/74/4 38/76/12
f 27/68/26 35/67/3 37/77/11 25/78/25
f 39/79/13 37/75/11 38/76/12 40/80/14
f 25/78/25 37/77/11 39/81/13 23/82/23
f 41/83/15 39/79/13 40/80/14 44/84/16
f 23/82/23 39/81/13 41/85/15 43/86/24
f 42/87/17 41/83/15 44/84/16 46/88/18
f 43/89/24 41/90/15 42/91/17 55/92/32
f 96/93/19 45/94/20 44/95/16 40/96/14
f 45/97/20 47/98/21 46/99/18 44/100/16
f 47/98/21 49/101/33 48/102/34 46/99/18
f 51/103/35 42/87/17 46/88/18 48/104/34
f 49/101/33 77/105/36 50/106/37 48/102/34
f 52/107/38 51/103/35 48/104/34 50/108/37
f 53/109/39 51/110/35 52/111/38 54/112/40
f 55/92/32 42/91/17 51/110/35 53/109/39
f 53/113/39 54/114/40 58/115/36 56/116/33
f 55/117/32 53/113/39 56/116/33 59/118/21
f 59/40/21 56/119/33 57/120/34 20/41/18
f 56/119/33 58/121/36 60/122/37 57/120/34
f 43/46/24 55/117/32 59/118/21 19/47/20
f 58/121/36 61/123/41 63/124/42 60/122/37
f 54/114/40 62/125/43 61/126/41 58/115/36
f 62/125/43 67/127/44 64/128/45 61/126/41
f 61/123/41 64/129/45 65/130/46 63/124/42
f 64/129/45 66/131/47 335/132/48 65/130/46
f 67/127/44 68/133/49 66/134/47 64/128/45
f 67/135/44 69/136/50 71/137/51 68/138/49
f 62/139/43 72/140/52 69/136/50 67/135/44
f 71/141/51 69/142/50 70/143/46 409/144/48
f 69/142/50 72/145/52 73/146/42 70/143/46
f 72/145/52 52/107/38 50/108/37 73/146/42
f 54/112/40 52/111/38 72/140/52 62/139/43
f 77/105/36 74/147/41 73/148/42 50/106/37
f 74/147/41 76/149/45 70/150/46 73/148/42
f 75/151/43 413/152/44 76/153/45 74/154/41
f 78/155/40 75/151/43 74/154/41 77/156/36
f 79/157/39 78/155/40 77/156/36 49/158/33
f 78/159/40 80/160/38 81/161/52 75/162/43
f 79/163/39 82/164/35 80/160/38 78/159/40
f 81/165/52 80/166/38 83/167/37 85/168/42
f 80/166/38 82/169/35 86/170/34 83/167/37
f 87/171/33 84/172/36 83/173/37 86/174/34
f 84/172/36 422/175/41 85/130/42 83/173/37
f 89/176/21 87/171/33 86/174/34 88/177/18
f 82/169/35 91/178/17 88/179/18 86/170/34
f 443/180/20 89/176/21 88/177/18 90/181/16
f 91/178/17 92/182/15 90/183/16 88/179/18
f 93/184/32 91/185/17 82/164/35 79/163/39
f 94/186/24 92/187/15 91/185/17 93/184/32
f 93/188/32 79/157/39 49/158/33 47/189/21
f 94/190/24 93/188/32 47/189/21 45/191/20
f 95/192/23 94/190/24 45/191/20 96/193/19
f 95/194/23 98/195/13 92/196/15 94/197/24
f 97/198/25 95/192/23 96/193/19 1088/199/22
f 97/200/25 100/201/11 98/195/13 95/194/23
f 92/182/15 98/202/13 99/203/14 90/183/16
f 98/202/13 100/204/11 101/205/12 99/203/14
f 100/204/11 102/206/3 103/207/4 101/205/12
f 105/208/26 102/209/3 100/201/11 97/200/25
f 102/206/3 104/210/2 450/211/1 103/207/4
f 107/212/28 104/213/2 102/209/3 105/208/26
f 105/214/26 97/198/25 1088/199/22 106/215/27
f 107/216/28 105/214/26 106/215/27 109/217/29
f 108/218/31 107/216/28 109/217/29 110/219/30
f 108/220/31 118/221/10 104/213/2 107/212/28
f 109/222/29 106/223/27 36/224/4 34/225/1
f 110/226/30 109/222/29 34/225/1 111/227/9
f 112/228/53 110/226/30 111/227/9 113/229/54
f 115/230/55 108/218/31 110/219/30 112/231/53
f 114/232/56 112/228/53 113/229/54 195/233/57
f 116/234/58 115/230/55 112/231/53 114/235/56
f 115/236/55 117/237/59 118/221/10 108/220/31
f 116/238/58 119/239/60 117/237/59 115/236/55
f 118/240/10 117/241/59 120/242/54 122/243/9
f 117/241/59 119/244/60 123/245/57 120/242/54
f 125/246/56 121/247/53 120/248/54 123/249/57
f 121/247/53 451/250/30 122/251/9 120/248/54
f 126/252/61 125/246/56 123/249/57 124/253/62
f 119/244/60 150/254/63 124/255/62 123/245/57
f 127/256/58 128/257/55 121/258/53 125/259/56
f 129/260/64 127/256/58 125/259/56 126/261/61
f 127/262/58 130/263/60 131/264/59 128/265/55
f 129/266/64 132/267/63 130/263/60 127/262/58
f 131/268/59 130/269/60 133/270/57 134/271/54
f 130/269/60 132/272/63 136/273/62 133/270/57
f 135/274/56 497/275/53 134/276/54 133/277/57
f 137/278/61 135/274/56 133/277/57 136/279/62
f 140/280/65 137/281/61 136/282/62 138/283/66
f 132/272/63 141/284/67 138/285/66 136/273/62
f 515/286/68 140/280/65 138/283/66 139/287/69
f 141/284/67 142/288/70 139/289/69 138/285/66
f 143/290/71 141/291/67 132/292/63 129/293/64
f 144/294/72 142/295/70 141/291/67 143/290/71
f 143/296/71 129/260/64 126/261/61 145/297/65
f 144/298/72 143/296/71 145/297/65 146/299/68
f 146/300/68 145/301/65 147/302/66 148/303/69
f 145/301/65 126/304/61 124/305/62 147/302/66
f 150/254/63 149/306/67 147/307/66 124/255/62
f 149/306/67 151/308/70 148/309/69 147/307/66
f 152/310/71 149/311/67 150/312/63 153/313/64
f 154/314/72 151/315/70 149/311/67 152/310/71
f 152/316/71 153/317/64 157/318/61 155/319/65
f 154/320/72 152/316/71 155/319/65 158/321/68
f 158/322/68 155/323/65 156/324/66 160/325/69
f 155/323/65 157/326/61 194/327/62 156/324/66
f 159/328/73 158/322/68 160/325/69 161/329/74
f 566/330/75 154/320/72 158/321/68 159/331/73
f 163/332/67 162/333/70 160/334/69 156/335/66
f 162/333/70 164/336/76 161/337/74 160/334/69
f 165/338/72 162/339/70 163/340/67 166/341/71
f 167/342/75 164/343/76 162/339/70 165/338/72
f 165/344/72 166/345/71 169/346/65 168/347/68
f 167/348/75 165/344/72 168/347/68 171/349/73
f 168/350/68 169/351/65 185/352/66 170/353/69
f 171/354/73 168/350/68 170/353/69 173/355/74
f 172/356/77 171/354/73 173/355/74 174/357/78
f 214/358/79 167/348/75 171/349/73 172/359/77
f 175/360/76 177/361/80 174/362/78 173/363/74
f 176/364/70 175/360/76 173/363/74 170/365/69
f 178/366/74 175/367/76 176/368/70 180/369/69
f 179/370/78 177/371/80 175/367/76 178/366/74
f 180/369/69 176/368/70 183/372/67 181/373/66
f 181/373/66 183/372/67 184/374/63 182/375/62
f 184/376/63 183/377/67 185/378/66 186/379/62
f 183/377/67 176/364/70 170/365/69 185/378/66
f 169/351/65 188/380/61 186/381/62 185/352/66
f 188/382/61 189/383/56 187/384/57 186/385/62
f 202/386/60 184/376/63 186/379/62 187/387/57
f 166/345/71 190/388/64 188/389/61 169/346/65
f 190/388/64 191/390/58 189/391/56 188/389/61
f 190/392/64 192/393/63 193/394/60 191/395/58
f 166/341/71 163/340/67 192/396/63 190/397/64
f 193/398/60 192/399/63 194/400/62 195/401/57
f 192/399/63 163/332/67 156/335/66 194/400/62
f 157/402/61 114/232/56 195/233/57 194/403/62
f 196/404/59 193/398/60 195/401/57 113/405/54
f 191/395/58 193/394/60 196/406/59 197/407/55
f 33/70/10 196/404/59 113/405/54 111/71/9
f 197/407/55 196/406/59 33/64/10 31/63/31
f 197/408/55 31/61/31 29/62/30 198/409/53
f 191/390/58 197/408/55 198/409/53 189/391/56
f 198/410/53 29/59/30 200/60/9 199/411/54
f 189/383/56 198/410/53 199/411/54 187/384/57
f 201/412/59 202/386/60 187/387/57 199/413/54
f 5/12/10 201/412/59 199/413/54 200/13/9
f 203/414/54 201/415/59 5/10/10 3/9/9
f 204/416/57 202/417/60 201/415/59 203/414/54
f 182/418/62 184/419/63 202/417/60 204/416/57
f 205/420/81 207/421/82 177/371/80 179/370/78
f 206/422/83 208/423/84 207/421/82 205/420/81
f 177/361/80 207/424/82 209/425/81 174/362/78
f 207/424/82 208/426/84 210/427/83 209/425/81
f 212/428/85 211/429/86 209/430/81 210/431/83
f 211/429/86 172/356/77 174/357/78 209/430/81
f 213/432/87 214/358/79 172/359/77 211/433/86
f 215/434/88 213/432/87 211/433/86 212/435/85
f 213/436/87 216/437/82 217/438/80 214/439/79
f 215/440/88 218/441/84 216/437/82 213/436/87
f 217/442/80 216/443/82 219/444/81 221/445/78
f 216/443/82 218/446/84 220/447/83 219/444/81
f 223/448/85 222/449/86 219/450/81 220/451/83
f 222/449/86 224/452/77 221/453/78 219/450/81
f 227/454/88 225/455/87 222/456/86 223/457/85
f 225/455/87 226/458/79 224/459/77 222/456/86
f 225/460/87 228/461/82 229/462/80 226/463/79
f 227/464/88 230/465/84 228/461/82 225/460/87
f 229/466/80 228/467/82 231/468/81 233/469/78
f 228/467/82 230/470/84 234/471/83 231/468/81
f 236/472/85 232/473/86 231/474/81 234/475/83
f 232/473/86 562/476/77 233/477/78 231/474/81
f 230/470/84 261/478/89 235/479/90 234/471/83
f 237/480/91 236/472/85 234/475/83 235/481/90
f 238/482/88 239/483/87 232/484/86 236/485/85
f 240/486/92 238/482/88 236/485/85 237/487/91
f 238/488/88 241/489/84 242/490/82 239/491/87
f 240/492/92 243/493/89 241/489/84 238/488/88
f 242/494/82 241/495/84 244/496/83 245/497/81
f 241/495/84 243/498/89 247/499/90 244/496/83
f 246/500/85 553/501/86 245/502/81 244/503/83
f 248/504/91 246/500/85 244/503/83 247/505/90
f 251/506/93 248/507/91 247/508/90 249/509/94
f 243/498/89 252/510/95 249/511/94 247/499/90
f 982/512/96 251/506/93 249/509/94 250/513/97
f 252/510/95 253/514/98 250/515/97 249/511/94
f 254/516/99 252/517/95 243/518/89 240/519/92
f 255/520/100 253/521/98 252/517/95 254/516/99
f 254/522/99 240/486/92 237/487/91 256/523/93
f 255/524/100 254/522/99 256/523/93 257/525/96
f 257/526/96 256/527/93 258/528/94 259/529/97
f 256/527/93 237/530/91 235/531/90 258/528/94
f 261/478/89 260/532/95 258/533/94 235/479/90
f 260/532/95 262/534/98 259/535/97 258/533/94
f 263/536/99 260/537/95 261/538/89 264/539/92
f 265/540/100 262/541/98 260/537/95 263/536/99
f 263/542/99 264/543/92 268/544/91 266/545/93
f 265/546/100 263/542/99 266/545/93 269/547/96
f 269/548/96 266/549/93 267/550/94 270/551/97
f 266/549/93 268/552/91 394/553/90 267/550/94
f 271/554/101 269/548/96 270/551/97 273/555/102
f 274/556/103 265/546/100 269/547/96 271/557/101
f 272/558/104 271/554/101 273/555/102 359/559/105
f 275/560/106 274/556/103 271/557/101 272/561/104
f 274/562/103 276/563/107 262/541/98 265/540/100
f 275/564/106 278/565/108 276/563/107 274/562/103
f 262/534/98 276/566/107 277/567/102 259/535/97
f 276/566/107 278/568/108 279/569/105 277/567/102
f 278/568/108 280/570/109 283/571/110 279/569/105
f 282/572/111 280/573/109 278/565/108 275/564/106
f 280/570/109 281/574/112 285/575/113 283/571/110
f 400/576/114 281/577/112 280/573/109 282/572/111
f 287/578/115 284/579/116 283/580/110 285/581/113
f 284/579/116 979/582/104 279/583/105 283/580/110
f 281/574/112 312/584/117 286/585/118 285/575/113
f 288/586/119 287/578/115 285/581/113 286/587/118
f 289/588/114 290/589/111 284/590/116 287/591/115
f 291/592/120 289/588/114 287/591/115 288/593/119
f 289/594/114 292/595/112 293/596/109 290/597/111
f 291/598/120 294/599/117 292/595/112 289/594/114
f 293/600/109 292/601/112 295/602/113 297/603/110
f 292/601/112 294/604/117 298/605/118 295/602/113
f 299/606/119 296/607/115 295/608/113 298/609/118
f 296/607/115 971/610/116 297/611/110 295/608/113
f 302/612/121 299/606/119 298/609/118 300/613/122
f 294/604/117 303/614/123 300/615/122 298/605/118
f 303/614/123 304/616/124 301/617/125 300/615/122
f 897/618/126 302/39/121 300/619/122 301/620/125
f 305/621/127 303/622/123 294/599/117 291/598/120
f 306/623/128 304/624/124 303/625/123 305/626/127
f 305/627/127 291/592/120 288/593/119 307/628/121
f 306/629/128 305/627/127 307/628/121 308/630/126
f 308/631/126 307/632/121 309/633/122 310/634/125
f 307/635/121 288/586/119 286/587/118 309/636/122
f 312/584/117 311/637/123 309/638/122 286/585/118
f 311/637/123 313/639/124 310/640/125 309/638/122
f 314/641/127 311/642/123 312/643/117 315/644/120
f 316/645/128 313/646/124 311/647/123 314/648/127
f 314/649/127 315/650/120 319/651/119 317/652/121
f 316/653/128 314/649/127 317/652/121 320/654/126
f 320/655/126 317/656/121 318/657/122 322/658/125
f 317/659/121 319/660/119 355/661/118 318/662/122
f 412/663/129 316/653/128 320/654/126 321/664/130
f 321/665/130 320/655/126 322/658/125 323/666/131
f 325/667/123 324/668/124 322/669/125 318/670/122
f 324/668/124 326/671/132 323/672/131 322/669/125
f 327/673/128 324/674/124 325/675/123 328/676/127
f 329/677/129 326/678/132 324/674/124 327/673/128
f 327/679/128 328/680/127 332/681/121 330/682/126
f 329/683/129 327/679/128 330/682/126 333/684/130
f 333/685/130 330/686/126 331/687/125 334/688/131
f 330/686/126 332/689/121 346/690/122 331/687/125
f 66/131/47 333/685/130 334/688/131 335/132/48
f 68/133/49 329/683/129 333/684/130 66/134/47
f 337/691/124 336/692/132 334/693/131 331/694/125
f 336/692/132 338/695/51 335/696/48 334/693/131
f 339/697/131 336/698/132 337/699/124 341/700/125
f 340/701/48 338/702/51 336/698/132 339/697/131
f 341/700/125 337/699/124 344/703/123 342/704/122
f 342/705/122 344/706/123 345/707/117 343/708/118
f 345/709/117 344/710/123 346/711/122 347/712/118
f 344/710/123 337/691/124 331/694/125 346/711/122
f 332/713/121 349/714/119 347/715/118 346/716/122
f 371/717/112 345/709/117 347/712/118 348/718/113
f 349/714/119 350/719/115 348/720/113 347/715/118
f 328/680/127 351/721/120 349/722/119 332/681/121
f 351/721/120 352/723/114 350/724/115 349/722/119
f 351/725/120 353/726/117 354/727/112 352/728/114
f 328/729/127 325/730/123 353/726/117 351/725/120
f 354/731/112 353/732/117 355/733/118 356/734/113
f 353/732/117 325/667/123 318/670/122 355/733/118
f 319/660/119 357/735/115 356/736/113 355/661/118
f 357/735/115 360/737/116 358/738/110 356/736/113
f 361/739/109 354/731/112 356/734/113 358/740/110
f 360/737/116 272/558/104 359/559/105 358/738/110
f 362/741/108 361/739/109 358/740/110 359/742/105
f 363/743/111 361/744/109 362/745/108 364/746/106
f 352/728/114 354/727/112 361/744/109 363/743/111
f 363/747/111 364/748/106 366/749/104 365/750/116
f 352/723/114 363/747/111 365/750/116 350/724/115
f 365/751/116 366/752/104 368/753/105 367/754/110
f 350/719/115 365/751/116 367/754/110 348/720/113
f 369/755/109 371/717/112 348/718/113 367/756/110
f 370/757/108 369/755/109 367/756/110 368/758/105
f 372/759/110 369/760/109 370/761/108 374/762/105
f 373/763/113 371/764/112 369/760/109 372/759/110
f 374/762/105 370/761/108 377/765/107 375/766/102
f 375/766/102 377/765/107 379/767/98 376/768/97
f 379/769/98 377/770/107 378/771/102 381/772/97
f 377/770/107 370/757/108 368/758/105 378/771/102
f 380/773/95 379/769/98 381/772/97 383/774/94
f 376/768/97 379/767/98 380/775/95 389/776/94
f 399/777/101 382/778/96 381/779/97 378/780/102
f 382/778/96 384/781/93 383/782/94 381/779/97
f 384/781/93 386/783/91 385/784/90 383/782/94
f 387/785/89 380/773/95 383/774/94 385/786/90
f 386/787/91 212/428/85 210/431/83 385/788/90
f 208/426/84 387/785/89 385/786/90 210/427/83
f 388/789/90 387/790/89 208/423/84 206/422/83
f 389/791/94 380/792/95 387/790/89 388/789/90
f 391/793/99 390/794/92 386/795/91 384/796/93
f 390/794/92 215/434/88 212/435/85 386/795/91
f 390/797/92 392/798/89 218/441/84 215/440/88
f 391/799/99 393/800/95 392/798/89 390/797/92
f 218/446/84 392/801/89 394/802/90 220/447/83
f 392/801/89 393/803/95 267/804/94 394/802/90
f 268/805/91 223/448/85 220/451/83 394/806/90
f 393/803/95 395/807/98 270/808/97 267/804/94
f 397/809/100 395/810/98 393/811/95 391/812/99
f 395/807/98 396/813/107 273/814/102 270/808/97
f 398/815/103 396/816/107 395/810/98 397/809/100
f 397/817/100 391/793/99 384/796/93 382/818/96
f 398/819/103 397/817/100 382/818/96 399/820/101
f 364/748/106 398/819/103 399/820/101 366/749/104
f 364/746/106 362/745/108 396/816/107 398/815/103
f 366/752/104 399/777/101 378/780/102 368/753/105
f 396/813/107 362/741/108 359/742/105 273/814/102
f 343/708/118 345/707/117 371/764/112 373/763/113
f 400/821/114 282/822/111 360/823/116 357/824/115
f 282/822/111 275/560/106 272/561/104 360/823/116
f 315/650/120 400/821/114 357/824/115 319/651/119
f 315/644/120 312/643/117 281/577/112 400/576/114
f 401/825/46 403/826/50 338/702/51 340/701/48
f 402/827/42 404/828/52 403/826/50 401/825/46
f 338/695/51 403/829/50 65/830/46 335/696/48
f 403/829/50 404/831/52 63/832/42 65/830/46
f 404/831/52 405/833/38 60/834/37 63/832/42
f 407/835/37 405/836/38 404/828/52 402/827/42
f 405/833/38 406/837/35 57/838/34 60/834/37
f 408/839/34 406/840/35 405/836/38 407/835/37
f 15/30/18 17/29/17 406/840/35 408/839/34
f 406/837/35 17/31/17 20/34/18 57/838/34
f 68/138/49 71/137/51 326/678/132 329/677/129
f 326/671/132 71/141/51 409/144/48 323/672/131
f 410/841/47 321/665/130 323/666/131 409/842/48
f 76/149/45 410/841/47 409/842/48 70/150/46
f 411/843/49 412/663/129 321/664/130 410/844/47
f 413/152/44 411/843/49 410/844/47 76/153/45
f 411/845/49 414/846/51 416/847/132 412/848/129
f 413/849/44 417/850/50 414/846/51 411/845/49
f 416/851/132 414/852/51 415/853/48 916/854/131
f 414/852/51 417/855/50 418/856/46 415/853/48
f 417/855/50 81/165/52 85/168/42 418/856/46
f 75/162/43 81/161/52 417/850/50 413/849/44
f 422/175/41 419/857/45 418/124/46 85/130/42
f 419/857/45 420/858/47 415/859/48 418/124/46
f 421/860/44 913/861/49 420/862/47 419/863/45
f 423/864/43 421/860/44 419/863/45 422/865/41
f 424/866/40 423/864/43 422/865/41 84/867/36
f 423/868/43 425/869/52 426/870/50 421/871/44
f 424/872/40 427/873/38 425/869/52 423/868/43
f 426/874/50 425/875/52 428/876/42 430/877/46
f 425/875/52 427/878/38 431/879/37 428/876/42
f 432/880/36 429/881/41 428/882/42 431/883/37
f 429/881/41 901/884/45 430/885/46 428/882/42
f 434/886/33 432/880/36 431/883/37 433/887/34
f 427/878/38 436/888/35 433/889/34 431/879/37
f 466/890/21 434/886/33 433/887/34 435/891/18
f 436/888/35 437/892/17 435/893/18 433/889/34
f 438/894/39 436/895/35 427/873/38 424/872/40
f 439/896/32 437/897/17 436/895/35 438/894/39
f 438/898/39 424/866/40 84/867/36 87/899/33
f 439/900/32 438/898/39 87/899/33 89/901/21
f 440/902/24 439/900/32 89/901/21 443/903/20
f 440/904/24 442/905/15 437/897/17 439/896/32
f 441/906/23 440/902/24 443/903/20 444/907/19
f 441/908/23 461/909/13 442/910/15 440/911/24
f 444/912/19 443/913/20 90/914/16 99/915/14
f 446/916/25 441/906/23 444/907/19 445/917/22
f 445/918/22 444/912/19 99/915/14 101/919/12
f 448/920/26 446/916/25 445/917/22 447/921/27
f 447/922/27 445/918/22 101/919/12 103/923/4
f 452/924/28 448/920/26 447/921/27 449/925/29
f 449/926/29 447/922/27 103/923/4 450/927/1
f 451/250/30 449/926/29 450/927/1 122/251/9
f 453/928/31 452/924/28 449/925/29 451/929/30
f 453/930/31 455/931/10 454/932/2 452/933/28
f 452/933/28 454/932/2 457/934/3 448/935/26
f 454/936/2 455/937/10 498/938/9 456/939/1
f 457/940/3 454/936/2 456/939/1 458/941/4
f 459/942/11 457/940/3 458/941/4 460/943/12
f 448/935/26 457/934/3 459/944/11 446/945/25
f 461/946/13 459/942/11 460/943/12 462/947/14
f 446/945/25 459/944/11 461/909/13 441/908/23
f 442/948/15 461/946/13 462/947/14 464/949/16
f 495/950/22 463/951/19 462/952/14 460/953/12
f 463/951/19 465/954/20 464/955/16 462/952/14
f 465/689/20 466/890/21 435/891/18 464/956/16
f 437/892/17 442/948/15 464/949/16 435/893/18
f 467/957/24 468/958/32 466/959/21 465/960/20
f 469/961/23 467/957/24 465/960/20 463/962/19
f 467/963/24 470/964/15 471/965/17 468/966/32
f 469/967/23 472/968/13 470/969/15 467/970/24
f 471/971/17 470/972/15 473/973/16 475/974/18
f 470/972/15 472/975/13 476/976/14 473/973/16
f 477/977/19 474/978/20 473/979/16 476/980/14
f 474/981/20 870/982/21 475/983/18 473/984/16
f 472/975/13 479/985/11 478/986/12 476/976/14
f 480/987/22 477/977/19 476/980/14 478/988/12
f 479/985/11 482/989/3 481/990/4 478/986/12
f 483/991/27 480/987/22 478/988/12 481/992/4
f 482/989/3 487/993/2 484/994/1 481/990/4
f 485/995/29 483/991/27 481/992/4 484/996/1
f 1041/997/30 485/995/29 484/996/1 486/998/9
f 487/993/2 488/999/10 486/1000/9 484/994/1
f 490/1001/31 488/1002/10 487/1003/2 489/1004/28
f 489/1004/28 487/1003/2 482/1005/3 492/1006/26
f 490/1007/31 489/1008/28 491/1009/29 496/1010/30
f 489/1008/28 492/1011/26 493/1012/27 491/1009/29
f 492/1011/26 494/1013/25 495/1014/22 493/1012/27
f 492/1006/26 482/1005/3 479/1015/11 494/1016/25
f 494/1013/25 469/961/23 463/962/19 495/1014/22
f 494/1016/25 479/1015/11 472/968/13 469/967/23
f 493/1017/27 495/950/22 460/953/12 458/1018/4
f 491/1019/29 493/1017/27 458/1018/4 456/1020/1
f 496/1021/30 491/1019/29 456/1020/1 498/1022/9
f 499/1023/55 490/1007/31 496/1010/30 497/1024/53
f 497/275/53 496/1021/30 498/1022/9 134/276/54
f 455/937/10 131/268/59 134/271/54 498/938/9
f 500/1025/58 499/1023/55 497/1024/53 135/1026/56
f 499/1027/55 501/1028/59 488/1002/10 490/1001/31
f 500/1029/58 502/1030/60 501/1028/59 499/1027/55
f 488/999/10 501/1031/59 503/1032/54 486/1000/9
f 501/1031/59 502/1033/60 505/1034/57 503/1032/54
f 506/1035/56 504/1036/53 503/1037/54 505/1038/57
f 504/1036/53 1041/997/30 486/998/9 503/1037/54
f 509/1039/61 506/1035/56 505/1038/57 507/1040/62
f 502/1033/60 510/1041/63 507/1042/62 505/1034/57
f 663/1043/65 509/1044/61 507/1045/62 508/1046/66
f 510/1041/63 511/1047/67 508/1048/66 507/1042/62
f 512/1049/64 510/1050/63 502/1030/60 500/1029/58
f 513/1051/71 511/1052/67 510/1053/63 512/1054/64
f 512/1055/64 500/1025/58 135/1026/56 137/1056/61
f 513/1057/71 512/1055/64 137/1056/61 140/1058/65
f 514/1059/72 513/1057/71 140/1058/65 515/1060/68
f 514/1061/72 517/1062/70 511/1052/67 513/1051/71
f 516/1063/75 514/1059/72 515/1060/68 555/1064/73
f 516/1065/75 519/1066/76 517/1062/70 514/1061/72
f 511/1047/67 517/1067/70 518/1068/69 508/1048/66
f 517/1067/70 519/1069/76 521/1070/74 518/1068/69
f 519/1069/76 520/1071/80 522/1072/78 521/1070/74
f 551/1073/79 520/1074/80 519/1066/76 516/1065/75
f 525/1075/77 523/1076/73 521/1077/74 522/1078/78
f 523/1076/73 524/1079/68 518/1080/69 521/1077/74
f 526/1081/75 527/1082/72 524/1083/68 523/1084/73
f 528/1085/79 526/1081/75 523/1084/73 525/1086/77
f 526/463/75 529/1087/76 530/1088/70 527/1089/72
f 528/1090/79 531/1091/80 529/1087/76 526/463/75
f 530/1092/70 529/1093/76 532/1094/74 533/1095/69
f 529/1093/76 531/1096/80 535/1097/78 532/1094/74
f 534/1098/73 652/1099/68 533/1100/69 532/1101/74
f 536/1102/77 534/1098/73 532/1101/74 535/1103/78
f 539/1104/86 536/1102/77 535/1103/78 537/1105/81
f 531/1096/80 540/1106/82 537/1107/81 535/1097/78
f 540/1106/82 541/1108/84 538/1109/83 537/1107/81
f 637/1110/85 539/1104/86 537/1105/81 538/1111/83
f 542/1112/87 540/1113/82 531/1091/80 528/1090/79
f 543/1114/88 541/1115/84 540/1113/82 542/1112/87
f 542/1116/87 528/1085/79 525/1086/77 544/1117/86
f 543/1118/88 542/1116/87 544/1117/86 545/1119/85
f 545/1120/85 544/1121/86 546/1122/81 547/1123/83
f 544/1121/86 525/1075/77 522/1078/78 546/1122/81
f 520/1071/80 548/1124/82 546/1125/81 522/1072/78
f 548/1124/82 549/1126/84 547/1127/83 546/1125/81
f 550/1128/87 548/1129/82 520/1074/80 551/1073/79
f 552/1130/88 549/1131/84 548/1129/82 550/1128/87
f 550/1132/87 551/1133/79 554/1134/77 553/1135/86
f 552/1136/88 550/1132/87 553/1135/86 246/1137/85
f 553/501/86 554/1138/77 556/1139/78 245/502/81
f 551/1133/79 516/1063/75 555/1064/73 554/1134/77
f 554/1138/77 555/1140/73 557/1141/74 556/1139/78
f 558/1142/80 242/494/82 245/497/81 556/1143/78
f 559/1144/76 558/1142/80 556/1143/78 557/1145/74
f 560/1146/79 558/1147/80 559/1148/76 561/1149/75
f 239/491/87 242/490/82 558/1147/80 560/1146/79
f 560/1150/79 561/1151/75 563/1152/73 562/1153/77
f 239/483/87 560/1150/79 562/1153/77 232/484/86
f 562/476/77 563/1154/73 564/1155/74 233/477/78
f 563/1154/73 146/300/68 148/303/69 564/1155/74
f 561/1151/75 144/298/72 146/299/68 563/1152/73
f 565/1156/76 229/466/80 233/469/78 564/1157/74
f 151/308/70 565/1156/76 564/1157/74 148/309/69
f 566/1090/75 565/1158/76 151/315/70 154/314/72
f 226/463/79 229/462/80 565/1158/76 566/1090/75
f 226/458/79 566/330/75 159/331/73 224/459/77
f 561/1149/75 559/1148/76 142/295/70 144/294/72
f 142/288/70 559/1144/76 557/1145/74 139/289/69
f 555/1140/73 515/286/68 139/287/69 557/1141/74
f 567/1159/92 552/1136/88 246/1137/85 248/1160/91
f 567/1161/92 569/1162/89 549/1131/84 552/1130/88
f 568/1163/99 567/1159/92 248/1160/91 251/1164/93
f 568/1165/99 570/1166/95 569/1167/89 567/1168/92
f 549/1126/84 569/1169/89 571/1170/90 547/1127/83
f 569/1169/89 570/1171/95 572/1172/94 571/1170/90
f 574/1173/93 573/1174/91 571/1175/90 572/1176/94
f 573/1177/91 545/1120/85 547/1123/83 571/1178/90
f 575/1179/92 543/1118/88 545/1119/85 573/1180/91
f 576/1181/99 575/1179/92 573/1180/91 574/1182/93
f 575/1183/92 577/1184/89 541/1115/84 543/1114/88
f 576/1185/99 578/1186/95 577/1187/89 575/1188/92
f 541/1108/84 577/1189/89 579/1190/90 538/1109/83
f 577/1189/89 578/1191/95 581/1192/94 579/1190/90
f 580/1193/91 637/1110/85 538/1111/83 579/1194/90
f 583/1195/93 580/1196/91 579/1197/90 581/1198/94
f 584/1199/96 583/1195/93 581/1198/94 582/1200/97
f 578/1191/95 993/1201/98 582/1202/97 581/1192/94
f 585/1203/99 586/1204/92 580/1205/91 583/1206/93
f 587/1207/100 585/1203/99 583/1206/93 584/1208/96
f 585/1209/99 588/1210/95 589/1211/89 586/1212/92
f 587/1213/100 590/1214/98 588/1210/95 585/1209/99
f 589/1215/89 588/1216/95 591/1217/94 593/1218/90
f 588/1216/95 590/1219/98 592/1220/97 591/1217/94
f 596/1221/96 594/1222/93 591/1223/94 592/1224/97
f 594/1222/93 595/1225/91 593/1226/90 591/1223/94
f 597/1227/99 598/1228/92 595/1229/91 594/1230/93
f 599/1231/100 597/1227/99 594/1230/93 596/1232/96
f 597/1233/99 600/1234/95 601/1235/89 598/1236/92
f 599/1237/100 602/1238/98 600/1234/95 597/1233/99
f 601/1239/89 600/1240/95 603/1241/94 605/1242/90
f 600/1240/95 602/1243/98 606/1244/97 603/1241/94
f 608/1245/96 604/1246/93 603/1247/94 606/1248/97
f 604/1246/93 620/1249/91 605/1250/90 603/1247/94
f 609/1251/101 608/1245/96 606/1248/97 607/1252/102
f 602/1243/98 1004/1253/107 607/1254/102 606/1244/97
f 610/133/100 611/127/99 604/1255/93 608/1256/96
f 612/1257/103 610/133/100 608/1256/96 609/1258/101
f 610/1259/100 613/1260/96 615/1261/93 611/1262/99
f 612/1263/103 614/1264/101 613/1260/96 610/1259/100
f 1295/1265/133 1298/5/5 1161/8/8 1160/1266/134
f 611/1262/99 615/1261/93 616/1267/91 618/1268/92
f 618/1269/92 616/1270/91 617/1271/85 619/1272/88
f 618/1273/92 619/1274/88 621/1275/85 620/1276/91
f 611/127/99 618/1273/92 620/1276/91 604/1255/93
f 620/1277/91 621/1278/85 623/1279/83 605/1280/90
f 619/1274/88 1085/1281/87 622/1282/86 621/1275/85
f 621/1278/85 622/1283/86 624/1284/81 623/1279/83
f 625/1285/84 601/1239/89 605/1242/90 623/1286/83
f 626/1287/82 625/1285/84 623/1286/83 624/1288/81
f 627/1289/88 625/1290/84 626/1291/82 628/1292/87
f 598/1293/92 601/1294/89 625/1290/84 627/1289/88
f 627/1295/88 628/1296/87 630/1297/86 629/1298/85
f 598/1228/92 627/1295/88 629/1298/85 595/1229/91
f 595/1299/91 629/1300/85 631/1301/83 593/1302/90
f 629/1300/85 630/1303/86 632/1304/81 631/1301/83
f 634/1305/82 633/1306/84 631/1307/83 632/1308/81
f 633/1306/84 589/1215/89 593/1218/90 631/1307/83
f 635/1309/88 633/1310/84 634/1311/82 636/1312/87
f 586/1313/92 589/1314/89 633/1310/84 635/1309/88
f 635/1315/88 636/1316/87 539/1317/86 637/1318/85
f 586/1204/92 635/1315/88 637/1318/85 580/1205/91
f 636/1316/87 638/1319/79 536/1320/77 539/1317/86
f 636/1312/87 634/1311/82 640/1321/80 638/1322/79
f 638/1319/79 639/1323/75 534/1324/73 536/1320/77
f 638/1322/79 640/1321/80 641/1325/76 639/1326/75
f 641/1327/76 640/1328/80 642/1329/78 644/1330/74
f 640/1328/80 634/1305/82 632/1308/81 642/1329/78
f 630/1303/86 643/1331/77 642/1332/78 632/1304/81
f 643/1331/77 645/1333/73 644/1334/74 642/1332/78
f 645/1333/73 647/1335/68 646/1336/69 644/1334/74
f 649/1337/70 641/1327/76 644/1330/74 646/1338/69
f 647/1335/68 682/1339/65 648/1340/66 646/1336/69
f 650/1341/67 649/1337/70 646/1338/69 648/1342/66
f 651/1343/72 649/1344/70 650/1345/67 653/1346/71
f 639/1326/75 641/1325/76 649/1344/70 651/1343/72
f 651/1347/72 653/1348/71 655/1349/65 652/1350/68
f 639/1323/75 651/1347/72 652/1350/68 534/1324/73
f 653/1348/71 654/1351/64 656/1352/61 655/1349/65
f 653/1346/71 650/1345/67 676/493/63 654/1353/64
f 652/1099/68 655/1354/65 657/1355/66 533/1100/69
f 655/1354/65 656/1356/61 658/1357/62 657/1355/66
f 660/1358/63 659/1359/67 657/1360/66 658/1361/62
f 659/1359/67 530/1092/70 533/1095/69 657/1360/66
f 661/1362/71 659/1363/67 660/1364/63 662/1365/64
f 527/1089/72 530/1088/70 659/1363/67 661/1362/71
f 661/1366/71 662/1367/64 509/1368/61 663/1369/65
f 527/1082/72 661/1366/71 663/1369/65 524/1083/68
f 524/1079/68 663/1043/65 508/1046/66 518/1080/69
f 662/1367/64 664/1370/58 506/1371/56 509/1368/61
f 662/1372/64 660/1373/63 666/1374/60 664/1375/58
f 664/1370/58 665/1376/55 504/1377/53 506/1371/56
f 664/1375/58 666/1374/60 667/1378/59 665/1379/55
f 667/1380/59 666/1381/60 668/1382/57 669/1383/54
f 666/1381/60 660/1358/63 658/1361/62 668/1382/57
f 656/1384/61 670/1385/56 668/1386/57 658/1387/62
f 670/1385/56 671/1388/53 669/1389/54 668/1386/57
f 672/1390/58 673/1391/55 671/1392/53 670/1393/56
f 654/1351/64 672/1390/58 670/1393/56 656/1352/61
f 672/1394/58 674/1395/60 675/1396/59 673/1397/55
f 654/1398/64 676/1399/63 674/1395/60 672/1394/58
f 675/1400/59 674/1401/60 677/1402/57 678/1403/54
f 674/1401/60 676/1404/63 680/1405/62 677/1402/57
f 679/1406/56 713/1407/53 678/1408/54 677/1409/57
f 681/1410/61 679/1406/56 677/1409/57 680/1411/62
f 682/1339/65 681/1412/61 680/1413/62 648/1340/66
f 676/1404/63 650/1341/67 648/1342/66 680/1405/62
f 683/1414/64 684/1415/58 679/1416/56 681/1417/61
f 685/1418/71 683/1414/64 681/1417/61 682/1419/65
f 683/1420/64 686/1421/63 687/1422/60 684/1423/58
f 685/1424/71 688/1425/67 686/1426/63 683/1427/64
f 687/1428/60 686/1429/63 689/1430/62 691/1431/57
f 686/1429/63 688/1432/67 690/1433/66 689/1430/62
f 693/1434/65 692/1435/61 689/1436/62 690/1437/66
f 692/1438/61 694/1439/56 691/1440/57 689/1441/62
f 697/1442/71 695/1443/64 692/1444/61 693/1445/65
f 695/1443/64 696/1446/58 694/1447/56 692/1444/61
f 695/1448/64 698/1449/61 700/1450/56 696/1451/58
f 697/1452/71 699/1453/65 698/1454/61 695/1455/64
f 696/1451/58 700/1450/56 701/1456/53 703/1457/55
f 703/1457/55 701/1456/53 702/1458/30 704/1459/31
f 703/1460/55 704/1461/31 706/1462/30 705/1463/53
f 696/1446/58 703/1460/55 705/1463/53 694/1447/56
f 694/1439/56 705/1464/53 707/1465/54 691/1440/57
f 705/1464/53 706/1466/30 708/1467/9 707/1465/54
f 710/1468/10 709/1469/59 707/1470/54 708/1471/9
f 709/1469/59 687/1428/60 691/1431/57 707/1470/54
f 711/1472/55 709/1473/59 710/1474/10 712/1475/31
f 684/1423/58 687/1422/60 709/1473/59 711/1472/55
f 711/1476/55 712/1477/31 714/1478/30 713/1479/53
f 684/1415/58 711/1476/55 713/1479/53 679/1416/56
f 713/1407/53 714/1480/30 716/1481/9 678/1408/54
f 712/1477/31 756/1482/28 715/1483/29 714/1478/30
f 714/1480/30 715/1484/29 717/1485/1 716/1481/9
f 719/1486/2 718/1487/10 716/1488/9 717/1489/1
f 718/1487/10 675/1400/59 678/1403/54 716/1488/9
f 720/1490/31 718/1491/10 719/1492/2 721/1493/28
f 673/1397/55 675/1396/59 718/1491/10 720/1490/31
f 720/1494/31 721/1495/28 724/1496/29 722/1497/30
f 673/1391/55 720/1494/31 722/1497/30 671/1392/53
f 671/1388/53 722/1498/30 723/1499/9 669/1389/54
f 722/1498/30 724/1500/29 725/1501/1 723/1499/9
f 724/1500/29 726/1502/27 728/1503/4 725/1501/1
f 721/1495/28 727/1504/26 726/1505/27 724/1496/29
f 727/1504/26 730/1506/25 729/1507/22 726/1505/27
f 726/1502/27 729/1508/22 731/1509/12 728/1503/4
f 730/1506/25 733/1510/23 732/1511/19 729/1507/22
f 729/1508/22 732/1512/19 734/1513/14 731/1509/12
f 733/1510/23 738/1514/24 735/1515/20 732/1511/19
f 732/1512/19 735/1516/20 736/1517/16 734/1513/14
f 735/1518/20 737/1519/21 860/1520/18 736/1521/16
f 738/1514/24 739/1522/32 737/1523/21 735/1515/20
f 738/1524/24 740/1525/15 741/1526/17 739/1527/32
f 733/1528/23 742/1529/13 740/1530/15 738/1531/24
f 741/1532/17 740/1533/15 743/1534/16 745/1535/18
f 740/1533/15 742/1536/13 746/1537/14 743/1534/16
f 747/1538/19 744/1539/20 743/1540/16 746/1541/14
f 744/1542/20 1042/1543/21 745/1544/18 743/1545/16
f 742/1536/13 749/1546/11 748/1547/12 746/1537/14
f 750/1548/22 747/1538/19 746/1541/14 748/1549/12
f 749/1546/11 752/1550/3 751/1551/4 748/1547/12
f 753/1552/27 750/1548/22 748/1549/12 751/1553/4
f 752/1550/3 719/1486/2 717/1489/1 751/1551/4
f 715/1484/29 753/1552/27 751/1553/4 717/1485/1
f 754/1554/26 755/1555/25 750/1556/22 753/1557/27
f 756/1482/28 754/1554/26 753/1557/27 715/1483/29
f 754/1558/26 757/1559/3 759/1560/11 755/1561/25
f 756/1562/28 760/1563/2 757/1559/3 754/1558/26
f 759/1564/11 757/1565/3 758/1566/4 768/1567/12
f 757/1565/3 760/1568/2 761/1569/1 758/1566/4
f 760/1568/2 710/1468/10 708/1471/9 761/1569/1
f 712/1475/31 710/1474/10 760/1563/2 756/1562/28
f 706/1466/30 762/1570/29 761/1571/1 708/1467/9
f 762/1570/29 764/1572/27 758/1573/4 761/1571/1
f 704/1461/31 763/1574/28 762/1575/29 706/1462/30
f 763/1574/28 765/1576/26 764/1577/27 762/1575/29
f 765/1576/26 767/1578/25 766/1579/22 764/1577/27
f 764/1572/27 766/1580/22 768/1581/12 758/1573/4
f 767/1578/25 770/1582/23 769/1583/19 766/1579/22
f 766/1580/22 769/1584/19 771/1585/14 768/1581/12
f 770/1582/23 773/1586/24 772/1587/20 769/1583/19
f 769/1584/19 772/1588/20 774/1589/16 771/1585/14
f 773/1586/24 778/1590/32 775/1591/21 772/1587/20
f 772/1592/20 775/1593/21 776/1594/18 774/1595/16
f 775/1593/21 777/1596/33 1049/1597/34 776/1594/18
f 778/1590/32 779/1598/39 777/1599/33 775/1591/21
f 778/1600/32 780/1601/21 782/1602/33 779/1603/39
f 773/1604/24 781/1605/20 780/1601/21 778/1600/32
f 779/1603/39 782/1602/33 783/1606/36 785/1607/40
f 785/1607/40 783/1606/36 784/1608/41 786/1609/43
f 785/1610/40 786/1611/43 789/1612/41 787/1613/36
f 779/1598/39 785/1610/40 787/1613/36 777/1599/33
f 777/1596/33 787/1614/36 788/1615/37 1049/1597/34
f 787/1614/36 789/1616/41 790/150/42 788/1615/37
f 789/1616/41 791/1617/45 793/148/46 790/150/42
f 786/1611/43 792/1618/44 791/1619/45 789/1612/41
f 792/1618/44 797/1620/49 794/1621/47 791/1619/45
f 791/1617/45 794/1622/47 795/1623/48 793/148/46
f 794/1622/47 796/1624/130 809/1625/131 795/1623/48
f 797/1620/49 798/1626/129 796/1627/130 794/1621/47
f 797/1628/49 799/1629/47 801/1630/130 798/1631/129
f 792/1632/44 800/1633/45 799/1629/47 797/1628/49
f 798/1631/129 801/1630/130 802/1634/126 804/1635/128
f 804/1635/128 802/1634/126 803/1636/121 805/1637/127
f 804/1638/128 805/1639/127 807/1640/121 806/1641/126
f 798/1626/129 804/1638/128 806/1641/126 796/1627/130
f 806/1642/126 807/1643/121 810/1644/122 808/1645/125
f 796/1624/130 806/1642/126 808/1645/125 809/1625/131
f 811/1646/124 813/1647/132 809/1648/131 808/1649/125
f 812/1650/123 811/1646/124 808/1649/125 810/1651/122
f 814/1652/128 811/1653/124 812/1654/123 815/1655/127
f 816/1656/129 813/1657/132 811/1653/124 814/1652/128
f 814/1658/128 815/1659/127 819/1660/121 817/1661/126
f 816/1662/129 814/1658/128 817/1661/126 818/1663/130
f 818/1664/130 817/1665/126 820/1666/125 822/1667/131
f 817/1665/126 819/1518/121 821/1668/122 820/1666/125
f 824/1669/123 823/1670/124 820/1671/125 821/1672/122
f 823/1670/124 825/1673/132 822/1674/131 820/1671/125
f 826/1675/128 823/1676/124 824/187/123 827/186/127
f 828/1677/129 825/1678/132 823/1676/124 826/1675/128
f 826/1679/128 827/1680/127 831/1681/121 829/1682/126
f 828/1683/129 826/1679/128 829/1682/126 832/1684/130
f 832/1685/130 829/1686/126 830/1687/125 833/1688/131
f 829/1686/126 831/1542/121 936/1689/122 830/1687/125
f 834/1690/47 832/1685/130 833/1688/131 835/1691/48
f 836/1692/49 828/1683/129 832/1684/130 834/1693/47
f 837/1694/45 834/1690/47 835/1691/48 839/1695/46
f 838/1696/44 836/1692/49 834/1693/47 837/1697/45
f 843/1698/43 838/1696/44 837/1697/45 840/1699/41
f 840/1700/41 837/1694/45 839/1695/46 841/1701/42
f 842/1702/36 840/1700/41 841/1701/42 859/1703/37
f 844/1704/40 843/1698/43 840/1699/41 842/1705/36
f 843/1706/43 845/1707/52 846/1708/50 838/1709/44
f 844/1710/40 847/1711/38 845/1707/52 843/1706/43
f 846/1712/50 845/546/52 848/1713/42 850/1714/46
f 845/546/52 847/556/38 851/1715/37 848/1713/42
f 852/1716/36 849/1717/41 848/1718/42 851/1719/37
f 849/1717/41 1058/1720/45 850/1721/46 848/1718/42
f 854/1722/33 852/1716/36 851/1719/37 853/1723/34
f 847/556/38 855/1724/35 853/1725/34 851/1715/37
f 1042/1543/21 854/1722/33 853/1723/34 745/1544/18
f 855/1724/35 741/1532/17 745/1535/18 853/1725/34
f 856/1726/39 855/1727/35 847/1711/38 844/1710/40
f 739/1527/32 741/1526/17 855/1727/35 856/1726/39
f 856/1728/39 844/1704/40 842/1705/36 857/1729/33
f 739/1522/32 856/1728/39 857/1729/33 737/1523/21
f 737/1519/21 857/1730/33 858/1731/34 860/1520/18
f 857/1730/33 842/1702/36 859/1703/37 858/1731/34
f 862/1732/38 861/1733/35 858/1734/34 859/1735/37
f 861/1733/35 863/1736/17 860/1737/18 858/1734/34
f 864/1738/39 861/1739/35 862/1740/38 865/1741/40
f 866/1742/32 863/1743/17 861/1739/35 864/1738/39
f 864/1744/39 865/1745/40 869/1746/36 867/1747/33
f 866/1748/32 864/1744/39 867/1747/33 870/1749/21
f 870/982/21 867/1750/33 868/1751/34 475/983/18
f 867/1750/33 869/1752/36 871/1753/37 868/1751/34
f 1029/1754/24 866/1748/32 870/1749/21 474/1755/20
f 869/1752/36 872/1756/41 873/1695/42 871/1753/37
f 865/1745/40 875/1757/43 872/1758/41 869/1746/36
f 872/1756/41 874/1759/45 905/1701/46 873/1695/42
f 875/1757/43 876/1760/44 874/1761/45 872/1758/41
f 875/1762/43 877/1763/52 878/1764/50 876/1765/44
f 865/1741/40 862/1740/38 877/1763/52 875/1762/43
f 878/1766/50 877/1767/52 841/1768/42 839/1769/46
f 877/1767/52 862/1732/38 859/1735/37 841/1768/42
f 879/1770/51 878/1766/50 839/1769/46 835/1771/48
f 876/1765/44 878/1764/50 879/1772/51 881/1773/49
f 880/1774/132 879/1770/51 835/1771/48 833/1775/131
f 881/1773/49 879/1772/51 880/1776/132 883/1777/129
f 881/1778/49 883/1779/129 885/1780/130 882/1781/47
f 876/1760/44 881/1778/49 882/1781/47 874/1761/45
f 883/1779/129 884/1782/128 886/1783/126 885/1780/130
f 883/1777/129 880/1776/132 1028/1784/124 884/1785/128
f 885/1786/130 886/1787/126 889/1788/125 887/1789/131
f 882/1790/47 885/1786/130 887/1789/131 888/1791/48
f 890/1792/132 892/1793/51 888/1794/48 887/1795/131
f 891/1796/124 890/1792/132 887/1795/131 889/1797/125
f 893/1798/129 890/1799/132 891/1800/124 894/1801/128
f 895/1802/49 892/1803/51 890/1799/132 893/1798/129
f 893/1804/129 894/1805/128 897/1806/126 896/1807/130
f 895/1808/49 893/1804/129 896/1807/130 899/1809/47
f 896/1810/130 897/618/126 301/620/125 898/1811/131
f 899/1812/47 896/1810/130 898/1811/131 900/1813/48
f 901/884/45 899/1812/47 900/1813/48 430/885/46
f 902/1814/44 895/1808/49 899/1809/47 901/1815/45
f 903/1816/43 902/1814/44 901/1815/45 429/1817/41
f 902/1818/44 904/1819/50 892/1803/51 895/1802/49
f 903/1820/43 906/1821/52 904/1819/50 902/1818/44
f 892/1793/51 904/1822/50 905/1823/46 888/1794/48
f 904/1822/50 906/1824/52 873/1825/42 905/1823/46
f 906/1824/52 907/1826/38 871/1827/37 873/1825/42
f 909/1828/40 907/1829/38 906/1821/52 903/1820/43
f 907/1826/38 908/1830/35 868/1831/34 871/1827/37
f 910/1832/39 908/1833/35 907/1829/38 909/1828/40
f 909/1834/40 903/1816/43 429/1817/41 432/1835/36
f 910/1836/39 909/1834/40 432/1835/36 434/1837/33
f 468/958/32 910/1836/39 434/1837/33 466/959/21
f 468/966/32 471/965/17 908/1833/35 910/1832/39
f 908/1830/35 471/971/17 475/974/18 868/1831/34
f 874/1759/45 882/1790/47 888/1791/48 905/1701/46
f 912/1838/132 911/1839/51 900/1840/48 898/1841/131
f 911/1839/51 426/874/50 430/877/46 900/1840/48
f 913/1842/49 911/1843/51 912/1844/132 914/1845/129
f 421/871/44 426/870/50 911/1843/51 913/1842/49
f 913/861/49 914/1846/129 915/1847/130 420/862/47
f 914/1846/129 306/629/128 308/630/126 915/1847/130
f 914/1845/129 912/1844/132 304/624/124 306/623/128
f 420/858/47 915/1848/130 916/1849/131 415/859/48
f 915/1848/130 308/631/126 310/634/125 916/1849/131
f 313/639/124 416/851/132 916/854/131 310/640/125
f 304/616/124 912/1838/132 898/1841/131 301/617/125
f 894/1805/128 917/1850/127 302/1851/121 897/1806/126
f 894/1801/128 891/1800/124 919/1852/123 917/1853/127
f 917/1850/127 918/1854/120 299/1855/119 302/1851/121
f 917/1856/127 919/1857/123 920/1858/117 918/1859/120
f 920/1860/117 919/1861/123 921/1862/122 923/1863/118
f 919/1861/123 891/1796/124 889/1797/125 921/1862/122
f 886/1787/126 922/1864/121 921/1865/122 889/1788/125
f 922/1866/121 925/1867/119 923/1868/118 921/1869/122
f 967/1870/112 920/1860/117 923/1863/118 924/1871/113
f 925/1867/119 926/1872/115 924/1873/113 923/1868/118
f 927/1874/120 928/1875/114 926/1876/115 925/1877/119
f 929/1878/127 927/1874/120 925/1877/119 922/1879/121
f 927/1880/120 930/1881/117 931/1882/112 928/1883/114
f 929/1884/127 932/1885/123 930/1881/117 927/1880/120
f 931/1886/112 930/1887/117 933/1888/118 934/1889/113
f 930/1887/117 932/1890/123 936/1891/122 933/1888/118
f 935/1892/119 937/1893/115 934/1894/113 933/1895/118
f 831/1896/121 935/1892/119 933/1895/118 936/1897/122
f 932/1890/123 1028/1898/124 830/1899/125 936/1891/122
f 827/1680/127 938/1900/120 935/1901/119 831/1681/121
f 938/1900/120 939/1902/114 937/1903/115 935/1901/119
f 938/1904/120 940/1905/117 941/1906/112 939/1907/114
f 827/1908/127 824/1909/123 940/1905/117 938/1904/120
f 941/1063/112 940/1910/117 942/1911/118 944/1912/113
f 940/1910/117 824/1669/123 821/1672/122 942/1911/118
f 819/1913/121 943/1914/119 942/1915/118 821/1916/122
f 943/1914/119 945/1917/115 944/1918/113 942/1915/118
f 945/1917/115 948/1919/116 946/1920/110 944/1918/113
f 949/1921/109 941/1063/112 944/1912/113 946/1922/110
f 948/1919/116 1001/1923/104 947/1924/105 946/1920/110
f 950/1925/108 949/1921/109 946/1922/110 947/1926/105
f 951/1927/111 949/1928/109 950/1929/108 952/1930/106
f 939/1907/114 941/1906/112 949/1928/109 951/1927/111
f 951/1931/111 952/1932/106 954/1933/104 953/1934/116
f 939/1902/114 951/1931/111 953/1934/116 937/1903/115
f 953/1935/116 954/1936/104 956/1937/105 955/1938/110
f 937/1893/115 953/1935/116 955/1938/110 934/1894/113
f 957/1939/109 931/1886/112 934/1889/113 955/1940/110
f 958/1941/108 957/1939/109 955/1940/110 956/1942/105
f 959/1943/111 957/1944/109 958/1945/108 960/1946/106
f 928/1883/114 931/1882/112 957/1944/109 959/1943/111
f 959/1947/111 960/1948/106 962/1949/104 961/1950/116
f 928/1875/114 959/1947/111 961/1950/116 926/1876/115
f 926/1872/115 961/1951/116 963/1952/110 924/1873/113
f 961/1951/116 962/1953/104 964/1954/105 963/1952/110
f 966/1955/108 965/1956/109 963/1957/110 964/1958/105
f 965/1956/109 967/1870/112 924/1871/113 963/1957/110
f 968/1959/111 965/1960/109 966/1961/108 969/1962/106
f 970/1963/114 967/1964/112 965/1960/109 968/1959/111
f 968/1965/111 969/1966/106 972/1967/104 971/1968/116
f 970/1969/114 968/1965/111 971/1968/116 296/1970/115
f 971/610/116 972/1971/104 974/1972/105 297/611/110
f 972/1971/104 973/1973/101 975/1974/102 974/1972/105
f 969/1966/106 983/1975/103 973/1976/101 972/1967/104
f 976/1977/108 293/600/109 297/603/110 974/1978/105
f 977/1979/107 976/1977/108 974/1978/105 975/1980/102
f 978/1981/106 976/1982/108 977/1983/107 980/1984/103
f 290/597/111 293/596/109 976/1982/108 978/1981/106
f 978/1985/106 980/1986/103 981/1987/101 979/1988/104
f 290/589/111 978/1985/106 979/1988/104 284/590/116
f 980/1986/103 255/524/100 257/525/96 981/1987/101
f 980/1984/103 977/1983/107 253/521/98 255/520/100
f 979/582/104 981/1989/101 277/1990/102 279/583/105
f 981/1989/101 257/526/96 259/529/97 277/1990/102
f 253/514/98 977/1979/107 975/1980/102 250/515/97
f 973/1973/101 982/512/96 250/513/97 975/1974/102
f 983/1975/103 984/1991/100 982/1992/96 973/1976/101
f 983/1993/103 985/1994/107 987/1995/98 984/1996/100
f 969/1962/106 966/1961/108 985/1994/107 983/1993/103
f 987/1997/98 985/1998/107 986/1999/102 988/2000/97
f 985/1998/107 966/1955/108 964/1958/105 986/1999/102
f 570/1171/95 987/1997/98 988/2000/97 572/1172/94
f 984/1996/100 987/1995/98 570/1166/95 568/1165/99
f 990/2001/101 989/2002/96 988/2003/97 986/2004/102
f 989/2002/96 574/1173/93 572/1176/94 988/2003/97
f 992/316/103 991/320/100 989/2005/96 990/2006/101
f 991/320/100 576/1181/99 574/1182/93 989/2005/96
f 991/2007/100 993/2008/98 578/1186/95 576/1185/99
f 992/2009/103 994/2010/107 993/2008/98 991/2007/100
f 993/1201/98 994/2011/107 995/2012/102 582/1202/97
f 994/2011/107 958/1941/108 956/1942/105 995/2012/102
f 960/1946/106 958/1945/108 994/2010/107 992/2009/103
f 996/2013/101 584/1199/96 582/1200/97 995/2014/102
f 954/1936/104 996/2013/101 995/2014/102 956/1937/105
f 952/1932/106 997/2015/103 996/2016/101 954/1933/104
f 997/2015/103 587/1207/100 584/1208/96 996/2016/101
f 997/2017/103 998/2018/107 590/1214/98 587/1213/100
f 952/1930/106 950/1929/108 998/2018/107 997/2017/103
f 590/1219/98 998/2019/107 999/2020/102 592/1220/97
f 998/2019/107 950/1925/108 947/1926/105 999/2020/102
f 1001/1923/104 1000/2021/101 999/2022/102 947/1924/105
f 1000/2021/101 596/1221/96 592/1224/97 999/2022/102
f 1002/2023/103 599/1231/100 596/1232/96 1000/2024/101
f 1003/2025/106 1002/2023/103 1000/2024/101 1001/2026/104
f 1002/2027/103 1004/2028/107 602/1238/98 599/1237/100
f 1003/2029/106 1005/2030/108 1004/2028/107 1002/2027/103
f 1004/1253/107 1005/2031/108 1007/2032/105 607/1254/102
f 1005/2031/108 1006/2033/109 1009/2034/110 1007/2032/105
f 1027/2035/111 1006/2036/109 1005/2030/108 1003/2029/106
f 1008/2037/104 609/1251/101 607/1252/102 1007/2038/105
f 1011/2039/116 1008/2037/104 1007/2038/105 1009/2040/110
f 1006/2033/109 1024/2041/112 1010/2042/113 1009/2034/110
f 1012/2043/115 1011/2039/116 1009/2040/110 1010/2044/113
f 1013/2045/111 1014/2046/106 1008/2047/104 1011/2048/116
f 1015/2049/114 1013/2045/111 1011/2048/116 1012/2050/115
f 1013/2051/111 1016/2052/116 1018/2053/104 1014/2054/106
f 1015/2055/114 1017/2056/115 1016/2052/116 1013/2051/111
f 1014/2054/106 1018/2053/104 614/1264/101 612/1263/103
f 1020/2057/120 1019/2058/119 1017/2056/115 1015/2055/114
f 805/2059/127 803/2060/121 1019/2058/119 1020/2057/120
f 1020/2061/120 1015/2049/114 1012/2050/115 1021/2062/119
f 805/1639/127 1020/2061/120 1021/2062/119 807/1640/121
f 807/2063/121 1021/2064/119 1022/2065/118 810/2066/122
f 1021/2064/119 1012/2043/115 1010/2044/113 1022/2065/118
f 1024/2041/112 1023/2067/117 1022/2068/118 1010/2042/113
f 1023/2067/117 812/1650/123 810/1651/122 1022/2068/118
f 1025/2069/120 1023/2070/117 1024/2071/112 1026/2072/114
f 815/2073/127 812/2074/123 1023/2070/117 1025/2069/120
f 1025/2075/120 1026/2076/114 945/2077/115 943/2078/119
f 815/1659/127 1025/2075/120 943/2078/119 819/1660/121
f 1026/2076/114 1027/2079/111 948/2080/116 945/2077/115
f 1026/2072/114 1024/2071/112 1006/2036/109 1027/2035/111
f 1027/2079/111 1003/2025/106 1001/2026/104 948/2080/116
f 1014/2046/106 612/1257/103 609/1258/101 1008/2047/104
f 960/1948/106 992/316/103 990/2006/101 962/1949/104
f 962/1953/104 990/2001/101 986/2004/102 964/1954/105
f 984/1991/100 568/1163/99 251/1164/93 982/1992/96
f 918/1854/120 970/1969/114 296/1970/115 299/1855/119
f 918/1859/120 920/1858/117 967/1964/112 970/1963/114
f 884/1785/128 1028/1784/124 932/2081/123 929/2082/127
f 1028/1898/124 880/1774/132 833/1775/131 830/1899/125
f 884/1782/128 929/1878/127 922/1879/121 886/1783/126
f 1029/2083/24 1031/1654/15 863/1743/17 866/1742/32
f 1030/2084/23 1029/1754/24 474/1755/20 477/2085/19
f 1030/2086/23 1032/2087/13 1031/2088/15 1029/2089/24
f 863/1736/17 1031/2090/15 736/2091/16 860/1737/18
f 1031/2090/15 1032/2092/13 734/2093/14 736/2091/16
f 1032/2092/13 1033/2094/11 731/2095/12 734/2093/14
f 1035/2096/25 1033/2097/11 1032/2087/13 1030/2086/23
f 1033/2094/11 1034/2098/3 728/2099/4 731/2095/12
f 1036/2100/26 1034/2101/3 1033/2097/11 1035/2096/25
f 1035/2102/25 1030/2084/23 477/2085/19 480/2103/22
f 1036/2104/26 1035/2102/25 480/2103/22 483/2105/27
f 1037/2106/28 1036/2104/26 483/2105/27 485/2107/29
f 1037/2108/28 1039/2109/2 1034/2101/3 1036/2100/26
f 1038/2110/31 1037/2106/28 485/2107/29 1041/2111/30
f 1038/2112/31 1040/2113/10 1039/2109/2 1037/2108/28
f 1039/2114/2 1040/2115/10 723/2116/9 725/2117/1
f 1034/2098/3 1039/2114/2 725/2117/1 728/2099/4
f 1040/2115/10 667/1380/59 669/1383/54 723/2116/9
f 665/1379/55 667/1378/59 1040/2113/10 1038/2112/31
f 665/1376/55 1038/2110/31 1041/2111/30 504/1377/53
f 1043/2118/39 1044/2119/40 852/2120/36 854/2121/33
f 1045/2122/32 1043/2118/39 854/2121/33 1042/2123/21
f 1043/2124/39 1046/2125/35 1047/2126/38 1044/2127/40
f 1045/2128/32 1048/2129/17 1046/2125/35 1043/2124/39
f 1047/2130/38 1046/2131/35 1049/2132/34 788/2133/37
f 1046/2131/35 1048/2134/17 776/2135/18 1049/2132/34
f 1048/2134/17 1050/2136/15 774/2137/16 776/2135/18
f 1052/2138/24 1050/2139/15 1048/2129/17 1045/2128/32
f 1050/2136/15 1051/2140/13 771/2141/14 774/2137/16
f 1053/2142/23 1051/2143/13 1050/2144/15 1052/2145/24
f 1052/2146/24 1045/2122/32 1042/2123/21 744/2147/20
f 1053/2148/23 1052/2146/24 744/2147/20 747/2149/19
f 755/1555/25 1053/2148/23 747/2149/19 750/1556/22
f 755/1561/25 759/1560/11 1051/2143/13 1053/2142/23
f 1051/2140/13 759/1564/11 768/1567/12 771/2141/14
f 1054/2150/52 1047/2130/38 788/2133/37 790/2151/42
f 1044/2127/40 1047/2126/38 1054/2152/52 1056/2153/43
f 1055/2154/50 1054/2150/52 790/2151/42 793/2155/46
f 1056/2153/43 1054/2152/52 1055/2156/50 1057/139/44
f 1056/2157/43 1057/2158/44 1058/2159/45 849/2160/41
f 1044/2119/40 1056/2157/43 849/2160/41 852/2120/36
f 1057/2158/44 1059/2161/49 1060/2162/47 1058/2159/45
f 1057/139/44 1055/2156/50 1061/2163/51 1059/2164/49
f 1059/2161/49 816/1662/129 818/1663/130 1060/2162/47
f 1059/2164/49 1061/2163/51 813/1657/132 816/1656/129
f 813/1647/132 1061/2165/51 795/2166/48 809/1648/131
f 1061/2165/51 1055/2154/50 793/2155/46 795/2166/48
f 1058/1720/45 1060/2167/47 1062/2168/48 850/1721/46
f 1060/2167/47 818/1664/130 822/1667/131 1062/2168/48
f 825/1673/132 1063/2169/51 1062/2170/48 822/1674/131
f 1063/2169/51 846/1712/50 850/1714/46 1062/2170/48
f 836/2171/49 1063/2172/51 825/1678/132 828/1677/129
f 838/1709/44 846/1708/50 1063/2172/51 836/2171/49
f 786/1609/43 784/1608/41 800/1633/45 792/1632/44
f 770/2173/23 1064/2174/19 781/805/20 773/2175/24
f 767/2176/25 1065/2177/22 1064/2174/19 770/2173/23
f 765/2178/26 1066/2179/27 1065/2177/22 767/2176/25
f 763/2180/28 1067/2181/29 1066/2179/27 765/2178/26
f 704/1459/31 702/1458/30 1067/2181/29 763/2180/28
f 727/2182/26 752/2183/3 749/2184/11 730/2185/25
f 721/1493/28 719/1492/2 752/2183/3 727/2182/26
f 730/2185/25 749/2184/11 742/1529/13 733/1528/23
f 1070/2186/72 1068/2187/68 699/1453/65 697/1452/71
f 1072/2188/75 1069/2189/73 1068/2187/68 1070/2186/72
f 1070/2190/72 697/1442/71 693/1445/65 1071/2191/68
f 1072/2192/75 1070/2190/72 1071/2191/68 1074/2193/73
f 1073/2194/79 1072/2192/75 1074/2193/73 1076/2195/77
f 1073/2196/79 1086/2197/77 1069/2189/73 1072/2188/75
f 1076/2198/77 1074/2199/73 1075/2200/74 1077/2201/78
f 1074/2199/73 1071/2202/68 1084/2203/69 1075/2200/74
f 622/1283/86 1076/2198/77 1077/2201/78 624/1284/81
f 1085/1281/87 1073/2194/79 1076/2195/77 622/1282/86
f 1079/2204/76 1078/2205/80 1077/2206/78 1075/2207/74
f 1078/2205/80 626/1287/82 624/1288/81 1077/2206/78
f 1080/2208/79 1078/2209/80 1079/2210/76 1081/2211/75
f 628/1292/87 626/1291/82 1078/2209/80 1080/2208/79
f 1080/2212/79 1081/2213/75 645/2214/73 643/2215/77
f 628/1296/87 1080/2212/79 643/2215/77 630/1297/86
f 1081/2213/75 1082/2216/72 647/2217/68 645/2214/73
f 1081/2211/75 1079/2210/76 1083/2218/70 1082/2219/72
f 1082/2216/72 685/1418/71 682/1419/65 647/2217/68
f 1082/2219/72 1083/2218/70 688/1425/67 685/1424/71
f 688/1432/67 1083/2220/70 1084/2221/69 690/1433/66
f 1083/2220/70 1079/2204/76 1075/2207/74 1084/2221/69
f 1071/2202/68 693/1434/65 690/1437/66 1084/2203/69
f 1085/2222/87 1087/2223/86 1086/2197/77 1073/2196/79
f 619/1272/88 617/1271/85 1087/2223/86 1085/2222/87
f 128/265/55 131/264/59 455/931/10 453/930/31
f 128/257/55 453/928/31 451/929/30 121/258/53
f 104/210/2 118/240/10 122/243/9 450/211/1
f 412/848/129 416/847/132 313/646/124 316/645/128
f 264/543/92 227/454/88 223/457/85 268/544/91
f 264/2224/92 261/2225/89 230/465/84 227/464/88
f 224/452/77 159/328/73 161/329/74 221/453/78
f 164/336/76 217/442/80 221/445/78 161/337/74
f 214/439/79 217/438/80 164/343/76 167/342/75
f 153/317/64 116/234/58 114/235/56 157/318/61
f 153/2226/64 150/2227/63 119/239/60 116/238/58
f 106/223/27 1088/2228/22 38/2229/12 36/224/4
f 1088/2228/22 96/93/19 40/96/14 38/2229/12
f 1361/2230/135 1359/2231/136 1480/2232/137 1481/2233/138
f 1359/2231/136 1355/2234/139 1478/2235/140 1480/2232/137
f 1355/2236/139 1358/2237/141 1479/2238/142 1478/2239/140
f 1304/2240/143 1305/2241/144 1165/2242/145 1164/2243/146
f 1308/2244/147 1285/2245/148 1155/2246/149 1166/2247/150
f 1305/2241/144 1308/2244/147 1166/2247/150 1165/2242/145
f 1339/2248/151 1337/2249/152 1181/2250/153 1182/2251/154
f 1337/2249/152 1313/2260/160 1169/2261/161 1181/2250/153
f 1292/2272/171 1294/2273/172 1159/2274/173 1158/2275/174
f 1290/2282/180 1292/2283/171 1158/2284/174 1157/2285/181
f 1332/2290/184 1333/2291/185 1179/2292/186 1178/2293/187
f 1288/2294/188 1290/2282/180 1157/2285/181 1156/2295/189
f 1336/2300/190 1311/2301/191 1168/2302/192 1180/2303/193
f 1284/2304/194 1288/2294/188 1156/2295/189 1154/2305/195
f 1333/2291/185 1336/2310/190 1180/2311/193 1179/2292/186
f 2861/2334/214 2859/2335/215 2774/2336/216 2775/2337/217
f 1383/2342/221 1381/2343/222 1491/2344/223 1492/2345/224
f 1353/2353/227 1351/2354/228 1476/2355/229 1477/2356/230
f 1381/2343/222 1379/2365/237 1490/2366/238 1491/2344/223
f 1250/2367/239 1245/2368/240 2823/2369/241 2834/2370/242
f 1379/2365/237 1375/2375/247 1488/2376/248 1490/2366/238
f 1351/2377/228 1349/2378/249 1475/2379/250 1476/2380/229
f 1285/2245/148 1281/2389/257 1153/2390/258 1155/2246/149
f 1375/2375/247 1378/2391/259 1489/2392/260 1488/2376/248
f 1349/2378/249 1345/2393/261 1473/2394/262 1475/2379/250
f 1281/2389/257 1284/2304/194 1154/2305/195 1153/2390/258
f 1345/2393/261 1348/2403/269 1474/2404/270 1473/2394/262
f 1270/2411/275 1272/2412/276 2837/2413/277 2826/2414/278
f 1392/2423/285 1383/2424/221 1492/2425/224 1496/2426/286
f 1121/2437/205 1122/2438/205 1124/2439/205 1125/2440/205 1126/2441/205 1127/2442/205 1151/2443/205 1152/2444/205 1150/2445/205 1149/2446/205 1137/2447/205 1138/2350/205 1139/2349/205 1140/2448/205 1141/2449/205 1142/2362/205 1143/2361/205 1144/2450/205 1145/2451/205 1146/2408/205 1147/2407/205 1148/2452/205 1136/2453/205 1135/2454/205 1128/2323/205 1129/2322/205 1130/2455/205 1131/2456/205 1132/2457/205 1133/2458/205 1134/2459/205 1123/2460/205
f 1322/2461/293 1323/2462/294 1174/2463/295 1173/2464/296
f 1388/2469/301 1392/2423/285 1496/2426/286 1494/2470/302
f 1320/2475/307 1322/2461/293 1173/2464/296 1172/2476/308
f 1400/2477/309 1363/2478/310 1482/2479/311 1500/2480/312
f 1348/2403/269 1389/2487/315 1495/2488/316 1474/2404/270
f 1318/2497/322 1320/2498/307 1172/2499/308 1171/2500/323
f 1398/2501/324 1400/2477/309 1500/2480/312 1499/2502/325
f 1389/2487/315 1385/2503/326 1493/2504/327 1495/2488/316
f 1316/2511/332 1318/2497/322 1171/2500/323 1170/2512/333
f 1330/2513/334 1332/2290/184 1178/2293/187 1177/2514/335
f 1385/2503/326 1388/2469/301 1494/2470/302 1493/2504/327
f 1217/2517/338 1220/2518/339 2863/2519/340 2820/2520/341
f 1313/2260/160 1316/2511/332 1170/2512/333 1169/2261/161
f 1396/2521/342 1398/2501/324 1499/2502/325 1498/2522/343
f 1402/2528/347 1404/2529/348 1502/2530/349 1501/2531/350
f 1328/2532/351 1330/2513/334 1177/2514/335 1176/2533/352
f 1326/2538/354 1328/2532/351 1176/2533/352 1175/2539/355
f 1394/2544/357 1396/2521/342 1498/2522/343 1497/2545/358
f 1358/2237/141 1402/2528/347 1501/2531/350 1479/2238/142
f 1323/2462/294 1326/2538/354 1175/2539/355 1174/2463/295
f 1368/2554/361 1394/2544/357 1497/2545/358 1484/2555/362
f 1311/2301/191 1309/2562/369 1167/2563/370 1168/2302/192
f 1294/2273/172 1341/2568/375 1183/2569/376 1159/2274/173
f 1309/2562/369 1295/1265/133 1160/1266/134 1167/2563/370
f 1344/2574/381 1339/2248/151 1182/2251/154 1184/2575/382
f 1373/2578/385 1371/2579/386 1486/2580/387 1487/2581/388
f 1341/2568/375 1344/2574/381 1184/2575/382 1183/2569/376
f 1371/2579/386 1369/2588/394 1485/2589/395 1486/2580/387
f 1408/2590/396 1353/2353/227 1477/2356/230 1504/2591/397
f 1302/2592/398 1304/2593/143 1164/2594/146 1163/2595/399
f 1378/2391/259 1373/2578/385 1487/2581/388 1489/2392/260
f 1369/2588/394 1365/2598/402 1483/2599/403 1485/2589/395
f 1404/2529/348 1405/2600/404 1503/2601/405 1502/2530/349
f 1365/2598/402 1368/2603/361 1484/2604/362 1483/2599/403
f 1405/2600/404 1408/2590/396 1504/2591/397 1503/2601/405
f 1300/6/6 1302/2592/398 1163/2595/399 1162/7/7
f 1363/2478/310 1361/2230/135 1481/2233/138 1482/2479/311
f 182/2605/62 204/2606/57 1306/2607/407 1303/2608/408
f 780/2609/21 781/2610/20 1367/2611/409 1366/2612/410
f 2848/2613/411 2845/2614/412 2767/2615/413 2768/2616/414
f 3/2617/9 1/2618/1 1282/2619/415 1286/2620/416
f 402/2621/42 401/2622/46 1338/2623/417 1340/2624/418
f 2/2625/4 12/2626/12 1287/2627/419 1283/2628/420
f 179/2629/78 178/2630/74 1297/2631/421 1296/2632/422
f 340/2633/48 339/2634/131 1315/2635/423 1314/2636/424
f 700/2637/56 698/2638/61 1356/2639/364 1360/2640/425
f 389/2641/94 388/2642/90 1335/2643/426 1334/2644/427
f 372/2645/110 374/2646/105 1327/2647/428 1325/2648/429
f 388/2642/90 206/2649/83 1312/2650/430 1335/2643/426
f 801/2651/130 799/2652/47 1376/2653/431 1380/2654/225
f 699/2655/65 1068/2656/68 1401/2657/432 1357/2658/363
f 374/2646/105 375/2659/102 1329/2660/433 1327/2647/428
f 702/2661/30 701/2662/53 1362/2663/434 1364/2664/435
f 802/2665/126 801/2651/130 1380/2654/225 1382/2666/226
f 375/2659/102 376/2667/97 1331/2668/436 1329/2660/433
f 1086/2669/77 1087/2670/86 1407/2671/437 1406/2672/206
f 803/2673/121 802/2665/126 1382/2666/226 1384/2674/438
f 782/2675/33 780/2609/21 1366/2612/410 1370/2676/439
f 698/2638/61 699/2655/65 1357/2658/363 1356/2639/364
f 1067/2677/29 702/2661/30 1364/2664/435 1399/2678/400
f 376/2667/97 389/2641/94 1334/2644/427 1331/2668/436
f 781/2610/20 1064/2679/19 1393/2680/440 1367/2611/409
f 401/2622/46 340/2633/48 1314/2636/424 1338/2623/417
f 339/2634/131 341/2681/125 1317/2682/441 1315/2635/423
f 615/2683/93 613/2684/96 1346/2685/273 1350/2686/274
f 1019/2687/119 803/2673/121 1384/2674/438 1391/2688/442
f 799/2652/47 800/2689/45 1377/2690/443 1376/2653/431
f 784/2691/41 783/2692/36 1372/2693/444 1374/2694/445
f 341/2681/125 342/2695/122 1319/2696/446 1317/2682/441
f 614/2697/101 1018/2698/104 1390/2699/447 1347/2700/448
f 342/2695/122 343/2701/118 1321/2702/449 1319/2696/446
f 407/2703/37 402/2621/42 1340/2624/418 1343/2704/450
f 617/2705/85 616/2706/91 1352/2707/336 1354/2708/337
f 800/2689/45 784/2691/41 1374/2694/445 1377/2690/443
f 373/2709/113 372/2645/110 1325/2648/429 1324/2710/451
f 343/2701/118 373/2709/113 1324/2710/451 1321/2702/449
f 203/2711/54 3/2617/9 1286/2620/416 1307/2712/452
f 1087/2670/86 617/2705/85 1354/2708/337 1407/2671/437
f 13/2713/14 14/2714/16 1291/2715/453 1289/2716/454
f 1018/2698/104 1016/2717/116 1386/2718/236 1390/2699/447
f 14/2714/16 15/2719/18 1293/2720/455 1291/2715/453
f 1017/2721/115 1019/2687/119 1391/2688/442 1387/2722/456
f 616/2706/91 615/2683/93 1350/2686/274 1352/2707/336
f 15/2719/18 408/2723/34 1342/2724/457 1293/2720/455
f 206/2649/83 205/2725/81 1310/2726/458 1312/2650/430
f 783/2692/36 782/2675/33 1370/2676/439 1372/2693/444
f 701/2662/53 700/2637/56 1360/2640/425 1362/2663/434
f 12/2626/12 13/2713/14 1289/2716/454 1287/2627/419
f 1064/2679/19 1065/2727/22 1395/2728/406 1393/2680/440
f 204/2606/57 203/2711/54 1307/2712/452 1306/2607/407
f 1065/2727/22 1066/2729/27 1397/2730/459 1395/2728/406
f 1069/2731/73 1086/2669/77 1406/2672/206 1403/2732/207
f 1016/2717/116 1017/2721/115 1387/2722/456 1386/2718/236
f 1066/2729/27 1067/2677/29 1399/2678/400 1397/2730/459
f 613/2684/96 614/2697/101 1347/2700/448 1346/2685/273
f 178/2630/74 180/2733/69 1299/2734/460 1297/2631/421
f 408/2723/34 407/2703/37 1343/2704/450 1342/2724/457
f 1068/2656/68 1069/2731/73 1403/2732/207 1401/2657/432
f 180/2733/69 181/2735/66 1301/2736/461 1299/2734/460
f 205/2725/81 179/2629/78 1296/2632/422 1310/2726/458
f 181/2735/66 182/2605/62 1303/2608/408 1301/2736/461
f 2858/2789/477 2855/2790/478 2772/2791/479 2773/2792/480
f 2880/2793/481 2877/2794/482 2783/2795/483 2784/2796/484
f 2843/2801/489 2825/2802/490 2757/2803/491 2766/2804/492
f 2852/2805/493 2849/2806/494 2769/2807/495 2770/2808/496
f 2868/2809/497 2865/2810/498 2777/2811/499 2778/2812/500
f 2873/2817/503 2836/2818/504 2762/2819/505 2781/2820/506
f 2832/2821/507 2829/2822/508 2759/2823/509 2760/2824/510
f 1227/2825/511 1230/2826/512 2867/2827/513 2850/2828/514
f 2876/2829/515 2873/2817/503 2781/2820/506 2782/2830/516
f 2953/2831/248 2952/2832/260 2803/2833/517 2799/2834/518
f 2842/2835/519 2839/2836/520 2764/2837/521 2765/2838/522
f 1276/2839/523 1277/2840/524 2853/2841/525 2822/2842/526
f 2845/2614/412 2819/2843/527 2754/2844/528 2767/2615/413
f 2855/2790/478 2848/2613/411 2768/2616/414 2772/2791/479
f 2838/2845/529 2842/2835/519 2765/2838/522 2763/2846/530
f 1237/2847/531 1240/2848/532 2871/2849/533 2830/2850/534
f 1233/2851/535 1231/2852/536 2851/2853/537 2840/2854/538
f 2864/2855/539 2861/2334/214 2775/2337/217 2776/2856/540
f 2828/2861/543 2832/2821/507 2760/2824/510 2758/2862/544
f 1257/2863/545 1260/2864/546 2879/2865/547 2860/2866/548
f 2836/2818/504 2833/2867/549 2761/2868/550 2762/2819/505
f 2869/2873/553 2843/2801/489 2766/2804/492 2779/2874/554
f 2833/2867/549 2824/2875/555 2756/2876/556 2761/2868/550
f 2865/2810/498 2821/2877/557 2755/2878/558 2777/2811/499
f 1176/2533/352 1177/2514/335 1540/2879/559 1568/2880/560
f 1161/8/8 1162/7/7 1538/2881/561 1567/2882/562
f 1175/2539/355 1176/2533/352 1568/2880/560 1566/2883/563
f 1160/1266/134 1161/8/8 1567/2882/562 1550/2884/564
f 1174/2463/295 1175/2539/355 1566/2883/563 1548/2885/565
f 1158/2275/174 1159/2274/173 1565/2886/566 1564/2887/567
f 1172/2476/308 1173/2464/296 1549/2888/568 1563/2889/569
f 1159/2274/173 1183/2569/376 1560/2890/570 1565/2886/566
f 1157/2285/181 1158/2284/174 1564/2891/567 1562/2892/571
f 1171/2500/323 1172/2499/308 1563/2893/569 1561/2894/572
f 1184/2575/382 1182/2251/154 1556/2895/573 1559/2896/574
f 1156/2295/189 1157/2285/181 1562/2892/571 1558/2897/575
f 1170/2512/333 1171/2500/323 1561/2894/572 1557/2898/576
f 1183/2569/376 1184/2575/382 1559/2896/574 1560/2890/570
f 1154/2305/195 1156/2295/189 1558/2897/575 1552/2899/577
f 1169/2261/161 1170/2512/333 1557/2898/576 1554/2900/578
f 1182/2251/154 1181/2250/153 1555/2901/579 1556/2895/573
f 1155/2246/149 1153/2390/258 1553/2902/580 1547/2903/581
f 1168/2302/192 1167/2563/370 1551/2904/582 1546/2905/583
f 1181/2250/153 1169/2261/161 1554/2900/578 1555/2901/579
f 1153/2390/258 1154/2305/195 1552/2899/577 1553/2902/580
f 1167/2563/370 1160/1266/134 1550/2884/564 1551/2904/582
f 1173/2464/296 1174/2463/295 1548/2885/565 1549/2888/568
f 1164/2243/146 1165/2242/145 1545/2906/584 1541/2907/585
f 1178/2293/187 1179/2292/186 1543/2908/586 1539/2909/587
f 1166/2247/150 1155/2246/149 1547/2903/581 1544/2910/588
f 1180/2303/193 1168/2302/192 1546/2905/583 1542/2911/589
f 1165/2242/145 1166/2247/150 1544/2910/588 1545/2906/584
f 1179/2292/186 1180/2311/193 1542/2912/589 1543/2908/586
f 1163/2595/399 1164/2594/146 1541/2913/585 1537/2914/590
f 1177/2514/335 1178/2293/187 1539/2909/587 1540/2879/559
f 1162/7/7 1163/2595/399 1537/2914/590 1538/2881/561
f 2854/2989/607 2858/2789/477 2773/2792/480 2771/2990/608
f 1/2618/1 2/2625/4 1283/2628/420 1282/2619/415
f 1569/3063/309 1570/3064/324 1412/2597/401 1409/2596/400
f 1571/3065/310 1569/3063/309 1409/2596/400 1413/2755/435
f 1570/3064/324 1572/3066/342 1416/2602/406 1412/2597/401
f 1572/3066/342 1573/3067/357 1418/2741/440 1416/2602/406
f 1573/3067/357 1574/3068/361 1420/2770/409 1418/2741/440
f 1574/3068/361 1575/3069/402 1422/2771/410 1420/2770/409
f 1576/3070/404 1577/3071/348 1426/2325/207 1423/2324/206
f 1577/3071/348 1578/3072/347 1428/2523/344 1426/2325/207
f 1578/3072/347 1579/3073/141 1430/2556/363 1428/2523/344
f 1579/3073/141 1580/3074/139 1432/2557/364 1430/2556/363
f 1581/3075/136 1582/3076/135 1436/2739/434 1433/2738/425
f 1582/3076/135 1571/3065/310 1413/2755/435 1436/2739/434
f 1580/3074/139 1581/3075/136 1433/2738/425 1432/2557/364
f 1583/3077/396 1576/3070/404 1423/2324/206 1437/2760/437
f 1584/3078/227 1583/3077/396 1437/2760/437 1439/2516/337
f 1585/3079/247 1586/3080/237 1444/2351/225 1441/2740/431
f 1586/3080/237 1587/3081/222 1446/2352/226 1444/2351/225
f 1587/3081/222 1588/3082/221 1448/2769/438 1446/2352/226
f 1588/3082/221 1589/3083/285 1450/2750/466 1448/2769/438
f 1590/3084/301 1591/3085/326 1454/2364/236 1451/2363/235
f 1591/3085/326 1592/3086/315 1456/2780/447 1454/2364/236
f 1592/3086/315 1593/3087/269 1458/2737/462 1456/2780/447
f 1593/3087/269 1594/3088/261 1460/2409/273 1458/2737/462
f 1595/3089/249 1596/3090/228 1464/2515/336 1461/2410/274
f 1596/3090/228 1584/3078/227 1439/2516/337 1464/2515/336
f 1594/3088/261 1595/3089/249 1461/2410/274 1460/2409/273
f 1589/3083/285 1590/3084/301 1451/2363/235 1450/2750/466
f 1597/3091/259 1585/3079/247 1441/2740/431 1465/2766/443
f 1598/3092/385 1597/3091/259 1465/2766/443 1467/2765/445
f 1599/3093/394 1600/3094/386 1472/2768/444 1469/2767/439
f 1600/3094/386 1598/3092/385 1467/2765/445 1472/2768/444
f 1575/3069/402 1599/3093/394 1469/2767/439 1422/2771/410
f 1186/3097/101 1185/3098/96 1473/2394/262 1474/2404/270
f 1185/3098/96 1187/3099/93 1475/2379/250 1473/2394/262
f 1187/3100/93 1188/3101/91 1476/2355/229 1475/3102/250
f 1188/3101/91 1189/3103/85 1477/2356/230 1476/2355/229
f 1191/3104/65 1190/3105/61 1478/2239/140 1479/2238/142
f 1190/3106/61 1192/3107/56 1480/2232/137 1478/2235/140
f 1192/3107/56 1193/3108/53 1481/2233/138 1480/2232/137
f 1193/3108/53 1194/3109/30 1482/2479/311 1481/2233/138
f 1196/3110/20 1195/3111/21 1483/2599/403 1484/2604/362
f 1195/3111/21 1197/3112/33 1485/2589/395 1483/2599/403
f 1197/3112/33 1198/3113/36 1486/2580/387 1485/2589/395
f 1198/3113/36 1199/3114/41 1487/2581/388 1486/2580/387
f 1201/3115/45 1200/3116/47 1488/2376/248 1489/2392/260
f 1200/3116/47 1202/3117/130 1490/2366/238 1488/2376/248
f 1202/3117/130 1203/3118/126 1491/2344/223 1490/2366/238
f 1203/3118/126 1204/3119/121 1492/2345/224 1491/2344/223
f 1206/3120/115 1205/3121/116 1493/2504/327 1494/2470/302
f 1205/3121/116 1207/3122/104 1495/2488/316 1493/2504/327
f 1207/3122/104 1186/3097/101 1474/2404/270 1495/2488/316
f 1208/3123/119 1206/3120/115 1494/2470/302 1496/2426/286
f 1204/3124/121 1208/3123/119 1496/2426/286 1492/2425/224
f 1199/3114/41 1201/3115/45 1489/2392/260 1487/2581/388
f 1209/3125/19 1196/3126/20 1484/2555/362 1497/2545/358
f 1210/3127/22 1209/3125/19 1497/2545/358 1498/2522/343
f 1211/3128/27 1210/3127/22 1498/2522/343 1499/2502/325
f 1212/3129/29 1211/3128/27 1499/2502/325 1500/2480/312
f 1194/3109/30 1212/3129/29 1500/2480/312 1482/2479/311
f 1213/3130/68 1191/3104/65 1479/2238/142 1501/2531/350
f 1214/3131/73 1213/3130/68 1501/2531/350 1502/2530/349
f 1216/3132/86 1215/3133/77 1503/2601/405 1504/2591/397
f 1215/3133/77 1214/3131/73 1502/2530/349 1503/2601/405
f 1189/3103/85 1216/3132/86 1504/2591/397 1477/2356/230
f 1218/3134/97 1219/3135/102 1506/3136/334 1505/3137/184
f 1222/3138/94 1218/3134/97 1505/3137/184 1507/3139/185
f 1224/3140/90 1222/3138/94 1507/3139/185 1508/3141/190
f 1226/3142/83 1224/3143/90 1508/3144/190 1509/3145/191
f 1228/3146/62 1229/3147/66 1511/3148/398 1510/3149/143
f 1232/3150/57 1228/3151/62 1510/3152/143 1512/3153/144
f 1234/3154/54 1232/3150/57 1512/3153/144 1513/3155/147
f 1236/3156/9 1234/3154/54 1513/3155/147 1514/2977/148
f 1238/3157/18 1239/3158/16 1516/3159/171 1515/3160/172
f 1242/3161/34 1238/3157/18 1515/3160/172 1517/3162/375
f 1244/3163/37 1242/3161/34 1517/3162/375 1518/3164/381
f 1246/3165/42 1244/3163/37 1518/3164/381 1519/2967/151
f 1248/3166/48 1249/3167/46 1521/2966/152 1520/3168/160
f 1252/3169/131 1248/3166/48 1520/3168/160 1522/3170/332
f 1254/3171/125 1252/3169/131 1522/3170/332 1523/3172/322
f 1256/3173/122 1254/3171/125 1523/3172/322 1524/3174/307
f 1258/3175/110 1259/3176/113 1526/3177/294 1525/2960/354
f 1262/3178/105 1258/3175/110 1525/2960/354 1527/2959/351
f 1219/3135/102 1262/3178/105 1527/2959/351 1506/3136/334
f 1259/3176/113 1263/3179/118 1528/3180/293 1526/3177/294
f 1263/3179/118 1256/3181/122 1524/3182/307 1528/3180/293
f 1249/3167/46 1246/3165/42 1519/2967/151 1521/2966/152
f 1239/3183/16 1265/3184/14 1529/3185/180 1516/3186/171
f 1265/3184/14 1267/3187/12 1530/3188/188 1529/3185/180
f 1267/3187/12 1269/3189/4 1531/3190/194 1530/3188/188
f 1269/3189/4 1271/3191/1 1532/2976/257 1531/3190/194
f 1271/3191/1 1236/3156/9 1514/2977/148 1532/2976/257
f 1229/3147/66 1273/3192/69 1533/3193/6 1511/3148/398
f 1273/3192/69 1275/3194/74 1534/2987/5 1533/3193/6
f 1278/3195/78 1279/3196/81 1536/3197/369 1535/2988/133
f 1275/3194/74 1278/3195/78 1535/2988/133 1534/2987/5
f 1279/3196/81 1226/3142/83 1509/3145/191 1536/3197/369
f 1120/3198/66 1119/3199/69 1538/2881/561 1537/2914/590
f 1118/3200/97 1117/3201/102 1540/2879/559 1539/2909/587
f 1116/3202/62 1120/3198/66 1537/2914/590 1541/2913/585
f 1115/3203/90 1114/3204/94 1543/2908/586 1542/2912/589
f 1113/3205/54 1112/3206/57 1545/2906/584 1544/2910/588
f 1111/3207/83 1115/3208/90 1542/2911/589 1546/2905/583
f 1110/3209/9 1113/3205/54 1544/2910/588 1547/2903/581
f 1114/3204/94 1118/3200/97 1539/2909/587 1543/2908/586
f 1112/3206/57 1116/3210/62 1541/2907/585 1545/2906/584
f 1109/3211/113 1108/3212/118 1549/2888/568 1548/2885/565
f 1107/3213/78 1106/3214/81 1551/2904/582 1550/2884/564
f 1105/3215/4 1104/3216/1 1553/2902/580 1552/2899/577
f 1103/3217/48 1102/3218/46 1555/2901/579 1554/2900/578
f 1106/3214/81 1111/3207/83 1546/2905/583 1551/2904/582
f 1104/3216/1 1110/3209/9 1547/2903/581 1553/2902/580
f 1102/3218/46 1101/3219/42 1556/2895/573 1555/2901/579
f 1100/3220/131 1103/3217/48 1554/2900/578 1557/2898/576
f 1099/3221/12 1105/3215/4 1552/2899/577 1558/2897/575
f 1098/3222/37 1097/3223/34 1560/2890/570 1559/2896/574
f 1096/3224/125 1100/3220/131 1557/2898/576 1561/2894/572
f 1095/3225/14 1099/3221/12 1558/2897/575 1562/2892/571
f 1101/3219/42 1098/3222/37 1559/2896/574 1556/2895/573
f 1094/3226/122 1096/3224/125 1561/2894/572 1563/2893/569
f 1093/3227/16 1095/3225/14 1562/2892/571 1564/2891/567
f 1097/3223/34 1092/3228/18 1565/2886/566 1560/2890/570
f 1108/3212/118 1094/3229/122 1563/2889/569 1549/2888/568
f 1092/3228/18 1093/3230/16 1564/2887/567 1565/2886/566
f 1091/3231/110 1109/3211/113 1548/2885/565 1566/2883/563
f 1090/3232/74 1107/3213/78 1550/2884/564 1567/2882/562
f 1089/3233/105 1091/3231/110 1566/2883/563 1568/2880/560
f 1119/3199/69 1090/3232/74 1567/2882/562 1538/2881/561
f 1117/3201/102 1089/3233/105 1568/2880/560 1540/2879/559
f 1410/3234/29 1411/3235/27 1570/3236/324 1569/3237/309
f 1414/3238/30 1410/3234/29 1569/3237/309 1571/3239/310
f 1411/3235/27 1415/3240/22 1572/3241/342 1570/3236/324
f 1415/3240/22 1417/3242/19 1573/3243/357 1572/3241/342
f 1417/3242/19 1419/3244/20 1574/3245/361 1573/3243/357
f 1419/3246/20 1421/3247/21 1575/3248/402 1574/3249/361
f 1424/3250/77 1425/3251/73 1577/3252/348 1576/3253/404
f 1425/3251/73 1427/3254/68 1578/3255/347 1577/3252/348
f 1427/3254/68 1429/3256/65 1579/3257/141 1578/3255/347
f 1429/3256/65 1431/3258/61 1580/3259/139 1579/3257/141
f 1434/3260/56 1435/3261/157 1582/3262/135 1581/3263/136
f 1435/3261/157 1414/3238/30 1571/3239/310 1582/3262/135
f 1431/3264/61 1434/3260/56 1581/3263/136 1580/3265/139
f 1438/3266/86 1424/3250/77 1576/3253/404 1583/3267/396
f 1440/3268/85 1438/3266/86 1583/3267/396 1584/3269/227
f 1442/3270/47 1443/3271/130 1586/3272/237 1585/3273/247
f 1443/3271/130 1445/3274/126 1587/3275/222 1586/3272/237
f 1445/3274/126 1447/3276/121 1588/3277/221 1587/3275/222
f 1447/3278/121 1449/3279/119 1589/3280/285 1588/3281/221
f 1452/3282/609 1453/3283/116 1591/3284/326 1590/3285/301
f 1453/3283/116 1455/3286/104 1592/3287/315 1591/3284/326
f 1455/3286/104 1457/3288/101 1593/3289/269 1592/3287/315
f 1457/3288/101 1459/3290/96 1594/3291/261 1593/3289/269
f 1462/3292/93 1463/3293/91 1596/3294/228 1595/3295/249
f 1463/3293/91 1440/3268/85 1584/3269/227 1596/3294/228
f 1459/3290/96 1462/3296/93 1595/3297/249 1594/3291/261
f 1449/3279/119 1452/3282/609 1590/3285/301 1589/3280/285
f 1466/3298/45 1442/3270/47 1585/3273/247 1597/3299/259
f 1468/3300/41 1466/3298/45 1597/3299/259 1598/3301/385
f 1470/3302/33 1471/3303/36 1600/3304/386 1599/3305/394
f 1471/3303/36 1468/3300/41 1598/3301/385 1600/3304/386
f 1421/3247/21 1470/3302/33 1599/3305/394 1575/3248/402
f 2872/5085/1034 2869/2873/553 2779/2874/554 2780/5086/1035
f 1221/5087/591 1217/2517/338 2820/2520/341 2846/5088/1036
f 1225/5089/593 1223/5090/592 2847/5091/1037 2856/5092/1038
f 2818/5093/1039 2876/2829/515 2782/2830/516 2753/5094/1040
f 1274/5095/605 1276/2839/523 2822/2842/526 2866/5096/1041
f 1255/5097/600 1253/5098/599 2875/5099/1042 2817/5100/1043
f 1235/2978/594 1233/2851/535 2840/2854/538 2841/5101/1044
f 2776/2856/540 2754/2844/528 2819/2843/527 2864/2855/539
f 1241/5102/595 1237/2847/531 2830/2850/534 2831/5103/1045
f 1251/5104/598 1247/5105/597 2835/5106/1046 2874/5107/1047
f 2821/2877/557 2854/2989/607 2771/2990/608 2755/2878/558
f 2824/2875/555 2828/2861/543 2758/2862/544 2756/2876/556
f 1268/5108/604 1270/2411/275 2826/2414/278 2844/5109/1048
f 1245/2368/240 1243/5110/596 2827/5111/1049 2823/2369/241
f 2825/2802/490 2838/2845/529 2763/2846/530 2757/2803/491
f 1243/5110/596 1241/5102/595 2831/5103/1045 2827/5111/1049
f 2829/2822/508 2872/5085/1034 2780/5086/1035 2759/2823/509
f 1247/5105/597 1250/2367/239 2834/2370/242 2835/5106/1046
f 1272/2412/276 1235/2978/594 2841/5101/1044 2837/2413/277
f 1261/2961/601 1257/2863/545 2860/2866/548 2862/5112/1050
f 2839/2836/520 2852/2805/493 2770/2808/496 2764/2837/521
f 1266/5113/603 1268/5108/604 2844/5109/1048 2870/5114/1051
f 1223/5115/592 1221/5087/591 2846/5088/1036 2847/5116/1037
f 1231/2852/536 1227/5117/511 2850/5118/514 2851/2853/537
f 2849/2806/494 2868/2809/497 2778/2812/500 2769/2807/495
f 1277/2840/524 1280/5119/606 2857/5120/1052 2853/2841/525
f 1280/5119/606 1225/5089/593 2856/5092/1038 2857/5120/1052
f 2859/2335/215 2880/2793/481 2784/2796/484 2774/2336/216
f 1220/2518/339 1261/2961/601 2862/5112/1050 2863/2519/340
f 1230/2826/512 1274/5095/605 2866/5096/1041 2867/2827/513
f 1240/5121/532 1266/5113/603 2870/5114/1051 2871/5122/533
f 1253/5098/599 1251/5104/598 2874/5107/1047 2875/5099/1042
f 1260/2864/546 1264/5123/602 2878/5124/1053 2879/2865/547
f 2877/2794/482 2818/5093/1039 2753/5094/1040 2783/2795/483
f 2969/5125/325 2968/5126/312 2804/5127/1054 2805/5128/1055
f 2985/5129/229 2984/5130/250 2796/5131/1056 2787/5132/1057
f 3001/5133/316 3000/5134/327 2811/5135/1058 2816/5136/1059
f 3017/5137/224 3016/5138/223 2793/5139/1060 2789/5140/1061
f 3025/5141/238 2953/2831/248 2799/2834/518 2800/5142/1062
f 2968/5126/312 3040/5143/311 2809/5144/1063 2804/5127/1054
f 3041/5145/270 3001/5133/316 2816/5136/1059 2785/5146/1064
f 3057/5147/388 3056/5148/387 2806/5149/1065 2802/5150/1066
f 3065/5151/230 2985/5152/229 2787/5153/1057 2788/5154/1067
f 3081/5155/140 3080/5156/142 2813/5157/1068 2814/5158/1069
f 3080/5156/142 3096/5159/350 2801/5160/1070 2813/5157/1068
f 3105/5161/138 3104/5162/137 2794/5163/1071 2795/5164/1072
f 3096/5159/350 3120/5165/349 2792/5166/1073 2801/5160/1070
f 3121/5167/343 2969/5125/325 2805/5128/1055 2807/5168/1074
f 3104/5162/137 3081/5169/140 2814/5170/1069 2794/5163/1071
f 3000/5134/327 3136/5171/302 2810/5172/1075 2811/5135/1058
f 3145/5173/362 3144/5174/358 2812/5175/1076 2797/5176/1077
f 3153/5177/286 3017/5178/224 2789/5179/1061 2790/5180/1078
f 2984/5130/250 3168/5181/262 2786/5182/1079 2796/5131/1056
f 3040/5143/311 3105/5161/138 2795/5164/1072 2809/5144/1063
f 3016/5138/223 3025/5141/238 2800/5142/1062 2793/5139/1060
f 3056/5148/387 3176/5183/395 2808/5184/1080 2806/5149/1065
f 3185/5185/405 3184/5186/397 2815/5187/1081 2791/5188/1082
f 2952/2832/260 3057/5147/388 2802/5150/1066 2803/2833/517
f 3168/5181/262 3041/5145/270 2785/5146/1064 2786/5182/1079
f 3136/5171/302 3153/5177/286 2790/5180/1078 2810/5172/1075
f 3176/5183/395 3200/5189/403 2798/5190/1083 2808/5184/1080
f 3184/5186/397 3065/5151/230 2788/5154/1067 2815/5187/1081
f 3120/5165/349 3185/5185/405 2791/5188/1082 2792/5166/1073
f 3144/5174/358 3121/5167/343 2807/5168/1074 2812/5175/1076
f 3200/5189/403 3145/5191/362 2797/5192/1077 2798/5190/1083
f 1264/5123/602 1255/5233/600 2817/5234/1043 2878/5124/1053
f 2794/5163/1071 2814/5170/1069 2910/5170/1084 2890/5163/1085
f 2792/5166/1073 2791/5188/1082 2887/5188/1086 2888/5166/1087
f 2793/5139/1060 2800/5142/1062 2896/5142/1088 2889/5139/1089
f 2795/5164/1072 2794/5163/1071 2890/5163/1085 2891/5164/1090
f 2801/5160/1070 2792/5166/1073 2888/5166/1087 2897/5160/1091
f 2789/5140/1061 2793/5139/1060 2889/5139/1089 2885/5140/1092
f 2809/5144/1063 2795/5164/1072 2891/5164/1090 2905/5144/1093
f 2813/5157/1068 2801/5160/1070 2897/5160/1091 2909/5157/1094
f 2790/5180/1078 2789/5179/1061 2885/5179/1092 2886/5180/1095
f 2804/5127/1054 2809/5144/1063 2905/5144/1093 2900/5127/1096
f 2810/5172/1075 2790/5180/1078 2886/5180/1095 2906/5172/1097
f 2805/5128/1055 2804/5127/1054 2900/5127/1096 2901/5128/1098
f 2811/5135/1058 2810/5172/1075 2906/5172/1097 2907/5135/1099
f 2807/5168/1074 2805/5128/1055 2901/5128/1098 2903/5168/1100
f 2816/5136/1059 2811/5135/1058 2907/5135/1099 2912/5136/1101
f 2812/5175/1076 2807/5168/1074 2903/5168/1100 2908/5175/1102
f 2799/2834/518 2803/2833/517 2899/2833/1103 2895/2834/1104
f 2785/5146/1064 2816/5136/1059 2912/5136/1101 2881/5146/1105
f 2797/5176/1077 2812/5175/1076 2908/5175/1102 2893/5176/1106
f 2786/5182/1079 2785/5146/1064 2881/5146/1105 2882/5182/1107
f 2798/5190/1083 2797/5192/1077 2893/5192/1106 2894/5190/1108
f 2796/5131/1056 2786/5182/1079 2882/5182/1107 2892/5131/1109
f 2808/5184/1080 2798/5190/1083 2894/5190/1108 2904/5184/1110
f 2787/5132/1057 2796/5131/1056 2892/5131/1109 2883/5132/1111
f 2806/5149/1065 2808/5184/1080 2904/5184/1110 2902/5149/1112
f 2788/5154/1067 2787/5153/1057 2883/5153/1111 2884/5154/1113
f 2802/5150/1066 2806/5149/1065 2902/5149/1112 2898/5150/1114
f 2815/5187/1081 2788/5154/1067 2884/5154/1113 2911/5187/1115
f 2803/2833/517 2802/5150/1066 2898/5150/1114 2899/2833/1103
f 2814/5158/1069 2813/5157/1068 2909/5157/1094 2910/5158/1084
f 2791/5188/1082 2815/5187/1081 2911/5187/1115 2887/5188/1086
f 2800/5142/1062 2799/2834/518 2895/2834/1104 2896/5142/1088
f 2896/5142/1088 2895/2834/1104 2927/2834/51 2928/5142/132
f 2941/5235/67 2929/5236/70 2920/5237/76 2919/5238/80 2943/5239/82 2916/5240/84 2915/5241/89 2924/5242/95 2914/5243/98 2913/5244/107 2944/5245/108 2939/5246/109 2938/5247/112 2918/5248/117 2917/5249/123 2921/5250/124 2928/5251/132 2927/5252/51 2931/5253/50 2930/5254/52 2934/5255/38 2936/5256/35 2926/5257/17 2925/5258/15 2940/5259/13 2935/5260/11 2933/5261/3 2932/5262/2 2937/5263/10 2923/5264/59 2922/5265/60 2942/5266/63
f 2887/5188/1086 2911/5187/1115 2943/5187/82 2919/5188/80
f 2910/5158/1084 2909/5157/1094 2941/5157/67 2942/5158/63
f 2899/2833/1103 2898/5150/1114 2930/5150/52 2931/2833/50
f 2911/5187/1115 2884/5154/1113 2916/5154/84 2943/5187/82
f 2898/5150/1114 2902/5149/1112 2934/5149/38 2930/5150/52
f 2884/5154/1113 2883/5153/1111 2915/5153/89 2916/5154/84
f 2902/5149/1112 2904/5184/1110 2936/5184/35 2934/5149/38
f 2883/5132/1111 2892/5131/1109 2924/5131/95 2915/5132/89
f 2904/5184/1110 2894/5190/1108 2926/5190/17 2936/5184/35
f 2892/5131/1109 2882/5182/1107 2914/5182/98 2924/5131/95
f 2894/5190/1108 2893/5192/1106 2925/5192/15 2926/5190/17
f 2882/5182/1107 2881/5146/1105 2913/5146/107 2914/5182/98
f 2893/5176/1106 2908/5175/1102 2940/5175/13 2925/5176/15
f 2881/5146/1105 2912/5136/1101 2944/5136/108 2913/5146/107
f 2908/5175/1102 2903/5168/1100 2935/5168/11 2940/5175/13
f 2895/2834/1104 2899/2833/1103 2931/2833/50 2927/2834/51
f 2912/5136/1101 2907/5135/1099 2939/5135/109 2944/5136/108
f 2903/5168/1100 2901/5128/1098 2933/5128/3 2935/5168/11
f 2907/5135/1099 2906/5172/1097 2938/5172/112 2939/5135/109
f 2901/5128/1098 2900/5127/1096 2932/5127/2 2933/5128/3
f 2906/5172/1097 2886/5180/1095 2918/5180/117 2938/5172/112
f 2900/5127/1096 2905/5144/1093 2937/5144/10 2932/5127/2
f 2886/5180/1095 2885/5179/1092 2917/5179/123 2918/5180/117
f 2909/5157/1094 2897/5160/1091 2929/5160/70 2941/5157/67
f 2905/5144/1093 2891/5164/1090 2923/5164/59 2937/5144/10
f 2885/5140/1092 2889/5139/1089 2921/5139/124 2917/5140/123
f 2897/5160/1091 2888/5166/1087 2920/5166/76 2929/5160/70
f 2891/5164/1090 2890/5163/1085 2922/5163/60 2923/5164/59
f 2889/5139/1089 2896/5142/1088 2928/5142/132 2921/5139/124
f 2888/5166/1087 2887/5188/1086 2919/5188/80 2920/5166/76
f 2890/5163/1085 2910/5170/1084 2942/5170/63 2922/5163/60
f 2759/5267/509 2780/5268/1035 3152/5269/362 3193/5270/403
f 3193/5270/403 3152/5269/362 3151/5271/362 3194/5272/403
f 3194/5272/403 3151/5271/362 3150/5273/362 3195/5274/403
f 3195/5274/403 3150/5273/362 3149/5275/362 3196/5276/403
f 3196/5276/403 3149/5275/362 3148/5277/362 3197/5278/403
f 3197/5278/403 3148/5277/362 3147/5279/362 3198/5280/403
f 3198/5280/403 3147/5279/362 3146/5281/362 3199/5282/403
f 3199/5282/403 3146/5281/362 3145/5191/362 3200/5189/403
f 2779/5283/554 2766/5284/492 3128/5285/343 3137/5286/358
f 3137/5286/358 3128/5285/343 3127/5287/343 3138/5288/358
f 3138/5288/358 3127/5287/343 3126/5289/343 3139/5290/358
f 3139/5290/358 3126/5289/343 3125/5291/343 3140/5292/358
f 3140/5292/358 3125/5291/343 3124/5293/343 3141/5294/358
f 3141/5294/358 3124/5293/343 3123/5295/343 3142/5296/358
f 3142/5296/358 3123/5295/343 3122/5297/343 3143/5298/358
f 3143/5298/358 3122/5297/343 3121/5167/343 3144/5174/358
f 2755/5299/558 2771/5300/608 3192/5301/405 3113/5302/349
f 3113/5302/349 3192/5301/405 3191/5303/405 3114/5304/349
f 3114/5304/349 3191/5303/405 3190/5305/405 3115/5306/349
f 3115/5306/349 3190/5305/405 3189/5307/405 3116/5308/349
f 3116/5308/349 3189/5307/405 3188/5309/405 3117/5310/349
f 3117/5310/349 3188/5309/405 3187/5311/405 3118/5312/349
f 3118/5312/349 3187/5311/405 3186/5313/405 3119/5314/349
f 3119/5314/349 3186/5313/405 3185/5185/405 3120/5165/349
f 2773/5315/480 2772/5316/479 3072/5317/230 3177/5318/397
f 3177/5318/397 3072/5317/230 3071/5319/230 3178/5320/397
f 3178/5320/397 3071/5319/230 3070/5321/230 3179/5322/397
f 3179/5322/397 3070/5321/230 3069/5323/230 3180/5324/397
f 3180/5324/397 3069/5323/230 3068/5325/230 3181/5326/397
f 3181/5326/397 3068/5325/230 3067/5327/230 3182/5328/397
f 3182/5328/397 3067/5327/230 3066/5329/230 3183/5330/397
f 3183/5330/397 3066/5329/230 3065/5151/230 3184/5186/397
f 2760/5331/510 2759/5267/509 3193/5270/403 3169/5332/395
f 3169/5332/395 3193/5270/403 3194/5272/403 3170/5333/395
f 3170/5333/395 3194/5272/403 3195/5274/403 3171/5334/395
f 3171/5334/395 3195/5274/403 3196/5276/403 3172/5335/395
f 3172/5335/395 3196/5276/403 3197/5278/403 3173/5336/395
f 3173/5336/395 3197/5278/403 3198/5280/403 3174/5337/395
f 3174/5337/395 3198/5280/403 3199/5282/403 3175/5338/395
f 3175/5338/395 3199/5282/403 3200/5189/403 3176/5183/395
f 2784/5339/484 2783/5340/483 3160/5341/286 3129/5342/302
f 3129/5342/302 3160/5341/286 3159/5343/286 3130/5344/302
f 3130/5344/302 3159/5343/286 3158/5345/286 3131/5346/302
f 3131/5346/302 3158/5345/286 3157/5347/286 3132/5348/302
f 3132/5348/302 3157/5347/286 3156/5349/286 3133/5350/302
f 3133/5350/302 3156/5349/286 3155/5351/286 3134/5352/302
f 3134/5352/302 3155/5351/286 3154/5353/286 3135/5354/302
f 3135/5354/302 3154/5353/286 3153/5177/286 3136/5171/302
f 2754/5355/528 2776/5356/540 3048/5357/270 3161/5358/262
f 3161/5358/262 3048/5357/270 3047/5359/270 3162/5360/262
f 3162/5360/262 3047/5359/270 3046/5361/270 3163/5362/262
f 3163/5362/262 3046/5361/270 3045/5363/270 3164/5364/262
f 3164/5364/262 3045/5363/270 3044/5365/270 3165/5366/262
f 3165/5366/262 3044/5365/270 3043/5367/270 3166/5368/262
f 3166/5368/262 3043/5367/270 3042/5369/270 3167/5370/262
f 3167/5370/262 3042/5369/270 3041/5145/270 3168/5181/262
f 2761/5371/550 2756/5372/556 3064/5373/388 2945/5374/260
f 2945/5374/260 3064/5373/388 3063/5375/388 2946/5376/260
f 2946/5376/260 3063/5375/388 3062/5377/388 2947/5378/260
f 2947/5378/260 3062/5377/388 3061/5379/388 2948/5380/260
f 2948/5380/260 3061/5379/388 3060/5381/388 2949/5382/260
f 2949/5382/260 3060/5381/388 3059/5383/388 2950/5384/260
f 2950/5384/260 3059/5383/388 3058/5385/388 2951/5386/260
f 2951/5386/260 3058/5385/388 3057/5147/388 2952/2832/260
f 2771/5300/608 2773/5315/480 3177/5318/397 3192/5301/405
f 3192/5301/405 3177/5318/397 3178/5320/397 3191/5303/405
f 3191/5303/405 3178/5320/397 3179/5322/397 3190/5305/405
f 3190/5305/405 3179/5322/397 3180/5324/397 3189/5307/405
f 3189/5307/405 3180/5324/397 3181/5326/397 3188/5309/405
f 3188/5309/405 3181/5326/397 3182/5328/397 3187/5311/405
f 3187/5311/405 3182/5328/397 3183/5330/397 3186/5313/405
f 3186/5313/405 3183/5330/397 3184/5186/397 3185/5185/405
f 2758/5387/544 2760/5331/510 3169/5332/395 3049/5388/387
f 3049/5388/387 3169/5332/395 3170/5333/395 3050/5389/387
f 3050/5389/387 3170/5333/395 3171/5334/395 3051/5390/387
f 3051/5390/387 3171/5334/395 3172/5335/395 3052/5391/387
f 3052/5391/387 3172/5335/395 3173/5336/395 3053/5392/387
f 3053/5392/387 3173/5336/395 3174/5337/395 3054/5393/387
f 3054/5393/387 3174/5337/395 3175/5338/395 3055/5394/387
f 3055/5394/387 3175/5338/395 3176/5183/395 3056/5148/387
f 2782/5395/516 2781/5396/506 3032/5397/238 3009/5398/223
f 3009/5398/223 3032/5397/238 3031/5399/238 3010/5400/223
f 3010/5400/223 3031/5399/238 3030/5401/238 3011/5402/223
f 3011/5402/223 3030/5401/238 3029/5403/238 3012/5404/223
f 3012/5404/223 3029/5403/238 3028/5405/238 3013/5406/223
f 3013/5406/223 3028/5405/238 3027/5407/238 3014/5408/223
f 3014/5408/223 3027/5407/238 3026/5409/238 3015/5410/223
f 3015/5410/223 3026/5409/238 3025/5141/238 3016/5138/223
f 2765/5411/522 2764/5412/521 3112/5413/138 3033/5414/311
f 3033/5414/311 3112/5413/138 3111/5415/138 3034/5416/311
f 3034/5416/311 3111/5415/138 3110/5417/138 3035/5418/311
f 3035/5418/311 3110/5417/138 3109/5419/138 3036/5420/311
f 3036/5420/311 3109/5419/138 3108/5421/138 3037/5422/311
f 3037/5422/311 3108/5421/138 3107/5423/138 3038/5424/311
f 3038/5424/311 3107/5423/138 3106/5425/138 3039/5426/311
f 3039/5426/311 3106/5425/138 3105/5161/138 3040/5143/311
f 2767/5427/413 2754/5355/528 3161/5358/262 2977/5428/250
f 2977/5428/250 3161/5358/262 3162/5360/262 2978/5429/250
f 2978/5429/250 3162/5360/262 3163/5362/262 2979/5430/250
f 2979/5430/250 3163/5362/262 3164/5364/262 2980/5431/250
f 2980/5431/250 3164/5364/262 3165/5366/262 2981/5432/250
f 2981/5432/250 3165/5366/262 3166/5368/262 2982/5433/250
f 2982/5433/250 3166/5368/262 3167/5370/262 2983/5434/250
f 2983/5434/250 3167/5370/262 3168/5181/262 2984/5130/250
f 2783/5340/483 2753/5435/1040 3024/5436/224 3160/5341/286
f 3160/5341/286 3024/5436/224 3023/5437/224 3159/5343/286
f 3159/5343/286 3023/5437/224 3022/5438/224 3158/5345/286
f 3158/5345/286 3022/5438/224 3021/5439/224 3157/5347/286
f 3157/5347/286 3021/5439/224 3020/5440/224 3156/5349/286
f 3156/5349/286 3020/5440/224 3019/5441/224 3155/5351/286
f 3155/5351/286 3019/5441/224 3018/5442/224 3154/5353/286
f 3154/5353/286 3018/5442/224 3017/5178/224 3153/5177/286
f 2780/5443/1035 2779/5283/554 3137/5286/358 3152/5444/362
f 3152/5444/362 3137/5286/358 3138/5288/358 3151/5445/362
f 3151/5445/362 3138/5288/358 3139/5290/358 3150/5446/362
f 3150/5446/362 3139/5290/358 3140/5292/358 3149/5447/362
f 3149/5447/362 3140/5292/358 3141/5294/358 3148/5448/362
f 3148/5448/362 3141/5294/358 3142/5296/358 3147/5449/362
f 3147/5449/362 3142/5296/358 3143/5298/358 3146/5450/362
f 3146/5450/362 3143/5298/358 3144/5174/358 3145/5173/362
f 2774/5451/216 2784/5339/484 3129/5342/302 2993/5452/327
f 2993/5452/327 3129/5342/302 3130/5344/302 2994/5453/327
f 2994/5453/327 3130/5344/302 3131/5346/302 2995/5454/327
f 2995/5454/327 3131/5346/302 3132/5348/302 2996/5455/327
f 2996/5455/327 3132/5348/302 3133/5350/302 2997/5456/327
f 2997/5456/327 3133/5350/302 3134/5352/302 2998/5457/327
f 2998/5457/327 3134/5352/302 3135/5354/302 2999/5458/327
f 2999/5458/327 3135/5354/302 3136/5171/302 3000/5134/327
f 2770/5459/496 2769/5460/495 3088/5461/140 3097/5462/137
f 3097/5462/137 3088/5461/140 3087/5463/140 3098/5464/137
f 3098/5464/137 3087/5463/140 3086/5465/140 3099/5466/137
f 3099/5466/137 3086/5465/140 3085/5467/140 3100/5468/137
f 3100/5468/137 3085/5467/140 3084/5469/140 3101/5470/137
f 3101/5470/137 3084/5469/140 3083/5471/140 3102/5472/137
f 3102/5472/137 3083/5471/140 3082/5473/140 3103/5474/137
f 3103/5474/137 3082/5473/140 3081/5169/140 3104/5162/137
f 2766/5284/492 2757/5475/491 2976/5476/325 3128/5285/343
f 3128/5285/343 2976/5476/325 2975/5477/325 3127/5287/343
f 3127/5287/343 2975/5477/325 2974/5478/325 3126/5289/343
f 3126/5289/343 2974/5478/325 2973/5479/325 3125/5291/343
f 3125/5291/343 2973/5479/325 2972/5480/325 3124/5293/343
f 3124/5293/343 2972/5480/325 2971/5481/325 3123/5295/343
f 3123/5295/343 2971/5481/325 2970/5482/325 3122/5297/343
f 3122/5297/343 2970/5482/325 2969/5125/325 3121/5167/343
f 2777/5483/499 2755/5299/558 3113/5302/349 3089/5484/350
f 3089/5484/350 3113/5302/349 3114/5304/349 3090/5485/350
f 3090/5485/350 3114/5304/349 3115/5306/349 3091/5486/350
f 3091/5486/350 3115/5306/349 3116/5308/349 3092/5487/350
f 3092/5487/350 3116/5308/349 3117/5310/349 3093/5488/350
f 3093/5488/350 3117/5310/349 3118/5312/349 3094/5489/350
f 3094/5489/350 3118/5312/349 3119/5314/349 3095/5490/350
f 3095/5490/350 3119/5314/349 3120/5165/349 3096/5159/350
f 2764/5412/521 2770/5459/496 3097/5462/137 3112/5413/138
f 3112/5413/138 3097/5462/137 3098/5464/137 3111/5415/138
f 3111/5415/138 3098/5464/137 3099/5466/137 3110/5417/138
f 3110/5417/138 3099/5466/137 3100/5468/137 3109/5419/138
f 3109/5419/138 3100/5468/137 3101/5470/137 3108/5421/138
f 3108/5421/138 3101/5470/137 3102/5472/137 3107/5423/138
f 3107/5423/138 3102/5472/137 3103/5474/137 3106/5425/138
f 3106/5425/138 3103/5474/137 3104/5162/137 3105/5161/138
f 2778/5491/500 2777/5483/499 3089/5484/350 3073/5492/142
f 3073/5492/142 3089/5484/350 3090/5485/350 3074/5493/142
f 3074/5493/142 3090/5485/350 3091/5486/350 3075/5494/142
f 3075/5494/142 3091/5486/350 3092/5487/350 3076/5495/142
f 3076/5495/142 3092/5487/350 3093/5488/350 3077/5496/142
f 3077/5496/142 3093/5488/350 3094/5489/350 3078/5497/142
f 3078/5497/142 3094/5489/350 3095/5490/350 3079/5498/142
f 3079/5498/142 3095/5490/350 3096/5159/350 3080/5156/142
f 2769/5435/495 2778/5491/500 3073/5492/142 3088/5499/140
f 3088/5499/140 3073/5492/142 3074/5493/142 3087/5500/140
f 3087/5500/140 3074/5493/142 3075/5494/142 3086/5501/140
f 3086/5501/140 3075/5494/142 3076/5495/142 3085/5502/140
f 3085/5502/140 3076/5495/142 3077/5496/142 3084/5503/140
f 3084/5503/140 3077/5496/142 3078/5497/142 3083/5504/140
f 3083/5504/140 3078/5497/142 3079/5498/142 3082/5505/140
f 3082/5505/140 3079/5498/142 3080/5156/142 3081/5155/140
f 2772/5316/479 2768/5506/414 2992/5507/229 3072/5317/230
f 3072/5317/230 2992/5507/229 2991/5508/229 3071/5319/230
f 3071/5319/230 2991/5508/229 2990/5509/229 3070/5321/230
f 3070/5321/230 2990/5509/229 2989/5510/229 3069/5323/230
f 3069/5323/230 2989/5510/229 2988/5511/229 3068/5325/230
f 3068/5325/230 2988/5511/229 2987/5512/229 3067/5327/230
f 3067/5327/230 2987/5512/229 2986/5513/229 3066/5329/230
f 3066/5329/230 2986/5513/229 2985/5152/229 3065/5151/230
f 2756/5372/556 2758/5387/544 3049/5388/387 3064/5373/388
f 3064/5373/388 3049/5388/387 3050/5389/387 3063/5375/388
f 3063/5375/388 3050/5389/387 3051/5390/387 3062/5377/388
f 3062/5377/388 3051/5390/387 3052/5391/387 3061/5379/388
f 3061/5379/388 3052/5391/387 3053/5392/387 3060/5381/388
f 3060/5381/388 3053/5392/387 3054/5393/387 3059/5383/388
f 3059/5383/388 3054/5393/387 3055/5394/387 3058/5385/388
f 3058/5385/388 3055/5394/387 3056/5148/387 3057/5147/388
f 2776/5356/540 2775/5514/217 3008/5515/316 3048/5357/270
f 3048/5357/270 3008/5515/316 3007/5516/316 3047/5359/270
f 3047/5359/270 3007/5516/316 3006/5517/316 3046/5361/270
f 3046/5361/270 3006/5517/316 3005/5518/316 3045/5363/270
f 3045/5363/270 3005/5518/316 3004/5519/316 3044/5365/270
f 3044/5365/270 3004/5519/316 3003/5520/316 3043/5367/270
f 3043/5367/270 3003/5520/316 3002/5521/316 3042/5369/270
f 3042/5369/270 3002/5521/316 3001/5133/316 3041/5145/270
f 2763/5522/530 2765/5411/522 3033/5414/311 2961/5523/312
f 2961/5523/312 3033/5414/311 3034/5416/311 2962/5524/312
f 2962/5524/312 3034/5416/311 3035/5418/311 2963/5525/312
f 2963/5525/312 3035/5418/311 3036/5420/311 2964/5526/312
f 2964/5526/312 3036/5420/311 3037/5422/311 2965/5527/312
f 2965/5527/312 3037/5422/311 3038/5424/311 2966/5528/312
f 2966/5528/312 3038/5424/311 3039/5426/311 2967/5529/312
f 2967/5529/312 3039/5426/311 3040/5143/311 2968/5126/312
f 2781/5396/506 2762/5530/505 2960/5531/248 3032/5397/238
f 3032/5397/238 2960/5531/248 2959/5532/248 3031/5399/238
f 3031/5399/238 2959/5532/248 2958/5533/248 3030/5401/238
f 3030/5401/238 2958/5533/248 2957/5534/248 3029/5403/238
f 3029/5403/238 2957/5534/248 2956/5535/248 3028/5405/238
f 3028/5405/238 2956/5535/248 2955/5536/248 3027/5407/238
f 3027/5407/238 2955/5536/248 2954/5537/248 3026/5409/238
f 3026/5409/238 2954/5537/248 2953/2831/248 3025/5141/238
f 2753/5538/1040 2782/5395/516 3009/5398/223 3024/5539/224
f 3024/5539/224 3009/5398/223 3010/5400/223 3023/5540/224
f 3023/5540/224 3010/5400/223 3011/5402/223 3022/5541/224
f 3022/5541/224 3011/5402/223 3012/5404/223 3021/5542/224
f 3021/5542/224 3012/5404/223 3013/5406/223 3020/5543/224
f 3020/5543/224 3013/5406/223 3014/5408/223 3019/5544/224
f 3019/5544/224 3014/5408/223 3015/5410/223 3018/5545/224
f 3018/5545/224 3015/5410/223 3016/5138/223 3017/5137/224
f 2775/5514/217 2774/5451/216 2993/5452/327 3008/5515/316
f 3008/5515/316 2993/5452/327 2994/5453/327 3007/5516/316
f 3007/5516/316 2994/5453/327 2995/5454/327 3006/5517/316
f 3006/5517/316 2995/5454/327 2996/5455/327 3005/5518/316
f 3005/5518/316 2996/5455/327 2997/5456/327 3004/5519/316
f 3004/5519/316 2997/5456/327 2998/5457/327 3003/5520/316
f 3003/5520/316 2998/5457/327 2999/5458/327 3002/5521/316
f 3002/5521/316 2999/5458/327 3000/5134/327 3001/5133/316
f 2768/5546/414 2767/5427/413 2977/5428/250 2992/5547/229
f 2992/5547/229 2977/5428/250 2978/5429/250 2991/5548/229
f 2991/5548/229 2978/5429/250 2979/5430/250 2990/5549/229
f 2990/5549/229 2979/5430/250 2980/5431/250 2989/5550/229
f 2989/5550/229 2980/5431/250 2981/5432/250 2988/5551/229
f 2988/5551/229 2981/5432/250 2982/5433/250 2987/5552/229
f 2987/5552/229 2982/5433/250 2983/5434/250 2986/5553/229
f 2986/5553/229 2983/5434/250 2984/5130/250 2985/5129/229
f 2757/5475/491 2763/5522/530 2961/5523/312 2976/5476/325
f 2976/5476/325 2961/5523/312 2962/5524/312 2975/5477/325
f 2975/5477/325 2962/5524/312 2963/5525/312 2974/5478/325
f 2974/5478/325 2963/5525/312 2964/5526/312 2973/5479/325
f 2973/5479/325 2964/5526/312 2965/5527/312 2972/5480/325
f 2972/5480/325 2965/5527/312 2966/5528/312 2971/5481/325
f 2971/5481/325 2966/5528/312 2967/5529/312 2970/5482/325
f 2970/5482/325 2967/5529/312 2968/5126/312 2969/5125/325
f 2762/5530/505 2761/5371/550 2945/5374/260 2960/5531/248
f 2960/5531/248 2945/5374/260 2946/5376/260 2959/5532/248
f 2959/5532/248 2946/5376/260 2947/5378/260 2958/5533/248
f 2958/5533/248 2947/5378/260 2948/5380/260 2957/5534/248
f 2957/5534/248 2948/5380/260 2949/5382/260 2956/5535/248
f 2956/5535/248 2949/5382/260 2950/5384/260 2955/5536/248
f 2955/5536/248 2950/5384/260 2951/5386/260 2954/5537/248
f 2954/5537/248 2951/5386/260 2952/2832/260 2953/2831/248
g module3.001_Material.078
usemtl Material.078
f 1092/2252/18 1097/2253/34 1842/2254/155 1836/2255/156
f 1414/2256/30 1435/2257/157 1818/2258/158 1794/2259/159
f 1691/2262/162 1698/2263/163 1700/2264/164 1695/2265/165
f 1093/2266/16 1092/2252/18 1836/2255/156 1829/2267/166
f 2022/2268/167 1637/2269/168 1640/2270/169 2025/2271/170
f 1712/2276/175 1689/2277/176 2072/2278/177 2097/2279/178
f 1435/2257/157 1434/2280/56 1886/2281/179 1818/2258/158
f 1234/2286/54 1236/2287/9 1673/2288/182 1668/2289/183
f 1239/2296/16 1238/2297/18 1694/2298/156 1701/2299/166
f 1099/2306/12 1095/2307/14 1823/2308/196 1812/2309/197
f 1664/2312/198 1658/2313/199 2043/2314/200 2049/2315/201
f 1677/2316/159 1671/2317/202 2054/2318/203 2060/2319/204
f 1794/2259/159 1818/2258/158 2201/2320/203 2177/2321/204
f 1129/2322/205 1128/2323/205 1423/2324/206 1426/2325/207
f 1683/2326/208 1676/2327/209 1674/2328/210 1679/2329/211
f 1190/2330/61 1191/2331/65 1656/2332/212 1650/2333/213
f 1105/2338/4 1099/2306/12 1812/2309/197 1805/2339/218
f 1776/2340/219 1683/2326/208 1679/2329/211 1778/2341/220
f 1193/2346/53 1192/2347/56 1647/2348/179 1671/2317/202
f 1139/2349/205 1138/2350/205 1444/2351/225 1446/2352/226
f 1958/2357/231 1952/2358/232 1950/2359/233 1955/2360/234
f 1143/2361/205 1142/2362/205 1451/2363/235 1454/2364/236
f 1791/2371/243 1784/2372/244 1782/2373/245 1787/2374/246
f 1649/2381/251 1655/2382/252 1659/2383/253 1653/2384/254
f 1868/2385/255 1862/2386/245 1860/2387/244 1865/2388/256
f 1772/2395/197 1707/2396/196 2090/2397/263 2157/2398/264
f 2018/2399/265 1635/2400/266 1631/2401/267 2016/2402/268
f 1952/2358/232 1946/2405/271 1944/2406/272 1950/2359/233
f 1147/2407/205 1146/2408/205 1460/2409/273 1461/2410/274
f 1704/2415/279 2087/2416/280 2091/2417/281 1706/2418/282
f 1185/2419/96 1186/2420/101 1614/2421/283 1607/2422/284
f 1862/2386/245 1857/2427/246 1854/2428/243 1860/2387/244
f 1725/2429/287 1718/2430/288 1716/2431/289 1721/2432/290
f 1188/2433/91 1187/2434/93 1605/2435/291 1629/2436/292
f 1941/2465/297 2324/2466/298 2321/2467/299 1938/2468/300
f 1754/2471/303 1748/2472/304 1746/2473/305 1752/2474/306
f 1607/2422/284 1614/2421/283 1997/2481/313 1992/2482/314
f 1830/2483/164 1835/2484/165 1838/2485/162 1832/2486/163
f 1751/2489/317 1766/2490/318 2151/2491/319 2136/2492/320
f 1934/2493/303 1928/2494/304 1926/2495/305 1931/2496/321
f 1207/2505/104 1205/2506/116 1758/2507/328 1620/2508/329
f 1835/2484/165 1841/2509/330 1845/2510/331 1838/2485/162
f 1136/2453/205 1148/2452/205 1464/2515/336 1439/2516/337
f 1130/2455/205 1129/2322/205 1426/2325/207 1428/2523/344
f 1635/2524/266 1628/2525/345 1626/2526/346 1631/2527/267
f 1824/2534/353 1830/2535/164 1832/2536/163 1826/2537/279
f 1764/2540/297 2147/2541/356 2150/2542/299 1767/2543/300
f 1928/2546/304 1922/2547/359 1920/2548/360 1926/2549/305
f 1748/2550/304 1742/2551/359 1740/2552/360 1746/2553/305
f 1132/2457/205 1131/2456/205 1430/2556/363 1432/2557/364
f 1980/2558/365 2363/2559/366 2366/2560/367 1983/2561/368
f 1737/2564/371 1727/2565/372 2112/2566/373 2120/2567/374
f 1811/2570/377 2196/2571/378 2198/2572/379 1815/2573/380
f 1742/2551/359 1731/2576/383 1728/2577/384 1740/2552/360
f 1917/2582/383 2300/2583/389 2297/2584/390 1914/2585/391
f 1733/2586/392 1725/2429/287 1721/2432/290 1736/2587/393
f 1122/2438/205 1121/2437/205 1409/2596/400 1412/2597/401
f 1124/2439/205 1122/2438/205 1412/2597/401 1416/2602/406
f 1131/2456/205 1130/2455/205 1428/2523/344 1430/2556/363
f 1146/2408/205 1145/2451/205 1458/2737/462 1460/2409/273
f 1133/2458/205 1132/2457/205 1432/2557/364 1433/2738/425
f 1148/2452/205 1147/2407/205 1461/2410/274 1464/2515/336
f 1134/2459/205 1133/2458/205 1433/2738/425 1436/2739/434
f 1138/2350/205 1137/2447/205 1441/2740/431 1444/2351/225
f 1125/2440/205 1124/2439/205 1416/2602/406 1418/2741/440
f 1841/2742/330 2226/2743/463 2228/2744/464 1845/2745/331
f 1713/2746/365 2096/2747/465 2093/2748/367 1710/2749/368
f 1142/2362/205 1141/2449/205 1450/2750/466 1451/2363/235
f 1806/2751/220 1811/2752/377 1815/2753/380 1808/2754/219
f 1121/2437/205 1123/2460/205 1413/2755/435 1409/2596/400
f 2073/2756/467 1688/2757/331 1685/2758/330 2070/2759/463
f 1135/2454/205 1136/2453/205 1439/2516/337 1437/2760/437
f 2295/2761/468 1910/2762/392 1907/2763/393 2292/2764/469
f 1149/2446/205 1150/2445/205 1467/2765/445 1465/2766/443
f 1137/2447/205 1149/2446/205 1465/2766/443 1441/2740/431
f 1123/2460/205 1134/2459/205 1436/2739/434 1413/2755/435
f 1152/2444/205 1151/2443/205 1469/2767/439 1472/2768/444
f 1140/2448/205 1139/2349/205 1446/2352/226 1448/2769/438
f 1126/2441/205 1125/2440/205 1418/2741/440 1420/2770/409
f 1150/2445/205 1152/2444/205 1472/2768/444 1467/2765/445
f 1141/2449/205 1140/2448/205 1448/2769/438 1450/2750/466
f 1127/2442/205 1126/2441/205 1420/2770/409 1422/2771/410
f 1151/2443/205 1127/2442/205 1422/2771/410 1469/2767/439
f 1686/2772/470 1709/2773/471 2094/2774/472 2069/2775/473
f 1103/2776/48 1100/2777/131 1913/2778/372 1908/2779/371
f 1144/2450/205 1143/2361/205 1454/2364/236 1456/2780/447
f 1128/2323/205 1135/2454/205 1437/2760/437 1423/2324/206
f 1145/2451/205 1144/2450/205 1456/2780/447 1458/2737/462
f 1698/2781/163 1704/2782/279 1706/2783/282 1700/2784/164
f 1820/2785/474 1796/2786/182 2181/2787/475 2205/2788/476
f 2055/2797/485 1670/2798/486 1667/2799/487 2052/2800/488
f 1107/2813/78 1090/2814/74 1859/2815/501 1853/2816/502
f 1192/2347/56 1190/2330/61 1650/2333/213 1647/2348/179
f 1101/2857/42 1102/2858/46 1905/2859/541 1977/2860/542
f 1670/2869/486 1646/2870/551 1644/2871/552 1667/2872/487
f 1505/2915/184 1506/2916/334 1220/2917/339 1217/2918/338
f 1507/2919/185 1505/2915/184 1217/2918/338 1221/2920/591
f 1508/2921/190 1507/2919/185 1221/2920/591 1223/2922/592
f 1509/2923/191 1508/2921/190 1223/2922/592 1225/2924/593
f 1510/2925/143 1511/2926/398 1230/2927/512 1227/2928/511
f 1512/2929/144 1510/2925/143 1227/2928/511 1231/2930/536
f 1513/2931/147 1512/2929/144 1231/2930/536 1233/2932/535
f 1514/2933/148 1513/2931/147 1233/2932/535 1235/2934/594
f 1515/2935/172 1516/2936/171 1240/2937/532 1237/2938/531
f 1517/2939/375 1515/2935/172 1237/2938/531 1241/2940/595
f 1518/2941/381 1517/2939/375 1241/2940/595 1243/2942/596
f 1519/2943/151 1518/2941/381 1243/2942/596 1245/2944/240
f 1520/2945/160 1521/2946/152 1250/2947/239 1247/2948/597
f 1522/2949/332 1520/2945/160 1247/2948/597 1251/2950/598
f 1523/2951/322 1522/2949/332 1251/2950/598 1253/2952/599
f 1524/2953/307 1523/2951/322 1253/2952/599 1255/2954/600
f 1525/2955/354 1526/2956/294 1260/2957/546 1257/2958/545
f 1527/2959/351 1525/2960/354 1257/2863/545 1261/2961/601
f 1506/2916/334 1527/2962/351 1261/2963/601 1220/2917/339
f 1526/2956/294 1528/2964/293 1264/2965/602 1260/2957/546
f 1528/2964/293 1524/2953/307 1255/2954/600 1264/2965/602
f 1521/2966/152 1519/2967/151 1245/2368/240 1250/2367/239
f 1516/2936/171 1529/2968/180 1266/2969/603 1240/2937/532
f 1529/2968/180 1530/2970/188 1268/2971/604 1266/2969/603
f 1530/2970/188 1531/2972/194 1270/2973/275 1268/2971/604
f 1531/2972/194 1532/2974/257 1272/2975/276 1270/2973/275
f 1532/2976/257 1514/2977/148 1235/2978/594 1272/2412/276
f 1511/2926/398 1533/2979/6 1274/2980/605 1230/2927/512
f 1533/2979/6 1534/2981/5 1276/2982/523 1274/2980/605
f 1535/2983/133 1536/2984/369 1280/2985/606 1277/2986/524
f 1534/2987/5 1535/2988/133 1277/2840/524 1276/2839/523
f 1536/2984/369 1509/2923/191 1225/2924/593 1280/2985/606
f 1282/2619/415 1283/2628/420 1284/2991/194 1281/2992/257
f 1286/2993/416 1282/2994/415 1281/2389/257 1285/2245/148
f 1283/2628/420 1287/2627/419 1288/2995/188 1284/2991/194
f 1287/2627/419 1289/2716/454 1290/2996/180 1288/2995/188
f 1289/2716/454 1291/2715/453 1292/2997/171 1290/2996/180
f 1291/2715/453 1293/2720/455 1294/2998/172 1292/2997/171
f 1296/2999/422 1297/3000/421 1298/5/5 1295/1265/133
f 1297/2631/421 1299/2734/460 1300/3001/6 1298/3002/5
f 1299/2734/460 1301/2736/461 1302/3003/398 1300/3001/6
f 1301/2736/461 1303/2608/408 1304/3004/143 1302/3003/398
f 1306/2607/407 1307/2712/452 1308/3005/147 1305/3006/144
f 1307/2712/452 1286/2620/416 1285/3007/148 1308/3005/147
f 1303/2608/408 1306/2607/407 1305/3006/144 1304/3004/143
f 1310/2726/458 1296/2632/422 1295/3008/133 1309/3009/369
f 1312/2650/430 1310/2726/458 1309/3009/369 1311/3010/191
f 1314/2636/424 1315/2635/423 1316/3011/332 1313/3012/160
f 1315/2635/423 1317/2682/441 1318/3013/322 1316/3011/332
f 1317/2682/441 1319/2696/446 1320/3014/307 1318/3013/322
f 1319/2696/446 1321/2702/449 1322/3015/293 1320/3014/307
f 1324/2710/451 1325/2648/429 1326/3016/354 1323/3017/294
f 1325/3018/429 1327/3019/428 1328/2532/351 1326/2538/354
f 1327/2647/428 1329/2660/433 1330/3020/334 1328/3021/351
f 1329/2660/433 1331/2668/436 1332/3022/184 1330/3020/334
f 1334/2644/427 1335/2643/426 1336/3023/190 1333/3024/185
f 1335/2643/426 1312/2650/430 1311/3010/191 1336/3023/190
f 1331/2668/436 1334/2644/427 1333/3024/185 1332/3022/184
f 1321/2702/449 1324/2710/451 1323/3017/294 1322/3015/293
f 1338/2623/417 1314/2636/424 1313/3012/160 1337/3025/152
f 1340/3026/418 1338/3027/417 1337/2249/152 1339/2248/151
f 1342/2724/457 1343/2704/450 1344/3028/381 1341/3029/375
f 1343/2704/450 1340/2624/418 1339/3030/151 1344/3028/381
f 1293/2720/455 1342/2724/457 1341/3029/375 1294/2998/172
f 1346/2685/273 1347/2700/448 1348/3031/269 1345/3032/261
f 1350/2686/274 1346/2685/273 1345/3032/261 1349/3033/249
f 1352/2707/336 1350/2686/274 1349/3033/249 1351/3034/228
f 1354/2708/337 1352/2707/336 1351/3034/228 1353/3035/227
f 1356/2639/364 1357/2658/363 1358/3036/141 1355/3037/139
f 1360/2640/425 1356/2639/364 1355/3037/139 1359/3038/136
f 1362/2663/434 1360/2640/425 1359/3038/136 1361/3039/135
f 1364/2664/435 1362/2663/434 1361/3039/135 1363/3040/310
f 1366/2612/410 1367/2611/409 1368/3041/361 1365/3042/402
f 1370/2676/439 1366/2612/410 1365/3042/402 1369/3043/394
f 1372/2693/444 1370/2676/439 1369/3043/394 1371/3044/386
f 1374/2694/445 1372/2693/444 1371/3044/386 1373/3045/385
f 1376/2653/431 1377/2690/443 1378/3046/259 1375/3047/247
f 1380/2654/225 1376/2653/431 1375/3047/247 1379/3048/237
f 1382/2666/226 1380/2654/225 1379/3048/237 1381/3049/222
f 1384/2674/438 1382/2666/226 1381/3049/222 1383/3050/221
f 1386/2718/236 1387/2722/456 1388/3051/301 1385/3052/326
f 1390/2699/447 1386/2718/236 1385/3052/326 1389/3053/315
f 1347/2700/448 1390/2699/447 1389/3053/315 1348/3031/269
f 1387/2722/456 1391/2688/442 1392/3054/285 1388/3051/301
f 1391/2688/442 1384/2674/438 1383/3050/221 1392/3054/285
f 1377/2690/443 1374/2694/445 1373/3045/385 1378/3046/259
f 1367/2611/409 1393/2680/440 1394/3055/357 1368/3041/361
f 1393/2680/440 1395/2728/406 1396/3056/342 1394/3055/357
f 1395/2728/406 1397/2730/459 1398/3057/324 1396/3056/342
f 1397/2730/459 1399/2678/400 1400/3058/309 1398/3057/324
f 1399/2678/400 1364/2664/435 1363/3040/310 1400/3058/309
f 1357/2658/363 1401/2657/432 1402/3059/347 1358/3036/141
f 1401/2657/432 1403/2732/207 1404/3060/348 1402/3059/347
f 1406/2672/206 1407/2671/437 1408/3061/396 1405/3062/404
f 1403/2732/207 1406/2672/206 1405/3062/404 1404/3060/348
f 1407/2671/437 1354/2708/337 1353/3035/227 1408/3061/396
f 1097/2253/34 1098/3095/37 1982/3096/471 1842/2254/155
f 1112/3306/57 1113/3307/54 1820/2785/474 1884/3308/610
f 1988/3309/611 1992/2482/314 2376/3310/612 2373/3311/291
f 2109/3312/613 2102/3313/614 2487/3314/615 2492/3315/616
f 1880/3316/251 1875/3317/617 1871/3318/618 1878/3319/254
f 1986/3320/619 2010/3321/620 2393/3322/621 2369/3323/622
f 1204/3324/121 1203/3325/126 1743/3326/623 1749/3327/624
f 2246/3328/625 2241/3329/626 2624/3330/627 2631/3331/628
f 1608/3332/629 1991/3333/630 1994/3334/631 1611/3335/632
f 2139/3336/633 1754/3337/303 1752/3338/306 2135/3339/634
f 2232/3340/635 2273/3341/636 2657/3342/637 2615/3343/638
f 1258/3344/110 1262/3345/105 1622/3346/639 1760/3347/640
f 2222/3348/641 2216/3349/642 2601/3350/643 2607/3351/644
f 1998/3352/645 1613/3353/231 1616/3354/234 2001/3355/646
f 2229/3356/177 2222/3348/641 2607/3351/644 2612/3357/647
f 1262/3345/105 1219/3358/102 1617/3359/648 1622/3346/639
f 1417/3360/19 1415/3361/22 1814/3362/649 1827/3363/650
f 1208/3364/119 1204/3324/121 1749/3327/624 1755/3365/651
f 1411/3366/27 1410/3367/29 1802/3368/652 1809/3369/653
f 1763/3370/654 1755/3365/651 2138/3371/655 2148/3372/656
f 1113/3307/54 1110/3373/9 1796/2786/182 1820/2785/474
f 1730/3374/657 1734/3375/658 2117/3376/659 2115/3377/660
f 1410/3367/29 1414/2256/30 1794/2259/159 1802/3368/652
f 2102/3313/614 2097/2279/178 2481/3378/661 2487/3314/615
f 2336/3379/662 2330/3380/663 2715/3381/664 2721/3382/329
f 1718/2430/288 1713/3383/365 1710/3384/368 1716/2431/289
f 1106/3385/81 1107/2813/78 1853/2816/502 1850/3386/665
f 1688/3387/331 1691/2262/162 1695/2265/165 1685/3388/330
f 2330/3380/663 2325/3389/656 2708/3390/666 2715/3381/664
f 2084/3391/667 2079/3392/668 2462/3393/156 2469/3394/166
f 1424/3395/77 1438/3396/86 1847/3397/669 1856/3398/670
f 2090/2397/263 2084/3391/667 2469/3394/166 2475/3399/671
f 1946/2405/271 1941/3400/297 1938/3401/300 1944/2406/272
f 1194/3402/30 1193/2346/53 1671/2317/202 1677/2316/159
f 1842/2254/155 1982/3096/471 2367/3403/472 2225/3404/473
f 2028/3405/672 2051/3406/476 2435/3407/673 2411/3408/610
f 2312/3409/674 2306/3410/675 2691/3411/623 2697/3412/624
f 2043/2314/200 2037/3413/676 2420/3414/677 2427/3415/678
f 1470/3416/33 1421/3417/21 1839/3418/679 1844/3419/176
f 1656/2332/212 1661/3420/680 2046/3421/681 2039/3422/682
f 1421/3417/21 1419/3423/20 1833/3424/643 1839/3418/679
f 1617/3359/648 1610/3425/683 1995/3426/684 2000/3427/685
f 2306/3410/675 2301/3428/660 2685/3429/686 2691/3411/623
f 1218/3430/97 1222/3431/94 1601/3432/622 1610/3425/683
f 1466/3433/45 1468/3434/41 1973/3435/687 1901/3436/616
f 1222/3431/94 1224/3437/90 1625/3438/621 1601/3432/622
f 1827/3363/650 1814/3362/649 2199/3439/688 2210/3440/689
f 1219/3358/102 1218/3430/97 1610/3425/683 1617/3359/648
f 1922/2547/359 1917/3441/383 1914/3442/391 1920/2548/360
f 1637/3443/168 1791/2371/243 1787/2374/246 1640/3444/169
f 1471/3445/36 1470/3416/33 1844/3419/176 1979/3446/175
f 2175/3447/690 2168/3448/691 2553/3449/501 2558/3450/692
f 2177/2321/204 2201/2320/203 2586/3451/693 2561/3452/694
f 2168/3448/691 2049/2315/201 2433/3453/695 2553/3449/501
f 1916/3454/657 1911/3455/658 2294/3456/659 2301/3428/660
f 1275/3457/74 1273/3458/69 1664/2312/198 1785/3459/501
f 1102/2858/46 1103/2776/48 1908/2779/371 1905/2859/541
f 1273/3458/69 1229/3460/66 1658/2313/199 1664/2312/198
f 2183/3461/696 2190/3462/697 2573/3463/698 2568/3464/699
f 1211/3465/27 1212/3466/29 1682/3467/652 1775/3468/653
f 1111/3469/83 1106/3385/81 1850/3386/665 1893/3470/700
f 1210/3471/22 1211/3465/27 1775/3468/653 1769/3472/649
f 1908/2779/371 1913/2778/372 2298/3473/373 2291/3474/374
f 2207/3475/281 1824/3476/353 1826/3477/279 2211/3478/280
f 1770/3479/380 1776/2340/219 1778/2341/220 1773/3480/377
f 1246/3481/42 1249/3482/46 1722/3483/541 1715/3484/542
f 1216/3485/86 1189/3486/85 1634/3487/701 1641/3488/669
f 1090/2814/74 1119/3489/69 1866/3490/198 1859/2815/501
f 1248/3491/48 1252/3492/131 1727/2565/372 1737/2564/371
f 1119/3489/69 1120/3493/66 1872/3494/199 1866/3490/198
f 2118/3495/468 1733/3496/392 1736/3497/393 2121/3498/702
f 1874/3499/212 1869/3500/680 2252/3501/681 2259/3502/682
f 1202/3503/130 1200/3504/47 1734/3375/658 1730/3374/657
f 1887/3505/551 1880/3506/251 1878/3507/254 1883/3508/552
f 1256/3509/122 1263/3510/118 1751/2489/317 1745/3511/703
f 2202/3512/485 1817/3513/486 1821/3514/487 2204/3515/704
f 1259/3516/113 1258/3344/110 1760/3347/640 1766/2490/318
f 2180/3517/705 1797/3518/706 1793/3519/209 2178/3520/707
f 1619/3521/232 1757/3522/271 1761/3523/272 1623/3524/233
f 1889/3525/266 1895/3526/345 1899/3527/346 1892/3528/267
f 1613/3529/231 1619/3521/232 1623/3524/233 1616/3530/234
f 1847/3397/669 1890/3531/708 2273/3341/636 2232/3340/635
f 1757/3522/271 1764/3532/297 1767/3533/300 1761/3523/272
f 1848/3534/169 2231/3535/170 2234/3536/167 1851/3537/168
f 1263/3510/118 1259/3516/113 1766/2490/318 1751/2489/317
f 1100/2777/131 1096/3538/125 1919/3539/709 1913/2778/372
f 1249/3482/46 1248/3491/48 1737/2564/371 1722/3483/541
f 1096/3538/125 1094/3540/122 1925/3541/703 1919/3539/709
f 1265/3542/14 1239/2296/16 1701/2299/166 1707/2396/196
f 1094/3540/122 1108/3543/118 1932/3544/710 1925/3541/703
f 1267/3545/12 1265/3542/14 1707/2396/196 1772/2395/197
f 1108/3543/118 1109/3546/113 1937/3547/318 1932/3544/710
f 1269/3548/4 1267/3545/12 1772/2395/197 1779/3549/218
f 1091/3550/110 1089/3551/105 1949/3552/711 1943/3553/712
f 1238/2297/18 1242/3554/34 1686/2772/470 1694/2298/156
f 2253/3555/713 1868/3556/255 1865/3557/256 2250/3558/714
f 1089/3551/105 1117/3559/102 1956/3560/648 1949/3552/711
f 1271/3561/1 1269/3548/4 1779/3549/218 1680/3562/715
f 2343/3563/645 1958/3564/231 1955/3565/234 2340/3566/716
f 1117/3559/102 1118/3567/97 1962/3568/683 1956/3560/648
f 1655/3569/252 2040/3570/717 2042/3571/718 1659/3572/253
f 1875/3573/617 2258/3574/717 2256/3575/719 1871/3576/618
f 1971/3577/720 1965/3578/721 1961/3579/632 1967/3580/722
f 1665/3581/256 2048/3582/714 2045/3583/723 1662/3584/255
f 1442/3585/47 1466/3433/45 1901/3436/616 1911/3455/658
f 1114/3586/94 1115/3587/90 1898/3588/621 1968/3589/622
f 1228/3590/62 1232/3591/57 1643/3592/610 1652/3593/677
f 1095/2307/14 1093/2266/16 1829/2267/166 1823/2308/196
f 2274/3594/724 1889/3595/266 1892/3596/267 2277/3597/725
f 1278/3598/78 1275/3457/74 1785/3459/501 1790/3599/692
f 1895/3600/345 1971/3577/720 1967/3580/722 1899/3601/346
f 1974/3602/288 1980/3603/365 1983/3604/368 1976/3605/289
f 1641/3488/669 1634/3487/701 2019/3606/636 2024/3607/635
f 1110/3373/9 1104/3608/1 1800/3609/726 1796/2786/182
f 1109/3546/113 1091/3550/110 1943/3553/712 1937/3547/318
f 1186/2420/101 1207/2505/104 1620/2508/329 1614/2421/283
f 1965/3610/721 2348/3611/630 2346/3612/727 1961/3613/632
f 1902/3614/287 1974/3602/288 1976/3605/289 1904/3615/290
f 1187/2434/93 1185/2419/96 1607/2422/284 1605/2435/291
f 1434/2280/56 1431/3616/61 1881/3617/213 1886/2281/179
f 1910/3618/392 1902/3614/287 1904/3615/290 1907/3619/393
f 1604/3620/720 1608/3621/629 1611/3622/632 1602/3623/722
f 2319/3624/633 1934/3625/303 1931/3626/321 2316/3627/728
f 1979/3446/175 1844/3419/176 2229/3356/177 2364/3628/178
f 1189/3486/85 1188/2433/91 1629/2436/292 1634/3487/701
f 1893/3470/700 1850/3386/665 2235/3629/729 2276/3630/730
f 1098/3095/37 1101/2857/42 1977/2860/542 1982/3096/471
f 1191/2331/65 1213/3631/68 1661/3420/680 1656/2332/212
f 1799/3632/211 1806/2751/220 1808/2754/219 1803/3633/208
f 2267/3634/731 2205/2788/476 2588/3635/673 2652/3636/610
f 2015/3637/730 2021/3638/729 2406/3639/732 2399/3640/733
f 2088/3641/689 2154/3642/688 2537/3643/734 2471/3644/735
f 2262/3645/676 2267/3634/731 2652/3636/610 2645/3646/677
f 1992/2482/314 1997/2481/313 2381/3647/736 2376/3310/612
f 2103/3648/737 2108/3649/738 2106/3650/739 2099/3651/740
f 2255/3652/200 2262/3645/676 2645/3646/677 2639/3653/741
f 2012/3654/742 1988/3309/611 2373/3311/291 2397/3655/292
f 2138/3371/655 2132/3656/674 2517/3657/624 2522/3658/743
f 2249/3659/201 2255/3652/200 2639/3653/741 2634/3660/695
f 2000/3427/685 1995/3426/684 2378/3661/744 2385/3662/745
f 2148/3372/656 2138/3371/655 2522/3658/743 2531/3663/666
f 2244/3664/746 2249/3659/201 2634/3660/695 2627/3665/501
f 2003/3666/747 2141/3667/663 2526/3668/328 2388/3669/329
f 2219/3670/748 2225/3404/473 2610/3671/749 2604/3672/156
f 2010/3321/620 2015/3637/730 2399/3640/733 2393/3322/621
f 2214/3673/667 2219/3670/748 2604/3672/156 2597/3674/166
f 2159/3675/750 2153/3676/751 2156/3677/378 2163/3678/752
f 2270/3679/753 2202/3680/485 2204/3681/704 2268/3682/754
f 2127/3683/755 2133/3684/756 2129/3685/757 2123/3686/758
f 2195/3687/759 2208/3688/760 2591/3689/671 2579/3690/761
f 2114/3691/389 2127/3692/755 2123/3693/758 2111/3694/390
f 2205/2788/476 2181/2787/475 2564/3695/762 2588/3635/673
f 2112/2566/373 2124/3696/763 2507/3697/709 2495/3698/764
f 2196/3699/378 2189/3700/752 2193/3701/750 2198/3702/379
f 2108/3649/738 2118/3703/468 2121/3704/702 2106/3650/739
f 2337/3705/765 2343/3706/645 2340/3707/716 2333/3708/766
f 2096/3709/465 2103/3648/737 2099/3651/740 2093/3710/367
f 2247/3711/767 2253/3712/713 2250/3713/714 2243/3714/768
f 2072/2278/177 2075/3715/769 2460/3716/679 2457/3717/647
f 2331/3718/770 2337/3705/765 2333/3708/766 2327/3719/771
f 2076/3720/772 2073/3721/467 2070/3722/463 2078/3723/773
f 2240/3724/774 2247/3711/767 2243/3714/768 2237/3725/775
f 2082/3726/642 2088/3641/689 2471/3644/735 2465/3727/643
f 2324/3728/298 2331/3718/770 2327/3719/771 2321/3729/299
f 2060/2319/204 2054/2318/203 2439/3730/693 2445/3731/694
f 2220/3732/773 2213/3733/776 2217/3734/777 2223/3735/772
f 2031/3736/753 2055/3737/485 2052/3738/488 2027/3739/754
f 2313/3740/756 2319/3741/633 2316/3742/728 2309/3743/757
f 2034/3744/778 2031/3736/753 2027/3739/754 2036/3745/779
f 2226/3746/463 2220/3747/773 2223/3748/772 2228/3749/464
f 2039/3422/682 2046/3421/681 2429/3750/780 2423/3751/781
f 2213/3733/776 2207/3752/281 2211/3753/280 2217/3734/777
f 2013/3754/782 2018/3755/265 2016/3756/268 2009/3757/783
f 2307/3758/755 2313/3740/756 2309/3743/757 2303/3759/758
f 1989/3760/784 2013/3754/782 2009/3757/783 1985/3761/785
f 2372/3762/720 2375/3763/786 2379/3764/787 2370/3765/722
f 1991/3766/630 1989/3767/784 1985/3768/785 1994/3769/631
f 2210/3440/689 2199/3439/688 2583/3770/734 2595/3771/735
f 2004/3772/765 1998/3773/645 2001/3774/646 2006/3775/766
f 2300/3776/389 2307/3777/755 2303/3778/758 2297/3779/390
f 2174/3780/775 2022/3781/167 2025/3782/170 2172/3783/774
f 2364/3628/178 2229/3356/177 2612/3357/647 2748/3784/661
f 2169/3785/768 2174/3780/775 2172/3783/774 2165/3786/767
f 2199/3439/688 2192/3787/788 2577/3788/653 2583/3770/734
f 2037/3413/676 2028/3405/672 2411/3408/610 2420/3414/677
f 2301/3428/660 2294/3456/659 2678/3789/789 2685/3429/686
f 2048/3790/714 2169/3785/768 2165/3786/767 2045/3791/723
f 2291/3474/374 2298/3473/373 2681/3792/764 2675/3793/790
f 2049/2315/201 2043/2314/200 2427/3415/678 2433/3453/695
f 2189/3700/752 2184/3794/791 2186/3795/792 2193/3701/750
f 2063/3796/696 2162/3797/697 2547/3798/218 2448/3799/715
f 2238/3800/690 2244/3664/746 2627/3665/501 2621/3801/692
f 2079/3392/668 2069/2775/473 2453/3802/749 2462/3393/156
f 1703/3803/650 1769/3472/649 2154/3642/688 2088/3641/689
f 1224/3437/90 1226/3804/83 1632/3805/793 1625/3438/621
f 1817/3806/486 1887/3505/551 1883/3508/552 1821/3807/487
f 1244/3808/37 1246/3481/42 1715/3484/542 1709/2773/471
f 1229/3460/66 1228/3590/62 1652/3593/677 1658/2313/199
f 1797/3809/706 1799/3632/211 1803/3633/208 1793/3810/209
f 2154/3642/688 2160/3811/788 2543/3812/653 2537/3643/734
f 1232/3591/57 1234/2286/54 1668/2289/183 1643/3592/610
f 2201/2320/203 2271/3813/794 2654/3814/179 2586/3451/693
f 2160/3811/788 2067/3815/795 2450/3816/652 2543/3812/653
f 1646/2870/551 1649/3817/251 1653/3818/254 1644/2871/552
f 1425/3819/73 1424/3395/77 1856/3398/670 1863/3820/628
f 2067/3815/795 2060/2319/204 2445/3731/694 2450/3816/652
f 1236/2287/9 1271/3561/1 1680/3562/715 1673/2288/182
f 1438/3396/86 1440/3821/85 1890/3531/708 1847/3397/669
f 1784/2372/244 1665/3822/256 1662/3823/255 1782/2373/245
f 1196/3824/20 1209/3825/19 1703/3803/650 1697/3826/643
f 1443/3827/130 1442/3585/47 1911/3455/658 1916/3454/657
f 1213/3631/68 1214/3828/73 1781/3829/628 1661/3420/680
f 1195/3830/21 1196/3824/20 1697/3826/643 1692/3831/679
f 1445/3832/126 1443/3827/130 1916/3454/657 1923/3833/623
f 1214/3828/73 1215/3834/77 1788/3835/670 1781/3829/628
f 1198/3836/36 1197/3837/33 1689/2277/176 1712/2276/175
f 1447/3838/121 1445/3832/126 1923/3833/623 1929/3839/624
f 1279/3840/81 1278/3598/78 1790/3599/692 1638/3841/665
f 1199/3842/41 1198/3836/36 1712/2276/175 1719/3843/615
f 1449/3844/119 1447/3838/121 1929/3839/624 1935/3845/651
f 1226/3804/83 1279/3840/81 1638/3841/665 1632/3805/793
f 1201/3846/45 1199/3842/41 1719/3843/615 1724/3847/616
f 1453/3848/116 1452/3849/609 1940/3850/654 1947/3851/328
f 1429/3852/65 1427/3853/68 1869/3500/680 1874/3499/212
f 1203/3325/126 1202/3503/130 1730/3374/657 1743/3326/623
f 1455/3854/104 1453/3848/116 1947/3851/328 1953/3855/329
f 1964/3856/284 1959/3857/283 2342/3858/313 2349/3859/314
f 2130/3860/796 2136/2492/320 2520/3861/797 2513/3862/703
f 1457/3863/101 1455/3854/104 1953/3855/329 1959/3857/283
f 2271/3813/794 2264/3864/798 2649/3865/213 2654/3814/179
f 2132/3656/674 2126/3866/675 2511/3867/623 2517/3657/624
f 1459/3868/96 1457/3863/101 1959/3857/283 1964/3856/284
f 2351/3869/619 2283/3870/799 2666/3871/621 2736/3872/622
f 1997/2481/313 2003/3666/747 2388/3669/329 2381/3647/736
f 2355/3873/611 2349/3859/314 2733/3874/612 2738/3875/291
f 2264/3864/798 2259/3502/682 2643/3876/781 2649/3865/213
f 2145/3877/800 2007/3878/801 2390/3879/639 2528/3880/640
f 1462/3881/93 1459/3868/96 1964/3856/284 1970/3882/291
f 1118/3567/97 1114/3586/94 1968/3589/622 1962/3568/683
f 2151/2491/319 2145/3877/800 2528/3880/640 2535/3883/802
f 1463/3884/91 1462/3881/93 1970/3882/291 1896/3885/292
f 1104/3608/1 1105/2338/4 1805/2339/218 1800/3609/726
f 1206/3886/115 1208/3364/119 1755/3365/651 1763/3370/654
f 1452/3849/609 1449/3844/119 1935/3845/651 1940/3850/654
f 1440/3821/85 1463/3884/91 1896/3885/292 1890/3531/708
f 2115/3377/660 2117/3376/659 2502/3887/789 2499/3888/686
f 2286/3889/803 2358/3890/614 2741/3891/687 2669/3892/616
f 1431/3616/61 1429/3852/65 1874/3499/212 1881/3617/213
f 1200/3504/47 1201/3846/45 1724/3847/616 1734/3375/658
f 2285/3893/738 2295/3894/468 2292/3895/469 2289/3896/739
f 1940/3850/654 1935/3845/651 2318/3897/655 2325/3389/656
f 1242/3554/34 1244/3808/37 1709/2773/471 1686/2772/470
f 1857/2427/246 1848/3898/169 1851/3899/168 1854/2428/243
f 1427/3853/68 1425/3819/73 1863/3820/628 1869/3500/680
f 1209/3825/19 1210/3471/22 1769/3472/649 1703/3803/650
f 2367/3403/472 2360/3900/804 2745/3901/542 2750/3902/805
f 2190/3462/697 2195/3687/759 2579/3690/761 2573/3463/698
f 2555/3903/246 2409/3904/806 2405/3905/807 2559/3906/243
f 2565/3907/808 2567/3908/211 2571/3909/208 2562/3910/809
f 2414/3911/551 2417/3912/251 2421/3913/254 2412/3914/552
f 2444/3915/809 2438/3916/810 2436/3917/811 2442/3918/808
f 2430/3919/812 2550/3920/245 2552/3921/244 2432/3922/813
f 2544/3923/219 2451/3924/208 2447/3925/211 2546/3926/220
f 2456/3927/814 2459/3928/162 2463/3929/165 2454/3930/815
f 2550/3920/245 2555/3903/246 2559/3906/243 2552/3921/244
f 2486/3931/288 2480/3932/816 2478/3933/817 2484/3934/289
f 2472/3935/818 2538/3936/819 2540/3937/820 2474/3938/821
f 2501/3939/822 2493/3940/287 2489/3941/290 2505/3942/823
f 2532/3943/824 2523/3944/825 2519/3945/826 2534/3946/827
f 2525/3947/271 2532/3943/824 2534/3946/827 2529/3948/272
f 2387/3949/232 2525/3947/271 2529/3948/272 2391/3950/233
f 2618/3951/807 2622/3952/243 2625/3953/246 2616/3954/806
f 2402/3955/828 2396/3956/345 2394/3957/346 2400/3958/829
f 2523/3944/825 2516/3959/304 2514/3960/305 2519/3945/826
f 2516/3961/304 2510/3962/359 2508/3963/360 2514/3964/305
f 2751/3965/817 2744/3966/289 2742/3967/288 2747/3968/816
f 2510/3962/359 2498/3969/830 2496/3970/831 2508/3963/360
f 2735/3971/722 2667/3972/346 2663/3973/345 2739/3974/720
f 2493/3940/287 2486/3931/288 2484/3934/289 2489/3941/290
f 2676/3975/823 2682/3976/831 2684/3977/830 2679/3978/822
f 2459/3928/162 2466/3979/163 2468/3980/164 2463/3929/165
f 2723/3981/832 2730/3982/787 2732/3983/786 2726/3984/833
f 2480/3932/816 2456/3927/814 2454/3930/815 2478/3933/817
f 2718/3985/233 2723/3981/832 2726/3984/833 2720/3986/232
f 2451/3924/208 2444/3915/809 2442/3918/808 2447/3925/211
f 2712/3987/272 2718/3985/233 2720/3986/232 2714/3988/271
f 2417/3989/251 2424/3990/834 2426/3991/835 2421/3992/254
f 2699/3993/826 2706/3994/827 2709/3995/824 2702/3996/825
f 2694/3997/305 2699/3993/826 2702/3996/825 2696/3998/304
f 2438/3916/810 2414/3911/551 2412/3914/552 2436/3917/811
f 2688/3999/360 2694/4000/305 2696/4001/304 2690/4002/359
f 2409/3904/806 2402/3955/828 2400/3958/829 2405/3905/807
f 2744/3966/289 2672/4003/290 2670/4004/287 2742/3967/288
f 2375/3763/786 2382/4005/833 2384/4006/832 2379/3764/787
f 2396/4007/345 2372/3762/720 2370/3765/722 2394/4008/346
f 2667/4009/346 2661/4010/829 2658/4011/828 2663/4012/345
f 2567/3908/211 2574/4013/220 2576/4014/219 2571/3909/208
f 2622/3952/243 2628/4015/244 2630/4016/245 2625/3953/246
f 2646/4017/254 2651/4018/552 2655/4019/551 2648/4020/251
f 2633/4021/813 2640/4022/835 2642/4023/834 2636/4024/812
f 2661/4010/829 2618/3951/807 2616/3954/806 2658/4011/828
f 2603/4025/165 2609/4026/815 2613/4027/814 2606/4028/162
f 2598/4029/164 2603/4025/165 2606/4028/162 2600/4030/163
f 2651/4018/552 2589/4031/811 2585/4032/810 2655/4019/551
f 2580/4033/820 2592/4034/821 2594/4035/818 2582/4036/819
f 2672/4003/290 2676/3975/823 2679/3978/822 2670/4004/287
f 2592/4034/821 2598/4037/164 2600/4038/163 2594/4035/818
f 2628/4015/244 2633/4021/813 2636/4024/812 2630/4016/245
f 2682/3976/831 2688/3999/360 2690/4002/359 2684/3977/830
f 2574/4013/220 2580/4033/820 2582/4036/819 2576/4014/219
f 2706/3994/827 2712/3987/272 2714/3988/271 2709/3995/824
f 2609/4026/815 2751/3965/817 2747/3968/816 2613/4027/814
f 2640/4022/835 2646/4039/254 2648/4040/251 2642/4023/834
f 2730/3982/787 2735/3971/722 2739/3974/720 2732/3983/786
f 2538/3936/819 2544/3923/219 2546/3926/220 2540/3937/820
f 2424/3990/834 2430/3919/812 2432/3922/813 2426/3991/835
f 2466/4041/163 2472/3935/818 2474/3938/821 2468/4042/164
f 2498/3969/830 2501/3939/822 2505/3942/823 2496/3970/831
f 2382/4005/833 2387/3949/232 2391/3950/233 2384/4006/832
f 2589/4031/811 2565/3907/808 2562/3910/809 2585/4032/810
f 2094/2774/472 2100/4043/804 2483/4044/542 2477/4045/805
f 2040/4046/717 2034/4047/778 2036/4048/779 2042/4049/718
f 2187/4050/795 2177/2321/204 2561/3452/694 2570/4051/652
f 2166/4052/836 2171/4053/626 2556/4054/670 2549/4055/628
f 2054/2318/203 2030/4056/794 2415/4057/179 2439/3730/693
f 2280/4058/782 2274/4059/724 2277/4060/725 2282/4061/783
f 2066/4062/792 2159/3675/750 2163/3678/752 2064/4063/791
f 2033/4064/798 2039/3422/682 2423/3751/781 2418/4065/213
f 2231/4066/170 2240/3724/774 2237/3725/775 2234/4067/167
f 2061/4068/837 2066/4062/792 2064/4063/791 2057/4069/705
f 2058/4070/475 2063/3796/696 2448/3799/715 2441/4071/762
f 2235/3629/729 2238/3800/690 2621/3801/692 2619/4072/732
f 2046/3421/681 2166/4052/836 2549/4055/628 2429/3750/780
f 2081/4073/777 2076/4074/772 2078/4075/773 2085/4076/776
f 2298/3473/373 2304/4077/763 2687/4078/709 2681/3792/764
f 2051/3406/476 2058/4070/475 2441/4071/762 2435/3407/673
f 2097/2279/178 2072/2278/177 2457/3717/647 2481/3378/661
f 2304/4077/763 2310/4079/838 2693/4080/703 2687/4078/709
f 2171/4053/626 2024/3607/635 2408/4081/638 2556/4054/670
f 2075/3715/769 2082/3726/642 2465/3727/643 2460/3716/679
f 2310/4079/838 2315/4082/320 2700/4083/797 2693/4080/703
f 2184/3794/791 2180/4084/705 2178/4085/707 2186/3795/792
f 2100/4043/804 2105/4086/839 2490/4087/541 2483/4044/542
f 2315/4082/320 2322/4088/319 2705/4089/840 2700/4083/797
f 2024/3607/635 2019/3606/636 2403/4090/637 2408/4081/638
f 2120/2567/374 2112/2566/373 2495/3698/764 2504/4091/790
f 2328/4092/800 2334/4093/801 2717/4094/711 2711/4095/712
f 2259/3502/682 2252/3501/681 2637/4096/780 2643/3876/781
f 2126/3866/675 2115/3377/660 2499/3888/686 2511/3867/623
f 2334/4093/801 2339/4097/685 2724/4098/841 2717/4094/711
f 2349/3859/314 2342/3858/313 2727/4099/736 2733/3874/612
f 2124/3696/763 2130/3860/796 2513/3862/703 2507/3697/709
f 2339/4097/685 2345/4100/684 2729/4101/744 2724/4098/841
f 2258/4102/717 2265/4103/778 2261/4104/779 2256/4105/719
f 2133/3684/756 2139/4106/633 2135/4107/634 2129/3685/757
f 2345/4100/684 2351/3869/619 2736/3872/622 2729/4101/744
f 2357/4108/737 2285/3893/738 2289/3896/739 2361/4109/740
f 2147/4110/356 2142/4111/770 2144/4112/771 2150/4113/299
f 2354/4114/784 2280/4058/782 2282/4061/783 2352/4115/785
f 2208/3688/760 2214/3673/667 2597/3674/166 2591/3689/671
f 2142/4111/770 2004/3772/765 2006/3775/766 2144/4112/771
f 2283/3870/799 2276/3630/730 2660/4116/733 2666/3871/621
f 2279/4117/842 2355/3873/611 2738/3875/291 2664/4118/292
f 2007/3878/801 2000/3427/685 2385/3662/745 2390/3879/639
f 2358/3890/614 2364/3628/178 2748/3784/661 2741/3891/687
f 2181/2787/475 2183/3461/696 2568/3464/699 2564/3695/762
f 2141/3667/663 2148/3372/656 2531/3663/666 2526/3668/328
f 2322/4088/319 2328/4092/800 2711/4095/712 2705/4089/840
f 2348/4119/630 2354/4120/784 2352/4121/785 2346/4122/727
f 2136/2492/320 2151/2491/319 2535/3883/802 2520/3861/797
f 2288/4123/843 2291/3474/374 2675/3793/790 2673/4124/541
f 2265/4125/778 2270/3679/753 2268/3682/754 2261/4126/779
f 2105/4086/839 2120/2567/374 2504/4091/790 2490/4087/541
f 2294/3456/659 2286/3889/803 2669/3892/616 2678/3789/789
f 2325/3389/656 2318/3897/655 2703/4127/743 2708/3390/666
f 2087/4128/280 2081/4073/777 2085/4076/776 2091/4129/281
f 2241/3329/626 2232/3340/635 2615/3343/638 2624/3330/627
f 2276/3630/730 2235/3629/729 2619/4072/732 2660/4116/733
f 2157/2398/264 2090/2397/263 2475/3399/671 2541/4130/761
f 2363/4131/366 2357/4108/737 2361/4109/740 2366/4132/367
f 2192/3787/788 2187/4050/795 2570/4051/652 2577/3788/653
f 2162/3797/697 2157/2398/264 2541/4130/761 2547/3798/218
f 2225/3404/473 2367/3403/472 2750/3902/805 2610/3671/749
f 2360/3900/804 2288/4123/843 2673/4124/541 2745/3901/542
f 2019/3606/636 2012/3654/742 2397/3655/292 2403/4090/637
f 1632/3805/793 1638/3841/665 2021/3638/729 2015/3637/730
f 1205/2506/116 1206/3886/115 1763/3370/654 1758/2507/328
f 2153/4133/751 1770/4134/380 1773/4135/377 2156/4136/378
f 1731/4137/383 2114/4138/389 2111/4139/390 1728/4140/384
f 1252/3492/131 1254/4141/125 1739/4142/709 1727/2565/372
f 2117/3376/659 2109/3312/613 2492/3315/616 2502/3887/789
f 1254/4141/125 1256/3509/122 1745/3511/703 1739/4142/709
f 2069/2775/473 2094/2774/472 2477/4045/805 2453/3802/749
f 1197/3837/33 1195/3830/21 1692/3831/679 1689/2277/176
f 1676/4143/209 2061/4144/837 2057/4145/705 1674/4146/210
f 1212/3466/29 1194/3402/30 1677/2316/159 1682/3467/652
f 2030/4056/794 2033/4064/798 2418/4065/213 2415/4057/179
f 1668/2289/183 1673/2288/182 2058/4070/475 2051/3406/476
f 2021/3638/729 2175/3447/690 2558/3450/692 2406/3639/732
f 1215/3834/77 1216/3485/86 1641/3488/669 1788/3835/670
f 2252/3501/681 2246/3328/625 2631/3331/628 2637/4096/780
f 1866/3490/198 1872/3494/199 2255/3652/200 2249/3659/201
f 2273/3341/636 2279/4117/842 2664/4118/292 2657/3342/637
f 1115/3587/90 1111/3469/83 1893/3470/700 1898/3588/621
f 2342/3858/313 2336/3379/662 2721/3382/329 2727/4099/736
f 1956/3560/648 1962/3568/683 2345/4100/684 2339/4097/685
f 2318/3897/655 2312/3409/674 2697/3412/624 2703/4127/743
f 1932/3544/710 1937/3547/318 2322/4088/319 2315/4082/320
f 1468/3434/41 1471/3445/36 1979/3446/175 1973/3435/687
f 1995/3426/684 1986/3320/619 2369/3323/622 2378/3661/744
f 2216/3349/642 2210/3440/689 2595/3771/735 2601/3350/643
f 1419/3423/20 1417/3360/19 1827/3363/650 1833/3424/643
f 1415/3361/22 1411/3366/27 1809/3369/653 1814/3362/649
f 1812/2309/197 1823/2308/196 2208/3688/760 2195/3687/759
f 1116/4147/62 1112/3306/57 1884/3308/610 1877/4148/677
f 1120/3493/66 1116/4147/62 1877/4148/677 1872/3494/199
f 2151/2491/319 1766/2490/318 1768/4149/844 2152/4150/845
f 2152/4151/845 1768/4152/844 1767/2543/300 2150/2542/299
f 2211/3478/280 1826/3477/279 1828/4153/846 2212/4154/847
f 2212/4155/847 1828/4156/846 1827/3363/650 2210/3440/689
f 2199/3439/688 1814/3362/649 1816/4157/848 2200/4158/849
f 2200/4159/849 1816/4160/848 1815/2573/380 2198/2572/379
f 1794/2259/159 2177/2321/204 2179/4161/850 1795/4162/851
f 1795/4163/851 2179/4164/850 2178/3520/707 1793/3519/209
f 1728/4140/384 2111/4139/390 2113/4165/852 1729/4166/853
f 1729/4167/853 2113/4168/852 2112/2566/373 1727/2565/372
f 1737/2564/371 2120/2567/374 2122/4169/854 1738/4170/855
f 1738/4171/855 2122/4172/854 2121/3498/702 1736/3497/393
f 1956/3560/648 2339/4097/685 2341/4173/856 1957/4174/857
f 1957/4175/857 2341/4176/856 2340/3566/716 1955/3565/234
f 1866/3490/198 2249/3659/201 2251/4177/858 1867/4178/859
f 1867/4179/859 2251/4180/858 2250/3558/714 1865/3557/256
f 1710/2749/368 2093/2748/367 2095/4181/860 1711/4182/861
f 1711/4183/861 2095/4184/860 2094/2774/472 1709/2773/471
f 1686/2772/470 2069/2775/473 2071/4185/862 1687/4186/863
f 1687/4187/863 2071/4188/862 2070/2759/463 1685/2758/330
f 2322/4088/319 1937/3547/318 1939/4189/864 2323/4190/865
f 2323/4180/865 1939/4191/864 1938/2468/300 2321/2467/299
f 1674/4146/210 2057/4145/705 2059/4192/866 1675/4193/867
f 1675/4194/867 2059/4195/866 2058/4070/475 1673/2288/182
f 1668/2289/183 2051/3406/476 2053/4196/868 1669/4197/869
f 1669/4198/869 2053/4199/868 2052/2800/488 1667/2799/487
f 1932/3544/710 2315/4082/320 2317/4200/870 1933/4201/871
f 1933/4202/871 2317/4203/870 2316/3627/728 1931/3626/321
f 2043/2314/200 1658/2313/199 1660/4204/872 2044/4205/873
f 2044/4206/873 1660/4207/872 1659/3572/253 2042/3571/718
f 1632/3805/793 2015/3637/730 2017/4208/874 1633/4209/875
f 1633/4210/875 2017/4211/874 2016/2402/268 1631/2401/267
f 1824/3476/353 2207/3475/281 2209/4212/876 1825/4213/877
f 1825/4214/877 2209/4215/876 2208/3688/760 1823/2308/196
f 2001/3355/646 1616/3354/234 1618/4216/878 2002/4217/879
f 2002/4218/879 1618/4219/878 1617/3359/648 2000/3427/685
f 1611/3335/632 1994/3334/631 1996/4220/880 1612/4221/881
f 1612/4222/881 1996/4223/880 1995/3426/684 1610/3425/683
f 1635/2400/266 2018/2399/265 2020/4224/882 1636/4225/883
f 1636/4226/883 2020/4227/882 2019/3606/636 1634/3487/701
f 2226/2743/463 1841/2742/330 1843/4228/863 2227/4229/862
f 2227/4230/862 1843/4231/863 1842/2254/155 2225/3404/473
f 1983/2561/368 2366/2560/367 2368/4232/860 1984/4233/884
f 1984/4234/884 2368/4235/860 2367/3403/472 1982/3096/471
f 1812/2309/197 2195/3687/759 2197/4236/885 1813/4237/886
f 1813/4238/886 2197/4239/885 2196/2571/378 1811/2570/377
f 1641/3488/669 2024/3607/635 2026/4240/887 1642/4241/888
f 1642/4242/888 2026/4243/887 2025/2271/170 1640/2270/169
f 1914/2585/391 2297/2584/390 2299/4244/852 1915/4245/889
f 1915/4246/889 2299/4247/852 2298/3473/373 1913/2778/372
f 2040/3570/717 1655/3569/252 1657/4248/890 2041/4249/891
f 2041/4250/891 1657/4251/890 1656/2332/212 2039/3422/682
f 1662/3584/255 2045/3583/723 2047/4252/892 1663/4253/893
f 1663/4254/893 2047/4255/892 2046/3421/681 1661/3420/680
f 2181/2787/475 1796/2786/182 1798/4256/894 2182/4257/866
f 2182/4258/866 1798/4259/894 1797/3518/706 2180/3517/705
f 1677/2316/159 2060/2319/204 2062/4260/850 1678/4261/895
f 1678/4262/895 2062/4263/850 2061/4144/837 1676/4143/209
f 2277/3597/725 1892/3596/267 1894/4264/875 2278/4265/874
f 2278/4266/874 1894/4267/875 1893/3470/700 2276/3630/730
f 1851/3537/168 2234/3536/167 2236/4268/896 1852/4269/897
f 1852/4270/897 2236/4271/896 2235/3629/729 1850/3386/665
f 1908/2779/371 2291/3474/374 2293/4272/898 1909/4273/899
f 1909/4274/899 2293/4275/898 2292/2764/469 1907/2763/393
f 2229/3356/177 1844/3419/176 1846/4276/900 2230/4277/901
f 2230/4278/901 1846/4279/900 1845/2745/331 2228/2744/464
f 2154/3642/688 1769/3472/649 1771/4280/848 2155/4281/849
f 2155/4282/849 1771/4283/848 1770/4134/380 2153/4133/751
f 1605/2435/291 1607/2422/284 1609/4284/902 1606/4285/903
f 1606/4286/903 1609/4287/902 1608/3621/629 1604/3620/720
f 1629/2436/292 1605/2435/291 1606/4285/903 1630/4288/904
f 1630/4289/904 1606/4290/903 1604/4291/720 1628/2525/345
f 1634/3487/701 1629/2436/292 1630/4288/904 1636/4226/883
f 1636/4292/883 1630/4289/904 1628/2525/345 1635/2524/266
f 1650/2333/213 1656/2332/212 1657/4251/890 1651/4293/905
f 1651/4294/905 1657/4295/890 1655/2382/252 1649/2381/251
f 1647/2348/179 1650/2333/213 1651/4293/905 1648/4296/906
f 1648/4297/906 1651/4298/905 1649/3817/251 1646/2870/551
f 1671/2317/202 1647/2348/179 1648/4296/906 1672/4299/907
f 1672/4300/907 1648/4297/906 1646/2870/551 1670/2869/486
f 1692/3831/679 1697/3826/643 1699/4301/908 1693/4302/909
f 1693/4303/909 1699/4304/908 1698/2263/163 1691/2262/162
f 1689/2277/176 1692/3831/679 1693/4302/909 1690/4305/910
f 1690/4306/910 1693/4303/909 1691/2262/162 1688/3387/331
f 1719/3843/615 1712/2276/175 1714/4307/911 1720/4308/912
f 1720/4309/912 1714/4310/911 1713/3383/365 1718/2430/288
f 1734/3375/658 1724/3847/616 1726/4311/913 1735/4312/914
f 1735/4313/914 1726/4314/913 1725/2429/287 1733/2586/392
f 1743/3326/623 1730/3374/657 1732/4315/915 1744/4316/916
f 1744/4317/916 1732/4318/915 1731/2576/383 1742/2551/359
f 1749/3327/624 1743/3326/623 1744/4316/916 1750/4319/917
f 1750/4320/917 1744/4317/916 1742/2551/359 1748/2550/304
f 1758/2507/328 1763/3370/654 1765/4321/918 1759/4322/919
f 1759/4323/919 1765/4324/918 1764/3532/297 1757/3522/271
f 1620/2508/329 1758/2507/328 1759/4322/919 1621/4325/920
f 1621/4326/920 1759/4323/919 1757/3522/271 1619/3521/232
f 1614/2421/283 1620/2508/329 1621/4325/920 1615/4327/921
f 1615/4328/921 1621/4326/920 1619/3521/232 1613/3529/231
f 1755/3365/651 1749/3327/624 1750/4319/917 1756/4329/922
f 1756/4330/922 1750/4331/917 1748/2472/304 1754/2471/303
f 1724/3847/616 1719/3843/615 1720/4308/912 1726/4311/913
f 1726/4314/913 1720/4309/912 1718/2430/288 1725/2429/287
f 1697/3826/643 1703/3803/650 1705/4332/846 1699/4301/908
f 1699/4333/908 1705/4334/846 1704/2782/279 1698/2781/163
f 1769/3472/649 1775/3468/653 1777/4335/923 1771/4280/848
f 1771/4336/848 1777/4337/923 1776/2340/219 1770/3479/380
f 1775/3468/653 1682/3467/652 1684/4338/924 1777/4335/923
f 1777/4337/923 1684/4339/924 1683/2326/208 1776/2340/219
f 1682/3467/652 1677/2316/159 1678/4261/895 1684/4338/924
f 1684/4339/924 1678/4340/895 1676/2327/209 1683/2326/208
f 1661/3420/680 1781/3829/628 1783/4341/925 1663/4254/893
f 1663/4342/893 1783/4343/925 1782/2373/245 1662/3823/255
f 1788/3835/670 1641/3488/669 1642/4241/888 1789/4344/926
f 1789/4345/926 1642/4346/888 1640/3444/169 1787/2374/246
f 1781/3829/628 1788/3835/670 1789/4344/926 1783/4341/925
f 1783/4343/925 1789/4345/926 1787/2374/246 1782/2373/245
f 1602/3623/722 1611/3622/632 1612/4347/881 1603/4348/927
f 1603/4349/927 1612/4222/881 1610/3425/683 1601/3432/622
f 1626/4350/346 1602/3623/722 1603/4348/927 1627/4351/928
f 1627/4352/928 1603/4349/927 1601/3432/622 1625/3438/621
f 1631/2527/267 1626/2526/346 1627/4353/928 1633/4354/875
f 1633/4209/875 1627/4352/928 1625/3438/621 1632/3805/793
f 1653/2384/254 1659/2383/253 1660/4355/872 1654/4356/929
f 1654/4357/929 1660/4204/872 1658/2313/199 1652/3593/677
f 1644/2871/552 1653/3818/254 1654/4358/929 1645/4359/930
f 1645/4360/930 1654/4357/929 1652/3593/677 1643/3592/610
f 1667/2872/487 1644/2871/552 1645/4359/930 1669/4361/869
f 1669/4197/869 1645/4360/930 1643/3592/610 1668/2289/183
f 1695/2265/165 1700/2264/164 1702/4362/931 1696/4363/932
f 1696/4364/932 1702/4365/931 1701/2299/166 1694/2298/156
f 1685/3388/330 1695/2265/165 1696/4363/932 1687/4366/863
f 1687/4186/863 1696/4364/932 1694/2298/156 1686/2772/470
f 1716/2431/289 1710/3384/368 1711/4367/861 1717/4368/933
f 1717/4369/933 1711/4183/861 1709/2773/471 1715/3484/542
f 1736/2587/393 1721/2432/290 1723/4370/934 1738/4371/855
f 1738/4170/855 1723/4372/934 1722/3483/541 1737/2564/371
f 1740/2552/360 1728/2577/384 1729/4373/853 1741/4374/935
f 1741/4375/935 1729/4167/853 1727/2565/372 1739/4142/709
f 1746/2553/305 1740/2552/360 1741/4374/935 1747/4376/936
f 1747/4377/936 1741/4375/935 1739/4142/709 1745/3511/703
f 1761/3523/272 1767/3533/300 1768/4378/844 1762/4379/937
f 1762/4380/937 1768/4149/844 1766/2490/318 1760/3347/640
f 1623/3524/233 1761/3523/272 1762/4379/937 1624/4381/938
f 1624/4382/938 1762/4380/937 1760/3347/640 1622/3346/639
f 1616/3530/234 1623/3524/233 1624/4381/938 1618/4383/878
f 1618/4219/878 1624/4382/938 1622/3346/639 1617/3359/648
f 1752/2474/306 1746/2473/305 1747/4384/936 1753/4385/939
f 1753/4386/939 1747/4377/936 1745/3511/703 1751/2489/317
f 1721/2432/290 1716/2431/289 1717/4368/933 1723/4370/934
f 1723/4372/934 1717/4369/933 1715/3484/542 1722/3483/541
f 1700/2784/164 1706/2783/282 1708/4387/940 1702/4388/931
f 1702/4365/931 1708/4389/940 1707/2396/196 1701/2299/166
f 1773/3480/377 1778/2341/220 1780/4390/941 1774/4391/942
f 1774/4392/942 1780/4393/941 1779/3549/218 1772/2395/197
f 1778/2341/220 1679/2329/211 1681/4394/943 1780/4390/941
f 1780/4393/941 1681/4395/943 1680/3562/715 1779/3549/218
f 1679/2329/211 1674/2328/210 1675/4396/867 1681/4394/943
f 1681/4395/943 1675/4194/867 1673/2288/182 1680/3562/715
f 1665/3822/256 1784/2372/244 1786/4397/944 1666/4398/945
f 1666/4399/945 1786/4400/944 1785/3459/501 1664/2312/198
f 1791/2371/243 1637/3443/168 1639/4401/946 1792/4402/947
f 1792/4403/947 1639/4404/946 1638/3841/665 1790/3599/692
f 1784/2372/244 1791/2371/243 1792/4402/947 1786/4397/944
f 1786/4400/944 1792/4403/947 1790/3599/692 1785/3459/501
f 1878/3319/254 1871/3318/618 1873/4405/948 1879/4406/929
f 1879/4407/929 1873/4408/948 1872/3494/199 1877/4148/677
f 1899/3601/346 1967/3580/722 1969/4409/927 1900/4410/928
f 1900/4411/928 1969/4412/927 1968/3589/622 1898/3588/621
f 1821/3807/487 1883/3508/552 1885/4413/930 1822/4414/949
f 1822/4415/949 1885/4416/930 1884/3308/610 1820/2785/474
f 1892/3528/267 1899/3527/346 1900/4417/928 1894/4418/875
f 1894/4267/875 1900/4411/928 1898/3588/621 1893/3470/700
f 1967/3580/722 1961/3579/632 1963/4419/950 1969/4409/927
f 1969/4412/927 1963/4420/950 1962/3568/683 1968/3589/622
f 1883/3508/552 1878/3507/254 1879/4421/929 1885/4413/930
f 1885/4416/930 1879/4407/929 1877/4148/677 1884/3308/610
f 1854/2428/243 1851/3899/168 1852/4422/897 1855/4423/947
f 1855/4424/947 1852/4270/897 1850/3386/665 1853/2816/502
f 1806/2751/220 1799/3632/211 1801/4425/943 1807/4426/941
f 1807/4427/941 1801/4428/943 1800/3609/726 1805/2339/218
f 1907/3619/393 1904/3615/290 1906/4429/934 1909/4430/899
f 1909/4273/899 1906/4431/934 1905/2859/541 1908/2779/371
f 1799/3632/211 1797/3809/706 1798/4432/894 1801/4425/943
f 1801/4428/943 1798/4256/894 1796/2786/182 1800/3609/726
f 1904/3615/290 1976/3605/289 1978/4433/933 1906/4429/934
f 1906/4431/934 1978/4434/933 1977/2860/542 1905/2859/541
f 1811/2752/377 1806/2751/220 1807/4426/941 1813/4435/886
f 1813/4237/886 1807/4427/941 1805/2339/218 1812/2309/197
f 1920/2548/360 1914/3442/391 1915/4436/889 1921/4437/935
f 1921/4438/935 1915/4246/889 1913/2778/372 1919/3539/709
f 1976/3605/289 1983/3604/368 1984/4439/884 1978/4433/933
f 1978/4434/933 1984/4234/884 1982/3096/471 1977/2860/542
f 1926/2549/305 1920/2548/360 1921/4437/935 1927/4440/936
f 1927/4441/936 1921/4438/935 1919/3539/709 1925/3541/703
f 1830/2535/164 1824/2534/353 1825/4442/877 1831/4443/931
f 1831/4444/931 1825/4214/877 1823/2308/196 1829/2267/166
f 1841/2509/330 1835/2484/165 1837/4445/932 1843/4446/863
f 1843/4231/863 1837/4447/932 1836/2255/156 1842/2254/155
f 1931/2496/321 1926/2495/305 1927/4448/936 1933/4449/871
f 1933/4201/871 1927/4441/936 1925/3541/703 1932/3544/710
f 1835/2484/165 1830/2483/164 1831/4450/931 1837/4445/932
f 1837/4447/932 1831/4444/931 1829/2267/166 1836/2255/156
f 1944/2406/272 1938/3401/300 1939/4451/864 1945/4452/937
f 1945/4453/937 1939/4189/864 1937/3547/318 1943/3553/712
f 1860/2387/244 1854/2428/243 1855/4423/947 1861/4454/944
f 1861/4455/944 1855/4424/947 1853/2816/502 1859/2815/501
f 1950/2359/233 1944/2406/272 1945/4452/937 1951/4456/938
f 1951/4457/938 1945/4453/937 1943/3553/712 1949/3552/711
f 1865/2388/256 1860/2387/244 1861/4454/944 1867/4458/859
f 1867/4178/859 1861/4455/944 1859/2815/501 1866/3490/198
f 1955/2360/234 1950/2359/233 1951/4456/938 1957/4459/857
f 1957/4174/857 1951/4457/938 1949/3552/711 1956/3560/648
f 1803/3633/208 1808/2754/219 1810/4460/923 1804/4461/924
f 1804/4462/924 1810/4463/923 1809/3369/653 1802/3368/652
f 1793/3810/209 1803/3633/208 1804/4461/924 1795/4464/851
f 1795/4162/851 1804/4462/924 1802/3368/652 1794/2259/159
f 1808/2754/219 1815/2753/380 1816/4465/848 1810/4460/923
f 1810/4463/923 1816/4157/848 1814/3362/649 1809/3369/653
f 1826/2537/279 1832/2536/163 1834/4466/908 1828/4467/846
f 1828/4156/846 1834/4468/908 1833/3424/643 1827/3363/650
f 1832/2486/163 1838/2485/162 1840/4469/909 1834/4470/908
f 1834/4468/908 1840/4471/909 1839/3418/679 1833/3424/643
f 1857/2427/246 1862/2386/245 1864/4472/925 1858/4473/926
f 1858/4474/926 1864/4475/925 1863/3820/628 1856/3398/670
f 1862/2386/245 1868/2385/255 1870/4476/893 1864/4472/925
f 1864/4475/925 1870/4477/893 1869/3500/680 1863/3820/628
f 1875/3317/617 1880/3316/251 1882/4478/905 1876/4330/951
f 1876/4479/951 1882/4480/905 1881/3617/213 1874/3499/212
f 1887/3505/551 1817/3806/486 1819/4481/907 1888/4482/906
f 1888/4483/906 1819/4484/907 1818/2258/158 1886/2281/179
f 1880/3506/251 1887/3505/551 1888/4482/906 1882/4485/905
f 1882/4480/905 1888/4483/906 1886/2281/179 1881/3617/213
f 1848/3898/169 1857/2427/246 1858/4473/926 1849/4486/888
f 1849/4487/888 1858/4474/926 1856/3398/670 1847/3397/669
f 1917/3441/383 1922/2547/359 1924/4488/916 1918/4489/915
f 1918/4490/915 1924/4491/916 1923/3833/623 1916/3454/657
f 1922/2547/359 1928/2546/304 1930/4492/917 1924/4488/916
f 1924/4491/916 1930/4493/917 1929/3839/624 1923/3833/623
f 1928/2494/304 1934/2493/303 1936/4494/922 1930/4495/917
f 1930/4493/917 1936/4496/922 1935/3845/651 1929/3839/624
f 1941/3400/297 1946/2405/271 1948/4497/919 1942/4498/952
f 1942/4499/952 1948/4500/919 1947/3851/328 1940/3850/654
f 1946/2405/271 1952/2358/232 1954/4501/920 1948/4497/919
f 1948/4500/919 1954/4502/920 1953/3855/329 1947/3851/328
f 1952/2358/232 1958/2357/231 1960/4503/953 1954/4501/920
f 1954/4502/920 1960/4504/953 1959/3857/283 1953/3855/329
f 1971/4505/720 1895/3526/345 1897/4506/904 1972/4507/903
f 1972/4508/903 1897/4509/904 1896/3885/292 1970/3882/291
f 1895/3526/345 1889/3525/266 1891/4510/954 1897/4506/904
f 1897/4509/904 1891/4511/954 1890/3531/708 1896/3885/292
f 1965/3578/721 1971/3577/720 1972/4512/903 1966/4513/955
f 1966/4514/955 1972/4508/903 1970/3882/291 1964/3856/284
f 1902/3614/287 1910/3618/392 1912/4515/914 1903/4516/913
f 1903/4517/913 1912/4518/914 1911/3455/658 1901/3436/616
f 1974/3602/288 1902/3614/287 1903/4516/913 1975/4519/912
f 1975/4520/912 1903/4517/913 1901/3436/616 1973/3435/687
f 1980/3603/365 1974/3602/288 1975/4519/912 1981/4521/911
f 1981/4522/911 1975/4520/912 1973/3435/687 1979/3446/175
f 1838/2485/162 1845/2510/331 1846/4523/900 1840/4469/909
f 1840/4471/909 1846/4276/900 1844/3419/176 1839/3418/679
f 1989/3767/784 1991/3766/630 1993/4524/956 1990/4494/957
f 1990/4525/957 1993/4526/956 1992/2482/314 1988/3309/611
f 2013/3754/782 1989/3760/784 1990/4527/957 2014/4528/958
f 2014/4529/958 1990/4525/957 1988/3309/611 2012/3654/742
f 2018/3755/265 2013/3754/782 2014/4528/958 2020/4530/882
f 2020/4227/882 2014/4529/958 2012/3654/742 2019/3606/636
f 2034/4047/778 2040/4046/717 2041/4531/891 2035/4532/959
f 2035/4533/959 2041/4250/891 2039/3422/682 2033/4064/798
f 2031/3736/753 2034/3744/778 2035/4534/959 2032/4535/960
f 2032/4536/960 2035/4533/959 2033/4064/798 2030/4056/794
f 2055/3737/485 2031/3736/753 2032/4535/960 2056/4537/961
f 2056/4538/961 2032/4536/960 2030/4056/794 2054/2318/203
f 2076/4074/772 2081/4073/777 2083/4539/962 2077/4540/963
f 2077/4541/963 2083/4542/962 2082/3726/642 2075/3715/769
f 2073/3721/467 2076/3720/772 2077/4543/963 2074/4544/901
f 2074/4545/901 2077/4541/963 2075/3715/769 2072/2278/177
f 2103/3648/737 2096/3709/465 2098/4546/964 2104/4547/965
f 2104/4548/965 2098/4549/964 2097/2279/178 2102/3313/614
f 2118/3703/468 2108/3649/738 2110/4550/966 2119/4551/967
f 2119/4552/967 2110/4553/966 2109/3312/613 2117/3376/659
f 2127/3692/755 2114/3691/389 2116/4554/968 2128/4555/969
f 2128/4556/969 2116/4557/968 2115/3377/660 2126/3866/675
f 2133/3684/756 2127/3683/755 2128/4558/969 2134/4559/970
f 2134/4560/970 2128/4556/969 2126/3866/675 2132/3656/674
f 2142/4111/770 2147/4110/356 2149/4561/971 2143/4562/972
f 2143/4563/972 2149/4564/971 2148/3372/656 2141/3667/663
f 2004/3772/765 2142/4111/770 2143/4562/972 2005/4565/973
f 2005/4566/973 2143/4563/972 2141/3667/663 2003/3666/747
f 1998/3773/645 2004/3772/765 2005/4565/973 1999/4567/974
f 1999/4568/974 2005/4566/973 2003/3666/747 1997/2481/313
f 2139/4106/633 2133/3684/756 2134/4559/970 2140/4569/975
f 2140/4570/975 2134/4560/970 2132/3656/674 2138/3371/655
f 2108/3649/738 2103/3648/737 2104/4547/965 2110/4550/966
f 2110/4553/966 2104/4548/965 2102/3313/614 2109/3312/613
f 2081/4073/777 2087/4128/280 2089/4571/847 2083/4539/962
f 2083/4542/962 2089/4572/847 2088/3641/689 2082/3726/642
f 2153/3676/751 2159/3675/750 2161/4573/976 2155/4574/849
f 2155/4281/849 2161/4575/976 2160/3811/788 2154/3642/688
f 2159/3675/750 2066/4062/792 2068/4576/977 2161/4573/976
f 2161/4575/976 2068/4577/977 2067/3815/795 2160/3811/788
f 2066/4062/792 2061/4068/837 2062/4578/850 2068/4576/977
f 2068/4577/977 2062/4260/850 2060/2319/204 2067/3815/795
f 2045/3791/723 2165/3786/767 2167/4579/978 2047/4580/892
f 2047/4255/892 2167/4581/978 2166/4052/836 2046/3421/681
f 2172/3783/774 2025/3782/170 2026/4582/887 2173/4583/979
f 2173/4584/979 2026/4240/887 2024/3607/635 2171/4053/626
f 2165/3786/767 2172/3783/774 2173/4583/979 2167/4579/978
f 2167/4581/978 2173/4584/979 2171/4053/626 2166/4052/836
f 1986/3320/619 1995/3426/684 1996/4223/880 1987/4585/980
f 1987/4586/980 1996/4587/880 1994/3769/631 1985/3768/785
f 2010/3321/620 1986/3320/619 1987/4585/980 2011/4588/981
f 2011/4589/981 1987/4590/980 1985/3761/785 2009/3757/783
f 2015/3637/730 2010/3321/620 2011/4588/981 2017/4208/874
f 2017/4591/874 2011/4589/981 2009/3757/783 2016/3756/268
f 2037/3413/676 2043/2314/200 2044/4205/873 2038/4592/982
f 2038/4593/982 2044/4594/873 2042/4049/718 2036/4048/779
f 2028/3405/672 2037/3413/676 2038/4592/982 2029/4595/983
f 2029/4596/983 2038/4597/982 2036/3745/779 2027/3739/754
f 2051/3406/476 2028/3405/672 2029/4595/983 2053/4196/868
f 2053/4598/868 2029/4596/983 2027/3739/754 2052/3738/488
f 2079/3392/668 2084/3391/667 2086/4599/984 2080/4600/985
f 2080/4601/985 2086/4602/984 2085/4076/776 2078/4075/773
f 2069/2775/473 2079/3392/668 2080/4600/985 2071/4185/862
f 2071/4532/862 2080/4603/985 2078/3723/773 2070/3722/463
f 2100/4043/804 2094/2774/472 2095/4184/860 2101/4604/986
f 2101/4605/986 2095/4606/860 2093/3710/367 2099/3651/740
f 2120/2567/374 2105/4086/839 2107/4607/987 2122/4169/854
f 2122/4608/854 2107/4609/987 2106/3650/739 2121/3704/702
f 2124/3696/763 2112/2566/373 2113/4168/852 2125/4610/988
f 2125/4611/988 2113/4543/852 2111/3694/390 2123/3693/758
f 2130/3860/796 2124/3696/763 2125/4610/988 2131/4612/989
f 2131/4613/989 2125/4614/988 2123/3686/758 2129/3685/757
f 2145/3877/800 2151/2491/319 2152/4150/845 2146/4615/990
f 2146/4616/990 2152/4617/845 2150/4113/299 2144/4112/771
f 2007/3878/801 2145/3877/800 2146/4615/990 2008/4618/991
f 2008/4619/991 2146/4616/990 2144/4112/771 2006/3775/766
f 2000/3427/685 2007/3878/801 2008/4618/991 2002/4218/879
f 2002/4620/879 2008/4619/991 2006/3775/766 2001/3774/646
f 2136/2492/320 2130/3860/796 2131/4612/989 2137/4621/870
f 2137/4622/870 2131/4613/989 2129/3685/757 2135/4107/634
f 2105/4086/839 2100/4043/804 2101/4604/986 2107/4607/987
f 2107/4609/987 2101/4605/986 2099/3651/740 2106/3650/739
f 2084/3391/667 2090/2397/263 2092/4623/876 2086/4599/984
f 2086/4602/984 2092/4624/876 2091/4129/281 2085/4076/776
f 2157/2398/264 2162/3797/697 2164/4625/992 2158/4626/993
f 2158/4627/993 2164/4628/992 2163/3678/752 2156/3677/378
f 2162/3797/697 2063/3796/696 2065/4629/994 2164/4625/992
f 2164/4628/992 2065/4630/994 2064/4063/791 2163/3678/752
f 2063/3796/696 2058/4070/475 2059/4195/866 2065/4629/994
f 2065/4630/994 2059/4631/866 2057/4069/705 2064/4063/791
f 2049/2315/201 2168/3448/691 2170/4632/995 2050/4633/858
f 2050/4634/858 2170/4635/995 2169/3785/768 2048/3790/714
f 2175/3447/690 2021/3638/729 2023/4636/896 2176/4637/996
f 2176/4638/996 2023/4639/896 2022/3781/167 2174/3780/775
f 2168/3448/691 2175/3447/690 2176/4637/996 2170/4632/995
f 2170/4635/995 2176/4638/996 2174/3780/775 2169/3785/768
f 2262/3645/676 2255/3652/200 2257/4640/873 2263/4641/982
f 2263/4642/982 2257/4643/873 2256/4105/719 2261/4104/779
f 2283/3870/799 2351/3869/619 2353/4644/980 2284/4645/981
f 2284/4646/981 2353/4647/980 2352/4115/785 2282/4061/783
f 2205/2788/476 2267/3634/731 2269/4648/983 2206/4649/868
f 2206/4650/868 2269/4651/983 2268/3682/754 2204/3681/704
f 2276/3630/730 2283/3870/799 2284/4645/981 2278/4266/874
f 2278/4652/874 2284/4646/981 2282/4061/783 2277/4060/725
f 2351/3869/619 2345/4100/684 2347/4653/880 2353/4644/980
f 2353/4654/980 2347/4655/880 2346/4122/727 2352/4121/785
f 2267/3634/731 2262/3645/676 2263/4641/982 2269/4648/983
f 2269/4651/983 2263/4656/982 2261/4126/779 2268/3682/754
f 2238/3800/690 2235/3629/729 2236/4271/896 2239/4657/996
f 2239/4658/996 2236/4659/896 2234/4067/167 2237/3725/775
f 2190/3462/697 2183/3461/696 2185/4660/994 2191/4661/992
f 2191/4662/992 2185/4663/994 2184/3794/791 2189/3700/752
f 2291/3474/374 2288/4123/843 2290/4664/987 2293/4272/898
f 2293/4665/898 2290/4666/987 2289/3896/739 2292/3895/469
f 2183/3461/696 2181/2787/475 2182/4257/866 2185/4660/994
f 2185/4663/994 2182/4667/866 2180/4084/705 2184/3794/791
f 2288/4123/843 2360/3900/804 2362/4668/986 2290/4664/987
f 2290/4666/987 2362/4669/986 2361/4109/740 2289/3896/739
f 2195/3687/759 2190/3462/697 2191/4661/992 2197/4236/885
f 2197/4670/885 2191/4662/992 2189/3700/752 2196/3699/378
f 2304/4077/763 2298/3473/373 2299/4247/852 2305/4671/988
f 2305/4672/988 2299/4673/852 2297/3779/390 2303/3778/758
f 2360/3900/804 2367/3403/472 2368/4235/860 2362/4668/986
f 2362/4669/986 2368/4674/860 2366/4132/367 2361/4109/740
f 2310/4079/838 2304/4077/763 2305/4671/988 2311/4675/989
f 2311/4676/989 2305/4677/988 2303/3759/758 2309/3743/757
f 2214/3673/667 2208/3688/760 2209/4215/876 2215/4678/984
f 2215/4679/984 2209/4680/876 2207/3752/281 2213/3733/776
f 2225/3404/473 2219/3670/748 2221/4681/985 2227/4230/862
f 2227/4682/862 2221/4683/985 2220/3747/773 2226/3746/463
f 2315/4082/320 2310/4079/838 2311/4675/989 2317/4200/870
f 2317/4684/870 2311/4676/989 2309/3743/757 2316/3742/728
f 2219/3670/748 2214/3673/667 2215/4678/984 2221/4681/985
f 2221/4685/985 2215/4679/984 2213/3733/776 2220/3732/773
f 2328/4092/800 2322/4088/319 2323/4190/865 2329/4686/990
f 2329/4687/990 2323/4688/865 2321/3729/299 2327/3719/771
f 2244/3664/746 2238/3800/690 2239/4657/996 2245/4689/995
f 2245/4690/995 2239/4658/996 2237/3725/775 2243/3714/768
f 2334/4093/801 2328/4092/800 2329/4686/990 2335/4691/991
f 2335/4692/991 2329/4687/990 2327/3719/771 2333/3708/766
f 2249/3659/201 2244/3664/746 2245/4689/995 2251/4177/858
f 2251/4693/858 2245/4690/995 2243/3714/768 2250/3713/714
f 2339/4097/685 2334/4093/801 2335/4691/991 2341/4173/856
f 2341/4694/856 2335/4692/991 2333/3708/766 2340/3707/716
f 2187/4050/795 2192/3787/788 2194/4695/976 2188/4696/977
f 2188/4697/977 2194/4698/976 2193/3701/750 2186/3795/792
f 2177/2321/204 2187/4050/795 2188/4696/977 2179/4161/850
f 2179/4699/850 2188/4697/977 2186/3795/792 2178/4085/707
f 2192/3787/788 2199/3439/688 2200/4158/849 2194/4695/976
f 2194/4698/976 2200/4700/849 2198/3702/379 2193/3701/750
f 2210/3440/689 2216/3349/642 2218/4701/962 2212/4155/847
f 2212/4702/847 2218/4703/962 2217/3734/777 2211/3753/280
f 2216/3349/642 2222/3348/641 2224/4704/963 2218/4701/962
f 2218/4703/962 2224/4705/963 2223/3735/772 2217/3734/777
f 2241/3329/626 2246/3328/625 2248/4706/978 2242/4707/979
f 2242/4708/979 2248/4709/978 2247/3711/767 2240/3724/774
f 2246/3328/625 2252/3501/681 2254/4710/997 2248/4706/978
f 2248/4709/978 2254/4711/997 2253/3712/713 2247/3711/767
f 2259/3502/682 2264/3864/798 2266/4712/959 2260/4713/891
f 2260/4714/891 2266/4715/959 2265/4103/778 2258/4102/717
f 2271/3813/794 2201/2320/203 2203/4716/961 2272/4717/960
f 2272/4718/960 2203/4719/961 2202/3680/485 2270/3679/753
f 2264/3864/798 2271/3813/794 2272/4717/960 2266/4712/959
f 2266/4720/959 2272/4718/960 2270/3679/753 2265/4125/778
f 2232/3340/635 2241/3329/626 2242/4707/979 2233/4721/887
f 2233/4722/887 2242/4708/979 2240/3724/774 2231/4066/170
f 2301/3428/660 2306/3410/675 2308/4723/969 2302/4724/998
f 2302/4725/998 2308/4726/969 2307/3777/755 2300/3776/389
f 2306/3410/675 2312/3409/674 2314/4727/970 2308/4723/969
f 2308/4728/969 2314/4729/970 2313/3740/756 2307/3758/755
f 2312/3409/674 2318/3897/655 2320/4730/975 2314/4727/970
f 2314/4729/970 2320/4731/975 2319/3741/633 2313/3740/756
f 2325/3389/656 2330/3380/663 2332/4732/972 2326/4733/971
f 2326/4734/971 2332/4735/972 2331/3718/770 2324/3728/298
f 2330/3380/663 2336/3379/662 2338/4736/973 2332/4732/972
f 2332/4735/972 2338/4737/973 2337/3705/765 2331/3718/770
f 2336/3379/662 2342/3858/313 2344/4738/974 2338/4736/973
f 2338/4737/973 2344/4739/974 2343/3706/645 2337/3705/765
f 2355/3873/611 2279/4117/842 2281/4740/958 2356/4741/957
f 2356/4742/957 2281/4743/958 2280/4058/782 2354/4114/784
f 2279/4117/842 2273/3341/636 2275/4744/882 2281/4740/958
f 2281/4743/958 2275/4745/882 2274/4059/724 2280/4058/782
f 2349/3859/314 2355/3873/611 2356/4741/957 2350/4746/956
f 2350/4747/956 2356/4748/957 2354/4120/784 2348/4119/630
f 2286/3889/803 2294/3456/659 2296/4749/967 2287/4750/966
f 2287/4751/966 2296/4752/967 2295/3894/468 2285/3893/738
f 2358/3890/614 2286/3889/803 2287/4750/966 2359/4753/965
f 2359/4754/965 2287/4751/966 2285/3893/738 2357/4108/737
f 2364/3628/178 2358/3890/614 2359/4753/965 2365/4755/999
f 2365/4756/999 2359/4754/965 2357/4108/737 2363/4131/366
f 2222/3348/641 2229/3356/177 2230/4277/901 2224/4704/963
f 2224/4757/963 2230/4758/901 2228/3749/464 2223/3748/772
f 2135/3339/634 1752/3338/306 1753/4759/939 2137/4760/870
f 2137/4621/870 1753/4386/939 1751/2489/317 2136/2492/320
f 1613/3353/231 1998/3352/645 1999/4761/974 1615/4762/921
f 1615/4327/921 1999/4568/974 1997/2481/313 1614/2421/283
f 1991/3333/630 1608/3332/629 1609/4763/902 1993/4232/956
f 1993/4526/956 1609/4284/902 1607/2422/284 1992/2482/314
f 2252/3501/681 1869/3500/680 1870/4477/893 2254/4710/997
f 2254/4764/997 1870/4765/893 1868/3556/255 2253/3555/713
f 2258/3574/717 1875/3573/617 1876/4766/951 2260/4767/891
f 2260/4713/891 1876/4479/951 1874/3499/212 2259/3502/682
f 2090/2397/263 1707/2396/196 1708/4389/940 2092/4623/876
f 2092/4768/876 1708/4769/940 1706/2418/282 2091/2417/281
f 2201/2320/203 1818/2258/158 1819/4484/907 2203/4716/961
f 2203/4770/961 1819/4771/907 1817/3513/486 2202/3512/485
f 2156/4136/378 1773/4135/377 1774/4263/942 2158/4262/993
f 2158/4626/993 1774/4392/942 1772/2395/197 2157/2398/264
f 2054/2318/203 1671/2317/202 1672/4299/907 2056/4538/961
f 2056/4334/961 1672/4772/907 1670/2798/486 2055/2797/485
f 1847/3397/669 2232/3340/635 2233/4721/887 1849/4487/888
f 1849/4773/888 2233/4774/887 2231/3535/170 1848/3534/169
f 1889/3595/266 2274/3594/724 2275/4775/882 1891/4776/954
f 1891/4511/954 2275/4744/882 2273/3341/636 1890/3531/708
f 2048/3582/714 1665/3581/256 1666/4777/945 2050/4778/858
f 2050/4633/858 1666/4399/945 1664/2312/198 2049/2315/201
f 1910/2762/392 2295/2761/468 2296/4779/967 1912/4780/914
f 1912/4518/914 2296/4749/967 2294/3456/659 1911/3455/658
f 2300/2583/389 1917/2582/383 1918/4781/915 2302/4782/998
f 2302/4724/998 1918/4490/915 1916/3454/657 2301/3428/660
f 2072/2278/177 1689/2277/176 1690/4305/910 2074/4545/901
f 2074/4783/901 1690/4784/910 1688/2757/331 2073/2756/467
f 2021/3638/729 1638/3841/665 1639/4404/946 2023/4636/896
f 2023/4785/896 1639/4786/946 1637/2269/168 2022/2268/167
f 2096/2747/465 1713/2746/365 1714/4217/911 2098/4787/964
f 2098/4549/964 1714/4307/911 1712/2276/175 2097/2279/178
f 2318/3897/655 1935/3845/651 1936/4496/922 2320/4730/975
f 2320/4788/975 1936/4789/922 1934/3625/303 2319/3624/633
f 2117/3376/659 1734/3375/658 1735/4312/914 2119/4552/967
f 2119/4790/967 1735/4791/914 1733/3496/392 2118/3495/468
f 1940/3850/654 2325/3389/656 2326/4733/971 1942/4499/952
f 1942/4792/952 2326/4159/971 2324/2466/298 1941/2465/297
f 1871/3576/618 2256/3575/719 2257/4793/873 1873/4794/948
f 1873/4408/948 2257/4640/873 2255/3652/200 1872/3494/199
f 2114/4138/389 1731/4137/383 1732/4795/915 2116/4796/968
f 2116/4557/968 1732/4315/915 1730/3374/657 2115/3377/660
f 1961/3613/632 2346/3612/727 2347/4797/880 1963/4798/950
f 1963/4420/950 2347/4653/880 2345/4100/684 1962/3568/683
f 2342/3858/313 1959/3857/283 1960/4504/953 2344/4738/974
f 2344/4799/974 1960/4160/953 1958/3564/231 2343/3563/645
f 2348/3611/630 1965/3610/721 1966/4800/955 2350/4801/956
f 2350/4746/956 1966/4514/955 1964/3856/284 2349/3859/314
f 1763/3370/654 2148/3372/656 2149/4564/971 1765/4321/918
f 1765/4802/918 2149/4282/971 2147/2541/356 1764/2540/297
f 1820/2785/474 2205/2788/476 2206/4649/868 1822/4415/949
f 1822/4803/949 2206/4804/868 2204/3515/704 1821/3514/487
f 1754/3337/303 2139/3336/633 2140/4796/975 1756/4153/922
f 1756/4329/922 2140/4570/975 2138/3371/655 1755/3365/651
f 1703/3803/650 2088/3641/689 2089/4572/847 1705/4332/846
f 1705/4805/846 2089/4806/847 2087/2416/280 1704/2415/279
f 2363/2559/366 1980/2558/365 1981/4807/911 2365/4808/999
f 2365/4755/999 1981/4522/911 1979/3446/175 2364/3628/178
f 2376/3310/612 2381/3647/736 2383/4809/1000 2377/4810/1001
f 2377/4811/1001 2383/4812/1000 2382/4005/833 2375/3763/786
f 2373/3311/291 2376/3310/612 2377/4810/1001 2374/4813/903
f 2374/4814/903 2377/4811/1001 2375/3763/786 2372/3762/720
f 2397/3655/292 2373/3311/291 2374/4813/903 2398/4815/904
f 2398/4816/904 2374/4817/903 2372/4818/720 2396/3956/345
f 2403/4090/637 2397/3655/292 2398/4815/904 2404/4819/1002
f 2404/4820/1002 2398/4816/904 2396/3956/345 2402/3955/828
f 2418/4065/213 2423/3751/781 2425/4821/1003 2419/4822/905
f 2419/4823/905 2425/4824/1003 2424/3990/834 2417/3989/251
f 2415/4057/179 2418/4065/213 2419/4822/905 2416/4825/906
f 2416/4826/906 2419/4827/905 2417/3912/251 2414/3911/551
f 2439/3730/693 2415/4057/179 2416/4825/906 2440/4828/1004
f 2440/4829/1004 2416/4826/906 2414/3911/551 2438/3916/810
f 2445/3731/694 2439/3730/693 2440/4828/1004 2446/4830/1005
f 2446/4831/1005 2440/4829/1004 2438/3916/810 2444/3915/809
f 2460/3716/679 2465/3727/643 2467/4832/908 2461/4833/909
f 2461/4834/909 2467/4835/908 2466/3979/163 2459/3928/162
f 2457/3717/647 2460/3716/679 2461/4833/909 2458/4836/1006
f 2458/4837/1006 2461/4834/909 2459/3928/162 2456/3927/814
f 2481/3378/661 2457/3717/647 2458/4836/1006 2482/4838/1007
f 2482/4839/1007 2458/4837/1006 2456/3927/814 2480/3932/816
f 2487/3314/615 2481/3378/661 2482/4838/1007 2488/4840/912
f 2488/4841/912 2482/4839/1007 2480/3932/816 2486/3931/288
f 2502/3887/789 2492/3315/616 2494/4842/913 2503/4843/1008
f 2503/4844/1008 2494/4845/913 2493/3940/287 2501/3939/822
f 2499/3888/686 2502/3887/789 2503/4843/1008 2500/4846/1009
f 2500/4847/1009 2503/4844/1008 2501/3939/822 2498/3969/830
f 2511/3867/623 2499/3888/686 2500/4846/1009 2512/4848/916
f 2512/4849/916 2500/4847/1009 2498/3969/830 2510/3962/359
f 2517/3657/624 2511/3867/623 2512/4848/916 2518/4850/917
f 2518/4851/917 2512/4849/916 2510/3962/359 2516/3961/304
f 2526/3668/328 2531/3663/666 2533/4852/1010 2527/4853/919
f 2527/4854/919 2533/4855/1010 2532/3943/824 2525/3947/271
f 2388/3669/329 2526/3668/328 2527/4853/919 2389/4856/920
f 2389/4857/920 2527/4854/919 2525/3947/271 2387/3949/232
f 2381/3647/736 2388/3669/329 2389/4856/920 2383/4809/1000
f 2383/4812/1000 2389/4857/920 2387/3949/232 2382/4005/833
f 2531/3663/666 2522/3658/743 2524/4858/1011 2533/4852/1010
f 2533/4855/1010 2524/4859/1011 2523/3944/825 2532/3943/824
f 2522/3658/743 2517/3657/624 2518/4850/917 2524/4858/1011
f 2524/4859/1011 2518/4860/917 2516/3959/304 2523/3944/825
f 2492/3315/616 2487/3314/615 2488/4840/912 2494/4842/913
f 2494/4845/913 2488/4841/912 2486/3931/288 2493/3940/287
f 2465/3727/643 2471/3644/735 2473/4861/1012 2467/4832/908
f 2467/4862/908 2473/4863/1012 2472/3935/818 2466/4041/163
f 2471/3644/735 2537/3643/734 2539/4864/1013 2473/4861/1012
f 2473/4863/1012 2539/4865/1013 2538/3936/819 2472/3935/818
f 2537/3643/734 2543/3812/653 2545/4866/923 2539/4864/1013
f 2539/4865/1013 2545/4867/923 2544/3923/219 2538/3936/819
f 2543/3812/653 2450/3816/652 2452/4868/924 2545/4866/923
f 2545/4867/923 2452/4869/924 2451/3924/208 2544/3923/219
f 2450/3816/652 2445/3731/694 2446/4830/1005 2452/4868/924
f 2452/4869/924 2446/4831/1005 2444/3915/809 2451/3924/208
f 2423/3751/781 2429/3750/780 2431/4870/1014 2425/4821/1003
f 2425/4824/1003 2431/4871/1014 2430/3919/812 2424/3990/834
f 2429/3750/780 2549/4055/628 2551/4872/925 2431/4870/1014
f 2431/4871/1014 2551/4873/925 2550/3920/245 2430/3919/812
f 2556/4054/670 2408/4081/638 2410/4874/1015 2557/4875/926
f 2557/4876/926 2410/4877/1015 2409/3904/806 2555/3903/246
f 2549/4055/628 2556/4054/670 2557/4875/926 2551/4872/925
f 2551/4873/925 2557/4876/926 2555/3903/246 2550/3920/245
f 2408/4081/638 2403/4090/637 2404/4819/1002 2410/4874/1015
f 2410/4877/1015 2404/4820/1002 2402/3955/828 2409/3904/806
f 2379/3764/787 2384/4006/832 2386/4878/1016 2380/4879/1017
f 2380/4880/1017 2386/4881/1016 2385/3662/745 2378/3661/744
f 2370/3765/722 2379/3764/787 2380/4879/1017 2371/4882/927
f 2371/4883/927 2380/4880/1017 2378/3661/744 2369/3323/622
f 2394/4008/346 2370/3765/722 2371/4882/927 2395/4884/928
f 2395/4885/928 2371/4883/927 2369/3323/622 2393/3322/621
f 2400/3958/829 2394/3957/346 2395/4886/928 2401/4887/1018
f 2401/4888/1018 2395/4885/928 2393/3322/621 2399/3640/733
f 2421/3992/254 2426/3991/835 2428/4889/1019 2422/4890/929
f 2422/4891/929 2428/4892/1019 2427/3415/678 2420/3414/677
f 2412/3914/552 2421/3913/254 2422/4893/929 2413/4894/930
f 2413/4895/930 2422/4891/929 2420/3414/677 2411/3408/610
f 2436/3917/811 2412/3914/552 2413/4894/930 2437/4896/1020
f 2437/4897/1020 2413/4895/930 2411/3408/610 2435/3407/673
f 2442/3918/808 2436/3917/811 2437/4896/1020 2443/4898/1021
f 2443/4899/1021 2437/4897/1020 2435/3407/673 2441/4071/762
f 2463/3929/165 2468/3980/164 2470/4900/931 2464/4901/932
f 2464/4902/932 2470/4903/931 2469/3394/166 2462/3393/156
f 2454/3930/815 2463/3929/165 2464/4901/932 2455/4904/1022
f 2455/4905/1022 2464/4902/932 2462/3393/156 2453/3802/749
f 2478/3933/817 2454/3930/815 2455/4904/1022 2479/4906/1023
f 2479/4907/1023 2455/4905/1022 2453/3802/749 2477/4045/805
f 2484/3934/289 2478/3933/817 2479/4906/1023 2485/4908/933
f 2485/4909/933 2479/4907/1023 2477/4045/805 2483/4044/542
f 2505/3942/823 2489/3941/290 2491/4910/934 2506/4911/1024
f 2506/4912/1024 2491/4913/934 2490/4087/541 2504/4091/790
f 2496/3970/831 2505/3942/823 2506/4911/1024 2497/4914/1025
f 2497/4915/1025 2506/4912/1024 2504/4091/790 2495/3698/764
f 2508/3963/360 2496/3970/831 2497/4914/1025 2509/4916/935
f 2509/4917/935 2497/4915/1025 2495/3698/764 2507/3697/709
f 2514/3964/305 2508/3963/360 2509/4916/935 2515/4918/936
f 2515/4919/936 2509/4917/935 2507/3697/709 2513/3862/703
f 2529/3948/272 2534/3946/827 2536/4920/1026 2530/4921/937
f 2530/4922/937 2536/4923/1026 2535/3883/802 2528/3880/640
f 2391/3950/233 2529/3948/272 2530/4921/937 2392/4924/938
f 2392/4925/938 2530/4922/937 2528/3880/640 2390/3879/639
f 2384/4006/832 2391/3950/233 2392/4924/938 2386/4878/1016
f 2386/4881/1016 2392/4925/938 2390/3879/639 2385/3662/745
f 2534/3946/827 2519/3945/826 2521/4926/1027 2536/4920/1026
f 2536/4923/1026 2521/4927/1027 2520/3861/797 2535/3883/802
f 2519/3945/826 2514/3960/305 2515/4928/936 2521/4926/1027
f 2521/4927/1027 2515/4919/936 2513/3862/703 2520/3861/797
f 2489/3941/290 2484/3934/289 2485/4908/933 2491/4910/934
f 2491/4913/934 2485/4909/933 2483/4044/542 2490/4087/541
f 2468/4042/164 2474/3938/821 2476/4929/1028 2470/4930/931
f 2470/4903/931 2476/4931/1028 2475/3399/671 2469/3394/166
f 2474/3938/821 2540/3937/820 2542/4932/1029 2476/4929/1028
f 2476/4931/1028 2542/4933/1029 2541/4130/761 2475/3399/671
f 2540/3937/820 2546/3926/220 2548/4934/941 2542/4932/1029
f 2542/4933/1029 2548/4935/941 2547/3798/218 2541/4130/761
f 2546/3926/220 2447/3925/211 2449/4936/943 2548/4934/941
f 2548/4935/941 2449/4937/943 2448/3799/715 2547/3798/218
f 2447/3925/211 2442/3918/808 2443/4898/1021 2449/4936/943
f 2449/4937/943 2443/4899/1021 2441/4071/762 2448/3799/715
f 2426/3991/835 2432/3922/813 2434/4938/1030 2428/4889/1019
f 2428/4892/1019 2434/4939/1030 2433/3453/695 2427/3415/678
f 2432/3922/813 2552/3921/244 2554/4940/944 2434/4938/1030
f 2434/4939/1030 2554/4941/944 2553/3449/501 2433/3453/695
f 2559/3906/243 2405/3905/807 2407/4942/1031 2560/4943/947
f 2560/4944/947 2407/4945/1031 2406/3639/732 2558/3450/692
f 2552/3921/244 2559/3906/243 2560/4943/947 2554/4940/944
f 2554/4941/944 2560/4944/947 2558/3450/692 2553/3449/501
f 2405/3905/807 2400/3958/829 2401/4887/1018 2407/4942/1031
f 2407/4945/1031 2401/4888/1018 2399/3640/733 2406/3639/732
f 2640/4022/835 2633/4021/813 2635/4946/1030 2641/4947/1019
f 2641/4948/1019 2635/4949/1030 2634/3660/695 2639/3653/741
f 2730/3982/787 2723/3981/832 2725/4950/1016 2731/4951/1017
f 2731/4952/1017 2725/4953/1016 2724/4098/841 2729/4101/744
f 2646/4039/254 2640/4022/835 2641/4947/1019 2647/4954/929
f 2647/4955/929 2641/4948/1019 2639/3653/741 2645/3646/677
f 2667/3972/346 2735/3971/722 2737/4956/927 2668/4957/928
f 2668/4958/928 2737/4959/927 2736/3872/622 2666/3871/621
f 2589/4031/811 2651/4018/552 2653/4960/930 2590/4961/1020
f 2590/4962/1020 2653/4963/930 2652/3636/610 2588/3635/673
f 2661/4010/829 2667/4009/346 2668/4964/928 2662/4965/1018
f 2662/4966/1018 2668/4958/928 2666/3871/621 2660/4116/733
f 2565/3907/808 2589/4031/811 2590/4961/1020 2566/4967/1021
f 2566/4968/1021 2590/4962/1020 2588/3635/673 2564/3695/762
f 2735/3971/722 2730/3982/787 2731/4951/1017 2737/4956/927
f 2737/4959/927 2731/4952/1017 2729/4101/744 2736/3872/622
f 2651/4018/552 2646/4017/254 2647/4969/929 2653/4960/930
f 2653/4963/930 2647/4955/929 2645/3646/677 2652/3636/610
f 2706/3994/827 2699/3993/826 2701/4970/1027 2707/4971/1026
f 2707/4972/1026 2701/4973/1027 2700/4083/797 2705/4089/840
f 2622/3952/243 2618/3951/807 2620/4974/1031 2623/4975/947
f 2623/4976/947 2620/4977/1031 2619/4072/732 2621/3801/692
f 2574/4013/220 2567/3908/211 2569/4978/943 2575/4979/941
f 2575/4980/941 2569/4981/943 2568/3464/699 2573/3463/698
f 2676/3975/823 2672/4003/290 2674/4982/934 2677/4983/1024
f 2677/4984/1024 2674/4985/934 2673/4124/541 2675/3793/790
f 2618/3951/807 2661/4010/829 2662/4965/1018 2620/4974/1031
f 2620/4977/1031 2662/4966/1018 2660/4116/733 2619/4072/732
f 2567/3908/211 2565/3907/808 2566/4967/1021 2569/4978/943
f 2569/4981/943 2566/4968/1021 2564/3695/762 2568/3464/699
f 2672/4003/290 2744/3966/289 2746/4986/933 2674/4982/934
f 2674/4985/934 2746/4987/933 2745/3901/542 2673/4124/541
f 2682/3976/831 2676/3975/823 2677/4983/1024 2683/4988/1025
f 2683/4989/1025 2677/4984/1024 2675/3793/790 2681/3792/764
f 2580/4033/820 2574/4013/220 2575/4979/941 2581/4990/1032
f 2581/4991/1032 2575/4980/941 2573/3463/698 2579/3690/761
f 2751/3965/817 2609/4026/815 2611/4992/1022 2752/4993/1023
f 2752/4994/1023 2611/4995/1022 2610/3671/749 2750/3902/805
f 2688/3999/360 2682/3976/831 2683/4988/1025 2689/4996/935
f 2689/4997/935 2683/4989/1025 2681/3792/764 2687/4078/709
f 2592/4034/821 2580/4033/820 2581/4990/1032 2593/4998/1028
f 2593/4999/1028 2581/4991/1032 2579/3690/761 2591/3689/671
f 2744/3966/289 2751/3965/817 2752/4993/1023 2746/4986/933
f 2746/4987/933 2752/4994/1023 2750/3902/805 2745/3901/542
f 2694/3997/305 2688/5000/360 2689/5001/935 2695/5002/936
f 2695/5003/936 2689/4997/935 2687/4078/709 2693/4080/703
f 2598/4037/164 2592/4034/821 2593/4998/1028 2599/5004/931
f 2599/5005/931 2593/4999/1028 2591/3689/671 2597/3674/166
f 2609/4026/815 2603/4025/165 2605/5006/932 2611/4992/1022
f 2611/4995/1022 2605/5007/932 2604/3672/156 2610/3671/749
f 2699/3993/826 2694/3997/305 2695/5002/936 2701/4970/1027
f 2701/4973/1027 2695/5003/936 2693/4080/703 2700/4083/797
f 2603/4025/165 2598/4029/164 2599/5008/931 2605/5006/932
f 2605/5007/932 2599/5005/931 2597/3674/166 2604/3672/156
f 2712/3987/272 2706/3994/827 2707/4971/1026 2713/5009/937
f 2713/5010/937 2707/4972/1026 2705/4089/840 2711/4095/712
f 2628/4015/244 2622/3952/243 2623/4975/947 2629/5011/944
f 2629/5012/944 2623/4976/947 2621/3801/692 2627/3665/501
f 2718/3985/233 2712/3987/272 2713/5009/937 2719/5013/938
f 2719/5014/938 2713/5010/937 2711/4095/712 2717/4094/711
f 2633/4021/813 2628/4015/244 2629/5011/944 2635/4946/1030
f 2635/4949/1030 2629/5012/944 2627/3665/501 2634/3660/695
f 2723/3981/832 2718/3985/233 2719/5013/938 2725/4950/1016
f 2725/4953/1016 2719/5014/938 2717/4094/711 2724/4098/841
f 2571/3909/208 2576/4014/219 2578/5015/923 2572/5016/924
f 2572/5017/924 2578/5018/923 2577/3788/653 2570/4051/652
f 2562/3910/809 2571/3909/208 2572/5016/924 2563/5019/1005
f 2563/5020/1005 2572/5017/924 2570/4051/652 2561/3452/694
f 2576/4014/219 2582/4036/819 2584/5021/1033 2578/5015/923
f 2578/5018/923 2584/5022/1033 2583/3770/734 2577/3788/653
f 2582/4036/819 2594/4035/818 2596/5023/1012 2584/5021/1033
f 2584/5022/1033 2596/5024/1012 2595/3771/735 2583/3770/734
f 2594/4035/818 2600/4038/163 2602/5025/908 2596/5023/1012
f 2596/5024/1012 2602/5026/908 2601/3350/643 2595/3771/735
f 2600/4030/163 2606/4028/162 2608/5027/909 2602/5028/908
f 2602/5026/908 2608/5029/909 2607/3351/644 2601/3350/643
f 2625/3953/246 2630/4016/245 2632/5030/925 2626/5031/926
f 2626/5032/926 2632/5033/925 2631/3331/628 2624/3330/627
f 2630/4016/245 2636/4024/812 2638/5034/1014 2632/5030/925
f 2632/5033/925 2638/5035/1014 2637/4096/780 2631/3331/628
f 2636/4024/812 2642/4023/834 2644/5036/1003 2638/5034/1014
f 2638/5035/1014 2644/5037/1003 2643/3876/781 2637/4096/780
f 2642/4023/834 2648/4040/251 2650/5038/905 2644/5036/1003
f 2644/5037/1003 2650/5039/905 2649/3865/213 2643/3876/781
f 2655/4019/551 2585/4032/810 2587/5040/1004 2656/5041/906
f 2656/5042/906 2587/5043/1004 2586/3451/693 2654/3814/179
f 2585/4032/810 2562/3910/809 2563/5019/1005 2587/5040/1004
f 2587/5043/1004 2563/5020/1005 2561/3452/694 2586/3451/693
f 2648/4020/251 2655/4019/551 2656/5041/906 2650/5044/905
f 2650/5039/905 2656/5042/906 2654/3814/179 2649/3865/213
f 2616/3954/806 2625/3953/246 2626/5031/926 2617/5045/1015
f 2617/5046/1015 2626/5032/926 2624/3330/627 2615/3343/638
f 2658/4011/828 2616/3954/806 2617/5045/1015 2659/5047/1002
f 2659/5048/1002 2617/5046/1015 2615/3343/638 2657/3342/637
f 2679/3978/822 2684/3977/830 2686/5049/1009 2680/5050/1008
f 2680/5051/1008 2686/5052/1009 2685/3429/686 2678/3789/789
f 2684/3977/830 2690/4002/359 2692/5053/916 2686/5049/1009
f 2686/5052/1009 2692/5054/916 2691/3411/623 2685/3429/686
f 2690/4002/359 2696/4001/304 2698/5055/917 2692/5053/916
f 2692/5054/916 2698/5056/917 2697/3412/624 2691/3411/623
f 2696/3998/304 2702/3996/825 2704/5057/1011 2698/5058/917
f 2698/5056/917 2704/5059/1011 2703/4127/743 2697/3412/624
f 2709/3995/824 2714/3988/271 2716/5060/919 2710/5061/1010
f 2710/5062/1010 2716/5063/919 2715/3381/664 2708/3390/666
f 2714/3988/271 2720/3986/232 2722/5064/920 2716/5060/919
f 2716/5063/919 2722/5065/920 2721/3382/329 2715/3381/664
f 2720/3986/232 2726/3984/833 2728/5066/1000 2722/5064/920
f 2722/5065/920 2728/5067/1000 2727/4099/736 2721/3382/329
f 2726/3984/833 2732/3983/786 2734/5068/1001 2728/5066/1000
f 2728/5067/1000 2734/5069/1001 2733/3874/612 2727/4099/736
f 2739/5070/720 2663/4012/345 2665/5071/904 2740/5072/903
f 2740/5073/903 2665/5074/904 2664/4118/292 2738/3875/291
f 2663/4012/345 2658/4011/828 2659/5047/1002 2665/5071/904
f 2665/5074/904 2659/5048/1002 2657/3342/637 2664/4118/292
f 2732/3983/786 2739/3974/720 2740/5075/903 2734/5068/1001
f 2734/5069/1001 2740/5073/903 2738/3875/291 2733/3874/612
f 2702/3996/825 2709/3995/824 2710/5061/1010 2704/5057/1011
f 2704/5059/1011 2710/5062/1010 2708/3390/666 2703/4127/743
f 2670/4004/287 2679/3978/822 2680/5050/1008 2671/5076/913
f 2671/5077/913 2680/5051/1008 2678/3789/789 2669/3892/616
f 2742/3967/288 2670/4004/287 2671/5076/913 2743/5078/912
f 2743/5079/912 2671/5077/913 2669/3892/616 2741/3891/687
f 2613/4027/814 2747/3968/816 2749/5080/1007 2614/5081/1006
f 2614/5082/1006 2749/5083/1007 2748/3784/661 2612/3357/647
f 2747/3968/816 2742/3967/288 2743/5078/912 2749/5080/1007
f 2749/5083/1007 2743/5079/912 2741/3891/687 2748/3784/661
f 2606/4028/162 2613/4027/814 2614/5081/1006 2608/5027/909
f 2608/5029/909 2614/5082/1006 2612/3357/647 2607/3351/644
f 1628/5084/345 1604/3620/720 1602/3623/722 1626/4350/346
f 2820/2520/341 2863/2519/340 2864/5193/539 2819/5194/527
f 2856/5195/1038 2847/5196/1037 2848/2613/411 2855/2790/478
f 2878/5197/1053 2817/5198/1043 2818/5093/1039 2877/2794/482
f 2822/2842/526 2853/2841/525 2854/5199/607 2821/5200/557
f 2817/5198/1043 2875/5201/1042 2876/2829/515 2818/5093/1039
f 2840/2854/538 2851/2853/537 2852/5202/493 2839/5203/520
f 2846/5204/1036 2820/5205/341 2819/2843/527 2845/2614/412
f 2830/5206/534 2871/5207/533 2872/5085/1034 2829/2822/508
f 2874/5107/1047 2835/5106/1046 2836/5208/504 2873/5209/503
f 2866/5096/1041 2822/2842/526 2821/5200/557 2865/5210/498
f 2834/2370/242 2823/2369/241 2824/5211/555 2833/5212/549
f 2826/2414/278 2837/2413/277 2838/5213/529 2825/5214/490
f 2823/2369/241 2827/5111/1049 2828/5215/543 2824/5211/555
f 2844/5109/1048 2826/2414/278 2825/5214/490 2843/5216/489
f 2827/5111/1049 2831/5103/1045 2832/5217/507 2828/5215/543
f 2831/5218/1045 2830/5206/534 2829/2822/508 2832/2821/507
f 2835/5106/1046 2834/2370/242 2833/5212/549 2836/5208/504
f 2837/2413/277 2841/5101/1044 2842/5219/519 2838/5213/529
f 2860/2866/548 2879/2865/547 2880/5220/481 2859/5221/215
f 2841/5101/1044 2840/2854/538 2839/5203/520 2842/5219/519
f 2870/5222/1051 2844/5223/1048 2843/2801/489 2869/2873/553
f 2847/5196/1037 2846/5204/1036 2845/2614/412 2848/2613/411
f 2850/5224/514 2867/5225/513 2868/2809/497 2849/2806/494
f 2851/5226/537 2850/5224/514 2849/2806/494 2852/2805/493
f 2853/2841/525 2857/5120/1052 2858/5227/477 2854/5199/607
f 2857/5120/1052 2856/5092/1038 2855/5228/478 2858/5227/477
f 2862/5112/1050 2860/2866/548 2859/5221/215 2861/5229/214
f 2863/2519/340 2862/5112/1050 2861/5229/214 2864/5193/539
f 2867/2827/513 2866/5096/1041 2865/5210/498 2868/5230/497
f 2871/5207/533 2870/5222/1051 2869/2873/553 2872/5085/1034
f 2875/5201/1042 2874/5231/1047 2873/2817/503 2876/2829/515
f 2879/2865/547 2878/5124/1053 2877/5232/482 2880/5220/481
f 5020/5554/1116 5606/5555/1116 6064/5556/1116
f 5693/5617/1159 5762/5618/1159 5860/5619/1159 5705/5620/1159
f 4493/5631/1163 5703/5632/1163 5847/5633/1163
f 5711/5634/1164 5874/5635/1164 5756/5636/1164 5717/5637/1164
f 5729/5646/1172 5748/5647/1172 5986/5648/1172 5741/5649/1172
f 4486/5660/1176 5739/5661/1176 5805/5660/1176
f 5603/6544/1204 5916/6545/1204 5776/6546/1204 5609/6547/1204
f 4483/6576/1233 4623/6577/1233 4559/6578/1233 4687/6579/1233 4356/6580/1233 5931/6581/1233 6069/6582/1233
f 4481/6604/1253 4621/6605/1253 4557/6606/1253 4685/6607/1253 4368/6608/1253 5952/6609/1253 6055/6610/1253
f 4915/6656/1292 5742/6657/1292 5985/6658/1292
f 4454/6674/1301 5718/6675/1301 5755/6676/1301
f 5726/6681/1305 5852/6682/1305 6076/6683/1305 5715/6684/1305
f 4929/6685/1306 5706/6686/1306 5859/6687/1306
f 4992/6705/1312 5678/6706/1312 6036/6707/1312
f 4475/6738/1321 5610/6739/1321 5775/6738/1321
f 5624/6756/1331 6089/6757/1331 5909/6758/1331 5409/6759/1331
f 4506/6760/1332 4701/6760/1332 4573/6761/1332 4637/6762/1332 4483/6576/1332 6069/6763/1332 5012/6764/1332
f 5744/6765/1333 6057/6766/1333 5803/6767/1333 5738/6768/1333
f 5727/6777/1337 4490/6778/1337 5853/6779/1337
f 5437/6783/1339 5415/6784/1339 5783/6785/1339 5902/6786/1339
f 4462/6800/1348 4673/6801/1348 4545/6801/1348 4609/6801/1348 4448/6802/1348 6022/6803/1348 4935/6804/1348
f 6049/6805/1321 5839/6806/1321 5484/6807/1321 5994/6808/1321
f 6029/6809/1349 5845/6810/1349 5702/6811/1349 5708/6812/1349
f 5691/6819/1352 4497/6820/1352 5811/6820/1352
f 6098/6830/1363 5735/6831/1363 5597/6832/1363 5950/6833/1363
f 4978/6837/1368 5714/6838/1368 6078/6839/1368
f 4507/6822/1369 5631/6840/1369 5422/6841/1369 5833/6842/1369
f 6083/6843/1370 5627/6844/1370 5429/6845/1370 5929/6846/1370
f 4385/6860/1374 4584/6861/1374 4520/6862/1374 4648/6863/1374 4355/6863/1374 5910/6864/1374 6090/6865/1374
f 4490/6778/1337 5724/6560/1337 5583/6866/1337 5853/6867/1337
f 4468/5581/1375 5645/6868/1375 5470/6869/1375 5769/5581/1375
f 5903/6878/1339 5782/6879/1339 5407/6880/1339 5908/6881/1339
f 5619/6889/1321 4511/6890/1321 5824/6890/1321
f 4363/6899/1392 4577/6900/1392 4513/6901/1392 4641/6902/1392 4441/6903/1392 5859/6904/1392 5868/6905/1392
f 4450/6666/1176 5733/6554/1176 5591/6906/1176 5749/6666/1176
f 5723/6907/205 6116/6908/205 5978/6909/205 5584/6907/205
f 6077/6910/1352 5854/6911/1352 5582/6912/1352 5980/6913/1352
f 5700/6914/1163 4493/5631/1163 5847/5633/1163 5568/6915/1163
f 6125/6916/1393 5699/6917/1393 5570/6918/1393 5999/6919/1393
f 4497/6820/1352 5688/6920/1352 5554/6921/1352 5811/6922/1352
f 4461/6700/1352 5681/6923/1352 5548/6924/1352 5797/6925/1352
f 4943/6926/1394 5669/6927/1394 5520/6928/1394 6013/6929/1394
f 5519/6930/1163 5498/6931/1163 5790/6932/1163 6014/6933/1163
f 5660/6934/1331 6092/6935/1331 5936/6936/1331 5493/6934/1331
f 6119/6937/1395 5648/6938/1395 5465/6939/1395 5894/6940/1395
f 4957/6941/1396 5633/6942/1396 5435/6943/1396 5901/6944/1396
f 4471/6731/1369 5625/6642/1369 5408/6945/1369 5784/6946/1369
f 4511/6890/1321 5616/6947/1321 5400/6948/1321 5824/6949/1321
f 5615/6950/205 6095/6951/205 5943/6952/205 5401/6953/205
f 5666/6954/1397 5672/6955/1397 5527/6956/1397 5507/6957/1397
f 5604/6958/1398 4963/6959/1398 5917/6960/1398
f 6128/6964/1402 5663/6965/1402 5513/6966/1402 6006/6967/1402
f 5655/6969/1375 4504/6859/1375 5838/6859/1375 5477/6970/1375
f 4457/6691/1163 5697/6693/1163 5562/6974/1163 5763/6691/1163
f 5712/6975/1408 4921/6976/1408 5875/6977/1408
f 4421/6899/1409 4588/6899/1409 4524/6899/1409 4652/6899/1409 4363/6899/1409 5868/6905/1409 6102/6978/1409
f 5658/5588/1339 4464/6712/1339 5791/6712/1339 5500/6979/1339
f 4485/6980/1410 4700/6604/1410 4572/6604/1410 4636/6604/1410 4481/6604/1410 6055/6981/1410 4970/6982/1410
f 6015/6983/1163 5789/6984/1163 5491/6985/1163 5938/6986/1163
f 5456/6992/1321 5478/6993/1321 5840/6994/1321 6048/6995/1321
f 5694/6688/1163 4457/6691/1163 5763/6691/1163
f 5687/7003/205 6110/7004/205 5964/7005/205 5555/7006/205
f 5987/7010/1369 5747/7011/1369 5590/7012/1369 5959/7013/1369
f 4358/7014/1426 4684/7015/1426 4556/7016/1426 4620/7017/1426 4480/7018/1426 6050/7019/1426 5993/7020/1426
f 5472/7021/1321 5450/7022/1321 5888/7023/1321 5770/7024/1321
f 4499/7027/1427 4702/7027/1427 4574/7027/1427 4638/7027/1427 4479/7027/1427 6041/7028/1427 4998/7029/1427
f 5696/7030/1331 6101/7031/1331 5867/7032/1331 5563/7033/1331
f 5676/7043/1436 4935/7044/1436 6022/7045/1436 5535/7046/1436
f 5732/7052/1331 6107/7053/1331 5957/7054/1331 5589/7055/1331
f 5730/7066/1176 4450/6666/1176 5749/6666/1176
f 4492/7071/1451 4703/7072/1451 4575/7072/1451 4639/7072/1451 4477/7072/1451 6027/7073/1451 4984/7074/1451
f 6086/7075/1452 5720/7076/1452 5576/7077/1452 5881/7078/1452
f 4357/7083/1454 4595/6632/1454 4531/6632/1454 4659/6632/1454 4389/6632/1454 6120/7084/1454 5896/7085/1454
f 5796/7086/1375 6020/7087/1375 5972/7088/1375 5540/7089/1375
f 5505/7090/1163 5526/7091/1163 6043/7092/1163 5817/7093/1163
f 4353/7094/1455 4589/7095/1455 4525/7095/1455 4653/7095/1455 4371/7096/1455 6105/7097/1455 5922/7098/1455
f 5768/7099/1321 5887/7100/1321 5895/7101/1321 5464/7102/1321
f 5421/7103/1339 5442/7104/1339 6071/7105/1339 5831/7106/1339
f 5006/7107/1456 5642/7108/1456 5457/7109/1456 6050/7110/1456
f 5670/7111/1457 5657/7112/1457 5499/7113/1457 5521/7114/1457
f 5682/7115/1458 5675/7116/1458 5534/7117/1458 5549/7118/1458
f 4365/7122/1463 4583/7123/1463 4519/7124/1463 4647/7125/1463 4425/6569/1463 6087/7126/1463 5880/7127/1463
f 6104/7146/1480 5612/7147/1480 5394/7148/1480 5923/7149/1480
f 5634/7160/1489 5621/7161/1489 5416/7162/1489 5436/7163/1489
f 5804/7167/1369 6056/7168/1369 5951/7169/1369 5596/7170/1369
f 5721/7172/1337 4454/6674/1337 5755/6676/1337 5577/7173/1337
f 4482/7175/1490 4640/7176/1490 4576/7176/1490 4704/7176/1490 4512/7177/1490 5020/7178/1490 6064/7179/1490
f 5818/7180/1163 6042/7181/1163 6007/7182/1163 5512/7183/1163
f 5630/7184/1491 5636/7185/1491 5443/7186/1491 5423/7187/1491
f 5649/6719/1375 4468/5581/1375 5769/5581/1375 5463/7188/1375
f 4500/6848/1339 5667/7189/1339 5506/7190/1339 5819/7191/1339
f 4484/7195/1495 4633/7195/1495 4569/7196/1495 4697/7197/1495 4491/7198/1495 4978/7199/1495 6078/7200/1495
f 4480/7018/1498 4635/7018/1498 4571/7209/1498 4699/7210/1498 4505/7210/1498 5006/7211/1498 6050/7212/1498
f 5832/7215/1339 6070/7216/1339 5930/7217/1339 5428/7218/1339
f 5651/7227/205 6122/7228/205 5992/7229/205 5486/7230/205
f 4478/7237/1507 4634/7237/1507 4570/7237/1507 4698/7237/1507 4498/7237/1507 4992/7238/1507 6036/7239/1507
f 4441/6903/1512 4613/7249/1512 4549/7249/1512 4677/7249/1512 4456/7250/1512 4929/7251/1512 5859/7252/1512
f 4455/6573/1513 4678/6573/1513 4550/7253/1513 4614/7254/1513 4442/7254/1513 5875/7255/1513 4921/7256/1513
f 4469/6636/1514 4674/6636/1514 4546/6636/1514 4610/6636/1514 4443/6636/1514 5889/7257/1514 4949/7258/1514
f 4444/7259/1515 4615/7259/1515 4551/7259/1515 4679/7259/1515 4470/7260/1515 4957/7261/1515 5901/7262/1515
f 4476/7263/1516 4676/7264/1516 4548/7264/1516 4612/7264/1516 4445/7265/1516 5917/7266/1516 4963/7267/1516
f 5628/6643/1369 4507/6822/1369 5833/6842/1369 5430/7268/1369
f 5622/5558/1369 4471/6731/1369 5784/6946/1369 5414/7273/1369
f 5736/6556/1176 4486/5660/1176 5805/5660/1176 5598/7280/1176
f 4439/7296/1550 4590/7296/1550 4526/7296/1550 4654/7296/1550 4367/7296/1550 5958/7297/1550 6108/7298/1550
f 5846/7305/1176 6028/7306/1176 6000/7307/1176 5569/7308/1176
f 5664/6851/1339 4500/6848/1339 5819/7191/1339 5514/7309/1339
f 4403/7310/1557 4585/7310/1557 4521/7311/1557 4649/7312/1557 4359/7312/1557 5937/7313/1557 6093/7314/1557
f 4361/7315/1558 4592/7316/1558 4528/7316/1558 4656/7316/1558 4407/7316/1558 6114/7317/1558 5973/7318/1558
f 4448/6802/1559 4664/7319/1559 4536/7320/1559 4600/7321/1559 4361/7315/1559 5973/7318/1559 6022/7322/1559
f 4445/7265/1560 4645/7323/1560 4517/7324/1560 4581/7325/1560 4353/7094/1560 5922/7098/1560 5917/7326/1560
f 4446/7328/1561 4611/7329/1561 4547/7329/1561 4675/7329/1561 4449/7330/1561 4915/7331/1561 5985/7332/1561
f 4477/7072/1562 4617/7333/1562 4553/7334/1562 4681/7335/1562 4364/7336/1562 6001/7337/1562 6027/7338/1562
f 4354/7339/1563 4686/7340/1563 4558/7341/1563 4622/7342/1563 4482/7175/1563 6064/7343/1563 5944/7344/1563
f 4362/7345/1564 4682/7346/1564 4554/7347/1564 4618/7348/1564 4478/7237/1564 6036/7349/1564 5965/7350/1564
f 5673/7351/1565 4998/7352/1565 6041/7353/1565 5528/7354/1565
f 5637/7355/1566 5012/7356/1566 6069/7357/1566 5444/7358/1566
f 6113/7365/1567 5684/7366/1567 5541/7367/1567 5971/7368/1567
f 5709/7369/1568 4984/7370/1568 6027/7371/1568
f 5646/7374/1569 5639/7375/1569 5451/7376/1569 5471/7377/1569
f 4364/7336/1570 4597/7378/1570 4533/7378/1570 4661/7378/1570 4422/7379/1570 6126/7380/1570 6001/7337/1570
f 4408/7381/1571 4591/7381/1571 4527/7381/1571 4655/7381/1571 4362/7345/1571 5965/7382/1571 6111/7383/1571
f 4360/7384/1572 4598/7385/1572 4534/7385/1572 4662/7385/1572 4404/7385/1572 6129/7386/1572 6008/7387/1572
f 4390/7388/1573 4596/7014/1573 4532/7014/1573 4660/7014/1573 4358/7014/1573 5993/7020/1573 6123/7389/1573
f 4368/6608/1574 4587/7390/1574 4523/7390/1574 4651/7390/1574 4440/7390/1574 6099/7391/1574 5952/6609/1574
f 4372/7392/1575 4586/7393/1575 4522/7393/1575 4650/7393/1575 4354/7339/1575 5944/7394/1575 6096/7395/1575
f 4356/6580/1576 4582/7396/1576 4518/7396/1576 4646/7396/1576 4386/7396/1576 6084/7397/1576 5931/6581/1576
f 4426/7398/1577 4593/7399/1577 4529/7399/1577 4657/7400/1577 4366/7401/1577 5979/7402/1577 6117/7403/1577
f 4442/7254/1578 4642/7404/1578 4514/7405/1578 4578/7406/1578 4365/7122/1578 5880/7407/1578 5875/7408/1578
f 4355/6863/1579 4580/7409/1579 4516/7410/1579 4644/7411/1579 4444/7259/1579 5901/7412/1579 5910/7413/1579
f 4447/7414/1580 4616/7415/1580 4552/7415/1580 4680/7415/1580 4463/7416/1580 4943/7417/1580 6013/7418/1580
f 4366/7401/1581 4688/7419/1581 4560/7420/1581 4624/7421/1581 4484/7195/1581 6078/7422/1581 5979/7423/1581
f 5745/7424/1582 4970/7425/1582 6055/7426/1582
f 4479/7027/1583 4619/7427/1583 4555/7428/1583 4683/7429/1583 4360/7384/1583 6008/7387/1583 6041/7430/1583
f 4443/6636/1584 4643/6635/1584 4515/6634/1584 4579/6633/1584 4357/7083/1584 5896/7085/1584 5889/7431/1584
f 4367/7296/1585 4594/7432/1585 4530/7433/1585 4658/7434/1585 4446/7328/1585 5985/7435/1585 5958/7297/1585
f 5547/7438/1375 5533/7439/1375 6021/7440/1375 5798/7441/1375
f 5640/7442/1587 4949/7443/1587 5889/7444/1587 5449/7445/1587
f 5826/7447/1588 6062/7448/1588 5607/7449/1588 5618/7450/1588
f 5643/7451/1589 5654/7452/1589 5479/7453/1589 5458/7454/1589
f 5810/7455/1590 6034/7456/1590 5679/7457/1590 5690/7458/1590
f 4534/7385/1595 4598/7385/1595 4655/7381/1595 4527/7381/1595
f 4514/7405/1596 4642/7404/1596 4641/6902/1596 4513/6901/1596
f 4532/7014/1597 4596/7014/1597 4646/7396/1597 4518/7396/1597
f 4523/7390/1598 4587/7390/1598 4650/7393/1598 4522/7393/1598
f 4654/7296/1599 4526/7296/1599 4525/7095/1599 4589/7095/1599
f 4648/6863/1600 4520/6862/1600 4531/6632/1600 4595/6632/1600
f 4528/7316/1601 4592/7316/1601 4649/7312/1601 4521/7311/1601
f 4367/7296/1602 4654/7296/1602 4589/7095/1602 4353/7094/1602
f 4578/7406/1603 4514/7405/1603 4513/6901/1603 4577/6900/1603
f 4355/6863/1604 4648/6863/1604 4595/6632/1604 4357/7083/1604
f 4656/7316/1599 4528/7316/1599 4521/7311/1599 4585/7310/1599
f 4533/7378/1597 4597/7378/1597 4657/7400/1597 4529/7399/1597
f 4662/7385/1598 4534/7385/1598 4527/7381/1598 4591/7381/1598
f 4660/7014/1605 4532/7014/1605 4518/7396/1605 4582/7396/1605
f 4651/7390/1595 4523/7390/1595 4522/7393/1595 4586/7393/1595
f 4661/7378/1605 4533/7378/1605 4529/7399/1605 4593/7399/1605
f 4504/6859/1375 5652/6622/1375 5485/7523/1375 5838/6859/1375
f 4464/6712/1339 5661/6714/1339 5492/7532/1339 5791/6712/1339
f 5685/6701/1352 4461/6700/1352 5797/6925/1352 5542/7547/1352
f 5777/7556/1337 5915/7557/1337 5924/7558/1337 5393/7559/1337
f 4359/7312/1669 4599/7564/1669 4535/7565/1669 4663/7566/1669 4447/7414/1669 6013/7567/1669 5937/7313/1669
f 6035/7568/1375 5812/7569/1375 5556/7570/1375 5966/7571/1375
f 5861/7581/1176 5761/7582/1176 5561/7583/1176 5866/7584/1176
f 5754/7597/1352 5873/7598/1352 5882/7599/1352 5575/7600/1352
f 6063/7605/1337 5825/7606/1337 5402/7607/1337 5945/7608/1337
f 4596/7014/2045 4390/7388/2045 4386/7396/2045 4646/7396/2045
f 4505/7210/2046 4699/7210/2046 4701/6760/2046 4506/6760/2046
f 4699/7210/2047 4571/7209/2047 4573/6761/2047 4701/6760/2047
f 4571/7209/1600 4635/7018/1600 4637/6762/1600 4573/6761/1600
f 4635/7018/1604 4480/7018/1604 4483/6576/1604 4637/6762/1604
f 4480/7018/2048 4620/7017/2048 4623/6577/2048 4483/6576/2048
f 4620/7017/2049 4556/7016/2049 4559/6578/2049 4623/6577/2049
f 4556/7016/2050 4684/7015/2050 4687/6579/2050 4559/6578/2050
f 4684/7015/2051 4358/7014/2051 4356/6580/2051 4687/6579/2051
f 4358/7014/2052 4660/7014/2052 4582/7396/2052 4356/6580/2052
f 4587/7390/2053 4368/6608/2053 4354/7339/2053 4650/7393/2053
f 4368/6608/2054 4685/6607/2054 4686/7340/2054 4354/7339/2054
f 4685/6607/2055 4557/6606/2055 4558/7341/2055 4686/7340/2055
f 4557/6606/2056 4621/6605/2056 4622/7342/2056 4558/7341/2056
f 4621/6605/2057 4481/6604/2057 4482/7175/2057 4622/7342/2057
f 4481/6604/1602 4636/6604/1602 4640/7176/1602 4482/7175/1602
f 4636/6604/1599 4572/6604/1599 4576/7176/1599 4640/7176/1599
f 4572/6604/1601 4700/6604/1601 4704/7176/1601 4576/7176/1601
f 4700/6604/2058 4485/6980/2058 4512/7177/2058 4704/7176/2058
f 4440/7390/2059 4651/7390/2059 4586/7393/2059 4372/7392/2059
f 4597/7378/2045 4364/7336/2045 4366/7401/2045 4657/7400/2045
f 4364/7336/2060 4681/7335/2060 4688/7419/2060 4366/7401/2060
f 4681/7335/1596 4553/7334/1596 4560/7420/1596 4688/7419/1596
f 4553/7334/1603 4617/7333/1603 4624/7421/1603 4560/7420/1603
f 4617/7333/2061 4477/7072/2061 4484/7195/2061 4624/7421/2061
f 4477/7072/2046 4639/7072/2046 4633/7195/2046 4484/7195/2046
f 4639/7072/2047 4575/7072/2047 4569/7196/2047 4633/7195/2047
f 4575/7072/1600 4703/7072/1600 4697/7197/1600 4569/7196/1600
f 4703/7072/1604 4492/7071/1604 4491/7198/1604 4697/7197/1604
f 4422/7379/2052 4661/7378/2052 4593/7399/2052 4426/7398/2052
f 4598/7385/2059 4360/7384/2059 4362/7345/2059 4655/7381/2059
f 4360/7384/2062 4683/7429/2062 4682/7346/2062 4362/7345/2062
f 4683/7429/2063 4555/7428/2063 4554/7347/2063 4682/7346/2063
f 4555/7428/2064 4619/7427/2064 4618/7348/2064 4554/7347/2064
f 4619/7427/2065 4479/7027/2065 4478/7237/2065 4618/7348/2065
f 4479/7027/2058 4638/7027/2058 4634/7237/2058 4478/7237/2058
f 4638/7027/1601 4574/7027/1601 4570/7237/1601 4634/7237/1601
f 4574/7027/1599 4702/7027/1599 4698/7237/1599 4570/7237/1599
f 4702/7027/1602 4499/7027/1602 4498/7237/1602 4698/7237/1602
f 4404/7385/2053 4662/7385/2053 4591/7381/2053 4408/7381/2053
f 4592/7316/2058 4361/7315/2058 4359/7312/2058 4649/7312/2058
f 4361/7315/2065 4600/7321/2065 4599/7564/2065 4359/7312/2065
f 4600/7321/2064 4536/7320/2064 4535/7565/2064 4599/7564/2064
f 4536/7320/2063 4664/7319/2063 4663/7566/2063 4535/7565/2063
f 4664/7319/2062 4448/6802/2062 4447/7414/2062 4663/7566/2062
f 4448/6802/2059 4609/6801/2059 4616/7415/2059 4447/7414/2059
f 4609/6801/1595 4545/6801/1595 4552/7415/1595 4616/7415/1595
f 4545/6801/1598 4673/6801/1598 4680/7415/1598 4552/7415/1598
f 4673/6801/2053 4462/6800/2053 4463/7416/2053 4680/7415/2053
f 4407/7316/1602 4656/7316/1602 4585/7310/1602 4403/7310/1602
f 4642/7404/2060 4442/7254/2060 4441/6903/2060 4641/6902/2060
f 4442/7254/2045 4614/7254/2045 4613/7249/2045 4441/6903/2045
f 4614/7254/1597 4550/7253/1597 4549/7249/1597 4613/7249/1597
f 4550/7253/1605 4678/6573/1605 4677/7249/1605 4549/7249/1605
f 4678/6573/2052 4455/6573/2052 4456/7250/2052 4677/7249/2052
f 4425/6569/1604 4647/7125/1604 4588/6899/1604 4421/6899/1604
f 4647/7125/1600 4519/7124/1600 4524/6899/1600 4588/6899/1600
f 4519/7124/2047 4583/7123/2047 4652/6899/2047 4524/6899/2047
f 4583/7123/2046 4365/7122/2046 4363/6899/2046 4652/6899/2046
f 4365/7122/2061 4578/7406/2061 4577/6900/2061 4363/6899/2061
f 4526/7296/1601 4590/7296/1601 4653/7095/1601 4525/7095/1601
f 4590/7296/2058 4439/7296/2058 4371/7096/2058 4653/7095/2058
f 4449/7330/2059 4675/7329/2059 4676/7264/2059 4476/7263/2059
f 4675/7329/1595 4547/7329/1595 4548/7264/1595 4676/7264/1595
f 4547/7329/1598 4611/7329/1598 4612/7264/1598 4548/7264/1598
f 4611/7329/2053 4446/7328/2053 4445/7265/2053 4612/7264/2053
f 4446/7328/2054 4658/7434/2054 4645/7323/2054 4445/7265/2054
f 4658/7434/2066 4530/7433/2066 4517/7324/2066 4645/7323/2066
f 4530/7433/2056 4594/7432/2056 4581/7325/2056 4517/7324/2056
f 4594/7432/2057 4367/7296/2057 4353/7094/2057 4581/7325/2057
f 4520/6862/2047 4584/6861/2047 4659/6632/2047 4531/6632/2047
f 4584/6861/2046 4385/6860/2046 4389/6632/2046 4659/6632/2046
f 4470/7260/2045 4679/7259/2045 4674/6636/2045 4469/6636/2045
f 4679/7259/1597 4551/7259/1597 4546/6636/1597 4674/6636/1597
f 4551/7259/1605 4615/7259/1605 4610/6636/1605 4546/6636/1605
f 4615/7259/2052 4444/7259/2052 4443/6636/2052 4610/6636/2052
f 4444/7259/2051 4644/7411/2051 4643/6635/2051 4443/6636/2051
f 4644/7411/2050 4516/7410/2050 4515/6634/2050 4643/6635/2050
f 4516/7410/2049 4580/7409/2049 4579/6633/2049 4515/6634/2049
f 4580/7409/2048 4355/6863/2048 4357/7083/2048 4579/6633/2048
f 5393/7559/2067 5396/8098/2067 5397/8099/2067 5399/8100/2067
f 5394/7148/2068 5398/8101/2068 5397/8099/2068 5396/8102/2068
f 5395/8103/2069 5399/8103/2069 5397/8099/2069 5398/8101/2069
f 5400/6948/2070 5403/6947/2070 5404/8104/2070 5406/8105/2070
f 5401/6953/2071 5405/6953/2071 5404/8104/2071 5403/8106/2071
f 5402/7607/2072 5406/8107/2072 5404/8104/2072 5405/6953/2072
f 5407/6880/2073 5410/8108/2073 5411/8109/2073 5413/6759/2073
f 5408/6945/2074 5412/6642/2074 5411/8109/2074 5410/8110/2074
f 5409/6759/2075 5413/6759/2075 5411/8109/2075 5412/6642/2075
f 5414/7273/2076 5417/8111/2076 5418/8112/2076 5420/8113/2076
f 5415/6784/2077 5419/8114/2077 5418/8112/2077 5417/8111/2077
f 5416/7162/2078 5420/8113/2078 5418/8112/2078 5419/8114/2078
f 5421/7103/2079 5424/8115/2079 5425/8116/2079 5427/8117/2079
f 5422/6841/2080 5426/8118/2080 5425/8116/2080 5424/8119/2080
f 5423/7187/2081 5427/8117/2081 5425/8116/2081 5426/8118/2081
f 5428/7218/2082 5431/8120/2082 5432/8121/2082 5434/8122/2082
f 5429/6845/2083 5433/8123/2083 5432/8121/2083 5431/8124/2083
f 5430/7268/2084 5434/8125/2084 5432/8121/2084 5433/8123/2084
f 5435/6943/2085 5438/8126/2085 5439/8127/2085 5441/8128/2085
f 5436/7163/2086 5440/8129/2086 5439/8127/2086 5438/8130/2086
f 5437/6783/2087 5441/8128/2087 5439/8127/2087 5440/8129/2087
f 5442/7104/2088 5445/8131/2088 5446/8132/2088 5448/8133/2088
f 5443/7186/2089 5447/8134/2089 5446/8132/2089 5445/8135/2089
f 5444/7358/2090 5448/8133/2090 5446/8132/2090 5447/8136/2090
f 5449/7445/2091 5452/8137/2091 5453/8138/2091 5455/8139/2091
f 5450/7022/2092 5454/8140/2092 5453/8138/2092 5452/8137/2092
f 5451/7376/2093 5455/8141/2093 5453/8138/2093 5454/8142/2093
f 5456/6992/2094 5459/8143/2094 5460/8144/2094 5462/8145/2094
f 5457/7109/2095 5461/8146/2095 5460/8144/2095 5459/8143/2095
f 5458/7454/2096 5462/8147/2096 5460/8144/2096 5461/8148/2096
f 5463/7188/2097 5466/8149/2097 5467/8150/2097 5469/8151/2097
f 5464/7102/2098 5468/8152/2098 5467/8150/2098 5466/8153/2098
f 5465/6939/2099 5469/8151/2099 5467/8150/2099 5468/8152/2099
f 5470/6869/2100 5473/8154/2100 5474/8155/2100 5476/8156/2100
f 5471/7377/2101 5475/8157/2101 5474/8155/2101 5473/8158/2101
f 5472/7021/2102 5476/8156/2102 5474/8155/2102 5475/8157/2102
f 5477/6970/2103 5480/8159/2103 5481/8160/2103 5483/8161/2103
f 5478/6993/2104 5482/8162/2104 5481/8160/2104 5480/8163/2104
f 5479/7453/2105 5483/8164/2105 5481/8160/2105 5482/8165/2105
f 5484/6807/2106 5487/8166/2106 5488/8167/2106 5490/8168/2106
f 5485/7523/2107 5489/6622/2107 5488/8167/2107 5487/8169/2107
f 5486/7230/2108 5490/8170/2108 5488/8167/2108 5489/6622/2108
f 5491/6985/2109 5494/8171/2109 5495/8172/2109 5497/8173/2109
f 5492/7532/2110 5496/6714/2110 5495/8172/2110 5494/7532/2110
f 5493/6934/2111 5497/8173/2111 5495/8172/2111 5496/6714/2111
f 5498/6931/2112 5501/8174/2112 5502/8175/2112 5504/8176/2112
f 5499/7113/2113 5503/8177/2113 5502/8175/2113 5501/8174/2113
f 5500/6979/2114 5504/8176/2114 5502/8175/2114 5503/8177/2114
f 5505/7090/2115 5508/8178/2115 5509/8179/2115 5511/8180/2115
f 5506/7190/2116 5510/8181/2116 5509/8179/2116 5508/8182/2116
f 5507/6957/2117 5511/8180/2117 5509/8179/2117 5510/8181/2117
f 5512/7183/2118 5515/8183/2118 5516/8184/2118 5518/8185/2118
f 5513/6966/2119 5517/8186/2119 5516/8184/2119 5515/8187/2119
f 5514/7309/2120 5518/7309/2120 5516/8184/2120 5517/8188/2120
f 5519/6930/2121 5522/8189/2121 5523/8190/2121 5525/8191/2121
f 5520/6928/2122 5524/8192/2122 5523/8190/2122 5522/8189/2122
f 5521/7114/2123 5525/8191/2123 5523/8190/2123 5524/8192/2123
f 5526/7091/2124 5529/8193/2124 5530/8194/2124 5532/8195/2124
f 5527/6956/2125 5531/8196/2125 5530/8194/2125 5529/8193/2125
f 5528/7354/2126 5532/8195/2126 5530/8194/2126 5531/8196/2126
f 5533/7439/2127 5536/8197/2127 5537/8198/2127 5539/8199/2127
f 5534/7117/2128 5538/8200/2128 5537/8198/2128 5536/8201/2128
f 5535/7046/2129 5539/8199/2129 5537/8198/2129 5538/8200/2129
f 5540/7089/2130 5543/8202/2130 5544/8203/2130 5546/8204/2130
f 5541/7367/2131 5545/8205/2131 5544/8203/2131 5543/8202/2131
f 5542/7547/2132 5546/8204/2132 5544/8203/2132 5545/8206/2132
f 5547/7438/2133 5550/8207/2133 5551/8208/2133 5553/8209/2133
f 5548/6924/2134 5552/8210/2134 5551/8208/2134 5550/8207/2134
f 5549/7118/2135 5553/8211/2135 5551/8208/2135 5552/8212/2135
f 5554/6921/2136 5557/6920/2136 5558/8213/2136 5560/8214/2136
f 5555/7006/2137 5559/8215/2137 5558/8213/2137 5557/6920/2137
f 5556/7570/2138 5560/8216/2138 5558/8213/2138 5559/8215/2138
f 5561/7583/2139 5564/8217/2139 5565/8218/2139 5567/7033/2139
f 5562/6974/2140 5566/6693/2140 5565/8218/2140 5564/8219/2140
f 5563/7033/2141 5567/7033/2141 5565/8218/2141 5566/8220/2141
f 5568/6915/2142 5571/8221/2142 5572/8222/2142 5574/8223/2142
f 5569/7308/2143 5573/8224/2143 5572/8222/2143 5571/8225/2143
f 5570/6918/2144 5574/8223/2144 5572/8222/2144 5573/8226/2144
f 5575/7600/2145 5578/8227/2145 5579/8228/2145 5581/7173/2145
f 5576/7077/2146 5580/8229/2146 5579/8228/2146 5578/8230/2146
f 5577/7173/2147 5581/8231/2147 5579/8228/2147 5580/8229/2147
f 5582/6912/2148 5585/8232/2148 5586/8233/2148 5588/8234/2148
f 5583/6866/2149 5587/6560/2149 5586/8233/2149 5585/8232/2149
f 5584/6907/2150 5588/8234/2150 5586/8233/2150 5587/6560/2150
f 5589/7055/2151 5592/8235/2151 5593/8236/2151 5595/6554/2151
f 5590/7012/2152 5594/6906/2152 5593/8236/2152 5592/7052/2152
f 5591/6906/2153 5595/6554/2153 5593/8236/2153 5594/8237/2153
f 5596/7170/2154 5599/8238/2154 5600/8239/2154 5602/8240/2154
f 5597/6832/2155 5601/8241/2155 5600/8239/2155 5599/8238/2155
f 5598/7280/2156 5602/7280/2156 5600/8239/2156 5601/8241/2156
f 5747/7011/2157 5750/8242/2157 5751/8243/2157 5753/8244/2157
f 5748/5647/2158 5752/8245/2158 5751/8243/2158 5750/8246/2158
f 5749/6666/2159 5753/8244/2159 5751/8243/2159 5752/8245/2159
f 5754/7597/2160 5757/8247/2160 5758/8248/2160 5760/8249/2160
f 5755/6676/2161 5759/8250/2161 5758/8248/2161 5757/8247/2161
f 5756/5636/2162 5760/8251/2162 5758/8248/2162 5759/8250/2162
f 5761/7582/2163 5764/8252/2163 5765/8253/2163 5767/8254/2163
f 5762/5618/2164 5766/8255/2164 5765/8253/2164 5764/8252/2164
f 5763/6691/2165 5767/8254/2165 5765/8253/2165 5766/8256/2165
f 5768/7099/2166 5771/8257/2166 5772/8258/2166 5774/8259/2166
f 5769/5581/2167 5773/8260/2167 5772/8258/2167 5771/8261/2167
f 5770/7024/2168 5774/8259/2168 5772/8258/2168 5773/8260/2168
f 5775/6738/2169 5778/8262/2169 5779/8263/2169 5781/8264/2169
f 5776/6546/2170 5780/8265/2170 5779/8263/2170 5778/8262/2170
f 5777/7556/2171 5781/8264/2171 5779/8263/2171 5780/8266/2171
f 5782/6879/2172 5785/8267/2172 5786/8268/2172 5788/8269/2172
f 5783/6785/2173 5787/8270/2173 5786/8268/2173 5785/8267/2173
f 5784/6946/2174 5788/8271/2174 5786/8268/2174 5787/8272/2174
f 5789/6984/2175 5792/8273/2175 5793/8274/2175 5795/8275/2175
f 5790/6932/2176 5794/8276/2176 5793/8274/2176 5792/8273/2176
f 5791/6712/2177 5795/8275/2177 5793/8274/2177 5794/8276/2177
f 5796/7086/2178 5799/8277/2178 5800/8278/2178 5802/8279/2178
f 5797/6925/2179 5801/8280/2179 5800/8278/2179 5799/8281/2179
f 5798/7441/2180 5802/8279/2180 5800/8278/2180 5801/8280/2180
f 5803/6767/2181 5806/8282/2181 5807/8283/2181 5809/8284/2181
f 5804/7167/2182 5808/8285/2182 5807/8283/2182 5806/8286/2182
f 5805/5660/2183 5809/8284/2183 5807/8283/2183 5808/8285/2183
f 5810/7455/2184 5813/8287/2184 5814/8288/2184 5816/8289/2184
f 5811/6922/2185 5815/8290/2185 5814/8288/2185 5813/8291/2185
f 5812/7569/2186 5816/8292/2186 5814/8288/2186 5815/8290/2186
f 5817/7093/2175 5820/8293/2175 5821/8294/2175 5823/8295/2175
f 5818/7180/2187 5822/8296/2187 5821/8294/2187 5820/8297/2187
f 5819/7191/2177 5823/8295/2177 5821/8294/2177 5822/8298/2177
f 5824/6949/2188 5827/8299/2188 5828/8300/2188 5830/8301/2188
f 5825/7606/2189 5829/8302/2189 5828/8300/2189 5827/8299/2189
f 5826/7447/2190 5830/8303/2190 5828/8300/2190 5829/8304/2190
f 5831/7106/2172 5834/8305/2172 5835/8306/2172 5837/8307/2172
f 5832/7215/2173 5836/8308/2173 5835/8306/2173 5834/8305/2173
f 5833/6842/2174 5837/8307/2174 5835/8306/2174 5836/8309/2174
f 5838/6859/2167 5841/8310/2167 5842/8311/2167 5844/8312/2167
f 5839/6806/2168 5843/8313/2168 5842/8311/2168 5841/8310/2168
f 5840/6994/2166 5844/8314/2166 5842/8311/2166 5843/8315/2166
f 5845/6810/2191 5848/8316/2191 5849/8317/2191 5851/8318/2191
f 5846/7305/2192 5850/8319/2192 5849/8317/2192 5848/8316/2192
f 5847/5633/2193 5851/8318/2193 5849/8317/2193 5850/8319/2193
f 5852/6682/2194 5855/8320/2194 5856/8321/2194 5858/8322/2194
f 5853/6867/2195 5857/8323/2195 5856/8321/2195 5855/8324/2195
f 5854/6911/2196 5858/8325/2196 5856/8321/2196 5857/8326/2196
f 5859/6687/2197 5862/8327/2197 5863/8328/2197 5865/8329/2197
f 5860/5619/2198 5864/8330/2198 5863/8328/2198 5862/8331/2198
f 5861/7581/2199 5865/8332/2199 5863/8328/2199 5864/8333/2199
f 5866/7584/2200 5869/8334/2200 5870/8335/2200 5872/8336/2200
f 5867/7032/2201 5871/8337/2201 5870/8335/2201 5869/8334/2201
f 5868/6905/2202 5872/8336/2202 5870/8335/2202 5871/8338/2202
f 5873/7598/2203 5876/8339/2203 5877/8340/2203 5879/8341/2203
f 5874/5635/2204 5878/8342/2204 5877/8340/2204 5876/8343/2204
f 5875/7408/2205 5879/8344/2205 5877/8340/2205 5878/8345/2205
f 5880/7127/2206 5883/8346/2206 5884/8347/2206 5886/8348/2206
f 5881/7078/2207 5885/8349/2207 5884/8347/2207 5883/8350/2207
f 5882/7599/2208 5886/8351/2208 5884/8347/2208 5885/8352/2208
f 5887/7100/2209 5890/8353/2209 5891/8354/2209 5893/8355/2209
f 5888/7023/2210 5892/8356/2210 5891/8354/2210 5890/8357/2210
f 5889/7431/2211 5893/8358/2211 5891/8354/2211 5892/8359/2211
f 5894/6940/2212 5897/8360/2212 5898/8361/2212 5900/8362/2212
f 5895/7101/2213 5899/8363/2213 5898/8361/2213 5897/8360/2213
f 5896/7085/2214 5900/8364/2214 5898/8361/2214 5899/8365/2214
f 5901/6944/2215 5904/8366/2215 5905/8367/2215 5907/8368/2215
f 5902/6786/2216 5906/8369/2216 5905/8367/2216 5904/8366/2216
f 5903/6878/2217 5907/8370/2217 5905/8367/2217 5906/8369/2217
f 5908/6881/2218 5911/8371/2218 5912/8372/2218 5914/8373/2218
f 5909/6758/2219 5913/8374/2219 5912/8372/2219 5911/8375/2219
f 5910/7413/2220 5914/8376/2220 5912/8372/2220 5913/8377/2220
f 5915/7557/2221 5918/8378/2221 5919/8379/2221 5921/8380/2221
f 5916/6545/2222 5920/8381/2222 5919/8379/2222 5918/8378/2222
f 5917/7326/2223 5921/8382/2223 5919/8379/2223 5920/8383/2223
f 5922/7098/2224 5925/8384/2224 5926/8385/2224 5928/8386/2224
f 5923/7149/2225 5927/8387/2225 5926/8385/2225 5925/8388/2225
f 5924/7558/2226 5928/8389/2226 5926/8385/2226 5927/8387/2226
f 5929/6846/2227 5932/8390/2227 5933/8391/2227 5935/8392/2227
f 5930/7217/2228 5934/8393/2228 5933/8391/2228 5932/8390/2228
f 5931/6581/2229 5935/8394/2229 5933/8391/2229 5934/8395/2229
f 5936/6936/2230 5939/8396/2230 5940/8397/2230 5942/8398/2230
f 5937/7313/2231 5941/8399/2231 5940/8397/2231 5939/8400/2231
f 5938/6986/2232 5942/8398/2232 5940/8397/2232 5941/8399/2232
f 5943/6952/2233 5946/8401/2233 5947/8402/2233 5949/8403/2233
f 5944/7344/2234 5948/8404/2234 5947/8402/2234 5946/8405/2234
f 5945/7608/2235 5949/8406/2235 5947/8402/2235 5948/8404/2235
f 5950/6833/2236 5953/8407/2236 5954/8408/2236 5956/8409/2236
f 5951/7169/2237 5955/8410/2237 5954/8408/2237 5953/8411/2237
f 5952/6609/2238 5956/8412/2238 5954/8408/2238 5955/8413/2238
f 5957/7054/2239 5960/8414/2239 5961/8415/2239 5963/8416/2239
f 5958/7297/2240 5962/8417/2240 5961/8415/2240 5960/8418/2240
f 5959/7013/2241 5963/8419/2241 5961/8415/2241 5962/8417/2241
f 5964/7005/2242 5967/8420/2242 5968/8421/2242 5970/8422/2242
f 5965/7350/2243 5969/8423/2243 5968/8421/2243 5967/8424/2243
f 5966/7571/2244 5970/8425/2244 5968/8421/2244 5969/8426/2244
f 5971/7368/2245 5974/8427/2245 5975/8428/2245 5977/8429/2245
f 5972/7088/2246 5976/8430/2246 5975/8428/2246 5974/8431/2246
f 5973/7318/2247 5977/8432/2247 5975/8428/2247 5976/8433/2247
f 5978/6909/2248 5981/8434/2248 5982/8435/2248 5984/8436/2248
f 5979/7423/2249 5983/8437/2249 5982/8435/2249 5981/8438/2249
f 5980/6913/2250 5984/8436/2250 5982/8435/2250 5983/8439/2250
f 5985/6658/2251 5988/8440/2251 5989/8441/2251 5991/8442/2251
f 5986/5648/2252 5990/8443/2252 5989/8441/2252 5988/8444/2252
f 5987/7010/2253 5991/8445/2253 5989/8441/2253 5990/8443/2253
f 5992/7229/2254 5995/8446/2254 5996/8447/2254 5998/8448/2254
f 5993/7020/2255 5997/8449/2255 5996/8447/2255 5995/8450/2255
f 5994/6808/2256 5998/8448/2256 5996/8447/2256 5997/8449/2256
f 5999/6919/2257 6002/8451/2257 6003/8452/2257 6005/8453/2257
f 6000/7307/2258 6004/8454/2258 6003/8452/2258 6002/8451/2258
f 6001/7337/2259 6005/8455/2259 6003/8452/2259 6004/8456/2259
f 6006/6967/2260 6009/8457/2260 6010/8458/2260 6012/8459/2260
f 6007/7182/2261 6011/8460/2261 6010/8458/2261 6009/8461/2261
f 6008/7387/2262 6012/8462/2262 6010/8458/2262 6011/8463/2262
f 6013/6929/2263 6016/8464/2263 6017/8465/2263 6019/8466/2263
f 6014/6933/2264 6018/8467/2264 6017/8465/2264 6016/8468/2264
f 6015/6983/2265 6019/8469/2265 6017/8465/2265 6018/8467/2265
f 6020/7087/2266 6023/8470/2266 6024/8471/2266 6026/8472/2266
f 6021/7440/2267 6025/8473/2267 6024/8471/2267 6023/8474/2267
f 6022/7322/2268 6026/8475/2268 6024/8471/2268 6025/8476/2268
f 6027/7338/2269 6030/8477/2269 6031/8478/2269 6033/8479/2269
f 6028/7306/2270 6032/8480/2270 6031/8478/2270 6030/8481/2270
f 6029/6809/2271 6033/8482/2271 6031/8478/2271 6032/8480/2271
f 6034/7456/2272 6037/8483/2272 6038/8484/2272 6040/8485/2272
f 6035/7568/2273 6039/8486/2273 6038/8484/2273 6037/8487/2273
f 6036/6707/2274 6040/8485/2274 6038/8484/2274 6039/8488/2274
f 6041/7430/2275 6044/8489/2275 6045/8490/2275 6047/8491/2275
f 6042/7181/2276 6046/8492/2276 6045/8490/2276 6044/8489/2276
f 6043/7092/2277 6047/8493/2277 6045/8490/2277 6046/8492/2277
f 6048/6995/2278 6051/8494/2278 6052/8495/2278 6054/8496/2278
f 6049/6805/2279 6053/8497/2279 6052/8495/2279 6051/8498/2279
f 6050/7110/2280 6054/8496/2280 6052/8495/2280 6053/8499/2280
f 6055/6610/2281 6058/8500/2281 6059/8501/2281 6061/8502/2281
f 6056/7168/2282 6060/8503/2282 6059/8501/2282 6058/8504/2282
f 6057/6766/2283 6061/8505/2283 6059/8501/2283 6060/8506/2283
f 6062/7448/2284 6065/8507/2284 6066/8508/2284 6068/8509/2284
f 6063/7605/2285 6067/8510/2285 6066/8508/2285 6065/8511/2285
f 6064/5556/2286 6068/8512/2286 6066/8508/2286 6067/8513/2286
f 6069/6582/2287 6072/8514/2287 6073/8515/2287 6075/8516/2287
f 6070/7216/2288 6074/8517/2288 6073/8515/2288 6072/8514/2288
f 6071/7105/2289 6075/8518/2289 6073/8515/2289 6074/8517/2289
f 6076/6683/2290 6079/8519/2290 6080/8520/2290 6082/8521/2290
f 6077/6910/2291 6081/8522/2291 6080/8520/2291 6079/8523/2291
f 6078/6839/2292 6082/8521/2292 6080/8520/2292 6081/8524/2292
f 5589/7055/2293 5957/7054/2293 5963/8416/2293 5592/8525/2293
f 5592/8525/2294 5963/8416/2294 5959/7013/2294 5590/7012/2294
f 5950/6833/2295 5597/6832/2295 5599/8238/2295 5953/8407/2295
f 5953/8407/2296 5599/8238/2296 5596/7170/2296 5951/7169/2296
f 5749/6666/2297 5591/6906/2297 5594/6906/2297 5753/8244/2297
f 5753/8244/2298 5594/6906/2298 5590/7012/2298 5747/7011/2298
f 5584/6907/2299 5978/6909/2299 5984/8436/2299 5588/8234/2299
f 5588/8234/2300 5984/8436/2300 5980/6913/2300 5582/6912/2300
f 5754/7597/2301 5575/7600/2301 5581/8231/2301 5757/8247/2301
f 5757/8247/2302 5581/8231/2302 5577/7173/2302 5755/6676/2302
f 5861/7581/2303 5866/7584/2303 5872/8336/2303 5865/8332/2303
f 5865/8332/2304 5872/8336/2304 5868/6905/2304 5859/6904/2304
f 5875/7408/2305 5880/7407/2305 5886/8526/2305 5879/8527/2305
f 5879/8527/2306 5886/8526/2306 5882/7599/2306 5873/7598/2306
f 5763/6691/2307 5562/6974/2307 5564/8217/2307 5767/8254/2307
f 5767/8254/2308 5564/8217/2308 5561/7583/2308 5761/7582/2308
f 6043/7092/2309 5526/7091/2309 5532/8195/2309 6047/8493/2309
f 6047/8493/2310 5532/8195/2310 5528/7354/2310 6041/7353/2310
f 5549/7118/2311 5534/7117/2311 5536/8197/2311 5553/8211/2311
f 5553/8211/2312 5536/8197/2312 5533/7439/2312 5547/7438/2312
f 5971/7368/2313 5541/7367/2313 5543/8202/2313 5974/8431/2313
f 5974/8431/2314 5543/8202/2314 5540/7089/2314 5972/7088/2314
f 5521/7114/2315 5499/7113/2315 5501/8174/2315 5525/8191/2315
f 5525/8191/2316 5501/8174/2316 5498/6931/2316 5519/6930/2316
f 5819/7191/2317 5506/7190/2317 5508/8178/2317 5823/8295/2317
f 5823/8295/2318 5508/8178/2318 5505/7090/2318 5817/7093/2318
f 6006/6967/2319 5513/6966/2319 5515/8183/2319 6009/8461/2319
f 6009/8461/2320 5515/8183/2320 5512/7183/2320 6007/7182/2320
f 6050/7110/2321 5457/7109/2321 5459/8143/2321 6054/8496/2321
f 6054/8496/2322 5459/8143/2322 5456/6992/2322 6048/6995/2322
f 5493/6934/2323 5936/6936/2323 5942/8398/2323 5497/8173/2323
f 5497/8173/2324 5942/8398/2324 5938/6986/2324 5491/6985/2324
f 5768/7099/2325 5464/7102/2325 5466/7188/2325 5771/8261/2325
f 5771/8261/2326 5466/7188/2326 5463/7188/2326 5769/5581/2326
f 5894/6940/2327 5465/6939/2327 5468/8152/2327 5897/8360/2327
f 5897/8360/2328 5468/8152/2328 5464/7102/2328 5895/7101/2328
f 5486/7230/2329 5992/7229/2329 5998/8448/2329 5490/8168/2329
f 5490/8168/2330 5998/8448/2330 5994/6808/2330 5484/6807/2330
f 5889/7431/2331 5896/7085/2331 5899/8363/2331 5893/8358/2331
f 5893/8358/2332 5899/8363/2332 5895/7101/2332 5887/7100/2332
f 5929/6846/2333 5429/6845/2333 5431/8120/2333 5932/8390/2333
f 5932/8390/2334 5431/8120/2334 5428/7218/2334 5930/7217/2334
f 5903/6878/2335 5908/6881/2335 5914/8373/2335 5907/8370/2335
f 5907/8370/2336 5914/8373/2336 5910/7413/2336 5901/7412/2336
f 5423/7187/2337 5443/7186/2337 5445/8131/2337 5427/8117/2337
f 5427/8117/2338 5445/8131/2338 5442/7104/2338 5421/7103/2338
f 5777/7556/2339 5393/7559/2339 5399/8103/2339 5781/8264/2339
f 5781/8264/2340 5399/8103/2340 5395/8103/2340 5775/6738/2340
f 5784/6946/2341 5408/6945/2341 5410/8108/2341 5788/8269/2341
f 5788/8269/1373 5410/8108/1373 5407/6880/1373 5782/6879/1373
f 5917/7326/2342 5922/7098/2342 5928/8528/2342 5921/8382/2342
f 5921/8382/2343 5928/8528/2343 5924/7558/2343 5915/7557/2343
f 5615/6950/2344 5401/6953/2344 5403/6947/2344 5617/8529/2344
f 5617/8529/2345 5403/6947/2345 5400/6948/2345 5616/6947/2345
f 5634/7160/2346 5436/7163/2346 5438/8126/2346 5635/8530/2346
f 5635/8530/2347 5438/8126/2347 5435/6943/2347 5633/6942/2347
f 5527/6956/2348 5672/6955/2348 5674/8531/2348 5531/8196/2348
f 5531/8196/2349 5674/8531/2349 5673/7351/2349 5528/7354/2349
f 5429/6845/2350 5627/6844/2350 5629/8123/2350 5433/8123/2350
f 5433/8123/2351 5629/8123/2351 5628/6643/2351 5430/7268/2351
f 5651/7227/2352 5486/7230/2352 5489/6622/2352 5653/8532/2352
f 5653/8532/2353 5489/6622/2353 5485/7523/2353 5652/6622/2353
f 5670/7111/2354 5521/7114/2354 5524/8192/2354 5671/8533/2354
f 5671/8533/2355 5524/8192/2355 5520/6928/2355 5669/6927/2355
f 6029/6809/2356 5708/6812/2356 5710/8534/2356 6033/8482/2356
f 6033/8482/2357 5710/8534/2357 5709/7369/2357 6027/7371/2357
f 5666/6954/2358 5507/6957/2358 5510/8181/2358 5668/8535/2358
f 5668/8535/2359 5510/8181/2359 5506/7190/2359 5667/7189/2359
f 5465/6939/2360 5648/6938/2360 5650/8536/2360 5469/8151/2360
f 5469/8151/2361 5650/8536/2361 5649/6719/2361 5463/7188/2361
f 5810/7455/2362 5690/7458/2362 5692/8537/2362 5813/8287/2362
f 5813/8287/2363 5692/8537/2363 5691/6819/2363 5811/6820/2363
f 5643/7451/2364 5458/7454/2364 5461/8148/2364 5644/8538/2364
f 5644/8538/2365 5461/8148/2365 5457/7109/2365 5642/7108/2365
f 5682/7115/2366 5549/7118/2366 5552/8212/2366 5683/8539/2366
f 5683/8539/2367 5552/8212/2367 5548/6924/2367 5681/6923/2367
f 5660/6934/2368 5493/6934/2368 5496/6714/2368 5662/8540/2368
f 5662/8540/2369 5496/6714/2369 5492/7532/2369 5661/6714/2369
f 5570/6918/2370 5699/6917/2370 5701/8223/2370 5574/8223/2370
f 5574/8223/2371 5701/8223/2371 5700/6914/2371 5568/6915/2371
f 5723/6907/2372 5584/6907/2372 5587/6560/2372 5725/8541/2372
f 5725/8541/2373 5587/6560/2373 5583/6866/2373 5724/6560/2373
f 5679/7457/2374 6034/7456/2374 6040/8485/2374 5680/8542/2374
f 5680/8542/2375 6040/8485/2375 6036/6707/2375 5678/6706/2375
f 5676/7043/2376 5535/7046/2376 5538/8200/2376 5677/8543/2376
f 5677/8543/2377 5538/8200/2377 5534/7117/2377 5675/7116/2377
f 5738/6768/2378 5803/6767/2378 5809/8284/2378 5740/8544/2378
f 5740/8544/2379 5809/8284/2379 5805/5660/2379 5739/5661/2379
f 5732/7052/2380 5589/7055/2380 5595/6554/2380 5734/8545/2380
f 5734/8545/2381 5595/6554/2381 5591/6906/2381 5733/6554/2381
f 6057/6766/2382 5744/6765/2382 5746/8546/2382 6061/8505/2382
f 6061/8505/2383 5746/8546/2383 5745/7424/2383 6055/7426/2383
f 5987/7010/2384 5959/7013/2384 5962/8417/2384 5991/8445/2384
f 5991/8445/2385 5962/8417/2385 5958/7297/2385 5985/7435/2385
f 5597/6832/2386 5735/6831/2386 5737/8241/2386 5601/8241/2386
f 5601/8241/2387 5737/8241/2387 5736/6556/2387 5598/7280/2387
f 5696/7030/2388 5563/7033/2388 5566/6693/2388 5698/8547/2388
f 5698/8547/2389 5566/6693/2389 5562/6974/2389 5697/6693/2389
f 5640/7442/2390 5449/7445/2390 5455/8141/2390 5641/8548/2390
f 5641/8548/2391 5455/8141/2391 5451/7376/2391 5639/7375/2391
f 5541/7367/2392 5684/7366/2392 5686/8205/2392 5545/8205/2392
f 5545/8205/2393 5686/8205/2393 5685/6701/2393 5542/7547/2393
f 5658/5588/2394 5500/6979/2394 5503/8177/2394 5659/8549/2394
f 5659/8549/2395 5503/8177/2395 5499/7113/2395 5657/7112/2395
f 5687/7003/2396 5555/7006/2396 5557/6920/2396 5689/8550/2396
f 5689/8550/2397 5557/6920/2397 5554/6921/2397 5688/6920/2397
f 5646/7374/2398 5471/7377/2398 5473/8154/2398 5647/8551/2398
f 5647/8551/2399 5473/8154/2399 5470/6869/2399 5645/6868/2399
f 5513/6966/2400 5663/6965/2400 5665/8186/2400 5517/8186/2400
f 5517/8186/2401 5665/8186/2401 5664/6851/2401 5514/7309/2401
f 5624/6756/2402 5409/6759/2402 5412/6642/2402 5626/8552/2402
f 5626/8552/2403 5412/6642/2403 5408/6945/2403 5625/6642/2403
f 5622/5558/2404 5414/7273/2404 5420/8113/2404 5623/8553/2404
f 5623/8553/2405 5420/8113/2405 5416/7162/2405 5621/7161/2405
f 5479/7453/2406 5654/7452/2406 5656/8554/2406 5483/8164/2406
f 5483/8164/2407 5656/8554/2407 5655/6969/2407 5477/6970/2407
f 5394/7148/2408 5612/7147/2408 5614/8101/2408 5398/8101/2408
f 5398/8101/2409 5614/8101/2409 5613/6825/2409 5395/8103/2409
f 5630/7184/2410 5423/7187/2410 5426/8118/2410 5632/8555/2410
f 5632/8555/2411 5426/8118/2411 5422/6841/2411 5631/6840/2411
f 5826/7447/2412 5618/7450/2412 5620/8556/2412 5830/8303/2412
f 5830/8303/2413 5620/8556/2413 5619/6889/2413 5824/6890/2413
f 5721/7172/2414 5577/7173/2414 5580/8229/2414 5722/8229/2414
f 5722/8229/2415 5580/8229/2415 5576/7077/2415 5720/7076/2415
f 5443/7186/2416 5636/7185/2416 5638/8557/2416 5447/8134/2416
f 5447/8134/2417 5638/8557/2417 5637/7355/2417 5444/7358/2417
f 5923/7149/2418 5394/7148/2418 5396/8098/2418 5927/8387/2418
f 5927/8387/2419 5396/8098/2419 5393/7559/2419 5924/7558/2419
f 5401/6953/2420 5943/6952/2420 5949/8403/2420 5405/6953/2420
f 5405/6953/2421 5949/8403/2421 5945/7608/2421 5402/7607/2421
f 6064/5556/2422 5606/5555/2422 5608/8558/2422 6068/8509/2422
f 6068/8509/2423 5608/8558/2423 5607/7449/2423 6062/7448/2423
f 5409/6759/2424 5909/6758/2424 5911/8371/2424 5413/6759/2424
f 5413/6759/2425 5911/8371/2425 5908/6881/2425 5407/6880/2425
f 5436/7163/2426 5416/7162/2426 5419/8114/2426 5440/8129/2426
f 5440/8129/2427 5419/8114/2427 5415/6784/2427 5437/6783/2427
f 5833/6842/2428 5422/6841/2428 5424/8115/2428 5837/8307/2428
f 5837/8307/2429 5424/8115/2429 5421/7103/2429 5831/7106/2429
f 6071/7105/2430 5442/7104/2430 5448/8133/2430 6075/8518/2430
f 6075/8518/2431 5448/8133/2431 5444/7358/2431 6069/7357/2431
f 5471/7377/2432 5451/7376/2432 5454/8142/2432 5475/8157/2432
f 5475/8157/2433 5454/8142/2433 5450/7022/2433 5472/7021/2433
f 5458/7454/2434 5479/7453/2434 5482/8165/2434 5462/8147/2434
f 5462/8147/2435 5482/8165/2435 5478/6993/2435 5456/6992/2435
f 5840/6994/2436 5478/6993/2436 5480/8159/2436 5844/8314/2436
f 5844/8314/2437 5480/8159/2437 5477/6970/2437 5838/6859/2437
f 5791/6712/2438 5492/7532/2438 5494/8171/2438 5795/8275/2438
f 5795/8275/2439 5494/8171/2439 5491/6985/2439 5789/6984/2439
f 5507/6957/2440 5527/6956/2440 5529/8193/2440 5511/8180/2440
f 5511/8180/2441 5529/8193/2441 5526/7091/2441 5505/7090/2441
f 6015/6983/2442 5938/6986/2442 5941/8399/2442 6019/8469/2442
f 6019/8469/2443 5941/8399/2443 5937/7313/2443 6013/7567/2443
f 6022/7322/2444 5973/7318/2444 5976/8430/2444 6026/8475/2444
f 6026/8475/2445 5976/8430/2445 5972/7088/2445 6020/7087/2445
f 5555/7006/2446 5964/7005/2446 5970/8425/2446 5559/8215/2446
f 5559/8215/2447 5970/8425/2447 5966/7571/2447 5556/7570/2447
f 5796/7086/2448 5540/7089/2448 5546/8204/2448 5799/8277/2448
f 5799/8277/2449 5546/8204/2449 5542/7547/2449 5797/6925/2449
f 5563/7033/2450 5867/7032/2450 5869/8334/2450 5567/7033/2450
f 5567/7033/2451 5869/8334/2451 5866/7584/2451 5561/7583/2451
f 5999/6919/2452 5570/6918/2452 5573/8224/2452 6002/8451/2452
f 6002/8451/2453 5573/8224/2453 5569/7308/2453 6000/7307/2453
f 5847/5633/2454 5703/5632/2454 5704/8559/2454 5851/8318/2454
f 5851/8318/2455 5704/8559/2455 5702/6811/2455 5845/6810/2455
f 5881/7078/2456 5576/7077/2456 5578/8227/2456 5885/8349/2456
f 5885/8349/2457 5578/8227/2457 5575/7600/2457 5882/7599/2457
f 6078/6839/2458 5714/6838/2458 5716/8560/2458 6082/8521/2458
f 6082/8521/2459 5716/8560/2459 5715/6684/2459 6076/6683/2459
f 5852/6682/2460 5726/6681/2460 5728/8561/2460 5855/8320/2460
f 5855/8320/2461 5728/8561/2461 5727/6777/2461 5853/6779/2461
f 5739/5656/2462 5745/5659/2462 5746/8546/2462 5740/8544/2462
f 5740/8544/2463 5746/8546/2463 5744/6765/2463 5738/6768/2463
f 5742/7069/2464 5730/7068/2464 5731/8562/2464 5743/8563/2464
f 5743/8563/2465 5731/8562/2465 5729/5646/2465 5741/5649/2465
f 5714/5638/2466 5727/5641/2466 5728/8561/2466 5716/8560/2466
f 5716/8560/2467 5728/8561/2467 5726/6681/2467 5715/6684/2467
f 5718/7360/2468 5712/7359/2468 5713/8564/2468 5719/8565/2468
f 5719/8565/2469 5713/8564/2469 5711/5634/2469 5717/5637/2469
f 5703/5627/2470 5709/5630/2470 5710/8534/2470 5704/8559/2470
f 5704/8559/2471 5710/8534/2471 5708/6812/2471 5702/6811/2471
f 5706/7081/2472 5694/7080/2472 5695/8566/2472 5707/8567/2472
f 5707/8567/2473 5695/8566/2473 5693/5617/2473 5705/5620/2473
f 5678/5609/2474 5691/5612/2474 5692/8537/2474 5680/8542/2474
f 5680/8542/2475 5692/8537/2475 5690/7458/2475 5679/7457/2475
f 5681/5607/2476 5676/5606/2476 5677/8543/2476 5683/8539/2476
f 5683/8539/2477 5677/8543/2477 5675/7116/2477 5682/7115/2477
f 5667/5597/2478 5673/5600/2478 5674/8531/2478 5668/8535/2478
f 5668/8535/2479 5674/8531/2479 5672/6955/2479 5666/6954/2479
f 5669/5589/2480 5658/5588/2480 5659/8549/2480 5671/8533/2480
f 5671/8533/2481 5659/8549/2481 5657/7112/2481 5670/7111/2481
f 5642/6722/2482 5655/6725/2482 5656/8554/2482 5644/8538/2482
f 5644/8538/2483 5656/8554/2483 5654/7452/2483 5643/7451/2483
f 5645/5577/2484 5640/5576/2484 5641/8548/2484 5647/8551/2484
f 5647/8551/2485 5641/8548/2485 5639/7375/2485 5646/7374/2485
f 5631/5567/2486 5637/5570/2486 5638/8557/2486 5632/8555/2486
f 5632/8555/2487 5638/8557/2487 5636/7185/2487 5630/7184/2487
f 5633/5559/2488 5622/5558/2488 5623/8553/2488 5635/8530/2488
f 5635/8530/2489 5623/8553/2489 5621/7161/2489 5634/7160/2489
f 5606/6744/2490 5619/6747/2490 5620/8556/2490 5608/8558/2490
f 5608/8558/2491 5620/8556/2491 5618/7450/2491 5607/7449/2491
f 5610/7373/2492 5604/7372/2492 5605/8568/2492 5611/8569/2492
f 5611/8569/2493 5605/8568/2493 5603/6544/2493 5609/6547/2493
f 5730/7066/2494 5749/6666/2494 5752/8245/2494 5731/8562/2494
f 5731/8562/2495 5752/8245/2495 5748/5647/2495 5729/5646/2495
f 5717/5637/2496 5756/5636/2496 5759/8250/2496 5719/8565/2496
f 5719/8565/2497 5759/8250/2497 5755/6676/2497 5718/6675/2497
f 5705/5620/2498 5860/5619/2498 5862/8327/2498 5707/8567/2498
f 5707/8567/2499 5862/8327/2499 5859/6687/2499 5706/6686/2499
f 5712/6975/2500 5875/6977/2500 5878/8342/2500 5713/8564/2500
f 5713/8564/2501 5878/8342/2501 5874/5635/2501 5711/5634/2501
f 5694/6688/2502 5763/6691/2502 5766/8255/2502 5695/8566/2502
f 5695/8566/2503 5766/8255/2503 5762/5618/2503 5693/5617/2503
f 5472/7021/2504 5770/7024/2504 5773/8260/2504 5476/8156/2504
f 5476/8156/2505 5773/8260/2505 5769/5581/2505 5470/6869/2505
f 5449/7445/2506 5889/7444/2506 5892/8356/2506 5452/8137/2506
f 5452/8137/2507 5892/8356/2507 5888/7023/2507 5450/7022/2507
f 5437/6783/2508 5902/6786/2508 5904/8366/2508 5441/8128/2508
f 5441/8128/2509 5904/8366/2509 5901/6944/2509 5435/6943/2509
f 5609/6547/2510 5776/6546/2510 5778/8262/2510 5611/8569/2510
f 5611/8569/2511 5778/8262/2511 5775/6738/2511 5610/6739/2511
f 5414/7273/2512 5784/6946/2512 5787/8270/2512 5417/8111/2512
f 5417/8111/2513 5787/8270/2513 5783/6785/2513 5415/6784/2513
f 5604/6958/2514 5917/6960/2514 5920/8381/2514 5605/8568/2514
f 5605/8568/2515 5920/8381/2515 5916/6545/2515 5603/6544/2515
f 5741/5649/2516 5986/5648/2516 5988/8440/2516 5743/8563/2516
f 5743/8563/2517 5988/8440/2517 5985/6658/2517 5742/6657/2517
f 5500/6979/2518 5791/6712/2518 5794/8276/2518 5504/8176/2518
f 5504/8176/2519 5794/8276/2519 5790/6932/2519 5498/6931/2519
f 5519/6930/2520 6014/6933/2520 6016/8464/2520 5522/8189/2520
f 5522/8189/2521 6016/8464/2521 6013/6929/2521 5520/6928/2521
f 5535/7046/2522 6022/7045/2522 6025/8473/2522 5539/8199/2522
f 5539/8199/2523 6025/8473/2523 6021/7440/2523 5533/7439/2523
f 5547/7438/2524 5798/7441/2524 5801/8280/2524 5550/8207/2524
f 5550/8207/2525 5801/8280/2525 5797/6925/2525 5548/6924/2525
f 5915/7557/2526 5777/7556/2526 5780/8265/2526 5918/8378/2526
f 5918/8378/2527 5780/8265/2527 5776/6546/2527 5916/6545/2527
f 5782/6879/1339 5903/6878/1339 5906/8369/1339 5785/8267/1339
f 5785/8267/1339 5906/8369/1339 5902/6786/1339 5783/6785/1339
f 5887/7100/1321 5768/7099/1321 5774/8259/1321 5890/8353/1321
f 5890/8353/1321 5774/8259/1321 5770/7024/1321 5888/7023/1321
f 5789/6984/1163 6015/6983/1163 6018/8467/1163 5792/8273/1163
f 5792/8273/1163 6018/8467/1163 6014/6933/1163 5790/6932/1163
f 6020/7087/1375 5796/7086/1375 5802/8279/1375 6023/8470/1375
f 6023/8470/1375 5802/8279/1375 5798/7441/1375 6021/7440/1375
f 5761/7582/2528 5861/7581/2528 5864/8330/2528 5764/8252/2528
f 5764/8252/2529 5864/8330/2529 5860/5619/2529 5762/5618/2529
f 5873/7598/2530 5754/7597/2530 5760/8251/2530 5876/8339/2530
f 5876/8339/2531 5760/8251/2531 5756/5636/2531 5874/5635/2531
f 5747/7011/2532 5987/7010/2532 5990/8443/2532 5750/8570/2532
f 5750/8570/2533 5990/8443/2533 5986/5648/2533 5748/5647/2533
f 5598/7280/2534 5805/5660/2534 5808/8285/2534 5602/8240/2534
f 5602/8240/2535 5808/8285/2535 5804/7167/2535 5596/7170/2535
f 6000/7307/2536 6028/7306/2536 6030/8477/2536 6004/8454/2536
f 6004/8454/2537 6030/8477/2537 6027/7338/2537 6001/7337/2537
f 5556/7570/2538 5812/7569/2538 5815/8290/2538 5560/8214/2538
f 5560/8214/2539 5815/8290/2539 5811/6922/2539 5554/6921/2539
f 5965/7350/2540 6036/7349/2540 6039/8486/2540 5969/8571/2540
f 5969/8571/2541 6039/8486/2541 6035/7568/2541 5966/7571/2541
f 6007/7182/2542 6042/7181/2542 6044/8489/2542 6011/8460/2542
f 6011/8460/2543 6044/8489/2543 6041/7430/2543 6008/7387/2543
f 5514/7309/2438 5819/7191/2438 5822/8296/2438 5518/8572/2438
f 5518/8572/2439 5822/8296/2439 5818/7180/2439 5512/7183/2439
f 5993/7020/2544 6050/7019/2544 6053/8497/2544 5997/8449/2544
f 5997/8449/2545 6053/8497/2545 6049/6805/2545 5994/6808/2545
f 5402/7607/2546 5825/7606/2546 5827/8299/2546 5406/6948/2546
f 5406/6948/2547 5827/8299/2547 5824/6949/2547 5400/6948/2547
f 5951/7169/2548 6056/7168/2548 6058/8500/2548 5955/8410/2548
f 5955/8410/2549 6058/8500/2549 6055/6610/2549 5952/6609/2549
f 5944/7344/2550 6064/7343/2550 6067/8510/2550 5948/8404/2550
f 5948/8404/2551 6067/8510/2551 6063/7605/2551 5945/7608/2551
f 5430/7268/2341 5833/6842/2341 5836/8308/2341 5434/8122/2341
f 5434/8122/1373 5836/8308/1373 5832/7215/1373 5428/7218/1373
f 5930/7217/2552 6070/7216/2552 6072/8514/2552 5934/8573/2552
f 5934/8573/2553 6072/8514/2553 6069/6582/2553 5931/6581/2553
f 5484/6807/2325 5839/6806/2325 5841/8310/2325 5487/8169/2325
f 5487/8169/2326 5841/8310/2326 5838/6859/2326 5485/7523/2326
f 5568/6915/2554 5847/5633/2554 5850/8319/2554 5571/8225/2554
f 5571/8225/2555 5850/8319/2555 5846/7305/2555 5569/7308/2555
f 5979/7423/2556 6078/7422/2556 6081/8522/2556 5983/8439/2556
f 5983/8439/2557 6081/8522/2557 6077/6910/2557 5980/6913/2557
f 5582/6912/2558 5854/6911/2558 5857/8326/2558 5585/8232/2558
f 5585/8232/2559 5857/8326/2559 5853/6867/2559 5583/6866/2559
f 5825/7606/2560 6063/7605/2560 6065/8507/2560 5829/8302/2560
f 5829/8302/2561 6065/8507/2561 6062/7448/2561 5826/7447/2561
f 6070/7216/1339 5832/7215/1339 5834/8305/1339 6074/8517/1339
f 6074/8517/1339 5834/8305/1339 5831/7106/1339 6071/7105/1339
f 5839/6806/1321 6049/6805/1321 6051/8494/1321 5843/8574/1321
f 5843/8574/1321 6051/8494/1321 6048/6995/1321 5840/6994/1321
f 6042/7181/1163 5818/7180/1163 5820/8297/1163 6046/8492/1163
f 6046/8492/1163 5820/8297/1163 5817/7093/1163 6043/7092/1163
f 5812/7569/2562 6035/7568/2562 6037/8483/2562 5816/8289/2562
f 5816/8289/2563 6037/8483/2563 6034/7456/2563 5810/7455/2563
f 6028/7306/2564 5846/7305/2564 5848/8316/2564 6032/8480/2564
f 6032/8480/2565 5848/8316/2565 5845/6810/2565 6029/6809/2565
f 5854/6911/2566 6077/6910/2566 6079/8519/2566 5858/8575/2566
f 5858/8575/2567 6079/8519/2567 6076/6683/2567 5852/6682/2567
f 6056/7168/2568 5804/7167/2568 5806/8282/2568 6060/8503/2568
f 6060/8503/2569 5806/8282/2569 5803/6767/2569 6057/6766/2569
f 6083/6843/2570 5929/6846/2570 5935/8392/2570 6085/8576/2570
f 6085/8577/2571 5935/8394/2571 5931/6581/2571 6084/7397/2571
f 6084/8578/2572 5628/8579/2572 5629/8580/2572 6085/8581/2572
f 6085/8582/2573 5629/8583/2573 5627/6844/2573 6083/6843/2573
f 6089/6757/2574 5624/6756/2574 5626/8552/2574 6091/8584/2574
f 6091/8584/2575 5626/8552/2575 5625/6642/2575 6090/8585/2575
f 6086/7075/2576 5881/7078/2576 5883/8350/2576 6088/8586/2576
f 6088/8587/2577 5883/8346/2577 5880/7127/2577 6087/7126/2577
f 6087/6562/2578 5721/6561/2578 5722/8588/2578 6088/8589/2578
f 6088/8590/2579 5722/8591/2579 5720/7076/2579 6086/7075/2579
f 6116/6908/2580 5723/6907/2580 5725/8541/2580 6118/8592/2580
f 6118/8592/2581 5725/8541/2581 5724/6560/2581 6117/6559/2581
f 5909/6758/2582 6089/6757/2582 6091/8584/2582 5913/8593/2582
f 5913/8593/2583 6091/8584/2583 6090/6865/2583 5910/6864/2583
f 5936/6936/2584 6092/6935/2584 6094/8594/2584 5939/8595/2584
f 5939/8595/2585 6094/8594/2585 6093/7314/2585 5937/7313/2585
f 5661/6714/2586 6093/8596/2586 6094/8594/2586 5662/8540/2586
f 5662/8540/2587 6094/8594/2587 6092/6935/2587 5660/6934/2587
f 5663/6965/2588 6128/6964/2588 6130/8597/2588 5665/8598/2588
f 5665/8599/2589 6130/8600/2589 6129/8601/2589 5664/6851/2589
f 5943/6952/2590 6095/6951/2590 6097/8602/2590 5946/8603/2590
f 5946/8603/2591 6097/8602/2591 6096/7395/2591 5944/7394/2591
f 5616/6653/2592 6096/6652/2592 6097/8602/2592 5617/8529/2592
f 5617/8529/2593 6097/8602/2593 6095/6951/2593 5615/6950/2593
f 5612/7147/2594 6104/7146/2594 6106/8604/2594 5614/8605/2594
f 5614/8606/2595 6106/8607/2595 6105/6655/2595 5613/6654/2595
f 6098/6830/2596 5950/6833/2596 5956/8409/2596 6100/8608/2596
f 6100/8609/2597 5956/8412/2597 5952/6609/2597 6099/7391/2597
f 6099/6646/2598 5736/6645/2598 5737/8610/2598 6100/8611/2598
f 6100/8612/2599 5737/8613/2599 5735/6831/2599 6098/6830/2599
f 6107/7053/2600 5732/7052/2600 5734/8545/2600 6109/8614/2600
f 6109/8614/2601 5734/8545/2601 5733/6554/2601 6108/6891/2601
f 5867/7032/2602 6101/7031/2602 6103/8615/2602 5871/8616/2602
f 5871/8616/2603 6103/8615/2603 6102/6978/2603 5868/6905/2603
f 5697/8617/2604 6102/8618/2604 6103/8615/2604 5698/8547/2604
f 5698/8547/2605 6103/8615/2605 6101/7031/2605 5696/7030/2605
f 5699/6917/2606 6125/6916/2606 6127/8619/2606 5701/8620/2606
f 5701/8621/2607 6127/8622/2607 6126/8623/2607 5700/6814/2607
f 6104/7146/2608 5923/7149/2608 5925/8388/2608 6106/8624/2608
f 6106/8625/2609 5925/8384/2609 5922/7098/2609 6105/7097/2609
f 5957/7054/2610 6107/7053/2610 6109/8614/2610 5960/8626/2610
f 5960/8626/2611 6109/8614/2611 6108/7298/2611 5958/7297/2611
f 5964/7005/2612 6110/7004/2612 6112/8627/2612 5967/8628/2612
f 5967/8628/2613 6112/8627/2613 6111/7383/2613 5965/7382/2613
f 5688/6593/2614 6111/6592/2614 6112/8627/2614 5689/8550/2614
f 5689/8550/2615 6112/8627/2615 6110/7004/2615 5687/7003/2615
f 5684/7366/2616 6113/7365/2616 6115/8629/2616 5686/8630/2616
f 5686/8631/2617 6115/8632/2617 6114/6595/2617 5685/6594/2617
f 6113/7365/2618 5971/7368/2618 5977/8429/2618 6115/8633/2618
f 6115/8634/2619 5977/8432/2619 5973/7318/2619 6114/7317/2619
f 5978/6909/2620 6116/6908/2620 6118/8592/2620 5981/8635/2620
f 5981/8635/2621 6118/8592/2621 6117/7403/2621 5979/7402/2621
f 6119/6937/2622 5894/6940/2622 5900/8362/2622 6121/8636/2622
f 6121/8637/2623 5900/8364/2623 5896/7085/2623 6120/7084/2623
f 6120/6624/2624 5649/6623/2624 5650/8638/2624 6121/8639/2624
f 6121/8640/2625 5650/8641/2625 5648/6938/2625 6119/6937/2625
f 6122/7228/2626 5651/7227/2626 5653/8532/2626 6124/8642/2626
f 6124/8642/2627 5653/8532/2627 5652/6622/2627 6123/6621/2627
f 5992/7229/2628 6122/7228/2628 6124/8642/2628 5995/8643/2628
f 5995/8643/2629 6124/8642/2629 6123/7389/2629 5993/7020/2629
f 6125/6916/2630 5999/6919/2630 6005/8453/2630 6127/8644/2630
f 6127/8645/2631 6005/8455/2631 6001/7337/2631 6126/7380/2631
f 6128/6964/2632 6006/6967/2632 6012/8459/2632 6130/8646/2632
f 6130/8647/2633 6012/8462/2633 6008/7387/2633 6129/7386/2633
f 5613/6825/1321 4475/6738/1321 5775/6738/1321 5395/8103/1321
g module3.001_Material.075
usemtl Material.075
f 3277/5557/1117 5622/5558/1118 5633/5559/1119 3279/5560/1120
f 4376/5561/358 3272/5562/13 3274/5563/15 4380/5564/362
f 4380/5564/362 3274/5563/15 3276/5565/1121 4384/5566/1122
f 5631/5567/1123 3278/5568/1124 3280/5569/1125 5637/5570/1126
f 4387/5571/1127 5633/5572/1119 4957/5573/1128 4784/5574/1129
f 3283/5575/1130 5640/5576/1131 5645/5577/1132 3285/5578/1133
f 4391/5579/238 5645/5580/1132 4468/5581/286 4467/5582/238
f 4388/5583/1134 5642/5584/1135 5006/5585/1136 4811/5586/1137
f 3293/5587/1138 5658/5588/1139 5669/5589/1140 3295/5590/1141
f 4394/5591/238 3288/5592/132 3290/5593/124 4398/5594/223
f 4398/5594/223 3290/5593/124 3292/5595/123 4402/5596/224
f 5667/5597/1142 3294/5598/1143 3296/5599/1144 5673/5600/1145
f 4405/5601/1146 5669/5602/1140 4943/5603/1147 4777/5604/1148
f 3299/5605/1149 5676/5606/1150 5681/5607/1151 3301/5608/103
f 5678/5609/1152 3300/5610/1153 3302/5611/1154 5691/5612/1155
f 4406/5613/1156 5678/5614/1152 4992/5615/1157 4804/5616/1158
f 4412/5621/262 3304/5622/98 3306/5623/95 4416/5624/250
f 4416/5624/250 3306/5623/95 3308/5625/89 4420/5626/229
f 5703/5627/1160 3310/5628/84 3312/5629/1161 5709/5630/1162
f 5714/5638/1165 3316/5639/1166 3318/5640/1167 5727/5641/1168
f 4424/5642/1169 5714/5643/1165 4978/5644/1170 4797/5645/1171
f 4430/5650/142 3320/5651/67 3322/5652/63 4434/5653/140
f 4434/5653/140 3322/5652/63 3324/5654/60 4438/5655/137
f 5739/5656/1173 3326/5657/59 3328/5658/1174 5745/5659/1175
f 3262/5662/118 3260/5663/122 3634/5664/123 3618/5665/117
f 3590/5668/111 3612/5669/114 3613/5670/112 3587/5671/109
f 3203/5672/104 3201/5673/116 3265/5674/1178 3266/5675/1179
f 3202/5676/110 3204/5677/105 3267/5678/1180 3268/5679/1181
f 3205/5680/101 3203/5672/104 3266/5675/1179 3269/5681/1182
f 3204/5677/105 3206/5682/102 3270/5683/1183 3267/5678/1180
f 3207/5684/96 3205/5680/101 3269/5681/1182 3271/5685/23
f 3206/5682/102 3208/5686/97 3272/5687/13 3270/5683/1183
f 3209/5688/93 3207/5684/96 3271/5685/23 3273/5689/24
f 3208/5686/97 3210/5690/94 3274/5691/15 3272/5687/13
f 3211/5692/91 3209/5688/93 3273/5689/24 3275/5693/32
f 3210/5690/94 3212/5694/90 3276/5695/1121 3274/5691/15
f 3213/5696/85 3211/5692/91 3275/5693/32 3277/5697/1117
f 3212/5694/90 3214/5698/83 3278/5699/1124 3276/5695/1121
f 3215/5700/86 3213/5696/85 3277/5697/1117 3279/5701/1120
f 3214/5698/83 3216/5702/81 3280/5703/1125 3278/5699/1124
f 3217/5704/77 3215/5700/86 3279/5701/1120 3281/5705/1184
f 3216/5702/81 3218/5706/78 3282/5707/1185 3280/5703/1125
f 3219/5708/73 3217/5704/77 3281/5705/1184 3283/5709/1130
f 3218/5706/78 3220/5710/74 3284/5711/1186 3282/5707/1185
f 3221/5712/68 3219/5708/73 3283/5709/1130 3285/5713/1133
f 3220/5710/74 3222/5714/69 3286/5715/1187 3284/5711/1186
f 3223/5716/65 3221/5712/68 3285/5713/1133 3287/5717/129
f 3222/5714/69 3224/5718/66 3288/5719/132 3286/5715/1187
f 3225/5720/61 3223/5716/65 3287/5717/129 3289/5721/128
f 3224/5718/66 3226/5722/62 3290/5723/124 3288/5719/132
f 3227/5724/56 3225/5720/61 3289/5721/128 3291/5725/127
f 3226/5722/62 3228/5726/57 3292/5727/123 3290/5723/124
f 3229/5728/53 3227/5724/56 3291/5725/127 3293/5729/1138
f 3228/5726/57 3230/5730/54 3294/5731/1143 3292/5727/123
f 3231/5732/30 3229/5728/53 3293/5729/1138 3295/5733/1141
f 3230/5730/54 3232/5734/9 3296/5735/1144 3294/5731/1143
f 3233/5736/29 3231/5732/30 3295/5733/1141 3297/5737/1188
f 3232/5734/9 3234/5738/1 3298/5739/1189 3296/5735/1144
f 3235/5740/27 3233/5736/29 3297/5737/1188 3299/5741/1149
f 3234/5738/1 3236/5742/4 3300/5743/1153 3298/5739/1189
f 3237/5744/22 3235/5740/27 3299/5741/1149 3301/5745/103
f 3236/5742/4 3238/5746/12 3302/5747/1154 3300/5743/1153
f 3239/5748/19 3237/5744/22 3301/5745/103 3303/5749/100
f 3238/5746/12 3240/5750/14 3304/5751/98 3302/5747/1154
f 3241/5752/20 3239/5748/19 3303/5749/100 3305/5753/99
f 3240/5750/14 3242/5754/16 3306/5755/95 3304/5751/98
f 3243/5756/21 3241/5752/20 3305/5753/99 3307/5757/92
f 3242/5754/16 3244/5758/18 3308/5759/89 3306/5755/95
f 3245/5760/33 3243/5756/21 3307/5757/92 3309/5761/1190
f 3244/5758/18 3246/5762/34 3310/5763/84 3308/5759/89
f 3247/5764/36 3245/5760/33 3309/5761/1190 3311/5765/1191
f 3246/5762/34 3248/5766/37 3312/5767/1161 3310/5763/84
f 3249/5768/41 3247/5764/36 3311/5765/1191 3313/5769/1192
f 3248/5766/37 3250/5770/42 3314/5771/1193 3312/5767/1161
f 3251/5772/45 3249/5768/41 3313/5769/1192 3315/5773/1194
f 3250/5770/42 3252/5774/46 3316/5775/1166 3314/5771/1193
f 3253/5776/47 3251/5772/45 3315/5773/1194 3317/5777/1195
f 3252/5774/46 3254/5778/48 3318/5779/1167 3316/5775/1166
f 3255/5780/130 3253/5776/47 3317/5777/1195 3319/5781/1196
f 3254/5778/48 3256/5782/131 3320/5783/67 3318/5779/1167
f 3257/5784/126 3255/5780/130 3319/5781/1196 3321/5785/64
f 3256/5782/131 3258/5786/125 3322/5787/63 3320/5783/67
f 3259/5788/121 3257/5784/126 3321/5785/64 3323/5789/58
f 3258/5786/125 3260/5663/122 3324/5790/60 3322/5787/63
f 3261/5791/119 3259/5788/121 3323/5789/58 3325/5792/1197
f 3260/5663/122 3262/5662/118 3326/5793/59 3324/5790/60
f 3263/5794/115 3261/5791/119 3325/5792/1197 3327/5795/1198
f 3262/5662/118 3264/5796/113 3328/5797/1174 3326/5793/59
f 3201/5673/116 3263/5794/115 3327/5795/1198 3265/5674/1178
f 3264/5796/113 3202/5676/110 3268/5679/1181 3328/5797/1174
f 3260/5663/122 3258/5786/125 3650/5798/124 3634/5664/123
f 3258/5786/125 3256/5782/131 3666/5799/132 3650/5800/124
f 3256/5782/131 3254/5778/48 3682/5801/51 3666/5802/132
f 3254/5778/48 3252/5774/46 3698/5803/50 3682/5804/51
f 3252/5774/46 3250/5770/42 3714/5805/52 3698/5803/50
f 3250/5770/42 3248/5766/37 3730/5806/38 3714/5805/52
f 3248/5766/37 3246/5762/34 3746/5807/35 3730/5806/38
f 3246/5762/34 3244/5758/18 3762/5808/17 3746/5809/35
f 3244/5758/18 3242/5754/16 3778/5810/15 3762/5811/17
f 3242/5754/16 3240/5750/14 3794/5812/13 3778/5810/15
f 3240/5750/14 3238/5746/12 3810/5813/11 3794/5814/13
f 3238/5746/12 3236/5742/4 3826/5815/3 3810/5813/11
f 3236/5742/4 3234/5738/1 3842/5816/2 3826/5817/3
f 3234/5738/1 3232/5734/9 3858/5818/10 3842/5819/2
f 3232/5734/9 3230/5730/54 3874/5820/59 3858/5821/10
f 3230/5730/54 3228/5726/57 3890/5822/60 3874/5823/59
f 3228/5726/57 3226/5722/62 3906/5824/63 3890/5825/60
f 3226/5722/62 3224/5718/66 3922/5826/67 3906/5827/63
f 3224/5718/66 3222/5714/69 3938/5828/70 3922/5829/67
f 3222/5714/69 3220/5710/74 3954/5830/76 3938/5831/70
f 3220/5710/74 3218/5706/78 3970/5832/80 3954/5833/76
f 3218/5706/78 3216/5702/81 3986/5834/82 3970/5835/80
f 3216/5702/81 3214/5698/83 4002/5836/84 3986/5834/82
f 3214/5698/83 3212/5694/90 4018/5837/89 4002/5838/84
f 3212/5694/90 3210/5690/94 4034/5839/95 4018/5840/89
f 3210/5690/94 3208/5686/97 4050/5841/98 4034/5842/95
f 3208/5686/97 3206/5682/102 4066/5843/107 4050/5844/98
f 3206/5682/102 3204/5677/105 4082/5845/108 4066/5846/107
f 3583/5847/116 3582/5848/104 3581/5849/105 3584/5850/110
f 3588/5851/111 3614/5852/114 3615/5853/112 3585/5854/109
f 3264/5796/113 3262/5662/118 3618/5855/117 3601/5856/112
f 3202/5676/110 3264/5796/113 3601/5856/112 3599/5850/109
f 3600/5847/111 3602/5857/114 3603/5858/112 3597/5859/109
f 3598/5860/111 3604/5861/114 3605/5862/112 3595/5863/109
f 3596/5864/111 3606/5865/114 3607/5866/112 3593/5867/109
f 3594/5868/111 3608/5869/114 3609/5870/112 3591/5871/109
f 3592/5872/111 3610/5873/114 3611/5874/112 3589/5875/109
f 3586/5876/111 3616/5877/114 3263/5794/115 3201/5673/116
f 4065/5878/103 4081/5879/106 4084/5880/108 4068/5881/107
f 4067/5882/103 4083/5883/106 4086/5884/108 4070/5885/107
f 4069/5886/103 4085/5887/106 4088/5888/108 4072/5889/107
f 4071/5890/103 4087/5891/106 4090/5892/108 4074/5893/107
f 4073/5894/103 4089/5895/106 4092/5896/108 4076/5897/107
f 4075/5898/103 4091/5899/106 4094/5900/108 4078/5901/107
f 4077/5902/103 4093/5903/106 4096/5904/108 4080/5905/107
f 4079/5906/103 4095/5907/106 3203/5672/104 3205/5680/101
f 4049/5908/100 4065/5878/103 4068/5881/107 4052/5909/98
f 4051/5910/100 4067/5911/103 4070/5885/107 4054/5912/98
f 4053/5913/100 4069/5886/103 4072/5914/107 4056/5915/98
f 4055/5916/100 4071/5917/103 4074/5918/107 4058/5919/98
f 4057/5920/100 4073/5894/103 4076/5921/107 4060/5922/98
f 4059/5923/100 4075/5898/103 4078/5901/107 4062/5924/98
f 4061/5925/100 4077/5902/103 4080/5926/107 4064/5927/98
f 4063/5928/100 4079/5929/103 3205/5680/101 3207/5684/96
f 4033/5930/99 4049/5931/100 4052/5932/98 4036/5933/95
f 4035/5934/99 4051/5910/100 4054/5912/98 4038/5935/95
f 4037/5936/99 4053/5913/100 4056/5937/98 4040/5938/95
f 4039/5939/99 4055/5916/100 4058/5940/98 4042/5941/95
f 4041/5942/99 4057/5920/100 4060/5943/98 4044/5944/95
f 4043/5945/99 4059/5946/100 4062/5924/98 4046/5947/95
f 4045/5948/99 4061/5925/100 4064/5927/98 4048/5949/95
f 4047/5950/99 4063/5951/100 3207/5684/96 3209/5688/93
f 4017/5952/92 4033/5953/99 4036/5933/95 4020/5954/89
f 4019/5955/92 4035/5934/99 4038/5935/95 4022/5956/89
f 4021/5957/92 4037/5958/99 4040/5959/95 4024/5960/89
f 4023/5961/92 4039/5962/99 4042/5963/95 4026/5964/89
f 4025/5965/92 4041/5966/99 4044/5944/95 4028/5967/89
f 4027/5968/92 4043/5969/99 4046/5947/95 4030/5970/89
f 4029/5971/92 4045/5948/99 4048/5972/95 4032/5973/89
f 4031/5974/92 4047/5975/99 3209/5688/93 3211/5692/91
f 4001/5976/88 4017/5952/92 4020/5977/89 4004/5978/84
f 4003/5979/88 4019/5980/92 4022/5956/89 4006/5981/84
f 4005/5982/88 4021/5983/92 4024/5960/89 4008/5984/84
f 4007/5985/88 4023/5961/92 4026/5964/89 4010/5986/84
f 4009/5987/88 4025/5965/92 4028/5988/89 4012/5989/84
f 4011/5990/88 4027/5968/92 4030/5970/89 4014/5991/84
f 4013/5992/88 4029/5993/92 4032/5994/89 4016/5995/84
f 4015/5996/88 4031/5997/92 3211/5692/91 3213/5696/85
f 3985/5998/87 4001/5999/88 4004/6000/84 3988/6001/82
f 3987/6002/87 4003/5979/88 4006/5981/84 3990/6003/82
f 3989/6004/87 4005/5982/88 4008/5984/84 3992/6005/82
f 3991/6006/87 4007/5985/88 4010/6007/84 3994/6008/82
f 3993/6009/87 4009/6010/88 4012/6011/84 3996/6012/82
f 3995/6013/87 4011/6014/88 4014/5991/84 3998/6015/82
f 3997/6016/87 4013/6017/88 4016/6018/84 4000/6019/82
f 3999/6020/87 4015/6021/88 3213/5696/85 3215/5700/86
f 3969/6022/79 3985/6023/87 3988/6001/82 3972/6024/80
f 3971/6025/79 3987/6002/87 3990/6003/82 3974/6026/80
f 3973/6027/79 3989/6028/87 3992/6005/82 3976/6029/80
f 3975/6030/79 3991/6031/87 3994/6008/82 3978/6032/80
f 3977/6033/79 3993/6009/87 3996/6012/82 3980/6034/80
f 3979/6035/79 3995/6036/87 3998/6015/82 3982/6037/80
f 3981/6038/79 3997/6016/87 4000/6019/82 3984/6039/80
f 3983/6040/79 3999/6020/87 3215/5700/86 3217/5704/77
f 3953/6041/75 3969/6022/79 3972/6024/80 3956/6042/76
f 3955/6043/75 3971/6025/79 3974/6026/80 3958/6044/76
f 3957/6045/75 3973/6027/79 3976/6046/80 3960/6047/76
f 3959/6048/75 3975/6030/79 3978/6032/80 3962/6049/76
f 3961/6050/75 3977/6033/79 3980/6034/80 3964/6051/76
f 3963/6052/75 3979/6035/79 3982/6053/80 3966/6054/76
f 3965/6055/75 3981/6038/79 3984/6039/80 3968/6056/76
f 3967/6057/75 3983/6058/79 3217/5704/77 3219/5708/73
f 3937/6059/72 3953/6060/75 3956/6042/76 3940/6061/70
f 3939/6062/72 3955/6063/75 3958/6044/76 3942/6064/70
f 3941/6065/72 3957/6066/75 3960/6067/76 3944/6068/70
f 3943/6069/72 3959/6048/75 3962/6070/76 3946/6071/70
f 3945/6072/72 3961/6050/75 3964/6051/76 3948/6073/70
f 3947/6074/72 3963/6052/75 3966/6054/76 3950/6075/70
f 3949/6076/72 3965/6055/75 3968/6056/76 3952/6077/70
f 3951/6078/72 3967/6079/75 3219/5708/73 3221/5712/68
f 3921/6080/71 3937/6059/72 3940/6081/70 3924/6082/67
f 3923/6083/71 3939/6062/72 3942/6084/70 3926/6085/67
f 3925/6086/71 3941/6065/72 3944/6087/70 3928/6088/67
f 3927/6089/71 3943/6090/72 3946/6091/70 3930/6092/67
f 3929/6093/71 3945/6072/72 3948/6073/70 3932/6094/67
f 3931/6095/71 3947/6096/72 3950/6075/70 3934/6097/67
f 3933/6098/71 3949/6099/72 3952/6077/70 3936/6100/67
f 3935/6101/71 3951/6102/72 3221/5712/68 3223/5716/65
f 3905/6103/64 3921/6104/71 3924/6105/67 3908/6106/63
f 3907/6107/64 3923/6108/71 3926/6085/67 3910/6109/63
f 3909/6110/64 3925/6086/71 3928/6111/67 3912/6112/63
f 3911/6113/64 3927/6114/71 3930/6115/67 3914/6116/63
f 3913/6117/64 3929/6093/71 3932/6118/67 3916/6119/63
f 3915/6120/64 3931/6121/71 3934/6122/67 3918/6123/63
f 3917/6124/64 3933/6098/71 3936/6100/67 3920/6125/63
f 3919/6126/64 3935/6101/71 3223/5716/65 3225/5720/61
f 3889/6127/58 3905/6128/64 3908/6129/63 3892/6130/60
f 3891/6131/58 3907/6107/64 3910/6109/63 3894/6132/60
f 3893/6133/58 3909/6110/64 3912/6112/63 3896/6134/60
f 3895/6135/58 3911/6113/64 3914/6116/63 3898/6136/60
f 3897/6137/58 3913/6117/64 3916/6138/63 3900/6139/60
f 3899/6140/58 3915/6120/64 3918/6123/63 3902/6141/60
f 3901/6142/58 3917/6124/64 3920/6125/63 3904/6143/60
f 3903/6144/58 3919/6145/64 3225/5720/61 3227/5724/56
f 3873/6146/55 3889/6147/58 3892/6148/60 3876/6149/59
f 3875/6150/55 3891/6151/58 3894/6152/60 3878/6153/59
f 3877/6154/55 3893/6155/58 3896/6156/60 3880/6157/59
f 3879/6158/55 3895/6135/58 3898/6159/60 3882/6160/59
f 3881/6161/55 3897/6137/58 3900/6139/60 3884/6162/59
f 3883/6163/55 3899/6140/58 3902/6164/60 3886/6165/59
f 3885/6166/55 3901/6167/58 3904/6143/60 3888/6168/59
f 3887/6169/55 3903/6144/58 3227/5724/56 3229/5728/53
f 3857/6170/31 3873/6171/55 3876/6149/59 3860/6172/10
f 3859/6173/31 3875/6174/55 3878/6175/59 3862/6176/10
f 3861/6177/31 3877/6154/55 3880/6178/59 3864/6179/10
f 3863/6180/31 3879/6158/55 3882/6181/59 3866/6182/10
f 3865/6183/31 3881/6161/55 3884/6184/59 3868/6185/10
f 3867/6186/31 3883/6187/55 3886/6188/59 3870/6189/10
f 3869/6190/31 3885/6166/55 3888/6168/59 3872/6191/10
f 3871/6192/31 3887/6169/55 3229/5728/53 3231/5732/30
f 3841/6193/28 3857/6170/31 3860/6194/10 3844/6195/2
f 3843/6196/28 3859/6197/31 3862/6176/10 3846/6198/2
f 3845/6199/28 3861/6177/31 3864/6179/10 3848/6200/2
f 3847/6201/28 3863/6180/31 3866/6182/10 3850/6202/2
f 3849/6203/28 3865/6183/31 3868/6185/10 3852/6204/2
f 3851/6205/28 3867/6186/31 3870/6189/10 3854/6206/2
f 3853/6207/28 3869/6208/31 3872/6191/10 3856/6209/2
f 3855/6210/28 3871/6211/31 3231/5732/30 3233/5736/29
f 3825/6212/26 3841/6213/28 3844/6214/2 3828/6215/3
f 3827/6216/26 3843/6196/28 3846/6198/2 3830/6217/3
f 3829/6218/26 3845/6219/28 3848/6200/2 3832/6220/3
f 3831/6221/26 3847/6201/28 3850/6202/2 3834/6222/3
f 3833/6223/26 3849/6203/28 3852/6204/2 3836/6224/3
f 3835/6225/26 3851/6205/28 3854/6226/2 3838/6227/3
f 3837/6228/26 3853/6229/28 3856/6209/2 3840/6230/3
f 3839/6231/26 3855/6232/28 3233/5736/29 3235/5740/27
f 3809/6233/25 3825/6234/26 3828/6235/3 3812/6236/11
f 3811/6237/25 3827/6238/26 3830/6239/3 3814/6240/11
f 3813/6241/25 3829/6242/26 3832/6243/3 3816/6244/11
f 3815/6245/25 3831/6221/26 3834/6222/3 3818/6246/11
f 3817/6247/25 3833/6248/26 3836/6224/3 3820/6249/11
f 3819/6250/25 3835/6251/26 3838/6252/3 3822/6253/11
f 3821/6254/25 3837/6228/26 3840/6230/3 3824/6255/11
f 3823/6256/25 3839/6257/26 3235/5740/27 3237/5744/22
f 3793/6258/23 3809/6233/25 3812/6259/11 3796/6260/13
f 3795/6261/23 3811/6262/25 3814/6263/11 3798/6264/13
f 3797/6265/23 3813/6266/25 3816/6244/11 3800/6267/13
f 3799/6268/23 3815/6269/25 3818/6270/11 3802/6271/13
f 3801/6272/23 3817/6273/25 3820/6274/11 3804/6275/13
f 3803/6276/23 3819/6250/25 3822/6253/11 3806/6277/13
f 3805/6278/23 3821/6279/25 3824/6280/11 3808/6281/13
f 3807/6282/23 3823/6283/25 3237/5744/22 3239/5748/19
f 3777/6284/24 3793/6285/23 3796/6260/13 3780/6286/15
f 3779/6287/24 3795/6261/23 3798/6264/13 3782/6288/15
f 3781/6289/24 3797/6265/23 3800/6267/13 3784/6290/15
f 3783/6291/24 3799/6268/23 3802/6292/13 3786/6293/15
f 3785/6294/24 3801/6272/23 3804/6295/13 3788/6296/15
f 3787/6297/24 3803/6276/23 3806/6277/13 3790/6298/15
f 3789/6299/24 3805/6278/23 3808/6281/13 3792/6300/15
f 3791/6301/24 3807/6282/23 3239/5748/19 3241/5752/20
f 3761/6302/32 3777/6303/24 3780/6304/15 3764/6305/17
f 3763/6306/32 3779/6287/24 3782/6288/15 3766/6307/17
f 3765/6308/32 3781/6289/24 3784/6309/15 3768/6310/17
f 3767/6311/32 3783/6312/24 3786/6293/15 3770/6313/17
f 3769/6314/32 3785/6315/24 3788/6316/15 3772/6317/17
f 3771/6318/32 3787/6319/24 3790/6298/15 3774/6320/17
f 3773/6321/32 3789/6299/24 3792/6300/15 3776/6322/17
f 3775/6323/32 3791/6324/24 3241/5752/20 3243/5756/21
f 3745/6325/39 3761/6302/32 3764/6305/17 3748/6326/35
f 3747/6327/39 3763/6328/32 3766/6329/17 3750/6330/35
f 3749/6331/39 3765/6308/32 3768/6310/17 3752/6332/35
f 3751/6333/1199 3767/6334/32 3770/6335/17 3754/6336/35
f 3753/6337/39 3769/6338/32 3772/6339/17 3756/6340/35
f 3755/6341/39 3771/6342/32 3774/6320/17 3758/6343/35
f 3757/6344/39 3773/6321/32 3776/6322/17 3760/6345/35
f 3759/6346/39 3775/6323/32 3243/5756/21 3245/5760/33
f 3729/6347/40 3745/6325/39 3748/6326/35 3732/6348/38
f 3731/6349/40 3747/6327/39 3750/6330/35 3734/6350/38
f 3733/6351/40 3749/6331/39 3752/6332/35 3736/6352/38
f 3735/6353/40 3751/6333/1199 3754/6336/35 3738/6354/38
f 3737/6355/40 3753/6337/39 3756/6340/35 3740/6356/38
f 3739/6357/40 3755/6358/39 3758/6343/35 3742/6359/38
f 3741/6360/40 3757/6344/39 3760/6361/35 3744/6362/38
f 3743/6363/40 3759/6346/39 3245/5760/33 3247/5764/36
f 3713/6364/43 3729/6347/40 3732/6365/38 3716/6366/52
f 3715/6367/43 3731/6349/40 3734/6368/38 3718/6369/52
f 3717/6370/43 3733/6351/40 3736/6371/38 3720/6372/52
f 3719/6373/43 3735/6353/40 3738/6354/38 3722/6374/52
f 3721/6375/43 3737/6376/40 3740/6356/38 3724/6377/52
f 3723/6378/43 3739/6379/40 3742/6359/38 3726/6380/52
f 3725/6381/43 3741/6382/40 3744/6383/38 3728/6384/52
f 3727/6385/43 3743/6386/40 3247/5764/36 3249/5768/41
f 3697/6387/44 3713/6364/43 3716/6366/52 3700/6388/50
f 3699/6389/44 3715/6390/43 3718/6391/52 3702/6392/50
f 3701/6393/44 3717/6370/43 3720/6394/52 3704/6395/50
f 3703/6396/44 3719/6373/43 3722/6374/52 3706/6397/50
f 3705/6398/44 3721/6399/43 3724/6400/52 3708/6401/50
f 3707/6402/44 3723/6378/43 3726/6403/52 3710/6404/50
f 3709/6405/44 3725/6406/43 3728/6384/52 3712/6407/50
f 3711/6408/44 3727/6409/43 3249/5768/41 3251/5772/45
f 3681/6410/49 3697/6387/44 3700/6388/50 3684/6411/51
f 3683/6412/49 3699/6389/44 3702/6392/50 3686/6413/51
f 3685/6414/49 3701/6415/44 3704/6416/50 3688/6417/51
f 3687/6418/49 3703/6419/44 3706/6397/50 3690/6420/51
f 3689/6421/49 3705/6398/44 3708/6401/50 3692/6422/51
f 3691/6423/49 3707/6424/44 3710/6404/50 3694/6425/51
f 3693/6426/49 3709/6405/44 3712/6407/50 3696/6427/51
f 3695/6428/49 3711/6408/44 3251/5772/45 3253/5776/47
f 3665/6429/129 3681/6430/49 3684/6431/51 3668/6432/132
f 3667/6433/129 3683/6434/49 3686/6413/51 3670/6435/132
f 3669/6436/129 3685/6414/49 3688/6437/51 3672/6438/132
f 3671/6439/129 3687/6418/49 3690/6440/51 3674/6441/132
f 3673/6442/129 3689/6443/49 3692/6444/51 3676/6445/132
f 3675/6446/129 3691/6423/49 3694/6425/51 3678/6447/132
f 3677/6448/129 3693/6426/49 3696/6427/51 3680/6449/132
f 3679/6450/129 3695/6428/49 3253/5776/47 3255/5780/130
f 3649/6451/128 3665/6429/129 3668/6432/132 3652/6452/124
f 3651/6453/128 3667/6433/129 3670/6435/132 3654/6454/124
f 3653/6455/128 3669/6436/129 3672/6438/132 3656/6456/124
f 3655/6457/128 3671/6439/129 3674/6458/132 3658/6459/124
f 3657/6460/128 3673/6461/129 3676/6462/132 3660/6463/124
f 3659/6464/128 3675/6446/129 3678/6465/132 3662/6466/124
f 3661/6467/128 3677/6448/129 3680/6449/132 3664/6468/124
f 3663/6469/128 3679/6470/129 3255/5780/130 3257/5784/126
f 3633/6471/127 3649/6472/128 3652/6473/124 3636/6474/123
f 3635/6475/127 3651/6453/128 3654/6476/124 3638/6477/123
f 3637/6478/127 3653/6479/128 3656/6480/124 3640/6481/123
f 3639/6482/127 3655/6483/128 3658/6459/124 3642/6484/123
f 3641/6485/127 3657/6486/128 3660/6487/124 3644/6488/123
f 3643/6489/127 3659/6464/128 3662/6490/124 3646/6491/123
f 3645/6492/127 3661/6467/128 3664/6468/124 3648/6493/123
f 3647/6494/127 3663/6469/128 3257/5784/126 3259/5788/121
f 3617/6495/120 3633/6471/127 3636/6474/123 3620/6496/117
f 3619/6497/120 3635/6475/127 3638/6498/123 3622/6499/117
f 3621/6500/120 3637/6501/127 3640/6481/123 3624/6502/117
f 3623/6503/120 3639/6482/127 3642/6484/123 3626/6504/117
f 3625/6505/120 3641/6485/127 3644/6506/123 3628/6507/117
f 3627/6508/120 3643/6509/127 3646/6510/123 3630/6511/117
f 3629/6512/120 3645/6492/127 3648/6493/123 3632/6513/117
f 3631/6514/120 3647/6494/127 3259/5788/121 3261/5791/119
f 3204/5677/105 3202/5676/110 3599/5850/109 4082/5849/108
f 4081/5848/106 3600/5847/111 3597/5859/109 4084/6515/108
f 4083/6516/106 3598/6517/111 3595/5863/109 4086/6518/108
f 4085/5887/106 3596/6519/111 3593/5867/109 4088/5888/108
f 4087/6520/106 3594/6521/111 3591/6522/109 4090/5892/108
f 4089/5895/106 3592/6523/111 3589/5875/109 4092/5896/108
f 4091/5899/106 3590/6524/111 3587/6525/109 4094/6526/108
f 4093/5903/106 3588/6527/111 3585/6528/109 4096/5904/108
f 3602/5857/114 3617/6495/120 3620/6496/117 3603/5858/112
f 3604/6529/114 3619/6497/120 3622/6499/117 3605/5862/112
f 3606/6530/114 3621/6500/120 3624/6502/117 3607/5866/112
f 3608/5869/114 3623/6531/120 3626/6504/117 3609/6532/112
f 3610/5873/114 3625/6505/120 3628/6507/117 3611/5874/112
f 3612/5669/114 3627/6508/120 3630/6533/117 3613/6534/112
f 3614/6535/114 3629/6512/120 3632/6513/117 3615/5853/112
f 3616/6536/114 3631/6537/120 3261/5791/119 3263/5794/115
f 3798/6264/13 3814/6263/11 4134/6263/12 4150/6264/14
f 4083/5883/106 4067/5882/103 3550/5882/101 3578/5883/104
f 3948/6073/70 3964/6051/76 3429/6051/74 3413/6073/69
f 3695/6428/49 3679/6450/129 4287/6450/130 4271/6428/47
f 4066/5846/107 4082/5845/108 3581/5845/105 3551/5846/102
f 3813/6266/25 3797/6265/23 4149/6265/19 4133/6266/22
f 3678/6447/132 3694/6425/51 4270/6425/48 4286/6447/131
f 3963/6052/75 3947/6074/72 3414/6074/68 3430/6052/73
f 3796/6260/13 3812/6259/11 4132/6259/12 4148/6260/14
f 4081/5879/106 4065/5878/103 3552/5878/101 3582/5879/104
f 3946/6071/70 3962/6070/76 3431/6070/74 3415/6071/69
f 3693/6426/49 3677/6448/129 4285/6448/130 4269/6426/47
f 4096/5904/108 3585/6528/109 3556/6528/110 3553/5904/105
f 3811/6262/25 3795/6261/23 4147/6261/19 4131/6262/22
f 3676/6445/132 3692/6444/51 4268/6444/48 4284/6445/131
f 3961/6050/75 3945/6072/72 3416/6072/68 3432/6050/73
f 3794/5814/13 3810/5813/11 4130/5813/12 4146/5814/14
f 3586/6538/111 4095/6539/106 3554/6539/104 3555/6538/116
f 3944/6068/70 3960/6067/76 3433/6067/74 3417/6068/69
f 3691/6423/49 3675/6446/129 4283/6446/130 4267/6423/47
f 3809/6233/25 3793/6258/23 4145/6258/19 4129/6233/22
f 3674/6441/132 3690/6440/51 4266/6440/48 4282/6441/131
f 4094/6526/108 3587/6525/109 3560/6525/110 3557/6526/105
f 3959/6048/75 3943/6069/72 3418/6069/68 3434/6048/73
f 3824/6255/11 3840/6230/3 4128/6230/4 4144/6255/12
f 3942/6064/70 3958/6044/76 3435/6044/74 3419/6064/69
f 3689/6443/49 3673/6442/129 4281/6442/130 4265/6443/47
f 3588/6527/111 4093/5903/106 3558/5903/104 3559/6527/116
f 3839/6257/26 3823/6256/25 4143/6256/22 4127/6257/27
f 3672/6438/132 3688/6437/51 4264/6437/48 4280/6438/131
f 3957/6066/75 3941/6065/72 3420/6065/68 3436/6066/73
f 3822/6253/11 3838/6252/3 4126/6252/4 4142/6253/12
f 4092/5896/108 3589/5875/109 3564/5875/110 3561/5896/105
f 3940/6061/70 3956/6042/76 3437/6042/74 3421/6061/69
f 3687/6418/49 3671/6439/129 4279/6439/130 4263/6418/47
f 3837/6228/26 3821/6254/25 4141/6254/22 4125/6228/27
f 3670/6435/132 3686/6413/51 4262/6413/48 4278/6435/131
f 3590/6524/111 4091/5899/106 3562/5899/104 3563/6524/116
f 3955/6063/75 3939/6062/72 3422/6062/68 3438/6063/73
f 3820/6249/11 3836/6224/3 4124/6224/4 4140/6249/12
f 3938/5831/70 3954/5830/76 3439/5830/74 3423/5831/69
f 3685/6414/49 3669/6436/129 4277/6436/130 4261/6414/47
f 4090/5892/108 3591/6522/109 3568/6522/110 3565/5892/105
f 3835/6251/26 3819/6250/25 4139/6250/22 4123/6251/27
f 3668/6432/132 3684/6431/51 4260/6431/48 4276/6432/131
f 3953/6060/75 3937/6059/72 3424/6059/68 3440/6060/73
f 3818/6246/11 3834/6222/3 4122/6222/4 4138/6246/12
f 3592/6523/111 4089/5895/106 3566/5895/104 3567/6523/116
f 3968/6056/76 3984/6039/80 3441/6039/78 3425/6056/74
f 3683/6434/49 3667/6433/129 4275/6433/130 4259/6434/47
f 3833/6248/26 3817/6247/25 4137/6247/22 4121/6248/27
f 3666/5802/132 3682/5801/51 4258/5801/48 4274/5802/131
f 4088/5888/108 3593/5867/109 3572/5867/110 3569/5888/105
f 3983/6058/79 3967/6057/75 3426/6057/73 3442/6058/77
f 3816/6244/11 3832/6243/3 4120/6243/4 4136/6244/12
f 3966/6054/76 3982/6053/80 3443/6053/78 3427/6054/74
f 3681/6430/49 3665/6429/129 4273/6429/130 4257/6430/47
f 3594/6521/111 4087/6520/106 3570/6520/104 3571/6521/116
f 3831/6221/26 3815/6245/25 4135/6245/22 4119/6221/27
f 3696/6427/51 3712/6407/50 4256/6407/46 4272/6427/48
f 3981/6038/79 3965/6055/75 3428/6055/73 3444/6038/77
f 3814/6240/11 3830/6239/3 4118/6239/4 4134/6240/12
f 4086/6518/108 3595/5863/109 3576/5863/110 3573/6518/105
f 3964/6051/76 3980/6034/80 3445/6034/78 3429/6051/74
f 3711/6408/44 3695/6428/49 4271/6428/47 4255/6408/45
f 3829/6242/26 3813/6241/25 4133/6241/22 4117/6242/27
f 3694/6425/51 3710/6404/50 4254/6404/46 4270/6425/48
f 3596/6519/111 4085/5887/106 3574/5887/104 3575/6519/116
f 3979/6035/79 3963/6052/75 3430/6052/73 3446/6035/77
f 3812/6236/11 3828/6235/3 4116/6235/4 4132/6236/12
f 3962/6049/76 3978/6032/80 3447/6032/78 3431/6049/74
f 3709/6405/44 3693/6426/49 4269/6426/47 4253/6405/45
f 4084/6515/108 3597/5859/109 3580/5859/110 3577/6515/105
f 3827/6238/26 3811/6237/25 4131/6237/22 4115/6238/27
f 3692/6422/51 3708/6401/50 4252/6401/46 4268/6422/48
f 3977/6033/79 3961/6050/75 3432/6050/73 3448/6033/77
f 3810/5813/11 3826/5815/3 4114/5815/4 4130/5813/12
f 3598/6517/111 4083/6516/106 3578/6516/104 3579/6517/116
f 3960/6047/76 3976/6046/80 3449/6046/78 3433/6047/74
f 3707/6424/44 3691/6423/49 4267/6423/47 4251/6424/45
f 3825/6234/26 3809/6233/25 4129/6233/22 4113/6234/27
f 3690/6420/51 3706/6397/50 4250/6397/46 4266/6420/48
f 4082/5849/108 3599/5850/109 3584/5850/110 3581/5849/105
f 3975/6030/79 3959/6048/75 3434/6048/73 3450/6030/77
f 3840/6230/3 3856/6209/2 4112/6209/1 4128/6230/4
f 3958/6044/76 3974/6026/80 3451/6026/78 3435/6044/74
f 3705/6398/44 3689/6421/49 4265/6421/47 4249/6398/45
f 3600/5847/111 4081/5848/106 3582/5848/104 3583/5847/116
f 3855/6232/28 3839/6231/26 4127/6231/27 4111/6232/29
f 3688/6417/51 3704/6416/50 4248/6416/46 4264/6417/48
f 3973/6027/79 3957/6045/75 3436/6045/73 3452/6027/77
f 3838/6227/3 3854/6226/2 4110/6226/1 4126/6227/4
f 3956/6042/76 3972/6024/80 3453/6024/78 3437/6042/74
f 3703/6419/44 3687/6418/49 4263/6418/47 4247/6419/45
f 3853/6229/28 3837/6228/26 4125/6228/27 4109/6229/29
f 3686/6413/51 3702/6392/50 4246/6392/46 4262/6413/48
f 3971/6025/79 3955/6043/75 3438/6043/73 3454/6025/77
f 3836/6224/3 3852/6204/2 4108/6204/1 4124/6224/4
f 3954/5833/76 3970/5832/80 3455/5832/78 3439/5833/74
f 3701/6415/44 3685/6414/49 4261/6414/47 4245/6415/45
f 3851/6205/28 3835/6225/26 4123/6225/27 4107/6205/29
f 3684/6411/51 3700/6388/50 4244/6388/46 4260/6411/48
f 3969/6022/79 3953/6041/75 3440/6041/73 3456/6022/77
f 3834/6222/3 3850/6202/2 4106/6202/1 4122/6222/4
f 3984/6039/80 4000/6019/82 3457/6019/81 3441/6039/78
f 3699/6389/44 3683/6412/49 4259/6412/47 4243/6389/45
f 3849/6203/28 3833/6223/26 4121/6223/27 4105/6203/29
f 3682/5804/51 3698/5803/50 4242/5803/46 4258/5804/48
f 3999/6020/87 3983/6040/79 3442/6040/77 3458/6020/86
f 3832/6220/3 3848/6200/2 4104/6200/1 4120/6220/4
f 3982/6037/80 3998/6015/82 3459/6015/81 3443/6037/78
f 3697/6387/44 3681/6410/49 4257/6410/47 4241/6387/45
f 3847/6201/28 3831/6221/26 4119/6221/27 4103/6201/29
f 3712/6407/50 3728/6384/52 4240/6384/42 4256/6407/46
f 3997/6016/87 3981/6038/79 3444/6038/77 3460/6016/86
f 3830/6217/3 3846/6198/2 4102/6198/1 4118/6217/4
f 3980/6034/80 3996/6012/82 3461/6012/81 3445/6034/78
f 3727/6409/43 3711/6408/44 4255/6408/45 4239/6409/41
f 3845/6219/28 3829/6218/26 4117/6218/27 4101/6219/29
f 3710/6404/50 3726/6403/52 4238/6403/42 4254/6404/46
f 3995/6036/87 3979/6035/79 3446/6035/77 3462/6036/86
f 3828/6215/3 3844/6214/2 4100/6214/1 4116/6215/4
f 3978/6032/80 3994/6008/82 3463/6008/81 3447/6032/78
f 3725/6406/43 3709/6405/44 4253/6405/45 4237/6406/41
f 3843/6196/28 3827/6216/26 4115/6216/27 4099/6196/29
f 3708/6401/50 3724/6400/52 4236/6400/42 4252/6401/46
f 3993/6009/87 3977/6033/79 3448/6033/77 3464/6009/86
f 3826/5817/3 3842/5816/2 4098/5816/1 4114/5817/4
f 3976/6029/80 3992/6005/82 3465/6005/81 3449/6029/78
f 3723/6378/43 3707/6402/44 4251/6402/45 4235/6378/41
f 3841/6213/28 3825/6212/26 4113/6212/27 4097/6213/29
f 3706/6397/50 3722/6374/52 4234/6374/42 4250/6397/46
f 3991/6031/87 3975/6030/79 3450/6030/77 3466/6031/86
f 3856/6209/2 3872/6191/10 3329/6191/9 4112/6209/1
f 3974/6026/80 3990/6003/82 3467/6003/81 3451/6026/78
f 3721/6399/43 3705/6398/44 4249/6398/45 4233/6399/41
f 3871/6211/31 3855/6210/28 4111/6210/29 3330/6211/30
f 3704/6395/50 3720/6394/52 4232/6394/42 4248/6395/46
f 3989/6028/87 3973/6027/79 3452/6027/77 3468/6028/86
f 3854/6206/2 3870/6189/10 3331/6189/9 4110/6206/1
f 3972/6024/80 3988/6001/82 3469/6001/81 3453/6024/78
f 3719/6373/43 3703/6396/44 4247/6396/45 4231/6373/41
f 3869/6208/31 3853/6207/28 4109/6207/29 3332/6208/30
f 3702/6392/50 3718/6391/52 4230/6391/42 4246/6392/46
f 3987/6002/87 3971/6025/79 3454/6025/77 3470/6002/86
f 3852/6204/2 3868/6185/10 3333/6185/9 4108/6204/1
f 3970/5835/80 3986/5834/82 3471/5834/81 3455/5835/78
f 3717/6370/43 3701/6393/44 4245/6393/45 4229/6370/41
f 3867/6186/31 3851/6205/28 4107/6205/29 3334/6186/30
f 3700/6388/50 3716/6366/52 4228/6366/42 4244/6388/46
f 3985/6023/87 3969/6022/79 3456/6022/77 3472/6023/86
f 3850/6202/2 3866/6182/10 3335/6182/9 4106/6202/1
f 4000/6019/82 4016/6018/84 3473/6018/83 3457/6019/81
f 3715/6390/43 3699/6389/44 4243/6389/45 4227/6390/41
f 3865/6183/31 3849/6203/28 4105/6203/29 3336/6183/30
f 3698/5803/50 3714/5805/52 4226/5805/42 4242/5803/46
f 4015/6021/88 3999/6020/87 3458/6020/86 3474/6021/85
f 3848/6200/2 3864/6179/10 3337/6179/9 4104/6200/1
f 3998/6015/82 4014/5991/84 3475/5991/83 3459/6015/81
f 3713/6364/43 3697/6387/44 4241/6387/45 4225/6364/41
f 3863/6180/31 3847/6201/28 4103/6201/29 3338/6180/30
f 3728/6384/52 3744/6383/38 4224/6383/37 4240/6384/42
f 4013/6017/88 3997/6016/87 3460/6016/86 3476/6017/85
f 3846/6198/2 3862/6176/10 3339/6176/9 4102/6198/1
f 3996/6012/82 4012/6011/84 3477/6011/83 3461/6012/81
f 3743/6386/40 3727/6385/43 4239/6385/41 4223/6386/36
f 3861/6177/31 3845/6199/28 4101/6199/29 3340/6177/30
f 3726/6380/52 3742/6359/38 4222/6359/37 4238/6380/42
f 4011/6014/88 3995/6013/87 3462/6013/86 3478/6014/85
f 3844/6195/2 3860/6194/10 3341/6194/9 4100/6195/1
f 3994/6008/82 4010/6007/84 3479/6007/83 3463/6008/81
f 3741/6382/40 3725/6381/43 4237/6381/41 4221/6382/36
f 3859/6197/31 3843/6196/28 4099/6196/29 3342/6197/30
f 3724/6377/52 3740/6356/38 4220/6356/37 4236/6377/42
f 4009/6010/88 3993/6009/87 3464/6009/86 3480/6010/85
f 3842/5819/2 3858/5818/10 3343/5818/9 4098/5819/1
f 3992/6005/82 4008/5984/84 3481/5984/83 3465/6005/81
f 3739/6379/40 3723/6378/43 4235/6378/41 4219/6379/36
f 3857/6170/31 3841/6193/28 4097/6193/29 3344/6170/30
f 3722/6374/52 3738/6354/38 4218/6354/37 4234/6374/42
f 4007/5985/88 3991/6006/87 3466/6006/86 3482/5985/85
f 3872/6191/10 3888/6168/59 3345/6168/54 3329/6191/9
f 3990/6003/82 4006/5981/84 3483/5981/83 3467/6003/81
f 3737/6376/40 3721/6375/43 4233/6375/41 4217/6376/36
f 3887/6169/55 3871/6192/31 3330/6192/30 3346/6169/53
f 3720/6372/52 3736/6371/38 4216/6371/37 4232/6372/42
f 4005/5982/88 3989/6004/87 3468/6004/86 3484/5982/85
f 3870/6189/10 3886/6188/59 3347/6188/54 3331/6189/9
f 3988/6001/82 4004/6000/84 3485/6000/83 3469/6001/81
f 3735/6353/40 3719/6373/43 4231/6373/41 4215/6353/36
f 3885/6166/55 3869/6190/31 3332/6190/30 3348/6166/53
f 3718/6369/52 3734/6368/38 4214/6368/37 4230/6369/42
f 4003/5979/88 3987/6002/87 3470/6002/86 3486/5979/85
f 3868/6185/10 3884/6184/59 3349/6184/54 3333/6185/9
f 3986/5834/82 4002/5836/84 3487/5836/83 3471/5834/81
f 3733/6351/40 3717/6370/43 4229/6370/41 4213/6351/36
f 3883/6187/55 3867/6186/31 3334/6186/30 3350/6187/53
f 3716/6366/52 3732/6365/38 4212/6365/37 4228/6366/42
f 4001/5999/88 3985/5998/87 3472/5998/86 3488/5999/85
f 3866/6182/10 3882/6181/59 3351/6181/54 3335/6182/9
f 4016/5995/84 4032/5994/89 3489/5994/90 3473/5995/83
f 3731/6349/40 3715/6367/43 4227/6367/41 4211/6349/36
f 3881/6161/55 3865/6183/31 3336/6183/30 3352/6161/53
f 3714/5805/52 3730/5806/38 4210/5806/37 4226/5805/42
f 4031/5997/92 4015/5996/88 3474/5996/85 3490/5997/91
f 3864/6179/10 3880/6178/59 3353/6178/54 3337/6179/9
f 3615/5853/112 3632/6513/117 4336/6513/118 4351/5853/113
f 4014/5991/84 4030/5970/89 3491/5970/90 3475/5991/83
f 3729/6347/40 3713/6364/43 4225/6364/41 4209/6347/36
f 3631/6537/120 3616/6536/114 4352/6536/115 4335/6537/119
f 3879/6158/55 3863/6180/31 3338/6180/30 3354/6158/53
f 3744/6362/38 3760/6361/35 4208/6361/34 4224/6362/37
f 3613/6534/112 3630/6533/117 4334/6533/118 4349/6534/113
f 4029/5993/92 4013/5992/88 3476/5992/85 3492/5993/91
f 3862/6176/10 3878/6175/59 3355/6175/54 3339/6176/9
f 3629/6512/120 3614/6535/114 4350/6535/115 4333/6512/119
f 4012/5989/84 4028/5988/89 3493/5988/90 3477/5989/83
f 3759/6346/39 3743/6363/40 4223/6363/36 4207/6346/33
f 3611/5874/112 3628/6507/117 4332/6507/118 4347/5874/113
f 3877/6154/55 3861/6177/31 3340/6177/30 3356/6154/53
f 3742/6359/38 3758/6343/35 4206/6343/34 4222/6359/37
f 3627/6508/120 3612/5669/114 4348/5669/115 4331/6508/119
f 4027/5968/92 4011/5990/88 3478/5990/85 3494/5968/91
f 3860/6172/10 3876/6149/59 3357/6149/54 3341/6172/9
f 3609/6532/112 3626/6504/117 4330/6504/118 4345/6532/113
f 4010/5986/84 4026/5964/89 3495/5964/90 3479/5986/83
f 3757/6344/39 3741/6360/40 4221/6360/36 4205/6344/33
f 3625/6505/120 3610/5873/114 4346/5873/115 4329/6505/119
f 3875/6174/55 3859/6173/31 3342/6173/30 3358/6174/53
f 3740/6356/38 3756/6340/35 4204/6340/34 4220/6356/37
f 3607/5866/112 3624/6502/117 4328/6502/118 4343/5866/113
f 4025/5965/92 4009/5987/88 3480/5987/85 3496/5965/91
f 3858/5821/10 3874/5820/59 3359/5820/54 3343/5821/9
f 3623/6531/120 3608/5869/114 4344/5869/115 4327/6531/119
f 4008/5984/84 4024/5960/89 3497/5960/90 3481/5984/83
f 3755/6358/39 3739/6357/40 4219/6357/36 4203/6358/33
f 3605/5862/112 3622/6499/117 4326/6499/118 4341/5862/113
f 3873/6171/55 3857/6170/31 3344/6170/30 3360/6171/53
f 3738/6354/38 3754/6336/35 4202/6336/34 4218/6354/37
f 3621/6500/120 3606/6530/114 4342/6530/115 4325/6500/119
f 4023/5961/92 4007/5985/88 3482/5985/85 3498/5961/91
f 3888/6168/59 3904/6143/60 3361/6143/57 3345/6168/54
f 3603/5858/112 3620/6496/117 4324/6496/118 4339/5858/113
f 4006/5981/84 4022/5956/89 3499/5956/90 3483/5981/83
f 3753/6337/39 3737/6355/40 4217/6355/36 4201/6337/33
f 3619/6497/120 3604/6529/114 4340/6529/115 4323/6497/119
f 3903/6144/58 3887/6169/55 3346/6169/53 3362/6144/56
f 3736/6352/38 3752/6332/35 4200/6332/34 4216/6352/37
f 3601/5856/112 3618/5855/117 4322/5855/118 4337/5856/113
f 4021/5983/92 4005/5982/88 3484/5982/85 3500/5983/91
f 3886/6165/59 3902/6164/60 3363/6164/57 3347/6165/54
f 3617/6495/120 3602/5857/114 4338/5857/115 4321/6495/119
f 4004/5978/84 4020/5977/89 3501/5977/90 3485/5978/83
f 3751/6333/1199 3735/6353/40 4215/6353/36 4199/6333/33
f 3585/5854/109 3615/5853/112 4351/5853/113 3556/5854/110
f 3901/6167/58 3885/6166/55 3348/6166/53 3364/6167/56
f 4095/6539/106 3586/6538/111 3201/5673/116 3203/5672/104
f 3579/6517/116 3578/6516/104 3577/6515/105 3580/5859/110
f 3575/6519/116 3574/5887/104 3573/6518/105 3576/5863/110
f 3571/6521/116 3570/6520/104 3569/5888/105 3572/5867/110
f 3567/6523/116 3566/5895/104 3565/5892/105 3568/6522/110
f 3563/6524/116 3562/5899/104 3561/5896/105 3564/5875/110
f 3559/6527/116 3558/5903/104 3557/6526/105 3560/6525/110
f 3555/6538/116 3554/6539/104 3553/5904/105 3556/6528/110
f 3582/5879/104 3552/5878/101 3551/5846/102 3581/5845/105
f 3578/5883/104 3550/5882/101 3549/5881/102 3577/5880/105
f 3574/5887/104 3548/5886/101 3547/5885/102 3573/5884/105
f 3570/5891/104 3546/5890/101 3545/5889/102 3569/5888/105
f 3566/5895/104 3544/5894/101 3543/5893/102 3565/5892/105
f 3562/5899/104 3542/5898/101 3541/5897/102 3561/5896/105
f 3558/5903/104 3540/5902/101 3539/5901/102 3557/5900/105
f 3554/5907/104 3538/5906/101 3537/5905/102 3553/5904/105
f 3552/5878/101 3536/5908/96 3535/5844/97 3551/5843/102
f 3550/5911/101 3534/5910/96 3533/5909/97 3549/5881/102
f 3548/5886/101 3532/5913/96 3531/5912/97 3547/5885/102
f 3546/5917/101 3530/5916/96 3529/5915/97 3545/5914/102
f 3544/5894/101 3528/5920/96 3527/5919/97 3543/5918/102
f 3542/5898/101 3526/5923/96 3525/5922/97 3541/5921/102
f 3540/5902/101 3524/5925/96 3523/5924/97 3539/5901/102
f 3538/5929/101 3522/5928/96 3521/5927/97 3537/5926/102
f 3536/5931/96 3520/5930/93 3519/5842/94 3535/5841/97
f 3534/5910/96 3518/5934/93 3517/5933/94 3533/5932/97
f 3532/5913/96 3516/5936/93 3515/5935/94 3531/5912/97
f 3530/5916/96 3514/5939/93 3513/5938/94 3529/5937/97
f 3528/5920/96 3512/5942/93 3511/5941/94 3527/5940/97
f 3526/5946/96 3510/5945/93 3509/5944/94 3525/5943/97
f 3524/5925/96 3508/5948/93 3507/5947/94 3523/5924/97
f 3522/5951/96 3506/5950/93 3505/5949/94 3521/5927/97
f 3520/5953/93 3504/5952/91 3503/5840/90 3519/5839/94
f 3518/5934/93 3502/5955/91 3501/5954/90 3517/5933/94
f 3516/5958/93 3500/5957/91 3499/5956/90 3515/5935/94
f 3514/5962/93 3498/5961/91 3497/5960/90 3513/5959/94
f 3512/5966/93 3496/5965/91 3495/5964/90 3511/5963/94
f 3510/5969/93 3494/5968/91 3493/5967/90 3509/5944/94
f 3508/5948/93 3492/5971/91 3491/5970/90 3507/5947/94
f 3506/5975/93 3490/5974/91 3489/5973/90 3505/5972/94
f 3504/5952/91 3488/5976/85 3487/5838/83 3503/5837/90
f 3502/5980/91 3486/5979/85 3485/5978/83 3501/5977/90
f 3500/5983/91 3484/5982/85 3483/5981/83 3499/5956/90
f 3498/5961/91 3482/5985/85 3481/5984/83 3497/5960/90
f 3496/5965/91 3480/5987/85 3479/5986/83 3495/5964/90
f 3494/5968/91 3478/5990/85 3477/5989/83 3493/5988/90
f 3492/5993/91 3476/5992/85 3475/5991/83 3491/5970/90
f 3490/5997/91 3474/5996/85 3473/5995/83 3489/5994/90
f 3488/5999/85 3472/5998/86 3471/5834/81 3487/5836/83
f 3486/5979/85 3470/6002/86 3469/6001/81 3485/6000/83
f 3484/5982/85 3468/6004/86 3467/6003/81 3483/5981/83
f 3482/5985/85 3466/6006/86 3465/6005/81 3481/5984/83
f 3480/6010/85 3464/6009/86 3463/6008/81 3479/6007/83
f 3478/6014/85 3462/6013/86 3461/6012/81 3477/6011/83
f 3476/6017/85 3460/6016/86 3459/6015/81 3475/5991/83
f 3474/6021/85 3458/6020/86 3457/6019/81 3473/6018/83
f 3472/6023/86 3456/6022/77 3455/5835/78 3471/5834/81
f 3470/6002/86 3454/6025/77 3453/6024/78 3469/6001/81
f 3468/6028/86 3452/6027/77 3451/6026/78 3467/6003/81
f 3466/6031/86 3450/6030/77 3449/6029/78 3465/6005/81
f 3464/6009/86 3448/6033/77 3447/6032/78 3463/6008/81
f 3462/6036/86 3446/6035/77 3445/6034/78 3461/6012/81
f 3460/6016/86 3444/6038/77 3443/6037/78 3459/6015/81
f 3458/6020/86 3442/6040/77 3441/6039/78 3457/6019/81
f 3456/6022/77 3440/6041/73 3439/5833/74 3455/5832/78
f 3454/6025/77 3438/6043/73 3437/6042/74 3453/6024/78
f 3452/6027/77 3436/6045/73 3435/6044/74 3451/6026/78
f 3450/6030/77 3434/6048/73 3433/6047/74 3449/6046/78
f 3448/6033/77 3432/6050/73 3431/6049/74 3447/6032/78
f 3446/6035/77 3430/6052/73 3429/6051/74 3445/6034/78
f 3444/6038/77 3428/6055/73 3427/6054/74 3443/6053/78
f 3442/6058/77 3426/6057/73 3425/6056/74 3441/6039/78
f 3440/6060/73 3424/6059/68 3423/5831/69 3439/5830/74
f 3438/6063/73 3422/6062/68 3421/6061/69 3437/6042/74
f 3436/6066/73 3420/6065/68 3419/6064/69 3435/6044/74
f 3434/6048/73 3418/6069/68 3417/6068/69 3433/6067/74
f 3432/6050/73 3416/6072/68 3415/6071/69 3431/6070/74
f 3430/6052/73 3414/6074/68 3413/6073/69 3429/6051/74
f 3428/6055/73 3412/6076/68 3411/6075/69 3427/6054/74
f 3426/6079/73 3410/6078/68 3409/6077/69 3425/6056/74
f 3424/6059/68 3408/6080/65 3407/5829/66 3423/5828/69
f 3422/6062/68 3406/6083/65 3405/6082/66 3421/6081/69
f 3420/6065/68 3404/6086/65 3403/6085/66 3419/6084/69
f 3418/6090/68 3402/6089/65 3401/6088/66 3417/6087/69
f 3416/6072/68 3400/6093/65 3399/6092/66 3415/6091/69
f 3414/6096/68 3398/6095/65 3397/6094/66 3413/6073/69
f 3412/6099/68 3396/6098/65 3395/6097/66 3411/6075/69
f 3410/6102/68 3394/6101/65 3393/6100/66 3409/6077/69
f 3408/6104/65 3392/6103/61 3391/5827/62 3407/5826/66
f 3406/6108/65 3390/6107/61 3389/6106/62 3405/6105/66
f 3404/6086/65 3388/6110/61 3387/6109/62 3403/6085/66
f 3402/6114/65 3386/6113/61 3385/6112/62 3401/6111/66
f 3400/6093/65 3384/6117/61 3383/6116/62 3399/6115/66
f 3398/6121/65 3382/6120/61 3381/6119/62 3397/6118/66
f 3396/6098/65 3380/6124/61 3379/6123/62 3395/6122/66
f 3394/6101/65 3378/6126/61 3377/6125/62 3393/6100/66
f 3392/6128/61 3376/6127/56 3375/5825/57 3391/5824/62
f 3390/6107/61 3374/6131/56 3373/6130/57 3389/6129/62
f 3388/6110/61 3372/6133/56 3371/6132/57 3387/6109/62
f 3386/6113/61 3370/6135/56 3369/6134/57 3385/6112/62
f 3384/6117/61 3368/6137/56 3367/6136/57 3383/6116/62
f 3382/6120/61 3366/6140/56 3365/6139/57 3381/6138/62
f 3380/6124/61 3364/6142/56 3363/6141/57 3379/6123/62
f 3378/6145/61 3362/6144/56 3361/6143/57 3377/6125/62
f 3376/6147/56 3360/6146/53 3359/5823/54 3375/5822/57
f 3374/6151/56 3358/6150/53 3357/6149/54 3373/6148/57
f 3372/6155/56 3356/6154/53 3355/6153/54 3371/6152/57
f 3370/6135/56 3354/6158/53 3353/6157/54 3369/6156/57
f 3368/6137/56 3352/6161/53 3351/6160/54 3367/6159/57
f 3366/6140/56 3350/6163/53 3349/6162/54 3365/6139/57
f 3364/6167/56 3348/6166/53 3347/6165/54 3363/6164/57
f 3362/6144/56 3346/6169/53 3345/6168/54 3361/6143/57
f 3360/6171/53 3344/6170/30 3343/5821/9 3359/5820/54
f 3358/6174/53 3342/6173/30 3341/6172/9 3357/6149/54
f 3356/6154/53 3340/6177/30 3339/6176/9 3355/6175/54
f 3354/6158/53 3338/6180/30 3337/6179/9 3353/6178/54
f 3352/6161/53 3336/6183/30 3335/6182/9 3351/6181/54
f 3350/6187/53 3334/6186/30 3333/6185/9 3349/6184/54
f 3348/6166/53 3332/6190/30 3331/6189/9 3347/6188/54
f 3346/6169/53 3330/6192/30 3329/6191/9 3345/6168/54
f 3344/6170/30 4097/6193/29 4098/5819/1 3343/5818/9
f 3342/6197/30 4099/6196/29 4100/6195/1 3341/6194/9
f 3340/6177/30 4101/6199/29 4102/6198/1 3339/6176/9
f 3338/6180/30 4103/6201/29 4104/6200/1 3337/6179/9
f 3336/6183/30 4105/6203/29 4106/6202/1 3335/6182/9
f 3334/6186/30 4107/6205/29 4108/6204/1 3333/6185/9
f 3332/6208/30 4109/6207/29 4110/6206/1 3331/6189/9
f 3330/6211/30 4111/6210/29 4112/6209/1 3329/6191/9
f 4097/6213/29 4113/6212/27 4114/5817/4 4098/5816/1
f 4099/6196/29 4115/6216/27 4116/6215/4 4100/6214/1
f 4101/6219/29 4117/6218/27 4118/6217/4 4102/6198/1
f 4103/6201/29 4119/6221/27 4120/6220/4 4104/6200/1
f 4105/6203/29 4121/6223/27 4122/6222/4 4106/6202/1
f 4107/6205/29 4123/6225/27 4124/6224/4 4108/6204/1
f 4109/6229/29 4125/6228/27 4126/6227/4 4110/6226/1
f 4111/6232/29 4127/6231/27 4128/6230/4 4112/6209/1
f 4113/6234/27 4129/6233/22 4130/5813/12 4114/5815/4
f 4115/6238/27 4131/6237/22 4132/6236/12 4116/6235/4
f 4117/6242/27 4133/6241/22 4134/6240/12 4118/6239/4
f 4119/6221/27 4135/6245/22 4136/6244/12 4120/6243/4
f 4121/6248/27 4137/6247/22 4138/6246/12 4122/6222/4
f 4123/6251/27 4139/6250/22 4140/6249/12 4124/6224/4
f 4125/6228/27 4141/6254/22 4142/6253/12 4126/6252/4
f 4127/6257/27 4143/6256/22 4144/6255/12 4128/6230/4
f 4129/6233/22 4145/6258/19 4146/5814/14 4130/5813/12
f 4131/6262/22 4147/6261/19 4148/6260/14 4132/6259/12
f 4133/6266/22 4149/6265/19 4150/6264/14 4134/6263/12
f 4135/6269/22 4151/6268/19 4152/6267/14 4136/6244/12
f 4137/6273/22 4153/6272/19 4154/6271/14 4138/6270/12
f 4139/6250/22 4155/6276/19 4156/6275/14 4140/6274/12
f 4141/6279/22 4157/6278/19 4158/6277/14 4142/6253/12
f 4143/6283/22 4159/6282/19 4160/6281/14 4144/6280/12
f 4145/6285/19 4161/6284/20 4162/5810/16 4146/5812/14
f 4147/6261/19 4163/6287/20 4164/6286/16 4148/6260/14
f 4149/6265/19 4165/6289/20 4166/6288/16 4150/6264/14
f 4151/6268/19 4167/6291/20 4168/6290/16 4152/6267/14
f 4153/6272/19 4169/6294/20 4170/6293/16 4154/6292/14
f 4155/6276/19 4171/6297/20 4172/6296/16 4156/6295/14
f 4157/6278/19 4173/6299/20 4174/6298/16 4158/6277/14
f 4159/6282/19 4175/6301/20 4176/6300/16 4160/6281/14
f 4161/6303/20 4177/6302/21 4178/5811/18 4162/5810/16
f 4163/6287/20 4179/6306/21 4180/6305/18 4164/6304/16
f 4165/6289/20 4181/6308/21 4182/6307/18 4166/6288/16
f 4167/6312/20 4183/6311/21 4184/6310/18 4168/6309/16
f 4169/6315/20 4185/6314/21 4186/6313/18 4170/6293/16
f 4171/6319/20 4187/6318/21 4188/6317/18 4172/6316/16
f 4173/6299/20 4189/6321/21 4190/6320/18 4174/6298/16
f 4175/6324/20 4191/6323/21 4192/6322/18 4176/6300/16
f 4177/6302/21 4193/6325/33 4194/5809/34 4178/5808/18
f 4179/6328/21 4195/6327/33 4196/6326/34 4180/6305/18
f 4181/6308/21 4197/6331/33 4198/6330/34 4182/6329/18
f 4183/6334/21 4199/6333/33 4200/6332/34 4184/6310/18
f 4185/6338/21 4201/6337/33 4202/6336/34 4186/6335/18
f 4187/6342/21 4203/6341/33 4204/6340/34 4188/6339/18
f 4189/6321/21 4205/6344/33 4206/6343/34 4190/6320/18
f 4191/6323/21 4207/6346/33 4208/6345/34 4192/6322/18
f 4193/6325/33 4209/6347/36 4210/5806/37 4194/5807/34
f 4195/6327/33 4211/6349/36 4212/6348/37 4196/6326/34
f 4197/6331/33 4213/6351/36 4214/6350/37 4198/6330/34
f 4199/6333/33 4215/6353/36 4216/6352/37 4200/6332/34
f 4201/6337/33 4217/6355/36 4218/6354/37 4202/6336/34
f 4203/6358/33 4219/6357/36 4220/6356/37 4204/6340/34
f 4205/6344/33 4221/6360/36 4222/6359/37 4206/6343/34
f 4207/6346/33 4223/6363/36 4224/6362/37 4208/6361/34
f 4209/6347/36 4225/6364/41 4226/5805/42 4210/5806/37
f 4211/6349/36 4227/6367/41 4228/6366/42 4212/6365/37
f 4213/6351/36 4229/6370/41 4230/6369/42 4214/6368/37
f 4215/6353/36 4231/6373/41 4232/6372/42 4216/6371/37
f 4217/6376/36 4233/6375/41 4234/6374/42 4218/6354/37
f 4219/6379/36 4235/6378/41 4236/6377/42 4220/6356/37
f 4221/6382/36 4237/6381/41 4238/6380/42 4222/6359/37
f 4223/6386/36 4239/6385/41 4240/6384/42 4224/6383/37
f 4225/6364/41 4241/6387/45 4242/5803/46 4226/5805/42
f 4227/6390/41 4243/6389/45 4244/6388/46 4228/6366/42
f 4229/6370/41 4245/6393/45 4246/6392/46 4230/6391/42
f 4231/6373/41 4247/6396/45 4248/6395/46 4232/6394/42
f 4233/6399/41 4249/6398/45 4250/6397/46 4234/6374/42
f 4235/6378/41 4251/6402/45 4252/6401/46 4236/6400/42
f 4237/6406/41 4253/6405/45 4254/6404/46 4238/6403/42
f 4239/6409/41 4255/6408/45 4256/6407/46 4240/6384/42
f 4241/6387/45 4257/6410/47 4258/5804/48 4242/5803/46
f 4243/6389/45 4259/6412/47 4260/6411/48 4244/6388/46
f 4245/6415/45 4261/6414/47 4262/6413/48 4246/6392/46
f 4247/6419/45 4263/6418/47 4264/6417/48 4248/6416/46
f 4249/6398/45 4265/6421/47 4266/6420/48 4250/6397/46
f 4251/6424/45 4267/6423/47 4268/6422/48 4252/6401/46
f 4253/6405/45 4269/6426/47 4270/6425/48 4254/6404/46
f 4255/6408/45 4271/6428/47 4272/6427/48 4256/6407/46
f 4257/6430/47 4273/6429/130 4274/5802/131 4258/5801/48
f 4259/6434/47 4275/6433/130 4276/6432/131 4260/6431/48
f 4261/6414/47 4277/6436/130 4278/6435/131 4262/6413/48
f 4263/6418/47 4279/6439/130 4280/6438/131 4264/6437/48
f 4265/6443/47 4281/6442/130 4282/6441/131 4266/6440/48
f 4267/6423/47 4283/6446/130 4284/6445/131 4268/6444/48
f 4269/6426/47 4285/6448/130 4286/6447/131 4270/6425/48
f 4271/6428/47 4287/6450/130 4288/6449/131 4272/6427/48
f 4273/6429/130 4289/6451/126 4290/5800/125 4274/5799/131
f 4275/6433/130 4291/6453/126 4292/6452/125 4276/6432/131
f 4277/6436/130 4293/6455/126 4294/6454/125 4278/6435/131
f 4279/6439/130 4295/6457/126 4296/6456/125 4280/6438/131
f 4281/6461/130 4297/6460/126 4298/6459/125 4282/6458/131
f 4283/6446/130 4299/6464/126 4300/6463/125 4284/6462/131
f 4285/6448/130 4301/6467/126 4302/6466/125 4286/6465/131
f 4287/6470/130 4303/6469/126 4304/6468/125 4288/6449/131
f 4289/6472/126 4305/6471/121 4306/5664/122 4290/5798/125
f 4291/6453/126 4307/6475/121 4308/6474/122 4292/6473/125
f 4293/6479/126 4309/6478/121 4310/6477/122 4294/6476/125
f 4295/6483/126 4311/6482/121 4312/6481/122 4296/6480/125
f 4297/6486/126 4313/6485/121 4314/6484/122 4298/6459/125
f 4299/6464/126 4315/6489/121 4316/6488/122 4300/6487/125
f 4301/6467/126 4317/6492/121 4318/6491/122 4302/6490/125
f 4303/6469/126 4319/6494/121 4320/6493/122 4304/6468/125
f 4305/6471/121 4321/6495/119 4322/5665/118 4306/5664/122
f 4307/6475/121 4323/6497/119 4324/6496/118 4308/6474/122
f 4309/6501/121 4325/6500/119 4326/6499/118 4310/6498/122
f 4311/6482/121 4327/6503/119 4328/6502/118 4312/6481/122
f 4313/6485/121 4329/6505/119 4330/6504/118 4314/6484/122
f 4315/6509/121 4331/6508/119 4332/6507/118 4316/6506/122
f 4317/6492/121 4333/6512/119 4334/6511/118 4318/6510/122
f 4319/6494/121 4335/6514/119 4336/6513/118 4320/6493/122
f 4338/5857/115 3583/5847/116 3584/5850/110 4337/5856/113
f 4340/5861/115 3579/5860/116 3580/5859/110 4339/5858/113
f 4342/5865/115 3575/5864/116 3576/5863/110 4341/5862/113
f 4344/5869/115 3571/5868/116 3572/5867/110 4343/5866/113
f 4346/5873/115 3567/5872/116 3568/5871/110 4345/5870/113
f 4348/5669/115 3563/5668/116 3564/5875/110 4347/5874/113
f 4350/5852/115 3559/5851/116 3560/5671/110 4349/5670/113
f 4352/5877/115 3555/5876/116 3556/5854/110 4351/5853/113
f 4321/6495/119 4338/5857/115 4337/5856/113 4322/5855/118
f 4323/6497/119 4340/6529/115 4339/5858/113 4324/6496/118
f 4325/6500/119 4342/6530/115 4341/5862/113 4326/6499/118
f 4327/6531/119 4344/5869/115 4343/5866/113 4328/6502/118
f 4329/6505/119 4346/5873/115 4345/6532/113 4330/6504/118
f 4331/6508/119 4348/5669/115 4347/5874/113 4332/6507/118
f 4333/6512/119 4350/6535/115 4349/6534/113 4334/6533/118
f 4335/6537/119 4352/6536/115 4351/5853/113 4336/6513/118
f 3965/6055/75 3949/6076/72 3412/6076/68 3428/6055/73
f 3680/6449/132 3696/6427/51 4272/6427/48 4288/6449/131
f 3815/6269/25 3799/6268/23 4151/6268/19 4135/6269/22
f 4068/5881/107 4084/5880/108 3577/5880/105 3549/5881/102
f 3665/6429/129 3649/6451/128 4289/6451/126 4273/6429/130
f 3950/6075/70 3966/6054/76 3427/6054/74 3411/6075/69
f 4085/5887/106 4069/5886/103 3548/5886/101 3574/5887/104
f 3800/6267/13 3816/6244/11 4136/6244/12 4152/6267/14
f 3967/6079/75 3951/6078/72 3410/6078/68 3426/6079/73
f 3650/5800/124 3666/5799/132 4274/5799/131 4290/5800/125
f 3817/6273/25 3801/6272/23 4153/6272/19 4137/6273/22
f 4070/5885/107 4086/5884/108 3573/5884/105 3547/5885/102
f 3667/6433/129 3651/6453/128 4291/6453/126 4275/6433/130
f 3952/6077/70 3968/6056/76 3425/6056/74 3409/6077/69
f 4087/5891/106 4071/5890/103 3546/5890/101 3570/5891/104
f 3802/6271/13 3818/6270/11 4138/6270/12 4154/6271/14
f 3937/6059/72 3921/6080/71 3408/6080/65 3424/6059/68
f 3652/6452/124 3668/6432/132 4276/6432/131 4292/6452/125
f 3819/6250/25 3803/6276/23 4155/6276/19 4139/6250/22
f 4072/5889/107 4088/5888/108 3569/5888/105 3545/5889/102
f 3669/6436/129 3653/6455/128 4293/6455/126 4277/6436/130
f 3922/5829/67 3938/5828/70 3423/5828/69 3407/5829/66
f 4089/5895/106 4073/5894/103 3544/5894/101 3566/5895/104
f 3804/6275/13 3820/6274/11 4140/6274/12 4156/6275/14
f 3939/6062/72 3923/6083/71 3406/6083/65 3422/6062/68
f 3654/6454/124 3670/6435/132 4278/6435/131 4294/6454/125
f 3821/6279/25 3805/6278/23 4157/6278/19 4141/6279/22
f 4074/5893/107 4090/5892/108 3565/5892/105 3543/5893/102
f 3671/6439/129 3655/6457/128 4295/6457/126 4279/6439/130
f 3924/6082/67 3940/6081/70 3421/6081/69 3405/6082/66
f 4091/5899/106 4075/5898/103 3542/5898/101 3562/5899/104
f 3806/6277/13 3822/6253/11 4142/6253/12 4158/6277/14
f 3941/6065/72 3925/6086/71 3404/6086/65 3420/6065/68
f 3656/6456/124 3672/6438/132 4280/6438/131 4296/6456/125
f 3823/6283/25 3807/6282/23 4159/6282/19 4143/6283/22
f 4076/5897/107 4092/5896/108 3561/5896/105 3541/5897/102
f 3673/6461/129 3657/6460/128 4297/6460/126 4281/6461/130
f 3926/6085/67 3942/6084/70 3419/6084/69 3403/6085/66
f 4093/5903/106 4077/5902/103 3540/5902/101 3558/5903/104
f 3808/6281/13 3824/6280/11 4144/6280/12 4160/6281/14
f 3943/6090/72 3927/6089/71 3402/6089/65 3418/6090/68
f 3658/6459/124 3674/6458/132 4282/6458/131 4298/6459/125
f 3793/6285/23 3777/6284/24 4161/6284/20 4145/6285/19
f 4078/5901/107 4094/5900/108 3557/5900/105 3539/5901/102
f 3675/6446/129 3659/6464/128 4299/6464/126 4283/6446/130
f 3928/6088/67 3944/6087/70 3417/6087/69 3401/6088/66
f 4095/5907/106 4079/5906/103 3538/5906/101 3554/5907/104
f 3778/5810/15 3794/5812/13 4146/5812/14 4162/5810/16
f 3945/6072/72 3929/6093/71 3400/6093/65 3416/6072/68
f 3660/6463/124 3676/6462/132 4284/6462/131 4300/6463/125
f 3795/6261/23 3779/6287/24 4163/6287/20 4147/6261/19
f 4080/5905/107 4096/5904/108 3553/5904/105 3537/5905/102
f 3677/6448/129 3661/6467/128 4301/6467/126 4285/6448/130
f 3930/6092/67 3946/6091/70 3415/6091/69 3399/6092/66
f 4065/5878/103 4049/5908/100 3536/5908/96 3552/5878/101
f 3780/6286/15 3796/6260/13 4148/6260/14 4164/6286/16
f 3947/6096/72 3931/6095/71 3398/6095/65 3414/6096/68
f 3662/6466/124 3678/6465/132 4286/6465/131 4302/6466/125
f 3797/6265/23 3781/6289/24 4165/6289/20 4149/6265/19
f 4050/5844/98 4066/5843/107 3551/5843/102 3535/5844/97
f 3679/6470/129 3663/6469/128 4303/6469/126 4287/6470/130
f 3932/6094/67 3948/6073/70 3413/6073/69 3397/6094/66
f 4067/5911/103 4051/5910/100 3534/5910/96 3550/5911/101
f 3782/6288/15 3798/6264/13 4150/6264/14 4166/6288/16
f 3949/6099/72 3933/6098/71 3396/6098/65 3412/6099/68
f 3664/6468/124 3680/6449/132 4288/6449/131 4304/6468/125
f 3799/6268/23 3783/6291/24 4167/6291/20 4151/6268/19
f 4052/5909/98 4068/5881/107 3549/5881/102 3533/5909/97
f 3649/6472/128 3633/6471/127 4305/6471/121 4289/6472/126
f 3934/6097/67 3950/6075/70 3411/6075/69 3395/6097/66
f 4069/5886/103 4053/5913/100 3532/5913/96 3548/5886/101
f 3784/6290/15 3800/6267/13 4152/6267/14 4168/6290/16
f 3951/6102/72 3935/6101/71 3394/6101/65 3410/6102/68
f 3634/5664/123 3650/5798/124 4290/5798/125 4306/5664/122
f 3801/6272/23 3785/6294/24 4169/6294/20 4153/6272/19
f 4054/5912/98 4070/5885/107 3547/5885/102 3531/5912/97
f 3651/6453/128 3635/6475/127 4307/6475/121 4291/6453/126
f 3936/6100/67 3952/6077/70 3409/6077/69 3393/6100/66
f 4071/5917/103 4055/5916/100 3530/5916/96 3546/5917/101
f 3786/6293/15 3802/6292/13 4154/6292/14 4170/6293/16
f 3921/6104/71 3905/6103/64 3392/6103/61 3408/6104/65
f 3636/6474/123 3652/6473/124 4292/6473/125 4308/6474/122
f 3803/6276/23 3787/6297/24 4171/6297/20 4155/6276/19
f 4056/5915/98 4072/5914/107 3545/5914/102 3529/5915/97
f 3653/6479/128 3637/6478/127 4309/6478/121 4293/6479/126
f 3906/5827/63 3922/5826/67 3407/5826/66 3391/5827/62
f 4073/5894/103 4057/5920/100 3528/5920/96 3544/5894/101
f 3788/6296/15 3804/6295/13 4156/6295/14 4172/6296/16
f 3923/6108/71 3907/6107/64 3390/6107/61 3406/6108/65
f 3638/6477/123 3654/6476/124 4294/6476/125 4310/6477/122
f 3805/6278/23 3789/6299/24 4173/6299/20 4157/6278/19
f 4058/5919/98 4074/5918/107 3543/5918/102 3527/5919/97
f 3655/6483/128 3639/6482/127 4311/6482/121 4295/6483/126
f 3908/6106/63 3924/6105/67 3405/6105/66 3389/6106/62
f 4075/5898/103 4059/5923/100 3526/5923/96 3542/5898/101
f 3790/6298/15 3806/6277/13 4158/6277/14 4174/6298/16
f 3925/6086/71 3909/6110/64 3388/6110/61 3404/6086/65
f 3640/6481/123 3656/6480/124 4296/6480/125 4312/6481/122
f 3807/6282/23 3791/6301/24 4175/6301/20 4159/6282/19
f 4060/5922/98 4076/5921/107 3541/5921/102 3525/5922/97
f 3657/6486/128 3641/6485/127 4313/6485/121 4297/6486/126
f 3910/6109/63 3926/6085/67 3403/6085/66 3387/6109/62
f 4077/5902/103 4061/5925/100 3524/5925/96 3540/5902/101
f 3792/6300/15 3808/6281/13 4160/6281/14 4176/6300/16
f 3927/6114/71 3911/6113/64 3386/6113/61 3402/6114/65
f 3642/6484/123 3658/6459/124 4298/6459/125 4314/6484/122
f 3777/6303/24 3761/6302/32 4177/6302/21 4161/6303/20
f 4062/5924/98 4078/5901/107 3539/5901/102 3523/5924/97
f 3659/6464/128 3643/6489/127 4315/6489/121 4299/6464/126
f 3912/6112/63 3928/6111/67 3401/6111/66 3385/6112/62
f 4079/5929/103 4063/5928/100 3522/5928/96 3538/5929/101
f 3762/5811/17 3778/5810/15 4162/5810/16 4178/5811/18
f 3929/6093/71 3913/6117/64 3384/6117/61 3400/6093/65
f 3644/6488/123 3660/6487/124 4300/6487/125 4316/6488/122
f 3779/6287/24 3763/6306/32 4179/6306/21 4163/6287/20
f 4064/5927/98 4080/5926/107 3537/5926/102 3521/5927/97
f 3661/6467/128 3645/6492/127 4317/6492/121 4301/6467/126
f 3914/6116/63 3930/6115/67 3399/6115/66 3383/6116/62
f 4049/5931/100 4033/5930/99 3520/5930/93 3536/5931/96
f 3764/6305/17 3780/6304/15 4164/6304/16 4180/6305/18
f 3931/6121/71 3915/6120/64 3382/6120/61 3398/6121/65
f 3646/6491/123 3662/6490/124 4302/6490/125 4318/6491/122
f 3781/6289/24 3765/6308/32 4181/6308/21 4165/6289/20
f 4034/5842/95 4050/5841/98 3535/5841/97 3519/5842/94
f 3663/6469/128 3647/6494/127 4319/6494/121 4303/6469/126
f 3916/6119/63 3932/6118/67 3397/6118/66 3381/6119/62
f 4051/5910/100 4035/5934/99 3518/5934/93 3534/5910/96
f 3766/6307/17 3782/6288/15 4166/6288/16 4182/6307/18
f 3933/6098/71 3917/6124/64 3380/6124/61 3396/6098/65
f 3648/6493/123 3664/6468/124 4304/6468/125 4320/6493/122
f 3783/6312/24 3767/6311/32 4183/6311/21 4167/6312/20
f 4036/5933/95 4052/5932/98 3533/5932/97 3517/5933/94
f 3633/6471/127 3617/6495/120 4321/6495/119 4305/6471/121
f 3918/6123/63 3934/6122/67 3395/6122/66 3379/6123/62
f 4053/5913/100 4037/5936/99 3516/5936/93 3532/5913/96
f 3768/6310/17 3784/6309/15 4168/6309/16 4184/6310/18
f 3935/6101/71 3919/6126/64 3378/6126/61 3394/6101/65
f 3618/5665/117 3634/5664/123 4306/5664/122 4322/5665/118
f 3785/6315/24 3769/6314/32 4185/6314/21 4169/6315/20
f 4038/5935/95 4054/5912/98 3531/5912/97 3515/5935/94
f 3635/6475/127 3619/6497/120 4323/6497/119 4307/6475/121
f 3920/6125/63 3936/6100/67 3393/6100/66 3377/6125/62
f 4055/5916/100 4039/5939/99 3514/5939/93 3530/5916/96
f 3770/6313/17 3786/6293/15 4170/6293/16 4186/6313/18
f 3905/6128/64 3889/6127/58 3376/6127/56 3392/6128/61
f 3620/6496/117 3636/6474/123 4308/6474/122 4324/6496/118
f 3787/6319/24 3771/6318/32 4187/6318/21 4171/6319/20
f 4040/5938/95 4056/5937/98 3529/5937/97 3513/5938/94
f 3637/6501/127 3621/6500/120 4325/6500/119 4309/6501/121
f 3890/5825/60 3906/5824/63 3391/5824/62 3375/5825/57
f 4057/5920/100 4041/5942/99 3512/5942/93 3528/5920/96
f 3772/6317/17 3788/6316/15 4172/6316/16 4188/6317/18
f 3907/6107/64 3891/6131/58 3374/6131/56 3390/6107/61
f 3622/6499/117 3638/6498/123 4310/6498/122 4326/6499/118
f 3789/6299/24 3773/6321/32 4189/6321/21 4173/6299/20
f 4042/5941/95 4058/5940/98 3527/5940/97 3511/5941/94
f 3639/6482/127 3623/6503/120 4327/6503/119 4311/6482/121
f 3892/6130/60 3908/6129/63 3389/6129/62 3373/6130/57
f 4059/5946/100 4043/5945/99 3510/5945/93 3526/5946/96
f 3774/6320/17 3790/6298/15 4174/6298/16 4190/6320/18
f 3909/6110/64 3893/6133/58 3372/6133/56 3388/6110/61
f 3624/6502/117 3640/6481/123 4312/6481/122 4328/6502/118
f 3791/6324/24 3775/6323/32 4191/6323/21 4175/6324/20
f 4044/5944/95 4060/5943/98 3525/5943/97 3509/5944/94
f 3641/6485/127 3625/6505/120 4329/6505/119 4313/6485/121
f 3894/6132/60 3910/6109/63 3387/6109/62 3371/6132/57
f 4061/5925/100 4045/5948/99 3508/5948/93 3524/5925/96
f 3776/6322/17 3792/6300/15 4176/6300/16 4192/6322/18
f 3911/6113/64 3895/6135/58 3370/6135/56 3386/6113/61
f 3626/6504/117 3642/6484/123 4314/6484/122 4330/6504/118
f 3761/6302/32 3745/6325/39 4193/6325/33 4177/6302/21
f 4046/5947/95 4062/5924/98 3523/5924/97 3507/5947/94
f 3643/6509/127 3627/6508/120 4331/6508/119 4315/6509/121
f 3896/6134/60 3912/6112/63 3385/6112/62 3369/6134/57
f 4063/5951/100 4047/5950/99 3506/5950/93 3522/5951/96
f 3746/5809/35 3762/5808/17 4178/5808/18 4194/5809/34
f 3913/6117/64 3897/6137/58 3368/6137/56 3384/6117/61
f 3628/6507/117 3644/6506/123 4316/6506/122 4332/6507/118
f 3763/6328/32 3747/6327/39 4195/6327/33 4179/6328/21
f 4048/5949/95 4064/5927/98 3521/5927/97 3505/5949/94
f 3645/6492/127 3629/6512/120 4333/6512/119 4317/6492/121
f 3898/6136/60 3914/6116/63 3383/6116/62 3367/6136/57
f 4033/5953/99 4017/5952/92 3504/5952/91 3520/5953/93
f 3748/6326/35 3764/6305/17 4180/6305/18 4196/6326/34
f 3915/6120/64 3899/6140/58 3366/6140/56 3382/6120/61
f 3630/6511/117 3646/6510/123 4318/6510/122 4334/6511/118
f 3765/6308/32 3749/6331/39 4197/6331/33 4181/6308/21
f 4018/5840/89 4034/5839/95 3519/5839/94 3503/5840/90
f 3647/6494/127 3631/6514/120 4335/6514/119 4319/6494/121
f 3900/6139/60 3916/6138/63 3381/6138/62 3365/6139/57
f 4035/5934/99 4019/5955/92 3502/5955/91 3518/5934/93
f 3750/6330/35 3766/6329/17 4182/6329/18 4198/6330/34
f 3917/6124/64 3901/6142/58 3364/6142/56 3380/6124/61
f 3632/6513/117 3648/6493/123 4320/6493/122 4336/6513/118
f 3767/6334/32 3751/6333/1199 4199/6333/33 4183/6334/21
f 4020/5954/89 4036/5933/95 3517/5933/94 3501/5954/90
f 3902/6141/60 3918/6123/63 3379/6123/62 3363/6141/57
f 4037/5958/99 4021/5957/92 3500/5957/91 3516/5958/93
f 3602/5857/114 3600/5847/111 3583/5847/116 4338/5857/115
f 3752/6332/35 3768/6310/17 4184/6310/18 4200/6332/34
f 3919/6145/64 3903/6144/58 3362/6144/56 3378/6145/61
f 3599/5850/109 3601/5856/112 4337/5856/113 3584/5850/110
f 3769/6338/32 3753/6337/39 4201/6337/33 4185/6338/21
f 4022/5956/89 4038/5935/95 3515/5935/94 3499/5956/90
f 3904/6143/60 3920/6125/63 3377/6125/62 3361/6143/57
f 4039/5962/99 4023/5961/92 3498/5961/91 3514/5962/93
f 3604/5861/114 3598/5860/111 3579/5860/116 4340/5861/115
f 3754/6336/35 3770/6335/17 4186/6335/18 4202/6336/34
f 3889/6147/58 3873/6146/55 3360/6146/53 3376/6147/56
f 3597/5859/109 3603/5858/112 4339/5858/113 3580/5859/110
f 3771/6342/32 3755/6341/39 4203/6341/33 4187/6342/21
f 4024/5960/89 4040/5959/95 3513/5959/94 3497/5960/90
f 3874/5823/59 3890/5822/60 3375/5822/57 3359/5823/54
f 4041/5966/99 4025/5965/92 3496/5965/91 3512/5966/93
f 3606/5865/114 3596/5864/111 3575/5864/116 4342/5865/115
f 3756/6340/35 3772/6339/17 4188/6339/18 4204/6340/34
f 3891/6151/58 3875/6150/55 3358/6150/53 3374/6151/56
f 3595/5863/109 3605/5862/112 4341/5862/113 3576/5863/110
f 3773/6321/32 3757/6344/39 4205/6344/33 4189/6321/21
f 4026/5964/89 4042/5963/95 3511/5963/94 3495/5964/90
f 3876/6149/59 3892/6148/60 3373/6148/57 3357/6149/54
f 4043/5969/99 4027/5968/92 3494/5968/91 3510/5969/93
f 3608/5869/114 3594/5868/111 3571/5868/116 4344/5869/115
f 3758/6343/35 3774/6320/17 4190/6320/18 4206/6343/34
f 3893/6155/58 3877/6154/55 3356/6154/53 3372/6155/56
f 3593/5867/109 3607/5866/112 4343/5866/113 3572/5867/110
f 3775/6323/32 3759/6346/39 4207/6346/33 4191/6323/21
f 4028/5967/89 4044/5944/95 3509/5944/94 3493/5967/90
f 3878/6153/59 3894/6152/60 3371/6152/57 3355/6153/54
f 4045/5948/99 4029/5971/92 3492/5971/91 3508/5948/93
f 3610/5873/114 3592/5872/111 3567/5872/116 4346/5873/115
f 3760/6345/35 3776/6322/17 4192/6322/18 4208/6345/34
f 3895/6135/58 3879/6158/55 3354/6158/53 3370/6135/56
f 3591/5871/109 3609/5870/112 4345/5870/113 3568/5871/110
f 3745/6325/39 3729/6347/40 4209/6347/36 4193/6325/33
f 4030/5970/89 4046/5947/95 3507/5947/94 3491/5970/90
f 3880/6157/59 3896/6156/60 3369/6156/57 3353/6157/54
f 4047/5975/99 4031/5974/92 3490/5974/91 3506/5975/93
f 3612/5669/114 3590/5668/111 3563/5668/116 4348/5669/115
f 3730/5806/38 3746/5807/35 4194/5807/34 4210/5806/37
f 3897/6137/58 3881/6161/55 3352/6161/53 3368/6137/56
f 3589/5875/109 3611/5874/112 4347/5874/113 3564/5875/110
f 3747/6327/39 3731/6349/40 4211/6349/36 4195/6327/33
f 4032/5973/89 4048/5972/95 3505/5972/94 3489/5973/90
f 3882/6160/59 3898/6159/60 3367/6159/57 3351/6160/54
f 4017/5952/92 4001/5976/88 3488/5976/85 3504/5952/91
f 3614/5852/114 3588/5851/111 3559/5851/116 4350/5852/115
f 3732/6348/38 3748/6326/35 4196/6326/34 4212/6348/37
f 3899/6140/58 3883/6163/55 3350/6163/53 3366/6140/56
f 3587/5671/109 3613/5670/112 4349/5670/113 3560/5671/110
f 3749/6331/39 3733/6351/40 4213/6351/36 4197/6331/33
f 4002/5838/84 4018/5837/89 3503/5837/90 3487/5838/83
f 3884/6162/59 3900/6139/60 3365/6139/57 3349/6162/54
f 4019/5980/92 4003/5979/88 3486/5979/85 3502/5980/91
f 3616/5877/114 3586/5876/111 3555/5876/116 4352/5877/115
f 3734/6350/38 3750/6330/35 4198/6330/34 4214/6350/37
f 4369/6540/1200 5606/6541/1201 5020/6542/1202 4791/6543/1203
f 4848/6548/1205 4969/6549/1206 5310/6550/1207 5043/6548/1208
f 4429/5666/1211 4433/6557/1212 4432/6558/1213 4428/5667/1214
f 6117/6559/1215 5724/6560/1216 5721/6561/1217 6087/6562/1218
f 4957/6563/1128 6090/6564/1219 4833/6565/1220 4961/6566/1221
f 4854/6567/1222 4748/6568/1223 5113/6568/1224 5136/6567/1225
f 4425/6569/1226 4602/6570/1227 4538/6571/1228 4666/6572/1229 4455/6573/1230 4921/6574/1231 6087/6575/1232
f 4411/6588/1236 4415/6589/1237 4414/6590/1238 4410/6591/1239
f 6111/6592/1240 5688/6593/1241 5685/6594/1242 6114/6595/1243
f 4836/6598/1245 4734/6599/1246 5181/6600/1247 5205/6601/1248
f 4735/6597/1249 6114/6596/1250 4881/6602/1251 4739/6603/1252
f 4393/6617/1256 4397/6618/1257 4396/6619/1258 4392/6620/1259
f 6123/6621/1260 5652/6622/1261 5649/6623/1262 6120/6624/1263
f 4899/6625/1264 5010/6626/1265 5006/6627/1136 6123/6628/1266
f 4829/6629/1267 4719/6630/1268 5250/6631/1269 5273/6629/1270
f 4389/6632/1271 4606/6633/1272 4542/6634/1273 4670/6635/1274 4469/6636/1275 4949/6637/1276 6120/6638/1277
f 4818/6639/1278 5011/6640/1279 5379/6641/1280 5260/6639/1281
f 4375/6648/1284 4379/6649/1285 4378/6650/1286 4374/6651/1287
f 6096/6652/1288 5616/6653/1289 5613/6654/1290 6105/6655/1291
f 6099/6659/1293 4970/6660/1294 4972/6661/1295 4851/6662/1296
f 5730/6663/1297 4435/6664/137 4451/6665/137 4450/6666/350
f 4450/6666/350 4451/6665/137 4436/6667/1298 5733/6554/1299
f 3321/6668/64 4431/6669/140 4435/6670/137 3323/6671/58
f 3319/6672/1196 4427/6673/1300 4431/6669/140 3321/6668/64
f 5712/6677/1302 4423/6678/1303 4770/6679/1304 4921/6680/1231
f 5694/6688/1307 4417/6689/229 4458/6690/229 4457/6691/270
f 4457/6691/270 4458/6690/229 4418/6692/1308 5697/6693/1309
f 3305/6694/99 4413/6695/250 4417/6689/229 3307/6696/92
f 3303/6697/100 4409/6698/262 4413/6695/250 3305/6694/99
f 4460/6699/262 4461/6700/230 5685/6701/1310 4410/6591/1239
f 5676/6702/1150 4405/6703/1146 4777/5604/1148 4935/6704/1311
f 5673/6708/1145 4406/5613/1156 4804/5616/1158 4998/6709/1313
f 5658/5588/1139 4399/6710/224 4465/6711/224 4464/6712/248
f 4464/6712/248 4465/6711/224 4400/6713/1314 5661/6714/1315
f 3289/6715/128 4395/6716/223 4399/6710/224 3291/6717/127
f 3287/6718/129 4391/5579/238 4395/6716/223 3289/6715/128
f 4467/5582/238 4468/5581/286 5649/6719/1316 4392/6620/1259
f 5640/6720/1131 4387/5571/1127 4784/5574/1129 4949/6721/1276
f 5642/6722/1135 3284/6723/1186 3286/6724/1187 5655/6725/1317
f 5637/6726/1126 4388/5583/1134 4811/5586/1137 5012/6727/1318
f 5622/6728/1118 4381/6729/403 4472/6730/403 4471/6731/343
f 4471/6731/343 4472/6730/403 4382/6732/1319 5625/6642/1320
f 3273/6733/24 4377/6734/362 4381/6729/403 3275/6735/32
f 3271/6736/23 4373/6737/358 4377/6734/362 3273/6733/24
f 5604/6740/1322 4370/6741/1323 4762/6742/1324 4963/6743/1325
f 5606/6744/1201 3267/6745/1180 3270/6746/1183 5619/6747/1326
f 4841/6748/1327 4706/6749/1328 5034/6750/1329 5294/6751/1330
f 4388/5583/1134 3282/6752/1185 3284/6723/1186 5642/6753/1135
f 3295/5590/1141 5669/6754/1140 4405/5601/1146 3297/6755/1188
f 4437/6769/1334 5736/6555/1335 5733/6554/1299 4436/6667/1298
f 4488/6770/140 4487/6771/137 4437/6769/1334 4433/6772/1212
f 4451/6665/137 4452/6773/140 4432/6558/1213 4436/6774/1298
f 4489/6775/142 4488/6770/140 4433/6557/1212 4429/5666/1211
f 4452/6773/140 4453/6776/1336 4428/5667/1214 4432/6558/1213
f 4713/6787/1340 4859/6788/1341 5287/6789/1342 5064/6790/1343
f 4741/6791/1344 6129/6792/1345 4909/6793/1346 4745/6794/1347
f 3313/6795/1192 4423/6678/1303 5712/6796/1302 3315/6797/1194
f 3281/6798/1184 4387/5571/1127 5640/6799/1131 3283/5575/1130
f 4419/6813/1350 5700/6814/1351 5697/6693/1309 4418/6692/1308
f 4495/6815/250 4494/6816/229 4419/6813/1350 4415/6589/1237
f 4458/6690/229 4459/6817/250 4414/6590/1238 4418/6692/1308
f 4496/6818/262 4495/6815/250 4415/6589/1237 4411/6588/1236
f 4459/6817/250 4460/6699/262 4410/6591/1239 4414/6590/1238
f 4508/6821/1354 4507/6822/1355 5628/6643/1356 4383/6823/1357
f 4474/6824/358 4475/6738/395 5613/6825/1358 4374/6651/1287
f 4747/6826/1359 4824/6827/1360 5082/6828/1361 5114/6829/1362
f 4756/6834/1364 4901/6835/1365 5121/6836/1366 5095/6834/1367
f 4402/5596/224 5667/6847/1142 4500/6848/248 4501/6849/224
f 4401/6850/1371 5664/6851/1372 5661/6714/1315 4400/6713/1314
f 4502/6852/223 4501/6849/224 4401/6850/1371 4397/6853/1257
f 4465/6711/224 4466/6854/223 4396/6855/1258 4400/6856/1314
f 4503/6857/238 4502/6852/223 4397/6618/1257 4393/6617/1256
f 4466/6854/223 4467/5582/238 4392/6620/1259 4396/6619/1258
f 5655/6858/1317 4394/5591/238 4503/6857/238 4504/6859/286
f 4895/6870/1376 4726/6871/1377 5232/6872/1378 5225/6873/1379
f 4721/6874/1380 4890/6875/1381 5220/6876/1382 5251/6877/1383
f 4490/6778/138 4489/6775/142 4429/6882/1211 5724/6560/1384
f 4384/5566/1122 5631/6883/1123 4507/6822/1355 4508/6821/1354
f 4383/6823/1357 5628/6643/1356 5625/6642/1320 4382/6732/1319
f 4509/6884/362 4508/6821/1354 4383/6823/1357 4379/6885/1285
f 4472/6730/403 4473/6886/362 4378/6887/1286 4382/6732/1319
f 4510/6888/358 4509/6884/362 4379/6649/1285 4375/6648/1284
f 4473/6886/362 4474/6824/358 4374/6651/1287 4378/6650/1286
f 4845/6892/1386 5024/6893/1387 5020/6894/1202 6096/6895/1388
f 4707/6586/1389 6099/6896/1293 4849/6897/1390 4711/6898/1391
f 4955/6961/1399 4830/6962/1400 5275/6963/1280 5266/6961/1401
f 4511/6890/395 4510/6888/358 4375/6968/1284 5616/6947/1403
f 4908/6971/1404 4997/6972/1405 5356/6973/1406 5191/6971/1407
f 4915/6987/1411 6108/6988/1412 4867/6989/1413 4919/6990/1414
f 4420/5626/229 5703/6991/1160 4493/5631/270 4494/6816/229
f 6093/6996/1415 4735/6597/1249 4738/6997/1416 4839/6998/1417
f 4755/6999/1418 6126/7000/1419 4903/7001/1420 4759/7002/1421
f 4902/7007/1422 4983/7008/1423 5333/7009/1424 5122/7007/1425
f 4406/5613/1156 3298/7025/1189 3300/5610/1153 5678/7026/1152
f 4438/5655/137 5739/7034/1173 4486/5660/350 4487/6771/137
f 4504/6859/286 4503/6857/238 4393/7035/1256 5652/6622/1428
f 4369/6540/1200 3268/7036/1181 3267/6745/1180 5606/7037/1201
f 6102/7038/1429 4749/6584/1430 4752/7039/1431 4857/7040/1432
f 4497/6820/230 4496/6818/262 4411/6588/1236 5688/6920/1433
f 4453/6776/1336 4454/6674/1434 5721/7041/1435 4428/7042/1214
f 4487/6771/137 4486/5660/350 5736/6556/1335 4437/6769/1334
f 4438/5655/137 3324/5654/60 3326/5657/59 5739/7047/1173
f 4727/7048/1437 6084/7049/1438 4819/7050/1439 4731/7051/1440
f 4887/7056/1441 4982/7057/1442 4978/7058/1170 6117/7059/1443
f 4420/5626/229 3308/5625/89 3310/5628/84 5703/7060/1160
f 6108/7061/1412 4712/6585/1444 4718/7062/1445 4869/7063/1446
f 4720/6616/1447 6120/6615/1277 4893/7064/1448 4724/7065/1449
f 3325/7067/1197 5730/7068/1297 5742/7069/1450 3327/7070/1198
f 3309/7079/1190 5694/7080/1307 5706/7081/1453 3311/7082/1191
f 4763/7119/1459 4914/7120/1460 5052/7120/1461 5304/7121/1462
f 3269/7128/1182 5610/6739/1464 4373/7129/358 3271/6736/23
f 4377/6734/362 4373/6737/358 4474/6824/358 4473/6886/362
f 4381/6729/403 4377/6734/362 4473/6886/362 4472/6730/403
f 3275/6735/32 4381/6729/403 5622/6728/1118 3277/5557/1117
f 4782/7130/1465 4956/7131/1466 5268/7132/1467 5243/7133/1468
f 4950/7134/1469 4783/7135/1470 5242/7136/1378 5212/7134/1471
f 3285/5578/1133 5645/5580/1132 4391/5579/238 3287/6718/129
f 4395/6716/223 4391/5579/238 4467/5582/238 4466/6854/223
f 4399/6710/224 4395/6716/223 4466/6854/223 4465/6711/224
f 3291/6717/127 4399/6710/224 5658/7137/1139 3293/5587/1138
f 4775/7138/1472 4942/7139/1473 5199/7140/1474 5174/7141/1475
f 4936/7142/1476 4776/7143/1477 5173/7144/1478 5143/7145/1479
f 3301/5608/103 5681/7150/1151 4409/6698/262 3303/6697/100
f 4413/6695/250 4409/6698/262 4460/6699/262 4459/6817/250
f 4417/6689/229 4413/6695/250 4459/6817/250 4458/6690/229
f 3307/6696/92 4417/6689/229 5694/7080/1307 3309/7079/1190
f 4768/7151/1481 4928/7152/1482 5130/7153/1483 5105/7151/1367
f 4922/7154/1484 4769/7155/1485 5104/7156/1486 5074/7157/1487
f 3317/7158/1195 5718/7159/1488 4427/6673/1300 3319/6672/1196
f 4431/6669/140 4427/6673/1300 4453/6776/1336 4452/6773/140
f 4435/6670/137 4431/6669/140 4452/6773/140 4451/6665/137
f 3323/6671/58 4435/6664/137 5730/7068/1297 3325/7067/1197
f 3265/7164/1178 4370/6741/1323 5604/7165/1322 3266/7166/1179
f 5727/7171/1168 4430/5650/142 4489/6775/142 4490/6778/138
f 5691/7174/1155 4412/5621/262 4496/6818/262 4497/6820/230
f 4789/7192/1492 5019/7193/1493 5388/7193/1342 5027/7194/1494
f 5619/7201/1326 3270/6746/1183 3272/5562/13 4376/5561/358
f 4376/5561/358 4380/5564/362 4509/6884/362 4510/6888/358
f 4380/5564/362 4384/5566/1122 4508/6821/1354 4509/6884/362
f 4384/5566/1122 3276/5565/1121 3278/5568/1124 5631/7202/1123
f 5619/7203/1326 4376/5561/358 4510/6888/358 4511/6890/395
f 4812/7204/1496 5005/7205/1497 5365/7206/1382 5373/7207/1383
f 5637/7208/1126 3280/5569/1125 3282/6752/1185 4388/5583/1134
f 5655/7213/1317 3286/6724/1187 3288/5592/132 4394/5591/238
f 4394/5591/238 4398/5594/223 4502/6852/223 4503/6857/238
f 4398/5594/223 4402/5596/224 4501/6849/224 4502/6852/223
f 4402/5596/224 3292/5595/123 3294/5598/1143 5667/7214/1142
f 4805/7219/1499 4991/7220/1500 5342/7221/1501 5350/7222/1502
f 5673/7223/1145 3296/5599/1144 3298/7025/1189 4406/5613/1156
f 5691/7224/1155 3302/5611/1154 3304/5622/98 4412/5621/262
f 4412/5621/262 4416/5624/250 4495/6815/250 4496/6818/262
f 4416/5624/250 4420/5626/229 4494/6816/229 4495/6815/250
f 4423/6678/1303 5706/7225/1453 4929/7226/1503 4770/6679/1304
f 4798/7231/1504 4977/7232/1505 5319/7233/1361 5327/7234/1506
f 5709/7235/1162 3312/5629/1161 3314/7236/1193 4424/5642/1169
f 5727/7240/1168 3318/5640/1167 3320/5651/67 4430/5650/142
f 4430/5650/142 4434/5653/140 4488/6770/140 4489/6775/142
f 4434/5653/140 4438/5655/137 4487/6771/137 4488/6770/140
f 4370/7241/1323 5742/7242/1450 4915/7243/1411 4762/7244/1324
f 4971/7245/1508 4790/7246/1509 5026/7247/1510 5311/7248/1511
f 4823/7269/1517 4920/7270/1518 5073/7271/1519 5080/7272/1520
f 4941/7274/1521 4835/7275/1522 5204/7276/1523 5197/7274/1407
f 5018/7277/1524 4842/7278/1525 5296/7279/1526 5386/7277/1527
f 4927/7281/1528 4853/7282/1529 5135/7282/1530 5128/7281/1425
f 4860/7283/1531 4962/7284/1532 5280/7285/1533 5288/7283/1534
f 4913/7286/1535 4865/7287/1536 5057/7287/1537 5050/7286/1538
f 4990/7288/1539 4872/7289/1540 5158/7289/1541 5340/7290/1542
f 4877/7291/1543 4934/7292/1544 5142/7292/1541 5150/7291/1545
f 4976/7293/1546 4884/7294/1547 5089/7295/1548 5317/7293/1549
f 4889/7299/1551 4948/7300/1552 5211/7300/1553 5218/7299/1554
f 5004/7301/1555 4896/7302/1556 5227/7303/1553 5363/7304/1554
f 4494/6816/229 4493/5631/270 5700/7327/1351 4419/6813/1350
f 4501/6849/224 4500/6848/248 5664/6851/1372 4401/6850/1371
f 3315/6797/1194 5712/7359/1302 5718/7360/1488 3317/7158/1195
f 5745/7361/1175 4369/7362/1200 4791/7363/1203 4970/7364/1294
f 3266/7166/1179 5604/7372/1322 5610/7373/1464 3269/7128/1182
f 5709/7436/1162 4424/5642/1169 4797/5645/1171 4984/7437/1586
f 4427/6673/1300 5718/7446/1488 4454/6674/1434 4453/6776/1336
f 5028/7459/1591 5387/7460/1592 5295/7461/1593 5037/7462/1594
f 5301/7463/1606 5051/7464/1607 5059/7465/1608 5066/7466/1609
f 5282/7467/1610 5302/7468/1594 5065/7469/1591 5289/7470/1611
f 5335/7471/1612 5325/7472/1613 5096/7473/1614 5123/7474/1615
f 5324/7475/1616 5318/7476/1617 5088/7477/1618 5097/7478/1619
f 5106/7479/1614 5129/7480/1615 5137/7481/1620 5112/7482/1613
f 5144/7483/1621 5172/7484/1622 5183/7485/1623 5151/7486/1624
f 5358/7487/1625 5348/7488/1626 5165/7489/1627 5192/7490/1628
f 5347/7491/1623 5341/7492/1629 5157/7493/1630 5166/7494/1622
f 5175/7495/1627 5198/7496/1628 5206/7497/1631 5184/7498/1626
f 5213/7499/1632 5241/7500/1633 5252/7501/1634 5219/7502/1635
f 5381/7503/1636 5371/7504/1637 5234/7505/1638 5261/7506/1639
f 5370/7507/1634 5364/7508/1640 5226/7509/1641 5235/7510/1633
f 5244/7511/1638 5267/7512/1642 5274/7513/1643 5253/7514/1637
f 5312/7515/1644 5025/7516/1609 5036/7517/1606 5044/7518/1645
f 5075/7519/1618 5103/7520/1619 5115/7521/1616 5081/7522/1646
f 4964/7524/1647 4761/7525/1648 5303/7526/1649 5281/7527/1330
f 4728/7528/1650 4817/7529/1651 5259/7530/1652 5233/7531/1468
f 4999/7533/1653 4803/7534/1654 5349/7535/1655 5357/7536/1656
f 4712/7537/1444 6105/7538/1657 4861/7539/1658 4715/7540/1659
f 4373/7129/358 5610/7541/1464 4475/6738/395 4474/6824/358
f 4871/7542/1660 4740/7543/1661 5163/7544/1662 5156/7542/1479
f 4749/6584/1430 6087/6583/1232 4827/7545/1663 4753/7546/1664
f 6084/7548/1438 5012/7549/1318 5014/7550/1665 4821/7551/1666
f 4929/7552/1503 6102/7553/1429 4855/7554/1667 4933/7555/1668
f 3327/7070/1198 5742/7560/1450 4370/7241/1323 3265/7561/1178
f 5745/7562/1175 3328/5658/1174 3268/7563/1181 4369/7362/1200
f 3279/5560/1120 5633/7572/1119 4387/5571/1127 3281/6798/1184
f 4742/7573/1670 4907/7574/1671 5190/7575/1474 5164/7576/1672
f 5013/7577/1673 4810/7578/1674 5372/7579/1269 5380/7580/1270
f 4733/7585/1675 4878/7586/1676 5149/7587/1501 5182/7585/1677
f 3297/6755/1188 4405/6703/1146 5676/7588/1150 3299/5605/1149
f 4409/6698/262 5681/6923/1151 4461/6700/230 4460/6699/262
f 4866/7589/1678 4714/7590/1679 5067/7591/1680 5058/7592/1681
f 4883/7593/1682 4754/7594/1683 5094/7594/1684 5087/7595/1685
f 3311/7082/1191 5706/7596/1453 4423/6678/1303 3313/6795/1192
f 4985/7601/1686 4796/7602/1687 5326/7603/1688 5334/7604/1225
f 6090/7609/1219 4720/7610/1447 4722/7611/1689 4834/7612/1690
f 4705/7613/1691 4708/7614/1692 4709/7614/1693 4711/7615/1391
f 4706/6749/1328 4710/7616/1694 4709/7617/1693 4708/7618/1692
f 4707/6586/1389 4711/7619/1391 4709/7620/1693 4710/7621/1694
f 4712/7537/1444 4715/7622/1659 4716/7623/1695 4718/7624/1445
f 4713/6787/1340 4717/7625/1696 4716/7625/1695 4715/7540/1659
f 4714/7590/1679 4718/7062/1445 4716/7626/1695 4717/7627/1696
f 4719/6630/1268 4722/7611/1689 4723/7628/1697 4725/7628/1698
f 4720/6616/1447 4724/7065/1449 4723/7628/1697 4722/7629/1689
f 4721/6874/1380 4725/7630/1698 4723/7628/1697 4724/7631/1449
f 4726/6871/1377 4729/7632/1699 4730/7633/1700 4732/7633/1701
f 4727/7048/1437 4731/7051/1440 4730/7633/1700 4729/7634/1699
f 4728/7528/1650 4732/7633/1701 4730/7633/1700 4731/7051/1440
f 4733/7585/1675 4736/7635/1702 4737/7635/1703 4739/7636/1252
f 4734/6599/1246 4738/6997/1416 4737/7635/1703 4736/7635/1702
f 4735/6597/1249 4739/6603/1252 4737/7635/1703 4738/7637/1416
f 4740/7543/1661 4743/7638/1704 4744/7639/1705 4746/7639/1706
f 4741/6791/1344 4745/6794/1347 4744/7639/1705 4743/7640/1704
f 4742/7573/1670 4746/7639/1706 4744/7639/1705 4745/7641/1347
f 4747/6826/1359 4750/7642/1707 4751/7642/1708 4753/7546/1664
f 4748/6568/1223 4752/7039/1431 4751/7642/1708 4750/7642/1707
f 4749/6584/1430 4753/7643/1664 4751/7642/1708 4752/7644/1431
f 4754/7594/1683 4757/7645/1709 4758/7646/1710 4760/7646/1711
f 4755/6999/1418 4759/7002/1421 4758/7646/1710 4757/7647/1709
f 4756/6834/1364 4760/7646/1711 4758/7646/1710 4759/7002/1421
f 4761/7525/1648 4764/7648/1712 4765/7649/1693 4767/7650/1713
f 4762/7244/1324 4766/7651/1714 4765/7652/1693 4764/7653/1712
f 4763/7119/1459 4767/7654/1713 4765/7654/1693 4766/7655/1714
f 4768/7151/1481 4771/7656/1711 4772/7656/1710 4774/7657/1715
f 4769/7155/1485 4773/7658/1716 4772/7656/1710 4771/7656/1711
f 4770/6679/1304 4774/7657/1715 4772/7656/1710 4773/7659/1716
f 4775/7138/1472 4778/7660/1717 4779/7660/1705 4781/7661/1718
f 4776/7143/1477 4780/7662/1719 4779/7660/1705 4778/7660/1717
f 4777/5604/1148 4781/7661/1718 4779/7660/1705 4780/7663/1719
f 4782/7130/1465 4785/7664/1701 4786/7664/1700 4788/7665/1720
f 4783/7135/1470 4787/7666/1721 4786/7664/1700 4785/7664/1701
f 4784/5574/1129 4788/7665/1720 4786/7664/1700 4787/7667/1721
f 4789/7192/1492 4792/7668/1696 4793/7668/1695 4795/7669/1722
f 4790/7246/1509 4794/7670/1723 4793/7671/1695 4792/7672/1696
f 4791/6543/1203 4795/7673/1722 4793/7674/1695 4794/7675/1723
f 4796/7602/1687 4799/7676/1724 4800/7677/1708 4802/7677/1707
f 4797/5645/1171 4801/7678/1725 4800/7677/1708 4799/7679/1724
f 4798/7231/1504 4802/7677/1707 4800/7677/1708 4801/7680/1725
f 4803/7534/1654 4806/7681/1726 4807/7682/1703 4809/7683/1702
f 4804/5616/1158 4808/7684/1727 4807/7682/1703 4806/7685/1726
f 4805/7219/1499 4809/7683/1702 4807/7682/1703 4808/7686/1727
f 4810/7578/1674 4813/7687/1728 4814/7688/1697 4816/7688/1698
f 4811/5586/1137 4815/7689/1729 4814/7688/1697 4813/7690/1728
f 4812/7204/1496 4816/7688/1698 4814/7688/1697 4815/7691/1729
f 4817/7529/1651 4819/7050/1439 4820/7692/1730 4822/7551/1731
f 6084/7693/1438 4727/7048/1437 4720/7610/1447 6090/7694/1219
f 4818/6639/1278 4822/7551/1731 4820/7692/1730 4821/7551/1666
f 4823/7269/1517 4825/7695/1732 4826/7696/1733 4828/7695/1734
f 4824/6827/1360 4827/7697/1663 4826/7696/1733 4825/7695/1732
f 4923/7698/1735 4828/7695/1734 6087/7699/1232 4921/6574/1231
f 4829/6629/1267 4831/7700/1736 4832/7701/1737 4834/7612/1690
f 4830/6962/1400 4833/7702/1220 4832/7701/1737 4831/7700/1736
f 4470/7260/1738 4671/7703/1739 4543/7704/1740 4607/7705/1741 4385/6860/1742 6090/7706/1219 4957/6563/1128
f 4835/7275/1522 4837/7707/1743 4838/7708/1744 4840/7709/1745
f 4463/7416/1746 4669/7710/1747 4541/7711/1748 4605/7712/1749 4403/7310/1750 6093/7713/1415 4943/7714/1147
f 4836/6598/1245 4840/7709/1745 4838/7708/1744 4839/6998/1417
f 4841/6748/1327 4843/7715/1751 4844/7716/1752 4846/7717/1753
f 4842/7278/1525 4845/6892/1386 4844/7716/1752 4843/7715/1751
f 6096/6781/1388 4707/6780/1389 4710/7616/1694 4846/7717/1753
f 4847/7718/1754 4849/7719/1390 4850/7720/1755 4852/6662/1756
f 6099/7721/1293 4707/6586/1389 4712/6585/1444 6108/7722/1412
f 4848/6548/1205 4852/6662/1756 4850/7720/1755 4851/6662/1296
f 4853/7282/1529 4855/7554/1667 4856/7723/1757 4858/7724/1758
f 4456/7250/1759 4667/7725/1760 4539/6901/1761 4603/6900/1762 4421/6899/1763 6102/7726/1429 4929/7552/1503
f 4854/6567/1222 4858/7724/1758 4856/7723/1757 4857/7040/1432
f 4859/6788/1341 4861/7539/1658 4862/7727/1764 4864/7728/1765
f 4965/7729/1766 4863/7728/1767 6105/7730/1657 4963/7731/1325
f 4860/7283/1531 4864/7728/1765 4862/7727/1764 4863/7728/1767
f 4865/7287/1536 4867/7732/1413 4868/7733/1768 4870/7734/1769
f 4449/7330/1770 4665/7735/1771 4537/7736/1772 4601/7432/1773 4439/7296/1774 6108/7737/1412 4915/6987/1411
f 4866/7589/1678 4870/7734/1769 4868/7733/1768 4869/7063/1446
f 4871/7542/1660 4873/7738/1775 4874/7739/1776 4876/7740/1777
f 4872/7289/1540 4875/7741/1778 4874/7739/1776 4873/7738/1775
f 6111/7742/1779 4741/6791/1344 4743/7638/1704 4876/7740/1777
f 4877/7291/1543 4879/7743/1780 4880/7744/1781 4882/7743/1782
f 4878/7586/1676 4881/6602/1251 4880/7744/1781 4879/7743/1780
f 4937/7745/1783 4882/7743/1782 6114/7746/1250 4935/7747/1311
f 4883/7593/1682 4885/7748/1784 4886/7749/1785 4888/7750/1786
f 4884/7294/1547 4887/7056/1441 4886/7749/1785 4885/7748/1784
f 6117/7751/1443 4755/6999/1418 4757/7645/1709 4888/7752/1786
f 4889/7299/1551 4891/7753/1787 4892/7754/1788 4894/7753/1789
f 4890/6875/1381 4893/7064/1448 4892/7754/1788 4891/7753/1787
f 4951/7755/1790 4894/7753/1789 6120/7756/1277 4949/6637/1276
f 4895/6870/1376 4897/7757/1791 4898/7758/1792 4900/7759/1793
f 4896/7302/1556 4899/6625/1264 4898/7758/1792 4897/7757/1791
f 6123/7760/1266 4727/7048/1437 4729/7761/1699 4900/7759/1793
f 4901/6835/1365 4903/7001/1420 4904/7762/1794 4906/7763/1795
f 6126/7764/1419 4984/7765/1586 4986/7766/1796 4905/7763/1797
f 4902/7007/1422 4906/7763/1795 4904/7762/1794 4905/7763/1797
f 4907/7574/1671 4909/6793/1346 4910/7767/1798 4912/7768/1799
f 6129/7769/1345 4998/7770/1313 5000/7771/1800 4911/7768/1801
f 4908/6971/1404 4912/7768/1799 4910/7767/1798 4911/7768/1801
f 4913/7286/1535 4916/6990/1802 4917/7772/1803 4919/6990/1414
f 4914/7120/1460 4918/7773/1804 4917/7772/1803 4916/6990/1802
f 4915/6987/1411 4919/6990/1414 4917/7772/1803 4918/7774/1804
f 4920/7270/1518 4923/7698/1735 4924/7775/1805 4926/7698/1806
f 4921/6680/1231 4925/7776/1807 4924/7775/1805 4923/7698/1735
f 4922/7154/1484 4926/7698/1806 4924/7775/1805 4925/7776/1807
f 4927/7281/1528 4930/7555/1808 4931/7777/1809 4933/7555/1668
f 4928/7152/1482 4932/7778/1810 4931/7777/1809 4930/7555/1808
f 4929/7552/1503 4933/7555/1668 4931/7777/1809 4932/7779/1810
f 4934/7292/1544 4937/7745/1783 4938/7780/1811 4940/7745/1812
f 4935/6704/1311 4939/7781/1813 4938/7780/1811 4937/7745/1783
f 4936/7142/1476 4940/7745/1812 4938/7780/1811 4939/7781/1813
f 4941/7274/1521 4944/7782/1814 4945/7783/1815 4947/7782/1816
f 4942/7139/1473 4946/7784/1817 4945/7783/1815 4944/7782/1814
f 4943/7714/1147 4947/7782/1816 4945/7783/1815 4946/7785/1817
f 4948/7300/1552 4951/7755/1790 4952/7786/1818 4954/7755/1819
f 4949/6721/1276 4953/7787/1820 4952/7786/1818 4951/7755/1790
f 4950/7134/1469 4954/7755/1819 4952/7786/1818 4953/7787/1820
f 4955/6961/1399 4958/6566/1821 4959/7788/1822 4961/6566/1221
f 4956/7131/1466 4960/7789/1823 4959/7788/1822 4958/6566/1821
f 4957/6563/1128 4961/6566/1221 4959/7788/1822 4960/7790/1823
f 4962/7284/1532 4965/7729/1766 4966/7791/1824 4968/7729/1825
f 4963/6743/1325 4967/7792/1826 4966/7791/1824 4965/7729/1766
f 4964/7524/1647 4968/7729/1825 4966/7791/1824 4967/7792/1826
f 4969/6549/1206 4972/6661/1295 4973/7793/1827 4975/6661/1828
f 4970/7364/1294 4974/7794/1829 4973/7793/1827 4972/6661/1295
f 4971/7245/1508 4975/6661/1828 4973/7793/1827 4974/7794/1829
f 4976/7293/1546 4979/7057/1830 4980/7795/1831 4982/7057/1442
f 4977/7232/1505 4981/7796/1832 4980/7795/1831 4979/7057/1830
f 4978/7058/1170 4982/7057/1442 4980/7795/1831 4981/7797/1832
f 4983/7008/1423 4986/7766/1796 4987/7798/1833 4989/7766/1834
f 4984/7437/1586 4988/7799/1835 4987/7798/1833 4986/7766/1796
f 4985/7601/1686 4989/7766/1834 4987/7798/1833 4988/7800/1835
f 4990/7288/1539 4993/7801/1836 4994/7802/1837 4996/7803/1838
f 4991/7220/1500 4995/7804/1839 4994/7802/1837 4993/7801/1836
f 4992/7805/1157 4996/7803/1838 4994/7802/1837 4995/7806/1839
f 4997/6972/1405 5000/7771/1800 5001/7807/1840 5003/7771/1841
f 4998/6709/1313 5002/7808/1842 5001/7807/1840 5000/7771/1800
f 4999/7533/1653 5003/7771/1841 5001/7807/1840 5002/7809/1842
f 5004/7301/1555 5007/6626/1843 5008/7810/1844 5010/6626/1265
f 5005/7205/1497 5009/7811/1845 5008/7810/1844 5007/6626/1843
f 5006/6627/1136 5010/6626/1265 5008/7810/1844 5009/7812/1845
f 5011/6640/1279 5014/7550/1665 5015/7813/1846 5017/7550/1847
f 5012/6727/1318 5016/7814/1848 5015/7813/1846 5014/7550/1665
f 5013/7577/1673 5017/7550/1847 5015/7813/1846 5016/7814/1848
f 5018/7277/1524 5021/7815/1849 5022/7816/1850 5024/6893/1387
f 5019/7193/1493 5023/7817/1851 5022/7816/1850 5021/7815/1849
f 5020/6894/1202 5024/6893/1387 5022/7816/1850 5023/7818/1851
f 5025/7516/1609 5029/7819/1852 5030/7672/1853 5033/7820/1854
f 5026/7247/1510 5031/7672/1855 5030/7672/1853 5029/7821/1852
f 5027/7194/1494 5032/7822/1856 5030/7668/1853 5031/7823/1855
f 5028/7459/1591 5033/7824/1854 5030/7825/1853 5032/7822/1856
f 5034/6750/1329 5038/7618/1857 5039/7618/1858 5042/7826/1859
f 5035/7827/1860 5040/7828/1861 5039/7614/1858 5038/7829/1857
f 5036/7517/1606 5041/7830/1862 5039/7831/1858 5040/7832/1861
f 5037/7462/1594 5042/7833/1859 5039/7618/1858 5041/7834/1862
f 5043/6548/1208 5046/6548/1863 5047/7835/1864 5049/6662/1865
f 5044/7518/1645 5048/7836/1866 5047/7835/1864 5046/6548/1863
f 5045/7837/1461 5049/6662/1865 5047/7835/1864 5048/7836/1866
f 5050/7286/1538 5053/7286/1867 5054/7838/1864 5056/6990/1868
f 5051/7464/1607 5055/7839/1866 5054/7838/1864 5053/7286/1867
f 5052/7120/1461 5056/6990/1868 5054/7838/1864 5055/7840/1866
f 5057/7287/1537 5060/7734/1869 5061/7841/1870 5063/7842/1871
f 5058/7592/1681 5062/7843/1872 5061/7841/1870 5060/7734/1869
f 5059/7465/1608 5063/7842/1871 5061/7841/1870 5062/7844/1872
f 5064/6790/1343 5068/7845/1856 5069/7625/1853 5072/7625/1855
f 5065/7469/1591 5070/7846/1854 5069/7847/1853 5068/7845/1856
f 5066/7466/1609 5071/7848/1852 5069/7627/1853 5070/7849/1854
f 5067/7591/1680 5072/7627/1855 5069/7627/1853 5071/7850/1852
f 5073/7271/1519 5076/7698/1873 5077/7851/1874 5079/7852/1875
f 5074/7157/1487 5078/7853/1876 5077/7851/1874 5076/7698/1873
f 5075/7519/1618 5079/7852/1875 5077/7851/1874 5078/7854/1876
f 5080/7272/1520 5083/7269/1877 5084/7855/1878 5086/7695/1879
f 5081/7522/1646 5085/7856/1880 5084/7855/1878 5083/7269/1877
f 5082/6828/1361 5086/7695/1879 5084/7855/1878 5085/7856/1880
f 5087/7595/1685 5090/7857/1876 5091/7858/1874 5093/7748/1881
f 5088/7477/1618 5092/7859/1882 5091/7858/1874 5090/7857/1876
f 5089/7295/1548 5093/7748/1881 5091/7858/1874 5092/7859/1882
f 5094/7594/1684 5098/7646/1883 5099/7860/1884 5102/7861/1885
f 5095/6834/1367 5100/7862/1886 5099/7860/1884 5098/7646/1883
f 5096/7473/1614 5101/7863/1887 5099/7860/1884 5100/7864/1886
f 5097/7478/1619 5102/7861/1885 5099/7860/1884 5101/7863/1887
f 5103/7520/1619 5107/7865/1888 5108/7866/1884 5111/7867/1887
f 5104/7156/1486 5109/7656/1883 5108/7866/1884 5107/7865/1888
f 5105/7151/1367 5110/7868/1889 5108/7866/1884 5109/7656/1883
f 5106/7479/1614 5111/7867/1887 5108/7866/1884 5110/7868/1889
f 5112/7482/1613 5116/7869/1890 5117/7870/1891 5120/7871/1892
f 5113/6568/1224 5118/7642/1893 5117/7870/1891 5116/7872/1890
f 5114/6829/1362 5119/7873/1894 5117/7870/1891 5118/7642/1893
f 5115/7521/1616 5120/7871/1892 5117/7870/1891 5119/7874/1894
f 5121/6836/1366 5124/7763/1895 5125/7875/1896 5127/7876/1897
f 5122/7007/1425 5126/7007/1898 5125/7875/1896 5124/7763/1895
f 5123/7474/1615 5127/7877/1897 5125/7875/1896 5126/7007/1898
f 5128/7281/1425 5131/7281/1899 5132/7878/1896 5134/7555/1900
f 5129/7480/1615 5133/7879/1897 5132/7878/1896 5131/7281/1899
f 5130/7153/1483 5134/7555/1900 5132/7878/1896 5133/7880/1897
f 5135/7282/1530 5138/7724/1901 5139/7881/1902 5141/7282/1903
f 5136/6567/1225 5140/7882/1904 5139/7881/1902 5138/7724/1901
f 5137/7481/1620 5141/7282/1903 5139/7881/1902 5140/7883/1904
f 5142/7292/1541 5145/7745/1905 5146/7884/1906 5148/7885/1907
f 5143/7145/1479 5147/7886/1908 5146/7884/1906 5145/7745/1905
f 5144/7483/1621 5148/7885/1907 5146/7884/1906 5147/7886/1908
f 5149/7587/1501 5152/7743/1909 5153/7887/1910 5155/7888/1911
f 5150/7291/1545 5154/7291/1912 5153/7887/1910 5152/7743/1909
f 5151/7486/1624 5155/7888/1911 5153/7887/1910 5154/7291/1912
f 5156/7542/1479 5159/7889/1908 5160/7890/1906 5162/7891/1905
f 5157/7493/1630 5161/7892/1907 5160/7890/1906 5159/7893/1908
f 5158/7289/1541 5162/7891/1905 5160/7890/1906 5161/7892/1907
f 5163/7544/1662 5167/7639/1913 5168/7894/1914 5171/7895/1915
f 5164/7576/1672 5169/7896/1916 5168/7894/1914 5167/7639/1913
f 5165/7489/1627 5170/7897/1917 5168/7894/1914 5169/7896/1916
f 5166/7494/1622 5171/7898/1915 5168/7894/1914 5170/7897/1917
f 5172/7484/1622 5176/7899/1915 5177/7900/1914 5180/7901/1917
f 5173/7144/1478 5178/7660/1918 5177/7900/1914 5176/7902/1915
f 5174/7141/1475 5179/7903/1916 5177/7900/1914 5178/7660/1918
f 5175/7495/1627 5180/7901/1917 5177/7900/1914 5179/7903/1916
f 5181/6600/1247 5185/7635/1919 5186/7904/1920 5189/7905/1921
f 5182/7585/1677 5187/7906/1922 5186/7904/1920 5185/7635/1919
f 5183/7485/1623 5188/7907/1923 5186/7904/1920 5187/7908/1922
f 5184/7498/1626 5189/7905/1921 5186/7904/1920 5188/7907/1923
f 5190/7575/1474 5193/7768/1924 5194/7909/1925 5196/7910/1926
f 5191/6971/1407 5195/6971/1927 5194/7909/1925 5193/7768/1924
f 5192/7490/1628 5196/7910/1926 5194/7909/1925 5195/6971/1927
f 5197/7274/1407 5200/7274/1928 5201/7911/1925 5203/7782/1924
f 5198/7496/1628 5202/7912/1926 5201/7911/1925 5200/7274/1928
f 5199/7140/1474 5203/7782/1924 5201/7911/1925 5202/7912/1926
f 5204/7276/1523 5207/7709/1929 5208/7913/1930 5210/7276/1931
f 5205/6601/1248 5209/7914/1932 5208/7913/1930 5207/7709/1929
f 5206/7497/1631 5210/7276/1931 5208/7913/1930 5209/7914/1932
f 5211/7300/1553 5214/7755/1933 5215/7915/1934 5217/7916/1935
f 5212/7134/1471 5216/7917/1936 5215/7915/1934 5214/7755/1933
f 5213/7499/1632 5217/7916/1935 5215/7915/1934 5216/7917/1936
f 5218/7299/1554 5221/7299/1937 5222/7918/1938 5224/7753/1939
f 5219/7502/1635 5223/7919/1940 5222/7918/1938 5221/7299/1937
f 5220/6876/1382 5224/7753/1939 5222/7918/1938 5223/7920/1940
f 5225/6873/1379 5228/7921/1936 5229/7922/1934 5231/7757/1933
f 5226/7509/1641 5230/7923/1941 5229/7922/1934 5228/7924/1936
f 5227/7303/1553 5231/7757/1933 5229/7922/1934 5230/7923/1941
f 5232/6872/1378 5236/7633/1942 5237/7925/1943 5240/7926/1944
f 5233/7531/1468 5238/7927/1945 5237/7925/1943 5236/7633/1942
f 5234/7505/1638 5239/7928/1946 5237/7925/1943 5238/7929/1945
f 5235/7510/1633 5240/7926/1944 5237/7925/1943 5239/7928/1946
f 5241/7500/1633 5245/7930/1944 5246/7931/1947 5249/7932/1948
f 5242/7136/1378 5247/7664/1942 5246/7931/1947 5245/7930/1944
f 5243/7133/1468 5248/7933/1949 5246/7931/1947 5247/7664/1942
f 5244/7511/1638 5249/7932/1948 5246/7931/1947 5248/7933/1949
f 5250/6631/1269 5254/7628/1950 5255/7934/1951 5258/7935/1952
f 5251/6877/1383 5256/7936/1953 5255/7934/1951 5254/7630/1950
f 5252/7501/1634 5257/7937/1954 5255/7934/1951 5256/7938/1953
f 5253/7514/1637 5258/7939/1952 5255/7934/1951 5257/7937/1954
f 5259/7530/1652 5262/7551/1955 5263/7940/1956 5265/7941/1957
f 5260/6639/1281 5264/7942/1958 5263/7940/1956 5262/7551/1955
f 5261/7506/1639 5265/7941/1957 5263/7940/1956 5264/7942/1958
f 5266/6961/1401 5269/7943/1958 5270/7944/1956 5272/6566/1959
f 5267/7512/1642 5271/7945/1957 5270/7944/1956 5269/7943/1958
f 5268/7132/1467 5272/6566/1959 5270/7944/1956 5271/7945/1957
f 5273/6629/1270 5276/7946/1960 5277/7947/1961 5279/7948/1962
f 5274/7513/1643 5278/6962/1963 5277/7947/1961 5276/7949/1960
f 5275/6963/1280 5279/7700/1962 5277/7947/1961 5278/6962/1963
f 5280/7285/1533 5283/7729/1964 5284/7950/1965 5286/7951/1966
f 5281/7527/1330 5285/7952/1967 5284/7950/1965 5283/7953/1964
f 5282/7467/1610 5286/7951/1966 5284/7950/1965 5285/7952/1967
f 5287/6789/1342 5290/7728/1968 5291/7954/1969 5293/7955/1970
f 5288/7283/1534 5292/7283/1971 5291/7954/1969 5290/7956/1968
f 5289/7470/1611 5293/7955/1970 5291/7954/1969 5292/7283/1971
f 5294/6751/1330 5297/7957/1967 5298/7958/1965 5300/7959/1972
f 5295/7461/1593 5299/7960/1973 5298/7958/1965 5297/7957/1967
f 5296/7279/1526 5300/7715/1972 5298/7958/1965 5299/7960/1973
f 5301/7463/1606 5305/7961/1862 5306/7962/1974 5309/7963/1861
f 5302/7468/1594 5307/7964/1859 5306/7650/1974 5305/7965/1862
f 5303/7526/1649 5308/7650/1975 5306/7650/1974 5307/7966/1859
f 5304/7121/1462 5309/7963/1861 5306/7654/1974 5308/7654/1975
f 5310/6550/1207 5313/6661/1976 5314/7967/1870 5316/6549/1871
f 5311/7248/1511 5315/7968/1872 5314/7967/1870 5313/6661/1976
f 5312/7515/1644 5316/6550/1871 5314/7967/1870 5315/7969/1872
f 5317/7293/1549 5320/7293/1877 5321/7970/1977 5323/7057/1978
f 5318/7476/1617 5322/7971/1880 5321/7970/1977 5320/7972/1877
f 5319/7233/1361 5323/7057/1978 5321/7970/1977 5322/7971/1880
f 5324/7475/1616 5328/7973/1979 5329/7974/1891 5332/7975/1894
f 5325/7472/1613 5330/7976/1890 5329/7974/1891 5328/7973/1979
f 5326/7603/1688 5331/7677/1980 5329/7974/1891 5330/7977/1890
f 5327/7234/1506 5332/7978/1894 5329/7974/1891 5331/7677/1980
f 5333/7009/1424 5336/7766/1981 5337/7979/1982 5339/7009/1903
f 5334/7604/1225 5338/7980/1983 5337/7979/1982 5336/7766/1981
f 5335/7471/1612 5339/7009/1903 5337/7979/1982 5338/7981/1983
f 5340/7290/1542 5343/7288/1912 5344/7982/1984 5346/7803/1985
f 5341/7492/1629 5345/7983/1911 5344/7982/1984 5343/7288/1912
f 5342/7221/1501 5346/7803/1985 5344/7982/1984 5345/7984/1911
f 5347/7491/1623 5351/7985/1923 5352/7986/1920 5355/7987/1922
f 5348/7488/1626 5353/7988/1921 5352/7986/1920 5351/7985/1923
f 5349/7535/1655 5354/7683/1919 5352/7986/1920 5353/7988/1921
f 5350/7222/1502 5355/7987/1922 5352/7986/1920 5354/7683/1919
f 5356/6973/1406 5359/7771/1986 5360/7989/1930 5362/7990/1931
f 5357/7536/1656 5361/7991/1932 5360/7989/1930 5359/7771/1986
f 5358/7487/1625 5362/6973/1931 5360/7989/1930 5361/7991/1932
f 5363/7304/1554 5366/7304/1987 5367/7992/1938 5369/6626/1939
f 5364/7508/1640 5368/7993/1988 5367/7992/1938 5366/7994/1987
f 5365/7206/1382 5369/6626/1939 5367/7992/1938 5368/7995/1988
f 5370/7507/1634 5374/7996/1954 5375/7997/1951 5378/7998/1953
f 5371/7504/1637 5376/7999/1952 5375/7997/1951 5374/7996/1954
f 5372/7579/1269 5377/7688/1989 5375/7997/1951 5376/8000/1952
f 5373/7207/1383 5378/8001/1953 5375/7997/1951 5377/7688/1989
f 5379/6641/1280 5382/7550/1990 5383/8002/1961 5385/6640/1991
f 5380/7580/1270 5384/8003/1992 5383/8002/1961 5382/7550/1990
f 5381/7503/1636 5385/6641/1991 5383/8002/1961 5384/8003/1992
f 5386/7277/1527 5389/8004/1971 5390/8005/1969 5392/8006/1993
f 5387/7460/1592 5391/8007/1970 5390/8005/1969 5389/8004/1971
f 5388/7193/1342 5392/8008/1993 5390/8005/1969 5391/8009/1970
f 5275/6963/1280 4830/6962/1400 4831/7700/1736 5279/7948/1962
f 5279/7948/1962 4831/7700/1736 4829/6629/1267 5273/6629/1270
f 6099/8010/1293 4851/6662/1296 4850/7720/1755 4849/8011/1390
f 4711/6898/1391 4849/6897/1390 4847/7718/1754 4705/7613/1691
f 6108/8012/1412 4869/7063/1446 4868/7733/1768 4867/8013/1413
f 4919/6990/1414 4867/6989/1413 4865/7287/1536 4913/7286/1535
f 4875/8014/1778 4996/7803/1838 4992/7805/1157 6111/8015/1779
f 4869/7063/1446 4718/7062/1445 4714/7590/1679 4866/7589/1678
f 4920/7270/1518 4823/7269/1517 4828/7695/1734 4923/7698/1735
f 4491/7198/1994 4626/8016/1995 4562/8017/1996 4690/8018/1997 4426/7398/1998 6117/8019/1443 4978/7058/1170
f 4888/7752/1786 4757/7645/1709 4754/7594/1683 4883/7593/1682
f 4721/6874/1380 5251/6877/1383 5254/7628/1950 4725/7628/1698
f 4725/7628/1698 5254/7628/1950 5250/6631/1269 4719/6630/1268
f 6087/8020/1232 4828/7695/1734 4826/7696/1733 4827/8021/1663
f 4753/7546/1664 4827/7545/1663 4824/6827/1360 4747/6826/1359
f 6126/8022/1419 4905/7763/1797 4904/7762/1794 4903/8023/1420
f 4759/7002/1421 4903/7001/1420 4901/6835/1365 4756/6834/1364
f 6102/8024/1429 4857/7040/1432 4856/7723/1757 4855/8025/1667
f 4933/7555/1668 4855/7554/1667 4853/7282/1529 4927/7281/1528
f 6126/8026/1419 4755/6999/1418 4749/6584/1430 6102/8027/1429
f 4857/7040/1432 4752/7039/1431 4748/6568/1223 4854/6567/1222
f 4934/7292/1544 4877/7291/1543 4882/7743/1782 4937/7745/1783
f 4407/7316/1999 4604/8028/2000 4540/7320/2001 4668/8029/2002 4462/6800/2003 4935/7747/1311 6114/8030/1250
f 4498/7237/2004 4628/7348/2005 4564/7347/2006 4692/7346/2007 4408/7381/2008 6111/8031/1779 4992/7805/1157
f 4876/7740/1777 4743/7638/1704 4740/7543/1661 4871/7542/1660
f 5067/7591/1680 4714/7590/1679 4717/7627/1696 5072/7627/1855
f 5072/7625/1855 4717/7625/1696 4713/6787/1340 5064/6790/1343
f 6114/8032/1250 4882/7743/1782 4880/7744/1781 4881/8033/1251
f 4739/6603/1252 4881/6602/1251 4878/7586/1676 4733/7585/1675
f 6129/8034/1345 4911/7768/1801 4910/7767/1798 4909/8035/1346
f 4745/6794/1347 4909/6793/1346 4907/7574/1671 4742/7573/1670
f 6093/8036/1415 4839/6998/1417 4838/7708/1744 4837/8037/1743
f 4947/7782/1816 4837/8038/1743 4835/7275/1522 4941/7274/1521
f 6129/6551/1345 4741/6791/1344 4735/6597/1249 6093/6552/1415
f 4839/6998/1417 4738/6997/1416 4734/6599/1246 4836/6598/1245
f 4948/7300/1552 4889/7299/1551 4894/7753/1789 4951/7755/1790
f 4505/7210/2010 4630/8043/2011 4566/8044/2012 4694/8045/2013 4390/7388/2014 6123/8046/1266 5006/6627/1136
f 4900/7759/1793 4729/7761/1699 4726/6871/1377 4895/6870/1376
f 4860/7283/1531 5288/7283/1534 5290/7728/1968 4864/7728/1765
f 4864/7728/1765 5290/7728/1968 5287/6789/1342 4859/6788/1341
f 6120/8047/1277 4894/7753/1789 4892/7754/1788 4893/8048/1448
f 4724/7065/1449 4893/7064/1448 4890/6875/1381 4721/6874/1380
f 6084/8049/1438 4821/7551/1666 4820/7692/1730 4819/8050/1439
f 4731/7051/1440 4819/7050/1439 4817/7529/1651 4728/7528/1650
f 6090/8051/1219 4834/8052/1690 4832/7701/1737 4833/8053/1220
f 4961/6566/1221 4833/6565/1220 4830/6962/1400 4955/6961/1399
f 4943/7714/1147 6093/8054/1415 4837/8038/1743 4947/7782/1816
f 4834/7612/1690 4722/7611/1689 4719/6630/1268 4829/6629/1267
f 4962/7284/1532 4860/7283/1531 4863/7728/1767 4965/7729/1766
f 4371/7096/2015 4608/8055/2016 4544/8056/2017 4672/8057/2018 4476/7263/2019 4963/7731/1325 6105/8058/1657
f 4512/7177/2020 4632/8059/2021 4568/8060/2022 4696/8061/2023 4372/7392/2024 6096/8062/1388 5020/6894/1202
f 4846/7717/1753 4710/7616/1694 4706/6749/1328 4841/6748/1327
f 6105/8063/1657 4863/7728/1767 4862/7727/1764 4861/8064/1658
f 4715/7540/1659 4861/7539/1658 4859/6788/1341 4713/6787/1340
f 5181/6600/1247 4734/6599/1246 4736/7635/1702 5185/7635/1919
f 5185/7635/1919 4736/7635/1702 4733/7585/1675 5182/7585/1677
f 4761/7525/1648 4964/7524/1647 4967/7792/1826 4764/7648/1712
f 4764/7648/1712 4967/7792/1826 4963/6743/1325 4762/6742/1324
f 4956/7131/1466 4782/7130/1465 4788/7665/1720 4960/7789/1823
f 4960/7789/1823 4788/7665/1720 4784/5574/1129 4957/5573/1128
f 4783/7135/1470 4950/7134/1469 4953/7787/1820 4787/7666/1721
f 4787/7666/1721 4953/7787/1820 4949/6721/1276 4784/5574/1129
f 4942/7139/1473 4775/7138/1472 4781/7661/1718 4946/7784/1817
f 4946/7784/1817 4781/7661/1718 4777/5604/1148 4943/5603/1147
f 4776/7143/1477 4936/7142/1476 4939/7781/1813 4780/7662/1719
f 4780/7662/1719 4939/7781/1813 4935/6704/1311 4777/5604/1148
f 4928/7152/1482 4768/7151/1481 4774/7657/1715 4932/7778/1810
f 4932/7778/1810 4774/7657/1715 4770/6679/1304 4929/7226/1503
f 4769/7155/1485 4922/7154/1484 4925/7776/1807 4773/7658/1716
f 4773/7658/1716 4925/7776/1807 4921/6680/1231 4770/6679/1304
f 4914/7120/1460 4763/7119/1459 4766/8065/1714 4918/8066/1804
f 4918/8066/1804 4766/8065/1714 4762/7244/1324 4915/7243/1411
f 4440/7390/2025 4689/8067/2026 4561/8068/2027 4625/8069/2028 4485/6980/2029 4970/6660/1294 6099/8070/1293
f 4851/6662/1296 4972/6661/1295 4969/6549/1206 4848/6548/1205
f 4884/7294/1547 4976/7293/1546 4982/7057/1442 4887/7056/1441
f 6117/8071/1443 4888/7752/1786 4886/7749/1785 4887/8072/1441
f 4877/7291/1543 5150/7291/1545 5152/7743/1909 4879/7743/1780
f 4879/7743/1780 5152/7743/1909 5149/7587/1501 4878/7586/1676
f 4422/7379/2030 4691/7335/2031 4563/7334/2032 4627/7333/2033 4492/7071/2034 4984/7765/1586 6126/8073/1419
f 4905/7763/1797 4986/7766/1796 4983/7008/1423 4902/7007/1422
f 4872/7289/1540 4990/7288/1539 4996/7803/1838 4875/8014/1778
f 6111/8074/1779 4876/7740/1777 4874/7739/1776 4875/8075/1778
f 5034/6750/1329 4706/6749/1328 4708/7618/1692 5038/7618/1857
f 5038/7829/1857 4708/7614/1692 4705/7613/1691 5035/7827/1860
f 4404/7385/2035 4693/7429/2036 4565/7428/2037 4629/7427/2038 4499/7027/2039 4998/7770/1313 6129/8076/1345
f 4911/7768/1801 5000/7771/1800 4997/6972/1405 4908/6971/1404
f 4896/7302/1556 5004/7301/1555 5010/6626/1265 4899/6625/1264
f 6123/8077/1266 4900/7759/1793 4898/7758/1792 4899/8078/1264
f 4848/6548/1205 5043/6548/1208 5049/6662/1865 4852/6662/1756
f 4852/6662/1756 5049/6662/1865 5045/7837/1461 4847/7718/1754
f 4386/7396/2040 4695/8079/2041 4567/6578/2042 4631/8080/2043 4506/6760/2044 5012/7549/1318 6084/8081/1438
f 4821/7551/1666 5014/7550/1665 5011/6640/1279 4818/6639/1278
f 4842/7278/1525 5018/7277/1524 5024/6893/1387 4845/6892/1386
f 6096/8082/1388 4846/7717/1753 4844/7716/1752 4845/8083/1386
f 5019/7193/1493 4789/7192/1492 4795/7673/1722 5023/8084/1851
f 5023/8084/1851 4795/7673/1722 4791/6543/1203 5020/6542/1202
f 4810/7578/1674 5013/7577/1673 5016/7814/1848 4813/7687/1728
f 4813/7687/1728 5016/7814/1848 5012/6727/1318 4811/5586/1137
f 5005/7205/1497 4812/7204/1496 4815/7689/1729 5009/8085/1845
f 5009/8085/1845 4815/7689/1729 4811/5586/1137 5006/5585/1136
f 4803/7534/1654 4999/7533/1653 5002/8086/1842 4806/7681/1726
f 4806/7681/1726 5002/8086/1842 4998/6709/1313 4804/5616/1158
f 4991/7220/1500 4805/7219/1499 4808/7686/1727 4995/8087/1839
f 4995/8087/1839 4808/7686/1727 4804/5616/1158 4992/5615/1157
f 4796/7602/1687 4985/7601/1686 4988/7800/1835 4799/7676/1724
f 4799/7676/1724 4988/7800/1835 4984/7437/1586 4797/5645/1171
f 4977/7232/1505 4798/7231/1504 4801/8088/1725 4981/7796/1832
f 4981/7796/1832 4801/8088/1725 4797/5645/1171 4978/5644/1170
f 4790/7246/1509 4971/7245/1508 4974/7794/1829 4794/8089/1723
f 4794/8089/1723 4974/7794/1829 4970/7364/1294 4791/7363/1203
f 5028/7459/1591 5037/7462/1594 5041/7834/1862 5033/7824/1854
f 5033/7820/1854 5041/7830/1862 5036/7517/1606 5025/7516/1609
f 5035/7827/1860 5045/7837/1461 5048/7836/1866 5040/8090/1861
f 5040/8090/1861 5048/7836/1866 5044/7518/1645 5036/7517/1606
f 5050/7286/1538 5057/7287/1537 5063/7842/1871 5053/7286/1867
f 5053/7286/1867 5063/7842/1871 5059/7465/1608 5051/7464/1607
f 5058/7592/1681 5067/7591/1680 5071/8091/1852 5062/8092/1872
f 5062/8092/1872 5071/8091/1852 5066/7466/1609 5059/7465/1608
f 5075/7519/1618 5081/7522/1646 5083/7269/1877 5079/7852/1875
f 5079/7852/1875 5083/7269/1877 5080/7272/1520 5073/7271/1519
f 5087/7595/1685 5094/7594/1684 5102/7861/1885 5090/7857/1876
f 5090/7857/1876 5102/7861/1885 5097/7478/1619 5088/7477/1618
f 5106/7479/1614 5112/7482/1613 5120/7871/1892 5111/7867/1887
f 5111/7867/1887 5120/7871/1892 5115/7521/1616 5103/7520/1619
f 5114/6829/1362 5082/6828/1361 5085/7856/1880 5119/7874/1894
f 5119/7874/1894 5085/7856/1880 5081/7522/1646 5115/7521/1616
f 5095/6834/1367 5121/6836/1366 5127/7877/1897 5100/7862/1886
f 5100/7862/1886 5127/7877/1897 5123/7474/1615 5096/7473/1614
f 5128/7281/1425 5135/7282/1530 5141/7282/1903 5131/7281/1899
f 5131/7281/1899 5141/7282/1903 5137/7481/1620 5129/7480/1615
f 5136/6567/1225 5113/6568/1224 5116/7869/1890 5140/7882/1904
f 5140/7882/1904 5116/7869/1890 5112/7482/1613 5137/7481/1620
f 5144/7483/1621 5151/7486/1624 5154/7291/1912 5148/7885/1907
f 5148/7885/1907 5154/7291/1912 5150/7291/1545 5142/7292/1541
f 5156/7542/1479 5163/7544/1662 5171/7895/1915 5159/7893/1908
f 5159/7893/1908 5171/7895/1915 5166/7494/1622 5157/7493/1630
f 5175/7495/1627 5184/7498/1626 5188/7907/1923 5180/7901/1917
f 5180/7901/1917 5188/7907/1923 5183/7485/1623 5172/7484/1622
f 5182/7585/1677 5149/7587/1501 5155/7888/1911 5187/7906/1922
f 5187/7906/1922 5155/7888/1911 5151/7486/1624 5183/7485/1623
f 5164/7576/1672 5190/7575/1474 5196/7910/1926 5169/7896/1916
f 5169/7896/1916 5196/7910/1926 5192/7490/1628 5165/7489/1627
f 5197/7274/1407 5204/7276/1523 5210/7276/1931 5200/7274/1928
f 5200/7274/1928 5210/7276/1931 5206/7497/1631 5198/7496/1628
f 5205/6601/1248 5181/6600/1247 5189/7905/1921 5209/7914/1932
f 5209/7914/1932 5189/7905/1921 5184/7498/1626 5206/7497/1631
f 5213/7499/1632 5219/7502/1635 5221/7299/1937 5217/7916/1935
f 5217/7916/1935 5221/7299/1937 5218/7299/1554 5211/7300/1553
f 5225/6873/1379 5232/6872/1378 5240/7926/1944 5228/7924/1936
f 5228/7924/1936 5240/7926/1944 5235/7510/1633 5226/7509/1641
f 5244/7511/1638 5253/7514/1637 5257/7937/1954 5249/7932/1948
f 5249/7932/1948 5257/7937/1954 5252/7501/1634 5241/7500/1633
f 5251/6877/1383 5220/6876/1382 5223/7919/1940 5256/7936/1953
f 5256/7936/1953 5223/7919/1940 5219/7502/1635 5252/7501/1634
f 5233/7531/1468 5259/7530/1652 5265/7941/1957 5238/7927/1945
f 5238/7927/1945 5265/7941/1957 5261/7506/1639 5234/7505/1638
f 5266/6961/1401 5275/6963/1280 5278/6962/1963 5269/7943/1958
f 5269/7943/1958 5278/6962/1963 5274/7513/1643 5267/7512/1642
f 5273/6629/1270 5250/6631/1269 5258/7935/1952 5276/7949/1960
f 5276/7949/1960 5258/7935/1952 5253/7514/1637 5274/7513/1643
f 5282/7467/1610 5289/7470/1611 5292/7283/1971 5286/7951/1966
f 5286/7951/1966 5292/7283/1971 5288/7283/1534 5280/7285/1533
f 5294/6751/1330 5034/6750/1329 5042/7826/1859 5297/7957/1967
f 5297/7957/1967 5042/7826/1859 5037/7462/1594 5295/7461/1593
f 5064/6790/1343 5287/6789/1342 5293/7955/1970 5068/7845/1856
f 5068/7845/1856 5293/7955/1970 5289/7470/1611 5065/7469/1591
f 5065/7469/1591 5302/7468/1594 5305/7965/1862 5070/7846/1854
f 5070/7849/1854 5305/7961/1862 5301/7463/1606 5066/7466/1609
f 5302/7468/1594 5282/7467/1610 5285/7952/1967 5307/7966/1859
f 5307/7966/1859 5285/7952/1967 5281/7527/1330 5303/7526/1649
f 5267/7512/1642 5244/7511/1638 5248/7933/1949 5271/7945/1957
f 5271/7945/1957 5248/7933/1949 5243/7133/1468 5268/7132/1467
f 5241/7500/1633 5213/7499/1632 5216/7917/1936 5245/7930/1944
f 5245/7930/1944 5216/7917/1936 5212/7134/1471 5242/7136/1378
f 5198/7496/1628 5175/7495/1627 5179/7903/1916 5202/7912/1926
f 5202/7912/1926 5179/7903/1916 5174/7141/1475 5199/7140/1474
f 5172/7484/1622 5144/7483/1621 5147/7886/1908 5176/7899/1915
f 5176/7899/1915 5147/7886/1908 5143/7145/1479 5173/7144/1478
f 5129/7480/1615 5106/7479/1614 5110/7868/1889 5133/7879/1897
f 5133/7879/1897 5110/7868/1889 5105/7151/1367 5130/7153/1483
f 5103/7520/1619 5075/7519/1618 5078/7854/1876 5107/7865/1888
f 5107/7865/1888 5078/7854/1876 5074/7157/1487 5104/7156/1486
f 5051/7464/1607 5301/7463/1606 5309/7963/1861 5055/7840/1866
f 5055/7840/1866 5309/7963/1861 5304/7121/1462 5052/7120/1461
f 5043/6548/1208 5310/6550/1207 5316/6550/1871 5046/6548/1863
f 5046/6548/1863 5316/6550/1871 5312/7515/1644 5044/7518/1645
f 5088/7477/1618 5318/7476/1617 5320/7293/1877 5092/7859/1882
f 5092/7859/1882 5320/7293/1877 5317/7293/1549 5089/7295/1548
f 5096/7473/1614 5325/7472/1613 5328/7973/1979 5101/7863/1887
f 5101/7863/1887 5328/7973/1979 5324/7475/1616 5097/7478/1619
f 5122/7007/1425 5333/7009/1424 5339/7009/1903 5126/7007/1898
f 5126/7007/1898 5339/7009/1903 5335/7471/1612 5123/7474/1615
f 5157/7493/1630 5341/7492/1629 5343/7288/1912 5161/7892/1907
f 5161/7892/1907 5343/7288/1912 5340/7290/1542 5158/7289/1541
f 5165/7489/1627 5348/7488/1626 5351/7985/1923 5170/7897/1917
f 5170/7897/1917 5351/7985/1923 5347/7491/1623 5166/7494/1622
f 5191/6971/1407 5356/6973/1406 5362/6973/1931 5195/6971/1927
f 5195/6971/1927 5362/6973/1931 5358/7487/1625 5192/7490/1628
f 5226/7509/1641 5364/7508/1640 5366/7304/1987 5230/7923/1941
f 5230/7923/1941 5366/7304/1987 5363/7304/1554 5227/7303/1553
f 5234/7505/1638 5371/7504/1637 5374/7996/1954 5239/7928/1946
f 5239/7928/1946 5374/7996/1954 5370/7507/1634 5235/7510/1633
f 5260/6639/1281 5379/6641/1280 5385/6641/1991 5264/7942/1958
f 5264/7942/1958 5385/6641/1991 5381/7503/1636 5261/7506/1639
f 5295/7461/1593 5387/7460/1592 5389/8004/1971 5299/7960/1973
f 5299/7960/1973 5389/8004/1971 5386/7277/1527 5296/7279/1526
f 5387/7460/1592 5028/7459/1591 5032/7822/1856 5391/8009/1970
f 5391/8009/1970 5032/7822/1856 5027/7194/1494 5388/7193/1342
f 5371/7504/1637 5381/7503/1636 5384/8003/1992 5376/7999/1952
f 5376/7999/1952 5384/8003/1992 5380/7580/1270 5372/7579/1269
f 5364/7508/1640 5370/7507/1634 5378/8093/1953 5368/7995/1988
f 5368/7995/1988 5378/8093/1953 5373/7207/1383 5365/7206/1382
f 5348/7488/1626 5358/7487/1625 5361/7991/1932 5353/7988/1921
f 5353/7988/1921 5361/7991/1932 5357/7536/1656 5349/7535/1655
f 5341/7492/1629 5347/7491/1623 5355/7987/1922 5345/7984/1911
f 5345/7984/1911 5355/7987/1922 5350/7222/1502 5342/7221/1501
f 5325/7472/1613 5335/7471/1612 5338/8094/1983 5330/7976/1890
f 5330/7976/1890 5338/8094/1983 5334/7604/1225 5326/7603/1688
f 5318/7476/1617 5324/7475/1616 5332/8095/1894 5322/7971/1880
f 5322/7971/1880 5332/8095/1894 5327/7234/1506 5319/7233/1361
f 5025/7516/1609 5312/7515/1644 5315/7969/1872 5029/8096/1852
f 5029/8096/1852 5315/7969/1872 5311/7248/1511 5026/7247/1510
f 4950/7134/1469 5212/7134/1471 5214/7755/1933 4954/7755/1819
f 4954/7755/1819 5214/7755/1933 5211/7300/1553 4948/7300/1552
f 5220/6876/1382 4890/6875/1381 4891/7753/1787 5224/7753/1939
f 5224/7753/1939 4891/7753/1787 4889/7299/1551 5218/7299/1554
f 4883/7593/1682 5087/7595/1685 5093/7748/1881 4885/7748/1784
f 4885/7748/1784 5093/7748/1881 5089/7295/1548 4884/7294/1547
f 5319/7233/1361 4977/7232/1505 4979/7057/1830 5323/7057/1978
f 5323/7057/1978 4979/7057/1830 4976/7293/1546 5317/7293/1549
f 5018/7277/1524 5386/7277/1527 5392/8008/1993 5021/7815/1849
f 5021/7815/1849 5392/8008/1993 5388/7193/1342 5019/7193/1493
f 5026/7247/1510 4790/7246/1509 4792/7672/1696 5031/7672/1855
f 5031/7823/1855 4792/7668/1696 4789/7192/1492 5027/7194/1494
f 4756/6834/1364 5095/6834/1367 5098/7646/1883 4760/7646/1711
f 4760/7646/1711 5098/7646/1883 5094/7594/1684 4754/7594/1683
f 4866/7589/1678 5058/7592/1681 5060/7734/1869 4870/7734/1769
f 4870/7734/1769 5060/7734/1869 5057/7287/1537 4865/7287/1536
f 5052/7120/1461 4914/7120/1460 4916/6990/1802 5056/6990/1868
f 5056/6990/1868 4916/6990/1802 4913/7286/1535 5050/7286/1538
f 4908/6971/1404 5191/6971/1407 5193/7768/1924 4912/7768/1799
f 4912/7768/1799 5193/7768/1924 5190/7575/1474 4907/7574/1671
f 5163/7544/1662 4740/7543/1661 4746/7639/1706 5167/7639/1913
f 5167/7639/1913 4746/7639/1706 4742/7573/1670 5164/7576/1672
f 4941/7274/1521 5197/7274/1407 5203/7782/1924 4944/7782/1814
f 4944/7782/1814 5203/7782/1924 5199/7140/1474 4942/7139/1473
f 5173/7144/1478 4776/7143/1477 4778/7660/1717 5178/7660/1918
f 5178/7660/1918 4778/7660/1717 4775/7138/1472 5174/7141/1475
f 4763/7119/1459 5304/7121/1462 5308/7654/1975 4767/7654/1713
f 4767/7650/1713 5308/7650/1975 5303/7526/1649 4761/7525/1648
f 5280/7285/1533 4962/7284/1532 4968/7729/1825 5283/7729/1964
f 5283/7729/1964 4968/7729/1825 4964/7524/1647 5281/7527/1330
f 4985/7601/1686 5334/7604/1225 5336/7766/1981 4989/7766/1834
f 4989/7766/1834 5336/7766/1981 5333/7009/1424 4983/7008/1423
f 5121/6836/1366 4901/6835/1365 4906/7763/1795 5124/7763/1895
f 5124/7763/1895 4906/7763/1795 4902/7007/1422 5122/7007/1425
f 5142/7292/1541 4934/7292/1544 4940/7745/1812 5145/7745/1905
f 5145/7745/1905 4940/7745/1812 4936/7142/1476 5143/7145/1479
f 4805/7219/1499 5350/7222/1502 5354/7683/1919 4809/7683/1702
f 4809/7683/1702 5354/7683/1919 5349/7535/1655 4803/7534/1654
f 5356/6973/1406 4997/6972/1405 5003/7771/1841 5359/7771/1986
f 5359/7771/1986 5003/7771/1841 4999/7533/1653 5357/7536/1656
f 4895/6870/1376 5225/6873/1379 5231/7757/1933 4897/7757/1791
f 4897/7757/1791 5231/7757/1933 5227/7303/1553 4896/7302/1556
f 5365/7206/1382 5005/7205/1497 5007/6626/1843 5369/6626/1939
f 5369/6626/1939 5007/6626/1843 5004/7301/1555 5363/7304/1554
f 4728/7528/1650 5233/7531/1468 5236/7633/1942 4732/7633/1701
f 4732/7633/1701 5236/7633/1942 5232/6872/1378 4726/6871/1377
f 4836/6598/1245 5205/6601/1248 5207/7709/1929 4840/7709/1745
f 4840/7709/1745 5207/7709/1929 5204/7276/1523 4835/7275/1522
f 4990/7288/1539 5340/7290/1542 5346/7803/1985 4993/7801/1836
f 4993/7801/1836 5346/7803/1985 5342/7221/1501 4991/7220/1500
f 4823/7269/1517 5080/7272/1520 5086/7695/1879 4825/7695/1732
f 4825/7695/1732 5086/7695/1879 5082/6828/1361 4824/6827/1360
f 5113/6568/1224 4748/6568/1223 4750/7642/1707 5118/7642/1893
f 5118/7642/1893 4750/7642/1707 4747/6826/1359 5114/6829/1362
f 5310/6550/1207 4969/6549/1206 4975/6661/1828 5313/6661/1976
f 5313/6661/1976 4975/6661/1828 4971/7245/1508 5311/7248/1511
f 5013/7577/1673 5380/7580/1270 5382/7550/1990 5017/7550/1847
f 5017/7550/1847 5382/7550/1990 5379/6641/1280 5011/6640/1279
f 5259/7530/1652 4817/7529/1651 4822/7551/1731 5262/7551/1955
f 5262/7551/1955 4822/7551/1731 4818/6639/1278 5260/6639/1281
f 4955/6961/1399 5266/6961/1401 5272/6566/1959 4958/6566/1821
f 4958/6566/1821 5272/6566/1959 5268/7132/1467 4956/7131/1466
f 5242/7136/1378 4783/7135/1470 4785/7664/1701 5247/7664/1942
f 5247/7664/1942 4785/7664/1701 4782/7130/1465 5243/7133/1468
f 4812/7204/1496 5373/7207/1383 5377/7688/1989 4816/7688/1698
f 4816/7688/1698 5377/7688/1989 5372/7579/1269 4810/7578/1674
f 4871/7542/1660 5156/7542/1479 5162/7891/1905 4873/7738/1775
f 4873/7738/1775 5162/7891/1905 5158/7289/1541 4872/7289/1540
f 4854/6567/1222 5136/6567/1225 5138/7724/1901 4858/7724/1758
f 4858/7724/1758 5138/7724/1901 5135/7282/1530 4853/7282/1529
f 5130/7153/1483 4928/7152/1482 4930/7555/1808 5134/7555/1900
f 5134/7555/1900 4930/7555/1808 4927/7281/1528 5128/7281/1425
f 5104/7156/1486 4769/7155/1485 4771/7656/1711 5109/7656/1883
f 5109/7656/1883 4771/7656/1711 4768/7151/1481 5105/7151/1367
f 4798/7231/1504 5327/7234/1506 5331/7677/1980 4802/7677/1707
f 4802/7677/1707 5331/7677/1980 5326/7603/1688 4796/7602/1687
f 5296/7279/1526 4842/7278/1525 4843/7715/1751 5300/7715/1972
f 5300/7715/1972 4843/7715/1751 4841/6748/1327 5294/6751/1330
f 5073/7271/1519 4920/7270/1518 4926/7698/1806 5076/7698/1873
f 5076/7698/1873 4926/7698/1806 4922/7154/1484 5074/7157/1487
f 4705/7613/1691 4847/7718/1754 5045/7837/1461 5035/7827/1860
f 4390/7388/2014 4694/8045/2013 4695/8079/2041 4386/7396/2040
f 4694/8045/2013 4566/8044/2012 4567/6578/2042 4695/8079/2041
f 4566/8044/2012 4630/8043/2011 4631/8080/2043 4567/6578/2042
f 4630/8043/2011 4505/7210/2010 4506/6760/2044 4631/8080/2043
f 4485/6980/2029 4625/8069/2028 4632/8059/2021 4512/7177/2020
f 4625/8069/2028 4561/8068/2027 4568/8060/2022 4632/8059/2021
f 4561/8068/2027 4689/8067/2026 4696/8061/2023 4568/8060/2022
f 4689/8067/2026 4440/7390/2025 4372/7392/2024 4696/8061/2023
f 4492/7071/2034 4627/7333/2033 4626/8016/1995 4491/7198/1994
f 4627/7333/2033 4563/7334/2032 4562/8017/1996 4626/8016/1995
f 4563/7334/2032 4691/7335/2031 4690/8018/1997 4562/8017/1996
f 4691/7335/2031 4422/7379/2030 4426/7398/1998 4690/8018/1997
f 4499/7027/2039 4629/7427/2038 4628/7348/2005 4498/7237/2004
f 4629/7427/2038 4565/7428/2037 4564/7347/2006 4628/7348/2005
f 4565/7428/2037 4693/7429/2036 4692/7346/2007 4564/7347/2006
f 4693/7429/2036 4404/7385/2035 4408/7381/2008 4692/7346/2007
f 4462/6800/2003 4668/8029/2002 4669/7710/1747 4463/7416/1746
f 4668/8029/2002 4540/7320/2001 4541/7711/1748 4669/7710/1747
f 4540/7320/2001 4604/8028/2000 4605/7712/1749 4541/7711/1748
f 4604/8028/2000 4407/7316/1999 4403/7310/1750 4605/7712/1749
f 4455/6573/1230 4666/6572/1229 4667/7725/1760 4456/7250/1759
f 4666/6572/1229 4538/6571/1228 4539/6901/1761 4667/7725/1760
f 4538/6571/1228 4602/6570/1227 4603/6900/1762 4539/6901/1761
f 4602/6570/1227 4425/6569/1226 4421/6899/1763 4603/6900/1762
f 4439/7296/1774 4601/7432/1773 4608/8055/2016 4371/7096/2015
f 4601/7432/1773 4537/7736/1772 4544/8056/2017 4608/8055/2016
f 4537/7736/1772 4665/7735/1771 4672/8057/2018 4544/8056/2017
f 4665/7735/1771 4449/7330/1770 4476/7263/2019 4672/8057/2018
f 4385/6860/1742 4607/7705/1741 4606/6633/1272 4389/6632/1271
f 4607/7705/1741 4543/7704/1740 4542/6634/1273 4606/6633/1272
f 4543/7704/1740 4671/7703/1739 4670/6635/1274 4542/6634/1273
f 4671/7703/1739 4470/7260/1738 4469/6636/1275 4670/6635/1274
f 4424/5642/1169 3314/7236/1193 3316/5639/1166 5714/8097/1165
g module3.001_Material.076
usemtl Material.076
f 4429/5666/1177 4428/5667/1177 6177/5667/1177 6176/5666/1177
f 6129/6551/1209 6093/6552/1209 6206/6553/1209 6207/6551/1209
f 5733/6554/1210 5736/6555/1210 6214/6556/1210 6215/6554/1210
f 6087/6583/1234 4749/6584/1234 6194/6584/1234 6255/6583/1234
f 4712/6585/1235 4707/6586/1235 6181/6587/1235 6180/6585/1235
f 6114/6596/1244 4735/6597/1244 6190/6597/1244 6247/6596/1244
f 6184/6611/1254 6241/6612/1254 6240/6613/1254 6185/6614/1254
f 6120/6615/1255 4720/6616/1255 6186/6616/1255 6239/6615/1255
f 5625/6642/1282 5628/6643/1282 6198/6644/1282 6199/6642/1282
f 5736/6645/1283 6099/6646/1283 6211/6647/1283 6214/6645/1283
f 4707/6780/1338 6096/6781/1338 6234/6782/1338 6181/6780/1338
f 4375/6648/1353 4374/6651/1353 6165/6651/1353 6164/6648/1353
f 4396/6619/1373 4397/6618/1373 6150/6618/1373 6151/6619/1373
f 6108/6891/1385 5733/6554/1385 6215/6554/1385 6218/6891/1385
f 4397/6853/1331 4401/6850/1331 6147/6850/1331 6150/6853/1331
f 6192/8039/2009 6257/8040/2009 6256/8041/2009 6193/8042/2009
f 6105/7538/2634 4712/7537/2634 6180/8648/2634 6231/8649/2634
f 6099/7721/2635 6108/7722/2635 6218/7722/2635 6211/8650/2635
f 4437/6769/1373 4436/6667/1373 6138/6667/1373 6131/6769/1373
f 5697/6693/2636 5700/6814/2636 6226/6814/2636 6219/6693/2636
f 4419/6813/2637 4418/6692/2637 6146/6692/2637 6139/6813/2637
f 4741/6791/2638 6111/7742/2638 6250/7742/2638 6187/6791/2638
f 5661/6714/2639 5664/6851/2639 6210/8651/2639 6203/6714/2639
f 4401/6850/2640 4400/6713/2640 6154/8652/2640 6147/6850/2640
f 6084/7693/2641 6090/7694/2641 6202/7694/2641 6195/8653/2641
f 4383/6823/2439 4382/6732/2439 6162/6732/2439 6155/6823/2439
f 5724/6560/1331 4429/6882/1331 6176/5666/1331 6253/6560/1331
f 5688/6920/1331 4411/6588/1331 6172/6588/1331 6245/6920/1331
f 5652/6622/1331 4393/7035/1331 6168/7035/1331 6237/6622/1331
f 5616/6947/1331 4375/6968/1331 6164/6968/1331 6229/6947/1331
f 4755/6999/2642 6117/7751/2642 6258/7751/2642 6191/6999/2642
f 4727/7048/2643 6123/7760/2643 6242/7760/2643 6183/7048/2643
f 4411/6588/2644 4410/6591/2644 6173/8654/2644 6172/6588/2644
f 6188/8655/2645 6249/8656/2645 6248/8657/2645 6189/8658/2645
f 6246/8659/2646 6171/8660/2646 6174/8661/2646 6244/8662/2646
f 6111/6592/2647 6114/6595/2647 6247/6595/2647 6250/6592/2647
f 6123/6621/2648 6120/6624/2648 6239/6624/2648 6242/6621/2648
f 4393/6617/2646 4392/6620/2646 6169/6620/2646 6168/6617/2646
f 4410/6591/2649 5685/6701/2649 6243/6701/2649 6173/6591/2649
f 4392/6620/2650 5649/6719/2650 6235/8663/2650 6169/6620/2650
f 6096/6652/2651 6105/6655/2651 6231/6655/2651 6234/8664/2651
f 5721/6561/2646 5724/6560/2646 6253/6560/2646 6251/6561/2646
f 5685/6594/1353 5688/6593/1353 6245/6593/1353 6243/6594/1353
f 4374/6651/2652 5613/6825/2652 6227/8665/2652 6165/6651/2652
f 6133/8666/2637 6132/8667/2637 6137/8668/2637 6136/8669/2637
f 6209/8670/2653 6208/8671/2653 6205/8672/2653 6204/8673/2653
f 4418/6692/205 4414/6590/205 6143/8674/205 6146/6692/205
f 5649/6623/1177 5652/6622/1177 6237/8675/1177 6235/6623/1177
f 4720/7610/2654 4727/7048/2654 6183/7048/2654 6186/7610/2654
f 6230/8676/1177 6163/8677/1177 6166/8678/1177 6228/8679/1177
f 6149/8680/2439 6148/8681/2439 6153/8682/2439 6152/8683/2439
f 4415/6589/1331 4419/6813/1331 6139/6813/1331 6142/6589/1331
f 6102/8618/2655 5697/8617/2655 6219/6693/2655 6222/8618/2655
f 6213/8684/2656 6212/8685/2656 6217/8686/2656 6216/8687/2656
f 4414/6590/2439 4415/6589/2439 6142/6589/2439 6143/6590/2439
f 4382/6732/205 4378/6887/205 6159/6887/205 6162/6732/205
f 6197/8688/2657 6196/8689/2657 6201/8690/2657 6200/8691/2657
f 4379/6885/1331 4383/6823/1331 6155/6823/1331 6158/6885/1331
f 6182/8692/2658 6233/8693/2658 6232/8694/2658 6179/8695/2658
f 6093/8596/2659 5661/6714/2659 6203/6714/2659 6206/8596/2659
f 6117/6559/2660 6087/6562/2660 6255/6562/2660 6258/6559/2660
f 4378/6650/2637 4379/6649/2637 6158/8696/2637 6159/6650/2637
f 5664/6851/2661 6129/8601/2661 6207/8601/2661 6210/6851/2661
f 4428/7042/2662 5721/7041/2662 6251/7041/2662 6177/7042/2662
f 6254/8697/2644 6175/8698/2644 6178/8699/2644 6252/8700/2644
f 6126/8026/2663 6102/8027/2663 6222/8027/2663 6223/8026/2663
f 4749/6584/2664 4755/6999/2664 6191/6999/2664 6194/6584/2664
f 6225/8701/2665 6224/8702/2665 6221/8703/2665 6220/8704/2665
f 6090/8585/2666 5625/6642/2666 6199/6642/2666 6202/8585/2666
f 5700/6814/2667 6126/8623/2667 6223/8623/2667 6226/6814/2667
f 5628/8579/2668 6084/8578/2668 6195/8705/2668 6198/8706/2668
f 4436/6774/205 4432/6558/205 6135/6558/205 6138/6774/205
f 6238/8707/1353 6167/8708/1353 6170/8709/1353 6236/8710/1353
f 6141/8711/2640 6140/8712/2640 6145/8713/2640 6144/8714/2640
f 4432/6558/2640 4433/6557/2640 6134/8715/2640 6135/6558/2640
f 4735/6597/2669 4741/6791/2669 6187/8716/2669 6190/6597/2669
f 4400/6856/205 4396/6855/205 6151/6855/205 6154/6856/205
f 6157/8717/1373 6156/8718/1373 6161/8719/1373 6160/8720/1373
f 5613/6654/2644 5616/6653/2644 6229/6653/2644 6227/6654/2644
f 6132/8667/2670 6133/8666/2670 6134/6772/2670 6131/6769/2670
f 6136/8669/2671 6137/8668/2671 6138/6774/2671 6135/6558/2671
f 6140/8712/2672 6141/8711/2672 6142/6589/2672 6139/6813/2672
f 6144/8714/2673 6145/8713/2673 6146/6692/2673 6143/8674/2673
f 6148/8681/2674 6149/8680/2674 6150/6853/2674 6147/6850/2674
f 6152/8683/2675 6153/8682/2675 6154/6856/2675 6151/6855/2675
f 6156/8718/2676 6157/8717/2676 6158/6885/2676 6155/6823/2676
f 6160/8720/2677 6161/8719/2677 6162/6732/2677 6159/6887/2677
f 6164/6648/1339 6165/6651/1339 6166/8678/1339 6163/8677/1339
f 6157/8717/2341 6160/8720/2341 6159/6650/2341 6158/8696/2341
f 6155/6823/2438 6162/6732/2438 6161/8719/2438 6156/8718/2438
f 6168/6617/1163 6169/6620/1163 6170/8709/1163 6167/8708/1163
f 6149/8680/2438 6152/8683/2438 6151/6619/2438 6150/6618/2438
f 6147/6850/2678 6154/8652/2678 6153/8682/2678 6148/8681/2678
f 6172/6588/1176 6173/8654/1176 6174/8661/1176 6171/8660/1176
f 6141/8711/2678 6144/8714/2678 6143/6590/2678 6142/6589/2678
f 6139/6813/2679 6146/6692/2679 6145/8713/2679 6140/8712/2679
f 6176/5666/1369 6177/5667/1369 6178/8699/1369 6175/8698/1369
f 6133/8666/2679 6136/8669/2679 6135/6558/2679 6134/8715/2679
f 6131/6769/2341 6138/6667/2341 6137/8668/2341 6132/8667/2341
f 6180/6585/2680 6181/6587/2680 6182/8721/2680 6179/8722/2680
f 6184/6611/2681 6185/6614/2681 6186/7610/2681 6183/7048/2681
f 6188/8655/2682 6189/8658/2682 6190/6597/2682 6187/8716/2682
f 6192/8039/2683 6193/8042/2683 6194/6584/2683 6191/6999/2683
f 6196/8689/2684 6197/8688/2684 6198/8706/2684 6195/8705/2684
f 6200/8691/2685 6201/8690/2685 6202/8585/2685 6199/6642/2685
f 6204/8673/2686 6205/8672/2686 6206/8596/2686 6203/6714/2686
f 6208/8671/2687 6209/8670/2687 6210/6851/2687 6207/8601/2687
f 6212/8685/2688 6213/8684/2688 6214/6645/2688 6211/6647/2688
f 6216/8687/2689 6217/8686/2689 6218/6891/2689 6215/6554/2689
f 6220/8704/2690 6221/8703/2690 6222/8618/2690 6219/6693/2690
f 6224/8702/2691 6225/8701/2691 6226/6814/2691 6223/8623/2691
f 6228/8679/2692 6166/8678/2692 6165/6651/2692 6227/8665/2692
f 6227/6654/1369 6229/6653/1369 6230/8676/1369 6228/8679/1369
f 6229/6947/2693 6164/6968/2693 6163/8677/2693 6230/8676/2693
f 6232/8694/2694 6233/8693/2694 6234/8664/2694 6231/6655/2694
f 6197/8688/2695 6200/8691/2695 6199/6642/2695 6198/6644/2695
f 6195/8653/2696 6202/7694/2696 6201/8690/2696 6196/8689/2696
f 6236/8710/2697 6170/8709/2697 6169/6620/2697 6235/8663/2697
f 6235/6623/1339 6237/8675/1339 6238/8707/1339 6236/8710/1339
f 6237/6622/2698 6168/7035/2698 6167/8708/2698 6238/8707/2698
f 6240/6613/2699 6241/6612/2699 6242/6621/2699 6239/6624/2699
f 6209/8670/2700 6204/8673/2700 6203/6714/2700 6210/8651/2700
f 6207/6551/2701 6206/6553/2701 6205/8672/2701 6208/8671/2701
f 6244/8662/2702 6174/8661/2702 6173/6591/2702 6243/6701/2702
f 6243/6594/1163 6245/6593/1163 6246/8659/1163 6244/8662/1163
f 6245/6920/2703 6172/6588/2703 6171/8660/2703 6246/8659/2703
f 6248/8657/2704 6249/8656/2704 6250/6592/2704 6247/6595/2704
f 6225/8701/2705 6220/8704/2705 6219/6693/2705 6226/6814/2705
f 6223/8026/2706 6222/8027/2706 6221/8703/2706 6224/8702/2706
f 6252/8700/2707 6178/8699/2707 6177/7042/2707 6251/7041/2707
f 6251/6561/1176 6253/6560/1176 6254/8697/1176 6252/8700/1176
f 6253/6560/2708 6176/5666/2708 6175/8698/2708 6254/8697/2708
f 6256/8041/2709 6257/8040/2709 6258/6559/2709 6255/6562/2709
f 6213/8684/2710 6216/8687/2710 6215/6554/2710 6214/6556/2710
f 6211/8650/2711 6218/7722/2711 6217/8686/2711 6212/8685/2711
f 6193/8042/2712 6256/8041/2712 6255/6583/2712 6194/6584/2712
f 6191/6999/2713 6258/7751/2713 6257/8040/2713 6192/8039/2713
f 6233/8693/2714 6182/8692/2714 6181/6780/2714 6234/6782/2714
f 6231/8649/2715 6180/8648/2715 6179/8695/2715 6232/8694/2715
f 6249/8656/2716 6188/8655/2716 6187/6791/2716 6250/7742/2716
f 6247/6596/2717 6190/6597/2717 6189/8658/2717 6248/8657/2717
f 6185/6614/2718 6240/6613/2718 6239/6615/2718 6186/6616/2718
f 6183/7048/2719 6242/7760/2719 6241/6612/2719 6184/6611/2719
f 4433/6772/1331 4437/6769/1331 6131/6769/1331 6134/6772/1331
