# Blender 4.5.1 LTS
# www.blender.org
mtllib module2.mtl
o module2
v -8.856169 -0.212897 -2.041084
v 4.711324 -0.042513 -2.048997
v -8.856169 -0.280189 -2.034582
v 4.711136 -0.141032 -2.038745
v -8.856169 -0.993935 -1.822193
v 4.444229 -0.871464 -1.968906
v -8.856169 -1.053568 -1.790926
v 4.444229 -1.245963 -1.772545
v -8.856169 -1.630129 -1.326768
v 4.444229 -1.574215 -1.508287
v -8.856169 -1.673025 -1.275494
v 4.444229 -1.843604 -1.186287
v -8.856168 -2.024622 -0.630230
v 4.444229 -2.043778 -0.818920
v -8.382597 -2.185431 -0.237205
v 4.108917 -2.185429 -0.237204
v -8.382597 -2.190284 -0.188861
v 4.108917 -2.190283 -0.188860
v -8.856169 -2.110731 0.227387
v 4.711137 -2.114973 0.090885
v -8.856169 -1.894218 0.927540
v 4.444229 -2.043778 0.807404
v -8.856169 -1.862343 0.986037
v 4.444229 -1.843604 1.174771
v -8.856169 -1.389172 1.551616
v 4.444229 -1.574215 1.496770
v -8.856169 -1.336903 1.593695
v 4.444229 -1.245963 1.761028
v -8.856169 -0.679110 1.938596
v 4.444229 -0.871464 1.957390
v -8.856169 -0.614404 1.957851
v 4.711136 -0.141032 2.027229
v -8.382598 0.144143 2.101103
v 4.108916 0.144144 2.101104
v -8.382598 0.193425 2.096341
v 4.108916 0.193427 2.096343
v -8.856169 0.908907 1.810675
v 4.444229 0.786439 1.957389
v -8.856169 0.968540 1.779407
v 4.444229 1.160939 1.761028
v -8.856169 1.545100 1.315248
v 4.444229 1.489190 1.496769
v -8.856169 1.587996 1.263975
v 4.444229 1.758579 1.174770
v -8.353159 2.010186 0.641074
v 4.079477 2.010188 0.641075
v -8.353159 2.030583 0.575114
v 4.079477 2.030585 0.575115
v -8.353159 2.106272 -0.178737
v 4.079477 2.106274 -0.178735
v -8.353159 2.099385 -0.247333
v 4.079477 2.099386 -0.247332
v -8.856169 1.809187 -0.939060
v 4.444229 1.958752 -0.818923
v -8.856169 1.777312 -0.997558
v 4.444229 1.758577 -1.186289
v -8.856169 1.304141 -1.563136
v 4.444229 1.489187 -1.508289
v -8.856169 1.251872 -1.605215
v 4.444229 1.160936 -1.772546
v -8.382598 0.606950 -2.022317
v 4.108916 0.606952 -2.022316
v -8.382598 0.559561 -2.036418
v 4.108916 0.559563 -2.036417
v -7.895276 -0.042515 -2.130655
v -6.250009 -0.042514 -2.130655
v -5.427375 -0.042514 -2.130655
v -3.782108 -0.042514 -2.130655
v -2.959474 -0.042514 -2.130655
v -1.314206 -0.042514 -2.130655
v -0.491573 -0.042513 -2.130655
v 1.153694 -0.042513 -2.130655
v 1.976328 -0.042513 -2.130654
v 3.621595 -0.042513 -2.130654
v 3.621596 -0.465109 -2.089825
v 2.798962 -0.465109 -2.089825
v 1.976328 -0.465109 -2.089825
v 1.153694 -0.465109 -2.089825
v 0.331061 -0.465109 -2.089825
v -0.491573 -0.465109 -2.089825
v -1.314207 -0.465109 -2.089825
v -2.136840 -0.465109 -2.089825
v -2.959474 -0.465110 -2.089825
v -3.782108 -0.465110 -2.089825
v -4.604741 -0.465110 -2.089826
v -5.427375 -0.465110 -2.089826
v -6.250009 -0.465110 -2.089826
v -7.072643 -0.465110 -2.089826
v -7.895276 -0.465110 -2.089826
v 3.621596 -0.871464 -1.968906
v 2.798962 -0.871464 -1.968906
v 1.976328 -0.871464 -1.968906
v 1.153695 -0.871464 -1.968906
v 0.331061 -0.871465 -1.968906
v -0.491573 -0.871465 -1.968906
v -1.314207 -0.871465 -1.968907
v -2.136840 -0.871465 -1.968907
v -2.959474 -0.871465 -1.968907
v -3.782108 -0.871465 -1.968907
v -4.604741 -0.871465 -1.968907
v -5.427375 -0.871465 -1.968907
v -6.250009 -0.871466 -1.968907
v -7.072643 -0.871466 -1.968907
v -7.895276 -0.871466 -1.968907
v 3.621596 -1.245964 -1.772545
v 1.976328 -1.245964 -1.772545
v 1.153695 -1.245964 -1.772545
v -0.491573 -1.245964 -1.772545
v -1.314207 -1.245964 -1.772545
v -2.959474 -1.245965 -1.772545
v -3.782108 -1.245965 -1.772545
v -5.427375 -1.245965 -1.772545
v -6.250009 -1.245965 -1.772545
v -7.895276 -1.245965 -1.772545
v 3.621596 -1.574215 -1.508287
v 2.798962 -1.574215 -1.508287
v 1.976328 -1.574215 -1.508287
v 1.153695 -1.574215 -1.508287
v 0.331061 -1.574216 -1.508287
v -0.491573 -1.574216 -1.508287
v -1.314206 -1.574216 -1.508287
v -2.136840 -1.574216 -1.508287
v -2.959474 -1.574216 -1.508287
v -3.782108 -1.574216 -1.508287
v -4.604741 -1.574216 -1.508287
v -5.427375 -1.574216 -1.508287
v -6.250009 -1.574217 -1.508287
v -7.072643 -1.574217 -1.508287
v -7.895276 -1.574217 -1.508288
v 3.621596 -1.843604 -1.186287
v 2.798962 -1.843604 -1.186287
v 1.976328 -1.843605 -1.186287
v 1.153695 -1.843605 -1.186287
v 0.331061 -1.843605 -1.186287
v -0.491573 -1.843605 -1.186287
v -1.314206 -1.843605 -1.186288
v -2.136840 -1.843605 -1.186288
v -2.959474 -1.843605 -1.186288
v -3.782108 -1.843605 -1.186288
v -4.604741 -1.843606 -1.186288
v -5.427375 -1.843606 -1.186288
v -6.250009 -1.843606 -1.186288
v -7.072642 -1.843606 -1.186288
v -7.895276 -1.843606 -1.186288
v 3.621596 -2.043778 -0.818920
v 1.976328 -2.043779 -0.818921
v 1.153695 -2.043779 -0.818921
v -0.491573 -2.043779 -0.818921
v -1.314206 -2.043779 -0.818921
v -2.959474 -2.043780 -0.818921
v -3.782108 -2.043780 -0.818921
v -5.427375 -2.043780 -0.818921
v -6.250009 -2.043780 -0.818921
v -7.895276 -2.043780 -0.818922
v 3.956908 -2.185429 -0.237203
v 2.798962 -2.167045 -0.420305
v 1.976328 -2.167045 -0.420305
v 1.153695 -2.167045 -0.420305
v 0.331061 -2.167046 -0.420305
v -0.491573 -2.167046 -0.420305
v -1.314206 -2.167046 -0.420305
v -2.136840 -2.167046 -0.420305
v -2.959474 -2.167046 -0.420305
v -3.782108 -2.167046 -0.420306
v -4.604741 -2.167047 -0.420306
v -5.427375 -2.167046 -0.420306
v -6.250009 -2.167046 -0.420306
v -7.072642 -2.167047 -0.420306
v -8.230588 -2.185431 -0.237204
v 3.956908 -2.190283 -0.188860
v 2.798962 -2.208667 -0.005758
v 1.976328 -2.208667 -0.005758
v 1.153695 -2.208668 -0.005759
v 0.331061 -2.208668 -0.005759
v -0.491573 -2.208668 -0.005759
v -1.314206 -2.208668 -0.005759
v -2.136840 -2.208668 -0.005759
v -2.959474 -2.208668 -0.005759
v -3.782108 -2.208668 -0.005759
v -4.604741 -2.208668 -0.005759
v -5.427375 -2.208668 -0.005759
v -6.250009 -2.208668 -0.005759
v -7.072643 -2.208668 -0.005759
v -8.230588 -2.190284 -0.188861
v 3.621596 -2.167045 0.408788
v 1.976328 -2.167045 0.408788
v 1.153695 -2.167046 0.408788
v -0.491573 -2.167046 0.408788
v -1.314206 -2.167046 0.408788
v -2.959474 -2.167047 0.408788
v -3.782108 -2.167047 0.408788
v -5.427375 -2.167047 0.408787
v -6.250009 -2.167047 0.408787
v -7.895276 -2.167047 0.408787
v 3.621596 -2.043778 0.807404
v 2.798962 -2.043778 0.807404
v 1.976328 -2.043779 0.807404
v 1.153695 -2.043779 0.807404
v 0.331061 -2.043779 0.807404
v -0.491573 -2.043779 0.807404
v -1.314207 -2.043779 0.807404
v -2.136840 -2.043780 0.807404
v -2.959474 -2.043780 0.807404
v -3.782108 -2.043780 0.807403
v -4.604741 -2.043780 0.807403
v -5.427375 -2.043780 0.807403
v -6.250009 -2.043780 0.807403
v -7.072643 -2.043780 0.807403
v -7.895276 -2.043780 0.807403
v 3.621596 -1.843604 1.174771
v 2.798962 -1.843604 1.174771
v 1.976328 -1.843605 1.174771
v 1.153694 -1.843605 1.174770
v 0.331061 -1.843605 1.174770
v -0.491573 -1.843605 1.174770
v -1.314207 -1.843605 1.174770
v -2.136840 -1.843605 1.174770
v -2.959474 -1.843605 1.174770
v -3.782108 -1.843605 1.174770
v -4.604741 -1.843606 1.174770
v -5.427375 -1.843606 1.174770
v -6.250009 -1.843606 1.174770
v -7.072643 -1.843606 1.174770
v -7.895276 -1.843606 1.174770
v 3.621595 -1.574215 1.496770
v 1.976328 -1.574215 1.496770
v 1.153694 -1.574215 1.496770
v -0.491573 -1.574216 1.496770
v -1.314207 -1.574216 1.496770
v -2.959474 -1.574216 1.496770
v -3.782108 -1.574216 1.496770
v -5.427375 -1.574216 1.496769
v -6.250009 -1.574217 1.496769
v -7.895276 -1.574217 1.496769
v 3.621595 -1.245963 1.761028
v 2.798962 -1.245964 1.761028
v 1.976328 -1.245964 1.761028
v 1.153694 -1.245964 1.761028
v 0.331061 -1.245964 1.761028
v -0.491573 -1.245964 1.761028
v -1.314207 -1.245964 1.761028
v -2.136841 -1.245964 1.761028
v -2.959474 -1.245964 1.761028
v -3.782108 -1.245965 1.761028
v -4.604742 -1.245965 1.761028
v -5.427375 -1.245965 1.761028
v -6.250009 -1.245965 1.761028
v -7.072643 -1.245965 1.761028
v -7.895276 -1.245965 1.761027
v 3.621595 -0.871464 1.957390
v 2.798962 -0.871464 1.957390
v 1.976328 -0.871464 1.957390
v 1.153694 -0.871464 1.957390
v 0.331061 -0.871464 1.957390
v -0.491573 -0.871464 1.957390
v -1.314207 -0.871464 1.957389
v -2.136841 -0.871465 1.957389
v -2.959474 -0.871465 1.957389
v -3.782108 -0.871465 1.957389
v -4.604742 -0.871465 1.957389
v -5.427375 -0.871465 1.957389
v -6.250009 -0.871465 1.957389
v -7.072643 -0.871465 1.957389
v -7.895276 -0.871466 1.957389
v 3.621595 -0.465108 2.078309
v 1.976328 -0.465108 2.078309
v 1.153694 -0.465108 2.078308
v -0.491573 -0.465109 2.078308
v -1.314207 -0.465109 2.078308
v -2.959474 -0.465109 2.078308
v -3.782108 -0.465109 2.078308
v -5.427375 -0.465109 2.078308
v -6.250009 -0.465110 2.078308
v -7.895276 -0.465110 2.078308
v 3.956908 0.144144 2.101104
v 2.798961 -0.042512 2.119138
v 1.976328 -0.042512 2.119138
v 1.153694 -0.042513 2.119138
v 0.331060 -0.042513 2.119138
v -0.491573 -0.042513 2.119138
v -1.314207 -0.042513 2.119138
v -2.136841 -0.042513 2.119138
v -2.959474 -0.042513 2.119138
v -3.782108 -0.042513 2.119138
v -4.604742 -0.042513 2.119137
v -5.427375 -0.042514 2.119137
v -6.250009 -0.042514 2.119137
v -7.072643 -0.042514 2.119137
v -8.230589 0.144143 2.101103
v 3.956908 0.193427 2.096343
v 2.798961 0.380084 2.078308
v 1.976328 0.380083 2.078308
v 1.153694 0.380083 2.078308
v 0.331060 0.380083 2.078308
v -0.491573 0.380083 2.078308
v -1.314207 0.380083 2.078308
v -2.136841 0.380083 2.078308
v -2.959474 0.380083 2.078308
v -3.782108 0.380083 2.078308
v -4.604742 0.380082 2.078308
v -5.427376 0.380082 2.078308
v -6.250010 0.380082 2.078308
v -7.072643 0.380082 2.078307
v -8.230589 0.193425 2.096341
v 3.621595 0.786439 1.957389
v 1.976328 0.786439 1.957389
v 1.153694 0.786439 1.957389
v -0.491573 0.786439 1.957389
v -1.314207 0.786439 1.957389
v -2.959474 0.786438 1.957389
v -3.782108 0.786438 1.957389
v -5.427376 0.786438 1.957389
v -6.250010 0.786438 1.957389
v -7.895276 0.786438 1.957388
v 3.621595 1.160939 1.761028
v 2.798961 1.160939 1.761028
v 1.976327 1.160939 1.761028
v 1.153694 1.160938 1.761027
v 0.331060 1.160938 1.761027
v -0.491574 1.160938 1.761027
v -1.314207 1.160938 1.761027
v -2.136841 1.160938 1.761027
v -2.959475 1.160938 1.761027
v -3.782108 1.160938 1.761027
v -4.604742 1.160938 1.761027
v -5.427376 1.160937 1.761027
v -6.250010 1.160937 1.761027
v -7.072643 1.160937 1.761027
v -7.895276 1.160937 1.761027
v 3.621595 1.489190 1.496769
v 2.798961 1.489190 1.496769
v 1.976327 1.489190 1.496769
v 1.153694 1.489190 1.496769
v 0.331060 1.489190 1.496769
v -0.491574 1.489190 1.496769
v -1.314207 1.489190 1.496769
v -2.136841 1.489189 1.496769
v -2.959475 1.489189 1.496769
v -3.782108 1.489189 1.496769
v -4.604742 1.489189 1.496769
v -5.427376 1.489189 1.496769
v -6.250010 1.489189 1.496768
v -7.072643 1.489189 1.496768
v -7.895276 1.489189 1.496768
v 3.621595 1.758579 1.174770
v 1.976327 1.758579 1.174770
v 1.153694 1.758579 1.174769
v -0.491574 1.758579 1.174769
v -1.314207 1.758578 1.174769
v -2.959475 1.758578 1.174769
v -3.782108 1.758578 1.174769
v -5.427376 1.758578 1.174769
v -6.250010 1.758578 1.174769
v -7.895276 1.758577 1.174769
v 3.986347 2.010188 0.641075
v 2.798961 1.958753 0.807403
v 1.976327 1.958753 0.807403
v 1.153694 1.958752 0.807403
v 0.331060 1.958752 0.807403
v -0.491574 1.958752 0.807402
v -1.314207 1.958752 0.807402
v -2.136841 1.958752 0.807402
v -2.959475 1.958752 0.807402
v -3.782108 1.958752 0.807402
v -4.604742 1.958751 0.807402
v -5.427376 1.958752 0.807402
v -6.250010 1.958752 0.807402
v -7.072643 1.958751 0.807402
v -8.260028 2.010186 0.641074
v 3.986347 2.030585 0.575115
v 2.798961 2.082019 0.408787
v 1.976327 2.082019 0.408787
v 1.153694 2.082019 0.408786
v 0.331060 2.082018 0.408786
v -0.491574 2.082018 0.408786
v -1.314207 2.082018 0.408786
v -2.136841 2.082018 0.408786
v -2.959475 2.082018 0.408786
v -3.782108 2.082018 0.408786
v -4.604742 2.082018 0.408786
v -5.427376 2.082018 0.408786
v -6.250010 2.082018 0.408786
v -7.072643 2.082018 0.408786
v -8.260028 2.030583 0.575114
v 3.986347 2.106274 -0.178735
v 2.798961 2.123641 -0.005760
v 1.976327 2.123641 -0.005760
v 1.153694 2.123641 -0.005760
v 0.331060 2.123640 -0.005760
v -0.491574 2.123640 -0.005761
v -1.314207 2.123640 -0.005761
v -2.136841 2.123640 -0.005761
v -2.959475 2.123640 -0.005761
v -3.782108 2.123640 -0.005761
v -4.604742 2.123640 -0.005761
v -5.427376 2.123640 -0.005761
v -6.250010 2.123639 -0.005761
v -7.072643 2.123639 -0.005761
v -8.260028 2.106272 -0.178736
v 3.986347 2.099386 -0.247332
v 2.798961 2.082018 -0.420307
v 1.976327 2.082018 -0.420307
v 1.153694 2.082018 -0.420307
v 0.331060 2.082018 -0.420307
v -0.491574 2.082018 -0.420307
v -1.314207 2.082018 -0.420307
v -2.136841 2.082017 -0.420307
v -2.959475 2.082017 -0.420308
v -3.782108 2.082017 -0.420308
v -4.604742 2.082017 -0.420308
v -5.427376 2.082017 -0.420308
v -6.250010 2.082017 -0.420308
v -7.072643 2.082017 -0.420308
v -8.260028 2.099384 -0.247333
v 3.621595 1.958752 -0.818923
v 1.976328 1.958751 -0.818923
v 1.153694 1.958751 -0.818923
v -0.491573 1.958751 -0.818923
v -1.314207 1.958750 -0.818923
v -2.959474 1.958750 -0.818923
v -3.782108 1.958750 -0.818923
v -5.427376 1.958750 -0.818924
v -6.250010 1.958750 -0.818924
v -7.895276 1.958750 -0.818924
v 3.621595 1.758577 -1.186289
v 2.798961 1.758577 -1.186290
v 1.976328 1.758577 -1.186290
v 1.153694 1.758576 -1.186290
v 0.331060 1.758576 -1.186290
v -0.491573 1.758576 -1.186290
v -1.314207 1.758576 -1.186290
v -2.136841 1.758576 -1.186290
v -2.959474 1.758576 -1.186290
v -3.782108 1.758576 -1.186290
v -4.604742 1.758575 -1.186290
v -5.427376 1.758575 -1.186290
v -6.250010 1.758575 -1.186290
v -7.072643 1.758575 -1.186290
v -7.895276 1.758575 -1.186290
v 3.621595 1.489187 -1.508289
v 2.798961 1.489187 -1.508289
v 1.976328 1.489187 -1.508289
v 1.153694 1.489187 -1.508289
v 0.331060 1.489187 -1.508289
v -0.491573 1.489187 -1.508289
v -1.314207 1.489186 -1.508289
v -2.136841 1.489186 -1.508289
v -2.959474 1.489186 -1.508289
v -3.782108 1.489186 -1.508289
v -4.604742 1.489186 -1.508289
v -5.427375 1.489186 -1.508289
v -6.250009 1.489186 -1.508289
v -7.072643 1.489186 -1.508289
v -7.895276 1.489185 -1.508289
v 3.621595 1.160935 -1.772546
v 1.976328 1.160935 -1.772547
v 1.153694 1.160935 -1.772547
v -0.491573 1.160935 -1.772547
v -1.314207 1.160935 -1.772547
v -2.959474 1.160934 -1.772547
v -3.782108 1.160934 -1.772547
v -5.427375 1.160934 -1.772547
v -6.250009 1.160934 -1.772547
v -7.895276 1.160933 -1.772547
v 3.956908 0.606952 -2.022316
v 2.798962 0.786435 -1.968907
v 1.976328 0.786435 -1.968907
v 1.153694 0.786435 -1.968908
v 0.331060 0.786435 -1.968908
v -0.491573 0.786435 -1.968908
v -1.314207 0.786435 -1.968908
v -2.136841 0.786435 -1.968908
v -2.959474 0.786434 -1.968908
v -3.782108 0.786434 -1.968908
v -4.604742 0.786434 -1.968908
v -5.427375 0.786434 -1.968908
v -6.250009 0.786434 -1.968908
v -7.072643 0.786434 -1.968908
v -8.230589 0.606950 -2.022317
v 3.956908 0.559563 -2.036417
v 2.798962 0.380079 -2.089826
v 1.976328 0.380079 -2.089826
v 1.153694 0.380079 -2.089826
v 0.331061 0.380079 -2.089826
v -0.491573 0.380079 -2.089826
v -1.314207 0.380079 -2.089826
v -2.136841 0.380079 -2.089826
v -2.959474 0.380079 -2.089826
v -3.782108 0.380078 -2.089826
v -4.604742 0.380078 -2.089826
v -5.427375 0.380078 -2.089826
v -6.250009 0.380078 -2.089826
v -7.072643 0.380078 -2.089827
v -8.230589 0.559561 -2.036418
v -7.072643 -0.042515 -2.295767
v -4.604741 -0.042514 -2.295767
v -2.136840 -0.042514 -2.295767
v 2.798962 -0.042513 -2.295766
v 2.798962 -1.339476 -1.909830
v 0.331061 -1.339477 -1.909831
v -2.136840 -1.339477 -1.909831
v -4.604741 -1.339477 -1.909831
v 2.798962 -2.199284 -0.882106
v 0.331061 -2.199285 -0.882106
v -4.604741 -2.199286 -0.882107
v -7.072642 -2.199286 -0.882107
v 0.331061 -2.332130 0.441000
v -2.136840 -2.332130 0.441000
v -4.604741 -2.332131 0.440999
v -7.072643 -2.332131 0.440999
v 2.798962 -1.693234 1.613522
v 0.331061 -1.693234 1.613522
v -4.604742 -1.693235 1.613521
v -7.072643 -1.693236 1.613521
v 2.798962 -0.497945 2.240248
v 0.331060 -0.497946 2.240248
v -2.136841 -0.497946 2.240248
v -4.604742 -0.497947 2.240248
v 2.798961 0.850852 2.109933
v 0.331060 0.850851 2.109933
v -4.604742 0.850851 2.109932
v -7.072643 0.850850 2.109932
v 0.331060 1.898530 1.266501
v -2.136841 1.898530 1.266500
v -4.604742 1.898529 1.266500
v -7.072643 1.898529 1.266500
v 0.331060 2.114256 -0.882109
v -2.136841 2.114256 -0.882109
v -4.604742 2.114256 -0.882109
v -7.072643 2.114255 -0.882110
v 2.798962 1.254448 -1.909832
v 0.331060 1.254447 -1.909833
v -4.604742 1.254446 -1.909833
v 4.985758 0.039144 -1.955602
v -7.072643 1.254446 -1.909833
v 5.252666 0.689081 -1.738349
v 5.252666 1.019599 -1.565049
v 5.252666 1.309300 -1.331827
v 5.252665 1.547052 -1.047644
v 5.252665 1.723717 -0.723422
v 4.985758 1.945189 -0.085865
v 4.985570 1.952484 -0.005760
v 4.985758 1.945189 0.074345
v 5.252665 1.723719 0.711903
v 5.252665 1.547054 1.036125
v 5.252665 1.309303 1.320308
v 5.252665 1.019602 1.553531
v 5.252665 0.689085 1.726831
v 4.985758 0.039148 1.944085
v 4.985570 -0.042512 1.951241
v 4.985758 -0.124172 1.944085
v 5.252666 -0.774109 1.726832
v 5.252666 -1.104626 1.553532
v 5.252666 -1.394327 1.320309
v 5.252666 -1.632078 1.036126
v 5.252666 -1.808743 0.711904
v 4.985758 -2.030215 0.074346
v 4.985571 -2.037509 -0.005758
v 4.985758 -2.030215 -0.085863
v 5.252666 -1.808743 -0.723420
v 5.252666 -1.632078 -1.047642
v 5.252666 -1.394327 -1.331825
v 5.252666 -1.104626 -1.565048
v 5.252666 -0.774109 -1.738348
v 5.252666 -0.042513 -1.881100
v 4.985758 -0.124173 -1.955601
v -7.820728 -0.042515 -2.295768
v -7.895276 -0.042515 -2.213863
v -7.873441 -0.042515 -2.271778
v -6.250009 -0.042514 -2.213863
v -6.324557 -0.042514 -2.295767
v -6.271843 -0.042514 -2.271778
v -5.352826 -0.042514 -2.295767
v -5.427375 -0.042514 -2.213863
v -5.405540 -0.042514 -2.271778
v -3.782108 -0.042514 -2.213862
v -3.856656 -0.042514 -2.295767
v -3.803942 -0.042514 -2.271778
v -2.884925 -0.042514 -2.295767
v -2.959474 -0.042514 -2.213862
v -2.937639 -0.042514 -2.271778
v -1.314206 -0.042514 -2.213862
v -1.388755 -0.042514 -2.295767
v -1.336041 -0.042514 -2.271778
v -0.377499 -0.042514 -2.295767
v -0.491573 -0.042514 -2.213862
v -0.469738 -0.042514 -2.271778
v 1.153694 -0.042513 -2.213862
v 1.039620 -0.042513 -2.295767
v 1.131860 -0.042513 -2.271778
v 2.050877 -0.042513 -2.295767
v 1.976328 -0.042513 -2.213862
v 1.998163 -0.042513 -2.271777
v 3.621595 -0.042513 -2.213862
v 3.547046 -0.042513 -2.295767
v 3.599760 -0.042513 -2.271777
v 3.547047 -0.398884 -2.261984
v 3.621596 -0.473461 -2.173010
v 3.599761 -0.454992 -2.232676
v 2.798962 -0.473461 -2.173010
v 2.798962 -0.398884 -2.261984
v 2.798962 -0.454992 -2.232676
v 2.050877 -0.398884 -2.261984
v 1.976328 -0.473461 -2.173010
v 1.998163 -0.454992 -2.232676
v 1.039620 -0.355025 -2.266142
v 1.153694 -0.473461 -2.173010
v 1.131860 -0.454992 -2.232676
v 0.331061 -0.473461 -2.173010
v 0.331061 -0.355026 -2.266142
v 0.331061 -0.454992 -2.232676
v -0.377499 -0.355026 -2.266142
v -0.491573 -0.473461 -2.173010
v -0.469738 -0.454992 -2.232676
v -1.388755 -0.398885 -2.261984
v -1.314207 -0.473461 -2.173010
v -1.336041 -0.454993 -2.232676
v -2.136840 -0.473461 -2.173010
v -2.136840 -0.398885 -2.261984
v -2.136840 -0.454993 -2.232677
v -2.884925 -0.398885 -2.261984
v -2.959474 -0.473462 -2.173010
v -2.937639 -0.454993 -2.232676
v -3.856656 -0.398885 -2.261984
v -3.782108 -0.473462 -2.173010
v -3.803942 -0.454993 -2.232676
v -4.604741 -0.473462 -2.173010
v -4.604741 -0.398885 -2.261985
v -4.604741 -0.454993 -2.232677
v -5.352826 -0.398886 -2.261985
v -5.427375 -0.473462 -2.173010
v -5.405540 -0.454993 -2.232677
v -6.324557 -0.398886 -2.261985
v -6.250009 -0.473462 -2.173010
v -6.271843 -0.454993 -2.232677
v -7.072643 -0.473462 -2.173011
v -7.072643 -0.398886 -2.261985
v -7.072643 -0.454994 -2.232677
v -7.820728 -0.398886 -2.261985
v -7.895276 -0.473462 -2.173011
v -7.873441 -0.454994 -2.232677
v 3.621596 -0.911632 -2.042624
v 3.547047 -1.024031 -2.075960
v 3.599761 -0.960781 -2.082169
v 2.798962 -1.024031 -2.075960
v 2.798962 -0.911632 -2.042624
v 2.798962 -0.960780 -2.082169
v 2.050877 -1.024031 -2.075960
v 1.976328 -0.911632 -2.042624
v 1.998163 -0.960781 -2.082169
v 1.153695 -0.911632 -2.042624
v 1.079146 -1.024032 -2.075960
v 1.131860 -0.960781 -2.082169
v 0.331061 -1.024032 -2.075960
v 0.331061 -0.911632 -2.042624
v 0.331061 -0.960781 -2.082169
v -0.417024 -1.024032 -2.075960
v -0.491573 -0.911633 -2.042624
v -0.469738 -0.960781 -2.082169
v -1.314207 -0.911633 -2.042624
v -1.388755 -1.024032 -2.075960
v -1.336041 -0.960781 -2.082170
v -2.136840 -1.024032 -2.075960
v -2.136840 -0.911633 -2.042624
v -2.136840 -0.960781 -2.082170
v -2.884925 -1.024032 -2.075960
v -2.959474 -0.911633 -2.042624
v -2.937639 -0.960781 -2.082169
v -3.782108 -0.911633 -2.042624
v -3.856656 -1.024032 -2.075960
v -3.803942 -0.960782 -2.082170
v -4.604741 -1.024032 -2.075960
v -4.604741 -0.911633 -2.042624
v -4.604741 -0.960782 -2.082170
v -5.352826 -1.024032 -2.075960
v -5.427375 -0.911633 -2.042624
v -5.405540 -0.960782 -2.082170
v -6.250009 -0.911633 -2.042624
v -6.364082 -1.062855 -2.055515
v -6.271843 -0.960782 -2.082170
v -7.072643 -1.062855 -2.055515
v -7.072643 -0.911634 -2.042624
v -7.072643 -0.960782 -2.082170
v -7.781202 -1.062855 -2.055515
v -7.895276 -0.911634 -2.042624
v -7.873441 -0.960782 -2.082170
v 3.547047 -1.339476 -1.909830
v 3.621596 -1.293089 -1.841729
v 3.599761 -1.325890 -1.889884
v 1.976328 -1.293089 -1.841729
v 2.050877 -1.339476 -1.909830
v 1.998163 -1.325890 -1.889884
v 1.079146 -1.339477 -1.909831
v 1.153695 -1.293089 -1.841730
v 1.131860 -1.325890 -1.889884
v -0.491573 -1.293090 -1.841730
v -0.417024 -1.339477 -1.909831
v -0.469738 -1.325890 -1.889884
v -1.388755 -1.339477 -1.909831
v -1.314206 -1.293090 -1.841730
v -1.336041 -1.325890 -1.889885
v -2.959474 -1.293090 -1.841730
v -2.884925 -1.339477 -1.909831
v -2.937639 -1.325891 -1.889885
v -3.856656 -1.339477 -1.909831
v -3.782108 -1.293090 -1.841730
v -3.803942 -1.325891 -1.889885
v -5.427375 -1.293090 -1.841730
v -5.352826 -1.339478 -1.909831
v -5.405540 -1.325891 -1.889885
v -6.364082 -1.339478 -1.909831
v -6.250009 -1.293090 -1.841730
v -6.271843 -1.325891 -1.889885
v -7.895276 -1.293091 -1.841730
v -7.781202 -1.339478 -1.909831
v -7.873441 -1.325891 -1.889885
v 3.547047 -1.616655 -1.687523
v 3.621596 -1.628272 -1.572900
v 3.599761 -1.646708 -1.632576
v 2.798962 -1.628272 -1.572900
v 2.798962 -1.616655 -1.687523
v 2.798962 -1.646708 -1.632576
v 1.976328 -1.628272 -1.572900
v 2.050877 -1.616655 -1.687523
v 1.998163 -1.646708 -1.632576
v 1.079146 -1.616655 -1.687523
v 1.153695 -1.628272 -1.572901
v 1.131860 -1.646708 -1.632576
v 0.331061 -1.628272 -1.572901
v 0.331061 -1.616655 -1.687523
v 0.331061 -1.646708 -1.632576
v -0.491573 -1.628273 -1.572901
v -0.417024 -1.616656 -1.687523
v -0.469738 -1.646708 -1.632576
v -1.388755 -1.616656 -1.687523
v -1.314206 -1.628273 -1.572901
v -1.336041 -1.646709 -1.632577
v -2.136840 -1.628273 -1.572901
v -2.136840 -1.616656 -1.687523
v -2.136840 -1.646709 -1.632577
v -2.959474 -1.628273 -1.572901
v -2.884925 -1.616656 -1.687523
v -2.937639 -1.646709 -1.632577
v -3.856656 -1.616656 -1.687524
v -3.782108 -1.628273 -1.572901
v -3.803942 -1.646709 -1.632577
v -4.604741 -1.628273 -1.572901
v -4.604741 -1.616656 -1.687524
v -4.604741 -1.646709 -1.632577
v -5.427375 -1.628273 -1.572901
v -5.352826 -1.616656 -1.687524
v -5.405540 -1.646709 -1.632577
v -6.364082 -1.582544 -1.714884
v -6.250009 -1.628273 -1.572901
v -6.271843 -1.646709 -1.632577
v -7.072643 -1.628273 -1.572901
v -7.072643 -1.582544 -1.714884
v -7.072642 -1.646709 -1.632577
v -7.895276 -1.628274 -1.572901
v -7.781202 -1.582544 -1.714884
v -7.873441 -1.646710 -1.632577
v 3.621596 -1.918753 -1.225690
v 3.547047 -2.031090 -1.192151
v 3.599761 -1.982015 -1.231785
v 2.798962 -2.031090 -1.192152
v 2.798962 -1.918753 -1.225690
v 2.798962 -1.982015 -1.231785
v 2.050877 -2.031090 -1.192152
v 1.976328 -1.918753 -1.225690
v 1.998163 -1.982016 -1.231785
v 1.153695 -1.918754 -1.225690
v 1.079146 -2.031090 -1.192152
v 1.131860 -1.982016 -1.231785
v 0.331061 -2.031090 -1.192152
v 0.331061 -1.918754 -1.225690
v 0.331061 -1.982016 -1.231785
v -0.417024 -2.031090 -1.192152
v -0.491573 -1.918754 -1.225690
v -0.469738 -1.982016 -1.231785
v -1.314206 -1.918754 -1.225690
v -1.428280 -2.051790 -1.153994
v -1.336041 -1.982016 -1.231786
v -2.136840 -2.051791 -1.153994
v -2.136840 -1.918754 -1.225690
v -2.136840 -1.982016 -1.231786
v -2.845400 -2.051791 -1.153994
v -2.959474 -1.918754 -1.225690
v -2.937639 -1.982016 -1.231786
v -3.782108 -1.918754 -1.225690
v -3.856656 -2.031091 -1.192152
v -3.803942 -1.982016 -1.231786
v -4.604741 -2.031091 -1.192152
v -4.604741 -1.918754 -1.225691
v -4.604741 -1.982017 -1.231786
v -5.352826 -2.031091 -1.192152
v -5.427375 -1.918754 -1.225691
v -5.405540 -1.982016 -1.231786
v -6.250009 -1.918754 -1.225691
v -6.324557 -2.031091 -1.192152
v -6.271843 -1.982017 -1.231786
v -7.072642 -2.031091 -1.192152
v -7.072642 -1.918754 -1.225691
v -7.072642 -1.982017 -1.231786
v -7.820727 -2.031091 -1.192152
v -7.895276 -1.918755 -1.225691
v -7.873441 -1.982017 -1.231786
v 3.547047 -2.199284 -0.882106
v 3.621596 -2.122145 -0.850763
v 3.599761 -2.176690 -0.872926
v 1.976328 -2.122145 -0.850763
v 2.050877 -2.199284 -0.882106
v 1.998163 -2.176691 -0.872926
v 1.079146 -2.199285 -0.882106
v 1.153695 -2.122145 -0.850763
v 1.131860 -2.176691 -0.872926
v -0.491573 -2.122145 -0.850763
v -0.417024 -2.199285 -0.882107
v -0.469738 -2.176691 -0.872926
v -1.428280 -2.199285 -0.882107
v -1.314206 -2.122146 -0.850763
v -1.336041 -2.176691 -0.872926
v -2.959474 -2.122146 -0.850763
v -2.845400 -2.199285 -0.882107
v -2.937639 -2.176692 -0.872927
v -3.856656 -2.199286 -0.882107
v -3.782108 -2.122146 -0.850763
v -3.803942 -2.176692 -0.872927
v -5.427375 -2.122146 -0.850763
v -5.352826 -2.199286 -0.882107
v -5.405540 -2.176692 -0.872927
v -6.324557 -2.199286 -0.882107
v -6.250009 -2.122146 -0.850764
v -6.271843 -2.176692 -0.872927
v -7.895276 -2.122147 -0.850764
v -7.820727 -2.199286 -0.882107
v -7.873441 -2.176692 -0.872927
v 3.547047 -2.303844 -0.546205
v 3.621596 -2.248586 -0.444569
v 3.599761 -2.297713 -0.484140
v 2.798962 -2.248586 -0.444569
v 2.798962 -2.303844 -0.546205
v 2.798962 -2.297713 -0.484140
v 2.050877 -2.303845 -0.546205
v 1.976328 -2.248586 -0.444569
v 1.998163 -2.297713 -0.484140
v 1.079146 -2.303845 -0.546205
v 1.153695 -2.248587 -0.444569
v 1.131860 -2.297714 -0.484140
v 0.331061 -2.248587 -0.444569
v 0.331061 -2.303845 -0.546206
v 0.331061 -2.297714 -0.484140
v -0.417024 -2.303845 -0.546206
v -0.491573 -2.248587 -0.444569
v -0.469738 -2.297714 -0.484140
v -1.428280 -2.290977 -0.587545
v -1.314206 -2.248587 -0.444569
v -1.336041 -2.297714 -0.484140
v -2.136840 -2.248587 -0.444569
v -2.136840 -2.290977 -0.587546
v -2.136840 -2.297714 -0.484141
v -2.845400 -2.290977 -0.587546
v -2.959474 -2.248587 -0.444569
v -2.937639 -2.297714 -0.484141
v -3.856656 -2.303846 -0.546206
v -3.782108 -2.248587 -0.444570
v -3.803942 -2.297714 -0.484141
v -4.604741 -2.248588 -0.444570
v -4.604741 -2.303846 -0.546206
v -4.604741 -2.297715 -0.484141
v -5.352826 -2.303846 -0.546206
v -5.427375 -2.248588 -0.444570
v -5.405540 -2.297714 -0.484141
v -6.324557 -2.303846 -0.546206
v -6.250009 -2.248587 -0.444570
v -6.271843 -2.297714 -0.484141
v -7.072642 -2.248588 -0.444570
v -7.072642 -2.303846 -0.546206
v -7.072642 -2.297715 -0.484141
v -7.820727 -2.303846 -0.546206
v -7.895276 -2.248588 -0.444570
v -7.873441 -2.297715 -0.484141
v 3.507522 -2.363477 0.134551
v 3.621596 -2.293467 0.002435
v 3.599761 -2.349519 0.031844
v 2.798962 -2.363477 0.134551
v 2.798962 -2.293467 0.002435
v 2.798962 -2.349519 0.031844
v 2.090402 -2.363477 0.134551
v 1.976328 -2.293467 0.002435
v 1.998163 -2.349520 0.031844
v 1.079146 -2.367877 0.091543
v 1.153695 -2.293467 0.002434
v 1.131860 -2.349520 0.031844
v 0.331061 -2.367877 0.091543
v 0.331061 -2.293468 0.002434
v 0.331061 -2.349520 0.031844
v -0.417024 -2.367877 0.091543
v -0.491573 -2.293468 0.002434
v -0.469738 -2.349520 0.031843
v -1.388755 -2.367878 0.091543
v -1.314206 -2.293468 0.002434
v -1.336041 -2.349520 0.031843
v -2.136840 -2.367878 0.091542
v -2.136840 -2.293468 0.002434
v -2.136840 -2.349521 0.031843
v -2.884925 -2.367878 0.091542
v -2.959474 -2.293468 0.002434
v -2.937639 -2.349521 0.031843
v -3.856656 -2.367878 0.091542
v -3.782108 -2.293468 0.002434
v -3.803942 -2.349521 0.031843
v -4.604741 -2.367878 0.091542
v -4.604741 -2.293468 0.002434
v -4.604741 -2.349521 0.031843
v -5.352826 -2.367878 0.091542
v -5.427375 -2.293468 0.002434
v -5.405540 -2.349521 0.031843
v -6.324557 -2.367878 0.091542
v -6.250009 -2.293468 0.002434
v -6.271843 -2.349521 0.031843
v -7.072642 -2.367878 0.091542
v -7.072642 -2.293468 0.002434
v -7.072642 -2.349521 0.031843
v -7.820727 -2.367878 0.091542
v -7.895276 -2.293468 0.002434
v -7.873441 -2.349521 0.031843
v 3.507522 -2.332129 0.441000
v 3.621596 -2.250238 0.425021
v 3.599761 -2.308144 0.436320
v 1.976328 -2.250239 0.425021
v 2.090402 -2.332129 0.441000
v 1.998163 -2.308144 0.436320
v 1.079146 -2.332130 0.441000
v 1.153695 -2.250239 0.425021
v 1.131860 -2.308145 0.436320
v -0.491573 -2.250239 0.425021
v -0.417024 -2.332130 0.441000
v -0.469738 -2.308145 0.436320
v -1.388755 -2.332130 0.441000
v -1.314206 -2.250239 0.425021
v -1.336041 -2.308145 0.436320
v -2.959474 -2.250240 0.425021
v -2.884925 -2.332131 0.441000
v -2.937639 -2.308146 0.436319
v -3.856656 -2.332130 0.440999
v -3.782108 -2.250240 0.425021
v -3.803942 -2.308145 0.436319
v -5.427375 -2.250240 0.425020
v -5.352826 -2.332131 0.440999
v -5.405540 -2.308146 0.436319
v -6.324557 -2.332131 0.440999
v -6.250009 -2.250240 0.425020
v -6.271843 -2.308145 0.436319
v -7.895276 -2.250240 0.425020
v -7.820728 -2.332131 0.440999
v -7.873441 -2.308146 0.436319
v 3.507522 -2.241541 0.735890
v 3.621596 -2.125319 0.831668
v 3.599761 -2.188578 0.825540
v 2.798962 -2.125320 0.831668
v 2.798962 -2.241541 0.735890
v 2.798962 -2.188579 0.825539
v 2.090402 -2.241541 0.735890
v 1.976328 -2.125320 0.831668
v 1.998163 -2.188579 0.825539
v 1.079146 -2.228828 0.777276
v 1.153695 -2.125320 0.831668
v 1.131860 -2.188579 0.825539
v 0.331061 -2.125320 0.831668
v 0.331061 -2.228828 0.777276
v 0.331061 -2.188579 0.825539
v -0.417024 -2.228828 0.777276
v -0.491573 -2.125320 0.831668
v -0.469738 -2.188579 0.825539
v -1.388755 -2.228828 0.777276
v -1.314207 -2.125321 0.831668
v -1.336041 -2.188580 0.825539
v -2.136840 -2.125321 0.831668
v -2.136840 -2.228829 0.777275
v -2.136840 -2.188580 0.825539
v -2.884925 -2.228829 0.777275
v -2.959474 -2.125321 0.831668
v -2.937639 -2.188580 0.825539
v -3.856656 -2.228829 0.777275
v -3.782108 -2.125321 0.831668
v -3.803942 -2.188580 0.825539
v -4.604741 -2.125321 0.831668
v -4.604741 -2.228829 0.777275
v -4.604741 -2.188580 0.825539
v -5.352826 -2.228829 0.777275
v -5.427375 -2.125321 0.831667
v -5.405540 -2.188580 0.825539
v -6.324557 -2.228829 0.777275
v -6.250009 -2.125321 0.831667
v -6.271843 -2.188580 0.825539
v -7.072643 -2.125321 0.831667
v -7.072643 -2.228829 0.777275
v -7.072643 -2.188580 0.825539
v -7.820728 -2.228829 0.777275
v -7.895276 -2.125321 0.831667
v -7.873441 -2.188580 0.825539
v 3.547047 -1.920875 1.342441
v 3.621596 -1.909473 1.227798
v 3.599761 -1.939423 1.282799
v 2.798962 -1.920875 1.342441
v 2.798962 -1.909473 1.227798
v 2.798962 -1.939423 1.282799
v 2.050877 -1.920875 1.342441
v 1.976328 -1.909473 1.227798
v 1.998163 -1.939423 1.282799
v 1.079146 -1.920875 1.342441
v 1.153695 -1.909473 1.227798
v 1.131860 -1.939423 1.282798
v 0.331061 -1.920876 1.342441
v 0.331061 -1.909473 1.227798
v 0.331061 -1.939423 1.282799
v -0.417024 -1.920876 1.342441
v -0.491573 -1.909473 1.227798
v -0.469738 -1.939423 1.282799
v -1.428281 -1.892860 1.375803
v -1.314207 -1.909473 1.227798
v -1.336041 -1.939424 1.282798
v -2.136840 -1.892860 1.375803
v -2.136840 -1.909474 1.227797
v -2.136840 -1.939424 1.282798
v -2.845400 -1.892860 1.375803
v -2.959474 -1.909474 1.227797
v -2.937639 -1.939424 1.282798
v -3.856656 -1.920876 1.342441
v -3.782108 -1.909474 1.227797
v -3.803942 -1.939424 1.282798
v -4.604741 -1.920876 1.342440
v -4.604741 -1.909474 1.227797
v -4.604741 -1.939424 1.282798
v -5.352826 -1.920876 1.342440
v -5.427375 -1.909474 1.227797
v -5.405540 -1.939424 1.282798
v -6.324557 -1.920877 1.342440
v -6.250009 -1.909474 1.227797
v -6.271843 -1.939424 1.282798
v -7.072643 -1.920877 1.342440
v -7.072643 -1.909474 1.227797
v -7.072643 -1.939425 1.282798
v -7.820728 -1.920877 1.342440
v -7.895276 -1.909475 1.227797
v -7.873441 -1.939425 1.282798
v 3.547046 -1.693234 1.613522
v 3.621595 -1.634194 1.555607
v 3.599760 -1.675941 1.596559
v 1.976328 -1.634194 1.555607
v 2.050877 -1.693234 1.613522
v 1.998163 -1.675942 1.596559
v 1.079146 -1.693234 1.613522
v 1.153694 -1.634195 1.555607
v 1.131860 -1.675942 1.596559
v -0.491573 -1.634195 1.555607
v -0.417024 -1.693235 1.613522
v -0.469738 -1.675942 1.596559
v -1.428281 -1.693235 1.613522
v -1.314207 -1.634195 1.555606
v -1.336041 -1.675942 1.596559
v -2.959474 -1.634195 1.555606
v -2.845400 -1.693235 1.613522
v -2.937639 -1.675943 1.596559
v -3.856657 -1.693235 1.613522
v -3.782108 -1.634195 1.555606
v -3.803943 -1.675943 1.596558
v -5.427375 -1.634196 1.555606
v -5.352827 -1.693235 1.613521
v -5.405540 -1.675943 1.596558
v -6.324558 -1.693235 1.613521
v -6.250009 -1.634196 1.555606
v -6.271844 -1.675943 1.596558
v -7.895276 -1.634196 1.555606
v -7.820728 -1.693236 1.613521
v -7.873441 -1.675943 1.596558
v 3.547046 -1.416890 1.836827
v 3.621595 -1.300020 1.825642
v 3.599760 -1.356089 1.855022
v 2.798962 -1.300020 1.825642
v 2.798962 -1.416890 1.836827
v 2.798962 -1.356089 1.855022
v 2.050877 -1.416890 1.836827
v 1.976328 -1.300021 1.825642
v 1.998163 -1.356089 1.855021
v 1.079146 -1.416890 1.836827
v 1.153694 -1.300021 1.825642
v 1.131859 -1.356090 1.855022
v 0.331061 -1.300021 1.825642
v 0.331061 -1.416890 1.836827
v 0.331061 -1.356090 1.855022
v -0.417024 -1.416890 1.836827
v -0.491573 -1.300021 1.825642
v -0.469738 -1.356090 1.855022
v -1.428281 -1.450901 1.809344
v -1.314207 -1.300021 1.825642
v -1.336042 -1.356090 1.855021
v -2.136840 -1.300021 1.825642
v -2.136840 -1.450901 1.809344
v -2.136840 -1.356090 1.855021
v -2.845400 -1.450901 1.809344
v -2.959474 -1.300021 1.825642
v -2.937639 -1.356090 1.855021
v -3.856657 -1.416891 1.836827
v -3.782108 -1.300021 1.825642
v -3.803943 -1.356090 1.855021
v -4.604742 -1.300022 1.825641
v -4.604742 -1.416891 1.836826
v -4.604742 -1.356090 1.855021
v -5.352827 -1.416891 1.836826
v -5.427375 -1.300022 1.825641
v -5.405540 -1.356090 1.855021
v -6.324558 -1.416891 1.836827
v -6.250009 -1.300022 1.825641
v -6.271844 -1.356091 1.855021
v -7.072643 -1.300022 1.825641
v -7.072643 -1.416891 1.836826
v -7.072643 -1.356091 1.855021
v -7.820728 -1.416891 1.836826
v -7.895276 -1.300022 1.825641
v -7.873441 -1.356091 1.855021
v 3.547046 -0.840750 2.138914
v 3.621595 -0.896199 2.037378
v 3.599760 -0.889951 2.099432
v 2.798962 -0.840751 2.138914
v 2.798962 -0.896199 2.037378
v 2.798962 -0.889951 2.099432
v 2.050877 -0.840751 2.138914
v 1.976328 -0.896199 2.037378
v 1.998163 -0.889951 2.099432
v 1.079146 -0.840751 2.138914
v 1.153694 -0.896199 2.037378
v 1.131859 -0.889952 2.099432
v 0.331060 -0.840751 2.138914
v 0.331061 -0.896199 2.037378
v 0.331060 -0.889952 2.099432
v -0.417024 -0.840751 2.138914
v -0.491573 -0.896200 2.037378
v -0.469738 -0.889952 2.099432
v -1.388756 -0.840751 2.138914
v -1.314207 -0.896200 2.037377
v -1.336042 -0.889952 2.099432
v -2.136841 -0.840751 2.138914
v -2.136841 -0.896200 2.037378
v -2.136841 -0.889952 2.099432
v -2.884926 -0.840751 2.138914
v -2.959474 -0.896200 2.037377
v -2.937639 -0.889952 2.099432
v -3.856657 -0.840752 2.138914
v -3.782108 -0.896200 2.037377
v -3.803943 -0.889952 2.099432
v -4.604742 -0.840752 2.138914
v -4.604742 -0.896200 2.037377
v -4.604742 -0.889952 2.099432
v -5.352827 -0.840752 2.138914
v -5.427375 -0.896200 2.037377
v -5.405540 -0.889953 2.099432
v -6.364083 -0.798563 2.151385
v -6.250009 -0.896200 2.037377
v -6.271844 -0.889953 2.099432
v -7.072643 -0.798563 2.151385
v -7.072643 -0.896201 2.037377
v -7.072643 -0.889953 2.099431
v -7.781202 -0.798563 2.151385
v -7.895276 -0.896201 2.037377
v -7.873441 -0.889953 2.099431
v 3.547046 -0.497945 2.240248
v 3.621595 -0.481656 2.159917
v 3.599760 -0.493174 2.216720
v 1.976328 -0.481656 2.159917
v 2.050877 -0.497945 2.240248
v 1.998163 -0.493174 2.216720
v 1.079145 -0.497946 2.240248
v 1.153694 -0.481657 2.159917
v 1.131859 -0.493175 2.216719
v -0.491573 -0.481657 2.159917
v -0.417025 -0.497946 2.240248
v -0.469738 -0.493175 2.216719
v -1.388756 -0.497946 2.240248
v -1.314207 -0.481657 2.159917
v -1.336042 -0.493175 2.216719
v -2.959474 -0.481657 2.159917
v -2.884926 -0.497946 2.240248
v -2.937639 -0.493175 2.216719
v -3.856657 -0.497946 2.240248
v -3.782108 -0.481657 2.159917
v -3.803943 -0.493175 2.216719
v -5.427375 -0.481658 2.159916
v -5.352827 -0.497947 2.240247
v -5.405540 -0.493176 2.216719
v -6.364083 -0.497947 2.240247
v -6.250009 -0.481658 2.159916
v -6.271844 -0.493176 2.216719
v -7.895276 -0.481658 2.159916
v -7.781202 -0.497947 2.240247
v -7.873441 -0.493176 2.216719
v 3.547046 -0.141703 2.275315
v 3.621595 -0.050864 2.202323
v 3.599760 -0.080844 2.257308
v 2.798961 -0.050864 2.202323
v 2.798961 -0.141703 2.275315
v 2.798961 -0.080845 2.257308
v 2.050876 -0.141703 2.275315
v 1.976328 -0.050864 2.202323
v 1.998163 -0.080845 2.257308
v 1.079145 -0.141703 2.275315
v 1.153694 -0.050865 2.202322
v 1.131859 -0.080845 2.257308
v 0.331060 -0.050865 2.202322
v 0.331060 -0.141703 2.275315
v 0.331060 -0.080845 2.257308
v -0.417025 -0.141703 2.275315
v -0.491573 -0.050865 2.202322
v -0.469738 -0.080845 2.257308
v -1.388756 -0.141704 2.275315
v -1.314207 -0.050865 2.202322
v -1.336042 -0.080845 2.257307
v -2.136841 -0.050865 2.202322
v -2.136841 -0.141704 2.275315
v -2.136841 -0.080845 2.257307
v -2.884926 -0.141704 2.275315
v -2.959474 -0.050865 2.202322
v -2.937639 -0.080845 2.257307
v -3.856657 -0.141704 2.275315
v -3.782108 -0.050865 2.202322
v -3.803943 -0.080846 2.257307
v -4.604742 -0.050866 2.202322
v -4.604742 -0.141704 2.275315
v -4.604742 -0.080846 2.257307
v -5.427375 -0.050866 2.202322
v -5.352827 -0.141704 2.275315
v -5.405540 -0.080846 2.257307
v -6.364083 -0.185548 2.270999
v -6.250009 -0.050866 2.202322
v -6.271844 -0.080846 2.257307
v -7.072643 -0.050866 2.202322
v -7.072643 -0.185548 2.270999
v -7.072643 -0.080846 2.257307
v -7.895276 -0.050866 2.202322
v -7.781202 -0.185548 2.270999
v -7.873441 -0.080846 2.257307
v 3.621595 0.404819 2.158297
v 3.547046 0.508429 2.212502
v 3.599760 0.445158 2.206488
v 2.798961 0.508429 2.212502
v 2.798961 0.404819 2.158297
v 2.798961 0.445158 2.206488
v 2.050876 0.508429 2.212502
v 1.976328 0.404819 2.158297
v 1.998163 0.445158 2.206488
v 1.153694 0.404819 2.158296
v 1.079145 0.508428 2.212502
v 1.131859 0.445158 2.206487
v 0.331060 0.508428 2.212502
v 0.331060 0.404819 2.158296
v 0.331060 0.445158 2.206487
v -0.417025 0.508428 2.212502
v -0.491573 0.404818 2.158296
v -0.469739 0.445158 2.206487
v -1.314207 0.404818 2.158296
v -1.428281 0.550570 2.199878
v -1.336042 0.445158 2.206487
v -2.136841 0.550570 2.199878
v -2.136841 0.404818 2.158296
v -2.136841 0.445158 2.206487
v -2.845400 0.550570 2.199878
v -2.959474 0.404818 2.158296
v -2.937639 0.445157 2.206487
v -3.782108 0.404818 2.158296
v -3.856657 0.508428 2.212502
v -3.803943 0.445157 2.206487
v -4.604742 0.508427 2.212502
v -4.604742 0.404818 2.158296
v -4.604742 0.445157 2.206487
v -5.352827 0.508427 2.212502
v -5.427376 0.404818 2.158296
v -5.405541 0.445157 2.206487
v -6.250010 0.404817 2.158296
v -6.324558 0.508427 2.212502
v -6.271844 0.445157 2.206487
v -7.072643 0.508427 2.212501
v -7.072643 0.404817 2.158296
v -7.072643 0.445157 2.206487
v -7.820728 0.508427 2.212501
v -7.895276 0.404817 2.158296
v -7.873441 0.445157 2.206487
v 3.547046 0.850852 2.109933
v 3.621595 0.818900 2.034263
v 3.599760 0.841493 2.087770
v 1.976328 0.818900 2.034263
v 2.050876 0.850852 2.109933
v 1.998163 0.841493 2.087770
v 1.079145 0.850852 2.109933
v 1.153694 0.818900 2.034263
v 1.131859 0.841493 2.087769
v -0.491573 0.818899 2.034263
v -0.417025 0.850851 2.109933
v -0.469739 0.841493 2.087769
v -1.428281 0.850851 2.109933
v -1.314207 0.818899 2.034262
v -1.336042 0.841493 2.087769
v -2.959474 0.818899 2.034262
v -2.845400 0.850851 2.109933
v -2.937639 0.841492 2.087769
v -3.856657 0.850851 2.109933
v -3.782108 0.818899 2.034262
v -3.803943 0.841492 2.087769
v -5.427376 0.818898 2.034262
v -5.352827 0.850851 2.109932
v -5.405541 0.841492 2.087769
v -6.324558 0.850850 2.109932
v -6.250010 0.818898 2.034262
v -6.271844 0.841492 2.087769
v -7.895276 0.818898 2.034262
v -7.820728 0.850850 2.109932
v -7.873441 0.841492 2.087769
v 3.547046 1.166917 1.944942
v 3.621595 1.201107 1.834745
v 3.599760 1.207320 1.896802
v 2.798961 1.201107 1.834745
v 2.798961 1.166917 1.944942
v 2.798961 1.207320 1.896802
v 1.976327 1.201106 1.834745
v 2.050876 1.166917 1.944942
v 1.998162 1.207320 1.896802
v 1.079145 1.166917 1.944942
v 1.153694 1.201106 1.834745
v 1.131859 1.207320 1.896802
v 0.331060 1.201106 1.834745
v 0.331060 1.166917 1.944942
v 0.331060 1.207320 1.896802
v -0.491574 1.201106 1.834745
v -0.417025 1.166917 1.944942
v -0.469739 1.207320 1.896802
v -1.428281 1.128018 1.965247
v -1.314207 1.201106 1.834745
v -1.336042 1.207319 1.896802
v -2.136841 1.201106 1.834745
v -2.136841 1.128018 1.965247
v -2.136841 1.207319 1.896802
v -2.959475 1.201106 1.834745
v -2.845401 1.128018 1.965247
v -2.937640 1.207319 1.896802
v -3.856657 1.166916 1.944942
v -3.782108 1.201106 1.834745
v -3.803943 1.207319 1.896802
v -4.604742 1.201105 1.834744
v -4.604742 1.166916 1.944941
v -4.604742 1.207319 1.896802
v -5.427376 1.201105 1.834744
v -5.352827 1.166916 1.944941
v -5.405541 1.207319 1.896802
v -6.324558 1.166916 1.944941
v -6.250010 1.201105 1.834744
v -6.271844 1.207319 1.896802
v -7.072643 1.201105 1.834744
v -7.072643 1.166916 1.944941
v -7.072643 1.207319 1.896801
v -7.895276 1.201105 1.834744
v -7.820728 1.166916 1.944941
v -7.873441 1.207319 1.896801
v 3.621595 1.555059 1.549797
v 3.507521 1.699798 1.504938
v 3.599760 1.615893 1.567881
v 2.798961 1.699798 1.504938
v 2.798961 1.555059 1.549796
v 2.798961 1.615893 1.567881
v 2.090401 1.699798 1.504938
v 1.976327 1.555059 1.549796
v 1.998162 1.615893 1.567881
v 1.153694 1.555058 1.549796
v 1.079145 1.671906 1.538401
v 1.131859 1.615893 1.567881
v 0.331060 1.671906 1.538400
v 0.331060 1.555058 1.549796
v 0.331060 1.615893 1.567881
v -0.417025 1.671906 1.538400
v -0.491574 1.555058 1.549796
v -0.469739 1.615893 1.567881
v -1.314207 1.555058 1.549796
v -1.388756 1.671906 1.538400
v -1.336042 1.615893 1.567881
v -2.136841 1.671906 1.538400
v -2.136841 1.555058 1.549796
v -2.136841 1.615892 1.567881
v -2.884926 1.671906 1.538400
v -2.959475 1.555058 1.549796
v -2.937640 1.615892 1.567881
v -3.782108 1.555058 1.549796
v -3.856657 1.671906 1.538400
v -3.803943 1.615892 1.567881
v -4.604742 1.671906 1.538400
v -4.604742 1.555058 1.549796
v -4.604742 1.615892 1.567881
v -5.352827 1.671905 1.538400
v -5.427376 1.555057 1.549796
v -5.405541 1.615892 1.567881
v -6.324558 1.671905 1.538400
v -6.250010 1.555057 1.549796
v -6.271844 1.615892 1.567881
v -7.072643 1.671905 1.538400
v -7.072643 1.555057 1.549796
v -7.072643 1.615892 1.567881
v -7.820728 1.671905 1.538400
v -7.895276 1.555057 1.549796
v -7.873441 1.615892 1.567880
v 3.507521 1.898531 1.266501
v 3.621595 1.829107 1.220997
v 3.599760 1.878197 1.253173
v 1.976327 1.829107 1.220997
v 2.090401 1.898530 1.266501
v 1.998162 1.878197 1.253173
v 1.079145 1.898530 1.266501
v 1.153694 1.829107 1.220997
v 1.131859 1.878196 1.253173
v -0.491574 1.829107 1.220997
v -0.417025 1.898530 1.266501
v -0.469739 1.878197 1.253173
v -1.388756 1.898530 1.266501
v -1.314207 1.829106 1.220997
v -1.336042 1.878196 1.253173
v -2.959475 1.829106 1.220997
v -2.884926 1.898530 1.266500
v -2.937640 1.878196 1.253173
v -3.856657 1.898530 1.266500
v -3.782108 1.829106 1.220997
v -3.803943 1.878196 1.253173
v -5.427376 1.829106 1.220996
v -5.352827 1.898529 1.266500
v -5.405541 1.878196 1.253173
v -6.324558 1.898529 1.266500
v -6.250010 1.829106 1.220996
v -6.271844 1.878196 1.253172
v -7.895277 1.829105 1.220996
v -7.820728 1.898529 1.266500
v -7.873442 1.878195 1.253172
v 3.507521 2.047042 0.995147
v 3.621595 2.033902 0.846806
v 3.599760 2.074215 0.895018
v 2.798961 2.033902 0.846806
v 2.798961 2.047042 0.995147
v 2.798961 2.074215 0.895018
v 2.090401 2.047042 0.995147
v 1.976327 2.033901 0.846805
v 1.998162 2.074214 0.895018
v 1.079145 2.067885 0.957064
v 1.153694 2.033901 0.846805
v 1.131859 2.074214 0.895018
v 0.331060 2.033901 0.846805
v 0.331060 2.067884 0.957064
v 0.331060 2.074214 0.895018
v -0.417025 2.067884 0.957064
v -0.491574 2.033901 0.846805
v -0.469739 2.074214 0.895018
v -1.388756 2.067884 0.957063
v -1.314207 2.033901 0.846805
v -1.336042 2.074214 0.895017
v -2.136841 2.033900 0.846805
v -2.136841 2.067884 0.957063
v -2.136841 2.074214 0.895017
v -2.884926 2.067884 0.957063
v -2.959475 2.033900 0.846805
v -2.937640 2.074214 0.895017
v -3.856657 2.067884 0.957063
v -3.782108 2.033900 0.846805
v -3.803943 2.074214 0.895017
v -4.604742 2.033900 0.846805
v -4.604742 2.067883 0.957063
v -4.604742 2.074213 0.895017
v -5.352827 2.067884 0.957063
v -5.427376 2.033900 0.846805
v -5.405541 2.074214 0.895017
v -6.324558 2.067884 0.957063
v -6.250010 2.033900 0.846805
v -6.271844 2.074214 0.895017
v -7.072643 2.033900 0.846805
v -7.072643 2.067883 0.957063
v -7.072643 2.074213 0.895017
v -7.820728 2.067883 0.957063
v -7.895277 2.033900 0.846805
v -7.873442 2.074213 0.895017
v 3.507521 2.205949 -0.587547
v 3.621595 2.163560 -0.444571
v 3.599760 2.212687 -0.484142
v 2.798961 2.205949 -0.587547
v 2.798961 2.163560 -0.444571
v 2.798961 2.212687 -0.484142
v 2.090401 2.205949 -0.587547
v 1.976327 2.163559 -0.444571
v 1.998162 2.212686 -0.484143
v 1.079145 2.218817 -0.546208
v 1.153694 2.163559 -0.444571
v 1.131859 2.212686 -0.484143
v 0.331060 2.218817 -0.546208
v 0.331060 2.163559 -0.444571
v 0.331060 2.212686 -0.484143
v -0.417025 2.218817 -0.546208
v -0.491574 2.163559 -0.444572
v -0.469739 2.212686 -0.484143
v -1.388756 2.218817 -0.546208
v -1.314207 2.163559 -0.444572
v -1.336042 2.212686 -0.484143
v -2.136841 2.218817 -0.546208
v -2.136841 2.163559 -0.444572
v -2.136841 2.212686 -0.484143
v -2.884926 2.218817 -0.546208
v -2.959475 2.163559 -0.444572
v -2.937640 2.212686 -0.484143
v -3.856657 2.218817 -0.546208
v -3.782108 2.163558 -0.444572
v -3.803943 2.212685 -0.484143
v -4.604742 2.218816 -0.546208
v -4.604742 2.163558 -0.444572
v -4.604742 2.212685 -0.484143
v -5.352827 2.218817 -0.546208
v -5.427376 2.163558 -0.444572
v -5.405541 2.212685 -0.484143
v -6.324558 2.218816 -0.546208
v -6.250010 2.163558 -0.444572
v -6.271844 2.212685 -0.484143
v -7.072643 2.218816 -0.546208
v -7.072643 2.163558 -0.444572
v -7.072643 2.212685 -0.484143
v -7.820728 2.218816 -0.546208
v -7.895276 2.163558 -0.444572
v -7.873441 2.212685 -0.484143
v 3.507521 2.114257 -0.882109
v 3.621595 2.037118 -0.850765
v 3.599760 2.091664 -0.872929
v 1.976327 2.037117 -0.850765
v 2.090401 2.114257 -0.882109
v 1.998162 2.091663 -0.872929
v 1.079145 2.114257 -0.882109
v 1.153694 2.037117 -0.850765
v 1.131859 2.091663 -0.872929
v -0.491573 2.037117 -0.850765
v -0.417025 2.114256 -0.882109
v -0.469739 2.091663 -0.872929
v -1.388756 2.114256 -0.882109
v -1.314207 2.037117 -0.850765
v -1.336042 2.091663 -0.872929
v -2.959475 2.037116 -0.850766
v -2.884926 2.114256 -0.882109
v -2.937640 2.091662 -0.872929
v -3.856657 2.114256 -0.882109
v -3.782108 2.037116 -0.850766
v -3.803943 2.091662 -0.872929
v -5.427376 2.037116 -0.850766
v -5.352827 2.114256 -0.882109
v -5.405541 2.091662 -0.872929
v -6.324558 2.114255 -0.882110
v -6.250010 2.037116 -0.850766
v -6.271844 2.091662 -0.872929
v -7.895276 2.037116 -0.850766
v -7.820728 2.114255 -0.882110
v -7.873441 2.091662 -0.872929
v 3.507521 1.966762 -1.153996
v 3.621595 1.833726 -1.225692
v 3.599760 1.896988 -1.231788
v 2.798961 1.833725 -1.225692
v 2.798961 1.966762 -1.153996
v 2.798961 1.896988 -1.231788
v 2.090402 1.966762 -1.153996
v 1.976328 1.833725 -1.225692
v 1.998163 1.896987 -1.231788
v 1.079145 1.946062 -1.192154
v 1.153694 1.833725 -1.225693
v 1.131859 1.896987 -1.231788
v 0.331060 1.833725 -1.225693
v 0.331060 1.946061 -1.192154
v 0.331060 1.896987 -1.231788
v -0.417025 1.946061 -1.192154
v -0.491573 1.833725 -1.225693
v -0.469739 1.896987 -1.231788
v -1.388756 1.946061 -1.192154
v -1.314207 1.833725 -1.225693
v -1.336042 1.896987 -1.231788
v -2.136841 1.833725 -1.225693
v -2.136841 1.946061 -1.192154
v -2.136841 1.896987 -1.231788
v -2.884926 1.946061 -1.192154
v -2.959474 1.833725 -1.225693
v -2.937639 1.896987 -1.231788
v -3.856657 1.946061 -1.192155
v -3.782108 1.833724 -1.225693
v -3.803943 1.896986 -1.231788
v -4.604742 1.833724 -1.225693
v -4.604742 1.946061 -1.192155
v -4.604742 1.896986 -1.231788
v -5.352827 1.946061 -1.192155
v -5.427376 1.833724 -1.225693
v -5.405541 1.896986 -1.231788
v -6.324558 1.946061 -1.192155
v -6.250010 1.833724 -1.225693
v -6.271844 1.896986 -1.231789
v -7.072643 1.833724 -1.225693
v -7.072643 1.946060 -1.192155
v -7.072643 1.896986 -1.231789
v -7.820728 1.946060 -1.192155
v -7.895276 1.833724 -1.225693
v -7.873441 1.896986 -1.231789
v 3.547046 1.531627 -1.687525
v 3.621595 1.543244 -1.572902
v 3.599760 1.561680 -1.632578
v 2.798961 1.531627 -1.687525
v 2.798961 1.543244 -1.572903
v 2.798961 1.561680 -1.632578
v 2.050876 1.531627 -1.687525
v 1.976328 1.543244 -1.572903
v 1.998163 1.561680 -1.632578
v 1.079145 1.531627 -1.687525
v 1.153694 1.543244 -1.572903
v 1.131859 1.561680 -1.632578
v 0.331060 1.531627 -1.687525
v 0.331060 1.543244 -1.572903
v 0.331060 1.561680 -1.632578
v -0.417025 1.531626 -1.687525
v -0.491573 1.543243 -1.572903
v -0.469738 1.561679 -1.632578
v -1.428281 1.497513 -1.714885
v -1.314207 1.543243 -1.572903
v -1.336042 1.561679 -1.632578
v -2.136841 1.497513 -1.714885
v -2.136841 1.543243 -1.572903
v -2.136841 1.561679 -1.632579
v -2.845400 1.497513 -1.714885
v -2.959474 1.543243 -1.572903
v -2.937639 1.561679 -1.632579
v -3.856657 1.531626 -1.687526
v -3.782108 1.543243 -1.572903
v -3.803943 1.561679 -1.632579
v -4.604742 1.531626 -1.687526
v -4.604742 1.543243 -1.572903
v -4.604742 1.561679 -1.632579
v -5.352827 1.531626 -1.687526
v -5.427375 1.543243 -1.572903
v -5.405540 1.561679 -1.632579
v -6.324558 1.531626 -1.687526
v -6.250009 1.543243 -1.572903
v -6.271844 1.561679 -1.632579
v -7.072643 1.531625 -1.687526
v -7.072643 1.543242 -1.572903
v -7.072643 1.561678 -1.632579
v -7.820728 1.531625 -1.687526
v -7.895276 1.543242 -1.572903
v -7.873441 1.561678 -1.632579
v 3.547046 1.254448 -1.909832
v 3.621595 1.208060 -1.841731
v 3.599760 1.240861 -1.889886
v 1.976328 1.208060 -1.841731
v 2.050877 1.254447 -1.909832
v 1.998163 1.240861 -1.889886
v 1.079145 1.254447 -1.909833
v 1.153694 1.208060 -1.841731
v 1.131859 1.240861 -1.889886
v -0.491573 1.208060 -1.841731
v -0.417025 1.254447 -1.909833
v -0.469738 1.240860 -1.889886
v -1.428281 1.254447 -1.909833
v -1.314207 1.208060 -1.841732
v -1.336042 1.240860 -1.889886
v -2.959474 1.208059 -1.841732
v -2.845400 1.254447 -1.909833
v -2.937639 1.240860 -1.889886
v -3.856657 1.254446 -1.909833
v -3.782108 1.208059 -1.841732
v -3.803943 1.240860 -1.889886
v -5.427375 1.208059 -1.841732
v -5.352827 1.254446 -1.909833
v -5.405540 1.240860 -1.889887
v -6.324558 1.254446 -1.909833
v -6.250009 1.208059 -1.841732
v -6.271844 1.240860 -1.889887
v -7.895276 1.208059 -1.841732
v -7.820728 1.254446 -1.909833
v -7.873441 1.240859 -1.889887
v 3.547046 0.939002 -2.075961
v 3.621595 0.826603 -2.042625
v 3.599760 0.875752 -2.082170
v 2.798962 0.826603 -2.042625
v 2.798962 0.939002 -2.075961
v 2.798962 0.875752 -2.082170
v 2.050877 0.939002 -2.075961
v 1.976328 0.826603 -2.042625
v 1.998163 0.875751 -2.082170
v 1.079146 0.939002 -2.075961
v 1.153694 0.826603 -2.042625
v 1.131859 0.875751 -2.082170
v 0.331060 0.826603 -2.042625
v 0.331060 0.939002 -2.075961
v 0.331060 0.875751 -2.082170
v -0.417024 0.939002 -2.075961
v -0.491573 0.826603 -2.042625
v -0.469738 0.875751 -2.082170
v -1.428281 0.977824 -2.055516
v -1.314207 0.826602 -2.042625
v -1.336042 0.875751 -2.082171
v -2.136841 0.826602 -2.042625
v -2.136841 0.977824 -2.055516
v -2.136841 0.875751 -2.082171
v -2.959474 0.826602 -2.042625
v -2.845400 0.977824 -2.055516
v -2.937639 0.875751 -2.082171
v -3.856657 0.939001 -2.075962
v -3.782108 0.826602 -2.042625
v -3.803943 0.875751 -2.082171
v -4.604742 0.826602 -2.042626
v -4.604742 0.939001 -2.075962
v -4.604742 0.875750 -2.082171
v -5.427375 0.826602 -2.042626
v -5.352827 0.939001 -2.075962
v -5.405540 0.875750 -2.082171
v -6.324558 0.939001 -2.075962
v -6.250009 0.826602 -2.042626
v -6.271844 0.875750 -2.082171
v -7.072643 0.826602 -2.042626
v -7.072643 0.939001 -2.075962
v -7.072643 0.875750 -2.082171
v -7.895276 0.826601 -2.042626
v -7.820728 0.939001 -2.075962
v -7.873441 0.875750 -2.082171
v 3.621595 0.388432 -2.173010
v 3.547046 0.313855 -2.261985
v 3.599760 0.369963 -2.232677
v 2.798962 0.313855 -2.261985
v 2.798962 0.388431 -2.173010
v 2.798962 0.369963 -2.232677
v 2.050877 0.313855 -2.261985
v 1.976328 0.388431 -2.173010
v 1.998163 0.369962 -2.232677
v 1.153694 0.388431 -2.173011
v 1.039620 0.269996 -2.266143
v 1.131859 0.369962 -2.232677
v 0.331061 0.269995 -2.266143
v 0.331061 0.388431 -2.173011
v 0.331061 0.369962 -2.232677
v -0.377499 0.269995 -2.266143
v -0.491573 0.388431 -2.173011
v -0.469738 0.369962 -2.232677
v -1.314207 0.388431 -2.173011
v -1.388755 0.313854 -2.261985
v -1.336042 0.369962 -2.232677
v -2.136840 0.313854 -2.261985
v -2.136841 0.388431 -2.173011
v -2.136841 0.369962 -2.232677
v -2.884925 0.313854 -2.261985
v -2.959474 0.388431 -2.173011
v -2.937639 0.369962 -2.232677
v -3.782108 0.388430 -2.173011
v -3.856657 0.313854 -2.261985
v -3.803943 0.369962 -2.232677
v -4.604742 0.313854 -2.261985
v -4.604742 0.388430 -2.173011
v -4.604742 0.369961 -2.232677
v -5.352827 0.313854 -2.261985
v -5.427375 0.388430 -2.173011
v -5.405540 0.369961 -2.232677
v -6.250009 0.388430 -2.173011
v -6.324558 0.313853 -2.261985
v -6.271844 0.369961 -2.232677
v -7.072643 0.313853 -2.261986
v -7.072643 0.388430 -2.173011
v -7.072643 0.369961 -2.232677
v -7.820728 0.313853 -2.261986
v -7.895276 0.388430 -2.173011
v -7.873441 0.369961 -2.232677
v 6.356648 0.534606 -1.784316
v 7.009773 0.868112 -1.564354
v 7.009773 1.338160 -1.185944
v 7.009775 1.406825 -1.103869
v 6.356648 1.853419 -0.163350
v 6.356648 1.785649 0.511635
v 6.356648 1.770579 0.560369
v 7.009775 1.546346 0.887523
v 7.009773 0.540647 1.697159
v 6.356648 0.169804 1.849071
v 6.356648 0.118138 1.854062
v 7.009773 -0.275791 1.776040
v 7.009775 -1.423185 1.174426
v 7.009773 -1.491850 1.092351
v 7.009775 -1.778494 0.566293
v 6.356649 -1.933355 0.202513
v 7.009773 -1.682392 -0.805401
v 7.009775 -1.631369 -0.899040
v 7.009773 -1.245612 -1.360134
v 7.009775 -1.161943 -1.427491
v 7.009775 -0.625670 -1.708675
v 6.356649 -1.938444 0.151832
v 7.009773 -0.857681 1.602888
v 7.009773 1.160588 1.348617
v 7.009773 1.693469 -0.577811
v 7.009775 0.083051 -1.797963
v 6.356648 0.484926 -1.799099
v 6.356648 1.848331 -0.214031
v 7.009773 1.076920 1.415974
v 7.009775 -0.953138 1.552837
v 7.009775 -1.858906 -0.234595
v 7.009775 -0.522094 -1.739496
v 7.342315 0.673286 -1.379076
v 7.342315 0.723851 -1.352563
v 7.342316 1.154550 -1.005831
v 7.342315 1.190922 -0.962355
v 7.342316 1.524827 0.117413
v 7.342316 1.519207 0.173384
v 7.342316 1.357470 0.696408
v 7.342315 1.330443 0.746009
v 7.342316 0.441278 1.461830
v 7.342316 0.386412 1.478156
v 7.342316 -0.168075 1.531729
v 7.342316 -0.225134 1.526216
v 7.342316 -1.239575 0.994314
v 7.342315 -1.275948 0.950838
v 7.342315 -1.538596 0.468816
v 7.342316 -1.555239 0.414996
v 7.342315 -1.442494 -0.707925
v 7.342315 -1.415467 -0.757526
v 7.342315 -1.062002 -1.180021
v 7.342315 -1.017681 -1.215701
v 7.342315 -0.526301 -1.473346
v 7.342315 -1.609851 -0.128930
v 7.342315 -0.758312 1.367559
v 7.342316 0.976978 1.168504
v 7.342316 1.453571 -0.480334
v 7.342315 0.083051 -1.543245
v 7.342315 0.140107 -1.537732
v 7.342315 1.470214 -0.426514
v 7.342316 0.932658 1.204184
v 7.342315 -0.808877 1.341046
v 7.342315 -1.604232 -0.184902
v 7.342315 -0.471436 -1.489673
v 9.798071 0.481816 -1.585338
v 9.798071 1.645815 -0.135045
v 9.798071 1.587663 0.444146
v 9.798071 1.567736 0.508586
v 9.798071 0.157601 1.643813
v 9.798071 0.089283 1.650414
v 9.798071 -1.724114 0.190544
v 9.798071 -1.730842 0.123528
v 9.798071 0.416125 -1.604885
v 9.798071 1.639087 -0.202061
v 9.880153 0.481816 -1.585337
v 9.880153 1.645815 -0.135045
v 9.880153 1.587663 0.444146
v 9.880153 1.567736 0.508586
v 9.880153 0.157600 1.643814
v 9.880153 0.089283 1.650414
v 9.880153 -1.724114 0.190544
v 9.880153 -1.730842 0.123528
v 9.880153 0.416124 -1.604885
v 9.880153 1.639087 -0.202061
v 10.030785 0.534312 -1.371819
v 10.030785 0.794908 -1.235180
v 10.030785 1.023323 -1.051296
v 10.030785 1.210778 -0.827233
v 10.030785 1.464809 -0.005759
v 10.030785 1.435846 0.282704
v 10.030785 1.350071 0.560082
v 10.030785 1.210780 0.815715
v 10.030785 0.534314 1.360302
v 10.030785 0.251551 1.444444
v 10.030785 -0.042513 1.472855
v 10.030785 -0.336577 1.444444
v 10.030785 -1.108351 1.039779
v 10.030785 -1.295806 0.815715
v 10.030785 -1.435097 0.560083
v 10.030785 -1.520873 0.282705
v 10.030785 -1.435097 -0.571598
v 10.030785 -1.295806 -0.827231
v 10.030785 -1.108351 -1.051295
v 10.030785 -0.879937 -1.235179
v 10.030785 -0.619341 -1.371818
v 10.030785 -1.549835 -0.005758
v 10.030785 -0.619340 1.360302
v 10.030785 1.023325 1.039779
v 10.030785 1.350070 -0.571600
v 10.030785 -0.042513 -1.484371
v 10.030785 0.251548 -1.455960
v 10.030785 1.435846 -0.294222
v 10.030785 0.794911 1.223663
v 10.030785 -0.879937 1.223664
v 10.030785 -1.520873 -0.294221
v 10.030785 -0.336577 -1.455960
v 5.543927 0.638560 -1.618701
v 5.650005 0.638560 -1.618701
v 5.650005 0.946253 -1.457369
v 5.543927 0.946253 -1.457369
v 5.650004 1.601746 -0.673862
v 5.543927 1.601746 -0.673862
v 5.543928 -1.522307 0.964176
v 5.650005 -1.522307 0.964176
v 5.650005 -1.686772 0.662344
v 5.543928 -1.686772 0.662344
v 5.543927 1.215948 -1.240252
v 5.650005 1.215948 -1.240252
v 5.650005 1.437281 -0.975694
v 5.543927 1.437281 -0.975694
v 5.543928 -1.822246 -0.005758
v 5.650005 -1.822246 -0.005758
v 5.543927 1.737221 -0.005760
v 5.650004 1.737221 -0.005760
v 5.650004 1.703024 0.334836
v 5.543927 1.703024 0.334836
v 5.543927 -0.042512 -1.751594
v 5.650005 -0.042512 -1.751594
v 5.650005 0.304694 -1.718049
v 5.543927 0.304694 -1.718049
v 5.543928 -1.788049 -0.346354
v 5.650005 -1.788049 -0.346354
v 5.650005 -1.686772 -0.673860
v 5.543928 -1.686772 -0.673860
v 5.543927 1.601748 0.662343
v 5.650004 1.601748 0.662343
v 5.650004 1.437283 0.964175
v 5.543927 1.437283 0.964175
v 6.210433 0.169803 1.849071
v 6.210433 0.534605 -1.784316
v 6.210433 0.484926 -1.799099
v 6.210433 0.118138 1.854062
v 6.210433 1.848330 -0.214031
v 6.210433 -1.933355 0.202513
v 6.210433 1.853419 -0.163350
v 6.210433 1.770579 0.560369
v 6.210433 1.785649 0.511635
v 6.210433 -1.938444 0.151832
v 5.543927 -1.300974 1.228734
v 5.650005 -1.300974 1.228734
v 5.650005 -1.031279 1.445851
v 5.543927 -1.031279 1.445851
v 5.543927 1.215950 1.228733
v 5.650004 1.215950 1.228733
v 5.650005 -0.723587 1.607184
v 5.543927 -0.723587 1.607184
v 5.650005 -0.389721 1.706532
v 5.543927 -0.389721 1.706532
v 5.543927 -0.042512 1.740078
v 5.650005 -0.042512 1.740078
v 5.650005 0.304697 1.706532
v 5.543927 0.304697 1.706532
v 5.650005 -1.788049 0.334837
v 5.543928 -1.788049 0.334837
v 5.543927 0.638563 1.607183
v 5.650004 0.638563 1.607183
v 5.650004 0.946256 1.445851
v 5.543927 0.946256 1.445851
v 5.543928 -0.723587 -1.618700
v 5.650005 -0.723587 -1.618700
v 5.650005 -1.031279 -1.457368
v 5.543928 -1.031279 -1.457368
v 5.650005 -1.300974 -1.240250
v 5.543928 -1.300974 -1.240250
v 5.543928 -1.522307 -0.975692
v 5.650005 -1.522307 -0.975692
v 5.650004 1.703024 -0.346356
v 5.543927 1.703024 -0.346356
v 5.650005 -0.389721 -1.718048
v 5.543927 -0.389721 -1.718048
v -9.422971 -0.042515 -1.896573
v -9.422971 -0.418557 -1.860242
v -9.422971 -0.780147 -1.752643
v -9.422971 -1.113391 -1.577913
v -9.422971 -1.405482 -1.342766
v -9.422971 -1.645195 -1.056239
v -9.422971 -1.823317 -0.729342
v -9.422971 -1.933004 -0.374639
v -9.422971 -1.970041 -0.005759
v -9.422971 -1.933005 0.363120
v -9.422971 -1.823317 0.717824
v -9.422971 -1.645195 1.044720
v -9.422971 -1.405482 1.331248
v -9.422971 -1.113391 1.566395
v -9.422971 -0.780147 1.741125
v -9.422971 -0.418556 1.848723
v -9.422971 -0.042514 1.885054
v -9.422971 0.333528 1.848722
v -9.422971 0.695118 1.741124
v -9.422971 1.028362 1.566394
v -9.422971 1.320453 1.331247
v -9.422971 1.560166 1.044719
v -9.422971 1.738288 0.717822
v -9.422971 1.847975 0.363118
v -9.422971 1.885012 -0.005761
v -9.422971 1.847974 -0.374641
v -9.422971 1.738287 -0.729344
v -9.422971 1.560163 -1.056241
v -9.422971 1.320450 -1.342768
v -9.422971 1.028359 -1.577915
v -9.422971 0.695115 -1.752644
v -9.422971 0.333524 -1.860242
v -9.569287 -0.042515 -1.306607
v -9.569287 -0.301225 -1.281611
v -9.569287 -0.549994 -1.207586
v -9.569287 -0.779260 -1.087374
v -9.569287 -0.980213 -0.925597
v -9.569287 -1.145131 -0.728472
v -9.569287 -1.267676 -0.503572
v -9.569287 -1.343139 -0.259542
v -9.569287 -1.368620 -0.005759
v -9.569287 -1.343140 0.248023
v -9.569287 -1.267676 0.492053
v -9.569287 -1.145131 0.716953
v -9.569287 -0.980213 0.914079
v -9.569287 -0.779259 1.075856
v -9.569287 -0.549993 1.196067
v -9.569287 -0.301225 1.270093
v -9.569287 -0.042514 1.295088
v -9.569287 0.216196 1.270093
v -9.569287 0.464964 1.196067
v -9.569287 0.694230 1.075855
v -9.569287 0.895184 0.914078
v -9.569287 1.060102 0.716952
v -9.569287 1.182647 0.492053
v -9.569287 1.258110 0.248022
v -9.569287 1.283591 -0.005761
v -9.569287 1.258110 -0.259543
v -9.569287 1.182646 -0.503573
v -9.569287 1.060101 -0.728473
v -9.569287 0.895182 -0.925599
v -9.569287 0.694228 -1.087376
v -9.569287 0.464962 -1.207586
v -9.569287 0.216193 -1.281612
v -9.569287 -0.042515 -1.511068
v -9.569287 -0.341888 -1.482144
v -9.569287 -0.629757 -1.396483
v -9.569287 -0.895058 -1.257378
v -9.569287 -1.127596 -1.070174
v -9.569287 -1.318436 -0.842064
v -9.569287 -1.460242 -0.581816
v -9.569287 -1.547566 -0.299431
v -9.569287 -1.577052 -0.005759
v -9.569287 -1.547566 0.287912
v -9.569287 -1.460242 0.570297
v -9.569287 -1.318436 0.830546
v -9.569287 -1.127596 1.058655
v -9.569287 -0.895058 1.245860
v -9.569287 -0.629757 1.384965
v -9.569287 -0.341888 1.470626
v -9.569287 -0.042514 1.499550
v -9.569287 0.256859 1.470626
v -9.569287 0.544728 1.384965
v -9.569287 0.810029 1.245859
v -9.569287 1.042567 1.058654
v -9.569287 1.233407 0.830545
v -9.569287 1.375213 0.570297
v -9.569287 1.462537 0.287911
v -9.569287 1.492022 -0.005761
v -9.569287 1.462536 -0.299432
v -9.569287 1.375212 -0.581818
v -9.569287 1.233405 -0.842066
v -9.569287 1.042565 -1.070175
v -9.569287 0.810026 -1.257379
v -9.569287 0.544725 -1.396484
v -9.569287 0.256856 -1.482145
v 3.554436 1.959543 0.323156
v 2.798961 1.959543 0.323156
v 1.976327 1.959543 0.323155
v 1.153694 1.959543 0.323155
v 0.331060 1.959542 0.323155
v -0.491574 1.959542 0.323155
v -1.314207 1.959542 0.323155
v -2.136841 1.959542 0.323155
v -2.959475 1.959542 0.323155
v -3.782108 1.959542 0.323155
v -4.604742 1.959542 0.323155
v -5.427376 1.959542 0.323155
v -6.250010 1.959542 0.323155
v -7.072643 1.959542 0.323155
v -7.828118 1.959542 0.323155
v 3.554436 1.986488 0.054787
v 2.798961 1.986488 0.054787
v 1.976327 1.986488 0.054787
v 1.153694 1.986488 0.054787
v 0.331060 1.986488 0.054787
v -0.491574 1.986488 0.054787
v -1.314207 1.986487 0.054786
v -2.136841 1.986487 0.054786
v -2.959475 1.986487 0.054786
v -3.782108 1.986487 0.054786
v -4.604742 1.986487 0.054786
v -5.427376 1.986487 0.054786
v -6.250010 1.986487 0.054786
v -7.072643 1.986487 0.054786
v -7.828118 1.986487 0.054786
v 3.621595 1.952205 0.396245
v 2.798961 1.952205 0.396245
v 1.976327 1.952204 0.396244
v 1.153694 1.952204 0.396244
v 0.331060 1.952204 0.396244
v -0.491574 1.952204 0.396244
v -1.314207 1.952204 0.396244
v -2.136841 1.952204 0.396244
v -2.959475 1.952203 0.396244
v -3.782108 1.952203 0.396244
v -4.604742 1.952203 0.396244
v -5.427376 1.952203 0.396244
v -6.250010 1.952203 0.396244
v -7.072643 1.952203 0.396244
v -7.895276 1.952203 0.396244
v 3.621595 1.993827 -0.018302
v 2.798961 1.993827 -0.018302
v 1.976327 1.993826 -0.018302
v 1.153694 1.993826 -0.018302
v 0.331060 1.993826 -0.018302
v -0.491574 1.993826 -0.018303
v -1.314207 1.993826 -0.018303
v -2.136841 1.993825 -0.018303
v -2.959475 1.993825 -0.018303
v -3.782108 1.993825 -0.018303
v -4.604742 1.993825 -0.018303
v -5.427376 1.993825 -0.018303
v -6.250010 1.993825 -0.018303
v -7.072643 1.993825 -0.018303
v -7.895276 1.993825 -0.018303
v -7.072643 2.009072 0.250716
v -7.072643 1.923426 0.319665
v -7.072643 1.980806 0.302591
v -7.072643 1.950371 0.051297
v -7.072643 2.020659 0.135312
v -7.072643 2.003253 0.079024
v -6.250010 2.009072 0.250716
v -6.250010 1.923426 0.319665
v -6.250010 1.980806 0.302591
v -6.250010 1.950371 0.051297
v -6.250010 2.020659 0.135312
v -6.250010 2.003253 0.079024
v -5.427376 2.009072 0.250716
v -5.427376 1.923426 0.319665
v -5.427376 1.980806 0.302591
v -5.427376 1.950371 0.051297
v -5.427376 2.020659 0.135312
v -5.427376 2.003253 0.079024
v -4.604742 2.009072 0.250716
v -4.604742 1.923426 0.319666
v -4.604742 1.980806 0.302591
v -4.604742 1.950371 0.051297
v -4.604742 2.020659 0.135312
v -4.604742 2.003253 0.079024
v -3.782108 2.009072 0.250716
v -3.782108 1.923426 0.319666
v -3.782108 1.980806 0.302591
v -3.782108 1.950371 0.051297
v -3.782108 2.020659 0.135312
v -3.782108 2.003253 0.079024
v -2.959475 2.009072 0.250716
v -2.959475 1.923426 0.319666
v -2.959475 1.980806 0.302591
v -2.959475 1.950371 0.051297
v -2.959475 2.020659 0.135312
v -2.959475 2.003253 0.079025
v -2.136841 2.009072 0.250716
v -2.136841 1.923426 0.319666
v -2.136841 1.980807 0.302591
v -2.136841 1.950371 0.051297
v -2.136841 2.020659 0.135312
v -2.136841 2.003253 0.079025
v -1.314207 2.009073 0.250717
v -1.314207 1.923426 0.319666
v -1.314207 1.980807 0.302591
v -1.314207 1.950371 0.051297
v -1.314207 2.020660 0.135312
v -1.314207 2.003254 0.079025
v -0.491574 2.009073 0.250717
v -0.491574 1.923427 0.319666
v -0.491574 1.980807 0.302591
v -0.491574 1.950372 0.051297
v -0.491574 2.020660 0.135312
v -0.491574 2.003254 0.079025
v 0.331060 2.009073 0.250717
v 0.331060 1.923427 0.319666
v 0.331060 1.980807 0.302591
v 0.331060 1.950372 0.051297
v 0.331060 2.020660 0.135312
v 0.331060 2.003254 0.079025
v 1.153694 2.009073 0.250717
v 1.153694 1.923427 0.319666
v 1.153694 1.980807 0.302592
v 1.153694 1.950372 0.051297
v 1.153694 2.020660 0.135312
v 1.153694 2.003254 0.079025
v 1.976327 2.009073 0.250717
v 1.976327 1.923427 0.319666
v 1.976327 1.980807 0.302592
v 1.976327 1.950372 0.051297
v 1.976327 2.020660 0.135312
v 1.976327 2.003254 0.079025
v 2.798961 2.009073 0.250717
v 2.798961 1.923427 0.319666
v 2.798961 1.980808 0.302592
v 2.798961 1.950372 0.051297
v 2.798961 2.020661 0.135312
v 2.798961 2.003255 0.079025
v 3.484161 2.009073 0.250717
v 3.554436 1.923427 0.319666
v 3.533854 1.980808 0.302592
v -7.757843 2.009072 0.250716
v -7.828118 1.923426 0.319665
v -7.807535 1.980806 0.302591
v 3.484161 2.020661 0.135312
v 3.554436 1.950372 0.051298
v 3.533854 2.003255 0.079024
v -7.757843 2.020659 0.135311
v -7.828118 1.950371 0.051297
v -7.807535 2.003253 0.079024
v -7.895277 1.958751 0.807402
v -8.856169 1.939593 0.618710
v -8.856169 1.959221 0.555236
v 4.711136 2.029947 0.090883
v 4.444229 1.958753 0.807403
v -7.895276 2.082018 0.408786
v -7.895276 2.123639 -0.005761
v -8.856169 2.032328 -0.172898
v -8.856169 2.025701 -0.238908
v 4.711136 2.029947 -0.102403
v 4.711324 2.040399 -0.005760
v -7.895276 2.082017 -0.420308
v 3.621595 1.958753 0.807403
v 3.621595 2.082019 0.408787
v 3.621595 2.123641 -0.005760
v 3.621595 2.082019 -0.420307
v -8.260028 2.189415 0.694407
v -8.353159 2.189415 0.694407
v -8.353159 2.209812 0.628447
v 4.079477 2.209814 0.628447
v 4.079477 2.189417 0.694408
v -8.260028 2.209812 0.628447
v -8.260028 2.292664 -0.196745
v -8.353158 2.292664 -0.196745
v -8.353158 2.285776 -0.265341
v 4.079477 2.285778 -0.265340
v 4.079477 2.292665 -0.196744
v -8.260028 2.285776 -0.265341
v 3.986347 2.189417 0.694408
v 3.986347 2.209814 0.628447
v 3.986347 2.292665 -0.196744
v 3.986347 2.285778 -0.265340
v -8.260028 2.255595 0.714100
v -8.353159 2.255595 0.714100
v -8.353159 2.275992 0.648140
v 4.079477 2.275995 0.648141
v 4.079477 2.255598 0.714101
v -8.260028 2.275992 0.648140
v -8.260028 2.361489 -0.203395
v -8.353159 2.361489 -0.203395
v -8.353158 2.354602 -0.271991
v 4.079477 2.354604 -0.271990
v 4.079477 2.361491 -0.203394
v -8.260028 2.354602 -0.271991
v 3.986347 2.255598 0.714101
v 3.986347 2.275995 0.648141
v 3.986347 2.361491 -0.203394
v 3.986347 2.354604 -0.271990
v -7.895276 -2.167047 -0.420306
v -8.856168 -2.044251 -0.566757
v -8.856169 -2.117358 0.161377
v 4.711324 -2.125424 -0.005758
v 4.711137 -2.114973 -0.102401
v -7.895276 -2.208668 -0.005759
v -7.895276 -0.042514 2.119137
v -8.856169 0.127868 2.029566
v -8.856169 0.195160 2.023064
v 4.711136 0.056008 2.027229
v 4.711324 -0.042512 2.037481
v -7.895276 0.380082 2.078307
v -7.895276 0.786434 -1.968908
v -8.856169 0.594078 -1.950115
v -8.856169 0.529372 -1.969370
v 4.711136 0.056004 -2.038745
v 4.444229 0.786436 -1.968907
v -7.895276 0.380078 -2.089827
v 3.621596 -2.167045 -0.420305
v 3.621596 -2.208667 -0.005758
v 3.621595 -0.042512 2.119138
v 3.621595 0.380084 2.078308
v 3.621595 0.786435 -1.968907
v 3.621595 0.380080 -2.089826
v -8.230588 -2.591742 -0.276461
v -8.382597 -2.591741 -0.276461
v -8.382597 -2.596595 -0.228117
v 4.108917 -2.596594 -0.228117
v 4.108917 -2.591739 -0.276461
v -8.230588 -2.596595 -0.228117
v -8.230589 0.184162 2.499675
v -8.382598 0.184162 2.499675
v -8.382598 0.233445 2.494913
v 4.108916 0.233447 2.494915
v 4.108916 0.184164 2.499676
v -8.230589 0.233445 2.494913
v -8.230589 0.725466 -2.405572
v -8.382598 0.725466 -2.405572
v -8.382598 0.678077 -2.419673
v 4.108916 0.678079 -2.419672
v 4.108916 0.725468 -2.405571
v -8.230589 0.678077 -2.419673
v 3.956908 -2.591739 -0.276461
v 3.956908 -2.596594 -0.228117
v 3.956907 0.184164 2.499676
v 3.956907 0.233447 2.494915
v 3.956908 0.725468 -2.405571
v 3.956908 0.678079 -2.419672
v -8.230588 -2.633655 -0.280511
v -8.382597 -2.633655 -0.280511
v -8.382597 -2.638509 -0.232167
v 4.108917 -2.638507 -0.232167
v 4.108917 -2.633653 -0.280511
v -8.230588 -2.638509 -0.232167
v -8.230589 0.188290 2.540790
v -8.382598 0.188290 2.540790
v -8.382598 0.237573 2.536029
v 4.108916 0.237575 2.536030
v 4.108916 0.188292 2.540791
v -8.230589 0.237573 2.536029
v -8.230589 0.737692 -2.445107
v -8.382598 0.737692 -2.445107
v -8.382598 0.690303 -2.459209
v 4.108916 0.690305 -2.459208
v 4.108916 0.737694 -2.445106
v -8.230589 0.690303 -2.459209
v 3.956908 -2.633653 -0.280511
v 3.956908 -2.638507 -0.232167
v 3.956907 0.188292 2.540791
v 3.956907 0.237575 2.536030
v 3.956908 0.737694 -2.445106
v 3.956908 0.690305 -2.459208
v 7.009775 -1.809914 0.464689
v 7.009775 -1.869515 -0.128930
v 7.009775 0.190765 -1.787556
v 7.009775 0.772655 -1.614405
v 7.009775 1.724889 -0.476207
v 7.009773 1.784491 0.117412
v 7.009773 1.773882 0.223077
v 7.009773 1.597368 0.793884
v 7.009775 0.437070 1.727980
v 7.009773 -0.168075 1.786447
v 6.356649 -2.155226 0.223949
v 6.356649 -2.160315 0.173268
v 6.356648 0.549643 -2.008381
v 6.356648 0.599323 -1.993597
v 6.356648 2.070202 -0.235467
v 6.356648 2.075290 -0.184786
v 6.356648 1.998993 0.575120
v 6.356648 1.983923 0.623853
v 6.356648 0.191656 2.066716
v 6.356648 0.139991 2.071707
v 6.210433 0.139991 2.071707
v 6.210433 0.191656 2.066716
v 6.210433 -2.160315 0.173268
v 6.210433 -2.155226 0.223949
v 6.210433 1.983923 0.623854
v 6.210433 1.998993 0.575120
v 6.210433 2.075290 -0.184786
v 6.210433 2.070201 -0.235467
v 6.210433 0.599322 -1.993597
v 6.210433 0.549643 -2.008381
v 6.356649 -2.212011 0.229436
v 6.356649 -2.217100 0.178755
v 6.356648 0.566206 -2.061943
v 6.356648 0.615886 -2.047160
v 6.356648 2.126986 -0.240954
v 6.356648 2.132075 -0.190272
v 6.356648 2.053596 0.591368
v 6.356648 2.038526 0.640101
v 6.356648 0.197249 2.122419
v 6.356648 0.145584 2.127411
v 6.210433 0.145584 2.127411
v 6.210433 0.197249 2.122419
v 6.210433 -2.217100 0.178755
v 6.210433 -2.212011 0.229436
v 6.210433 2.038526 0.640101
v 6.210433 2.053596 0.591368
v 6.210433 2.132075 -0.190272
v 6.210433 2.126986 -0.240954
v 6.210433 0.615886 -2.047160
v 6.210433 0.566206 -2.061943
v 9.798071 -1.889405 0.206513
v 9.798071 -1.896134 0.139497
v 9.798071 0.464338 -1.760798
v 9.798071 0.530030 -1.741250
v 9.798071 1.804378 -0.218031
v 9.798071 1.811107 -0.151015
v 9.798071 1.746603 0.491441
v 9.798071 1.726675 0.555881
v 9.798071 0.173881 1.805957
v 9.798071 0.105563 1.812557
v 9.880153 -1.889405 0.206513
v 9.880153 -1.896134 0.139497
v 9.880153 0.464338 -1.760797
v 9.880153 0.530030 -1.741250
v 9.880153 1.804378 -0.218031
v 9.880153 1.811107 -0.151015
v 9.880153 1.746602 0.491441
v 9.880153 1.726675 0.555881
v 9.880153 0.173881 1.805957
v 9.880153 0.105563 1.812557
v 9.798071 -1.940812 0.211480
v 9.798071 -1.947540 0.144464
v 9.798071 0.479333 -1.809287
v 9.798071 0.545025 -1.789739
v 9.798071 1.855785 -0.222998
v 9.798071 1.862514 -0.155982
v 9.798071 1.796034 0.506150
v 9.798071 1.776106 0.570590
v 9.798071 0.178944 1.856384
v 9.798071 0.110627 1.862985
v 9.880153 -1.940812 0.211480
v 9.880153 -1.947540 0.144464
v 9.880153 0.479333 -1.809287
v 9.880153 0.545025 -1.789739
v 9.880153 1.855785 -0.222998
v 9.880153 1.862514 -0.155982
v 9.880153 1.796034 0.506150
v 9.880153 1.776106 0.570590
v 9.880153 0.178944 1.856384
v 9.880153 0.110627 1.862985
v 0.331061 -0.398885 -2.261984
v 1.079146 -0.398885 -2.261984
v -0.417024 -0.398885 -2.261984
v -6.324557 -1.024032 -2.075960
v -7.072643 -1.024033 -2.075960
v -7.820728 -1.024033 -2.075960
v -7.072642 -1.616657 -1.687524
v -6.324557 -1.616656 -1.687524
v -7.820727 -1.616657 -1.687524
v -1.388755 -2.031090 -1.192152
v -2.136840 -2.031091 -1.192152
v -2.884925 -2.031091 -1.192152
v -2.136840 -2.303845 -0.546206
v -1.388755 -2.303845 -0.546206
v -2.884925 -2.303845 -0.546206
v 3.547047 -2.367877 0.091543
v 2.798962 -2.367877 0.091543
v 2.050877 -2.367877 0.091543
v 2.798962 -2.228828 0.777276
v 3.547047 -2.228828 0.777276
v 2.050877 -2.228828 0.777276
v -1.388755 -1.920876 1.342441
v -2.136840 -1.920876 1.342441
v -2.884925 -1.920876 1.342441
v -2.136840 -1.416891 1.836827
v -1.388755 -1.416891 1.836827
v -2.884925 -1.416891 1.836827
v -6.324558 -0.840752 2.138914
v -7.072643 -0.840752 2.138914
v -7.820728 -0.840752 2.138914
v -7.072643 -0.141704 2.275315
v -6.324558 -0.141704 2.275315
v -7.820728 -0.141705 2.275315
v -1.388756 0.508428 2.212502
v -2.136841 0.508428 2.212502
v -2.884926 0.508428 2.212502
v -2.136841 1.166916 1.944942
v -1.388756 1.166916 1.944942
v -2.884926 1.166916 1.944942
v 3.547046 1.671907 1.538401
v 2.798961 1.671907 1.538401
v 2.050876 1.671907 1.538401
v 2.798961 2.067885 0.957064
v 3.547046 2.067885 0.957064
v 2.050876 2.067885 0.957064
v 3.547046 2.218818 -0.546208
v 2.798961 2.218818 -0.546208
v 2.050876 2.218818 -0.546208
v 2.798961 1.946062 -1.192154
v 3.547046 1.946062 -1.192154
v 2.050876 1.946062 -1.192154
v -1.388756 1.531626 -1.687525
v -2.136841 1.531626 -1.687526
v -2.884926 1.531626 -1.687526
v -2.136841 0.939002 -2.075962
v -1.388756 0.939002 -2.075962
v -2.884926 0.939001 -2.075962
v 1.079146 0.313855 -2.261985
v 0.331061 0.313855 -2.261985
v -0.417024 0.313854 -2.261985
v -0.417024 -0.042514 -2.295767
v 1.079146 -0.042513 -2.295767
v -2.884926 1.254447 -1.909833
v -1.388756 1.254447 -1.909833
v 2.050876 2.114257 -0.882109
v 3.547046 2.114257 -0.882109
v 2.050876 1.898530 1.266501
v 3.547046 1.898531 1.266501
v -2.884926 0.850851 2.109933
v -1.388756 0.850851 2.109933
v -7.820728 -0.497947 2.240247
v -6.324558 -0.497947 2.240247
v -2.884925 -1.693235 1.613522
v -1.388755 -1.693235 1.613522
v 2.050877 -2.332129 0.441000
v 3.547047 -2.332129 0.441000
v -2.884925 -2.199285 -0.882107
v -1.388755 -2.199285 -0.882107
v -7.820728 -1.339478 -1.909831
v -6.324557 -1.339478 -1.909831
v -0.377499 -0.042513 -2.231657
v 0.331061 -0.042513 -2.231657
v 0.331061 -0.355026 -2.202032
v 0.331061 0.269995 -2.202033
v 1.039620 -0.042513 -2.231657
v -7.072643 -1.303169 -1.856526
v -7.072643 -1.026546 -2.002209
v -6.364082 -1.303169 -1.856526
v -7.781202 -1.303169 -1.856526
v -7.072643 -1.546235 -1.661578
v -2.136840 -2.138905 -0.857573
v -2.136840 -1.991411 -1.129461
v -1.428280 -2.138905 -0.857573
v -2.845400 -2.138905 -0.857573
v -2.136840 -2.230597 -0.563012
v 2.798962 -2.268030 0.428493
v 2.798962 -2.299378 0.122044
v 3.507522 -2.268030 0.428493
v 2.090402 -2.268031 0.428493
v 2.798962 -2.177442 0.723383
v -2.136840 -1.647022 1.568189
v -2.136840 -1.846647 1.330471
v -1.428281 -1.647022 1.568189
v -2.845400 -1.647022 1.568189
v -2.136840 -1.404688 1.764012
v -7.072643 -0.485197 2.177369
v -7.072643 -0.785812 2.088507
v -6.364083 -0.485197 2.177370
v -7.781202 -0.485197 2.177369
v -7.072643 -0.172798 2.208121
v -2.136841 0.825841 2.050703
v -2.136841 0.525560 2.140649
v -1.428281 0.825841 2.050703
v -2.845400 0.825841 2.050703
v -2.136841 1.103008 1.906017
v 2.798961 1.844190 1.230883
v 2.798961 1.645457 1.469320
v 3.507521 1.844190 1.230884
v 2.090401 1.844190 1.230883
v 2.798961 1.992702 0.959529
v 2.798961 2.053877 -0.857575
v 2.798961 2.145569 -0.563014
v 3.507521 2.053877 -0.857575
v 2.090401 2.053877 -0.857575
v 2.798961 1.906382 -1.129463
v -2.136841 1.218138 -1.856527
v -2.136841 1.461204 -1.661580
v -1.428281 1.218138 -1.856527
v -2.845400 1.218138 -1.856527
v -2.136841 0.941515 -2.002210
v 1.039620 -0.355025 -2.202032
v -0.377499 -0.355026 -2.202032
v -6.364082 -1.026546 -2.002209
v -7.781202 -1.026546 -2.002209
v -6.364082 -1.546235 -1.661578
v -7.781202 -1.546235 -1.661578
v -1.428280 -1.991411 -1.129460
v -2.845400 -1.991411 -1.129461
v -1.428280 -2.230597 -0.563012
v -2.845400 -2.230597 -0.563012
v 3.507522 -2.299378 0.122044
v 2.090402 -2.299379 0.122044
v 3.507522 -2.177442 0.723383
v 2.090402 -2.177443 0.723383
v -1.428281 -1.846647 1.330471
v -2.845400 -1.846647 1.330471
v -1.428281 -1.404688 1.764012
v -2.845400 -1.404688 1.764012
v -6.364083 -0.785812 2.088507
v -7.781202 -0.785813 2.088507
v -6.364083 -0.172798 2.208121
v -7.781202 -0.172798 2.208121
v -1.428281 0.525560 2.140649
v -2.845400 0.525560 2.140649
v -1.428281 1.103008 1.906017
v -2.845401 1.103007 1.906017
v 3.507521 1.645458 1.469320
v 2.090401 1.645457 1.469320
v 3.507521 1.992702 0.959529
v 2.090401 1.992702 0.959529
v 3.507521 2.145569 -0.563014
v 2.090401 2.145569 -0.563014
v 3.507521 1.906382 -1.129462
v 2.090402 1.906382 -1.129463
v -1.428281 1.461204 -1.661580
v -2.845400 1.461204 -1.661580
v -1.428281 0.941515 -2.002210
v -2.845400 0.941515 -2.002210
v 1.039620 0.269996 -2.202033
v -0.377499 0.269995 -2.202033
v -9.638791 -0.042515 -1.555649
v -9.638791 -0.350754 -1.525868
v -9.638791 -0.647148 -1.437671
v -9.638791 -0.920306 -1.294445
v -9.638791 -1.159732 -1.101697
v -9.638791 -1.356223 -0.866832
v -9.638791 -1.502229 -0.598876
v -9.638791 -1.592139 -0.308128
v -9.638791 -1.622498 -0.005759
v -9.638791 -1.592139 0.296609
v -9.638791 -1.502229 0.587358
v -9.638791 -1.356223 0.855313
v -9.638791 -1.159732 1.090178
v -9.638791 -0.920306 1.282927
v -9.638791 -0.647148 1.426152
v -9.638791 -0.350754 1.514350
v -9.638791 -0.042514 1.544131
v -9.638791 0.265725 1.514349
v -9.638791 0.562119 1.426152
v -9.638791 0.835277 1.282926
v -9.638791 1.074703 1.090178
v -9.638791 1.271194 0.855312
v -9.638791 1.417200 0.587357
v -9.638791 1.507110 0.296608
v -9.638791 1.537468 -0.005761
v -9.638791 1.507109 -0.308129
v -9.638791 1.417199 -0.598878
v -9.638791 1.271192 -0.866834
v -9.638791 1.074700 -1.101698
v -9.638791 0.835275 -1.294447
v -9.638791 0.562116 -1.437671
v -9.638791 0.265722 -1.525869
v -9.638791 -0.042515 -1.233774
v -9.638791 -0.286740 -1.210178
v -9.638791 -0.521580 -1.140297
v -9.638791 -0.738010 -1.026816
v -9.638791 -0.927713 -0.874097
v -9.638791 -1.083397 -0.688008
v -9.638791 -1.199081 -0.475700
v -9.638791 -1.270319 -0.245333
v -9.638791 -1.294373 -0.005759
v -9.638791 -1.270319 0.233814
v -9.638791 -1.199081 0.464181
v -9.638791 -1.083397 0.676489
v -9.638791 -0.927713 0.862578
v -9.638791 -0.738010 1.015298
v -9.638791 -0.521580 1.128779
v -9.638791 -0.286740 1.198660
v -9.638791 -0.042514 1.222256
v -9.638791 0.201711 1.198659
v -9.638791 0.436551 1.128778
v -9.638791 0.652981 1.015297
v -9.638791 0.842683 0.862578
v -9.638791 0.998368 0.676488
v -9.638791 1.114052 0.464181
v -9.638791 1.185290 0.233813
v -9.638791 1.209344 -0.005760
v -9.638791 1.185289 -0.245334
v -9.638791 1.114051 -0.475702
v -9.638791 0.998367 -0.688009
v -9.638791 0.842682 -0.874098
v -9.638791 0.652979 -1.026817
v -9.638791 0.436549 -1.140298
v -9.638791 0.201708 -1.210178
v -9.788865 -0.042515 -1.686755
v -9.835608 -0.042515 -1.738120
v -9.835608 -0.387044 -1.704834
v -9.788865 -0.376829 -1.654455
v -9.835608 -0.718333 -1.606252
v -9.788865 -0.698295 -1.558797
v -9.835608 -1.023651 -1.446165
v -9.788865 -0.994559 -1.403456
v -9.835608 -1.291264 -1.230724
v -9.788865 -1.254238 -1.194403
v -9.835608 -1.510888 -0.968208
v -9.788865 -1.467350 -0.939670
v -9.835608 -1.674084 -0.668705
v -9.788865 -1.625707 -0.649048
v -9.835608 -1.774579 -0.343726
v -9.788865 -1.723222 -0.333705
v -9.835608 -1.808512 -0.005759
v -9.788865 -1.756150 -0.005759
v -9.835608 -1.774579 0.332207
v -9.788865 -1.723223 0.322186
v -9.835608 -1.674084 0.657186
v -9.788865 -1.625707 0.637530
v -9.835608 -1.510888 0.956689
v -9.788865 -1.467350 0.928152
v -9.835608 -1.291264 1.219205
v -9.788865 -1.254238 1.182884
v -9.835608 -1.023651 1.434646
v -9.788865 -0.994559 1.391937
v -9.835608 -0.718333 1.594734
v -9.788865 -0.698294 1.547278
v -9.835608 -0.387044 1.693315
v -9.788865 -0.376828 1.642937
v -9.835608 -0.042515 1.726602
v -9.788865 -0.042514 1.675237
v -9.835608 0.302015 1.693315
v -9.788865 0.291799 1.642936
v -9.835608 0.633304 1.594733
v -9.788865 0.613265 1.547278
v -9.835608 0.938621 1.434646
v -9.788865 0.909530 1.391937
v -9.835608 1.206234 1.219204
v -9.788865 1.169208 1.182883
v -9.835608 1.425859 0.956688
v -9.788865 1.382321 0.928151
v -9.835608 1.589054 0.657185
v -9.788865 1.540678 0.637529
v -9.835608 1.689550 0.332206
v -9.788865 1.638193 0.322185
v -9.835608 1.723482 -0.005761
v -9.788865 1.671120 -0.005761
v -9.835608 1.689549 -0.343728
v -9.788865 1.638192 -0.333707
v -9.835608 1.589053 -0.668707
v -9.788865 1.540676 -0.649050
v -9.835608 1.425857 -0.968209
v -9.788865 1.382319 -0.939672
v -9.835608 1.206232 -1.230725
v -9.788865 1.169206 -1.194404
v -9.835608 0.938618 -1.446166
v -9.788865 0.909527 -1.403458
v -9.835608 0.633300 -1.606253
v -9.788865 0.613262 -1.558798
v -9.835608 0.302011 -1.704834
v -9.788865 0.291796 -1.654455
v -9.835608 -0.042515 -1.845208
v -9.601406 -0.125643 -1.888542
v -9.601406 -0.335429 -1.868273
v -9.835608 -0.408341 -1.809863
v -9.526480 -0.780148 -1.752643
v -9.835608 -0.760109 -1.705188
v -9.526480 -1.113391 -1.577913
v -9.835608 -1.084300 -1.535205
v -9.526480 -1.405482 -1.342766
v -9.835608 -1.368456 -1.306446
v -9.526480 -1.645195 -1.056239
v -9.835608 -1.601657 -1.027702
v -9.526480 -1.823317 -0.729342
v -9.835608 -1.774940 -0.709686
v -9.526480 -1.933004 -0.374639
v -9.835608 -1.881648 -0.364618
v -9.601406 -1.961854 0.075785
v -9.835608 -1.917679 -0.005759
v -9.601406 -1.941192 0.281576
v -9.835608 -1.881648 0.353099
v -9.526480 -1.823317 0.717823
v -9.835608 -1.774940 0.698167
v -9.526480 -1.645195 1.044720
v -9.835608 -1.601657 1.016183
v -9.526480 -1.405482 1.331248
v -9.835608 -1.368456 1.294927
v -9.526480 -1.113391 1.566395
v -9.835608 -1.084300 1.523686
v -9.526480 -0.780147 1.741125
v -9.835608 -0.760109 1.693669
v -9.526480 -0.418556 1.848723
v -9.835608 -0.408341 1.798344
v -9.601406 0.040613 1.877023
v -9.835608 -0.042514 1.833689
v -9.601406 0.250400 1.856754
v -9.835608 0.323312 1.798344
v -9.526480 0.695118 1.741124
v -9.835608 0.675080 1.693669
v -9.526480 1.028362 1.566394
v -9.835608 0.999271 1.523685
v -9.526480 1.320453 1.331247
v -9.835608 1.283427 1.294926
v -9.526480 1.560166 1.044719
v -9.835608 1.516627 1.016182
v -9.526480 1.738288 0.717822
v -9.835608 1.689911 0.698166
v -9.526480 1.847975 0.363118
v -9.835608 1.796618 0.353098
v -9.601406 1.876824 -0.087305
v -9.835608 1.832649 -0.005761
v -9.601406 1.856162 -0.293096
v -9.835608 1.796618 -0.364620
v -9.526480 1.738287 -0.729344
v -9.835608 1.689910 -0.709688
v -9.526480 1.560163 -1.056241
v -9.835608 1.516625 -1.027704
v -9.526480 1.320450 -1.342768
v -9.835608 1.283424 -1.306447
v -9.526480 1.028359 -1.577915
v -9.835608 0.999268 -1.535206
v -9.526480 0.695115 -1.752644
v -9.835608 0.675076 -1.705189
v -9.526480 0.333524 -1.860242
v -9.835608 0.323308 -1.809863
v -9.700443 -0.042515 -1.504284
v -9.653699 -0.042515 -1.555649
v -9.653699 -0.350754 -1.525868
v -9.700443 -0.340539 -1.475490
v -9.653699 -0.647148 -1.437671
v -9.700443 -0.627110 -1.390215
v -9.653699 -0.920306 -1.294445
v -9.700443 -0.891215 -1.251737
v -9.653699 -1.159732 -1.101697
v -9.700443 -1.122705 -1.065376
v -9.653699 -1.356223 -0.866832
v -9.700443 -1.312685 -0.838295
v -9.653699 -1.502229 -0.598876
v -9.700443 -1.453852 -0.579220
v -9.653699 -1.592139 -0.308128
v -9.700443 -1.540782 -0.298107
v -9.653699 -1.622498 -0.005759
v -9.700443 -1.570135 -0.005759
v -9.653699 -1.592139 0.296609
v -9.700443 -1.540782 0.286588
v -9.653699 -1.502229 0.587358
v -9.700443 -1.453852 0.567701
v -9.653699 -1.356223 0.855313
v -9.700443 -1.312685 0.826776
v -9.653699 -1.159732 1.090178
v -9.700443 -1.122705 1.053857
v -9.653699 -0.920306 1.282927
v -9.700443 -0.891215 1.240218
v -9.653699 -0.647148 1.426152
v -9.700443 -0.627110 1.378697
v -9.653699 -0.350754 1.514350
v -9.700443 -0.340538 1.463971
v -9.653699 -0.042514 1.544131
v -9.700443 -0.042514 1.492765
v -9.653699 0.265725 1.514349
v -9.700443 0.255509 1.463971
v -9.653699 0.562119 1.426152
v -9.700443 0.542081 1.378696
v -9.653699 0.835277 1.282926
v -9.700443 0.806186 1.240218
v -9.653699 1.074703 1.090178
v -9.700443 1.037677 1.053857
v -9.653699 1.271194 0.855312
v -9.700443 1.227656 0.826775
v -9.653699 1.417200 0.587357
v -9.700443 1.368823 0.567700
v -9.653699 1.507110 0.296608
v -9.700443 1.455753 0.286587
v -9.653699 1.537468 -0.005761
v -9.700443 1.485106 -0.005761
v -9.653699 1.507109 -0.308129
v -9.700443 1.455752 -0.298109
v -9.653699 1.417199 -0.598878
v -9.700443 1.368822 -0.579221
v -9.653699 1.271192 -0.866834
v -9.700443 1.227654 -0.838296
v -9.653699 1.074700 -1.101698
v -9.700443 1.037674 -1.065377
v -9.653699 0.835275 -1.294447
v -9.700443 0.806184 -1.251738
v -9.653699 0.562116 -1.437671
v -9.700443 0.542078 -1.390216
v -9.653699 0.265722 -1.525869
v -9.700443 0.255507 -1.475490
v -9.653699 -0.042515 -1.233774
v -9.700443 -0.042515 -1.285140
v -9.700443 -0.296956 -1.260557
v -9.653699 -0.286740 -1.210178
v -9.700443 -0.541619 -1.187752
v -9.653699 -0.521580 -1.140297
v -9.700443 -0.767101 -1.069525
v -9.653699 -0.738010 -1.026816
v -9.700443 -0.964739 -0.910418
v -9.653699 -0.927713 -0.874097
v -9.700443 -1.126935 -0.716545
v -9.653699 -1.083397 -0.688008
v -9.700443 -1.247458 -0.495357
v -9.653699 -1.199081 -0.475700
v -9.700443 -1.321676 -0.255354
v -9.653699 -1.270319 -0.245333
v -9.700443 -1.346736 -0.005759
v -9.653699 -1.294373 -0.005759
v -9.700443 -1.321676 0.243835
v -9.653699 -1.270319 0.233814
v -9.700443 -1.247458 0.483838
v -9.653699 -1.199081 0.464181
v -9.700443 -1.126935 0.705026
v -9.653699 -1.083397 0.676489
v -9.700443 -0.964739 0.898899
v -9.653699 -0.927713 0.862578
v -9.700443 -0.767101 1.058007
v -9.653699 -0.738010 1.015298
v -9.700443 -0.541619 1.176234
v -9.653699 -0.521580 1.128779
v -9.700443 -0.296955 1.249038
v -9.653699 -0.286740 1.198660
v -9.700443 -0.042514 1.273621
v -9.653699 -0.042514 1.222256
v -9.700443 0.211926 1.249038
v -9.653699 0.201711 1.198659
v -9.700443 0.456590 1.176234
v -9.653699 0.436551 1.128778
v -9.700443 0.682072 1.058006
v -9.653699 0.652981 1.015297
v -9.700443 0.879709 0.898898
v -9.653699 0.842683 0.862578
v -9.700443 1.041906 0.705025
v -9.653699 0.998368 0.676488
v -9.700443 1.162429 0.483837
v -9.653699 1.114052 0.464181
v -9.700443 1.236647 0.243834
v -9.653699 1.185290 0.233813
v -9.700443 1.261707 -0.005761
v -9.653699 1.209344 -0.005761
v -9.700443 1.236646 -0.255355
v -9.653699 1.185289 -0.245334
v -9.700443 1.162428 -0.495358
v -9.653699 1.114051 -0.475702
v -9.700443 1.041905 -0.716546
v -9.653699 0.998367 -0.688009
v -9.700443 0.879708 -0.910419
v -9.653699 0.842682 -0.874098
v -9.700443 0.682070 -1.069526
v -9.653699 0.652979 -1.026817
v -9.700443 0.456587 -1.187753
v -9.653699 0.436549 -1.140298
v -9.700443 0.211924 -1.260557
v -9.653699 0.201708 -1.210178
v 5.543928 -1.325315 -1.264128
v 5.456803 -1.394327 -1.331825
v 5.456803 -1.632078 -1.047642
v 5.543928 -1.550929 -0.994453
v 5.543927 0.311413 1.739651
v 5.456803 0.330453 1.833549
v 5.456802 0.689085 1.726831
v 5.543927 0.651736 1.638381
v 5.543927 0.651733 -1.649899
v 5.456803 0.689081 -1.738349
v 5.456803 0.330449 -1.845066
v 5.543927 0.311409 -1.751168
v 5.543927 -0.396437 -1.751167
v 5.456803 -0.415477 -1.845066
v 5.456803 -0.774109 -1.738348
v 5.543928 -0.736760 -1.649897
v 5.543927 -0.396437 1.739651
v 5.456803 -0.415477 1.833549
v 5.456803 -0.042512 1.869584
v 5.543927 -0.042512 1.773846
v 5.543927 1.240289 -1.264130
v 5.456803 1.309300 -1.331827
v 5.456803 1.019599 -1.565049
v 5.543927 0.965377 -1.485446
v 5.543927 -0.042512 -1.785362
v 5.456803 -0.042513 -1.881100
v 5.543928 -1.550929 0.982937
v 5.456803 -1.632078 1.036126
v 5.456803 -1.394327 1.320309
v 5.543927 -1.325315 1.252612
v 5.543927 1.736786 -0.352943
v 5.456802 1.832507 -0.371621
v 5.456802 1.723717 -0.723422
v 5.543927 1.633549 -0.686785
v 5.543928 -1.821811 0.341425
v 5.456803 -1.917533 0.360103
v 5.456803 -1.808743 0.711904
v 5.543928 -1.718575 0.675267
v 5.543927 1.771645 -0.005760
v 5.456802 1.869241 -0.005760
v 5.456803 -1.808743 -0.723420
v 5.543928 -1.718575 -0.686783
v 5.543927 1.633551 0.675265
v 5.456802 1.723719 0.711903
v 5.456802 1.832508 0.360101
v 5.543927 1.736786 0.341424
v 5.543928 -1.050404 -1.485444
v 5.456803 -1.104626 -1.565048
v 5.543927 0.965380 1.473928
v 5.456802 1.019602 1.553531
v 5.456802 1.309303 1.320308
v 5.543927 1.240291 1.252611
v 5.543928 -1.856670 -0.005758
v 5.456803 -1.954267 -0.005758
v 5.543927 -0.736760 1.638381
v 5.456803 -0.774109 1.726832
v 5.543927 -1.050404 1.473928
v 5.456803 -1.104626 1.553532
v 5.456802 1.547054 1.036125
v 5.543927 1.465905 0.982936
v 5.456802 1.547052 -1.047644
v 5.543927 1.465903 -0.994455
v 5.543928 -1.821811 -0.352942
v 5.456803 -1.917533 -0.371619
v 5.726920 -1.394327 -1.331825
v 5.650005 -1.333403 -1.272061
v 5.650005 -1.560439 -1.000686
v 5.726920 -1.632078 -1.047642
v 5.650004 0.656113 1.648746
v 5.726919 0.689085 1.726831
v 5.726920 -0.415477 -1.845066
v 5.650005 -0.398668 -1.762171
v 5.650005 -0.741137 -1.660263
v 5.726920 -0.774109 -1.738348
v 5.726919 -0.415477 1.833549
v 5.650005 -0.398668 1.750655
v 5.726919 1.309300 -1.331827
v 5.650005 1.248376 -1.272063
v 5.650005 0.971732 -1.494775
v 5.726919 1.019599 -1.565049
v 5.726919 -0.042512 -1.881100
v 5.650005 -0.042512 -1.796581
v 5.726920 -1.632078 1.036126
v 5.650005 -1.560439 0.989170
v 5.650005 -1.333403 1.260545
v 5.726919 -1.394327 1.320309
v 5.650004 1.644116 -0.691078
v 5.726919 1.723717 -0.723422
v 5.650005 -1.729142 0.679560
v 5.726920 -1.808743 0.711904
v 5.650005 -1.729142 -0.691076
v 5.726920 -1.808743 -0.723420
v 5.726920 -1.104626 -1.565048
v 5.650005 -1.056758 -1.494773
v 5.726919 1.019602 1.553531
v 5.650004 0.971734 1.483256
v 5.650004 1.248379 1.260544
v 5.726919 1.309303 1.320308
v 5.726919 -0.774109 1.726832
v 5.650005 -0.741137 1.648747
v 5.726919 -1.104626 1.553532
v 5.650005 -1.056758 1.483257
v 5.650004 1.475415 0.989169
v 5.726919 1.547054 1.036125
v 5.650005 1.475413 -1.000688
v 5.726919 1.547052 -1.047644
v 5.726920 -1.917533 -0.371619
v 5.650005 -1.833029 -0.355130
v 5.650005 -0.042512 1.785065
v 5.726919 -0.042512 1.869584
v 5.726919 0.330453 1.833549
v 5.650005 0.313644 1.750655
v 5.726920 -1.954267 -0.005758
v 5.650005 -1.868107 -0.005758
v 5.726920 -1.917533 0.360103
v 5.650005 -1.833029 0.343614
v 5.726919 1.723719 0.711903
v 5.650004 1.644117 0.679559
v 5.650004 1.748004 0.343613
v 5.726919 1.832508 0.360101
v 5.726919 1.869242 -0.005760
v 5.650004 1.783082 -0.005760
v 5.726919 1.832507 -0.371621
v 5.650004 1.748003 -0.355132
v 5.726919 0.689082 -1.738349
v 5.650005 0.656110 -1.660264
v 5.650005 0.313641 -1.762172
v 5.726919 0.330449 -1.845066
v 9.647439 0.551050 -1.411459
v 9.608394 0.534312 -1.371819
v 9.608394 0.794908 -1.235181
v 9.647439 0.819209 -1.270856
v 9.647439 1.054252 -1.081636
v 9.608394 1.023323 -1.051296
v 9.608394 1.210778 -0.827233
v 9.647439 1.247146 -0.851070
v 9.647439 1.508548 -0.005759
v 9.608394 1.464809 -0.005759
v 9.608394 1.435846 0.282704
v 9.647439 1.478745 0.291074
v 9.647439 1.390481 0.576501
v 9.608394 1.350071 0.560082
v 9.608394 1.210780 0.815715
v 9.647439 1.247148 0.839552
v 9.647439 0.551053 1.399942
v 9.608394 0.534315 1.360302
v 9.608394 0.251551 1.444443
v 9.647439 0.260085 1.486525
v 9.647439 -0.042513 1.515761
v 9.608394 -0.042513 1.472855
v 9.608394 -0.336577 1.444444
v 9.647439 -0.345110 1.486525
v 9.647439 -1.139279 1.070118
v 9.608394 -1.108351 1.039779
v 9.608394 -1.295806 0.815715
v 9.647439 -1.332174 0.839553
v 9.647439 -1.475507 0.576502
v 9.608394 -1.435097 0.560083
v 9.608394 -1.520873 0.282705
v 9.647439 -1.563771 0.291076
v 9.647439 -1.475507 -0.588018
v 9.608394 -1.435097 -0.571598
v 9.608394 -1.295806 -0.827231
v 9.647439 -1.332174 -0.851068
v 9.647439 -1.139279 -1.081634
v 9.608394 -1.108351 -1.051295
v 9.608394 -0.879936 -1.235179
v 9.647439 -0.904237 -1.270854
v 9.608394 -0.619340 -1.371818
v 9.647439 -0.636079 -1.411458
v 9.608394 -1.549835 -0.005758
v 9.647439 -1.593575 -0.005758
v 9.608394 -0.619340 1.360302
v 9.647439 -0.636078 1.399942
v 9.608394 1.023325 1.039778
v 9.647439 1.054254 1.070118
v 9.608394 1.350070 -0.571600
v 9.647439 1.390480 -0.588019
v 9.647439 -0.042513 -1.527277
v 9.608394 -0.042513 -1.484371
v 9.608394 0.251549 -1.455960
v 9.647439 0.260082 -1.498042
v 9.608394 1.435846 -0.294222
v 9.647439 1.478745 -0.302593
v 9.608394 0.794911 1.223663
v 9.647439 0.819211 1.259338
v 9.608394 -0.879936 1.223664
v 9.647439 -0.904237 1.259339
v 9.608394 -1.520872 -0.294221
v 9.647439 -1.563771 -0.302592
v 9.608394 -0.336577 -1.455960
v 9.647439 -0.345110 -1.498041
v 9.991738 0.504778 -1.301877
v 10.030785 0.521517 -1.341517
v 10.030785 0.776332 -1.207909
v 9.991738 0.752032 -1.172234
v 9.991738 0.968752 -0.997765
v 10.030785 0.999681 -1.028104
v 10.030785 1.182978 -0.809011
v 9.991738 1.146610 -0.785173
v 9.991738 1.387634 -0.005759
v 10.030785 1.431373 -0.005759
v 10.030785 1.403053 0.276305
v 9.991738 1.360154 0.267935
v 9.991738 1.278771 0.531111
v 10.030785 1.319181 0.547530
v 10.030785 1.182979 0.797493
v 9.991738 1.146611 0.773655
v 9.991738 0.504781 1.290360
v 10.030785 0.521519 1.330000
v 10.030785 0.245028 1.412275
v 9.991738 0.236495 1.370194
v 9.991738 -0.042513 1.397150
v 10.030785 -0.042513 1.440057
v 10.030785 -0.330054 1.412275
v 9.991738 -0.321521 1.370194
v 9.991738 -1.053780 0.986248
v 10.030785 -1.084709 1.016587
v 10.030785 -1.268005 0.797493
v 9.991738 -1.231637 0.773656
v 9.991738 -1.363797 0.531112
v 10.030785 -1.404207 0.547531
v 10.030785 -1.488080 0.276306
v 9.991738 -1.445181 0.267936
v 9.991738 -1.363797 -0.542627
v 10.030785 -1.404207 -0.559047
v 10.030785 -1.268005 -0.809009
v 9.991738 -1.231637 -0.785172
v 9.991738 -1.053780 -0.997764
v 10.030785 -1.084709 -1.028103
v 10.030785 -0.861361 -1.207908
v 9.991738 -0.837061 -1.172233
v 10.030785 -0.606546 -1.341516
v 9.991738 -0.589807 -1.301876
v 10.030785 -1.516400 -0.005758
v 9.991738 -1.472661 -0.005758
v 10.030785 -0.606545 1.330000
v 9.991738 -0.589807 1.290360
v 10.030785 0.999683 1.016587
v 9.991738 0.968754 0.986247
v 10.030785 1.319180 -0.559048
v 9.991738 1.278770 -0.542629
v 9.991738 -0.042513 -1.408666
v 10.030785 -0.042513 -1.451572
v 10.030785 0.245025 -1.423791
v 9.991738 0.236492 -1.381710
v 10.030785 1.403053 -0.287824
v 9.991738 1.360154 -0.279453
v 10.030785 0.776335 1.196392
v 9.991738 0.752035 1.160717
v 10.030785 -0.861361 1.196393
v 9.991738 -0.837061 1.160717
v 10.030785 -1.488080 -0.287822
v 9.991738 -1.445181 -0.279452
v 10.030785 -0.330054 -1.423791
v 9.991738 -0.321521 -1.381709
v 9.647439 0.878382 -1.357728
v 9.686485 0.902682 -1.393403
v 9.686485 1.160493 -1.185854
v 9.647439 1.129565 -1.155514
v 9.647439 1.335705 -0.909117
v 9.686485 1.372073 -0.932954
v 9.647439 1.335707 0.897598
v 9.686485 1.372075 0.921435
v 9.686485 0.608550 1.536109
v 9.647439 0.591812 1.496469
v 9.647439 -0.365889 1.588998
v 9.686485 -0.374422 1.631080
v 9.686485 -1.245521 1.174337
v 9.647439 -1.214592 1.143997
v 9.647439 -1.420733 0.897599
v 9.686485 -1.457101 0.921436
v 9.686485 -1.614318 0.632904
v 9.647439 -1.573909 0.616485
v 9.686485 -1.614318 -0.644420
v 9.647439 -1.573909 -0.628001
v 9.647439 -1.420733 -0.909115
v 9.686485 -1.457101 -0.932952
v 9.686485 -1.245521 -1.185852
v 9.647439 -1.214592 -1.155513
v 9.647439 -0.963410 -1.357727
v 9.686485 -0.987710 -1.393402
v 9.647439 -0.676838 -1.507985
v 9.686485 -0.693576 -1.547625
v 9.647439 -0.676838 1.496470
v 9.686485 -0.693576 1.536110
v 9.647439 1.129567 1.143997
v 9.686485 1.160495 1.174336
v 9.647439 1.488882 -0.628002
v 9.686485 1.529291 -0.644422
v 9.686485 -0.042513 -1.674663
v 9.647439 -0.042513 -1.631757
v 9.647439 0.878384 1.346211
v 9.686485 0.902685 1.381886
v 9.647439 -0.963410 1.346211
v 9.686485 -0.987710 1.381886
v 9.647439 -1.668234 -0.322975
v 9.686485 -1.711133 -0.331345
v 9.647439 -0.365889 -1.600514
v 9.686485 -0.374422 -1.642596
v 9.991738 0.902682 -1.393403
v 10.030785 0.878382 -1.357728
v 10.030785 1.129565 -1.155514
v 9.991738 1.160493 -1.185854
v 9.991738 1.372073 -0.932954
v 10.030785 1.335705 -0.909116
v 9.991738 1.372075 0.921435
v 10.030785 1.335707 0.897598
v 10.030785 0.591812 1.496469
v 9.991738 0.608550 1.536109
v 9.991738 -0.374422 1.631080
v 10.030785 -0.365889 1.588998
v 10.030785 -1.214593 1.143997
v 9.991738 -1.245521 1.174337
v 9.991738 -1.457101 0.921436
v 10.030785 -1.420733 0.897599
v 10.030785 -1.573909 0.616485
v 9.991738 -1.614319 0.632904
v 10.030785 -1.573909 -0.628001
v 9.991738 -1.614319 -0.644420
v 9.991738 -1.457101 -0.932952
v 10.030785 -1.420733 -0.909114
v 10.030785 -1.214593 -1.155513
v 9.991738 -1.245521 -1.185852
v 9.991738 -0.987710 -1.393402
v 10.030785 -0.963410 -1.357727
v 9.991738 -0.693577 -1.547625
v 10.030785 -0.676838 -1.507985
v 9.991738 -0.693576 1.536110
v 10.030785 -0.676838 1.496470
v 9.991738 1.160495 1.174336
v 10.030785 1.129567 1.143997
v 9.991738 1.529291 -0.644422
v 10.030785 1.488881 -0.628002
v 10.030785 -0.042513 -1.631757
v 9.991738 -0.042513 -1.674663
v 9.991738 0.902684 1.381886
v 10.030785 0.878384 1.346211
v 9.991738 -0.987710 1.381886
v 10.030785 -0.963410 1.346211
v 9.991738 -1.711133 -0.331345
v 10.030785 -1.668234 -0.322975
v 9.991738 -0.374422 -1.642596
v 10.030785 -0.365889 -1.600514
v 8.914740 0.458821 -1.193039
v 8.875694 0.475559 -1.232679
v 8.875694 0.709613 -1.109958
v 8.914740 0.685312 -1.074283
v 8.914740 0.883834 -0.914464
v 8.875694 0.914762 -0.944803
v 8.875694 1.083124 -0.743562
v 8.914740 1.046756 -0.719724
v 8.914740 1.267541 -0.005759
v 8.875694 1.311280 -0.005759
v 8.875694 1.285268 0.253323
v 8.914740 1.242369 0.244952
v 8.914740 1.167820 0.486029
v 8.875694 1.208229 0.502448
v 8.875694 1.083125 0.732044
v 8.914740 1.046758 0.708206
v 8.914740 0.458823 1.181522
v 8.875694 0.475562 1.221162
v 8.875694 0.221599 1.296733
v 8.914740 0.213066 1.254652
v 8.914740 -0.042513 1.279345
v 8.875694 -0.042513 1.322251
v 8.875694 -0.306625 1.296734
v 8.914740 -0.298092 1.254652
v 8.914740 -0.968862 0.902947
v 8.875694 -0.999791 0.933286
v 8.875694 -1.168152 0.732044
v 8.914740 -1.131784 0.708207
v 8.914740 -1.252846 0.486029
v 8.875694 -1.293256 0.502449
v 8.875694 -1.370295 0.253324
v 8.914740 -1.327396 0.244953
v 8.914740 -1.252846 -0.497545
v 8.875694 -1.293256 -0.513965
v 8.875694 -1.168152 -0.743560
v 8.914740 -1.131784 -0.719723
v 8.914740 -0.968862 -0.914463
v 8.875694 -0.999791 -0.944802
v 8.875694 -0.794641 -1.109957
v 8.914740 -0.770341 -1.074282
v 8.875694 -0.560588 -1.232678
v 8.914740 -0.543850 -1.193038
v 8.875694 -1.396308 -0.005758
v 8.914740 -1.352568 -0.005758
v 8.875694 -0.560588 1.221162
v 8.914740 -0.543850 1.181522
v 8.875694 0.914764 0.933286
v 8.914740 0.883836 0.902946
v 8.875694 1.208228 -0.513966
v 8.914740 1.167819 -0.497547
v 8.914740 -0.042513 -1.290861
v 8.875694 -0.042513 -1.333767
v 8.875694 0.221596 -1.308250
v 8.914740 0.213063 -1.266168
v 8.875694 1.285267 -0.264841
v 8.914740 1.242369 -0.256470
v 8.875694 0.709615 1.098441
v 8.914740 0.685315 1.062765
v 8.875694 -0.794641 1.098441
v 8.914740 -0.770341 1.062766
v 8.875694 -1.370295 -0.264840
v 8.914740 -1.327396 -0.256469
v 8.875694 -0.306626 -1.308249
v 8.914740 -0.298093 -1.266168
v 8.875694 0.488040 -1.262237
v 8.914740 0.504778 -1.301877
v 8.914740 0.752032 -1.172234
v 8.875694 0.727732 -1.136559
v 8.875694 0.937824 -0.967426
v 8.914740 0.968752 -0.997765
v 8.914740 1.146610 -0.785173
v 8.875694 1.110242 -0.761336
v 8.875694 1.343895 -0.005759
v 8.914740 1.387634 -0.005759
v 8.914740 1.360154 0.267935
v 8.875694 1.317255 0.259564
v 8.875694 1.238361 0.514691
v 8.914740 1.278771 0.531111
v 8.914740 1.146611 0.773655
v 8.875694 1.110243 0.749818
v 8.875694 0.488042 1.250720
v 8.914740 0.504781 1.290360
v 8.914740 0.236495 1.370193
v 8.875694 0.227962 1.328112
v 8.875694 -0.042513 1.354244
v 8.914740 -0.042513 1.397150
v 8.914740 -0.321521 1.370194
v 8.875694 -0.312988 1.328112
v 8.875694 -1.022852 0.955909
v 8.914740 -1.053780 0.986248
v 8.914740 -1.231638 0.773656
v 8.875694 -1.195270 0.749819
v 8.875694 -1.323388 0.514692
v 8.914740 -1.363798 0.531112
v 8.914740 -1.445181 0.267936
v 8.875694 -1.402282 0.259565
v 8.875694 -1.323388 -0.526208
v 8.914740 -1.363798 -0.542627
v 8.914740 -1.231638 -0.785172
v 8.875694 -1.195270 -0.761334
v 8.875694 -1.022852 -0.967424
v 8.914740 -1.053780 -0.997764
v 8.914740 -0.837061 -1.172233
v 8.875694 -0.812761 -1.136558
v 8.914740 -0.589807 -1.301876
v 8.875694 -0.573069 -1.262236
v 8.914740 -1.472661 -0.005758
v 8.875694 -1.428922 -0.005758
v 8.914740 -0.589807 1.290360
v 8.875694 -0.573069 1.250720
v 8.914740 0.968754 0.986247
v 8.875694 0.937826 0.955908
v 8.914740 1.278770 -0.542629
v 8.875694 1.238360 -0.526209
v 8.875694 -0.042513 -1.365760
v 8.914740 -0.042513 -1.408666
v 8.914740 0.236492 -1.381710
v 8.875694 0.227959 -1.339628
v 8.914740 1.360154 -0.279453
v 8.875694 1.317255 -0.271083
v 8.914740 0.752035 1.160717
v 8.875694 0.727734 1.125042
v 8.914740 -0.837061 1.160717
v 8.875694 -0.812761 1.125042
v 8.914740 -1.445181 -0.279452
v 8.875694 -1.402282 -0.271081
v 8.914740 -0.321521 -1.381709
v 8.875694 -0.312988 -1.339628
v 9.849215 0.374198 -0.992631
v 9.888261 0.390936 -1.032271
v 9.888261 0.586759 -0.929596
v 9.849215 0.562459 -0.893921
v 9.849215 0.727471 -0.761078
v 9.888261 0.758399 -0.791418
v 9.888261 0.899260 -0.623047
v 9.849215 0.862893 -0.599210
v 9.849215 1.046410 -0.005759
v 9.888261 1.090149 -0.005759
v 9.888261 1.068385 0.211004
v 9.849215 1.025487 0.202633
v 9.849215 0.963521 0.403017
v 9.888261 1.003931 0.419437
v 9.888261 0.899261 0.611530
v 9.849215 0.862894 0.587692
v 9.849215 0.374200 0.981114
v 9.888261 0.390938 1.020755
v 9.888261 0.178458 1.083982
v 9.849215 0.169925 1.041901
v 9.849215 -0.042513 1.062426
v 9.888261 -0.042513 1.105332
v 9.888261 -0.263485 1.083982
v 9.849215 -0.254952 1.041901
v 9.849215 -0.812499 0.749562
v 9.888261 -0.843427 0.779901
v 9.888261 -0.984288 0.611530
v 9.849215 -0.947920 0.587693
v 9.849215 -1.048548 0.403018
v 9.888261 -1.088958 0.419438
v 9.888261 -1.153413 0.211005
v 9.849215 -1.110514 0.202634
v 9.849215 -1.048548 -0.414534
v 9.888261 -1.088958 -0.430953
v 9.888261 -0.984288 -0.623046
v 9.849215 -0.947920 -0.599209
v 9.849215 -0.812499 -0.761077
v 9.888261 -0.843427 -0.791417
v 9.888261 -0.671787 -0.929595
v 9.849215 -0.647487 -0.893920
v 9.888261 -0.475965 -1.032271
v 9.849215 -0.459227 -0.992630
v 9.888261 -1.175177 -0.005758
v 9.849215 -1.131437 -0.005758
v 9.888261 -0.475965 1.020755
v 9.849215 -0.459226 0.981115
v 9.888261 0.758400 0.779901
v 9.849215 0.727472 0.749561
v 9.888261 1.003930 -0.430955
v 9.849215 0.963520 -0.414535
v 9.849215 -0.042513 -1.073941
v 9.888261 -0.042513 -1.116847
v 9.888261 0.178456 -1.095498
v 9.849215 0.169923 -1.053416
v 9.888261 1.068385 -0.222522
v 9.849215 1.025486 -0.214151
v 9.888261 0.586761 0.918079
v 9.849215 0.562461 0.882404
v 9.888261 -0.671787 0.918079
v 9.849215 -0.647487 0.882404
v 9.888261 -1.153412 -0.222521
v 9.849215 -1.110514 -0.214150
v 9.888261 -0.263485 -1.095498
v 9.849215 -0.254952 -1.053416
v 9.888261 0.442083 -1.153399
v 9.849215 0.458821 -1.193039
v 9.849215 0.685312 -1.074283
v 9.888261 0.661012 -1.038607
v 9.888261 0.852906 -0.884125
v 9.849215 0.883834 -0.914464
v 9.849215 1.046756 -0.719724
v 9.888261 1.010388 -0.695887
v 9.888261 1.223802 -0.005759
v 9.849215 1.267541 -0.005759
v 9.849215 1.242369 0.244952
v 9.888261 1.199470 0.236582
v 9.888261 1.127410 0.469609
v 9.849215 1.167820 0.486029
v 9.849215 1.046758 0.708206
v 9.888261 1.010390 0.684369
v 9.888261 0.442085 1.141882
v 9.849215 0.458823 1.181522
v 9.849215 0.213066 1.254652
v 9.888261 0.204533 1.212570
v 9.888261 -0.042513 1.236439
v 9.849215 -0.042513 1.279345
v 9.849215 -0.298092 1.254652
v 9.888261 -0.289559 1.212570
v 9.888261 -0.937934 0.872608
v 9.849215 -0.968862 0.902947
v 9.849215 -1.131784 0.708207
v 9.888261 -1.095417 0.684370
v 9.888261 -1.212437 0.469610
v 9.849215 -1.252846 0.486030
v 9.849215 -1.327396 0.244953
v 9.888261 -1.284497 0.236583
v 9.888261 -1.212437 -0.481126
v 9.849215 -1.252846 -0.497545
v 9.849215 -1.131784 -0.719723
v 9.888261 -1.095417 -0.695885
v 9.888261 -0.937934 -0.884123
v 9.849215 -0.968862 -0.914463
v 9.849215 -0.770341 -1.074282
v 9.888261 -0.746041 -1.038606
v 9.849215 -0.543850 -1.193038
v 9.888261 -0.527112 -1.153398
v 9.849215 -1.352568 -0.005758
v 9.888261 -1.308829 -0.005758
v 9.849215 -0.543850 1.181522
v 9.888261 -0.527111 1.141882
v 9.849215 0.883836 0.902946
v 9.888261 0.852907 0.872607
v 9.849215 1.167819 -0.497547
v 9.888261 1.127409 -0.481127
v 9.888261 -0.042514 -1.247954
v 9.849215 -0.042514 -1.290861
v 9.849215 0.213063 -1.266168
v 9.888261 0.204530 -1.224086
v 9.849215 1.242368 -0.256470
v 9.888261 1.199470 -0.248100
v 9.849215 0.685315 1.062766
v 9.888261 0.661014 1.027090
v 9.849215 -0.770341 1.062766
v 9.888261 -0.746041 1.027091
v 9.849215 -1.327396 -0.256469
v 9.888261 -1.284497 -0.248098
v 9.849215 -0.298093 -1.266168
v 9.888261 -0.289559 -1.224086
v 9.066939 0.357460 -0.952991
v 9.105986 0.374198 -0.992631
v 9.105986 0.562459 -0.893921
v 9.066939 0.538159 -0.858245
v 9.066939 0.696543 -0.730739
v 9.105986 0.727471 -0.761079
v 9.105986 0.862893 -0.599210
v 9.066939 0.826525 -0.575373
v 9.066939 1.002671 -0.005759
v 9.105986 1.046410 -0.005759
v 9.105986 1.025487 0.202633
v 9.066939 0.982588 0.194263
v 9.066939 0.923111 0.386598
v 9.105986 0.963521 0.403017
v 9.105986 0.862894 0.587692
v 9.066939 0.826526 0.563855
v 9.066939 0.357462 0.941474
v 9.105986 0.374200 0.981114
v 9.105986 0.169925 1.041900
v 9.066939 0.161392 0.999819
v 9.066939 -0.042513 1.019519
v 9.105986 -0.042513 1.062425
v 9.105986 -0.254951 1.041900
v 9.066939 -0.246418 0.999819
v 9.066939 -0.781570 0.719222
v 9.105986 -0.812499 0.749562
v 9.105986 -0.947920 0.587693
v 9.066939 -0.911552 0.563855
v 9.066939 -1.008138 0.386598
v 9.105986 -1.048547 0.403018
v 9.105986 -1.110513 0.202634
v 9.066939 -1.067615 0.194263
v 9.066939 -1.008138 -0.398114
v 9.105986 -1.048547 -0.414534
v 9.105986 -0.947920 -0.599209
v 9.066939 -0.911552 -0.575371
v 9.066939 -0.781570 -0.730738
v 9.105986 -0.812498 -0.761077
v 9.105986 -0.647487 -0.893920
v 9.066939 -0.623186 -0.858245
v 9.105986 -0.459226 -0.992631
v 9.066939 -0.442488 -0.952990
v 9.105986 -1.131437 -0.005758
v 9.066939 -1.087698 -0.005758
v 9.105986 -0.459226 0.981115
v 9.066939 -0.442488 0.941475
v 9.105986 0.727472 0.749561
v 9.066939 0.696544 0.719222
v 9.105986 0.963520 -0.414535
v 9.066939 0.923111 -0.398116
v 9.066939 -0.042513 -1.031035
v 9.105986 -0.042513 -1.073941
v 9.105986 0.169923 -1.053417
v 9.066939 0.161390 -1.011335
v 9.105986 1.025487 -0.214151
v 9.066939 0.982588 -0.205780
v 9.105986 0.562461 0.882404
v 9.066939 0.538160 0.846728
v 9.105986 -0.647487 0.882404
v 9.066939 -0.623186 0.846729
v 9.105986 -1.110513 -0.214150
v 9.066939 -1.067614 -0.205780
v 9.105986 -0.254952 -1.053416
v 9.066939 -0.246418 -1.011335
v 8.394802 1.126811 0.760676
v 8.355756 1.163179 0.784514
v 8.726696 1.163179 0.784514
v 8.687651 1.126811 0.760676
v 8.726696 0.982844 1.000067
v 8.687651 0.951915 0.969728
v 8.394802 0.951915 0.969728
v 8.355756 0.982844 1.000067
v 8.355756 0.512404 -1.319934
v 8.394802 0.495666 -1.280294
v 8.687651 0.495666 -1.280294
v 8.726696 0.512404 -1.319934
v 8.726696 0.763102 -1.188485
v 8.687651 0.738802 -1.152810
v 8.355756 0.763102 -1.188486
v 8.394802 0.738802 -1.152810
v 8.355756 -1.492584 -0.005758
v 8.394802 -1.448845 -0.005758
v 8.687651 -1.448845 -0.005758
v 8.726696 -1.492584 -0.005758
v 8.726696 1.297178 -0.550108
v 8.687651 1.256769 -0.533689
v 8.355756 1.297179 -0.550108
v 8.394802 1.256769 -0.533689
v 8.394802 0.951914 -0.981246
v 8.355756 0.982842 -1.011585
v 8.687651 0.951913 -0.981246
v 8.726696 0.982842 -1.011585
v 8.726696 1.163177 -0.796032
v 8.687651 1.126809 -0.772195
v 8.355756 1.163177 -0.796032
v 8.394802 1.126809 -0.772195
v 8.355756 -1.464722 -0.283265
v 8.394802 -1.421823 -0.274894
v 8.687651 -1.421823 -0.274894
v 8.726696 -1.464722 -0.283265
v 8.687651 -1.341795 -0.533688
v 8.726696 -1.382204 -0.550107
v 8.355756 -1.382204 -0.550107
v 8.394802 -1.341794 -0.533688
v 8.394802 -0.042513 -1.385305
v 8.355756 -0.042513 -1.428211
v 8.687651 -0.042513 -1.385305
v 8.726696 -0.042513 -1.428211
v 8.726696 0.240380 -1.400879
v 8.687651 0.231847 -1.358797
v 8.394802 0.231847 -1.358797
v 8.355756 0.240380 -1.400879
v 8.394802 1.363820 -0.005759
v 8.355756 1.407559 -0.005759
v 8.687651 1.363820 -0.005759
v 8.726696 1.407559 -0.005759
v 8.687651 1.336798 0.263377
v 8.726696 1.379696 0.271748
v 8.394802 1.336798 0.263377
v 8.355756 1.379697 0.271748
v 8.394802 -1.211835 -0.772193
v 8.355756 -1.248203 -0.796030
v 8.726696 -1.248203 -0.796030
v 8.687651 -1.211836 -0.772193
v 8.726696 -1.067868 -1.011584
v 8.687651 -1.036940 -0.981245
v 8.355756 -1.067868 -1.011584
v 8.394802 -1.036940 -0.981245
v 8.765742 0.534312 -1.371819
v 8.726696 0.517574 -1.332179
v 8.355756 0.517574 -1.332179
v 8.316710 0.534313 -1.371819
v 8.316710 0.251549 -1.455960
v 8.355756 0.243016 -1.413878
v 8.726696 0.243016 -1.413878
v 8.765742 0.251549 -1.455960
v 8.765742 1.210780 0.815714
v 8.726696 1.174413 0.791877
v 8.355756 1.174413 0.791877
v 8.316710 1.210781 0.815714
v 8.316710 1.350072 0.560082
v 8.355756 1.309662 0.543662
v 8.726696 1.309662 0.543662
v 8.765742 1.350072 0.560082
v 8.765742 -0.336577 -1.455960
v 8.726696 -0.328044 -1.413878
v 8.355756 -0.328043 -1.413878
v 8.316710 -0.336576 -1.455960
v 8.316710 -0.619340 -1.371818
v 8.355756 -0.602602 -1.332178
v 8.726696 -0.602602 -1.332178
v 8.765742 -0.619340 -1.371818
v 8.765742 1.023324 -1.051296
v 8.726696 0.992395 -1.020957
v 8.355756 0.992396 -1.020957
v 8.316710 1.023324 -1.051296
v 8.316710 0.794909 -1.235181
v 8.355756 0.770609 -1.199505
v 8.726696 0.770609 -1.199505
v 8.765742 0.794909 -1.235181
v 8.765742 0.251552 1.444443
v 8.726696 0.243019 1.402362
v 8.355756 0.243019 1.402362
v 8.316710 0.251552 1.444443
v 8.316710 0.534315 1.360302
v 8.355756 0.517577 1.320661
v 8.726696 0.517577 1.320662
v 8.765742 0.534315 1.360302
v 8.765742 -0.042513 -1.484371
v 8.726696 -0.042513 -1.441464
v 8.355756 -0.042513 -1.441465
v 8.316710 -0.042513 -1.484371
v 8.765742 1.435846 -0.294222
v 8.726696 1.392947 -0.285852
v 8.355756 1.392948 -0.285852
v 8.316710 1.435846 -0.294223
v 8.316710 1.350071 -0.571600
v 8.355756 1.309661 -0.555180
v 8.726696 1.309661 -0.555180
v 8.765742 1.350071 -0.571600
v 8.765742 -0.336576 1.444444
v 8.726696 -0.328043 1.402362
v 8.355756 -0.328043 1.402362
v 8.316710 -0.336576 1.444444
v 8.316710 -0.042512 1.472855
v 8.355756 -0.042512 1.429949
v 8.726696 -0.042512 1.429949
v 8.765742 -0.042512 1.472855
v 8.765742 1.464809 -0.005759
v 8.726696 1.421070 -0.005759
v 8.355756 1.421070 -0.005759
v 8.316710 1.464810 -0.005759
v 8.765742 -1.295805 0.815715
v 8.726696 -1.259437 0.791878
v 8.355756 -1.259437 0.791878
v 8.316710 -1.295805 0.815715
v 8.316710 -1.108350 1.039779
v 8.355756 -1.077422 1.009440
v 8.726696 -1.077422 1.009440
v 8.765742 -1.108350 1.039779
v 8.316710 1.435847 0.282704
v 8.355756 1.392948 0.274333
v 8.726696 1.392948 0.274333
v 8.765742 1.435847 0.282704
v 8.765742 -1.520872 0.282705
v 8.726696 -1.477973 0.274334
v 8.355756 -1.477973 0.274334
v 8.316710 -1.520872 0.282705
v 8.316710 -1.435097 0.560082
v 8.355756 -1.394687 0.543663
v 8.726696 -1.394687 0.543663
v 8.765742 -1.435097 0.560082
v 8.765742 0.794911 1.223663
v 8.726696 0.770611 1.187988
v 8.355756 0.770611 1.187988
v 8.316710 0.794911 1.223663
v 8.316710 1.023326 1.039778
v 8.355756 0.992397 1.009439
v 8.726696 0.992397 1.009439
v 8.765742 1.023326 1.039778
v 8.765742 -1.295805 -0.827231
v 8.726696 -1.259437 -0.803394
v 8.355756 -1.259437 -0.803394
v 8.316710 -1.295805 -0.827231
v 8.316710 -1.435097 -0.571598
v 8.355756 -1.394687 -0.555179
v 8.726696 -1.394687 -0.555179
v 8.765742 -1.435097 -0.571598
v 8.765742 -0.879936 -1.235179
v 8.726696 -0.855636 -1.199504
v 8.355756 -0.855636 -1.199504
v 8.316710 -0.879936 -1.235179
v 8.316710 -1.108350 -1.051295
v 8.355756 -1.077422 -1.020956
v 8.726696 -1.077422 -1.020956
v 8.765742 -1.108350 -1.051295
v 8.765742 -0.879936 1.223664
v 8.726696 -0.855636 1.187989
v 8.355756 -0.855636 1.187988
v 8.316710 -0.879936 1.223664
v 8.316710 -0.619340 1.360302
v 8.355756 -0.602601 1.320662
v 8.726696 -0.602602 1.320662
v 8.765742 -0.619340 1.360302
v 8.765742 -1.549835 -0.005758
v 8.726696 -1.506096 -0.005758
v 8.355756 -1.506095 -0.005758
v 8.316710 -1.549835 -0.005758
v 8.765742 -1.520872 -0.294221
v 8.726696 -1.477973 -0.285850
v 8.355756 -1.477973 -0.285850
v 8.316710 -1.520872 -0.294221
v 8.316710 1.210779 -0.827233
v 8.355756 1.174411 -0.803395
v 8.726696 1.174411 -0.803395
v 8.765742 1.210779 -0.827233
v 8.394802 -1.341794 0.522172
v 8.355756 -1.382204 0.538591
v 8.726696 -1.382204 0.538591
v 8.687651 -1.341795 0.522172
v 8.687651 -1.211836 0.760677
v 8.726696 -1.248203 0.784514
v 8.394802 -1.211835 0.760677
v 8.355756 -1.248203 0.784514
v 8.355756 -0.597431 1.308417
v 8.394802 -0.580693 1.268777
v 8.687651 -0.580693 1.268777
v 8.726696 -0.597431 1.308417
v 8.726696 -0.325407 1.389363
v 8.687651 -0.316874 1.347281
v 8.355756 -0.325407 1.389363
v 8.394802 -0.316874 1.347281
v 8.355756 -1.067868 1.000068
v 8.394802 -1.036940 0.969729
v 8.726696 -1.067868 1.000068
v 8.687651 -1.036940 0.969729
v 8.726696 -0.848130 1.176968
v 8.687651 -0.823829 1.141293
v 8.394802 -0.823829 1.141293
v 8.355756 -0.848129 1.176968
v 8.726696 -1.464722 0.271749
v 8.687651 -1.421823 0.263378
v 8.355756 -1.464722 0.271749
v 8.394802 -1.421823 0.263378
v 8.394802 -0.580693 -1.280293
v 8.355756 -0.597431 -1.319933
v 8.687651 -0.580693 -1.280293
v 8.726696 -0.597431 -1.319933
v 8.687651 -0.823829 -1.152809
v 8.726696 -0.848130 -1.188484
v 8.355756 -0.848129 -1.188484
v 8.394802 -0.823829 -1.152809
v 8.394802 -0.042512 1.373789
v 8.355756 -0.042512 1.416695
v 8.687651 -0.042512 1.373789
v 8.726696 -0.042512 1.416695
v 8.687651 0.231850 1.347281
v 8.726696 0.240383 1.389363
v 8.355756 0.240383 1.389363
v 8.394802 0.231850 1.347281
v 8.355756 0.512406 1.308417
v 8.394802 0.495668 1.268777
v 8.726696 0.512406 1.308417
v 8.687651 0.495668 1.268777
v 8.687651 0.738804 1.141293
v 8.726696 0.763105 1.176968
v 8.355756 0.763105 1.176968
v 8.394802 0.738805 1.141293
v 8.355756 1.297179 0.538590
v 8.394802 1.256770 0.522171
v 8.687651 1.256770 0.522171
v 8.726696 1.297179 0.538590
v 8.687651 1.336797 -0.274896
v 8.726696 1.379696 -0.283266
v 8.355756 1.379696 -0.283266
v 8.394802 1.336797 -0.274896
v 8.687651 -0.316875 -1.358797
v 8.726696 -0.325408 -1.400879
v 8.355756 -0.325408 -1.400879
v 8.394802 -0.316874 -1.358797
v -9.161346 -0.042515 -1.511068
v -9.122300 -0.042515 -1.553975
v -9.122300 -0.350421 -1.524226
v -9.161346 -0.341888 -1.482144
v -9.122300 -0.646495 -1.436124
v -9.161346 -0.629757 -1.396483
v -9.122300 -0.919358 -1.293053
v -9.161346 -0.895058 -1.257378
v -9.122300 -1.158525 -1.100513
v -9.161346 -1.127596 -1.070174
v -9.122300 -1.354803 -0.865902
v -9.161346 -1.318436 -0.842064
v -9.122300 -1.500651 -0.598236
v -9.161346 -1.460242 -0.581816
v -9.122300 -1.590465 -0.307801
v -9.161346 -1.547566 -0.299431
v -9.122300 -1.620791 -0.005759
v -9.161346 -1.577051 -0.005759
v -9.122300 -1.590465 0.296282
v -9.161346 -1.547566 0.287912
v -9.122300 -1.500651 0.586717
v -9.161346 -1.460242 0.570297
v -9.122300 -1.354803 0.854383
v -9.161346 -1.318436 0.830546
v -9.122300 -1.158525 1.088994
v -9.161346 -1.127596 1.058655
v -9.122300 -0.919358 1.281535
v -9.161346 -0.895058 1.245860
v -9.122300 -0.646495 1.424605
v -9.161346 -0.629756 1.384965
v -9.122300 -0.350421 1.512707
v -9.161346 -0.341888 1.470626
v -9.122300 -0.042514 1.542456
v -9.161346 -0.042514 1.499550
v -9.122300 0.265392 1.512707
v -9.161346 0.256859 1.470626
v -9.122300 0.561466 1.424605
v -9.161346 0.544728 1.384965
v -9.122300 0.834329 1.281534
v -9.161346 0.810029 1.245859
v -9.122300 1.073496 1.088994
v -9.161346 1.042567 1.058654
v -9.122300 1.269775 0.854382
v -9.161346 1.233407 0.830545
v -9.122300 1.415623 0.586716
v -9.161346 1.375213 0.570297
v -9.122300 1.505436 0.296281
v -9.161346 1.462537 0.287911
v -9.122300 1.535762 -0.005761
v -9.161346 1.492022 -0.005761
v -9.122300 1.505435 -0.307803
v -9.161346 1.462536 -0.299432
v -9.122300 1.415622 -0.598237
v -9.161346 1.375212 -0.581818
v -9.122300 1.269773 -0.865903
v -9.161346 1.233405 -0.842066
v -9.122300 1.073494 -1.100514
v -9.161346 1.042565 -1.070175
v -9.122300 0.834327 -1.293055
v -9.161346 0.810027 -1.257379
v -9.122300 0.561463 -1.436124
v -9.161346 0.544725 -1.396484
v -9.122300 0.265389 -1.524226
v -9.161346 0.256856 -1.482145
v -9.122300 -0.042515 -1.643849
v -9.161346 -0.042515 -1.686755
v -9.161346 -0.376828 -1.654455
v -9.122300 -0.368295 -1.612373
v -9.161346 -0.698294 -1.558797
v -9.122300 -0.681556 -1.519156
v -9.161346 -0.994559 -1.403456
v -9.122300 -0.970259 -1.367781
v -9.161346 -1.254237 -1.194403
v -9.122300 -1.223309 -1.164063
v -9.161346 -1.467350 -0.939670
v -9.122300 -1.430982 -0.915833
v -9.161346 -1.625706 -0.649048
v -9.122300 -1.585297 -0.632629
v -9.161346 -1.723222 -0.333705
v -9.122300 -1.680323 -0.325335
v -9.161346 -1.756149 -0.005759
v -9.122300 -1.712410 -0.005759
v -9.161346 -1.723222 0.322186
v -9.122300 -1.680324 0.313816
v -9.161346 -1.625706 0.637530
v -9.122300 -1.585297 0.621110
v -9.161346 -1.467350 0.928152
v -9.122300 -1.430982 0.904314
v -9.161346 -1.254237 1.182884
v -9.122300 -1.223309 1.152545
v -9.161346 -0.994559 1.391937
v -9.122300 -0.970259 1.356262
v -9.161346 -0.698294 1.547278
v -9.122300 -0.681556 1.507638
v -9.161346 -0.376828 1.642937
v -9.122300 -0.368295 1.600855
v -9.161346 -0.042514 1.675237
v -9.122300 -0.042514 1.632330
v -9.161346 0.291799 1.642936
v -9.122300 0.283266 1.600855
v -9.161346 0.613266 1.547278
v -9.122300 0.596527 1.507638
v -9.161346 0.909531 1.391937
v -9.122300 0.885230 1.356262
v -9.161346 1.169209 1.182883
v -9.122300 1.138280 1.152544
v -9.161346 1.382321 0.928151
v -9.122300 1.345953 0.904313
v -9.161346 1.540678 0.637529
v -9.122300 1.500268 0.621109
v -9.161346 1.638193 0.322185
v -9.122300 1.595294 0.313815
v -9.161346 1.671120 -0.005761
v -9.122300 1.627381 -0.005761
v -9.161346 1.638193 -0.333707
v -9.122300 1.595294 -0.325336
v -9.161346 1.540677 -0.649050
v -9.122300 1.500267 -0.632631
v -9.161346 1.382319 -0.939672
v -9.122300 1.345951 -0.915835
v -9.161346 1.169206 -1.194404
v -9.122300 1.138278 -1.164065
v -9.161346 0.909528 -1.403458
v -9.122300 0.885227 -1.367782
v -9.161346 0.613263 -1.558798
v -9.122300 0.596524 -1.519158
v -9.161346 0.291796 -1.654455
v -9.122300 0.283263 -1.612374
v -8.835099 -0.042514 -1.263701
v -8.874145 -0.042514 -1.306607
v -8.874145 -0.301225 -1.281611
v -8.835099 -0.292692 -1.239530
v -8.874145 -0.549993 -1.207586
v -8.835099 -0.533255 -1.167945
v -8.874145 -0.779259 -1.087374
v -8.835099 -0.754959 -1.051699
v -8.874145 -0.980213 -0.925597
v -8.835099 -0.949284 -0.895258
v -8.874145 -1.145131 -0.728472
v -8.835099 -1.108763 -0.704634
v -8.874145 -1.267676 -0.503572
v -8.835099 -1.227266 -0.487153
v -8.874145 -1.343139 -0.259542
v -8.835099 -1.300240 -0.251171
v -8.874145 -1.368620 -0.005759
v -8.835099 -1.324880 -0.005759
v -8.874145 -1.343139 0.248023
v -8.835099 -1.300240 0.239652
v -8.874145 -1.267676 0.492053
v -8.835099 -1.227266 0.475634
v -8.874145 -1.145131 0.716953
v -8.835099 -1.108763 0.693116
v -8.874145 -0.980213 0.914079
v -8.835099 -0.949284 0.883740
v -8.874145 -0.779259 1.075856
v -8.835099 -0.754959 1.040181
v -8.874145 -0.549993 1.196067
v -8.835099 -0.533255 1.156427
v -8.874145 -0.301225 1.270093
v -8.835099 -0.292691 1.228011
v -8.874145 -0.042514 1.295088
v -8.835099 -0.042514 1.252182
v -8.874145 0.216196 1.270093
v -8.835099 0.207663 1.228011
v -8.874145 0.464964 1.196067
v -8.835099 0.448226 1.156427
v -8.874145 0.694231 1.075855
v -8.835099 0.669931 1.040180
v -8.874145 0.895184 0.914078
v -8.835099 0.864256 0.883739
v -8.874145 1.060103 0.716952
v -8.835099 1.023734 0.693115
v -8.874145 1.182648 0.492053
v -8.835099 1.142238 0.475633
v -8.874145 1.258110 0.248022
v -8.835099 1.215212 0.239652
v -8.874145 1.283591 -0.005760
v -8.835099 1.239852 -0.005760
v -8.874145 1.258110 -0.259543
v -8.835099 1.215211 -0.251173
v -8.874145 1.182647 -0.503573
v -8.835099 1.142237 -0.487154
v -8.874145 1.060101 -0.728473
v -8.835099 1.023733 -0.704635
v -8.874145 0.895182 -0.925599
v -8.835099 0.864254 -0.895259
v -8.874145 0.694228 -1.087376
v -8.835099 0.669928 -1.051700
v -8.874145 0.464962 -1.207586
v -8.835099 0.448224 -1.167946
v -8.874145 0.216193 -1.281612
v -8.835099 0.207660 -1.239530
v 9.647439 -1.668234 0.311459
v 9.686485 -1.711133 0.319829
v 9.647439 -1.700083 -0.005758
v 9.686485 -1.743823 -0.005758
v 9.647439 0.280860 -1.600515
v 9.686485 0.289393 -1.642596
v 9.686485 0.608548 -1.547626
v 9.647439 0.591809 -1.507986
v 9.647439 1.583207 -0.322976
v 9.686485 1.626106 -0.331347
v 9.686485 1.658796 -0.005759
v 9.647439 1.615057 -0.005759
v 9.647439 1.583208 0.311457
v 9.686485 1.626107 0.319828
v 9.686485 1.529293 0.632903
v 9.647439 1.488883 0.616484
v 9.647439 0.280864 1.588998
v 9.686485 0.289397 1.631080
v 9.686485 -0.042513 1.663148
v 9.647439 -0.042513 1.620242
v 9.991738 -1.711133 0.319829
v 10.030785 -1.668234 0.311459
v 9.991738 -1.743823 -0.005758
v 10.030785 -1.700084 -0.005758
v 9.991738 0.289393 -1.642596
v 10.030785 0.280860 -1.600515
v 10.030785 0.591809 -1.507986
v 9.991738 0.608547 -1.547626
v 9.991738 1.626106 -0.331347
v 10.030785 1.583207 -0.322976
v 10.030785 1.615057 -0.005759
v 9.991738 1.658796 -0.005759
v 9.991738 1.626106 0.319828
v 10.030785 1.583207 0.311458
v 10.030785 1.488883 0.616484
v 9.991738 1.529292 0.632903
v 9.991738 0.289396 1.631080
v 10.030785 0.280863 1.588998
v 10.030785 -0.042513 1.620242
v 9.991738 -0.042513 1.663148
v -9.022326 -0.212897 -1.953221
v -9.022326 -0.262715 -1.948408
v -9.022326 -0.959659 -1.741019
v -9.022326 -1.003807 -1.717871
v -9.022326 -1.566794 -1.264639
v -9.022326 -1.598552 -1.226680
v -9.022326 -1.941872 -0.596606
v -9.022326 -1.956403 -0.549616
v -9.022326 -2.027790 0.161377
v -9.022326 -2.022883 0.210246
v -9.022326 -1.811467 0.893916
v -9.022326 -1.787870 0.937223
v -9.022326 -1.325838 1.489488
v -9.022326 -1.287142 1.520640
v -9.022326 -0.644834 1.857422
v -9.022326 -0.596930 1.871676
v -9.022326 0.127868 1.941703
v -9.022326 0.177686 1.936890
v -9.022326 0.874630 1.729500
v -9.022326 0.918778 1.706352
v -9.022326 1.481766 1.253120
v -9.022326 1.513523 1.215161
v -9.022326 1.856843 0.585087
v -9.022326 1.871374 0.538095
v -9.022326 1.942760 -0.172898
v -9.022326 1.937853 -0.221767
v -9.022326 1.726437 -0.905437
v -9.022326 1.702839 -0.948744
v -9.022326 1.240806 -1.501008
v -9.022326 1.202110 -1.532160
v -9.022326 0.559802 -1.868941
v -9.022326 0.511898 -1.883195
v -9.713938 -0.125643 -1.888542
v -9.713938 -0.335429 -1.868273
v -9.788865 -0.780148 -1.752643
v -9.788865 -1.113391 -1.577913
v -9.788865 -1.405482 -1.342766
v -9.788865 -1.645195 -1.056239
v -9.788865 -1.823317 -0.729342
v -9.788865 -1.933005 -0.374639
v -9.713938 -1.961854 0.075785
v -9.713938 -1.941192 0.281576
v -9.788865 -1.823317 0.717823
v -9.788865 -1.645195 1.044720
v -9.788865 -1.405482 1.331248
v -9.788865 -1.113391 1.566395
v -9.788865 -0.780147 1.741125
v -9.788865 -0.418556 1.848723
v -9.713938 0.040613 1.877023
v -9.713938 0.250400 1.856754
v -9.788865 0.695118 1.741124
v -9.788865 1.028362 1.566394
v -9.788865 1.320453 1.331247
v -9.788865 1.560166 1.044719
v -9.788865 1.738288 0.717822
v -9.788865 1.847975 0.363118
v -9.713938 1.876824 -0.087305
v -9.713938 1.856161 -0.293096
v -9.788865 1.738287 -0.729344
v -9.788865 1.560163 -1.056241
v -9.788865 1.320450 -1.342768
v -9.788865 1.028359 -1.577915
v -9.788865 0.695115 -1.752644
v -9.788865 0.333524 -1.860242
v -9.513049 -0.042515 -1.919355
v -9.526480 -0.057488 -1.906043
v -9.522546 -0.046901 -1.915456
v -9.436401 -0.042515 -1.919355
v -9.422971 -0.057488 -1.906043
v -9.426905 -0.046900 -1.915456
v -9.422971 -0.405755 -1.872395
v -9.436401 -0.423088 -1.882586
v -9.426905 -0.418011 -1.879601
v -9.526480 -0.405755 -1.872395
v -9.513049 -0.423088 -1.882586
v -9.522546 -0.418011 -1.879601
v -9.513049 0.338055 -1.882586
v -9.526480 0.335119 -1.868111
v -9.522546 0.337195 -1.878347
v -9.422971 0.335120 -1.868111
v -9.436401 0.338055 -1.882586
v -9.426905 0.337195 -1.878347
v -9.422971 -0.783278 -1.760056
v -9.436401 -0.789035 -1.773691
v -9.426905 -0.787349 -1.769697
v -9.513049 -0.789035 -1.773691
v -9.526480 -0.783278 -1.760056
v -9.522546 -0.787349 -1.769697
v -9.422971 -1.117935 -1.584584
v -9.436401 -1.126294 -1.596856
v -9.426905 -1.123846 -1.593262
v -9.513049 -1.126294 -1.596856
v -9.526480 -1.117935 -1.584584
v -9.522546 -1.123846 -1.593262
v -9.422971 -1.422896 -1.339077
v -9.436401 -1.421904 -1.358876
v -9.426905 -1.422195 -1.353077
v -9.513049 -1.421904 -1.358876
v -9.526480 -1.422896 -1.339077
v -9.522546 -1.422195 -1.353077
v -9.436401 -1.664505 -1.068896
v -9.422971 -1.644903 -1.073712
v -9.426905 -1.658764 -1.070307
v -9.526480 -1.644903 -1.073712
v -9.513049 -1.664505 -1.068896
v -9.522546 -1.658764 -1.070307
v -9.422971 -1.830874 -0.732413
v -9.436401 -1.844774 -0.738060
v -9.426905 -1.840702 -0.736406
v -9.513049 -1.844774 -0.738061
v -9.526480 -1.830874 -0.732413
v -9.522546 -1.840702 -0.736406
v -9.422971 -1.941026 -0.376204
v -9.436401 -1.955783 -0.379083
v -9.426905 -1.951460 -0.378240
v -9.513049 -1.955783 -0.379083
v -9.526480 -1.941026 -0.376204
v -9.522546 -1.951460 -0.378240
v -9.422971 -1.979695 0.008928
v -9.436401 -1.993266 -0.005759
v -9.426905 -1.989291 -0.001458
v -9.526480 -1.979695 0.008928
v -9.513049 -1.993266 -0.005759
v -9.522546 -1.989291 -0.001458
v -9.436401 -1.955783 0.367564
v -9.422971 -1.945394 0.350562
v -9.426905 -1.952740 0.362585
v -9.513049 -1.955783 0.367564
v -9.526480 -1.945394 0.350562
v -9.522546 -1.952740 0.362585
v -9.422971 -1.830874 0.720894
v -9.436401 -1.844774 0.726542
v -9.426905 -1.840702 0.724888
v -9.513049 -1.844774 0.726542
v -9.526480 -1.830874 0.720894
v -9.522546 -1.840702 0.724887
v -9.422971 -1.651996 1.049178
v -9.436401 -1.664505 1.057377
v -9.426905 -1.660841 1.054976
v -9.513049 -1.664505 1.057377
v -9.526480 -1.651996 1.049178
v -9.522546 -1.660841 1.054976
v -9.422971 -1.401721 1.348330
v -9.436401 -1.421904 1.347357
v -9.426905 -1.415993 1.347642
v -9.526480 -1.401721 1.348330
v -9.513049 -1.421904 1.347357
v -9.522546 -1.415993 1.347642
v -9.422971 -1.131204 1.566109
v -9.436401 -1.126294 1.585337
v -9.426905 -1.127732 1.579705
v -9.513049 -1.126294 1.585337
v -9.526480 -1.131204 1.566109
v -9.522546 -1.127732 1.579705
v -9.422971 -0.783277 1.748538
v -9.436401 -0.789035 1.762173
v -9.426905 -0.787348 1.758179
v -9.513049 -0.789035 1.762173
v -9.526480 -0.783277 1.748538
v -9.522546 -0.787348 1.758179
v -9.422971 -0.420152 1.856592
v -9.436401 -0.423087 1.871067
v -9.426905 -0.422227 1.866827
v -9.513049 -0.423087 1.871067
v -9.526480 -0.420152 1.856592
v -9.522546 -0.422227 1.866827
v -9.436401 -0.042514 1.907836
v -9.422971 -0.027542 1.894524
v -9.426905 -0.038129 1.903937
v -9.526480 -0.027542 1.894524
v -9.513049 -0.042514 1.907836
v -9.522546 -0.038129 1.903937
v -9.422971 0.320726 1.860876
v -9.436401 0.338058 1.871067
v -9.426905 0.332982 1.868082
v -9.513049 0.338058 1.871067
v -9.526480 0.320726 1.860876
v -9.522546 0.332982 1.868082
v -9.422971 0.698248 1.748537
v -9.436401 0.704006 1.762172
v -9.426905 0.702320 1.758178
v -9.513049 0.704006 1.762172
v -9.526480 0.698248 1.748537
v -9.522546 0.702319 1.758178
v -9.422971 1.032906 1.573065
v -9.436401 1.041265 1.585337
v -9.426905 1.038817 1.581743
v -9.513049 1.041265 1.585337
v -9.526480 1.032906 1.573065
v -9.522546 1.038817 1.581743
v -9.436401 1.336875 1.347356
v -9.422971 1.337867 1.327558
v -9.426905 1.337165 1.341557
v -9.526480 1.337867 1.327558
v -9.513049 1.336875 1.347356
v -9.522546 1.337165 1.341557
v -9.422971 1.559874 1.062193
v -9.436401 1.579476 1.057376
v -9.426905 1.573735 1.058787
v -9.513049 1.579476 1.057376
v -9.526480 1.559874 1.062193
v -9.522546 1.573735 1.058787
v -9.422971 1.745845 0.720893
v -9.436401 1.759744 0.726541
v -9.426905 1.755673 0.724886
v -9.513049 1.759744 0.726541
v -9.526480 1.745845 0.720893
v -9.522546 1.755673 0.724886
v -9.422971 1.855997 0.364684
v -9.436401 1.870753 0.367563
v -9.426905 1.866431 0.366720
v -9.513049 1.870753 0.367563
v -9.526480 1.855997 0.364684
v -9.522546 1.866431 0.366720
v -9.436401 1.908236 -0.005761
v -9.422971 1.894666 -0.020449
v -9.426905 1.904261 -0.010063
v -9.513049 1.908236 -0.005761
v -9.526480 1.894666 -0.020449
v -9.522546 1.904261 -0.010063
v -9.422971 1.860364 -0.362083
v -9.436401 1.870752 -0.379085
v -9.426905 1.867709 -0.374105
v -9.526480 1.860364 -0.362083
v -9.513049 1.870752 -0.379085
v -9.522546 1.867709 -0.374105
v -9.422971 1.745843 -0.732415
v -9.436401 1.759743 -0.738063
v -9.426905 1.755672 -0.736408
v -9.513049 1.759743 -0.738063
v -9.526480 1.745843 -0.732415
v -9.522546 1.755672 -0.736408
v -9.422971 1.566964 -1.060699
v -9.436401 1.579474 -1.068898
v -9.426905 1.575810 -1.066496
v -9.513049 1.579474 -1.068898
v -9.526480 1.566964 -1.060699
v -9.522546 1.575810 -1.066496
v -9.422971 1.316689 -1.359850
v -9.436401 1.336872 -1.358877
v -9.426905 1.330961 -1.359162
v -9.513049 1.336872 -1.358877
v -9.526480 1.316689 -1.359850
v -9.522546 1.330961 -1.359162
v -9.436401 1.041262 -1.596857
v -9.422971 1.046172 -1.577629
v -9.426905 1.042700 -1.591225
v -9.526480 1.046172 -1.577629
v -9.513049 1.041262 -1.596857
v -9.522546 1.042700 -1.591225
v -9.422971 0.698245 -1.760057
v -9.436401 0.704002 -1.773692
v -9.426905 0.702316 -1.769698
v -9.513049 0.704002 -1.773692
v -9.526480 0.698245 -1.760057
v -9.522546 0.702316 -1.769699
v -9.526480 -0.057488 -2.028966
v -9.513049 -0.042515 -2.012761
v -9.522546 -0.046901 -2.017508
v -9.422971 -0.057488 -2.028966
v -9.436401 -0.042515 -2.012761
v -9.426905 -0.046901 -2.017508
v -9.436401 -0.441664 -1.974197
v -9.422971 -0.430202 -1.992956
v -9.426905 -0.438307 -1.979691
v -9.513049 -0.441664 -1.974197
v -9.526480 -0.430202 -1.992956
v -9.522546 -0.438307 -1.979691
v -9.526480 0.359566 -1.988673
v -9.513049 0.356631 -1.974198
v -9.522546 0.357491 -1.978437
v -9.436401 0.356631 -1.974198
v -9.422971 0.359566 -1.988673
v -9.426905 0.357491 -1.978437
v -9.436401 -0.825474 -1.859987
v -9.422971 -0.831232 -1.873622
v -9.426905 -0.827160 -1.863981
v -9.526480 -0.831232 -1.873622
v -9.513049 -0.825474 -1.859987
v -9.522546 -0.827160 -1.863981
v -9.436401 -1.179195 -1.674520
v -9.422971 -1.187554 -1.686791
v -9.426905 -1.181643 -1.678114
v -9.526480 -1.187554 -1.686791
v -9.513049 -1.179195 -1.674520
v -9.522546 -1.181643 -1.678114
v -9.436401 -1.489235 -1.424924
v -9.422971 -1.511503 -1.425997
v -9.426905 -1.495757 -1.425238
v -9.526480 -1.511503 -1.425997
v -9.513049 -1.489235 -1.424924
v -9.522546 -1.495757 -1.425238
v -9.422971 -1.749095 -1.142005
v -9.436401 -1.743677 -1.120790
v -9.426905 -1.745264 -1.127003
v -9.513049 -1.743677 -1.120790
v -9.526480 -1.749095 -1.142005
v -9.522546 -1.745264 -1.127003
v -9.436401 -1.932745 -0.773805
v -9.422971 -1.946645 -0.779453
v -9.426905 -1.936816 -0.775460
v -9.526480 -1.946645 -0.779453
v -9.513049 -1.932745 -0.773805
v -9.522546 -1.936816 -0.775460
v -9.436401 -2.049173 -0.397306
v -9.422971 -2.063929 -0.400185
v -9.426905 -2.053495 -0.398149
v -9.526480 -2.063929 -0.400185
v -9.513049 -2.049173 -0.397306
v -9.522546 -2.053495 -0.398149
v -9.436401 -2.088485 -0.005759
v -9.422971 -2.105005 0.008928
v -9.426905 -2.093324 -0.001458
v -9.513049 -2.088485 -0.005759
v -9.526480 -2.105005 0.008928
v -9.522546 -2.093324 -0.001458
v -9.422971 -2.068296 0.374543
v -9.436401 -2.049173 0.385787
v -9.426905 -2.054774 0.382494
v -9.526480 -2.068296 0.374543
v -9.513049 -2.049173 0.385787
v -9.522546 -2.054774 0.382494
v -9.436401 -1.932745 0.762287
v -9.422971 -1.946645 0.767935
v -9.426905 -1.936816 0.763941
v -9.526480 -1.946645 0.767935
v -9.513049 -1.932745 0.762287
v -9.522546 -1.936816 0.763941
v -9.436401 -1.743677 1.109271
v -9.422971 -1.756187 1.117470
v -9.426905 -1.747341 1.111672
v -9.526480 -1.756187 1.117470
v -9.513049 -1.743677 1.109271
v -9.522546 -1.747341 1.111672
v -9.436401 -1.489235 1.413405
v -9.422971 -1.490329 1.435250
v -9.426905 -1.489555 1.419803
v -9.513049 -1.489235 1.413405
v -9.526480 -1.490329 1.435250
v -9.522546 -1.489555 1.419803
v -9.436401 -1.179195 1.663002
v -9.422971 -1.200822 1.668316
v -9.426905 -1.185530 1.664558
v -9.526480 -1.200822 1.668316
v -9.513049 -1.179195 1.663002
v -9.522546 -1.185530 1.664558
v -9.436401 -0.825474 1.848468
v -9.422971 -0.831231 1.862104
v -9.426905 -0.827160 1.852462
v -9.526480 -0.831231 1.862104
v -9.513049 -0.825474 1.848468
v -9.522546 -0.827160 1.852462
v -9.436401 -0.441664 1.962678
v -9.422971 -0.444599 1.977153
v -9.426905 -0.442523 1.966918
v -9.526480 -0.444599 1.977153
v -9.513049 -0.441664 1.962678
v -9.522546 -0.442523 1.966918
v -9.422971 -0.027542 2.017448
v -9.436401 -0.042514 2.001242
v -9.426905 -0.038129 2.005989
v -9.513049 -0.042514 2.001242
v -9.526480 -0.027542 2.017448
v -9.522546 -0.038129 2.005989
v -9.436401 0.356635 1.962678
v -9.422971 0.345173 1.981437
v -9.426905 0.353278 1.968172
v -9.526480 0.345173 1.981437
v -9.513049 0.356635 1.962678
v -9.522546 0.353278 1.968172
v -9.436401 0.740445 1.848468
v -9.422971 0.746202 1.862103
v -9.426905 0.742131 1.852461
v -9.526480 0.746202 1.862103
v -9.513049 0.740445 1.848468
v -9.522546 0.742131 1.852461
v -9.436401 1.094166 1.663001
v -9.422971 1.102525 1.675272
v -9.426905 1.096614 1.666595
v -9.526480 1.102525 1.675272
v -9.513049 1.094166 1.663001
v -9.522546 1.096614 1.666595
v -9.422971 1.426474 1.414477
v -9.436401 1.404206 1.413404
v -9.426905 1.410728 1.413719
v -9.513049 1.404206 1.413404
v -9.526480 1.426474 1.414477
v -9.522546 1.410728 1.413719
v -9.436401 1.658648 1.109270
v -9.422971 1.664065 1.130485
v -9.426905 1.660235 1.115484
v -9.526480 1.664065 1.130485
v -9.513049 1.658648 1.109270
v -9.522546 1.660235 1.115484
v -9.436401 1.847716 0.762286
v -9.422971 1.861616 0.767933
v -9.426905 1.851787 0.763940
v -9.526480 1.861616 0.767933
v -9.513049 1.847716 0.762286
v -9.522546 1.851787 0.763940
v -9.436401 1.964143 0.385786
v -9.422971 1.978899 0.388665
v -9.426905 1.968465 0.386629
v -9.526480 1.978899 0.388665
v -9.513049 1.964143 0.385786
v -9.522546 1.968465 0.386629
v -9.422971 2.019975 -0.020449
v -9.436401 2.003456 -0.005761
v -9.426905 2.008294 -0.010063
v -9.526480 2.019975 -0.020449
v -9.513049 2.003456 -0.005761
v -9.522546 2.008294 -0.010063
v -9.436401 1.964142 -0.397308
v -9.422971 1.983266 -0.386064
v -9.426905 1.969743 -0.394015
v -9.513049 1.964142 -0.397308
v -9.526480 1.983266 -0.386064
v -9.522546 1.969743 -0.394015
v -9.436401 1.847715 -0.773808
v -9.422971 1.861614 -0.779455
v -9.426905 1.851786 -0.775462
v -9.526480 1.861614 -0.779456
v -9.513049 1.847715 -0.773808
v -9.522546 1.851786 -0.775462
v -9.436401 1.658646 -1.120792
v -9.422971 1.671155 -1.128991
v -9.426905 1.662310 -1.123193
v -9.526480 1.671155 -1.128991
v -9.513049 1.658646 -1.120792
v -9.522546 1.662310 -1.123193
v -9.436401 1.404203 -1.424926
v -9.422971 1.405297 -1.446770
v -9.426905 1.404523 -1.431324
v -9.526480 1.405297 -1.446770
v -9.513049 1.404203 -1.424926
v -9.522546 1.404523 -1.431324
v -9.422971 1.115790 -1.679836
v -9.436401 1.094163 -1.674522
v -9.426905 1.100497 -1.676078
v -9.513049 1.094163 -1.674522
v -9.526480 1.115790 -1.679836
v -9.522546 1.100497 -1.676078
v -9.436401 0.740441 -1.859988
v -9.422971 0.746199 -1.873624
v -9.426905 0.742128 -1.863982
v -9.526480 0.746199 -1.873624
v -9.513049 0.740441 -1.859988
v -9.522546 0.742127 -1.863982
v -9.526480 -0.053301 -2.050552
v -9.475399 -0.042515 -2.106167
v -9.511518 -0.045674 -2.089878
v -9.474051 -0.042515 -2.106167
v -9.422971 -0.053301 -2.050552
v -9.437932 -0.045674 -2.089878
v -9.422971 -0.438601 -2.013326
v -9.474051 -0.460241 -2.065809
v -9.437932 -0.453902 -2.050437
v -9.475399 -0.460241 -2.065809
v -9.526480 -0.438601 -2.013326
v -9.511518 -0.453903 -2.050437
v -9.475399 0.375207 -2.065809
v -9.526480 0.363947 -2.010279
v -9.511518 0.371909 -2.049545
v -9.422971 0.363947 -2.010279
v -9.474051 0.375207 -2.065809
v -9.437932 0.371909 -2.049545
v -9.422971 -0.839826 -1.893975
v -9.474051 -0.861913 -1.946283
v -9.437932 -0.855444 -1.930962
v -9.475399 -0.861913 -1.946283
v -9.526480 -0.839826 -1.893975
v -9.511518 -0.855444 -1.930962
v -9.422971 -1.200030 -1.705108
v -9.474051 -1.232096 -1.752185
v -9.437932 -1.222705 -1.738396
v -9.475399 -1.232096 -1.752185
v -9.526480 -1.200030 -1.705108
v -9.511518 -1.222705 -1.738396
v -9.422971 -1.524103 -1.444165
v -9.474051 -1.556565 -1.490972
v -9.437932 -1.547057 -1.477262
v -9.475399 -1.556565 -1.490972
v -9.526480 -1.524103 -1.444165
v -9.511518 -1.547057 -1.477262
v -9.422971 -1.769717 -1.150583
v -9.474051 -1.822850 -1.172683
v -9.437931 -1.807288 -1.166210
v -9.475398 -1.822850 -1.172683
v -9.526480 -1.769717 -1.150583
v -9.511518 -1.807288 -1.166210
v -9.422970 -1.967393 -0.787884
v -9.474051 -2.020716 -0.809550
v -9.437931 -2.005099 -0.803204
v -9.475398 -2.020716 -0.809550
v -9.526479 -1.967393 -0.787884
v -9.511518 -2.005099 -0.803204
v -9.422971 -2.085954 -0.404483
v -9.474051 -2.142563 -0.415529
v -9.437931 -2.125982 -0.412293
v -9.475398 -2.142563 -0.415529
v -9.526480 -2.085954 -0.404483
v -9.511518 -2.125982 -0.412293
v -9.422971 -2.127010 0.004821
v -9.474051 -2.183705 -0.005759
v -9.437932 -2.167100 -0.002660
v -9.475399 -2.183705 -0.005759
v -9.526480 -2.127010 0.004821
v -9.511518 -2.167100 -0.002661
v -9.422971 -2.089062 0.382782
v -9.474051 -2.142563 0.404010
v -9.437932 -2.126893 0.397792
v -9.475399 -2.142563 0.404010
v -9.526480 -2.089062 0.382782
v -9.511518 -2.126893 0.397792
v -9.422971 -1.967393 0.776365
v -9.474051 -2.020716 0.798032
v -9.437932 -2.005099 0.791686
v -9.475399 -2.020716 0.798032
v -9.526480 -1.967393 0.776365
v -9.511518 -2.005099 0.791686
v -9.422971 -1.774860 1.129709
v -9.474051 -1.822850 1.161165
v -9.437932 -1.808794 1.151951
v -9.475399 -1.822850 1.161165
v -9.526480 -1.774860 1.129709
v -9.511518 -1.808794 1.151951
v -9.422971 -1.508849 1.447609
v -9.474051 -1.556565 1.479453
v -9.437932 -1.542589 1.470126
v -9.475399 -1.556565 1.479453
v -9.526480 -1.508849 1.447609
v -9.511518 -1.542589 1.470126
v -9.422971 -1.209567 1.688546
v -9.474051 -1.232096 1.740666
v -9.437932 -1.225498 1.725400
v -9.475399 -1.232096 1.740666
v -9.526480 -1.209567 1.688546
v -9.511518 -1.225498 1.725400
v -9.422971 -0.839825 1.882456
v -9.474051 -0.861913 1.934764
v -9.437932 -0.855443 1.919443
v -9.475399 -0.861913 1.934764
v -9.526480 -0.839825 1.882456
v -9.511518 -0.855443 1.919443
v -9.422971 -0.448980 1.998760
v -9.474051 -0.460240 2.054290
v -9.437932 -0.456942 2.038025
v -9.475399 -0.460240 2.054290
v -9.526480 -0.448980 1.998760
v -9.511518 -0.456942 2.038025
v -9.422971 -0.031728 2.039034
v -9.474051 -0.042514 2.094649
v -9.437932 -0.039355 2.078359
v -9.475399 -0.042514 2.094649
v -9.526480 -0.031728 2.039034
v -9.511518 -0.039355 2.078359
v -9.422971 0.353572 2.001807
v -9.474051 0.375211 2.054289
v -9.437932 0.368873 2.038918
v -9.475399 0.375211 2.054289
v -9.526480 0.353572 2.001807
v -9.511518 0.368873 2.038918
v -9.422971 0.754796 1.882455
v -9.474051 0.776884 1.934764
v -9.437932 0.770415 1.919443
v -9.475399 0.776884 1.934764
v -9.526480 0.754796 1.882455
v -9.511518 0.770415 1.919443
v -9.422971 1.115001 1.693589
v -9.474051 1.147068 1.740665
v -9.437932 1.137676 1.726877
v -9.475399 1.147068 1.740665
v -9.526480 1.115001 1.693589
v -9.511518 1.137676 1.726877
v -9.422971 1.439074 1.432645
v -9.474051 1.471536 1.479452
v -9.437932 1.462028 1.465743
v -9.475399 1.471536 1.479452
v -9.526480 1.439074 1.432645
v -9.511518 1.462028 1.465743
v -9.422971 1.684688 1.139063
v -9.474051 1.737820 1.161163
v -9.437932 1.722258 1.154691
v -9.475399 1.737820 1.161163
v -9.526480 1.684688 1.139063
v -9.511518 1.722258 1.154691
v -9.422971 1.882363 0.776364
v -9.474051 1.935687 0.798030
v -9.437932 1.920069 0.791685
v -9.475399 1.935687 0.798030
v -9.526480 1.882363 0.776364
v -9.511518 1.920069 0.791685
v -9.422971 2.000925 0.392963
v -9.474051 2.057533 0.404008
v -9.437932 2.040953 0.400773
v -9.475399 2.057533 0.404008
v -9.526480 2.000925 0.392963
v -9.511518 2.040953 0.400773
v -9.422971 2.041981 -0.016342
v -9.474051 2.098675 -0.005761
v -9.437932 2.082070 -0.008860
v -9.475399 2.098675 -0.005761
v -9.526480 2.041981 -0.016342
v -9.511518 2.082070 -0.008860
v -9.422971 2.004031 -0.394303
v -9.474051 2.057533 -0.415531
v -9.437932 2.041862 -0.409313
v -9.475399 2.057533 -0.415531
v -9.526480 2.004031 -0.394303
v -9.511518 2.041862 -0.409313
v -9.422971 1.882362 -0.787886
v -9.474051 1.935686 -0.809553
v -9.437932 1.920068 -0.803207
v -9.475399 1.935686 -0.809553
v -9.526480 1.882362 -0.787886
v -9.511518 1.920068 -0.803207
v -9.422971 1.689828 -1.141230
v -9.474051 1.737818 -1.172686
v -9.437932 1.723762 -1.163473
v -9.475399 1.737818 -1.172686
v -9.526480 1.689828 -1.141230
v -9.511518 1.723762 -1.163473
v -9.422971 1.423817 -1.459130
v -9.474051 1.471533 -1.490974
v -9.437932 1.457557 -1.481647
v -9.475399 1.471533 -1.490974
v -9.526480 1.423817 -1.459130
v -9.511518 1.457557 -1.481647
v -9.422971 1.124534 -1.700066
v -9.474051 1.147064 -1.752186
v -9.437932 1.140465 -1.736920
v -9.475399 1.147064 -1.752186
v -9.526480 1.124534 -1.700066
v -9.511518 1.140465 -1.736920
v -9.422971 0.754793 -1.893976
v -9.474051 0.776880 -1.946284
v -9.437932 0.770411 -1.930963
v -9.475399 0.776880 -1.946284
v -9.526480 0.754793 -1.893976
v -9.511518 0.770411 -1.930963
v 10.053574 0.601485 -1.530900
v 10.053640 0.612061 -1.555948
v 10.058742 0.606768 -1.543413
v 10.039318 0.618200 -1.570487
v 10.014527 0.618223 -1.570540
v 10.026937 0.620402 -1.575701
v 10.015382 0.933348 -1.404241
v 10.039318 0.916696 -1.413978
v 10.027187 0.924760 -1.415804
v 10.053640 0.907782 -1.400892
v 10.054428 0.909047 -1.368566
v 10.058991 0.904966 -1.386745
v 10.053640 1.166985 -1.192222
v 10.054428 1.134418 -1.187132
v 10.058991 1.153390 -1.186753
v 10.039318 1.178330 -1.203351
v 10.015382 1.165346 -1.217472
v 10.027187 1.178583 -1.211465
v 10.014527 1.393095 -0.946733
v 10.039318 1.393046 -0.946701
v 10.026937 1.397830 -0.949836
v 10.053640 1.379707 -0.937958
v 10.053574 1.356727 -0.922896
v 10.058742 1.368207 -0.930420
v 10.054428 1.641280 -0.024750
v 10.053640 1.667977 -0.005759
v 10.058991 1.654422 -0.011322
v 10.039318 1.684022 -0.005759
v 10.015382 1.685019 -0.024750
v 10.027187 1.690050 -0.011322
v 10.014527 1.650904 0.324667
v 10.039318 1.650846 0.324655
v 10.026937 1.656489 0.325756
v 10.053640 1.635111 0.321585
v 10.053574 1.608005 0.316296
v 10.058742 1.621547 0.318938
v 10.053574 1.512241 0.625975
v 10.053640 1.537775 0.636350
v 10.058742 1.524997 0.631158
v 10.039318 1.552597 0.642373
v 10.014527 1.552651 0.642395
v 10.026937 1.557912 0.644532
v 10.015382 1.383123 0.951517
v 10.039318 1.393049 0.935183
v 10.027187 1.394911 0.943093
v 10.053640 1.379708 0.926439
v 10.054428 1.346755 0.927680
v 10.058991 1.365287 0.923677
v 10.053574 0.601488 1.519383
v 10.053640 0.612064 1.544430
v 10.058742 0.606771 1.531896
v 10.039318 0.618204 1.558970
v 10.014527 0.618226 1.559023
v 10.026937 0.620405 1.564184
v 10.015382 0.275525 1.660014
v 10.039318 0.294318 1.655349
v 10.027187 0.289932 1.662234
v 10.053640 0.291188 1.639913
v 10.054428 0.266992 1.617933
v 10.058991 0.282982 1.627957
v 10.054428 -0.023153 1.645965
v 10.053640 -0.042513 1.672154
v 10.058991 -0.036843 1.658857
v 10.039318 -0.042513 1.687893
v 10.015382 -0.023153 1.688872
v 10.027187 -0.036843 1.693806
v 10.014527 -0.379355 1.655406
v 10.039318 -0.379343 1.655349
v 10.026937 -0.380466 1.660884
v 10.053640 -0.376213 1.639914
v 10.053574 -0.370822 1.613324
v 10.058742 -0.373515 1.626607
v 10.054428 -1.219446 1.175615
v 10.053640 -1.252013 1.180705
v 10.058991 -1.238419 1.175236
v 10.039318 -1.263358 1.191834
v 10.015382 -1.250374 1.205955
v 10.027187 -1.263611 1.199948
v 10.014527 -1.478123 0.935216
v 10.039318 -1.478074 0.935183
v 10.026937 -1.482858 0.938319
v 10.053640 -1.464735 0.926440
v 10.053574 -1.441755 0.911378
v 10.058742 -1.453235 0.918903
v 10.053574 -1.597268 0.625976
v 10.053640 -1.622801 0.636351
v 10.058742 -1.610023 0.631159
v 10.039318 -1.637623 0.642374
v 10.014527 -1.637678 0.642396
v 10.026937 -1.642938 0.644533
v 10.015382 -1.740629 0.306222
v 10.039318 -1.735874 0.324657
v 10.027187 -1.742892 0.320355
v 10.054428 -1.697730 0.297851
v 10.053640 -1.720137 0.321586
v 10.058991 -1.707949 0.313537
v 10.053574 -1.597268 -0.637492
v 10.053640 -1.622801 -0.647867
v 10.058742 -1.610023 -0.642675
v 10.039318 -1.637623 -0.653889
v 10.014527 -1.637678 -0.653911
v 10.026937 -1.642938 -0.656049
v 10.039318 -1.478075 -0.946699
v 10.015382 -1.468149 -0.963033
v 10.027187 -1.479937 -0.954609
v 10.053640 -1.464735 -0.937955
v 10.054428 -1.431781 -0.939196
v 10.058991 -1.450314 -0.935193
v 10.054428 -1.246825 -1.160274
v 10.053640 -1.252013 -1.192220
v 10.058991 -1.246438 -1.178885
v 10.039318 -1.263358 -1.203349
v 10.015382 -1.277753 -1.190613
v 10.027187 -1.271630 -1.203598
v 10.014527 -1.001757 -1.414024
v 10.039318 -1.001724 -1.413976
v 10.026937 -1.004921 -1.418669
v 10.053640 -0.992811 -1.400891
v 10.053574 -0.977457 -1.378349
v 10.058742 -0.985127 -1.389610
v 10.014527 -0.703252 -1.570539
v 10.039318 -0.703230 -1.570486
v 10.026937 -0.705431 -1.575700
v 10.053640 -0.697090 -1.555946
v 10.053574 -0.686514 -1.530899
v 10.058742 -0.691797 -1.543412
v 10.015382 -1.770046 0.013233
v 10.039318 -1.769048 -0.005758
v 10.027187 -1.775076 -0.000196
v 10.054428 -1.726307 0.013233
v 10.053640 -1.753004 -0.005758
v 10.058991 -1.739449 -0.000196
v 10.014527 -0.703252 1.559024
v 10.039318 -0.703229 1.558971
v 10.026937 -0.705431 1.564185
v 10.053640 -0.697090 1.544431
v 10.053574 -0.686513 1.519384
v 10.058742 -0.691797 1.531896
v 10.039318 1.178332 1.191833
v 10.015382 1.192727 1.179097
v 10.027187 1.186604 1.192081
v 10.053640 1.166987 1.180704
v 10.054428 1.161798 1.148757
v 10.058991 1.161412 1.167369
v 10.014527 1.552650 -0.653913
v 10.039318 1.552596 -0.653891
v 10.026937 1.557911 -0.656051
v 10.053640 1.537774 -0.647869
v 10.053574 1.512240 -0.637494
v 10.058742 1.524996 -0.642677
v 10.053640 -0.042513 -1.683669
v 10.054428 -0.061873 -1.657481
v 10.058991 -0.048184 -1.670372
v 10.015382 -0.061873 -1.700387
v 10.039318 -0.042513 -1.699408
v 10.027187 -0.048184 -1.705321
v 10.014527 0.294326 -1.666921
v 10.039318 0.294314 -1.666865
v 10.026937 0.295437 -1.672400
v 10.053640 0.291184 -1.651430
v 10.053574 0.285793 -1.624840
v 10.058742 0.288486 -1.638123
v 10.015382 1.655602 -0.317739
v 10.039318 1.650846 -0.336174
v 10.027187 1.657865 -0.331873
v 10.053640 1.635110 -0.333104
v 10.054428 1.612703 -0.309369
v 10.058991 1.622922 -0.325054
v 10.014527 0.916731 1.402508
v 10.039318 0.916699 1.402460
v 10.026937 0.919895 1.407153
v 10.053640 0.907785 1.389375
v 10.053574 0.892431 1.366833
v 10.058742 0.900101 1.378094
v 10.015382 -1.018376 1.392724
v 10.039318 -1.001725 1.402461
v 10.027187 -1.009788 1.404288
v 10.054428 -0.994076 1.357049
v 10.053640 -0.992811 1.389375
v 10.058991 -0.989995 1.375228
v 10.014527 -1.735930 -0.336184
v 10.039318 -1.735873 -0.336173
v 10.026937 -1.741516 -0.337274
v 10.053640 -1.720138 -0.333102
v 10.053574 -1.693032 -0.327813
v 10.058742 -1.706573 -0.330455
v 10.015382 -0.360551 -1.671530
v 10.039318 -0.379344 -1.666865
v 10.027187 -0.374958 -1.673750
v 10.053640 -0.376214 -1.651429
v 10.054428 -0.352018 -1.629449
v 10.058991 -0.368008 -1.639473
v 10.124076 0.641966 -1.626770
v 10.148867 0.641944 -1.626716
v 10.136457 0.639764 -1.621556
v 10.109820 0.658682 -1.666357
v 10.109754 0.648105 -1.641309
v 10.104652 0.653398 -1.653844
v 10.110675 0.992085 -1.490473
v 10.109754 0.960111 -1.477716
v 10.104902 0.972662 -1.486131
v 10.124076 0.951198 -1.464630
v 10.149721 0.967784 -1.454798
v 10.136708 0.952869 -1.457072
v 10.149721 1.209176 -1.260467
v 10.124076 1.222242 -1.246427
v 10.136707 1.214359 -1.246560
v 10.109754 1.233587 -1.257556
v 10.110675 1.240104 -1.290806
v 10.104904 1.239552 -1.271273
v 10.109754 1.458022 -0.989289
v 10.109820 1.481002 -1.004352
v 10.104652 1.469522 -0.996827
v 10.148867 1.444634 -0.980514
v 10.124076 1.444683 -0.980546
v 10.136457 1.439899 -0.977411
v 10.124076 1.746123 -0.005759
v 10.149721 1.747004 -0.024750
v 10.136708 1.740645 -0.011321
v 10.110675 1.790744 -0.024750
v 10.109754 1.762167 -0.005759
v 10.104902 1.776273 -0.011322
v 10.109754 1.727491 0.339610
v 10.109820 1.754597 0.344900
v 10.104652 1.741056 0.342257
v 10.148867 1.711698 0.336529
v 10.124076 1.711756 0.336540
v 10.136457 1.706113 0.335439
v 10.124076 1.609972 0.665686
v 10.148867 1.609918 0.665664
v 10.136457 1.604657 0.663526
v 10.109820 1.650328 0.682083
v 10.109754 1.624794 0.671708
v 10.104652 1.637572 0.676900
v 10.109754 1.458025 0.977771
v 10.110675 1.471029 1.009135
v 10.104902 1.466603 0.990083
v 10.124076 1.444684 0.969027
v 10.149721 1.434662 0.985298
v 10.136708 1.436980 0.970667
v 10.124076 0.641969 1.615253
v 10.148867 0.641947 1.615199
v 10.136457 0.639768 1.610039
v 10.109820 0.658685 1.654840
v 10.109754 0.648109 1.629792
v 10.104652 0.653401 1.642327
v 10.109754 0.309563 1.730534
v 10.110675 0.296151 1.761732
v 10.104902 0.306754 1.745190
v 10.149721 0.287617 1.719650
v 10.124076 0.306433 1.715097
v 10.136708 0.299803 1.710912
v 10.124076 -0.042513 1.748811
v 10.149721 -0.023153 1.749675
v 10.136708 -0.036843 1.743438
v 10.110675 -0.023153 1.792582
v 10.109754 -0.042513 1.764550
v 10.104902 -0.036843 1.778387
v 10.109754 -0.394589 1.730533
v 10.109820 -0.399980 1.757123
v 10.104652 -0.397287 1.743840
v 10.148867 -0.391447 1.715042
v 10.124076 -0.391459 1.715098
v 10.136457 -0.390336 1.709563
v 10.149721 -1.294204 1.248950
v 10.124076 -1.307270 1.234910
v 10.136707 -1.299387 1.235043
v 10.109754 -1.318615 1.246039
v 10.110675 -1.325132 1.279289
v 10.104902 -1.324580 1.259756
v 10.109754 -1.543050 0.977772
v 10.109820 -1.566030 0.992834
v 10.104652 -1.554550 0.985310
v 10.148867 -1.529662 0.968997
v 10.124076 -1.529711 0.969029
v 10.136457 -1.524927 0.965893
v 10.124076 -1.694999 0.665687
v 10.148867 -1.694944 0.665665
v 10.136457 -1.689683 0.663527
v 10.109820 -1.735354 0.682084
v 10.109754 -1.709821 0.671709
v 10.104652 -1.722599 0.676901
v 10.110675 -1.844322 0.326455
v 10.109754 -1.812518 0.339612
v 10.104902 -1.827458 0.336856
v 10.124076 -1.796782 0.336541
v 10.149721 -1.801423 0.318084
v 10.136708 -1.792515 0.330038
v 10.124076 -1.694999 -0.677202
v 10.148867 -1.694944 -0.677180
v 10.136457 -1.689683 -0.675043
v 10.109820 -1.735354 -0.693600
v 10.109754 -1.709821 -0.683225
v 10.104652 -1.722599 -0.688417
v 10.110675 -1.556055 -1.020652
v 10.109754 -1.543051 -0.989288
v 10.104902 -1.551629 -1.001600
v 10.149721 -1.519687 -0.996814
v 10.124076 -1.529710 -0.980544
v 10.136708 -1.522006 -0.982183
v 10.124076 -1.307270 -1.246425
v 10.149721 -1.321583 -1.233608
v 10.136707 -1.307406 -1.238693
v 10.110675 -1.352511 -1.263947
v 10.109754 -1.318615 -1.257554
v 10.104904 -1.332599 -1.263405
v 10.109754 -1.045140 -1.477714
v 10.109820 -1.060494 -1.500256
v 10.104652 -1.052824 -1.488995
v 10.148867 -1.036194 -1.464581
v 10.124076 -1.036227 -1.464629
v 10.136457 -1.033031 -1.459936
v 10.109754 -0.733135 -1.641308
v 10.109820 -0.743711 -1.666355
v 10.104652 -0.738428 -1.653843
v 10.148867 -0.726973 -1.626715
v 10.124076 -0.726995 -1.626769
v 10.136457 -0.724794 -1.621554
v 10.109754 -1.847194 -0.005758
v 10.110675 -1.875770 0.013233
v 10.104902 -1.861300 -0.000196
v 10.124076 -1.831150 -0.005758
v 10.149721 -1.832031 0.013233
v 10.136708 -1.825672 -0.000196
v 10.109754 -0.733134 1.629793
v 10.109820 -0.743711 1.654840
v 10.104652 -0.738427 1.642328
v 10.148867 -0.726972 1.615200
v 10.124076 -0.726995 1.615253
v 10.136457 -0.724793 1.610039
v 10.110675 1.267485 1.252431
v 10.109754 1.233589 1.246038
v 10.104904 1.247573 1.251889
v 10.149721 1.236557 1.222092
v 10.124076 1.222244 1.234909
v 10.136707 1.222380 1.227176
v 10.109754 1.624793 -0.683227
v 10.109820 1.650326 -0.693602
v 10.104652 1.637571 -0.688419
v 10.148867 1.609917 -0.677182
v 10.124076 1.609971 -0.677204
v 10.136457 1.604656 -0.675044
v 10.149721 -0.061873 -1.761191
v 10.124076 -0.042513 -1.760327
v 10.136708 -0.048183 -1.754953
v 10.109754 -0.042513 -1.776065
v 10.110675 -0.061873 -1.804098
v 10.104902 -0.048183 -1.789902
v 10.109754 0.309560 -1.742049
v 10.109820 0.314951 -1.768639
v 10.104652 0.312258 -1.755356
v 10.148867 0.306418 -1.726558
v 10.124076 0.306430 -1.726614
v 10.136457 0.305307 -1.721079
v 10.109754 1.727491 -0.351129
v 10.110675 1.759294 -0.337972
v 10.104902 1.742431 -0.348374
v 10.149721 1.716396 -0.329602
v 10.124076 1.711754 -0.348059
v 10.136708 1.707488 -0.341556
v 10.109754 0.960114 1.466198
v 10.109820 0.975469 1.488740
v 10.104652 0.967798 1.477479
v 10.148867 0.951168 1.453065
v 10.124076 0.951201 1.453113
v 10.136457 0.948005 1.448420
v 10.110675 -1.077113 1.478956
v 10.109754 -1.045140 1.466199
v 10.104904 -1.057691 1.474614
v 10.124076 -1.036226 1.453113
v 10.149721 -1.052813 1.443281
v 10.136708 -1.037898 1.445555
v 10.109754 -1.812517 -0.351128
v 10.109820 -1.839623 -0.356417
v 10.104652 -1.826082 -0.353775
v 10.148867 -1.796724 -0.348046
v 10.124076 -1.796782 -0.348057
v 10.136457 -1.791139 -0.346956
v 10.109754 -0.394589 -1.742050
v 10.110675 -0.381176 -1.773248
v 10.104902 -0.391780 -1.756706
v 10.149721 -0.372643 -1.731166
v 10.124076 -0.391459 -1.726613
v 10.136708 -0.384829 -1.722428
v 10.159227 0.646342 -1.637134
v 10.159286 0.656922 -1.662189
v 10.164391 0.651627 -1.649649
v 10.144979 0.663055 -1.676713
v 10.120181 0.663081 -1.676774
v 10.132591 0.665259 -1.681933
v 10.120181 0.981852 -1.509633
v 10.144979 0.981815 -1.509579
v 10.132591 0.985014 -1.514276
v 10.159286 0.972911 -1.496507
v 10.159227 0.957552 -1.473958
v 10.164391 0.965223 -1.485221
v 10.159227 1.230329 -1.254360
v 10.159286 1.249877 -1.273536
v 10.164391 1.240093 -1.263938
v 10.144979 1.261210 -1.284653
v 10.120181 1.261257 -1.284699
v 10.132591 1.265282 -1.288647
v 10.120181 1.490559 -1.010616
v 10.144979 1.490504 -1.010580
v 10.132591 1.495292 -1.013718
v 10.159286 1.477178 -1.001845
v 10.159227 1.454191 -0.986779
v 10.164391 1.465673 -0.994304
v 10.159227 1.757560 -0.005759
v 10.159286 1.785205 -0.005760
v 10.164391 1.771368 -0.005759
v 10.144979 1.801232 -0.005760
v 10.120181 1.801299 -0.005760
v 10.132591 1.806991 -0.005760
v 10.120181 1.765871 0.347099
v 10.144979 1.765805 0.347086
v 10.132591 1.771453 0.348189
v 10.159286 1.750086 0.344019
v 10.159227 1.722972 0.338729
v 10.164391 1.736516 0.341371
v 10.159227 1.620538 0.669979
v 10.159286 1.646079 0.680357
v 10.164391 1.633295 0.675162
v 10.144979 1.660886 0.686373
v 10.120181 1.660947 0.686398
v 10.132591 1.666206 0.688535
v 10.120181 1.490561 0.999098
v 10.144979 1.490506 0.999061
v 10.132591 1.495294 1.002200
v 10.159286 1.477180 0.990327
v 10.159227 1.454193 0.975260
v 10.164391 1.465675 0.982786
v 10.159227 0.646345 1.625617
v 10.159286 0.656925 1.650671
v 10.164391 0.651630 1.638131
v 10.144979 0.663058 1.665196
v 10.120181 0.663084 1.665257
v 10.132591 0.665262 1.670416
v 10.120181 0.317197 1.768182
v 10.144979 0.317184 1.768118
v 10.132591 0.318308 1.773659
v 10.159286 0.314058 1.752698
v 10.159227 0.308664 1.726101
v 10.164391 0.311358 1.739386
v 10.159227 -0.042513 1.760030
v 10.159286 -0.042513 1.787149
v 10.164391 -0.042513 1.773576
v 10.144979 -0.042513 1.802871
v 10.120181 -0.042513 1.802936
v 10.132591 -0.042513 1.808520
v 10.120181 -0.402223 1.768183
v 10.144979 -0.402210 1.768118
v 10.132591 -0.403333 1.773659
v 10.159286 -0.399083 1.752699
v 10.159227 -0.393690 1.726101
v 10.164391 -0.396384 1.739386
v 10.159227 -1.315357 1.242842
v 10.159286 -1.334905 1.262018
v 10.164391 -1.325121 1.252421
v 10.144979 -1.346238 1.273135
v 10.120181 -1.346285 1.273182
v 10.132591 -1.350310 1.277130
v 10.120181 -1.575587 0.999099
v 10.144979 -1.575532 0.999062
v 10.132591 -1.580320 1.002201
v 10.159286 -1.562206 0.990328
v 10.159227 -1.539219 0.975261
v 10.164391 -1.550701 0.982787
v 10.159227 -1.705564 0.669980
v 10.159286 -1.731105 0.680358
v 10.164391 -1.718322 0.675163
v 10.144979 -1.745912 0.686374
v 10.120181 -1.745974 0.686399
v 10.132591 -1.751233 0.688536
v 10.120181 -1.850897 0.347101
v 10.144979 -1.850832 0.347088
v 10.132591 -1.856480 0.348190
v 10.159286 -1.835113 0.344021
v 10.159227 -1.807998 0.338730
v 10.164391 -1.821542 0.341373
v 10.159227 -1.705564 -0.681495
v 10.159286 -1.731105 -0.691873
v 10.164391 -1.718322 -0.686679
v 10.144979 -1.745912 -0.697890
v 10.120181 -1.745974 -0.697915
v 10.132591 -1.751233 -0.700052
v 10.120181 -1.575587 -1.010614
v 10.144979 -1.575532 -1.010578
v 10.132591 -1.580320 -1.013716
v 10.159286 -1.562206 -1.001843
v 10.159227 -1.539219 -0.986777
v 10.164391 -1.550701 -0.994302
v 10.159227 -1.315357 -1.254358
v 10.159286 -1.334905 -1.273534
v 10.164391 -1.325121 -1.263936
v 10.144979 -1.346238 -1.284651
v 10.120181 -1.346285 -1.284698
v 10.132591 -1.350310 -1.288646
v 10.120181 -1.066880 -1.509632
v 10.144979 -1.066843 -1.509577
v 10.132591 -1.070043 -1.514274
v 10.159286 -1.057939 -1.496505
v 10.159227 -1.042580 -1.473956
v 10.164391 -1.050252 -1.485219
v 10.120181 -0.748110 -1.676773
v 10.144979 -0.748084 -1.676712
v 10.132591 -0.750288 -1.681931
v 10.159286 -0.741951 -1.662187
v 10.159227 -0.731372 -1.637133
v 10.164391 -0.736656 -1.649648
v 10.120181 -1.886325 -0.005758
v 10.144979 -1.886259 -0.005758
v 10.132591 -1.892018 -0.005758
v 10.159286 -1.870232 -0.005758
v 10.159227 -1.842586 -0.005758
v 10.164391 -1.856395 -0.005758
v 10.120181 -0.748109 1.665257
v 10.144979 -0.748084 1.665197
v 10.132591 -0.750288 1.670416
v 10.159286 -0.741951 1.650672
v 10.159227 -0.731371 1.625617
v 10.164391 -0.736656 1.638132
v 10.120181 1.261260 1.273181
v 10.144979 1.261212 1.273135
v 10.132591 1.265285 1.277129
v 10.159286 1.249880 1.262018
v 10.159227 1.230331 1.242842
v 10.164391 1.240096 1.252420
v 10.120181 1.660946 -0.697917
v 10.144979 1.660884 -0.697892
v 10.132591 1.666205 -0.700054
v 10.159286 1.646078 -0.691875
v 10.159227 1.620536 -0.681497
v 10.164391 1.633294 -0.686681
v 10.159227 -0.042513 -1.771545
v 10.159286 -0.042513 -1.798664
v 10.164391 -0.042513 -1.785091
v 10.144979 -0.042513 -1.814386
v 10.120181 -0.042513 -1.814452
v 10.132591 -0.042513 -1.820035
v 10.120181 0.317194 -1.779699
v 10.144979 0.317181 -1.779634
v 10.132591 0.318304 -1.785175
v 10.159286 0.314054 -1.764215
v 10.159227 0.308661 -1.737617
v 10.164391 0.311355 -1.750902
v 10.120181 1.765870 -0.358618
v 10.144979 1.765805 -0.358606
v 10.132591 1.771453 -0.359708
v 10.159286 1.750086 -0.355538
v 10.159227 1.722971 -0.350248
v 10.164391 1.736515 -0.352890
v 10.120181 0.981855 1.498116
v 10.144979 0.981817 1.498061
v 10.132591 0.985017 1.502758
v 10.159286 0.972914 1.484989
v 10.159227 0.957554 1.462440
v 10.164391 0.965226 1.473703
v 10.120181 -1.066880 1.498116
v 10.144979 -1.066843 1.498062
v 10.132591 -1.070043 1.502759
v 10.159286 -1.057939 1.484990
v 10.159227 -1.042580 1.462441
v 10.164391 -1.050252 1.473704
v 10.120181 -1.850897 -0.358617
v 10.144979 -1.850832 -0.358604
v 10.132591 -1.856480 -0.359706
v 10.159286 -1.835112 -0.355537
v 10.159227 -1.807998 -0.350246
v 10.164391 -1.821542 -0.352889
v 10.120181 -0.402223 -1.779698
v 10.144979 -0.402210 -1.779634
v 10.132591 -0.403334 -1.785175
v 10.159286 -0.399084 -1.764214
v 10.159227 -0.393690 -1.737616
v 10.164391 -0.396384 -1.750902
v 4.444229 -0.042513 -2.130654
v 4.444229 -0.465108 -2.089825
v 4.444229 -2.208667 -0.005758
v 4.444229 -2.167045 0.408788
v 4.444229 -0.465108 2.078309
v 4.444229 -0.042512 2.119138
v 4.444229 2.082019 0.408787
v 4.444229 2.123641 -0.005760
v 4.444229 0.380084 2.078309
v 5.252666 0.330453 1.833549
v 4.444229 0.380080 -2.089825
v 5.252665 1.832508 0.360101
v 4.985570 -0.042513 -1.962757
v 5.252666 -0.415477 -1.845066
v 5.252666 0.330449 -1.845066
v 5.252666 -1.917533 0.360103
v 5.252666 -0.415477 1.833549
v 5.252665 1.869241 -0.005760
v 5.252666 -1.917533 -0.371619
v 4.444229 -2.167045 -0.420305
v 5.252666 -0.042512 1.869584
v 4.444229 2.082019 -0.420307
v 5.252665 1.832507 -0.371621
v 5.252666 -1.954267 -0.005758
v -9.788865 -0.042515 -1.896573
v -9.788865 -0.418557 -1.860242
v -9.788865 -1.970042 -0.005759
v -9.788865 -1.933005 0.363120
v -9.788865 -0.042514 1.885054
v -9.788865 0.333527 1.848722
v -9.788865 1.885011 -0.005761
v -9.788865 1.847974 -0.374641
v -9.526480 -0.042515 -1.896573
v -9.526480 -0.418557 -1.860242
v -9.526480 -1.970041 -0.005759
v -9.526480 -1.933005 0.363120
v -9.526480 -0.042514 1.885054
v -9.526480 0.333527 1.848722
v -9.526480 1.885012 -0.005761
v -9.526480 1.847974 -0.374641
v 6.917075 1.309303 1.320308
v 7.435015 1.023326 1.039778
v 7.435015 1.210781 0.815714
v 6.917075 1.547054 1.036125
v 6.917075 0.689082 -1.738349
v 6.917075 1.019600 -1.565049
v 7.435015 0.794909 -1.235181
v 7.435015 0.534313 -1.371819
v 6.917075 -1.954266 -0.005758
v 6.917075 -1.917532 -0.371619
v 7.435015 -1.520871 -0.294221
v 7.435015 -1.549834 -0.005758
v 6.917075 1.723718 -0.723422
v 7.435015 1.350071 -0.571600
v 7.435015 1.210779 -0.827233
v 6.917075 1.547052 -1.047644
v 6.917075 1.309301 -1.331827
v 7.435015 1.023324 -1.051296
v 6.917075 -1.808743 -0.723420
v 7.435015 -1.435096 -0.571599
v 6.917075 -0.042512 -1.881100
v 6.917075 0.330450 -1.845066
v 7.435015 0.251550 -1.455960
v 7.435015 -0.042512 -1.484371
v 6.917075 1.869242 -0.005760
v 6.917075 1.832509 0.360101
v 7.435015 1.435847 0.282704
v 7.435015 1.464810 -0.005759
v 6.917075 -1.394326 -1.331825
v 7.435015 -1.108350 -1.051295
v 7.435015 -1.295805 -0.827231
v 6.917075 -1.632078 -1.047642
v 6.917075 1.723719 0.711903
v 7.435015 1.350073 0.560081
v 6.917075 -0.774109 -1.738348
v 6.917075 -0.415477 -1.845066
v 7.435015 -0.336576 -1.455960
v 7.435015 -0.619339 -1.371818
v 6.917075 0.689085 1.726831
v 6.917075 0.330453 1.833549
v 7.435015 0.251552 1.444443
v 7.435015 0.534316 1.360302
v 6.917075 1.832508 -0.371621
v 7.435015 1.435847 -0.294223
v 6.917075 -0.042511 1.869584
v 6.917075 -0.415476 1.833550
v 7.435015 -0.336576 1.444444
v 7.435015 -0.042512 1.472855
v 6.917075 -1.394326 1.320309
v 6.917075 -1.632078 1.036126
v 7.435015 -1.295805 0.815715
v 7.435015 -1.108350 1.039779
v 6.917075 -1.808743 0.711904
v 6.917075 -1.917532 0.360103
v 7.435015 -1.520871 0.282705
v 7.435015 -1.435096 0.560082
v 6.917075 1.019603 1.553531
v 7.435015 0.794912 1.223663
v 6.917075 -1.104626 -1.565048
v 7.435015 -0.879935 -1.235179
v 6.917075 -0.774109 1.726832
v 6.917075 -1.104626 1.553532
v 7.435015 -0.879935 1.223664
v 7.435015 -0.619339 1.360302
v -8.717909 -2.043780 -0.818922
v -8.717909 -2.167047 -0.420306
v -9.160585 -1.933004 -0.374639
v -9.160585 -1.823317 -0.729342
v -8.717910 1.160933 -1.772547
v -8.717910 1.489185 -1.508290
v -8.717910 1.758575 -1.186291
v -8.717910 1.958750 -0.818924
v -8.717910 1.758577 1.174769
v -8.717910 1.489188 1.496768
v -8.717910 1.160937 1.761027
v -8.717910 0.786437 1.957388
v -8.717910 -0.465110 2.078308
v -8.717910 -0.871466 1.957389
v -8.717910 -1.245965 1.761027
v -8.717910 -1.574217 1.496769
v -8.717910 -1.843606 1.174770
v -8.717910 -2.043780 0.807403
v -8.717910 -2.167047 0.408787
v -8.717910 -2.208669 -0.005759
v -8.717909 -1.843606 -1.186288
v -8.717910 -1.574217 -1.508288
v -8.717910 -1.245965 -1.772546
v -8.717910 -0.871466 -1.968907
v -8.717910 -0.465110 -2.089826
v -8.717910 -0.042515 -2.130655
v -8.717910 -0.042514 2.119137
v -9.160585 -0.042514 1.885055
v -9.160585 -0.418556 1.848723
v -8.717910 2.123639 -0.005761
v -8.717910 2.082017 -0.420308
v -9.160585 1.847974 -0.374641
v -9.160585 1.885012 -0.005761
v -9.160585 -1.113391 -1.577913
v -9.160585 -0.780147 -1.752643
v -9.160585 -1.405482 1.331248
v -9.160585 -1.645195 1.044720
v -9.160585 1.560166 1.044719
v -9.160585 1.320453 1.331247
v -8.717910 0.786434 -1.968908
v -9.160585 0.695115 -1.752644
v -9.160585 1.028359 -1.577915
v -9.160585 -1.970041 -0.005759
v -8.717910 0.380082 2.078307
v -9.160585 0.333528 1.848723
v -9.160585 1.738287 -0.729344
v -9.160585 -1.405482 -1.342766
v -9.160585 -1.113391 1.566395
v -8.717911 1.958751 0.807402
v -9.160585 1.738288 0.717822
v -8.717910 0.380078 -2.089827
v -9.160585 0.333524 -1.860242
v -9.160585 -1.933005 0.363120
v -9.160585 0.695118 1.741124
v -9.160585 1.560163 -1.056241
v -9.160585 -1.645195 -1.056239
v -9.160585 -0.780147 1.741125
v -8.717910 2.082017 0.408786
v -9.160585 1.847975 0.363118
v -9.160585 -0.418557 -1.860241
v -9.160585 -0.042515 -1.896573
v -9.160585 -1.823317 0.717824
v -9.160585 1.028362 1.566394
v -9.160585 1.320450 -1.342768
vn -0.0000 -0.0000 -1.0000
vn 0.1476 -0.0000 -0.9891
vn 0.1478 -0.1897 -0.9706
vn -0.0000 -0.2231 -0.9748
vn 0.1482 -0.3725 -0.9161
vn -0.0000 -0.3464 -0.9381
vn 0.1486 -0.5424 -0.8269
vn -0.0000 -0.5483 -0.8363
vn 0.1491 -0.6927 -0.7056
vn -0.0000 -0.7234 -0.6904
vn 0.1496 -0.8174 -0.5564
vn -0.0000 -0.8075 -0.5898
vn 0.1500 -0.9109 -0.3844
vn -0.0000 -0.9213 -0.3889
vn 0.1503 -0.9689 -0.1965
vn -0.0000 -0.9862 -0.1658
vn -0.0000 -0.9554 -0.2954
vn -0.0002 -0.9554 -0.2954
vn -0.0000 -0.9994 -0.0334
vn 0.1502 -0.9887 -0.0000
vn 0.1502 -0.9689 0.1965
vn -0.0000 -0.9801 0.1987
vn 0.1500 -0.9109 0.3844
vn -0.0000 -0.9078 0.4193
vn 0.1496 -0.8174 0.5564
vn -0.0000 -0.8447 0.5352
vn 0.1491 -0.6927 0.7056
vn -0.0000 -0.7004 0.7137
vn 0.1486 -0.5424 0.8269
vn -0.0000 -0.5208 0.8537
vn 0.1482 -0.3725 0.9161
vn -0.0000 -0.4063 0.9137
vn 0.1478 -0.1897 0.9706
vn -0.0000 -0.1916 0.9815
vn 0.1476 -0.0000 0.9891
vn -0.0000 0.0322 0.9995
vn 1.0000 -0.0000 -0.0000
vn -0.0000 0.1598 0.9871
vn 0.1479 0.1897 0.9706
vn 0.1482 0.3725 0.9161
vn -0.0000 0.3766 0.9264
vn 0.1486 0.5424 0.8269
vn -0.0000 0.5753 0.8180
vn 0.1491 0.6927 0.7056
vn -0.0000 0.6766 0.7363
vn 0.1496 0.8174 0.5564
vn -0.0000 0.8266 0.5628
vn 0.1500 0.9109 0.3844
vn -0.0000 0.9337 0.3580
vn -0.0000 0.2852 -0.9585
vn -0.0000 0.9729 0.2313
vn 0.1503 0.9689 0.1965
vn 0.1502 0.9887 -0.0000
vn -0.0000 0.9994 -0.0334
vn -0.0000 0.0962 0.9954
vn 0.0015 0.0962 0.9954
vn -0.0000 0.9862 -0.1658
vn 0.1503 0.9689 -0.1965
vn 0.1500 0.9109 -0.3844
vn -0.0000 0.9213 -0.3889
vn 0.1496 0.8174 -0.5564
vn -0.0000 0.8075 -0.5898
vn 0.1491 0.6927 -0.7057
vn -0.0000 0.7234 -0.6904
vn 0.1486 0.5424 -0.8269
vn -0.0000 0.5483 -0.8363
vn 0.1482 0.3725 -0.9161
vn -0.0000 0.3464 -0.9381
vn 0.1506 0.1891 0.9703
vn 0.1509 0.3721 0.9158
vn -1.0000 -0.0000 -0.0000
vn -0.0000 0.2231 -0.9748
vn 0.1479 0.1897 -0.9706
vn -0.4721 -0.8422 -0.2604
vn -0.2376 0.1862 -0.9534
vn -0.2374 -0.0000 -0.9714
vn -0.9876 -0.0445 0.1504
vn -0.9819 -0.0362 0.1861
vn -0.0000 -0.3764 -0.9264
vn 0.2117 0.8080 0.5499
vn 0.1651 0.9266 0.3379
vn -0.0000 0.9550 0.2967
vn -0.0000 -0.0962 -0.9954
vn -0.0000 -0.2857 -0.9583
vn -0.0000 -0.2634 -0.9647
vn -0.0000 -0.4634 0.8861
vn 0.1636 -0.4149 0.8950
vn 0.2095 -0.1874 0.9597
vn -0.2116 0.8080 0.5499
vn -0.1651 0.9266 0.3379
vn -0.9876 0.0984 -0.1226
vn -0.9820 0.1034 -0.1580
vn -0.0000 0.7663 -0.6424
vn 0.1642 0.7246 -0.6693
vn 0.2104 0.5362 -0.8174
vn -0.0000 0.9554 0.2954
vn -0.0002 0.9554 0.2954
vn -0.2386 0.5327 -0.8120
vn -0.2380 0.3659 -0.8997
vn -0.0000 0.4644 -0.8856
vn -0.0000 0.6277 -0.7784
vn -0.0000 0.6092 -0.7930
vn -0.0000 0.7664 -0.6424
vn 0.9820 0.1034 -0.1580
vn 0.9876 0.0984 -0.1226
vn -0.2392 0.6802 -0.6928
vn -0.0000 -0.4644 -0.8856
vn -0.0000 -0.3075 -0.9516
vn -0.0000 -0.2855 -0.9584
vn 0.9819 -0.0362 0.1861
vn 0.9876 -0.0445 0.1504
vn -0.2399 0.8026 -0.5462
vn -0.0000 0.7670 -0.6417
vn -0.2405 0.8943 -0.3773
vn -0.0000 0.7670 0.6417
vn -0.0000 0.6456 0.7637
vn -0.0000 0.6275 0.7786
vn -0.0000 -0.8265 0.5630
vn 0.2126 -0.9577 0.1940
vn 0.1657 -0.8888 0.4273
vn -0.0000 -0.8792 0.4764
vn -0.2409 0.9512 -0.1927
vn -0.2126 -0.9577 0.1940
vn -0.1657 -0.8888 0.4273
vn -0.0000 0.9950 -0.0999
vn -0.2409 0.9512 0.1927
vn -0.2411 0.9705 -0.0000
vn -0.0000 0.0962 -0.9954
vn -0.0000 -0.0962 0.9954
vn 0.0015 0.2852 -0.9585
vn -0.2399 0.8026 0.5462
vn -0.2405 0.8943 0.3773
vn -0.0000 0.2852 0.9585
vn -0.0000 0.1190 0.9929
vn -0.9879 0.1483 -0.0462
vn -0.9823 0.1724 -0.0730
vn -0.0000 0.9948 -0.1015
vn 0.1655 0.9751 -0.1476
vn 0.2122 0.9004 -0.3799
vn -0.9876 -0.1201 0.1009
vn -0.9821 -0.1317 0.1345
vn -0.2392 0.6802 0.6928
vn -0.0000 -0.8776 0.4794
vn 0.1646 -0.8417 0.5141
vn 0.2110 -0.6848 0.6975
vn -0.0000 -0.6271 -0.7789
vn -0.0000 -0.7675 -0.6410
vn -0.0000 -0.7520 -0.6592
vn -0.1655 0.9751 -0.1476
vn -0.2122 0.9004 -0.3799
vn -0.0000 -0.5482 0.8364
vn -0.2386 0.5327 0.8120
vn -0.0000 0.6271 0.7789
vn -0.2380 0.3659 0.8997
vn -0.0000 0.4650 0.8853
vn -0.0000 0.4442 0.8959
vn 0.9821 -0.1317 0.1345
vn 0.9876 -0.1201 0.1009
vn -0.1646 -0.8417 0.5142
vn -0.2110 -0.6848 0.6975
vn 0.9823 0.1724 -0.0730
vn 0.9879 0.1483 -0.0462
vn -0.2376 0.1862 0.9534
vn 0.1646 -0.8417 0.5142
vn -0.2376 -0.1862 0.9534
vn -0.2374 -0.0000 0.9714
vn 0.9883 -0.0961 0.1189
vn 0.1646 -0.5013 0.8495
vn -0.0000 -0.4664 0.8846
vn -0.2380 -0.3659 0.8997
vn -0.1646 -0.5013 0.8495
vn 0.9883 0.1340 -0.0727
vn -0.0000 1.0000 -0.0000
vn -0.0000 0.5482 -0.8364
vn -0.2386 -0.5327 0.8120
vn -0.0000 -0.4644 0.8856
vn -0.2392 -0.6802 0.6928
vn 0.1655 0.7875 -0.5937
vn -0.0000 0.7685 -0.6398
vn -0.1655 0.7875 -0.5937
vn -0.2399 -0.8026 0.5462
vn -0.0000 0.2840 -0.9588
vn 0.1635 0.2348 -0.9582
vn 0.2093 -0.0000 -0.9778
vn -0.2405 -0.8943 0.3773
vn -0.0000 -0.8781 0.4785
vn -0.2409 -0.9512 0.1927
vn -0.1657 -0.9850 -0.0489
vn -0.0000 -0.9952 -0.0980
vn 0.1657 -0.9850 -0.0489
vn 0.9818 -0.0000 -0.1897
vn 0.9877 0.0147 -0.1554
vn -0.0000 -0.9923 -0.1238
vn -0.0000 -0.9950 -0.0996
vn -0.2411 -0.9705 -0.0000
vn -0.0000 0.8667 0.4988
vn -0.0000 0.8785 0.4778
vn -0.0000 -0.9950 -0.0999
vn -0.2405 -0.8943 -0.3773
vn -0.2409 -0.9512 -0.1927
vn -0.2399 -0.8026 -0.5462
vn 0.9877 0.0147 -0.1555
vn -0.2392 -0.6802 -0.6928
vn -0.0000 -0.7670 -0.6417
vn -0.2386 -0.5327 -0.8120
vn -0.0000 -0.2852 0.9585
vn -0.0000 -0.4442 0.8959
vn -0.0000 -0.4650 0.8853
vn 0.9879 -0.0152 0.1545
vn 0.1636 0.0465 0.9854
vn -0.0000 0.0946 0.9955
vn -0.2380 -0.3659 -0.8997
vn -0.2095 -0.1874 0.9597
vn -0.1636 0.0465 0.9854
vn 0.9882 0.0715 -0.1358
vn 0.1642 0.3281 -0.9303
vn -0.0000 0.2872 -0.9579
vn -0.2104 0.5362 -0.8174
vn -0.1642 0.3281 -0.9303
vn -0.2376 -0.1862 -0.9534
vn -0.0000 -0.2852 -0.9585
vn -0.1651 0.6565 0.7361
vn -0.0000 0.6290 0.7774
vn 0.1651 0.6565 0.7361
vn -0.9818 -0.0000 -0.1897
vn -0.9877 -0.0147 -0.1554
vn -0.9877 0.0147 -0.1554
vn -0.0000 -0.9950 0.0999
vn -0.0000 -0.9971 -0.0757
vn -0.0000 -0.8781 -0.4785
vn -0.0000 -0.7674 -0.6412
vn -0.0000 -0.7823 -0.6228
vn -0.9882 0.0715 -0.1358
vn -0.1642 0.7246 -0.6693
vn -0.9883 0.1340 -0.0727
vn -0.9822 0.1550 0.1058
vn -0.9877 0.1370 0.0750
vn 0.9877 0.1370 0.0750
vn 0.9822 0.1550 0.1058
vn -0.9883 0.1171 0.0976
vn -0.0000 -0.6271 0.7789
vn -0.0000 -0.4648 0.8854
vn -0.0000 -0.4852 0.8744
vn 0.9883 0.1171 0.0976
vn -0.9819 0.0711 0.1754
vn -0.9876 0.0727 0.1394
vn 0.9876 0.0727 0.1394
vn 0.9819 0.0711 0.1754
vn -0.9880 0.0443 0.1478
vn 0.9880 0.0443 0.1478
vn -0.0000 0.9950 0.0999
vn -0.0000 0.9554 0.2952
vn -0.0000 0.9623 0.2720
vn -0.9879 -0.0152 0.1545
vn -0.1636 -0.4149 0.8950
vn -0.9883 -0.0961 0.1189
vn -0.1646 -0.8417 0.5141
vn -0.9824 -0.1832 0.0372
vn -0.9882 -0.1461 0.0449
vn 0.9882 -0.1461 0.0449
vn 0.9824 -0.1832 0.0372
vn -0.9880 -0.1536 0.0157
vn 0.9880 -0.1536 0.0157
vn -0.9823 -0.1724 -0.0730
vn -0.9879 -0.1483 -0.0462
vn 0.9879 -0.1483 -0.0462
vn 0.9823 -0.1724 -0.0730
vn -0.9883 -0.1340 -0.0727
vn 0.9883 -0.1340 -0.0727
vn -0.9820 -0.1034 -0.1580
vn -0.9876 -0.0984 -0.1226
vn 0.9876 -0.0984 -0.1226
vn 0.9820 -0.1034 -0.1580
vn -0.9882 -0.0715 -0.1358
vn 0.9882 -0.0715 -0.1358
vn -0.1635 0.2348 -0.9582
vn -0.2093 -0.0000 -0.9778
vn 0.9877 -0.0147 -0.1554
vn -0.0000 -0.9212 0.3890
vn 0.2116 0.8080 0.5499
vn -0.0000 0.8781 -0.4785
vn -0.0000 0.7823 -0.6228
vn -0.0000 0.7674 -0.6412
vn -0.0000 -0.2872 -0.9579
vn 0.1642 -0.3281 -0.9303
vn 0.2104 -0.5362 -0.8174
vn -0.1642 -0.3281 -0.9303
vn -0.2104 -0.5362 -0.8174
vn -0.2122 -0.9004 -0.3799
vn -0.0000 -0.9948 -0.1015
vn -0.1655 -0.9751 -0.1476
vn 0.2122 -0.9004 -0.3799
vn 0.1655 -0.9751 -0.1476
vn -0.0000 0.9212 -0.3890
vn -0.0000 0.2855 -0.9584
vn -0.0000 0.3075 -0.9516
vn -0.0000 -0.9554 0.2954
vn -0.0000 -0.8895 0.4569
vn -0.0000 -0.8783 0.4780
vn -0.0000 0.0980 0.9952
vn 0.1638 0.1433 0.9760
vn 0.2098 0.3683 0.9057
vn -0.1638 0.1433 0.9760
vn -0.2098 0.3683 0.9057
vn -0.0000 0.9971 -0.0757
vn -0.0000 0.3765 0.9264
vn -0.0000 0.9555 -0.2949
vn -0.0000 0.9481 -0.3180
vn -0.0000 0.6263 0.7796
vn -0.1638 0.5803 0.7978
vn 0.1638 0.5803 0.7978
vn -0.0000 -0.7670 0.6417
vn -0.0000 -0.8667 0.4988
vn -0.0000 -0.8785 0.4778
vn -0.0000 -0.9801 -0.1987
vn -0.0000 -0.2840 -0.9588
vn -0.1635 -0.2348 -0.9582
vn 0.1635 -0.2348 -0.9582
vn -0.0000 -0.7685 -0.6398
vn 0.1655 -0.7875 -0.5937
vn -0.1655 -0.7875 -0.5937
vn -0.0000 -0.7664 -0.6424
vn -0.1642 -0.7246 -0.6693
vn 0.1642 -0.7246 -0.6693
vn -0.0000 0.9801 0.1987
vn -0.0000 -0.7663 -0.6424
vn -0.0000 -0.9553 -0.2957
vn -0.0000 -0.4630 -0.8864
vn -0.0000 -0.0977 -0.9952
vn -0.0000 0.6269 -0.7791
vn -0.0000 -0.9554 0.2952
vn -0.0000 -0.8773 -0.4799
vn -0.0000 -0.6283 -0.7780
vn -0.0000 0.0959 -0.9954
vn -0.0000 -0.6273 0.7788
vn -0.0000 -0.9952 0.0983
vn -0.0000 -0.9558 -0.2939
vn -0.0000 -0.4646 -0.8855
vn -0.0000 -0.0964 0.9953
vn -0.0000 -0.7680 0.6405
vn -0.0000 -0.9549 0.2970
vn -0.0000 -0.8782 -0.4782
vn -0.0000 0.4641 0.8858
vn -0.0000 -0.2867 0.9580
vn -0.0000 -0.6259 0.7799
vn -0.0000 -0.9950 0.1002
vn -0.0000 0.8780 0.4787
vn -0.0000 0.2837 0.9589
vn -0.0000 -0.0946 0.9955
vn -0.0000 -0.7668 0.6419
vn -0.0000 0.9950 -0.0996
vn -0.0000 0.7660 0.6429
vn -0.0000 0.4657 0.8849
vn -0.0000 -0.2850 0.9585
vn -0.0000 0.7672 -0.6415
vn -0.0000 0.9948 0.1015
vn -0.0000 0.9952 0.0983
vn -0.0000 0.6273 0.7788
vn -0.0000 -0.0959 -0.9954
vn -0.0000 0.6283 -0.7780
vn -0.0000 0.8773 -0.4799
vn -0.0000 -0.6269 -0.7791
vn -0.0000 0.0977 -0.9952
vn -0.0000 0.4630 -0.8864
vn -0.0000 0.9553 -0.2957
vn -0.4142 -0.0000 -0.9102
vn -0.4127 0.0860 -0.9068
vn -0.9352 0.0334 -0.3526
vn -0.9357 -0.0000 -0.3528
vn 0.9357 -0.0000 -0.3528
vn 0.9352 0.0334 -0.3526
vn 0.4127 0.0860 -0.9068
vn 0.4142 -0.0000 -0.9102
vn -0.4141 0.4242 -0.8054
vn -0.4162 0.4982 -0.7606
vn -0.9364 0.1927 -0.2933
vn -0.9357 0.1644 -0.3122
vn 0.9357 0.1644 -0.3122
vn 0.9364 0.1927 -0.2933
vn 0.4162 0.4982 -0.7606
vn 0.4141 0.4242 -0.8054
vn -0.4152 0.5692 -0.7097
vn -0.9361 0.2201 -0.2745
vn 0.9361 0.2201 -0.2745
vn 0.4152 0.5692 -0.7097
vn -0.4177 0.7986 -0.4332
vn -0.4198 0.8360 -0.3532
vn -0.9376 0.3205 -0.1350
vn -0.9369 0.3073 -0.1667
vn 0.9369 0.3073 -0.1667
vn 0.9376 0.3205 -0.1350
vn 0.4198 0.8360 -0.3532
vn 0.4177 0.7986 -0.4332
vn -0.4198 0.8360 -0.3533
vn 0.4198 0.8360 -0.3533
vn -0.4187 0.8671 -0.2699
vn -0.9372 0.3330 -0.1037
vn 0.9372 0.3330 -0.1037
vn 0.4187 0.8671 -0.2699
vn -0.4186 0.8671 -0.2699
vn 0.4186 0.8671 -0.2699
vn -0.4177 0.7970 0.4362
vn -0.4188 0.7504 0.5115
vn -0.9372 0.2884 0.1960
vn -0.9369 0.3067 0.1679
vn 0.9369 0.3067 0.1679
vn 0.9372 0.2884 0.1960
vn 0.4188 0.7504 0.5114
vn 0.4177 0.7970 0.4362
vn 0.4188 0.7504 0.5115
vn -0.4165 0.6983 0.5821
vn -0.9365 0.2694 0.2245
vn 0.9365 0.2694 0.2245
vn 0.4165 0.6984 0.5821
vn -0.4165 0.6984 0.5821
vn -0.4141 0.4212 0.8069
vn -0.4152 0.3423 0.8429
vn -0.9360 0.1327 0.3259
vn -0.9357 0.1633 0.3129
vn 0.9357 0.1633 0.3129
vn 0.9360 0.1327 0.3259
vn 0.4152 0.3423 0.8429
vn 0.4141 0.4212 0.8069
vn -0.4132 0.2613 0.8724
vn -0.9354 0.1015 0.3388
vn 0.9354 0.1015 0.3388
vn 0.4132 0.2613 0.8724
vn -0.4127 -0.0892 0.9065
vn -0.4145 -0.1742 0.8932
vn -0.9358 -0.0677 0.3460
vn -0.9352 -0.0347 0.3524
vn 0.9352 -0.0347 0.3525
vn 0.9358 -0.0677 0.3460
vn 0.4145 -0.1742 0.8932
vn 0.4127 -0.0892 0.9065
vn 0.9352 -0.0347 0.3524
vn -0.9352 -0.0347 0.3525
vn -0.4132 -0.2581 0.8733
vn -0.9353 -0.1003 0.3392
vn 0.9354 -0.1003 0.3392
vn 0.4132 -0.2581 0.8733
vn -0.9354 -0.1003 0.3392
vn 0.9353 -0.1003 0.3392
vn 0.4132 -0.2582 0.8733
vn -0.4153 -0.5718 0.7076
vn -0.4175 -0.6361 0.6489
vn -0.9368 -0.2453 0.2494
vn -0.9361 -0.2211 0.2737
vn 0.9361 -0.2211 0.2737
vn 0.9368 -0.2453 0.2494
vn 0.4175 -0.6361 0.6489
vn 0.4153 -0.5718 0.7076
vn 0.9368 -0.2453 0.2495
vn -0.4165 -0.6962 0.5846
vn -0.9365 -0.2686 0.2255
vn 0.9365 -0.2686 0.2255
vn 0.4165 -0.6962 0.5846
vn -0.4187 -0.8681 0.2667
vn -0.4206 -0.8891 0.1804
vn -0.9378 -0.3402 0.0688
vn -0.9372 -0.3334 0.1024
vn 0.9372 -0.3334 0.1024
vn 0.9378 -0.3402 0.0688
vn 0.4206 -0.8891 0.1804
vn 0.4187 -0.8681 0.2667
vn -0.4192 -0.9032 0.0924
vn -0.9374 -0.3465 0.0355
vn 0.9374 -0.3465 0.0355
vn 0.4192 -0.9032 0.0924
vn -0.9374 -0.3465 0.0354
vn 0.9374 -0.3465 0.0354
vn -0.4187 -0.8671 -0.2699
vn -0.4198 -0.8360 -0.3532
vn -0.9376 -0.3205 -0.1350
vn -0.9372 -0.3330 -0.1037
vn 0.9372 -0.3330 -0.1037
vn 0.9376 -0.3205 -0.1350
vn 0.4198 -0.8360 -0.3533
vn 0.4187 -0.8671 -0.2699
vn -0.4198 -0.8360 -0.3533
vn 0.4198 -0.8360 -0.3532
vn -0.4199 -0.8360 -0.3532
vn 0.4199 -0.8360 -0.3533
vn -0.4177 -0.7986 -0.4332
vn -0.9369 -0.3073 -0.1667
vn 0.9369 -0.3073 -0.1667
vn 0.4177 -0.7986 -0.4332
vn -0.4152 -0.5692 -0.7097
vn -0.4162 -0.4982 -0.7606
vn -0.9364 -0.1927 -0.2933
vn -0.9361 -0.2201 -0.2745
vn 0.9361 -0.2201 -0.2745
vn 0.9364 -0.1927 -0.2933
vn 0.4162 -0.4982 -0.7606
vn 0.4152 -0.5692 -0.7097
vn -0.4141 -0.4242 -0.8054
vn -0.9357 -0.1644 -0.3122
vn 0.9357 -0.1644 -0.3122
vn 0.4141 -0.4242 -0.8054
vn -0.4127 -0.0860 -0.9068
vn -0.9352 -0.0334 -0.3526
vn 0.9352 -0.0334 -0.3526
vn 0.4127 -0.0860 -0.9068
vn 0.1529 0.9104 -0.3844
vn 0.1524 0.8168 -0.5564
vn 0.1519 -0.6922 -0.7056
vn 0.1524 -0.8168 -0.5564
vn 0.1514 -0.5419 0.8267
vn 0.1509 -0.3721 0.9158
vn 0.1529 0.9104 0.3844
vn 0.1532 0.9685 0.1962
vn 0.2941 -0.0925 -0.9513
vn 0.2959 -0.0000 -0.9552
vn 0.2960 -0.0000 -0.9552
vn 0.2942 -0.0913 -0.9514
vn 0.2941 0.0925 -0.9513
vn 0.2942 0.0913 -0.9514
vn 0.1532 -0.9685 0.1962
vn 0.1529 -0.9104 0.3844
vn 0.1514 0.5419 0.8267
vn 0.1519 0.6922 -0.7056
vn 0.1529 -0.9104 -0.3844
vn 0.1506 -0.1891 0.9703
vn 0.3012 0.9536 -0.0000
vn 0.2992 0.9494 0.0959
vn 0.2993 0.9495 0.0947
vn 0.3012 0.9535 -0.0000
vn 0.1506 -0.1891 -0.9703
vn 0.1509 -0.3721 -0.9158
vn 0.1524 -0.8168 0.5564
vn 0.1519 0.6922 0.7056
vn 0.1514 0.5419 -0.8267
vn 0.1532 -0.9685 -0.1962
vn 0.2959 -0.0000 0.9552
vn 0.2941 -0.0925 0.9513
vn 0.2942 -0.0913 0.9514
vn 0.2960 -0.0000 0.9552
vn 0.2992 0.9494 -0.0959
vn 0.2993 0.9495 -0.0947
vn 0.1514 -0.5419 -0.8267
vn 0.1519 -0.6922 0.7056
vn 0.1524 0.8168 0.5564
vn 0.1509 0.3721 -0.9158
vn 0.3012 -0.9536 -0.0000
vn 0.2992 -0.9494 -0.0959
vn 0.2993 -0.9495 -0.0947
vn 0.3012 -0.9535 -0.0000
vn 0.2941 0.0925 0.9513
vn 0.2942 0.0913 0.9514
vn 0.1532 0.9685 -0.1962
vn 0.1506 0.1891 -0.9703
vn 0.2992 -0.9494 0.0959
vn 0.2993 -0.9495 0.0947
vn 0.6132 0.6533 0.4442
vn 0.6117 0.5545 0.5642
vn 0.6117 0.5536 0.5650
vn 0.6131 0.6527 0.4451
vn 0.1503 -0.0000 -0.9886
vn -0.0000 -0.1916 -0.9815
vn 0.1531 0.9882 -0.0000
vn -0.0000 0.9801 -0.1987
vn -0.0000 -0.7004 -0.7137
vn 0.1531 -0.9882 -0.0000
vn -0.0000 -1.0000 -0.0000
vn 0.1503 -0.0000 0.9886
vn -0.0000 -0.0000 1.0000
vn -0.0000 0.1916 0.9815
vn -0.0000 -0.3766 0.9264
vn -0.0664 0.0714 0.9952
vn -0.0008 0.0962 0.9954
vn -0.0000 0.3766 -0.9264
vn -0.0000 -0.9213 0.3889
vn -0.0000 -0.8266 0.5628
vn -0.0000 0.8266 -0.5628
vn -0.0000 0.7004 -0.7137
vn -0.0000 0.9213 0.3889
vn -0.0000 0.1916 -0.9815
vn 0.6078 0.3687 -0.7032
vn 0.6135 -0.7857 -0.0789
vn 0.6132 0.6533 -0.4442
vn 0.6144 0.7271 -0.3065
vn 0.6143 0.7268 -0.3072
vn 0.6131 0.6527 -0.4451
vn 0.6106 0.6074 -0.5082
vn 0.6152 -0.7727 -0.1564
vn 0.6144 -0.7271 -0.3065
vn 0.6143 -0.7268 -0.3072
vn 0.6152 -0.7726 -0.1569
vn 0.6063 0.0765 -0.7915
vn 0.6135 0.7857 0.0789
vn 0.6132 -0.6533 -0.4442
vn 0.6117 -0.5545 -0.5642
vn 0.6117 -0.5536 -0.5650
vn 0.6131 -0.6527 -0.4451
vn 0.6084 0.1522 -0.7789
vn 0.6092 0.2990 -0.7345
vn 0.6091 0.2982 -0.7348
vn 0.6084 0.1518 -0.7790
vn 0.6119 0.6945 0.3784
vn 0.6068 -0.2267 -0.7618
vn 0.6103 0.4348 -0.6622
vn 0.6117 0.5545 -0.5642
vn 0.6117 0.5536 -0.5650
vn 0.6103 0.4339 -0.6628
vn 0.6068 0.2267 0.7618
vn 0.6084 -0.1523 -0.7789
vn 0.6081 -0.0000 -0.7939
vn 0.6084 -0.1518 -0.7790
vn 0.6130 0.7548 -0.2334
vn 0.6063 -0.0765 0.7915
vn 0.6152 0.7727 -0.1564
vn 0.6154 0.7882 -0.0000
vn 0.6152 0.7726 -0.1569
vn 0.6106 -0.6074 0.5082
vn 0.6152 0.7727 0.1564
vn 0.6144 0.7271 0.3065
vn 0.6143 0.7268 0.3072
vn 0.6152 0.7726 0.1569
vn 0.6130 -0.7548 0.2334
vn 0.6092 0.4973 0.6177
vn 0.6119 -0.6945 -0.3784
vn 0.6103 0.4348 0.6622
vn 0.6091 0.2990 0.7345
vn 0.6091 0.2982 0.7348
vn 0.6103 0.4339 0.6627
vn 0.6092 -0.4973 -0.6177
vn 0.6084 0.1523 0.7789
vn 0.6081 -0.0000 0.7939
vn 0.6084 0.1518 0.7790
vn 0.6103 -0.4348 -0.6622
vn 0.6091 -0.2990 -0.7345
vn 0.6091 -0.2982 -0.7348
vn 0.6103 -0.4339 -0.6627
vn 0.6078 -0.3687 0.7032
vn 0.6152 -0.7727 0.1564
vn 0.6154 -0.7882 -0.0000
vn 0.6152 -0.7726 0.1569
vn 0.6103 -0.4348 0.6622
vn 0.6117 -0.5545 0.5642
vn 0.6117 -0.5536 0.5650
vn 0.6103 -0.4339 0.6628
vn 0.6084 -0.1522 0.7789
vn 0.6092 -0.2990 0.7345
vn 0.6091 -0.2982 0.7348
vn 0.6084 -0.1518 0.7790
vn 0.6132 -0.6533 0.4442
vn 0.6144 -0.7271 0.3065
vn 0.6144 -0.7268 0.3072
vn 0.6131 -0.6527 0.4451
vn -0.0000 -0.8266 -0.5628
vn -0.0000 0.7004 0.7137
vn -0.0000 0.5483 0.8363
vn -0.0000 -0.3766 -0.9264
vn -0.0000 -0.5483 0.8363
vn -0.0008 -0.0962 -0.9954
vn -0.0008 0.9950 -0.0999
vn -0.0000 0.3765 -0.9264
vn 0.0013 0.0962 0.9954
vn 0.9823 -0.1726 0.0730
vn 0.9973 -0.0376 0.0625
vn -0.2443 -0.0000 0.9697
vn -0.2445 -0.1857 0.9517
vn -0.4727 0.8768 -0.0880
vn -0.4672 -0.4106 -0.7830
vn -0.2464 -0.6786 0.6919
vn -0.2472 -0.8008 0.5456
vn -0.4699 0.6770 0.5664
vn -0.2449 0.3649 -0.8983
vn -0.2456 0.5313 -0.8108
vn -0.2485 -0.9686 -0.0000
vn -0.2483 -0.9494 -0.1925
vn -0.4658 0.0851 0.8808
vn -0.2478 0.8925 -0.3769
vn -0.2483 0.9494 -0.1925
vn -0.2464 -0.6786 -0.6919
vn -0.2456 -0.5313 -0.8108
vn -0.4685 -0.5540 0.6882
vn -0.2478 0.8925 0.3769
vn -0.2472 0.8008 0.5456
vn -0.4663 0.2523 -0.8479
vn -0.4727 -0.8768 0.0880
vn -0.2449 0.3649 0.8982
vn -0.2445 0.1857 0.9517
vn -0.4711 0.7745 -0.4220
vn -0.4699 -0.6770 -0.5664
vn -0.2449 -0.3649 0.8982
vn -0.2456 -0.5313 0.8108
vn -0.4721 0.8422 0.2604
vn -0.4658 -0.0851 -0.8808
vn -0.2443 -0.0000 -0.9697
vn -0.2445 0.1857 -0.9517
vn -0.2478 -0.8925 0.3769
vn -0.2483 -0.9494 0.1925
vn -0.4672 0.4106 0.7830
vn -0.2464 0.6786 -0.6919
vn -0.2472 0.8008 -0.5456
vn -0.2478 -0.8925 -0.3769
vn -0.2472 -0.8008 -0.5456
vn -0.4663 -0.2523 0.8479
vn -0.2485 0.9686 -0.0000
vn -0.2483 0.9494 0.1925
vn -0.2449 -0.3649 -0.8982
vn -0.2445 -0.1857 -0.9517
vn -0.4711 -0.7745 0.4220
vn -0.2464 0.6786 0.6919
vn -0.2456 0.5313 0.8108
vn -0.4685 0.5540 -0.6882
vn 0.2334 -0.4515 0.8612
vn 0.2098 -0.3683 0.9057
vn -0.2098 -0.3683 0.9057
vn -0.2334 -0.4516 0.8612
vn 0.9974 -0.0487 -0.0535
vn 0.9975 -0.0706 -0.0034
vn 0.9973 0.0179 0.0713
vn 0.9984 0.0551 -0.0137
vn 0.9982 0.0029 -0.0592
vn 0.9823 -0.1834 -0.0372
vn 0.2116 -0.8080 0.5499
vn 0.2354 -0.7454 0.6236
vn -0.2354 -0.7454 0.6236
vn -0.2116 -0.8080 0.5499
vn 1.0000 -0.0000 0.0001
vn 1.0000 -0.0000 -0.0001
vn 0.9974 -0.0614 -0.0367
vn 0.9974 0.0535 -0.0483
vn 0.9823 -0.1726 -0.0730
vn 0.2122 -0.9004 0.3799
vn -0.2122 -0.9004 0.3799
vn -0.2094 0.1874 -0.9597
vn -0.2098 0.3683 -0.9057
vn 0.2098 0.3683 -0.9057
vn 0.2094 0.1874 -0.9597
vn -0.9975 -0.0688 0.0172
vn -0.9973 0.0036 -0.0736
vn -0.9984 0.0566 0.0028
vn -0.9983 0.0144 0.0573
vn 0.2359 -0.9284 0.2871
vn -0.2360 -0.9284 0.2871
vn 0.2110 0.1873 -0.9594
vn 0.2078 0.0022 -0.9782
vn -0.2078 0.0022 -0.9782
vn -0.2110 0.1873 -0.9594
vn 0.9975 -0.0688 0.0172
vn 0.9973 0.0036 -0.0736
vn 0.9984 0.0493 0.0293
vn 0.9983 0.0430 -0.0387
vn -0.9973 -0.0179 -0.0713
vn -0.9975 0.0706 0.0035
vn -0.9982 -0.0029 0.0592
vn -0.9984 -0.0551 0.0137
vn 0.9820 -0.1034 -0.1581
vn 0.2126 -0.9577 -0.1940
vn 0.2363 -0.9668 -0.0971
vn -0.2363 -0.9668 -0.0971
vn -0.2126 -0.9577 -0.1940
vn 0.9975 0.0706 0.0035
vn 0.9973 -0.0179 -0.0713
vn 0.9984 -0.0551 0.0137
vn 0.9982 -0.0029 0.0592
vn -0.9819 0.0712 -0.1756
vn -0.9818 0.0363 -0.1862
vn 0.9822 0.1552 -0.1059
vn -0.2331 0.0935 -0.9680
vn 0.2330 0.0935 -0.9680
vn 0.2360 -0.8533 -0.4650
vn -0.2360 -0.8533 -0.4650
vn 0.9823 0.1726 -0.0730
vn -0.2365 -0.9523 0.1931
vn -0.2399 -0.9514 0.1929
vn 0.2399 -0.9514 0.1929
vn 0.2365 -0.9523 0.1931
vn 0.9983 0.0145 0.0573
vn 0.9984 0.0566 0.0028
vn -0.9973 0.0376 -0.0624
vn -0.9974 0.0487 0.0535
vn -0.9983 -0.0430 0.0387
vn -0.9984 -0.0493 -0.0293
vn 0.9819 -0.0712 -0.1756
vn -0.2339 -0.6097 -0.7573
vn -0.2103 -0.5362 -0.8174
vn 0.2103 -0.5362 -0.8174
vn 0.2340 -0.6097 -0.7573
vn 0.2329 -0.0000 0.9725
vn 0.2366 -0.0000 0.9716
vn -0.2366 -0.0000 0.9716
vn -0.2330 -0.0000 0.9725
vn -0.2334 0.4515 -0.8612
vn 0.2334 0.4516 -0.8612
vn 0.7267 -0.4815 -0.4899
vn 0.7255 -0.3778 -0.5753
vn 0.7255 -0.3769 -0.5759
vn 0.7267 -0.4807 -0.4907
vn 0.5435 -0.5875 -0.5995
vn 0.5450 -0.6928 -0.4723
vn 0.5450 -0.6933 -0.4715
vn 0.5435 -0.5883 -0.5987
vn 0.5410 0.3163 -0.7793
vn 0.5402 0.1610 -0.8260
vn 0.5402 0.1614 -0.8259
vn 0.5410 0.3170 -0.7790
vn 0.7244 -0.2599 -0.6385
vn 0.7244 -0.2592 -0.6388
vn 0.5421 -0.4603 -0.7030
vn 0.5421 -0.4612 -0.7024
vn 0.5421 0.4603 -0.7030
vn 0.5421 0.4611 -0.7024
vn 0.7237 -0.1324 -0.6773
vn 0.7237 -0.1320 -0.6774
vn 0.5410 -0.3163 -0.7793
vn 0.5410 -0.3170 -0.7790
vn 0.5435 0.5875 -0.5995
vn 0.5435 0.5883 -0.5987
vn 0.7234 -0.0000 -0.6904
vn 0.5402 -0.1610 -0.8260
vn 0.5402 -0.1614 -0.8259
vn 0.5450 0.6928 -0.4723
vn 0.5450 0.6933 -0.4715
vn 0.7237 0.1324 -0.6773
vn 0.7237 0.1320 -0.6774
vn 0.5399 -0.0000 -0.8417
vn 0.5462 0.7716 -0.3261
vn 0.5462 0.7719 -0.3254
vn 0.7244 0.2599 -0.6385
vn 0.7244 0.2592 -0.6388
vn 0.5470 0.8204 -0.1665
vn 0.5470 0.8205 -0.1661
vn 0.7255 0.3778 -0.5753
vn 0.7255 0.3769 -0.5759
vn 0.5473 0.8370 -0.0000
vn 0.7267 0.4815 -0.4899
vn 0.7267 0.4807 -0.4907
vn 0.5470 0.8204 0.1665
vn 0.5470 0.8205 0.1661
vn 0.7280 0.5670 -0.3854
vn 0.7280 0.5664 -0.3864
vn 0.5462 0.7716 0.3261
vn 0.5462 0.7719 0.3254
vn 0.7291 0.6307 -0.2658
vn 0.7291 0.6304 -0.2666
vn 0.5450 0.6928 0.4723
vn 0.5450 0.6933 0.4715
vn 0.7298 0.6701 -0.1356
vn 0.7298 0.6700 -0.1361
vn 0.5435 0.5875 0.5995
vn 0.5435 0.5883 0.5987
vn 0.7300 0.6834 -0.0000
vn 0.5421 0.4603 0.7030
vn 0.5421 0.4611 0.7024
vn 0.7298 0.6701 0.1356
vn 0.7298 0.6700 0.1361
vn 0.5410 0.3163 0.7793
vn 0.5410 0.3170 0.7790
vn 0.7291 0.6307 0.2658
vn 0.7291 0.6304 0.2666
vn -0.0000 0.9555 0.2950
vn -0.0000 0.9950 -0.0998
vn 0.1658 0.9553 0.2449
vn 0.1658 0.9849 -0.0506
vn -0.1658 0.9553 0.2449
vn -0.1658 0.9849 -0.0506
vn -0.0000 0.8781 0.4785
vn -0.0000 0.9554 -0.2954
vn -0.4192 0.9034 0.0907
vn -0.9374 0.3466 0.0348
vn 0.9374 0.3466 0.0348
vn 0.4192 0.9034 0.0907
vn 0.0015 -0.0962 -0.9954
vn 0.0015 -0.2852 0.9585
vn 0.0535 0.9540 0.2950
vn 0.0536 0.9936 -0.0998
vn 0.0020 -0.2852 0.9585
vn 0.0020 0.2852 -0.9585
vn 0.0536 0.9540 0.2950
vn 0.0020 0.0962 0.9954
vn 0.0020 -0.0962 -0.9954
vn 0.0537 0.9936 -0.0998
vn 0.0974 0.0957 0.9906
vn 0.0975 0.0957 0.9906
vn -0.0787 -0.0565 0.9953
vn -0.1004 -0.0454 0.9939
vn 0.0782 0.0565 -0.9953
vn 0.1001 0.0453 -0.9939
vn -0.0002 -0.9950 0.0999
vn -0.0002 0.9950 -0.0999
vn 0.0923 -0.9943 -0.0524
vn 0.1044 -0.9935 -0.0461
vn 0.0975 0.2839 -0.9539
vn 0.0977 0.2838 -0.9539
vn -0.0003 -0.9950 0.0999
vn -0.0003 0.9950 -0.0999
vn -0.0003 0.9554 0.2954
vn 0.1054 -0.9933 0.0481
vn 0.0909 -0.9943 0.0553
vn -0.0003 -0.9554 -0.2954
vn 0.0976 0.2838 -0.9539
vn 0.0975 0.2838 -0.9539
vn 0.0013 -0.0962 -0.9954
vn 0.0022 -0.0962 -0.9954
vn -0.0012 -0.0962 -0.9954
vn 0.0662 -0.0714 -0.9953
vn 0.1133 -0.0534 -0.9921
vn -0.0008 -0.9554 -0.2954
vn -0.0012 -0.9554 -0.2954
vn -0.0008 0.9554 0.2954
vn -0.0012 0.9554 0.2954
vn 0.0013 0.2852 -0.9585
vn -0.0008 0.2852 -0.9585
vn -0.0008 -0.9950 0.0999
vn -0.0008 -0.2852 0.9585
vn 0.0013 -0.2852 0.9585
vn 0.0387 0.0961 0.9946
vn 0.0394 0.9942 -0.0998
vn 0.0394 -0.9942 0.0998
vn 0.0394 0.9546 0.2952
vn 0.0393 0.9546 0.2952
vn 0.0387 0.2850 -0.9577
vn 0.0022 -0.2852 0.9585
vn 0.0393 -0.9942 0.0998
vn -0.0012 0.0962 0.9954
vn 0.0022 0.0962 0.9954
vn -0.1140 0.0534 0.9920
vn 0.0393 0.9942 -0.0998
vn -0.0012 0.9950 -0.0999
vn 0.0022 0.2852 -0.9585
vn -0.0012 0.2852 -0.9585
vn -0.0012 -0.9950 0.0999
vn 0.0386 0.0961 0.9946
vn -0.0012 -0.2852 0.9585
vn -0.2006 -0.0942 -0.9751
vn -0.2028 0.9792 -0.0023
vn -0.2008 -0.2794 0.9389
vn -0.1015 -0.9899 0.0994
vn -0.1014 -0.9504 -0.2939
vn -0.0770 -0.9525 -0.2946
vn -0.0757 -0.0959 -0.9925
vn -0.0771 0.9920 -0.0996
vn -0.0771 -0.9920 0.0996
vn -0.0758 -0.2844 0.9557
vn -0.0000 -0.0944 -0.9955
vn -0.0000 -0.4660 -0.8848
vn -0.0000 -0.6257 -0.7801
vn -0.0000 -0.8790 -0.4768
vn -0.0000 -0.9548 -0.2972
vn -0.0000 -0.9948 0.1018
vn -0.0000 -0.9559 0.2936
vn -0.0000 -0.7658 0.6431
vn -0.0000 -0.6285 0.7778
vn -0.0000 -0.2835 0.9590
vn -0.0000 -0.0980 0.9952
vn -0.0000 0.2869 0.9579
vn -0.0000 0.4628 0.8865
vn -0.0000 0.7682 0.6403
vn -0.0000 0.8772 0.4801
vn -0.0000 0.9548 -0.2972
vn -0.0000 0.8790 -0.4768
vn -0.0000 0.6257 -0.7801
vn -0.0000 0.4660 -0.8848
vn -0.0000 0.0944 -0.9955
vn -0.0000 0.8265 -0.5630
vn -0.0000 0.3764 0.9264
vn -0.0000 -0.3764 0.9264
vn -0.0000 -0.8265 -0.5630
vn -0.0000 0.3764 -0.9264
vn -0.0000 0.8265 0.5630
vn -0.0000 0.1915 0.9815
vn -0.0000 -0.1915 -0.9815
vn -0.0000 0.7003 0.7139
vn -0.0000 -0.7003 -0.7139
vn 0.5462 -0.7716 -0.3261
vn 0.5462 -0.7719 -0.3254
vn 0.7280 -0.5670 -0.3854
vn 0.7280 -0.5664 -0.3864
vn 0.5470 -0.8204 -0.1665
vn 0.5470 -0.8205 -0.1661
vn 0.7291 -0.6307 -0.2658
vn 0.7291 -0.6304 -0.2666
vn 0.5473 -0.8370 -0.0000
vn 0.7298 -0.6701 -0.1356
vn 0.7298 -0.6700 -0.1361
vn 0.5470 -0.8204 0.1665
vn 0.5470 -0.8205 0.1661
vn 0.7300 -0.6834 -0.0000
vn 0.5462 -0.7716 0.3261
vn 0.5462 -0.7719 0.3254
vn 0.7298 -0.6701 0.1356
vn 0.7298 -0.6700 0.1361
vn 0.5450 -0.6928 0.4723
vn 0.5450 -0.6933 0.4715
vn 0.7291 -0.6307 0.2658
vn 0.7291 -0.6304 0.2666
vn 0.5435 -0.5875 0.5995
vn 0.5435 -0.5883 0.5987
vn 0.7280 -0.5670 0.3854
vn 0.7280 -0.5664 0.3864
vn 0.7237 0.1324 0.6773
vn 0.7234 -0.0000 0.6904
vn 0.7237 0.1320 0.6774
vn 0.5421 -0.4603 0.7030
vn 0.5421 -0.4611 0.7024
vn 0.7267 -0.4815 0.4899
vn 0.7267 -0.4807 0.4907
vn 0.7244 0.2599 0.6385
vn 0.7244 0.2592 0.6388
vn 0.5410 -0.3163 0.7793
vn 0.5410 -0.3170 0.7790
vn 0.7255 -0.3778 0.5753
vn 0.7255 -0.3769 0.5759
vn 0.7255 0.3778 0.5753
vn 0.7255 0.3769 0.5759
vn 0.5402 -0.1610 0.8260
vn 0.5402 -0.1614 0.8259
vn 0.7244 -0.2599 0.6385
vn 0.7244 -0.2592 0.6388
vn 0.7267 0.4815 0.4899
vn 0.7267 0.4807 0.4907
vn 0.5399 -0.0000 0.8417
vn 0.7237 -0.1324 0.6773
vn 0.7237 -0.1320 0.6774
vn 0.7280 0.5670 0.3854
vn 0.7280 0.5664 0.3864
vn 0.5402 0.1610 0.8260
vn 0.5402 0.1614 0.8259
vn -0.0000 -0.3765 -0.9264
vn -0.7396 -0.0000 -0.6730
vn -0.7398 -0.1291 -0.6603
vn -0.7398 -0.1287 -0.6604
vn -0.7405 -0.2534 -0.6224
vn -0.7405 -0.2526 -0.6227
vn -0.7416 -0.3683 -0.5608
vn -0.7416 -0.3674 -0.5614
vn -0.7428 -0.4693 -0.4775
vn -0.7428 -0.4685 -0.4783
vn -0.7440 -0.5526 -0.3756
vn -0.7440 -0.5520 -0.3765
vn -0.7451 -0.6147 -0.2590
vn -0.7451 -0.6143 -0.2598
vn -0.7458 -0.6530 -0.1321
vn -0.7458 -0.6529 -0.1326
vn -0.7460 -0.6659 -0.0000
vn -0.7458 -0.6530 0.1321
vn -0.7458 -0.6529 0.1326
vn -0.7451 -0.6147 0.2590
vn -0.7451 -0.6143 0.2598
vn -0.7440 -0.5526 0.3756
vn -0.7440 -0.5520 0.3765
vn -0.7428 -0.4693 0.4775
vn -0.7428 -0.4685 0.4783
vn -0.7416 -0.3683 0.5608
vn -0.7416 -0.3674 0.5614
vn -0.7405 -0.2534 0.6224
vn -0.7405 -0.2526 0.6227
vn -0.7398 -0.1291 0.6603
vn -0.7398 -0.1287 0.6604
vn -0.7396 -0.0000 0.6730
vn -0.7398 0.1291 0.6603
vn -0.7398 0.1287 0.6604
vn -0.7405 0.2534 0.6224
vn -0.7405 0.2526 0.6227
vn -0.7416 0.3683 0.5608
vn -0.7416 0.3674 0.5614
vn -0.7428 0.4693 0.4775
vn -0.7428 0.4685 0.4783
vn -0.7440 0.5526 0.3756
vn -0.7440 0.5520 0.3765
vn -0.7451 0.6147 0.2590
vn -0.7450 0.6143 0.2598
vn -0.7458 0.6530 0.1321
vn -0.7458 0.6529 0.1326
vn -0.7460 0.6659 -0.0000
vn -0.7458 0.6530 -0.1321
vn -0.7458 0.6529 -0.1326
vn -0.7451 0.6147 -0.2590
vn -0.7451 0.6143 -0.2598
vn -0.7440 0.5526 -0.3756
vn -0.7440 0.5520 -0.3765
vn -0.7428 0.4693 -0.4775
vn -0.7428 0.4685 -0.4783
vn -0.7416 0.3683 -0.5608
vn -0.7416 0.3674 -0.5614
vn -0.7405 0.2534 -0.6224
vn -0.7405 0.2526 -0.6227
vn -0.7398 0.1291 -0.6603
vn -0.7398 0.1287 -0.6604
vn -0.7440 0.5520 0.3766
vn -0.7451 0.6143 0.2598
vn -0.7440 0.5520 -0.3766
vn -0.7416 -0.3683 -0.5607
vn -0.7440 -0.5520 -0.3766
vn -0.7396 -0.0000 -0.6731
vn -0.7415 -0.3674 -0.5614
vn -0.7450 -0.6143 -0.2598
vn -0.7457 -0.6530 -0.1321
vn -0.7457 -0.6529 -0.1326
vn -0.7460 -0.6660 -0.0000
vn -0.7457 -0.6530 0.1321
vn -0.7457 -0.6529 0.1326
vn -0.7450 -0.6143 0.2598
vn -0.7440 -0.5520 0.3766
vn -0.7415 -0.3674 0.5614
vn -0.7396 -0.0000 0.6731
vn -0.7415 0.3674 0.5614
vn -0.7450 0.6147 0.2590
vn -0.7457 0.6530 0.1321
vn -0.7457 0.6529 0.1326
vn -0.7460 0.6660 -0.0000
vn -0.7457 0.6530 -0.1321
vn -0.7457 0.6529 -0.1326
vn -0.7450 0.6143 -0.2598
vn -0.7415 0.3674 -0.5614
vn 0.7451 0.6147 0.2590
vn 0.7440 0.5526 0.3756
vn 0.7440 0.5520 0.3766
vn 0.7450 0.6143 0.2598
vn 0.7458 -0.6530 -0.1321
vn 0.7451 -0.6147 -0.2590
vn 0.7450 -0.6143 -0.2598
vn 0.7458 -0.6529 -0.1326
vn 0.7396 -0.0000 -0.6731
vn 0.7398 0.1291 -0.6603
vn 0.7398 0.1287 -0.6604
vn 0.7460 0.6659 -0.0000
vn 0.7458 0.6530 0.1321
vn 0.7457 0.6529 0.1326
vn 0.7460 -0.6659 -0.0000
vn 0.7428 0.4693 -0.4775
vn 0.7440 0.5526 -0.3756
vn 0.7440 0.5520 -0.3766
vn 0.7428 0.4685 -0.4783
vn 0.7440 -0.5526 0.3756
vn 0.7451 -0.6147 0.2590
vn 0.7450 -0.6143 0.2598
vn 0.7440 -0.5520 0.3766
vn 0.7451 0.6147 -0.2590
vn 0.7450 0.6143 -0.2598
vn 0.7405 0.2534 -0.6224
vn 0.7416 0.3683 -0.5608
vn 0.7415 0.3674 -0.5614
vn 0.7405 0.2526 -0.6227
vn 0.7416 -0.3683 0.5608
vn 0.7428 -0.4693 0.4775
vn 0.7428 -0.4685 0.4783
vn 0.7415 -0.3674 0.5614
vn 0.7428 0.4693 0.4775
vn 0.7428 0.4685 0.4783
vn 0.7405 -0.2534 0.6224
vn 0.7405 -0.2526 0.6227
vn 0.7398 -0.1291 0.6603
vn 0.7398 -0.1287 0.6604
vn 0.7398 0.1291 0.6603
vn 0.7396 -0.0000 0.6731
vn 0.7398 0.1287 0.6604
vn 0.7458 -0.6530 0.1321
vn 0.7458 -0.6529 0.1326
vn 0.7416 0.3683 0.5608
vn 0.7405 0.2534 0.6224
vn 0.7405 0.2526 0.6227
vn 0.7415 0.3674 0.5614
vn 0.7416 -0.3683 -0.5608
vn 0.7405 -0.2534 -0.6224
vn 0.7405 -0.2526 -0.6227
vn 0.7415 -0.3674 -0.5614
vn 0.7428 -0.4693 -0.4775
vn 0.7428 -0.4685 -0.4783
vn 0.7440 -0.5526 -0.3756
vn 0.7440 -0.5520 -0.3766
vn 0.7458 0.6530 -0.1321
vn 0.7457 0.6529 -0.1326
vn 0.7398 -0.1291 -0.6603
vn 0.7398 -0.1287 -0.6604
vn 0.7457 -0.6530 0.1321
vn 0.7457 -0.6529 0.1326
vn 0.7460 -0.6660 -0.0000
vn 0.7457 -0.6530 -0.1321
vn 0.7457 -0.6529 -0.1326
vn 0.7396 -0.0000 -0.6730
vn -0.7405 0.2527 0.6227
vn -0.7450 -0.6147 0.2590
vn -0.7450 -0.6147 -0.2590
vn -0.7450 0.6147 -0.2590
vn -0.7108 -0.3541 0.6077
vn -0.7127 -0.5167 0.4744
vn -0.7438 -0.4770 0.4683
vn -0.7416 -0.3581 0.5673
vn 0.7798 -0.4880 -0.3921
vn 0.7791 -0.4737 -0.4107
vn 0.6754 -0.5629 -0.4764
vn 0.6763 -0.5676 -0.4695
vn 0.7379 0.3523 -0.5757
vn 0.7311 0.2579 -0.6316
vn 0.8577 0.1943 -0.4761
vn 0.7785 0.4033 -0.4809
vn 0.7756 -0.0729 -0.6270
vn 0.7754 -0.0487 -0.6295
vn 0.6718 -0.0663 -0.7378
vn 0.6720 -0.0761 -0.7367
vn -0.7361 -0.0206 0.6765
vn -0.7304 -0.1291 0.6707
vn -0.5828 -0.1547 0.7978
vn -0.7094 -0.0365 0.7038
vn -0.7138 0.5987 0.3633
vn -0.7119 0.4645 0.5267
vn -0.7429 0.4606 0.4858
vn -0.7450 0.5582 0.3651
vn -0.7098 0.1705 0.6835
vn -0.7399 -0.0122 0.6726
vn -0.7403 0.1409 0.6573
vn 0.7346 0.5596 -0.3837
vn 0.7397 0.4855 -0.4660
vn 0.7778 0.3854 -0.4966
vn 0.8601 0.4213 -0.2877
vn -0.7311 0.2551 0.6328
vn -0.7365 0.1496 0.6597
vn -0.5835 0.3049 0.7527
vn 0.8479 -0.1996 0.4911
vn 0.8475 -0.1016 0.5210
vn 0.5825 -0.1556 0.7978
vn 0.5832 -0.3060 0.7525
vn 0.7304 0.1291 -0.6707
vn 0.8573 0.0980 -0.5054
vn 0.5878 0.7454 -0.3145
vn 0.5664 0.7874 -0.2434
vn 0.8598 0.4878 -0.1510
vn 0.8508 0.4842 -0.2044
vn 0.8479 0.1995 0.4912
vn 0.8486 0.2900 0.4425
vn 0.5842 0.4451 0.6786
vn 0.5832 0.3058 0.7526
vn 0.7820 0.6189 -0.0735
vn 0.7822 0.6210 -0.0507
vn 0.6786 0.7312 -0.0698
vn 0.6784 0.7306 -0.0770
vn 0.8574 0.3226 0.4009
vn 0.5622 0.5187 0.6441
vn -0.7322 0.3743 0.5690
vn -0.5845 0.4458 0.6780
vn -0.1545 0.0506 0.9867
vn -0.1729 0.0332 0.9844
vn 0.1572 0.3263 0.9321
vn 0.1719 0.3385 0.9251
vn 0.7410 -0.5662 -0.3611
vn 0.7357 -0.6232 -0.2653
vn 0.8607 -0.4687 -0.1986
vn 0.1728 0.9721 0.1588
vn 0.1606 0.9759 0.1475
vn -0.1744 0.9716 -0.1602
vn -0.1587 0.9765 -0.1458
vn -0.7311 -0.2551 -0.6328
vn -0.7365 -0.1496 -0.6597
vn -0.7098 -0.1705 -0.6835
vn -0.5835 -0.3049 -0.7527
vn 0.8508 0.4841 0.2045
vn 0.8512 0.5144 0.1043
vn 0.5885 0.7924 0.1605
vn 0.5878 0.7453 0.3147
vn -0.1545 -0.0506 -0.9867
vn -0.1729 -0.0332 -0.9844
vn 0.1572 -0.3263 -0.9321
vn 0.1719 -0.3385 -0.9251
vn 0.8604 0.4475 0.2437
vn 0.5669 0.7233 0.3943
vn -0.7427 0.6693 0.0207
vn -0.7364 0.6633 0.1331
vn -0.5888 0.7923 0.1595
vn -0.7153 0.6978 0.0373
vn -0.7427 -0.6693 -0.0207
vn -0.7364 -0.6633 -0.1331
vn -0.5888 -0.7923 -0.1595
vn -0.7153 -0.6978 -0.0374
vn 0.8479 -0.1995 -0.4912
vn 0.8486 -0.2900 -0.4425
vn 0.5842 -0.4451 -0.6786
vn 0.5832 -0.3058 -0.7526
vn -0.7149 0.6768 -0.1754
vn -0.7468 0.6650 0.0117
vn -0.7463 0.6499 -0.1435
vn -0.7410 0.5662 0.3611
vn -0.7391 0.4565 0.4954
vn 0.1729 0.7932 -0.5839
vn 0.1596 0.7875 -0.5953
vn -0.1730 0.5685 -0.8043
vn -0.1557 0.5835 -0.7971
vn 0.7304 -0.1291 0.6707
vn 0.7361 -0.0206 0.6765
vn 0.7756 0.0729 0.6270
vn 0.8573 -0.0980 0.5054
vn 0.8575 -0.1468 -0.4931
vn 0.5615 -0.2359 -0.7931
vn 0.7450 -0.6147 -0.2590
vn 0.7405 -0.2527 -0.6227
vn 0.7450 0.6147 -0.2590
vn 0.7457 0.6530 -0.1321
vn 0.7450 0.6147 0.2590
vn 0.7460 0.6660 -0.0000
vn 0.7405 0.2527 -0.6227
vn 0.7450 -0.6147 0.2590
vn 0.7457 0.6530 0.1321
vn 0.7416 -0.3674 0.5614
vn 0.7440 -0.5520 -0.3765
vn 0.7451 -0.6143 -0.2598
vn 0.7440 0.5520 -0.3765
vn 0.7458 0.6529 -0.1326
vn 0.7451 0.6143 -0.2598
vn 0.7440 0.5520 0.3765
vn 0.7451 0.6143 0.2598
vn 0.7416 0.3674 0.5614
vn 0.7451 -0.6143 0.2598
vn 0.7396 -0.0000 0.6730
vn 0.7416 -0.3674 -0.5614
vn 0.7416 0.3674 -0.5614
vn 0.7458 0.6529 0.1326
vn 0.7440 -0.5520 0.3765
vn 0.2142 0.9574 0.1939
vn 0.2111 0.9775 0.0022
vn -0.2111 0.9775 0.0022
vn -0.2142 0.9574 0.1939
vn -0.9819 -0.0712 -0.1755
vn -0.9820 -0.1034 -0.1581
vn -0.9823 0.1726 -0.0731
vn -0.9822 0.1552 -0.1059
vn 0.2110 0.9576 -0.1962
vn -0.2110 0.9576 -0.1962
vn 0.9818 0.0363 -0.1862
vn -0.9973 -0.0036 0.0736
vn -0.9975 0.0688 -0.0172
vn -0.9819 0.0712 0.1756
vn -0.9820 0.1034 0.1582
vn 0.9973 0.0376 -0.0625
vn 0.9974 0.0487 0.0535
vn 0.9819 0.0712 0.1756
vn 0.9974 0.0614 0.0366
vn 0.9984 -0.0493 -0.0293
vn 0.9983 -0.0430 0.0387
vn 0.2334 0.2773 0.9320
vn -0.2335 0.2773 0.9320
vn 0.9823 0.1834 0.0373
vn -0.9974 -0.0535 0.0483
vn -0.9974 0.0614 0.0367
vn 0.9823 0.1726 0.0730
vn -0.9819 -0.0712 0.1756
vn -0.9818 -0.0363 0.1862
vn 0.9975 0.0688 -0.0172
vn 0.9973 -0.0036 0.0736
vn 0.2394 0.8025 0.5466
vn 0.2350 0.8033 0.5472
vn -0.2350 0.8033 0.5472
vn -0.2394 0.8025 0.5466
vn -0.9858 -0.0634 -0.1557
vn -0.9983 0.0303 -0.0501
vn -0.9814 0.0344 0.1887
vn -0.9822 0.0706 0.1742
vn -0.9973 0.0179 0.0713
vn -0.9859 -0.0920 -0.1400
vn -0.9823 0.1026 0.1569
vn -0.9975 -0.0706 -0.0034
vn -0.9984 -0.0566 -0.0028
vn -0.9817 0.1348 0.1344
vn -0.9823 -0.1726 0.0730
vn -0.9822 -0.1552 0.1059
vn 0.9974 -0.0535 0.0482
vn 0.2369 0.1861 0.9536
vn 0.2329 0.1862 0.9545
vn -0.2329 0.1862 0.9545
vn -0.2369 0.1861 0.9536
vn -0.9858 0.0634 -0.1557
vn -0.9984 0.0551 -0.0137
vn -0.9816 -0.1064 0.1585
vn -0.9822 -0.0706 0.1742
vn -0.9973 -0.0376 0.0625
vn -0.9857 0.0323 -0.1653
vn -0.9821 -0.0360 0.1848
vn -0.9974 -0.0487 -0.0535
vn -0.9983 -0.0391 -0.0429
vn -0.9814 0.0023 0.1919
vn 0.2094 -0.1874 0.9597
vn 0.9822 -0.1552 0.1059
vn 0.9819 -0.0712 0.1756
vn 0.2103 0.5362 0.8174
vn -0.2103 0.5362 0.8174
vn 0.9818 -0.0363 0.1863
vn 0.2330 -0.0935 0.9680
vn -0.2331 -0.0935 0.9680
vn -0.9983 -0.0144 -0.0573
vn 0.2365 -0.9716 -0.0000
vn 0.2402 -0.9707 -0.0000
vn -0.2402 -0.9707 -0.0000
vn -0.2365 -0.9716 -0.0000
vn -0.9823 0.1726 0.0730
vn 0.2399 0.9514 -0.1929
vn 0.2365 0.9523 -0.1931
vn -0.2365 0.9523 -0.1931
vn -0.2399 0.9514 -0.1929
vn -0.9823 0.1834 0.0373
vn 0.9820 0.1034 0.1582
vn 0.2340 0.6097 0.7573
vn -0.2340 0.6097 0.7573
vn 0.2343 -0.6808 0.6940
vn 0.2387 -0.6800 0.6932
vn -0.2387 -0.6800 0.6932
vn -0.2343 -0.6808 0.6940
vn 0.2374 0.5325 -0.8125
vn 0.2343 0.5329 -0.8131
vn -0.2344 0.5329 -0.8131
vn -0.2374 0.5325 -0.8124
vn -0.2116 0.8080 -0.5499
vn 0.2116 0.8080 -0.5499
vn 0.9983 -0.0303 0.0501
vn 0.9983 0.0391 0.0429
vn 0.2122 0.9004 0.3799
vn 0.2126 0.9577 0.1940
vn -0.2126 0.9577 0.1940
vn -0.2122 0.9004 0.3799
vn -0.2354 0.7454 -0.6237
vn 0.2354 0.7454 -0.6236
vn -0.9974 -0.0614 -0.0367
vn -0.2380 0.6802 0.6933
vn -0.2351 0.6807 0.6939
vn 0.2350 0.6806 0.6939
vn 0.2380 0.6801 0.6934
vn 0.2363 0.9668 0.0971
vn -0.2363 0.9668 0.0971
vn -0.2098 -0.3683 -0.9057
vn 0.2098 -0.3683 -0.9057
vn -0.9862 -0.1528 0.0643
vn -0.9820 0.1857 -0.0354
vn -0.9826 0.1712 -0.0724
vn -0.2158 0.5352 0.8167
vn -0.2384 0.6090 0.7565
vn 0.2384 0.6090 0.7565
vn 0.2158 0.5352 0.8167
vn -0.2377 -0.4511 0.8603
vn -0.2152 -0.3676 0.9047
vn 0.2152 -0.3676 0.9048
vn 0.2377 -0.4510 0.8603
vn -0.9820 0.1890 -0.0023
vn -0.2152 0.3676 0.9047
vn 0.2152 0.3676 0.9047
vn 0.2088 0.5346 -0.8189
vn 0.2114 0.3682 -0.9054
vn -0.2114 0.3682 -0.9054
vn -0.2088 0.5346 -0.8189
vn -0.9862 -0.1621 -0.0328
vn -0.9826 0.1819 0.0370
vn -0.2367 0.2771 0.9312
vn 0.2367 0.2771 0.9312
vn 0.2095 0.6866 -0.6962
vn -0.2095 0.6866 -0.6962
vn -0.9862 -0.1528 -0.0643
vn -0.9826 0.1712 0.0725
vn -0.9858 0.0634 0.1557
vn -0.9983 -0.0303 0.0501
vn -0.9814 -0.0344 -0.1887
vn -0.9822 -0.0706 -0.1742
vn -0.2179 -0.8991 0.3797
vn -0.2173 -0.8067 0.5496
vn 0.2173 -0.8067 0.5496
vn 0.2179 -0.8991 0.3797
vn -0.9818 0.1556 0.1090
vn -0.2401 -0.9274 0.2868
vn 0.2401 -0.9274 0.2868
vn 0.2138 0.9001 -0.3797
vn -0.2138 0.9001 -0.3797
vn 0.2384 -0.6090 -0.7565
vn 0.2158 -0.5352 -0.8167
vn -0.2158 -0.5352 -0.8167
vn -0.2384 -0.6090 -0.7565
vn 0.2402 -0.9659 -0.0970
vn 0.2183 -0.9564 -0.1940
vn -0.2183 -0.9564 -0.1940
vn -0.2402 -0.9659 -0.0970
vn 0.2152 -0.3676 -0.9047
vn -0.2152 -0.3676 -0.9047
vn 0.2179 -0.8991 -0.3797
vn -0.2179 -0.8991 -0.3797
vn 0.2367 -0.2771 -0.9312
vn -0.2367 -0.2771 -0.9312
vn 0.2391 -0.8526 -0.4646
vn -0.2391 -0.8526 -0.4646
vn 0.2101 0.8095 0.5483
vn 0.2138 0.9001 0.3797
vn -0.2138 0.9001 0.3797
vn -0.2101 0.8095 0.5483
vn 0.2366 0.0934 -0.9671
vn 0.2148 0.1870 -0.9586
vn -0.2148 0.1870 -0.9586
vn -0.2366 0.0934 -0.9671
vn 0.2094 0.6835 0.6993
vn -0.2094 0.6835 0.6993
vn 0.2152 0.3676 -0.9047
vn -0.2152 0.3676 -0.9047
vn 0.2119 0.5360 0.8172
vn -0.2119 0.5360 0.8172
vn 0.2377 0.4511 -0.8603
vn -0.2377 0.4511 -0.8603
vn 0.2114 0.3682 0.9054
vn -0.2114 0.3682 0.9054
vn -0.9982 0.0029 -0.0592
vn -0.9817 -0.1316 0.1377
vn 0.2079 0.1896 0.9596
vn -0.2079 0.1896 0.9596
vn 0.2114 -0.3682 -0.9054
vn 0.2119 -0.5361 -0.8171
vn -0.2119 -0.5361 -0.8171
vn -0.2114 -0.3682 -0.9054
vn -0.2329 -0.1862 -0.9545
vn -0.2369 -0.1861 -0.9536
vn 0.2369 -0.1861 -0.9536
vn 0.2329 -0.1862 -0.9545
vn -0.2387 0.6800 -0.6932
vn -0.2343 0.6808 -0.6940
vn 0.2343 0.6808 -0.6940
vn 0.2387 0.6800 -0.6932
vn -0.9861 -0.1375 0.0935
vn -0.9825 0.1539 -0.1051
vn -0.9817 0.1316 -0.1377
vn -0.9823 -0.1726 -0.0730
vn -0.9823 -0.1834 -0.0373
vn 0.2132 0.8077 -0.5497
vn -0.2132 0.8077 -0.5497
vn -0.2402 0.9707 -0.0000
vn -0.2365 0.9716 -0.0000
vn 0.2365 0.9716 -0.0000
vn 0.2402 0.9707 -0.0000
vn 0.2374 -0.5325 0.8124
vn 0.2344 -0.5329 0.8131
vn -0.2344 -0.5329 0.8131
vn -0.2374 -0.5325 0.8124
vn 0.2094 -0.6834 -0.6993
vn 0.2101 -0.8094 -0.5484
vn -0.2101 -0.8094 -0.5484
vn -0.2094 -0.6834 -0.6993
vn 0.9819 0.0712 -0.1756
vn 0.2329 -0.0000 -0.9725
vn 0.2366 -0.0000 -0.9716
vn -0.2366 -0.0000 -0.9716
vn -0.2329 -0.0000 -0.9725
vn -0.2350 -0.8033 -0.5472
vn -0.2394 -0.8025 -0.5466
vn 0.2394 -0.8025 -0.5466
vn 0.2350 -0.8033 -0.5472
vn -0.9862 0.1528 -0.0643
vn -0.9984 0.0493 0.0293
vn -0.9820 -0.1857 0.0354
vn -0.9826 -0.1712 0.0725
vn -0.9861 0.1375 -0.0934
vn -0.9825 -0.1540 0.1051
vn -0.9974 0.0535 -0.0483
vn -0.9983 0.0391 0.0429
vn 0.2138 -0.9000 -0.3798
vn 0.2142 -0.9573 -0.1940
vn -0.2142 -0.9573 -0.1940
vn -0.2138 -0.9000 -0.3798
vn 0.2095 -0.6866 0.6962
vn 0.2088 -0.5346 0.8189
vn -0.2088 -0.5346 0.8189
vn -0.2095 -0.6866 0.6962
vn 0.2111 -0.9775 -0.0022
vn -0.2111 -0.9775 -0.0022
vn 0.2351 -0.6807 -0.6939
vn 0.2380 -0.6801 -0.6934
vn -0.2381 -0.6802 -0.6933
vn -0.2351 -0.6807 -0.6939
vn 0.2110 -0.9576 0.1963
vn -0.2110 -0.9576 0.1963
vn 0.9862 -0.1528 0.0644
vn 0.9826 0.1712 -0.0724
vn 0.9820 0.1857 -0.0354
vn 0.9816 -0.1064 0.1585
vn 0.9817 -0.1316 0.1377
vn 0.9861 -0.1375 0.0934
vn 0.9825 0.1539 -0.1051
vn 0.9858 0.0634 -0.1557
vn 0.9822 -0.0706 0.1742
vn 0.9817 0.1316 -0.1377
vn 0.9857 0.0323 -0.1653
vn 0.9821 -0.0360 0.1848
vn -0.9857 -0.0323 0.1653
vn -0.9821 0.0360 -0.1848
vn -0.9814 -0.0023 -0.1919
vn 0.9816 0.1064 -0.1585
vn 0.9983 -0.0391 -0.0429
vn 0.9814 0.0023 0.1919
vn 0.9858 0.0634 0.1557
vn 0.9859 0.0920 0.1400
vn 0.9823 -0.1026 -0.1569
vn 0.9822 -0.0706 -0.1742
vn 0.9858 -0.0634 0.1557
vn 0.9822 0.0706 -0.1742
vn 0.9983 0.0303 -0.0501
vn 0.9814 0.0344 0.1887
vn 0.9817 -0.1348 -0.1344
vn -0.9858 -0.0634 0.1557
vn -0.9822 0.0706 -0.1742
vn 0.9858 -0.0634 -0.1557
vn 0.9822 0.0706 0.1742
vn 0.9818 -0.1556 -0.1090
vn 0.9859 -0.0920 -0.1401
vn 0.9823 0.1026 0.1569
vn 0.9862 0.1528 0.0643
vn 0.9826 -0.1712 -0.0725
vn 0.9814 -0.0344 -0.1887
vn 0.9984 -0.0566 -0.0028
vn 0.9817 0.1348 0.1344
vn 0.9862 0.1621 0.0328
vn 0.9826 -0.1819 -0.0370
vn 0.9983 -0.0144 -0.0573
vn 0.9818 0.1556 0.1090
vn 0.9820 -0.1890 0.0023
vn 0.9862 -0.1528 -0.0643
vn 0.9826 0.1712 0.0725
vn 0.9820 -0.1857 0.0354
vn 0.9862 -0.1621 -0.0328
vn 0.9826 0.1819 0.0370
vn 0.9862 0.1528 -0.0643
vn 0.9826 -0.1712 0.0725
vn 0.9820 0.1890 -0.0023
vn 0.9861 0.1375 -0.0935
vn 0.9825 -0.1540 0.1051
vn -0.9859 0.0920 0.1401
vn -0.9823 -0.1026 -0.1569
vn 0.9857 -0.0323 0.1653
vn 0.9814 -0.0023 -0.1919
vn 0.9821 0.0360 -0.1848
vn 0.2179 0.8991 0.3797
vn 0.2391 0.8526 0.4646
vn -0.2391 0.8526 0.4646
vn -0.2179 0.8991 0.3797
vn -0.2384 -0.7449 0.6232
vn 0.2384 -0.7449 0.6232
vn -0.2148 -0.1870 0.9586
vn -0.2366 -0.0934 0.9671
vn 0.2366 -0.0934 0.9671
vn 0.2148 -0.1870 0.9586
vn 0.2183 0.9564 0.1940
vn -0.2183 0.9564 0.1940
vn -0.9816 0.1064 -0.1585
vn 0.2402 0.9659 0.0970
vn -0.2402 0.9659 0.0970
vn -0.9817 -0.1348 -0.1344
vn 0.2138 -0.9000 0.3798
vn -0.2138 -0.9000 0.3798
vn -0.9818 -0.1556 -0.1090
vn 0.2132 -0.8077 0.5497
vn -0.2132 -0.8077 0.5497
vn -0.9862 0.1527 0.0643
vn -0.9826 -0.1712 -0.0725
vn 0.2079 -0.1896 -0.9596
vn -0.2079 -0.1896 -0.9596
vn -0.9862 0.1621 0.0328
vn -0.9826 -0.1819 -0.0370
vn 0.2384 0.7449 -0.6232
vn 0.2173 0.8067 -0.5496
vn -0.2173 0.8067 -0.5496
vn -0.2384 0.7449 -0.6232
vn -0.9983 0.0430 -0.0387
vn -0.9820 -0.1890 0.0023
vn 0.2114 -0.3682 0.9054
vn -0.2114 -0.3682 0.9054
vn 0.2110 -0.1873 0.9594
vn -0.2110 -0.1873 0.9594
vn 0.2179 0.8991 -0.3797
vn 0.2401 0.9274 -0.2868
vn -0.2401 0.9274 -0.2868
vn -0.2179 0.8991 -0.3797
vn 0.2078 -0.0021 0.9782
vn -0.2078 -0.0021 0.9782
vn 0.2360 0.8533 0.4650
vn -0.2360 0.8533 0.4650
vn -0.2334 -0.2773 -0.9320
vn 0.2334 -0.2773 -0.9320
vn -0.2360 0.9284 -0.2871
vn 0.2359 0.9284 -0.2871
vn 0.4193 0.9079 -0.0000
vn 0.9374 0.3483 -0.0000
vn 0.9635 0.1960 -0.1822
vn 0.4190 -0.8899 0.1805
vn 0.9638 -0.2273 -0.1397
vn 0.9373 -0.3416 0.0693
vn -0.4146 0.4989 -0.7611
vn -0.9358 0.1932 -0.2948
vn -0.9640 0.2574 -0.0661
vn -0.9628 -0.0129 0.2699
vn -0.9363 -0.2460 0.2507
vn -0.4159 -0.6369 0.6492
vn 0.4129 -0.1744 -0.8939
vn 0.9631 0.1357 -0.2322
vn 0.9352 -0.0678 -0.3475
vn 0.9351 -0.0000 0.3543
vn 0.9634 0.1776 0.2009
vn 0.4126 -0.0000 0.9109
vn -0.4190 0.8899 -0.1805
vn -0.9373 0.3416 -0.0693
vn -0.9638 0.2273 0.1397
vn -0.9635 -0.1960 0.1822
vn -0.9374 -0.3483 -0.0000
vn -0.4193 -0.9079 -0.0000
vn 0.4146 0.4988 -0.7611
vn 0.9640 0.2574 -0.0661
vn 0.9359 0.1932 -0.2947
vn 0.9363 -0.2460 0.2508
vn 0.9628 -0.0129 0.2699
vn 0.4159 -0.6368 0.6492
vn -0.4172 0.7512 0.5116
vn -0.9367 0.2894 0.1971
vn -0.9629 0.0641 0.2623
vn -0.9641 -0.2651 -0.0134
vn -0.9363 -0.2460 -0.2508
vn -0.4159 -0.6369 -0.6492
vn 0.4190 0.8899 -0.1804
vn 0.9638 0.2272 0.1396
vn 0.9373 0.3416 -0.0693
vn 0.9374 -0.3483 -0.0000
vn 0.9635 -0.1960 0.1822
vn 0.4193 -0.9079 -0.0000
vn -0.4129 0.1744 0.8939
vn -0.9352 0.0678 0.3475
vn -0.9631 -0.1357 0.2322
vn -0.4126 -0.0000 -0.9109
vn -0.9634 -0.1776 -0.2009
vn -0.9352 -0.0000 -0.3542
vn 0.9629 0.0641 0.2622
vn 0.9367 0.2894 0.1971
vn 0.4172 0.7511 0.5116
vn 0.9360 -0.1327 -0.3259
vn 0.4132 -0.2597 -0.8728
vn 0.4152 -0.3423 -0.8429
vn 0.4163 -0.4982 -0.7606
vn 0.9628 0.0129 -0.2699
vn 0.4152 -0.5705 -0.7086
vn 0.9376 -0.3204 -0.1350
vn 0.9640 -0.2574 0.0661
vn 0.4177 -0.7978 -0.4347
vn 0.4199 -0.8360 -0.3532
vn 0.9378 -0.3402 -0.0688
vn 0.4207 -0.8891 -0.1804
vn 0.9634 -0.1776 -0.2009
vn 0.4192 -0.9034 -0.0907
vn 0.9376 -0.3204 0.1350
vn 0.9631 -0.1357 0.2322
vn 0.4187 -0.8676 0.2683
vn 0.4199 -0.8360 0.3532
vn 0.9372 -0.2884 0.1960
vn 0.4188 -0.7503 0.5114
vn 0.9641 -0.2651 -0.0134
vn 0.4165 -0.6973 0.5833
vn 0.9361 -0.1327 0.3259
vn 0.4141 -0.4227 0.8062
vn 0.4152 -0.3423 0.8429
vn 0.9358 -0.0677 0.3459
vn 0.4127 -0.0876 0.9067
vn 0.9361 0.1327 0.3259
vn 0.4132 0.2597 0.8728
vn 0.4152 0.3422 0.8429
vn 0.9364 0.1927 0.2933
vn 0.4163 0.4982 0.7606
vn 0.4152 0.5705 0.7086
vn 0.9376 0.3204 0.1350
vn 0.4177 0.7978 0.4347
vn 0.4199 0.8360 0.3532
vn 0.9378 0.3402 0.0688
vn 0.4207 0.8891 0.1804
vn 0.9376 0.3204 -0.1350
vn 0.4187 0.8676 -0.2683
vn 0.4199 0.8360 -0.3532
vn 0.9373 0.2884 -0.1959
vn 0.4188 0.7503 -0.5114
vn 0.9641 0.2651 0.0134
vn 0.4165 0.6973 -0.5833
vn 0.9360 0.1327 -0.3259
vn 0.9629 -0.0641 -0.2623
vn 0.4141 0.4227 -0.8061
vn 0.4153 0.3423 -0.8429
vn 0.9358 0.0677 -0.3459
vn 0.4145 0.1742 -0.8932
vn 0.4127 0.0876 -0.9067
vn -0.4152 -0.3423 -0.8429
vn -0.4132 -0.2597 -0.8728
vn -0.9638 -0.2272 -0.1396
vn -0.9361 -0.1327 -0.3259
vn -0.4163 -0.4982 -0.7606
vn -0.4152 -0.5705 -0.7086
vn -0.9628 0.0129 -0.2699
vn -0.4177 -0.7978 -0.4347
vn -0.9640 -0.2574 0.0661
vn -0.9376 -0.3204 -0.1350
vn -0.4207 -0.8891 -0.1804
vn -0.9378 -0.3402 -0.0688
vn -0.4192 -0.9034 -0.0907
vn -0.4199 -0.8360 0.3532
vn -0.4187 -0.8676 0.2683
vn -0.9376 -0.3204 0.1350
vn -0.4188 -0.7503 0.5114
vn -0.9372 -0.2884 0.1960
vn -0.4165 -0.6973 0.5833
vn -0.4152 -0.3423 0.8429
vn -0.4141 -0.4227 0.8061
vn -0.9360 -0.1327 0.3259
vn -0.9358 -0.0677 0.3459
vn -0.4127 -0.0876 0.9066
vn -0.4132 0.2597 0.8728
vn -0.4163 0.4982 0.7606
vn -0.9364 0.1927 0.2933
vn -0.4152 0.5705 0.7086
vn -0.4199 0.8360 0.3532
vn -0.4177 0.7978 0.4347
vn -0.9376 0.3204 0.1350
vn -0.4207 0.8891 0.1804
vn -0.9378 0.3402 0.0688
vn -0.9634 0.1776 0.2009
vn -0.4199 0.8360 -0.3532
vn -0.4187 0.8676 -0.2683
vn -0.9632 0.1357 -0.2322
vn -0.9376 0.3204 -0.1350
vn -0.4188 0.7503 -0.5115
vn -0.9373 0.2884 -0.1959
vn -0.4165 0.6973 -0.5834
vn -0.9641 0.2651 0.0134
vn -0.4152 0.3423 -0.8429
vn -0.4141 0.4227 -0.8062
vn -0.9629 -0.0641 -0.2622
vn -0.9361 0.1327 -0.3259
vn -0.4145 0.1742 -0.8932
vn -0.9358 0.0677 -0.3459
vn -0.4127 0.0876 -0.9066
vn -0.9635 0.1960 -0.1822
vn 0.4152 0.3428 0.8427
vn 0.9354 0.1009 0.3390
vn 0.9361 0.1322 0.3261
vn 0.4163 0.4989 0.7601
vn 0.9364 0.1921 0.2937
vn 0.9361 0.2206 0.2741
vn 0.4199 0.8363 0.3526
vn 0.9369 0.3070 0.1673
vn 0.9376 0.3202 0.1355
vn 0.4207 0.8892 0.1801
vn 0.9378 0.3401 0.0691
vn 0.4199 0.8362 -0.3527
vn 0.9372 0.3332 -0.1030
vn 0.9376 0.3202 -0.1355
vn 0.4188 0.7508 -0.5107
vn 0.9372 0.2880 -0.1966
vn 0.4165 0.6973 -0.5834
vn 0.9365 0.2690 -0.2250
vn 0.4152 0.3428 -0.8426
vn 0.4141 0.4227 -0.8062
vn 0.9356 0.1639 -0.3126
vn 0.9360 0.1322 -0.3261
vn 0.4145 0.1745 -0.8931
vn 0.9358 0.0674 -0.3460
vn 0.4127 0.0876 -0.9066
vn 0.9352 0.0341 -0.3525
vn 0.4152 -0.3428 -0.8426
vn 0.9353 -0.1009 -0.3391
vn 0.9360 -0.1322 -0.3261
vn 0.4163 -0.4989 -0.7601
vn 0.9364 -0.1921 -0.2937
vn 0.9361 -0.2206 -0.2741
vn 0.4199 -0.8362 -0.3526
vn 0.4178 -0.7978 -0.4347
vn 0.9369 -0.3070 -0.1673
vn 0.9376 -0.3202 -0.1355
vn 0.4207 -0.8892 -0.1801
vn 0.9378 -0.3401 -0.0691
vn 0.9374 -0.3466 -0.0348
vn 0.4199 -0.8362 0.3527
vn 0.9372 -0.3332 0.1031
vn 0.9376 -0.3202 0.1355
vn 0.4188 -0.7508 0.5108
vn 0.9373 -0.2880 0.1965
vn 0.4165 -0.6973 0.5834
vn 0.9365 -0.2690 0.2250
vn 0.4152 -0.3428 0.8427
vn 0.4140 -0.4227 0.8062
vn 0.9357 -0.1639 0.3125
vn 0.9361 -0.1322 0.3261
vn 0.4145 -0.1745 0.8931
vn 0.9358 -0.0674 0.3460
vn 0.4127 -0.0876 0.9066
vn 0.9352 -0.0341 0.3525
vn -0.9360 0.1322 0.3261
vn -0.9354 0.1009 0.3390
vn -0.4152 0.3428 0.8426
vn -0.9364 0.1921 0.2937
vn -0.4163 0.4989 0.7601
vn -0.9361 0.2206 0.2741
vn -0.9376 0.3202 0.1355
vn -0.9369 0.3070 0.1673
vn -0.4199 0.8363 0.3526
vn -0.9378 0.3401 0.0691
vn -0.4207 0.8892 0.1801
vn -0.9376 0.3202 -0.1355
vn -0.9372 0.3332 -0.1030
vn -0.4199 0.8363 -0.3526
vn -0.9373 0.2880 -0.1965
vn -0.4188 0.7508 -0.5107
vn -0.9365 0.2690 -0.2250
vn -0.9361 0.1322 -0.3261
vn -0.9357 0.1639 -0.3125
vn -0.4152 0.3428 -0.8426
vn -0.9358 0.0674 -0.3460
vn -0.4145 0.1745 -0.8932
vn -0.9352 0.0341 -0.3525
vn -0.4127 0.0876 -0.9067
vn -0.9361 -0.1322 -0.3261
vn -0.9354 -0.1009 -0.3390
vn -0.4152 -0.3428 -0.8426
vn -0.9364 -0.1921 -0.2937
vn -0.4163 -0.4989 -0.7601
vn -0.9361 -0.2206 -0.2740
vn -0.9376 -0.3202 -0.1355
vn -0.9369 -0.3070 -0.1673
vn -0.4178 -0.7978 -0.4347
vn -0.4199 -0.8362 -0.3526
vn -0.9378 -0.3401 -0.0691
vn -0.4207 -0.8892 -0.1801
vn -0.9374 -0.3466 -0.0348
vn -0.9376 -0.3202 0.1355
vn -0.9372 -0.3332 0.1030
vn -0.4199 -0.8363 0.3526
vn -0.9372 -0.2880 0.1966
vn -0.4188 -0.7508 0.5108
vn -0.9365 -0.2690 0.2250
vn -0.4165 -0.6973 0.5834
vn -0.9361 -0.1322 0.3261
vn -0.9357 -0.1639 0.3125
vn -0.4141 -0.4227 0.8062
vn -0.4152 -0.3428 0.8426
vn -0.9358 -0.0674 0.3460
vn -0.4145 -0.1745 0.8931
vn -0.9352 -0.0341 0.3525
vn 0.9363 0.2460 0.2507
vn 0.4159 0.6368 0.6492
vn 0.4172 -0.7511 -0.5116
vn 0.9367 -0.2894 -0.1971
vn -0.9352 -0.0000 0.3542
vn -0.4126 -0.0000 0.9109
vn 0.9363 0.2460 -0.2508
vn 0.4159 0.6368 -0.6492
vn -0.4129 -0.1744 -0.8939
vn -0.9353 -0.0678 -0.3474
vn 0.4146 -0.4988 0.7611
vn 0.9358 -0.1932 0.2947
vn -0.4193 0.9079 -0.0000
vn -0.9374 0.3483 -0.0000
vn -0.4190 -0.8899 0.1804
vn -0.9373 -0.3416 0.0693
vn -0.9363 0.2460 0.2508
vn -0.4159 0.6369 0.6492
vn 0.9352 -0.0000 -0.3542
vn 0.4126 -0.0000 -0.9109
vn -0.4172 -0.7511 -0.5116
vn -0.9367 -0.2894 -0.1971
vn 0.4129 0.1744 0.8939
vn 0.9352 0.0678 0.3475
vn -0.9363 0.2460 -0.2507
vn -0.4159 0.6369 -0.6492
vn -0.4146 -0.4988 0.7611
vn -0.9358 -0.1932 0.2948
vn 0.9363 -0.2460 -0.2508
vn 0.4159 -0.6368 -0.6492
vn 0.9349 -0.0716 -0.3475
vn 0.9348 0.0036 -0.3550
vn 0.4107 -0.0046 -0.9118
vn 0.4109 -0.1700 -0.8957
vn 0.9371 -0.1317 -0.3234
vn 0.4183 -0.3417 -0.8416
vn 0.9374 -0.1912 -0.2910
vn 0.4193 -0.4974 -0.7594
vn 0.9359 -0.2444 -0.2536
vn 0.4140 -0.6405 -0.6468
vn 0.9364 -0.2922 -0.1943
vn 0.4152 -0.7491 -0.5162
vn 0.9386 -0.3179 -0.1339
vn 0.4230 -0.8347 -0.3527
vn 0.9388 -0.3375 -0.0683
vn 0.4237 -0.8877 -0.1801
vn 0.9371 -0.3491 -0.0035
vn 0.4173 -0.9087 0.0047
vn 0.9370 -0.3418 0.0727
vn 0.4171 -0.8916 0.1761
vn 0.9386 -0.3179 0.1339
vn 0.4230 -0.8347 0.3527
vn 0.9382 -0.2861 0.1944
vn 0.4219 -0.7492 0.5106
vn 0.9360 -0.2493 0.2485
vn 0.4139 -0.6339 0.6533
vn 0.9355 -0.1910 0.2973
vn 0.4128 -0.5030 0.7594
vn 0.9371 -0.1317 0.3234
vn 0.4183 -0.3417 0.8416
vn 0.9368 -0.0671 0.3433
vn 0.4176 -0.1739 0.8919
vn 0.9349 -0.0036 0.3550
vn 0.4107 0.0046 0.9118
vn 0.9350 0.0716 0.3475
vn 0.4109 0.1700 0.8957
vn 0.9371 0.1317 0.3234
vn 0.4183 0.3417 0.8416
vn 0.9374 0.1912 0.2910
vn 0.4193 0.4974 0.7594
vn 0.9359 0.2444 0.2536
vn 0.4140 0.6405 0.6468
vn 0.9364 0.2922 0.1943
vn 0.4152 0.7491 0.5162
vn 0.9386 0.3179 0.1339
vn 0.4230 0.8347 0.3527
vn 0.9388 0.3375 0.0683
vn 0.4237 0.8877 0.1801
vn 0.9371 0.3491 0.0035
vn 0.4173 0.9087 -0.0047
vn 0.9370 0.3418 -0.0727
vn 0.4171 0.8916 -0.1761
vn 0.9386 0.3179 -0.1339
vn 0.4230 0.8347 -0.3527
vn 0.9383 0.2861 -0.1944
vn 0.4219 0.7492 -0.5107
vn 0.9360 0.2493 -0.2485
vn 0.4139 0.6339 -0.6533
vn 0.9355 0.1910 -0.2973
vn 0.4128 0.5030 -0.7594
vn 0.9371 0.1317 -0.3234
vn 0.4183 0.3417 -0.8416
vn 0.9368 0.0671 -0.3433
vn 0.4175 0.1739 -0.8919
vn -0.4109 -0.1700 -0.8957
vn -0.4107 -0.0046 -0.9118
vn -0.9348 0.0036 -0.3550
vn -0.9349 -0.0716 -0.3475
vn -0.4183 -0.3417 -0.8416
vn -0.9371 -0.1317 -0.3234
vn -0.4193 -0.4974 -0.7594
vn -0.9374 -0.1912 -0.2910
vn -0.4140 -0.6405 -0.6468
vn -0.9359 -0.2444 -0.2536
vn -0.4152 -0.7491 -0.5162
vn -0.9364 -0.2922 -0.1943
vn -0.4230 -0.8347 -0.3527
vn -0.9386 -0.3180 -0.1339
vn -0.4237 -0.8877 -0.1801
vn -0.9388 -0.3375 -0.0683
vn -0.4173 -0.9087 0.0047
vn -0.9371 -0.3491 -0.0035
vn -0.4171 -0.8916 0.1761
vn -0.9370 -0.3418 0.0727
vn -0.4230 -0.8347 0.3527
vn -0.9386 -0.3179 0.1339
vn -0.4219 -0.7492 0.5107
vn -0.9382 -0.2861 0.1944
vn -0.4139 -0.6339 0.6533
vn -0.9360 -0.2493 0.2485
vn -0.4128 -0.5030 0.7594
vn -0.9355 -0.1910 0.2973
vn -0.4183 -0.3417 0.8416
vn -0.9371 -0.1317 0.3234
vn -0.4176 -0.1739 0.8919
vn -0.9368 -0.0671 0.3433
vn -0.4107 0.0046 0.9118
vn -0.9348 -0.0036 0.3550
vn -0.4109 0.1700 0.8957
vn -0.9350 0.0716 0.3475
vn -0.4183 0.3417 0.8416
vn -0.9371 0.1317 0.3234
vn -0.4193 0.4974 0.7594
vn -0.9374 0.1912 0.2910
vn -0.4140 0.6405 0.6468
vn -0.9359 0.2444 0.2536
vn -0.4152 0.7491 0.5162
vn -0.9364 0.2922 0.1943
vn -0.4230 0.8347 0.3527
vn -0.9386 0.3179 0.1339
vn -0.4237 0.8877 0.1801
vn -0.9388 0.3375 0.0683
vn -0.4173 0.9087 -0.0047
vn -0.9371 0.3491 0.0035
vn -0.4171 0.8916 -0.1761
vn -0.9370 0.3418 -0.0727
vn -0.4230 0.8347 -0.3527
vn -0.9386 0.3179 -0.1339
vn -0.4219 0.7492 -0.5106
vn -0.9383 0.2861 -0.1944
vn -0.4139 0.6339 -0.6533
vn -0.9360 0.2493 -0.2485
vn -0.4128 0.5030 -0.7594
vn -0.9355 0.1910 -0.2973
vn -0.4183 0.3417 -0.8416
vn -0.9371 0.1317 -0.3234
vn -0.4175 0.1739 -0.8919
vn -0.9368 0.0671 -0.3433
vn 0.5997 -0.7374 0.3108
vn 0.5988 -0.6617 0.4513
vn 0.8635 -0.4170 0.2836
vn 0.8643 -0.4633 0.1959
vn -0.7410 -0.5662 -0.3611
vn -0.7391 -0.4565 -0.4954
vn -0.7119 -0.4645 -0.5267
vn -0.7138 -0.5987 -0.3633
vn 0.7397 -0.4855 0.4660
vn 0.7379 -0.3523 0.5757
vn 0.7785 -0.4033 0.4809
vn 0.7778 -0.3854 0.4966
vn -0.8511 -0.4833 -0.2049
vn -0.7450 -0.5582 -0.3652
vn -0.5894 -0.6775 -0.4399
vn -0.5928 -0.7421 -0.3129
vn -0.7357 0.6232 0.2653
vn -0.5882 0.7447 0.3154
vn 0.6006 0.7837 0.1584
vn 0.8632 0.5045 0.0175
vn 0.8647 0.4922 0.1000
vn -0.7379 0.3523 -0.5757
vn -0.7397 0.4855 -0.4660
vn -0.7127 0.5167 -0.4744
vn -0.7108 0.3541 -0.6077
vn 0.8512 -0.5144 -0.1043
vn 0.8604 -0.5071 -0.0510
vn 0.5673 -0.8194 -0.0821
vn 0.5885 -0.7924 -0.1605
vn -0.8481 0.2001 -0.4906
vn -0.7416 0.3581 -0.5673
vn -0.5865 0.4290 -0.6870
vn -0.5884 0.3042 -0.7492
vn 0.7365 0.6633 0.1330
vn 0.7427 0.6693 0.0207
vn 0.8611 0.4984 0.1003
vn 0.6786 -0.7312 0.0698
vn 0.8630 -0.4914 0.1175
vn 0.7357 0.6232 0.2653
vn 0.8607 0.4687 0.1986
vn -0.5972 -0.3020 0.7431
vn -0.5793 -0.3786 0.7219
vn -0.8697 -0.2291 0.4373
vn -0.8594 -0.1924 0.4737
vn 0.6719 0.0761 0.7367
vn 0.6717 0.0663 0.7378
vn 0.8594 0.1149 0.4983
vn 0.8592 -0.0173 0.5114
vn -0.7357 -0.6232 -0.2653
vn -0.5882 -0.7447 -0.3154
vn 0.1603 0.8892 0.4285
vn 0.1731 0.8925 0.4166
vn -0.1565 0.7273 0.6683
vn -0.1733 0.7143 0.6780
vn 0.7358 0.6244 -0.2623
vn 0.8607 0.4694 -0.1973
vn -0.7397 -0.4855 0.4660
vn -0.7346 -0.5596 0.3837
vn -0.5871 -0.6686 0.4564
vn 0.8475 0.1016 -0.5210
vn 0.8569 0.0497 -0.5130
vn 0.5606 0.0795 -0.8242
vn 0.5825 0.1556 -0.7978
vn 0.6750 0.4661 -0.5720
vn 0.6740 0.4597 -0.5782
vn -0.7361 0.0206 -0.6765
vn -0.7304 0.1291 -0.6707
vn -0.5828 0.1547 -0.7978
vn -0.7094 0.0365 -0.7038
vn 0.5988 0.6617 -0.4513
vn 0.8614 0.3679 -0.3503
vn 0.8635 0.4170 -0.2836
vn -0.7357 0.6244 -0.2623
vn -0.7423 0.6522 -0.1535
vn -0.5881 0.7455 -0.3135
vn -0.7379 -0.3523 0.5757
vn 0.7311 -0.2579 0.6316
vn 0.8577 -0.1943 0.4761
vn -0.8505 -0.4343 0.2968
vn -0.8510 -0.4841 0.2036
vn -0.5929 -0.7418 0.3134
vn -0.5918 -0.6665 0.4534
vn -0.7311 -0.2579 0.6316
vn -0.5834 -0.3068 0.7520
vn 0.7358 -0.6244 0.2623
vn 0.7346 -0.5596 0.3837
vn 0.8601 -0.4213 0.2877
vn 0.8607 -0.4694 0.1973
vn 0.5997 0.7374 -0.3108
vn 0.8643 0.4633 -0.1959
vn 0.8630 0.4914 -0.1175
vn 0.7365 -0.1496 -0.6597
vn 0.7311 -0.2550 -0.6329
vn 0.8577 -0.1930 -0.4765
vn 0.1600 -0.9275 0.3380
vn 0.1724 -0.9214 0.3484
vn -0.1589 -0.9860 0.0510
vn -0.1746 -0.9840 0.0359
vn 0.5867 0.6693 -0.4559
vn 0.8501 0.4352 -0.2965
vn -0.1745 -0.7939 -0.5825
vn -0.1577 -0.7866 -0.5970
vn 0.1715 -0.5698 -0.8037
vn 0.1575 -0.5819 -0.7979
vn -0.7311 0.2579 -0.6316
vn -0.5834 0.3068 -0.7520
vn -0.7358 -0.6244 0.2623
vn -0.5881 -0.7455 0.3135
vn 0.7365 -0.6633 -0.1330
vn 0.7427 -0.6693 -0.0207
vn 0.7820 -0.6189 0.0735
vn 0.8611 -0.4984 -0.1003
vn 0.5657 -0.6324 0.5292
vn 0.5867 -0.6693 0.4558
vn 0.8501 -0.4352 0.2965
vn 0.8599 -0.3917 0.3275
vn -0.7424 -0.6522 0.1535
vn -0.7149 -0.6768 0.1754
vn 0.5878 -0.7454 0.3145
vn 0.8508 -0.4842 0.2044
vn -0.7399 0.0122 -0.6726
vn -0.7403 -0.1409 -0.6573
vn 0.5664 -0.7874 0.2434
vn 0.8598 -0.4878 0.1510
vn -0.7346 0.5596 -0.3837
vn -0.5871 0.6686 -0.4564
vn 0.1716 0.1547 -0.9730
vn 0.1566 0.1412 -0.9775
vn -0.1732 -0.1561 -0.9724
vn -0.1547 -0.1395 -0.9781
vn 0.7754 0.0487 0.6295
vn 0.1603 -0.8892 -0.4285
vn 0.1731 -0.8925 -0.4166
vn -0.1565 -0.7273 -0.6683
vn -0.1733 -0.7143 -0.6780
vn 0.5657 0.6324 -0.5292
vn 0.8598 0.3917 -0.3275
vn 0.8569 -0.2393 0.4567
vn 0.5610 -0.3845 0.7331
vn 0.1569 -0.4168 0.8954
vn 0.1713 -0.4034 0.8988
vn -0.1569 -0.6547 0.7394
vn -0.1742 -0.6649 0.7263
vn 0.6750 -0.4661 0.5720
vn 0.6740 -0.4597 0.5782
vn 0.8508 -0.4841 -0.2045
vn 0.5878 -0.7453 -0.3147
vn 0.8604 -0.4475 -0.2437
vn 0.5669 -0.7233 -0.3943
vn -0.1745 0.7939 0.5825
vn -0.1577 0.7866 0.5969
vn 0.1715 0.5698 0.8037
vn 0.1575 0.5819 0.7979
vn 0.7798 0.4880 0.3921
vn 0.7791 0.4737 0.4107
vn 0.6754 0.5629 0.4764
vn 0.6763 0.5676 0.4695
vn 0.7424 -0.6522 0.1535
vn 0.7822 -0.6210 0.0507
vn -0.7322 -0.3743 -0.5690
vn -0.5845 -0.4458 -0.6780
vn 0.6784 -0.7306 0.0770
vn 0.7322 0.3743 0.5690
vn 0.7391 0.4565 0.4953
vn 0.8583 0.2820 0.4287
vn -0.5876 0.5537 0.5900
vn -0.5894 0.6775 0.4399
vn -0.7429 -0.4606 -0.4858
vn -0.8488 -0.2904 -0.4418
vn -0.5894 -0.4427 -0.6757
vn -0.5877 -0.5537 -0.5900
vn -0.5768 -0.0784 0.8131
vn -0.5964 -0.1537 0.7878
vn -0.8590 -0.0983 0.5025
vn -0.8682 -0.0478 0.4940
vn 0.5949 0.3021 0.7448
vn 0.8613 0.1916 0.4706
vn -0.5807 0.5106 0.6341
vn -0.5983 0.4393 0.6701
vn -0.8601 0.2796 0.4267
vn -0.8704 0.3086 0.3836
vn -0.8515 0.5141 0.1035
vn -0.5936 0.7887 0.1602
vn -0.5911 0.8064 0.0179
vn -0.8482 -0.1986 -0.4910
vn -0.5883 -0.3048 -0.7490
vn -0.8718 -0.4680 0.1448
vn -0.8624 -0.4663 0.1970
vn -0.6022 -0.7355 0.3105
vn -0.5839 -0.7756 0.2397
vn 0.8621 0.4283 0.2707
vn 0.8610 0.3435 0.3751
vn -0.8617 -0.4195 0.2854
vn -0.8695 -0.3788 0.3168
vn -0.5801 -0.6247 0.5228
vn -0.6010 -0.6606 0.4499
vn -0.6030 0.7818 0.1585
vn -0.6022 0.7355 0.3105
vn -0.8624 0.4664 0.1967
vn -0.8629 0.4953 0.1006
vn -0.5907 0.7870 -0.1779
vn -0.5815 0.7143 0.3894
vn -0.8703 0.4326 0.2356
vn 0.8602 -0.2648 0.4358
vn 0.8614 -0.3679 0.3503
vn -0.5972 0.3019 -0.7431
vn -0.5793 0.3786 -0.7219
vn -0.8697 0.2291 -0.4372
vn -0.8594 0.1924 -0.4737
vn -0.7438 0.4770 -0.4683
vn -0.8505 0.4343 -0.2968
vn -0.5918 0.6665 -0.4534
vn -0.5883 0.5789 -0.5647
vn -0.8515 -0.5141 -0.1035
vn -0.5936 -0.7887 -0.1602
vn -0.5849 0.0178 -0.8109
vn -0.5852 -0.1727 -0.7923
vn -0.5840 0.8077 0.0810
vn -0.8718 0.4874 0.0491
vn -0.8510 0.4841 -0.2036
vn -0.5929 0.7418 -0.3134
vn -0.7463 -0.6499 0.1435
vn -0.5907 -0.7870 0.1779
vn -0.8718 0.4680 -0.1448
vn -0.8624 0.4663 -0.1970
vn -0.6022 0.7355 -0.3105
vn -0.5839 0.7756 -0.2397
vn 0.5837 0.1556 -0.7969
vn 0.5844 0.3056 -0.7517
vn 0.8485 0.1992 -0.4903
vn 0.8481 0.1015 -0.5201
vn 0.5948 -0.3031 0.7445
vn 0.5942 -0.1535 0.7896
vn 0.8608 -0.0978 0.4994
vn 0.8613 -0.1911 0.4708
vn -0.7468 -0.6650 -0.0117
vn -0.5911 -0.8064 -0.0179
vn -0.5883 -0.5789 0.5647
vn -0.5840 -0.8077 -0.0810
vn -0.6030 -0.7818 -0.1585
vn -0.8629 -0.4953 -0.1006
vn -0.8718 -0.4874 -0.0491
vn -0.8617 0.4195 -0.2854
vn -0.6010 0.6606 -0.4499
vn 0.7365 0.1496 0.6597
vn 0.7311 0.2550 0.6329
vn 0.8577 0.1930 0.4765
vn 0.7391 -0.4565 -0.4953
vn 0.7410 0.5662 0.3611
vn -0.8511 0.4833 0.2049
vn -0.5928 0.7421 0.3129
vn 0.5959 0.4407 0.6713
vn 0.8620 0.2777 0.4240
vn 0.1716 -0.1547 0.9730
vn 0.1566 -0.1412 0.9775
vn -0.1732 0.1561 0.9724
vn -0.1547 0.1395 0.9781
vn 0.5999 -0.7369 -0.3117
vn 0.6005 -0.7837 -0.1584
vn 0.8647 -0.4922 -0.1001
vn 0.8642 -0.4636 -0.1954
vn 0.8632 -0.5045 -0.0175
vn 0.8574 -0.3226 -0.4009
vn 0.5622 -0.5187 -0.6441
vn 0.8604 0.5071 0.0510
vn 0.5673 0.8194 0.0821
vn 0.7424 0.6522 -0.1535
vn 0.5949 -0.3021 -0.7448
vn 0.5959 -0.4407 -0.6714
vn 0.8620 -0.2777 -0.4240
vn 0.8613 -0.1916 -0.4706
vn -0.5972 -0.3020 -0.7431
vn -0.5769 -0.2328 -0.7829
vn -0.8681 -0.1417 -0.4757
vn -0.8594 -0.1927 -0.4735
vn 0.8610 -0.3435 -0.3751
vn 0.7322 -0.3743 -0.5690
vn 0.8583 -0.2820 -0.4286
vn -0.8481 -0.2001 0.4905
vn -0.5865 -0.4290 0.6870
vn -0.5884 -0.3042 0.7492
vn 0.1729 -0.7932 0.5839
vn 0.1596 -0.7875 0.5953
vn -0.1730 -0.5684 0.8043
vn -0.1557 -0.5835 0.7971
vn -0.8478 -0.1008 0.5207
vn -0.5876 -0.1553 0.7941
vn 0.8575 0.1468 0.4930
vn 0.5615 0.2359 0.7931
vn -0.5849 -0.0178 0.8109
vn 0.1600 0.9275 -0.3380
vn 0.1724 0.9214 -0.3484
vn -0.1589 0.9860 -0.0510
vn -0.1746 0.9840 -0.0359
vn 0.1569 0.4168 -0.8954
vn 0.1713 0.4035 -0.8988
vn -0.1569 0.6547 -0.7394
vn -0.1742 0.6649 -0.7263
vn 0.7362 0.0206 -0.6765
vn 0.8569 -0.0497 0.5130
vn 0.5606 -0.0795 0.8242
vn 0.5855 0.4445 -0.6779
vn 0.5867 0.5672 -0.5780
vn 0.8499 0.3690 -0.3762
vn 0.8491 0.2895 -0.4418
vn 0.5880 0.6686 -0.4552
vn 0.5890 0.7445 -0.3142
vn 0.8513 0.4833 -0.2041
vn 0.8507 0.4344 -0.2960
vn 0.5897 0.7915 0.1604
vn 0.5890 0.7445 0.3142
vn 0.8513 0.4833 0.2041
vn 0.8518 0.5135 0.1041
vn 0.5880 0.6686 0.4552
vn 0.5867 0.5672 0.5780
vn 0.8499 0.3690 0.3762
vn 0.8507 0.4344 0.2960
vn 0.5837 0.1556 0.7969
vn 0.5835 -0.0000 0.8121
vn 0.8479 -0.0000 0.5301
vn 0.8481 0.1015 0.5201
vn 0.5837 -0.1556 0.7969
vn 0.5844 -0.3056 0.7517
vn 0.8485 -0.1992 0.4903
vn 0.8481 -0.1015 0.5201
vn 0.5880 -0.6686 0.4552
vn 0.5890 -0.7445 0.3142
vn 0.8513 -0.4833 0.2041
vn 0.8507 -0.4344 0.2960
vn 0.5898 -0.7915 0.1604
vn 0.5900 -0.8074 -0.0000
vn 0.8519 -0.5237 -0.0000
vn 0.8518 -0.5135 0.1041
vn 0.5880 -0.6686 -0.4552
vn 0.5867 -0.5672 -0.5780
vn 0.8499 -0.3690 -0.3762
vn 0.8507 -0.4344 -0.2960
vn 0.5855 -0.4445 -0.6779
vn 0.5844 -0.3056 -0.7517
vn 0.8485 -0.1992 -0.4903
vn 0.8492 -0.2895 -0.4417
vn 0.5837 -0.1556 -0.7969
vn 0.8481 -0.1015 -0.5201
vn 0.5897 -0.7915 -0.1604
vn 0.5890 -0.7445 -0.3142
vn 0.8513 -0.4833 -0.2041
vn 0.8518 -0.5135 -0.1041
vn 0.5855 -0.4445 0.6779
vn 0.5867 -0.5672 0.5780
vn 0.8499 -0.3690 0.3762
vn 0.8491 -0.2895 0.4418
vn 0.5855 0.4445 0.6779
vn 0.5844 0.3056 0.7517
vn 0.8485 0.1992 0.4903
vn 0.8492 0.2895 0.4417
vn 0.5897 0.7915 -0.1604
vn 0.5900 0.8074 -0.0000
vn 0.8519 0.5237 -0.0000
vn 0.8518 0.5135 -0.1042
vn 0.5835 -0.0000 -0.8121
vn 0.8479 -0.0000 -0.5301
vn -0.5972 0.3020 0.7431
vn -0.8594 0.1927 0.4735
vn -0.6022 -0.7355 -0.3105
vn -0.5815 -0.7143 -0.3894
vn -0.8703 -0.4326 -0.2356
vn -0.8624 -0.4664 -0.1967
vn -0.8478 0.1008 -0.5207
vn -0.5876 0.1553 -0.7941
vn -0.5769 0.2328 0.7829
vn -0.8681 0.1417 0.4757
vn 0.8621 -0.4283 -0.2707
vn -0.8488 0.2904 0.4418
vn -0.8482 0.1986 0.4910
vn -0.5883 0.3048 0.7490
vn -0.5894 0.4427 0.6757
vn -0.5807 -0.5106 -0.6341
vn -0.5983 -0.4393 -0.6701
vn -0.8601 -0.2796 -0.4267
vn -0.8704 -0.3086 -0.3836
vn 0.5999 0.7369 0.3117
vn 0.8642 0.4636 0.1954
vn 0.5948 0.3031 -0.7445
vn 0.5942 0.1535 -0.7896
vn 0.8608 0.0978 -0.4994
vn 0.8613 0.1911 -0.4707
vn -0.5852 0.1727 0.7923
vn -0.5964 0.1537 -0.7878
vn -0.8590 0.0983 -0.5025
vn -0.8695 0.3789 -0.3168
vn -0.5801 0.6247 -0.5228
vn 0.8594 -0.1149 -0.4983
vn 0.8592 0.0173 -0.5114
vn -0.5768 0.0784 -0.8131
vn -0.8682 0.0478 -0.4940
vn 0.8602 0.2648 -0.4358
vn 0.8479 0.1996 -0.4911
vn 0.5832 0.3060 -0.7525
vn 0.1728 -0.9721 -0.1587
vn 0.1606 -0.9759 -0.1475
vn -0.1744 -0.9716 0.1602
vn -0.1587 -0.9765 0.1458
vn 0.6843 -0.1787 0.7070
vn 0.2920 0.4537 0.8420
vn -0.5733 0.2408 -0.7832
vn -0.4255 0.3415 -0.8380
vn 0.4132 0.3434 -0.8434
vn 0.4095 0.4238 -0.8079
vn 0.5611 0.3845 -0.7331
vn 0.9393 -0.1293 0.3178
vn 0.9433 -0.1560 0.2930
vn 0.9343 0.1653 -0.3157
vn 0.9355 0.1328 -0.3273
vn 0.8569 0.2393 -0.4566
vn -0.8327 -0.5414 -0.1159
vn -0.5801 -0.7762 -0.2470
vn -0.2939 -0.7261 0.6216
vn -0.4290 0.7466 -0.5085
vn -0.5790 0.7128 -0.3958
vn 0.4120 0.6987 -0.5849
vn 0.4168 0.7515 -0.5114
vn 0.9440 -0.2516 0.2133
vn 0.9403 -0.2815 0.1911
vn 0.9367 0.2891 -0.1974
vn 0.9352 0.2718 -0.2271
vn 0.6856 0.3647 0.6300
vn 0.2956 0.9159 0.2716
vn -0.4310 0.8845 0.1786
vn -0.5798 0.7805 0.2338
vn 0.4146 0.9055 0.0907
vn 0.4186 0.8901 0.1801
vn -0.5798 -0.7805 -0.2338
vn -0.8323 -0.5130 -0.2100
vn -0.2913 -0.2626 -0.9199
vn 0.9448 -0.3261 -0.0306
vn 0.9410 -0.3317 -0.0673
vn 0.9373 0.3414 0.0693
vn 0.9361 0.3501 0.0354
vn -0.5801 0.7762 0.2470
vn -0.4301 0.8316 0.3512
vn 0.4179 0.8370 0.3532
vn 0.4132 0.7995 0.4359
vn -0.8323 0.5083 -0.2212
vn -0.2949 0.8338 0.4668
vn 0.9407 -0.3127 -0.1315
vn 0.9444 -0.2877 -0.1592
vn 0.9356 0.3102 0.1688
vn 0.9371 0.3214 0.1361
vn 0.6901 0.6816 0.2433
vn 0.2919 0.4345 0.8520
vn -0.5747 0.3740 0.7279
vn -0.4254 0.3406 0.8385
vn 0.4132 0.3430 0.8436
vn 0.4086 0.2601 0.8748
vn 0.9392 -0.1297 -0.3179
vn 0.9430 -0.0929 -0.3196
vn 0.9340 0.1021 0.3423
vn 0.9355 0.1326 0.3274
vn -0.5736 0.2270 -0.7871
vn -0.8297 0.2039 -0.5197
vn -0.2957 0.9159 -0.2717
vn -0.4247 -0.1731 0.8886
vn -0.5736 -0.2270 0.7870
vn 0.4082 -0.0876 0.9087
vn 0.4125 -0.1745 0.8941
vn 0.9429 0.0299 -0.3318
vn 0.9390 0.0662 -0.3375
vn 0.9353 -0.0675 0.3474
vn 0.9338 -0.0346 0.3560
vn 0.6895 -0.6502 0.3191
vn 0.2955 -0.9093 -0.2929
vn -0.4290 -0.7466 0.5085
vn -0.5791 -0.7128 0.3958
vn 0.4120 -0.6987 0.5849
vn 0.4168 -0.7515 0.5114
vn 0.9440 0.2516 -0.2133
vn 0.9403 0.2815 -0.1911
vn 0.9367 -0.2891 0.1974
vn 0.9352 -0.2718 0.2271
vn -0.5786 -0.7197 0.3838
vn -0.4303 -0.8320 0.3503
vn 0.4179 -0.8372 0.3528
vn 0.4141 -0.8697 0.2687
vn -0.8317 -0.4623 0.3074
vn -0.2910 -0.0814 0.9533
vn 0.9408 0.3124 -0.1318
vn 0.9447 0.3140 -0.0948
vn 0.9359 -0.3365 0.1043
vn 0.9371 -0.3215 0.1359
vn -0.4301 -0.8316 -0.3512
vn 0.4179 -0.8370 -0.3532
vn 0.4132 -0.7995 -0.4359
vn 0.9407 0.3127 0.1315
vn 0.9444 0.2877 0.1592
vn 0.9356 -0.3102 -0.1688
vn 0.9371 -0.3214 -0.1361
vn -0.4266 -0.4967 -0.7558
vn -0.5743 -0.3868 -0.7216
vn 0.4107 -0.5719 -0.7101
vn 0.4143 -0.4996 -0.7608
vn -0.8293 0.1137 -0.5472
vn -0.2930 -0.6080 -0.7379
vn 0.9437 0.2092 0.2564
vn 0.9396 0.1878 0.2860
vn 0.9359 -0.1929 -0.2947
vn 0.9347 -0.2227 -0.2769
vn -0.4254 -0.3406 -0.8385
vn 0.4132 -0.3430 -0.8435
vn 0.9392 0.1297 0.3179
vn 0.9355 -0.1326 -0.3274
vn 0.6843 0.1787 -0.7070
vn 0.2920 -0.4537 -0.8420
vn -0.4255 -0.3415 0.8381
vn 0.4132 -0.3434 0.8434
vn 0.6895 0.6502 -0.3191
vn 0.2955 0.9094 0.2928
vn 0.9393 0.1293 -0.3178
vn 0.9355 -0.1328 0.3273
vn -0.4303 0.8320 -0.3503
vn 0.4179 0.8372 -0.3528
vn 0.9408 -0.3124 0.1317
vn 0.9371 0.3215 -0.1359
vn -0.4247 0.1731 -0.8886
vn 0.4082 0.0876 -0.9087
vn 0.4125 0.1745 -0.8941
vn -0.8323 -0.5083 0.2212
vn -0.2948 -0.8338 -0.4668
vn 0.9429 -0.0299 0.3318
vn 0.9390 -0.0662 0.3375
vn 0.9353 0.0675 -0.3474
vn 0.9338 0.0346 -0.3561
vn -0.5786 0.7197 -0.3838
vn 0.4141 0.8697 -0.2687
vn 0.9447 -0.3140 0.0948
vn 0.9359 0.3365 -0.1043
vn -0.4266 0.4967 0.7559
vn -0.5742 0.3868 0.7216
vn 0.4107 0.5719 0.7101
vn 0.4143 0.4996 0.7608
vn 0.2948 -0.8338 0.4668
vn 0.6904 -0.6997 -0.1838
vn 0.9437 -0.2092 -0.2564
vn 0.9396 -0.1878 -0.2860
vn 0.9359 0.1929 0.2947
vn 0.9347 0.2227 0.2769
vn -0.5733 -0.2408 0.7832
vn 0.4095 -0.4238 0.8079
vn 0.2913 0.2832 -0.9138
vn 0.6851 -0.3110 -0.6587
vn 0.9433 0.1560 -0.2929
vn 0.9343 -0.1653 0.3158
vn -0.4310 -0.8845 -0.1786
vn 0.4146 -0.9055 -0.0907
vn 0.4186 -0.8901 -0.1800
vn 0.9448 0.3262 0.0306
vn 0.9410 0.3317 0.0673
vn 0.9373 -0.3414 -0.0692
vn 0.9361 -0.3501 -0.0354
vn -0.5747 -0.3740 -0.7279
vn 0.4087 -0.2601 -0.8748
vn -0.8293 -0.1137 0.5471
vn -0.2930 0.6080 0.7379
vn 0.9430 0.0929 0.3195
vn 0.9340 -0.1021 -0.3424
vn -0.9376 -0.1613 0.3081
vn -0.9372 -0.1313 0.3232
vn -0.9298 0.1404 -0.3403
vn -0.4181 -0.3418 0.8416
vn -0.4194 -0.4217 0.8039
vn 0.3826 -0.4310 0.8173
vn 0.3977 -0.3467 0.8495
vn -0.9383 -0.2861 0.1940
vn -0.9384 -0.2651 0.2215
vn -0.9310 0.3002 -0.2077
vn -0.4219 -0.6952 0.5819
vn -0.4218 -0.7492 0.5107
vn 0.4011 -0.7560 0.5173
vn 0.3849 -0.7065 0.5939
vn -0.9389 -0.3372 -0.0685
vn -0.9393 -0.3415 -0.0345
vn -0.8323 0.5130 0.2100
vn -0.9317 0.3563 0.0701
vn -0.4246 -0.9009 -0.0902
vn -0.4236 -0.8878 -0.1801
vn 0.4029 -0.8973 -0.1803
vn 0.3874 -0.9175 -0.0899
vn -0.9388 -0.3026 -0.1646
vn -0.9387 -0.3178 -0.1335
vn -0.9314 0.3343 0.1439
vn -0.8327 0.5414 0.1159
vn -0.4229 -0.8347 -0.3527
vn -0.4231 -0.7955 -0.4337
vn 0.3861 -0.8090 -0.4433
vn 0.4022 -0.8427 -0.3579
vn -0.9373 -0.0996 -0.3339
vn -0.9372 -0.1319 -0.3230
vn -0.9297 0.1363 0.3422
vn -0.8303 0.3000 0.4698
vn -0.4182 -0.3417 -0.8416
vn -0.4185 -0.2588 -0.8706
vn 0.3817 -0.2616 -0.8865
vn 0.3976 -0.3437 -0.8508
vn -0.9369 0.0674 -0.3430
vn -0.9371 0.0337 -0.3473
vn -0.8297 -0.2039 0.5197
vn -0.9295 -0.0683 0.3625
vn -0.4180 0.0872 -0.9042
vn -0.4174 0.1739 -0.8919
vn 0.3969 0.1741 -0.9012
vn 0.3813 0.0868 -0.9204
vn -0.9383 0.2861 -0.1940
vn -0.9384 0.2651 -0.2216
vn -0.9310 -0.3002 0.2077
vn -0.4219 0.6952 -0.5819
vn -0.4218 0.7492 -0.5107
vn 0.4011 0.7560 -0.5173
vn 0.3849 0.7065 -0.5939
vn -0.9391 0.3283 -0.1017
vn -0.9387 0.3176 -0.1341
vn -0.9315 -0.3359 0.1397
vn -0.4229 0.8347 -0.3527
vn -0.4240 0.8653 -0.2674
vn 0.3870 0.8816 -0.2703
vn 0.4023 0.8440 -0.3548
vn -0.9388 0.3026 0.1646
vn -0.9387 0.3178 0.1335
vn -0.9314 -0.3343 -0.1439
vn -0.4229 0.8347 0.3527
vn -0.4231 0.7955 0.4337
vn 0.3861 0.8090 0.4433
vn 0.4022 0.8427 0.3579
vn -0.9375 0.1908 0.2909
vn -0.9380 0.2172 0.2701
vn -0.8297 -0.2163 -0.5146
vn -0.9302 -0.2028 -0.3060
vn -0.4206 0.5691 0.7066
vn -0.4192 0.4975 0.7595
vn 0.3987 0.5039 0.7662
vn 0.3837 0.5808 0.7180
vn -0.9372 0.1319 0.3230
vn -0.9297 -0.1363 -0.3422
vn -0.4181 0.3417 0.8416
vn 0.3976 0.3437 0.8508
vn -0.9372 0.1313 -0.3232
vn -0.9298 -0.1404 0.3402
vn -0.4181 0.3418 -0.8416
vn 0.3977 0.3467 -0.8495
vn -0.9387 -0.3176 0.1341
vn -0.9315 0.3359 -0.1397
vn -0.4228 -0.8348 0.3527
vn 0.4022 -0.8440 0.3548
vn -0.9369 -0.0674 0.3430
vn -0.9371 -0.0337 0.3473
vn -0.9295 0.0683 -0.3625
vn -0.4180 -0.0872 0.9043
vn -0.4174 -0.1739 0.8919
vn 0.3969 -0.1741 0.9012
vn 0.3813 -0.0868 0.9204
vn -0.9391 -0.3282 0.1017
vn -0.8317 0.4623 -0.3074
vn -0.4240 -0.8653 0.2674
vn 0.3870 -0.8816 0.2703
vn -0.9375 -0.1908 -0.2909
vn -0.9380 -0.2172 -0.2701
vn -0.8297 0.2163 0.5146
vn -0.9302 0.2028 0.3059
vn -0.4206 -0.5691 -0.7066
vn -0.4192 -0.4975 -0.7595
vn 0.3987 -0.5039 -0.7662
vn 0.3837 -0.5808 -0.7180
vn -0.9376 0.1613 -0.3080
vn -0.4194 0.4217 -0.8039
vn 0.3826 0.4310 -0.8172
vn -0.9389 0.3372 0.0685
vn -0.9393 0.3415 0.0345
vn -0.9317 -0.3563 -0.0701
vn -0.4245 0.9009 0.0902
vn -0.4236 0.8878 0.1801
vn 0.4029 0.8973 0.1803
vn 0.3874 0.9175 0.0899
vn -0.9373 0.0996 0.3340
vn -0.8303 -0.3000 -0.4697
vn -0.4185 0.2588 0.8706
vn 0.3817 0.2616 0.8865
vn 0.6890 0.6210 -0.3736
vn 0.2912 0.2625 -0.9199
vn 0.6851 0.3110 0.6587
vn 0.2913 -0.2831 0.9138
vn -0.2913 0.2626 0.9199
vn -0.2921 0.4536 -0.8420
vn -0.2910 0.0814 -0.9533
vn 0.6890 -0.6210 0.3736
vn 0.2912 -0.2625 0.9199
vn 0.2948 0.8338 -0.4668
vn 0.6904 0.6997 0.1838
vn -0.2960 -0.9514 -0.0844
vn 0.6901 -0.6816 -0.2433
vn 0.2919 -0.4345 -0.8520
vn -0.2939 0.7261 -0.6216
vn 0.6846 -0.2368 0.6894
vn 0.2949 -0.8443 0.4475
vn -0.2960 0.9514 0.0844
vn -0.2921 -0.4536 0.8420
vn 0.6846 0.2368 -0.6894
vn 0.2949 0.8443 -0.4475
vn -0.2957 -0.9159 0.2717
vn 0.6856 -0.3647 -0.6300
vn 0.2956 -0.9159 -0.2716
vn -0.4123 0.4999 -0.7616
vn -0.4113 0.3435 -0.8443
vn 0.4159 0.3427 -0.8424
vn 0.4169 0.4987 -0.7599
vn 0.9347 -0.1340 0.3291
vn 0.9351 -0.1946 0.2961
vn 0.9367 0.1917 -0.2931
vn 0.9363 0.1319 -0.3254
vn -0.4148 0.7523 -0.5118
vn -0.4136 0.6380 -0.6495
vn 0.4182 0.6365 -0.6480
vn 0.4195 0.7506 -0.5106
vn 0.9355 -0.2476 0.2519
vn 0.9360 -0.2912 0.1979
vn 0.9375 0.2874 -0.1962
vn 0.9371 0.2442 -0.2494
vn -0.4166 0.8910 0.1804
vn -0.4169 0.9089 -0.0000
vn 0.4215 0.9068 -0.0000
vn 0.4213 0.8889 0.1800
vn 0.9367 -0.3502 -0.0000
vn 0.9366 -0.3435 -0.0695
vn 0.9381 0.3394 0.0690
vn 0.9382 0.3461 -0.0000
vn -0.4148 0.7523 0.5118
vn -0.4159 0.8379 0.3534
vn 0.4206 0.8360 0.3525
vn 0.4195 0.7506 0.5106
vn 0.9363 -0.3236 -0.1363
vn 0.9360 -0.2912 -0.1979
vn 0.9375 0.2874 0.1962
vn 0.9379 0.3195 0.1352
vn -0.4106 0.1749 0.8949
vn -0.4113 0.3435 0.8443
vn 0.4159 0.3427 0.8424
vn 0.4152 0.1744 0.8929
vn 0.9348 -0.1340 -0.3290
vn 0.9345 -0.0683 -0.3493
vn 0.9361 0.0672 0.3453
vn 0.9363 0.1319 0.3254
vn -0.4106 -0.1749 0.8949
vn -0.4103 -0.0000 0.9119
vn 0.4149 -0.0000 0.9099
vn 0.4152 -0.1745 0.8929
vn 0.9344 -0.0000 -0.3562
vn 0.9345 0.0683 -0.3493
vn 0.9361 -0.0672 0.3452
vn 0.9360 -0.0000 0.3520
vn -0.4149 -0.7523 0.5118
vn -0.4136 -0.6380 0.6495
vn 0.4182 -0.6365 0.6480
vn 0.4195 -0.7506 0.5106
vn 0.9355 0.2476 -0.2519
vn 0.9360 0.2912 -0.1979
vn 0.9375 -0.2874 0.1962
vn 0.9371 -0.2442 0.2494
vn -0.4167 -0.8910 0.1804
vn -0.4159 -0.8379 0.3534
vn 0.4206 -0.8360 0.3525
vn 0.4213 -0.8889 0.1800
vn 0.9363 0.3236 -0.1363
vn 0.9366 0.3435 -0.0695
vn 0.9381 -0.3394 0.0690
vn 0.9379 -0.3195 0.1352
vn -0.4148 -0.7523 -0.5118
vn -0.4159 -0.8379 -0.3534
vn 0.4206 -0.8360 -0.3525
vn 0.4195 -0.7506 -0.5106
vn 0.9363 0.3236 0.1363
vn 0.9360 0.2912 0.1979
vn 0.9375 -0.2874 -0.1962
vn 0.9379 -0.3195 -0.1352
vn -0.4123 -0.4999 -0.7616
vn -0.4136 -0.6380 -0.6495
vn 0.4182 -0.6365 -0.6480
vn 0.4169 -0.4987 -0.7599
vn 0.9355 0.2476 0.2519
vn 0.9351 0.1946 0.2961
vn 0.9367 -0.1917 -0.2930
vn 0.9371 -0.2442 -0.2494
vn -0.4113 -0.3435 -0.8443
vn 0.4159 -0.3427 -0.8424
vn 0.9348 0.1340 0.3290
vn 0.9363 -0.1319 -0.3254
vn -0.4169 -0.9089 -0.0000
vn 0.4216 -0.9068 -0.0000
vn 0.9367 0.3502 -0.0000
vn 0.9382 -0.3461 -0.0000
vn -0.4113 -0.3435 0.8443
vn 0.4159 -0.3427 0.8424
vn 0.9348 0.1340 -0.3290
vn 0.9363 -0.1319 0.3254
vn -0.4136 0.6380 0.6496
vn 0.4182 0.6365 0.6480
vn 0.9355 -0.2476 -0.2518
vn 0.9371 0.2442 0.2494
vn -0.4159 0.8379 -0.3534
vn 0.4206 0.8360 -0.3525
vn 0.9363 -0.3236 0.1363
vn 0.9379 0.3195 -0.1352
vn -0.4106 0.1748 -0.8949
vn -0.4103 -0.0000 -0.9119
vn 0.4149 -0.0000 -0.9099
vn 0.4152 0.1744 -0.8929
vn 0.9344 -0.0000 0.3562
vn 0.9345 -0.0683 0.3493
vn 0.9361 0.0672 -0.3453
vn 0.9360 -0.0000 -0.3520
vn -0.4167 0.8910 -0.1804
vn 0.4213 0.8889 -0.1800
vn 0.9366 -0.3435 0.0695
vn 0.9381 0.3394 -0.0690
vn -0.4123 0.4999 0.7616
vn 0.4169 0.4987 0.7599
vn 0.9351 -0.1946 -0.2961
vn 0.9367 0.1917 0.2930
vn -0.4123 -0.4999 0.7617
vn 0.4169 -0.4987 0.7599
vn 0.9351 0.1946 -0.2961
vn 0.9367 -0.1917 0.2931
vn -0.4167 -0.8910 -0.1804
vn 0.4213 -0.8889 -0.1800
vn 0.9366 0.3435 0.0695
vn 0.9381 -0.3394 -0.0690
vn -0.4106 -0.1749 -0.8949
vn 0.4152 -0.1745 -0.8929
vn 0.9345 0.0683 0.3493
vn 0.9361 -0.0672 -0.3453
vt 0.366896 0.676741
vt 0.366896 0.721857
vt 0.346747 0.721908
vt 0.346747 0.676792
vt 0.327807 0.722005
vt 0.327807 0.676889
vt 0.310802 0.722145
vt 0.310802 0.677029
vt 0.000000 0.100755
vt 0.000000 0.055640
vt 0.014499 0.055842
vt 0.014499 0.100957
vt 0.031570 0.056002
vt 0.031570 0.101117
vt 0.050557 0.056112
vt 0.050557 0.101227
vt 0.070729 0.056169
vt 0.070729 0.101284
vt 0.506150 0.316153
vt 0.506595 0.324467
vt 0.459359 0.324911
vt 0.458914 0.316597
vt 0.091312 0.101285
vt 0.091312 0.056170
vt 0.111515 0.056116
vt 0.111515 0.101231
vt 0.130561 0.056007
vt 0.130561 0.101122
vt 0.147719 0.055849
vt 0.147719 0.100964
vt 0.162328 0.055648
vt 0.162328 0.100763
vt 0.310802 0.677119
vt 0.310802 0.722234
vt 0.294698 0.722066
vt 0.294698 0.676951
vt 0.276402 0.721943
vt 0.276402 0.676827
vt 0.256618 0.721868
vt 0.256618 0.676753
vt 0.236106 0.721846
vt 0.236106 0.676730
vt 0.971806 0.138754
vt 0.977673 0.138754
vt 0.977673 0.158790
vt 0.971806 0.158790
vt 0.215654 0.676761
vt 0.215654 0.721876
vt 0.196048 0.721958
vt 0.196048 0.676843
vt 0.178043 0.722089
vt 0.178043 0.676974
vt 0.162329 0.722263
vt 0.162329 0.677148
vt 0.591929 0.677010
vt 0.591929 0.722127
vt 0.574782 0.721995
vt 0.574782 0.676879
vt 0.555744 0.721905
vt 0.555744 0.676789
vt 0.742831 0.992620
vt 0.743106 0.997714
vt 0.721378 0.997907
vt 0.721102 0.992813
vt 0.535544 0.676743
vt 0.535544 0.721859
vt 0.514961 0.721860
vt 0.514961 0.676744
vt 0.573061 0.675172
vt 0.572783 0.680266
vt 0.550854 0.680054
vt 0.551132 0.674961
vt 0.494785 0.676791
vt 0.494785 0.721907
vt 0.475791 0.721998
vt 0.475791 0.676882
vt 0.458709 0.722131
vt 0.458709 0.677015
vt 0.458709 0.677187
vt 0.458709 0.722303
vt 0.444016 0.722129
vt 0.444016 0.677013
vt 0.426794 0.721994
vt 0.426794 0.676878
vt 0.407703 0.721901
vt 0.407703 0.676785
vt 0.218240 0.766371
vt 0.200937 0.766443
vt 0.963798 0.376635
vt 0.969666 0.376635
vt 0.969666 0.396671
vt 0.963798 0.396671
vt 0.387478 0.676739
vt 0.387478 0.721855
vt 0.799441 0.500000
vt 0.794309 0.500000
vt 0.794872 0.500000
vt 0.798878 0.500000
vt 0.387478 0.000000
vt 0.387478 0.045116
vt 0.366896 0.045118
vt 0.366896 0.000002
vt 0.531250 0.625000
vt 0.562500 0.625000
vt 0.209741 0.937500
vt 0.209741 0.964417
vt 0.387478 0.135348
vt 0.387478 0.180464
vt 0.366896 0.180466
vt 0.366896 0.135350
vt 0.343750 0.562500
vt 0.343750 0.590918
vt 0.318387 0.590918
vt 0.318387 0.562500
vt 0.750000 0.906250
vt 0.750000 0.937500
vt 0.387478 0.270696
vt 0.387478 0.315811
vt 0.366896 0.315814
vt 0.366896 0.270698
vt 0.556613 0.656250
vt 0.556613 0.684668
vt 0.531250 0.684668
vt 0.531250 0.656250
vt 0.343750 0.534082
vt 0.318387 0.562500
vt 0.318387 0.534082
vt 0.387478 0.406043
vt 0.387478 0.451159
vt 0.366896 0.451162
vt 0.366896 0.406046
vt 0.093750 0.812500
vt 0.125000 0.812500
vt 0.750000 0.843750
vt 0.750000 0.875000
vt 0.387478 0.541391
vt 0.387478 0.586507
vt 0.366896 0.586509
vt 0.366896 0.541393
vt 0.531250 0.718750
vt 0.562500 0.718750
vt 0.119113 0.843750
vt 0.119113 0.872168
vt 0.093750 0.872168
vt 0.093750 0.843750
vt 0.417464 0.675386
vt 0.417014 0.683699
vt 0.369654 0.683251
vt 0.370105 0.674937
vt 0.407703 0.045162
vt 0.407703 0.090278
vt 0.387478 0.090232
vt 0.407703 0.135394
vt 0.407703 0.180510
vt 0.407703 0.225626
vt 0.387478 0.225580
vt 0.407703 0.270742
vt 0.407703 0.315858
vt 0.407703 0.360973
vt 0.387478 0.360927
vt 0.407703 0.406089
vt 0.407703 0.451205
vt 0.407703 0.496321
vt 0.387478 0.496275
vt 0.407703 0.541437
vt 0.407703 0.586553
vt 0.407703 0.631669
vt 0.387478 0.631623
vt 0.426794 0.000139
vt 0.426794 0.045255
vt 0.407703 0.000046
vt 0.312500 0.968750
vt 0.312500 0.937500
vt 0.750000 0.812500
vt 0.426794 0.135486
vt 0.426794 0.180602
vt 0.556613 0.750000
vt 0.556613 0.778418
vt 0.531250 0.778418
vt 0.531250 0.750000
vt 0.093750 0.906250
vt 0.125000 0.906250
vt 0.093750 0.906250
vt 0.426794 0.270834
vt 0.426794 0.315950
vt 0.750000 0.750000
vt 0.750000 0.781250
vt 0.531250 0.812500
vt 0.562500 0.812500
vt 0.426794 0.406182
vt 0.426794 0.451298
vt 0.119113 0.937500
vt 0.119113 0.965918
vt 0.093750 0.965918
vt 0.093750 0.937500
vt 0.750000 0.718750
vt 0.750000 0.718750
vt 0.426794 0.541530
vt 0.426794 0.586646
vt 0.556613 0.843750
vt 0.556613 0.872168
vt 0.531250 0.872168
vt 0.531250 0.843750
vt 0.125000 0.968750
vt 0.093750 0.968750
vt 0.444016 0.000275
vt 0.444016 0.045390
vt 0.750000 0.656250
vt 0.750000 0.687500
vt 0.750000 0.656250
vt 0.531250 0.906250
vt 0.562500 0.906250
vt 0.444016 0.135622
vt 0.444016 0.180738
vt 0.156250 0.562500
vt 0.156250 0.531250
vt 0.750000 0.625000
vt 0.444016 0.270970
vt 0.444016 0.316086
vt 0.556613 0.937500
vt 0.556613 0.965918
vt 0.531250 0.965918
vt 0.531250 0.937500
vt 0.156250 0.593750
vt 0.156250 0.593750
vt 0.444016 0.406318
vt 0.444016 0.451434
vt 0.750000 0.562500
vt 0.750000 0.593750
vt 0.562500 0.968750
vt 0.531250 0.968750
vt 0.562500 0.968750
vt 0.444016 0.541666
vt 0.444016 0.586782
vt 0.156250 0.656250
vt 0.156250 0.625000
vt 0.156250 0.656250
vt 0.750000 0.531250
vt 0.458709 0.000448
vt 0.458709 0.045564
vt 0.458709 0.090680
vt 0.444016 0.090506
vt 0.458709 0.135796
vt 0.458709 0.180912
vt 0.458709 0.226028
vt 0.444016 0.225854
vt 0.458709 0.271144
vt 0.458709 0.316260
vt 0.458709 0.361376
vt 0.444016 0.361202
vt 0.458709 0.406491
vt 0.458709 0.451607
vt 0.458709 0.496723
vt 0.444016 0.496550
vt 0.458709 0.541839
vt 0.458709 0.586955
vt 0.458709 0.632071
vt 0.444016 0.631897
vt 0.475791 0.000139
vt 0.475791 0.045255
vt 0.458709 0.045388
vt 0.458709 0.000272
vt 0.593750 0.562500
vt 0.593750 0.531250
vt 0.156250 0.687500
vt 0.475791 0.135488
vt 0.475791 0.180604
vt 0.458709 0.180736
vt 0.458709 0.135620
vt 0.437500 0.723084
vt 0.459741 0.723084
vt 0.593750 0.593750
vt 0.475791 0.270836
vt 0.475791 0.315953
vt 0.458709 0.316085
vt 0.458709 0.270969
vt 0.156250 0.750000
vt 0.156250 0.718750
vt 0.928491 0.535583
vt 0.928491 0.562500
vt 0.475791 0.406185
vt 0.475791 0.451301
vt 0.458709 0.451434
vt 0.458709 0.406317
vt 0.593750 0.656250
vt 0.593750 0.625000
vt 0.156250 0.781250
vt 0.475791 0.541534
vt 0.475791 0.586650
vt 0.458709 0.586782
vt 0.458709 0.541666
vt 0.718750 0.843750
vt 0.718750 0.872168
vt 0.693387 0.872168
vt 0.693387 0.843750
vt 0.593750 0.687500
vt 0.494785 0.000048
vt 0.494785 0.045164
vt 0.156250 0.843750
vt 0.156250 0.812500
vt 0.718750 0.815332
vt 0.693387 0.815332
vt 0.494785 0.135396
vt 0.494785 0.180512
vt 0.593750 0.750000
vt 0.593750 0.718750
vt 0.156250 0.875000
vt 0.156250 0.875000
vt 0.494785 0.270745
vt 0.494785 0.315861
vt 0.718750 0.750000
vt 0.718750 0.778418
vt 0.693387 0.778418
vt 0.693387 0.750000
vt 0.593750 0.781250
vt 0.494785 0.406094
vt 0.494785 0.451210
vt 0.156250 0.937500
vt 0.156250 0.906250
vt 0.718750 0.721582
vt 0.693387 0.750000
vt 0.693387 0.721582
vt 0.494785 0.541442
vt 0.494785 0.586558
vt 0.593750 0.843750
vt 0.593750 0.812500
vt 0.718750 0.656250
vt 0.718750 0.684668
vt 0.693387 0.684668
vt 0.693387 0.656250
vt 0.991866 0.178349
vt 0.983541 0.178349
vt 0.983541 0.169158
vt 0.991866 0.169158
vt 0.514961 0.045117
vt 0.514961 0.090233
vt 0.494785 0.090280
vt 0.514961 0.135349
vt 0.514961 0.180466
vt 0.514961 0.225582
vt 0.494785 0.225629
vt 0.514961 0.270698
vt 0.514961 0.315814
vt 0.514961 0.360930
vt 0.494785 0.360977
vt 0.514961 0.406047
vt 0.514961 0.451163
vt 0.514961 0.496279
vt 0.494785 0.496326
vt 0.514961 0.541395
vt 0.514961 0.586511
vt 0.514961 0.631628
vt 0.494785 0.631675
vt 0.535544 0.000000
vt 0.535544 0.045116
vt 0.514961 0.000001
vt 0.956075 0.360927
vt 0.956075 0.406043
vt 0.949753 0.406044
vt 0.949753 0.360928
vt 0.962376 0.135353
vt 0.962376 0.180468
vt 0.956075 0.180461
vt 0.956075 0.135346
vt 0.956075 0.451159
vt 0.949753 0.451160
vt 0.962376 0.090238
vt 0.956075 0.090231
vt 0.956075 0.496275
vt 0.949753 0.496276
vt 0.962376 0.045122
vt 0.956075 0.045115
vt 0.956075 0.541391
vt 0.949753 0.541392
vt 0.962376 0.000007
vt 0.956075 0.000000
vt 0.962376 0.586507
vt 0.962376 0.631622
vt 0.956075 0.631615
vt 0.956075 0.586500
vt 0.956075 0.586507
vt 0.949753 0.586508
vt 0.962376 0.541391
vt 0.956075 0.541384
vt 0.956075 0.631623
vt 0.949753 0.631624
vt 0.956075 0.045116
vt 0.949753 0.045117
vt 0.949753 0.000001
vt 0.962376 0.496276
vt 0.956075 0.496269
vt 0.706333 0.317734
vt 0.706608 0.322828
vt 0.684880 0.323021
vt 0.684604 0.317927
vt 0.555743 0.045162
vt 0.555744 0.090278
vt 0.535544 0.090232
vt 0.555744 0.135394
vt 0.535544 0.135349
vt 0.555744 0.180510
vt 0.535544 0.180465
vt 0.555744 0.225627
vt 0.535544 0.225581
vt 0.555744 0.270743
vt 0.535544 0.270697
vt 0.555744 0.315859
vt 0.535544 0.315813
vt 0.555744 0.360975
vt 0.535544 0.360930
vt 0.555744 0.406092
vt 0.535544 0.406046
vt 0.555744 0.451208
vt 0.535544 0.451162
vt 0.555744 0.496324
vt 0.535544 0.496278
vt 0.555744 0.541440
vt 0.535544 0.541394
vt 0.555744 0.586556
vt 0.535544 0.586511
vt 0.555744 0.631673
vt 0.535544 0.631627
vt 0.574782 0.000136
vt 0.574782 0.045252
vt 0.555743 0.000046
vt 0.593750 0.875000
vt 0.718750 0.627832
vt 0.693387 0.627832
vt 0.574782 0.135484
vt 0.574782 0.180601
vt 0.593750 0.937500
vt 0.593750 0.906250
vt 0.718750 0.562500
vt 0.718750 0.590918
vt 0.693387 0.590918
vt 0.693387 0.562500
vt 0.574782 0.270833
vt 0.574782 0.315949
vt 0.718750 0.534082
vt 0.693387 0.562500
vt 0.693387 0.534082
vt 0.687500 0.968750
vt 0.687500 0.937500
vt 0.574782 0.406182
vt 0.574782 0.451298
vt 0.187500 0.531250
vt 0.218750 0.531250
vt 0.187500 0.531250
vt 0.212863 0.562500
vt 0.212863 0.590918
vt 0.187500 0.590918
vt 0.187500 0.562500
vt 0.574782 0.541530
vt 0.574782 0.586647
vt 0.187500 0.625000
vt 0.218750 0.625000
vt 0.625000 0.531250
vt 0.656250 0.531250
vt 0.591929 0.000267
vt 0.591929 0.045383
vt 0.212863 0.656250
vt 0.212863 0.684668
vt 0.187500 0.684668
vt 0.187500 0.656250
vt 0.650363 0.562500
vt 0.650363 0.590918
vt 0.625000 0.590918
vt 0.625000 0.562500
vt 0.591929 0.135616
vt 0.591929 0.180732
vt 0.187500 0.718750
vt 0.218750 0.718750
vt 0.625000 0.625000
vt 0.656250 0.625000
vt 0.591929 0.270964
vt 0.591929 0.316081
vt 0.212863 0.750000
vt 0.212863 0.778418
vt 0.187500 0.778418
vt 0.187500 0.750000
vt 0.656250 0.906250
vt 0.656250 0.937500
vt 0.591929 0.406313
vt 0.591929 0.451429
vt 0.650363 0.656250
vt 0.650363 0.684668
vt 0.625000 0.684668
vt 0.625000 0.656250
vt 0.212863 0.815332
vt 0.212863 0.843750
vt 0.187500 0.843750
vt 0.187500 0.815332
vt 0.591929 0.541662
vt 0.591929 0.586778
vt 0.656250 0.843750
vt 0.656250 0.875000
vt 0.321509 0.937500
vt 0.321509 0.910583
vt 0.178043 0.000243
vt 0.178043 0.045359
vt 0.162328 0.045533
vt 0.162328 0.000418
vt 0.178043 0.090474
vt 0.162328 0.090648
vt 0.178043 0.135589
vt 0.162328 0.135764
vt 0.178043 0.180705
vt 0.162328 0.180879
vt 0.178043 0.225820
vt 0.162328 0.225994
vt 0.178043 0.270936
vt 0.162328 0.271110
vt 0.178043 0.316051
vt 0.162328 0.316225
vt 0.178043 0.361166
vt 0.162328 0.361340
vt 0.178043 0.406282
vt 0.162328 0.406456
vt 0.178043 0.451397
vt 0.162328 0.451571
vt 0.178043 0.496512
vt 0.162328 0.496687
vt 0.178043 0.541628
vt 0.162328 0.541802
vt 0.178043 0.586743
vt 0.162328 0.586917
vt 0.178043 0.631858
vt 0.162329 0.632033
vt 0.196048 0.000113
vt 0.196048 0.045228
vt 0.212863 0.872168
vt 0.187500 0.872168
vt 0.656250 0.812500
vt 0.196048 0.135459
vt 0.196048 0.180574
vt 0.437500 0.776917
vt 0.415259 0.776917
vt 0.218750 0.906250
vt 0.218750 0.937500
vt 0.196048 0.270805
vt 0.196048 0.315920
vt 0.928491 0.589417
vt 0.656250 0.781250
vt 0.625000 0.781250
vt 0.656250 0.781250
vt 0.196048 0.406151
vt 0.196048 0.451266
vt 0.650363 0.815332
vt 0.650363 0.843750
vt 0.625000 0.843750
vt 0.625000 0.815332
vt 0.321509 0.964417
vt 0.196048 0.541497
vt 0.196048 0.586612
vt 0.218750 0.875000
vt 0.187500 0.875000
vt 0.656250 0.750000
vt 0.215654 0.000030
vt 0.215654 0.045146
vt 0.650363 0.872168
vt 0.625000 0.872168
vt 0.218750 0.843750
vt 0.215654 0.135377
vt 0.215654 0.180492
vt 0.656250 0.687500
vt 0.625000 0.687500
vt 0.650363 0.909082
vt 0.650363 0.937500
vt 0.625000 0.937500
vt 0.625000 0.909082
vt 0.215654 0.270723
vt 0.215654 0.315838
vt 0.218750 0.781250
vt 0.187500 0.781250
vt 0.656250 0.656250
vt 0.215654 0.406069
vt 0.215654 0.451184
vt 0.650363 0.937500
vt 0.650363 0.965918
vt 0.625000 0.965918
vt 0.218750 0.750000
vt 0.215654 0.541415
vt 0.215654 0.586530
vt 0.656250 0.593750
vt 0.625000 0.593750
vt 0.656250 0.968750
vt 0.965938 0.138754
vt 0.965938 0.118719
vt 0.971806 0.118719
vt 0.236106 0.045115
vt 0.236106 0.090231
vt 0.215654 0.090261
vt 0.236106 0.135346
vt 0.236106 0.180461
vt 0.236106 0.225577
vt 0.215654 0.225607
vt 0.236106 0.270692
vt 0.236106 0.315807
vt 0.236106 0.360923
vt 0.215654 0.360953
vt 0.236106 0.406038
vt 0.236106 0.451154
vt 0.236106 0.496269
vt 0.215654 0.496299
vt 0.236106 0.541384
vt 0.236106 0.586500
vt 0.236106 0.631615
vt 0.215654 0.631646
vt 0.256618 0.000022
vt 0.256618 0.045138
vt 0.236106 0.000000
vt 0.218750 0.687500
vt 0.187500 0.687500
vt 0.656250 0.562500
vt 0.256618 0.135368
vt 0.256618 0.180484
vt 0.687500 0.562500
vt 0.687500 0.531250
vt 0.218750 0.656250
vt 0.218750 0.656250
vt 0.256618 0.270715
vt 0.256618 0.315830
vt 0.625000 0.968750
vt 0.593750 0.968750
vt 0.687500 0.593750
vt 0.256618 0.406061
vt 0.256618 0.451176
vt 0.218750 0.593750
vt 0.187500 0.593750
vt 0.599637 0.965918
vt 0.599637 0.937500
vt 0.256618 0.541407
vt 0.256618 0.586522
vt 0.687500 0.656250
vt 0.687500 0.625000
vt 0.687500 0.656250
vt 0.218750 0.562500
vt 0.276402 0.000097
vt 0.276402 0.045212
vt 0.625000 0.909082
vt 0.599637 0.937500
vt 0.599637 0.909082
vt 0.687500 0.687500
vt 0.276402 0.135443
vt 0.276402 0.180558
vt 0.187500 0.968750
vt 0.156250 0.968750
vt 0.625000 0.872168
vt 0.599637 0.872168
vt 0.599637 0.843750
vt 0.276402 0.270789
vt 0.276402 0.315904
vt 0.687500 0.750000
vt 0.687500 0.718750
vt 0.687500 0.750000
vt 0.415259 0.723083
vt 0.276402 0.406135
vt 0.276402 0.451250
vt 0.599637 0.815332
vt 0.687500 0.781250
vt 0.687500 0.781250
vt 0.276402 0.541481
vt 0.276402 0.586597
vt 0.977759 0.843750
vt 0.977759 0.816833
vt 0.365991 0.910583
vt 0.365991 0.937500
vt 0.294698 0.000221
vt 0.294698 0.045336
vt 0.294698 0.090451
vt 0.276402 0.090328
vt 0.294698 0.135567
vt 0.294698 0.180682
vt 0.294698 0.225797
vt 0.276402 0.225674
vt 0.294698 0.270913
vt 0.294698 0.316028
vt 0.294698 0.361143
vt 0.276402 0.361020
vt 0.294698 0.406259
vt 0.294698 0.451374
vt 0.294698 0.496489
vt 0.276402 0.496366
vt 0.294698 0.541605
vt 0.294698 0.586720
vt 0.294698 0.631836
vt 0.276402 0.631712
vt 0.310802 0.000389
vt 0.310802 0.045504
vt 0.687500 0.843750
vt 0.687500 0.812500
vt 0.162137 0.872168
vt 0.162137 0.843750
vt 0.310802 0.135735
vt 0.310802 0.180850
vt 0.365991 0.964417
vt 0.343750 0.964417
vt 0.687500 0.875000
vt 0.310802 0.271081
vt 0.310802 0.316196
vt 0.162137 0.843750
vt 0.162137 0.815332
vt 0.599637 0.684668
vt 0.599637 0.656250
vt 0.310802 0.406427
vt 0.310802 0.451542
vt 0.687500 0.906250
vt 0.162137 0.778418
vt 0.162137 0.750000
vt 0.310802 0.541773
vt 0.310802 0.586888
vt 0.625000 0.627832
vt 0.599637 0.627832
vt 0.187500 0.721582
vt 0.162137 0.721582
vt 0.147719 0.777688
vt 0.147719 0.732573
vt 0.162328 0.732372
vt 0.162328 0.777487
vt 0.625000 0.590918
vt 0.599637 0.590918
vt 0.599637 0.562500
vt 0.162137 0.684668
vt 0.162137 0.656250
vt 0.147719 0.642343
vt 0.147719 0.597228
vt 0.162328 0.597027
vt 0.162328 0.642142
vt 0.625000 0.534082
vt 0.599637 0.562500
vt 0.599637 0.534082
vt 0.187500 0.627832
vt 0.162137 0.656250
vt 0.162137 0.627832
vt 0.147719 0.506998
vt 0.147719 0.461884
vt 0.162328 0.461682
vt 0.162328 0.506797
vt 0.187500 0.590918
vt 0.162137 0.590918
vt 0.162137 0.562500
vt 0.187500 0.534082
vt 0.162137 0.534082
vt 0.147719 0.371654
vt 0.147719 0.326539
vt 0.162328 0.326338
vt 0.162328 0.371453
vt 0.218750 0.968750
vt 0.312500 0.562500
vt 0.312500 0.531250
vt 0.147719 0.236309
vt 0.147719 0.191194
vt 0.162328 0.190993
vt 0.162328 0.236108
vt 0.312500 0.593750
vt 0.025363 0.937500
vt 0.025363 0.965918
vt 0.000000 0.965918
vt 0.000000 0.937500
vt 0.130561 0.777846
vt 0.130561 0.732731
vt 0.130561 0.687616
vt 0.147719 0.687458
vt 0.130561 0.642501
vt 0.130561 0.597386
vt 0.130561 0.552271
vt 0.147719 0.552113
vt 0.130561 0.507156
vt 0.130561 0.462041
vt 0.130561 0.416927
vt 0.147719 0.416769
vt 0.130561 0.371812
vt 0.130561 0.326697
vt 0.130561 0.281582
vt 0.147719 0.281424
vt 0.130561 0.236467
vt 0.130561 0.191352
vt 0.130561 0.146237
vt 0.147719 0.146079
vt 0.111515 0.777954
vt 0.111515 0.732839
vt 0.744113 0.534082
vt 0.744113 0.562500
vt 0.312500 0.656250
vt 0.312500 0.625000
vt 0.111515 0.642609
vt 0.111515 0.597494
vt 0.744113 0.562500
vt 0.744113 0.590918
vt 0.031250 0.968750
vt 0.000000 0.968750
vt 0.111515 0.507265
vt 0.111515 0.462150
vt 0.312500 0.687500
vt 1.000000 0.870667
vt 0.977759 0.870667
vt 0.111515 0.371920
vt 0.111515 0.326805
vt 0.744113 0.627832
vt 0.744113 0.656250
vt 0.312500 0.750000
vt 0.312500 0.718750
vt 0.111515 0.236575
vt 0.111515 0.191460
vt 0.562500 0.937500
vt 0.744113 0.656250
vt 0.744113 0.684668
vt 0.091312 0.778009
vt 0.091312 0.732894
vt 0.031250 0.875000
vt 0.000000 0.875000
vt 0.312500 0.781250
vt 0.091312 0.642664
vt 0.091312 0.597549
vt 0.562500 0.875000
vt 0.531250 0.875000
vt 0.025363 0.750000
vt 0.025363 0.778418
vt 0.000000 0.778418
vt 0.000000 0.750000
vt 0.091312 0.507319
vt 0.091312 0.462204
vt 0.744113 0.721582
vt 0.744113 0.750000
vt 0.312500 0.843750
vt 0.312500 0.812500
vt 0.091312 0.371975
vt 0.091312 0.326860
vt 0.562500 0.843750
vt 0.744113 0.750000
vt 0.744113 0.778418
vt 0.091312 0.236630
vt 0.091312 0.191515
vt 0.125000 0.937500
vt 0.031250 0.781250
vt 0.000000 0.781250
vt 0.983541 0.158790
vt 0.983541 0.138754
vt 0.070729 0.732893
vt 0.070729 0.687778
vt 0.091312 0.687779
vt 0.070729 0.642663
vt 0.070729 0.597548
vt 0.070729 0.552433
vt 0.091312 0.552434
vt 0.070729 0.507318
vt 0.070729 0.462203
vt 0.070729 0.417088
vt 0.091312 0.417090
vt 0.070729 0.371974
vt 0.070729 0.326859
vt 0.070729 0.281744
vt 0.091312 0.281745
vt 0.070729 0.236629
vt 0.070729 0.191514
vt 0.070729 0.146399
vt 0.091312 0.146400
vt 0.050557 0.777951
vt 0.050557 0.732836
vt 0.070729 0.778008
vt 0.312500 0.875000
vt 0.562500 0.781250
vt 0.531250 0.781250
vt 0.050557 0.642606
vt 0.050557 0.597491
vt 0.025363 0.656250
vt 0.025363 0.684668
vt 0.000000 0.684668
vt 0.000000 0.656250
vt 0.744113 0.815332
vt 0.744113 0.843750
vt 0.050557 0.507261
vt 0.050557 0.462147
vt 0.312500 0.906250
vt 0.125000 0.875000
vt 0.093750 0.875000
vt 0.050557 0.371917
vt 0.050557 0.326802
vt 0.562500 0.750000
vt 0.744113 0.843750
vt 0.744113 0.872168
vt 0.718750 0.872168
vt 0.050557 0.236572
vt 0.050557 0.191457
vt 0.125000 0.843750
vt 0.031250 0.687500
vt 0.000000 0.687500
vt 0.031570 0.777840
vt 0.031570 0.732726
vt 0.562500 0.687500
vt 0.531250 0.687500
vt 0.025363 0.562500
vt 0.025363 0.590918
vt 0.000000 0.590918
vt 0.000000 0.562500
vt 0.031570 0.642496
vt 0.031570 0.597381
vt 0.125000 0.781250
vt 0.093750 0.781250
vt 0.031570 0.507151
vt 0.031570 0.462036
vt 0.562500 0.656250
vt 0.031570 0.371806
vt 0.031570 0.326692
vt 0.125000 0.750000
vt 0.031250 0.593750
vt 0.000000 0.593750
vt 0.031570 0.236462
vt 0.031570 0.191347
vt 0.562500 0.562500
vt 0.562500 0.593750
vt 0.750000 0.968750
vt 0.014499 0.777681
vt 0.014499 0.732566
vt 0.014499 0.687451
vt 0.031570 0.687611
vt 0.014499 0.642336
vt 0.014499 0.597221
vt 0.014499 0.552106
vt 0.031570 0.552266
vt 0.014499 0.506992
vt 0.014499 0.461877
vt 0.014499 0.416762
vt 0.031570 0.416921
vt 0.014499 0.371647
vt 0.014499 0.326532
vt 0.014499 0.281417
vt 0.031570 0.281577
vt 0.014499 0.236302
vt 0.014499 0.191187
vt 0.014499 0.146072
vt 0.031570 0.146232
vt 0.000000 0.777478
vt 0.000000 0.732363
vt 0.125000 0.656250
vt 0.125000 0.687500
vt 0.562500 0.531250
vt 0.000000 0.642133
vt 0.000000 0.597018
vt 0.781250 0.562500
vt 0.781250 0.531250
vt 0.125000 0.625000
vt 0.000000 0.506789
vt 0.000000 0.461674
vt 0.500000 0.968750
vt 0.500000 0.968750
vt 0.531250 0.968750
vt 0.781250 0.593750
vt 0.000000 0.371444
vt 0.000000 0.326329
vt 0.125000 0.562500
vt 0.125000 0.593750
vt 0.505887 0.965918
vt 0.505887 0.937500
vt 0.000000 0.236099
vt 0.000000 0.190984
vt 0.781250 0.656250
vt 0.781250 0.625000
vt 0.781250 0.656250
vt 0.125000 0.531250
vt 0.327807 0.000150
vt 0.327807 0.045266
vt 0.310802 0.045406
vt 0.310802 0.000290
vt 0.531250 0.909082
vt 0.505887 0.909082
vt 0.781250 0.687500
vt 0.327807 0.135498
vt 0.327807 0.180614
vt 0.310802 0.180753
vt 0.310802 0.135638
vt 0.062500 0.968750
vt 0.505887 0.872168
vt 0.505887 0.843750
vt 0.327807 0.270846
vt 0.327807 0.315962
vt 0.310802 0.316101
vt 0.310802 0.270985
vt 0.781250 0.750000
vt 0.781250 0.718750
vt 0.068387 0.965918
vt 0.068387 0.937500
vt 0.327807 0.406193
vt 0.327807 0.451309
vt 0.310802 0.451449
vt 0.310802 0.406333
vt 0.531250 0.815332
vt 0.505887 0.815332
vt 0.781250 0.781250
vt 0.327807 0.541541
vt 0.327807 0.586657
vt 0.310802 0.586797
vt 0.310802 0.541681
vt 0.093750 0.909082
vt 0.068387 0.937500
vt 0.068387 0.909082
vt 0.505887 0.778418
vt 0.505887 0.750000
vt 0.346747 0.000053
vt 0.346747 0.045169
vt 0.346747 0.090285
vt 0.327807 0.090382
vt 0.346747 0.135401
vt 0.346747 0.180517
vt 0.346747 0.225633
vt 0.327807 0.225730
vt 0.346747 0.270749
vt 0.346747 0.315865
vt 0.346747 0.360980
vt 0.327807 0.361077
vt 0.346747 0.406096
vt 0.346747 0.451212
vt 0.346747 0.496328
vt 0.327807 0.496425
vt 0.346747 0.541444
vt 0.346747 0.586560
vt 0.346747 0.631676
vt 0.327807 0.631773
vt 0.781250 0.843750
vt 0.781250 0.812500
vt 0.068387 0.872168
vt 0.068387 0.843750
vt 0.369113 0.534082
vt 0.369113 0.562500
vt 0.531250 0.721582
vt 0.505887 0.721582
vt 0.781250 0.875000
vt 0.369113 0.590918
vt 0.343750 0.590918
vt 0.093750 0.815332
vt 0.068387 0.815332
vt 0.505887 0.684668
vt 0.505887 0.656250
vt 0.781250 0.937500
vt 0.781250 0.906250
vt 0.343750 0.910583
vt 0.968750 0.531250
vt 1.000000 0.531250
vt 0.000000 0.625000
vt 0.031250 0.625000
vt 0.968750 0.625000
vt 1.000000 0.625000
vt 0.000000 0.718750
vt 0.031250 0.718750
vt 0.968750 0.718750
vt 1.000000 0.718750
vt 0.968750 0.718750
vt 0.000000 0.812500
vt 0.031250 0.812500
vt 0.968750 0.812500
vt 1.000000 0.812500
vt 0.000000 0.906250
vt 0.031250 0.906250
vt 0.968750 0.906250
vt 1.000000 0.906250
vt 0.968750 0.968750
vt 0.968750 0.937500
vt 0.062500 0.937500
vt 0.062500 0.531250
vt 0.093750 0.531250
vt 0.093750 0.593750
vt 0.062500 0.593750
vt 0.093750 0.593750
vt 0.062500 0.625000
vt 0.093750 0.625000
vt 0.093750 0.687500
vt 0.062500 0.687500
vt 0.062500 0.718750
vt 0.093750 0.718750
vt 0.062500 0.781250
vt 0.062500 0.812500
vt 0.062500 0.875000
vt 0.062500 0.906250
vt 0.093750 0.531250
vt 0.125000 0.593750
vt 0.125000 0.718750
vt 0.119113 0.815332
vt 0.119113 0.909082
vt 0.119113 0.937500
vt 0.093750 0.909082
vt 0.187500 0.812500
vt 0.187500 0.906250
vt 0.156250 0.906250
vt 0.212863 0.534082
vt 0.212863 0.627832
vt 0.212863 0.656250
vt 0.187500 0.627832
vt 0.212863 0.721582
vt 0.212863 0.750000
vt 0.218750 0.812500
vt 0.343750 0.531250
vt 0.343750 0.593750
vt 0.343750 0.625000
vt 0.343750 0.687500
vt 0.343750 0.718750
vt 0.343750 0.781250
vt 0.343750 0.812500
vt 0.343750 0.875000
vt 0.343750 0.906250
vt 0.343750 0.968750
vt 0.375000 0.531250
vt 0.375000 0.562500
vt 0.375000 0.531250
vt 0.375000 0.625000
vt 0.375000 0.687500
vt 0.375000 0.718750
vt 0.375000 0.781250
vt 0.375000 0.812500
vt 0.375000 0.875000
vt 0.375000 0.906250
vt 0.375000 0.968750
vt 0.406250 0.531250
vt 0.437500 0.531250
vt 0.437500 0.593750
vt 0.406250 0.593750
vt 0.406250 0.625000
vt 0.437500 0.625000
vt 0.437500 0.687500
vt 0.406250 0.687500
vt 0.406250 0.718750
vt 0.437500 0.718750
vt 0.437500 0.781250
vt 0.406250 0.781250
vt 0.406250 0.812500
vt 0.437500 0.812500
vt 0.437500 0.875000
vt 0.406250 0.875000
vt 0.437500 0.875000
vt 0.406250 0.906250
vt 0.437500 0.906250
vt 0.437500 0.968750
vt 0.406250 0.968750
vt 0.437500 0.968750
vt 0.468750 0.531250
vt 0.468750 0.593750
vt 0.468750 0.625000
vt 0.437500 0.625000
vt 0.468750 0.687500
vt 0.468750 0.718750
vt 0.468750 0.781250
vt 0.468750 0.812500
vt 0.437500 0.812500
vt 0.468750 0.875000
vt 0.468750 0.906250
vt 0.437500 0.906250
vt 0.468750 0.968750
vt 0.500000 0.937500
vt 0.500000 0.937500
vt 0.500000 0.531250
vt 0.531250 0.531250
vt 0.531250 0.593750
vt 0.500000 0.593750
vt 0.500000 0.625000
vt 0.500000 0.687500
vt 0.500000 0.687500
vt 0.500000 0.718750
vt 0.500000 0.781250
vt 0.500000 0.781250
vt 0.500000 0.812500
vt 0.500000 0.875000
vt 0.500000 0.875000
vt 0.500000 0.906250
vt 0.500000 0.906250
vt 0.562500 0.593750
vt 0.556613 0.627832
vt 0.556613 0.656250
vt 0.531250 0.627832
vt 0.556613 0.721582
vt 0.556613 0.815332
vt 0.556613 0.843750
vt 0.562500 0.906250
vt 0.556613 0.909082
vt 0.556613 0.937500
vt 0.625000 0.718750
vt 0.625000 0.812500
vt 0.625000 0.875000
vt 0.625000 0.906250
vt 0.650363 0.534082
vt 0.656250 0.625000
vt 0.650363 0.627832
vt 0.650363 0.656250
vt 0.656250 0.718750
vt 0.656250 0.718750
vt 0.718750 0.531250
vt 0.718750 0.593750
vt 0.718750 0.625000
vt 0.718750 0.687500
vt 0.718750 0.718750
vt 0.718750 0.781250
vt 0.718750 0.781250
vt 0.718750 0.812500
vt 0.718750 0.875000
vt 0.718750 0.875000
vt 0.718750 0.906250
vt 0.718750 0.968750
vt 0.750000 0.593750
vt 0.750000 0.687500
vt 0.718750 0.718750
vt 0.718750 0.906250
vt 0.812500 0.531250
vt 0.781250 0.531250
vt 0.812500 0.593750
vt 0.812500 0.625000
vt 0.812500 0.687500
vt 0.812500 0.718750
vt 0.781250 0.718750
vt 0.812500 0.781250
vt 0.812500 0.781250
vt 0.812500 0.812500
vt 0.812500 0.875000
vt 0.812500 0.875000
vt 0.812500 0.906250
vt 0.812500 0.968750
vt 0.781250 0.968750
vt 0.843750 0.531250
vt 0.843750 0.593750
vt 0.843750 0.625000
vt 0.812500 0.625000
vt 0.843750 0.687500
vt 0.843750 0.718750
vt 0.843750 0.781250
vt 0.843750 0.781250
vt 0.843750 0.812500
vt 0.812500 0.812500
vt 0.843750 0.875000
vt 0.843750 0.906250
vt 0.843750 0.968750
vt 0.875000 0.531250
vt 0.906250 0.531250
vt 0.906250 0.593750
vt 0.875000 0.593750
vt 0.906250 0.593750
vt 0.875000 0.625000
vt 0.906250 0.625000
vt 0.906250 0.687500
vt 0.875000 0.687500
vt 0.875000 0.718750
vt 0.906250 0.718750
vt 0.906250 0.781250
vt 0.875000 0.781250
vt 0.906250 0.781250
vt 0.875000 0.812500
vt 0.906250 0.812500
vt 0.906250 0.875000
vt 0.875000 0.875000
vt 0.875000 0.906250
vt 0.906250 0.906250
vt 0.906250 0.968750
vt 0.875000 0.968750
vt 0.937500 0.531250
vt 0.906250 0.531250
vt 0.937500 0.593750
vt 0.937500 0.625000
vt 0.937500 0.687500
vt 0.937500 0.718750
vt 0.906250 0.718750
vt 0.937500 0.781250
vt 0.937500 0.812500
vt 0.937500 0.875000
vt 0.937500 0.906250
vt 0.906250 0.906250
vt 0.937500 0.968750
vt 0.025363 0.534082
vt 0.025363 0.562500
vt 0.000000 0.534082
vt 1.000000 0.593750
vt 0.968750 0.593750
vt 1.000000 0.593750
vt 0.025363 0.627832
vt 0.000000 0.627832
vt 1.000000 0.687500
vt 0.968750 0.687500
vt 0.025363 0.721582
vt 0.000000 0.721582
vt 1.000000 0.781250
vt 0.968750 0.781250
vt 1.000000 0.816833
vt 1.000000 0.875000
vt 0.968750 0.875000
vt 0.025363 0.909082
vt 0.025363 0.937500
vt 0.000000 0.909082
vt 1.000000 0.968750
vt 0.415259 0.750000
vt 0.968750 0.937500
vt 0.343750 0.627832
vt 0.343750 0.656250
vt 0.318387 0.656250
vt 0.318387 0.627832
vt 0.968750 0.843750
vt 0.968750 0.875000
vt 0.343750 0.684668
vt 0.318387 0.684668
vt 0.318387 0.656250
vt 0.119113 0.656250
vt 0.119113 0.684668
vt 0.093750 0.684668
vt 0.093750 0.656250
vt 0.906250 0.589417
vt 0.119113 0.627832
vt 0.119113 0.656250
vt 0.093750 0.627832
vt 0.968750 0.843750
vt 0.343750 0.721582
vt 0.343750 0.750000
vt 0.318387 0.750000
vt 0.318387 0.721582
vt 0.968750 0.750000
vt 0.343750 0.778418
vt 0.318387 0.778418
vt 0.318387 0.750000
vt 0.119113 0.562500
vt 0.119113 0.590918
vt 0.093750 0.590918
vt 0.093750 0.562500
vt 0.119113 0.534082
vt 0.093750 0.534082
vt 0.343750 0.815332
vt 0.343750 0.843750
vt 0.318387 0.843750
vt 0.318387 0.815332
vt 0.968750 0.656250
vt 0.968750 0.687500
vt 0.343750 0.872168
vt 0.318387 0.872168
vt 0.968750 0.562500
vt 0.375000 0.593750
vt 0.375000 0.562500
vt 0.937500 0.937500
vt 0.931613 0.937500
vt 0.931613 0.965918
vt 0.906250 0.965918
vt 0.906250 0.937500
vt 0.375000 0.656250
vt 0.931613 0.909082
vt 0.906250 0.909082
vt 0.812500 0.534082
vt 0.812500 0.562500
vt 0.787137 0.562500
vt 0.787137 0.534082
vt 0.375000 0.656250
vt 0.812500 0.590918
vt 0.787137 0.590918
vt 0.787137 0.562500
vt 0.931613 0.843750
vt 0.931613 0.872168
vt 0.906250 0.872168
vt 0.906250 0.843750
vt 0.375000 0.750000
vt 0.500000 0.906250
vt 0.931613 0.815332
vt 0.931613 0.843750
vt 0.906250 0.815332
vt 0.812500 0.627832
vt 0.812500 0.656250
vt 0.787137 0.656250
vt 0.787137 0.627832
vt 0.500000 0.843750
vt 0.500000 0.843750
vt 0.812500 0.684668
vt 0.787137 0.684668
vt 0.787137 0.656250
vt 0.931613 0.750000
vt 0.931613 0.778418
vt 0.906250 0.778418
vt 0.906250 0.750000
vt 0.375000 0.843750
vt 0.500000 0.812500
vt 0.931613 0.721582
vt 0.906250 0.721582
vt 0.906250 0.535583
vt 0.062500 0.937500
vt 0.500000 0.750000
vt 0.500000 0.750000
vt 0.459741 0.750000
vt 0.062500 0.843750
vt 0.931613 0.656250
vt 0.931613 0.684668
vt 0.906250 0.684668
vt 0.906250 0.656250
vt 0.375000 0.937500
vt 0.375000 0.906250
vt 0.500000 0.718750
vt 0.931613 0.627832
vt 0.906250 0.627832
vt 0.812500 0.815332
vt 0.812500 0.843750
vt 0.787137 0.843750
vt 0.787137 0.815332
vt 0.500000 0.656250
vt 0.500000 0.656250
vt 0.812500 0.872168
vt 0.787137 0.872168
vt 0.787137 0.843750
vt 0.062500 0.750000
vt 0.187500 0.964417
vt 0.500000 0.625000
vt 0.884009 0.589417
vt 0.812500 0.909082
vt 0.812500 0.937500
vt 0.787137 0.937500
vt 0.787137 0.909082
vt 0.500000 0.562500
vt 0.812500 0.965918
vt 0.787137 0.965918
vt 0.787137 0.937500
vt 0.062500 0.656250
vt 0.500000 0.531250
vt 0.843750 0.562500
vt 0.843750 0.531250
vt 0.468750 0.937500
vt 0.468750 0.937500
vt 0.843750 0.562500
vt 0.062500 0.562500
vt 0.462863 0.937500
vt 0.462863 0.965918
vt 0.437500 0.965918
vt 0.437500 0.937500
vt 0.843750 0.656250
vt 0.462863 0.909082
vt 0.437500 0.909082
vt 0.843750 0.656250
vt 0.031250 0.937500
vt 0.462863 0.843750
vt 0.462863 0.872168
vt 0.437500 0.872168
vt 0.437500 0.843750
vt 0.843750 0.750000
vt 0.462863 0.815332
vt 0.437500 0.815332
vt 0.031250 0.843750
vt 0.459741 0.776917
vt 0.843750 0.843750
vt 0.406250 0.937500
vt 0.187500 0.910583
vt 0.209741 0.910583
vt 0.031250 0.750000
vt 0.437500 0.534082
vt 0.437500 0.562500
vt 0.412137 0.562500
vt 0.412137 0.534082
vt 0.462863 0.656250
vt 0.462863 0.684668
vt 0.437500 0.684668
vt 0.437500 0.656250
vt 0.843750 0.937500
vt 0.843750 0.906250
vt 0.437500 0.590918
vt 0.412137 0.590918
vt 0.462863 0.627832
vt 0.437500 0.627832
vt 0.031250 0.656250
vt 0.875000 0.937500
vt 0.875000 0.937500
vt 0.437500 0.627832
vt 0.412137 0.656250
vt 0.412137 0.627832
vt 0.462863 0.562500
vt 0.462863 0.590918
vt 0.875000 0.843750
vt 0.412137 0.684668
vt 0.462863 0.534082
vt 0.462863 0.562500
vt 0.031250 0.562500
vt 0.884009 0.535583
vt 0.875000 0.750000
vt 0.509009 0.562500
vt 0.509009 0.535583
vt 0.031250 0.531250
vt 0.843750 1.000000
vt 0.875000 1.000000
vt 0.843750 1.000000
vt 0.875000 0.750000
vt 0.412137 0.843750
vt 0.412137 0.815332
vt 1.000000 0.534082
vt 1.000000 0.562500
vt 0.974637 0.562500
vt 0.974637 0.534082
vt 0.875000 0.656250
vt 0.412137 0.872168
vt 1.000000 0.590918
vt 0.974637 0.590918
vt 0.412137 0.937500
vt 0.412137 0.909082
vt 1.000000 0.627832
vt 1.000000 0.656250
vt 0.974637 0.656250
vt 0.974637 0.627832
vt 0.875000 0.562500
vt 0.875000 0.593750
vt 0.412137 0.965918
vt 0.412137 0.937500
vt 1.000000 0.684668
vt 0.974637 0.684668
vt 0.468750 0.562500
vt 0.468750 0.531250
vt 1.000000 0.721582
vt 1.000000 0.750000
vt 0.974637 0.750000
vt 0.974637 0.721582
vt 0.468750 0.562500
vt 1.000000 0.778418
vt 0.974637 0.778418
vt 0.837863 0.937500
vt 0.837863 0.965918
vt 0.468750 0.656250
vt 0.468750 0.625000
vt 0.165259 0.964417
vt 0.837863 0.909082
vt 0.837863 0.937500
vt 0.834741 0.776917
vt 0.812500 0.776917
vt 0.468750 0.656250
vt 0.509009 0.589417
vt 0.165259 0.910583
vt 0.837863 0.843750
vt 0.837863 0.872168
vt 0.812500 0.872168
vt 0.468750 0.750000
vt 1.000000 0.909082
vt 1.000000 0.937500
vt 0.974637 0.937500
vt 0.974637 0.909082
vt 0.406250 0.937500
vt 0.837863 0.815332
vt 0.837863 0.843750
vt 0.906250 0.627832
vt 0.880887 0.656250
vt 0.880887 0.627832
vt 0.406250 0.843750
vt 0.880887 0.684668
vt 1.000000 0.965918
vt 0.974637 0.965918
vt 0.812500 0.723084
vt 0.834741 0.723083
vt 0.468750 0.843750
vt 0.553491 0.535583
vt 0.553491 0.562500
vt 0.880887 0.750000
vt 0.880887 0.721582
vt 0.406250 0.750000
vt 0.880887 0.778418
vt 0.880887 0.750000
vt 0.837863 0.656250
vt 0.837863 0.684668
vt 0.468750 0.906250
vt 0.837863 0.627832
vt 0.837863 0.656250
vt 0.880887 0.843750
vt 0.880887 0.815332
vt 0.406250 0.656250
vt 0.906250 0.872168
vt 0.880887 0.872168
vt 0.837863 0.562500
vt 0.837863 0.590918
vt 0.812500 0.590918
vt 0.406250 0.656250
vt 0.837863 0.534082
vt 0.837863 0.562500
vt 0.906250 0.909082
vt 0.880887 0.937500
vt 0.880887 0.909082
vt 0.406250 0.562500
vt 0.406250 0.593750
vt 0.880887 0.965918
vt 0.880887 0.937500
vt 0.937500 0.562500
vt 0.375000 0.937500
vt 0.115991 0.776917
vt 0.093750 0.776917
vt 0.937500 0.656250
vt 0.937500 0.625000
vt 0.790259 0.776917
vt 0.068387 0.562500
vt 0.068387 0.534082
vt 0.369113 0.843750
vt 0.369113 0.872168
vt 0.937500 0.750000
vt 0.369113 0.815332
vt 0.369113 0.843750
vt 0.068387 0.590918
vt 0.068387 0.562500
vt 0.093750 0.627832
vt 0.068387 0.656250
vt 0.068387 0.627832
vt 0.369113 0.750000
vt 0.369113 0.778418
vt 0.937500 0.843750
vt 0.553491 0.589417
vt 0.369113 0.721582
vt 0.068387 0.684668
vt 0.093750 0.723084
vt 0.115991 0.723084
vt 0.790259 0.723084
vt 0.369113 0.656250
vt 0.369113 0.684668
vt 0.505887 0.627832
vt 0.369113 0.627832
vt 0.369113 0.656250
vt 0.969614 0.968335
vt 0.969614 0.906665
vt 0.969614 0.874585
vt 0.974637 0.843750
vt 0.974637 0.872168
vt 0.969614 0.812915
vt 0.974637 0.815332
vt 0.969614 0.780835
vt 0.969614 0.719165
vt 0.969614 0.687085
vt 0.969614 0.625415
vt 0.969614 0.593335
vt 0.969614 0.531665
vt 0.936636 0.968335
vt 0.936636 0.906665
vt 0.936636 0.874585
vt 0.936636 0.812915
vt 0.936636 0.780835
vt 0.936636 0.719165
vt 0.936636 0.687085
vt 0.936636 0.625415
vt 0.931613 0.590918
vt 0.931613 0.562500
vt 0.936636 0.593335
vt 0.931613 0.562500
vt 0.931613 0.534082
vt 0.936636 0.531665
vt 0.875864 0.968335
vt 0.875864 0.906665
vt 0.875864 0.874585
vt 0.875864 0.812915
vt 0.875864 0.780835
vt 0.875864 0.719165
vt 0.875864 0.687085
vt 0.875864 0.625415
vt 0.875864 0.593335
vt 0.880887 0.562500
vt 0.880887 0.590918
vt 0.875864 0.531665
vt 0.880887 0.534082
vt 0.842886 0.968335
vt 0.842886 0.906665
vt 0.842886 0.874585
vt 0.842886 0.812915
vt 0.837863 0.778418
vt 0.837863 0.750000
vt 0.842886 0.780835
vt 0.837863 0.750000
vt 0.837863 0.721582
vt 0.842886 0.719165
vt 0.842886 0.687085
vt 0.842886 0.625415
vt 0.842886 0.593335
vt 0.842886 0.531665
vt 0.782114 0.968335
vt 0.782114 0.906665
vt 0.782114 0.874585
vt 0.782114 0.812915
vt 0.782114 0.780835
vt 0.787137 0.750000
vt 0.787137 0.778418
vt 0.782114 0.719165
vt 0.787137 0.721582
vt 0.782114 0.687085
vt 0.782114 0.625415
vt 0.782114 0.593335
vt 0.782114 0.531665
vt 0.744113 0.965918
vt 0.744113 0.937500
vt 0.749136 0.968335
vt 0.744113 0.937500
vt 0.744113 0.909082
vt 0.749136 0.906665
vt 0.749136 0.874585
vt 0.749136 0.812915
vt 0.749136 0.780835
vt 0.749136 0.719165
vt 0.749136 0.687085
vt 0.749136 0.625415
vt 0.749136 0.593335
vt 0.749136 0.531665
vt 0.688364 0.968335
vt 0.693387 0.937500
vt 0.693387 0.965918
vt 0.688364 0.906665
vt 0.693387 0.909082
vt 0.693387 0.937500
vt 0.688364 0.874585
vt 0.688364 0.812915
vt 0.688364 0.780835
vt 0.688364 0.719165
vt 0.688364 0.687085
vt 0.688364 0.625415
vt 0.688364 0.593335
vt 0.688364 0.531665
vt 0.655386 0.968335
vt 0.655386 0.906665
vt 0.655386 0.874585
vt 0.655386 0.812915
vt 0.650363 0.778418
vt 0.650363 0.750000
vt 0.655386 0.780835
vt 0.650363 0.721582
vt 0.655386 0.719165
vt 0.655386 0.687085
vt 0.655386 0.625415
vt 0.655386 0.593335
vt 0.655386 0.531665
vt 0.594614 0.968335
vt 0.594614 0.906665
vt 0.594614 0.874585
vt 0.594614 0.812915
vt 0.594614 0.780835
vt 0.599637 0.750000
vt 0.599637 0.778418
vt 0.594614 0.719165
vt 0.599637 0.721582
vt 0.594614 0.687085
vt 0.594614 0.625415
vt 0.594614 0.593335
vt 0.594614 0.531665
vt 0.561636 0.968335
vt 0.561636 0.906665
vt 0.561636 0.874585
vt 0.561636 0.812915
vt 0.561636 0.780835
vt 0.561636 0.719165
vt 0.561636 0.687085
vt 0.561636 0.625415
vt 0.556613 0.590918
vt 0.556613 0.562500
vt 0.561636 0.593335
vt 0.556613 0.534082
vt 0.561636 0.531665
vt 0.500864 0.968335
vt 0.500864 0.906665
vt 0.500864 0.874585
vt 0.500864 0.812915
vt 0.500864 0.780835
vt 0.500864 0.719165
vt 0.500864 0.687085
vt 0.500864 0.625415
vt 0.500864 0.593335
vt 0.505887 0.562500
vt 0.505887 0.590918
vt 0.500864 0.531665
vt 0.505887 0.534082
vt 0.467886 0.968335
vt 0.467886 0.906665
vt 0.467886 0.874585
vt 0.467886 0.812915
vt 0.462863 0.778418
vt 0.462863 0.750000
vt 0.467886 0.780835
vt 0.462863 0.721582
vt 0.467886 0.719165
vt 0.467886 0.687085
vt 0.467886 0.625415
vt 0.467886 0.593335
vt 0.467886 0.531665
vt 0.407114 0.968335
vt 0.407114 0.906665
vt 0.407114 0.874585
vt 0.407114 0.812915
vt 0.407114 0.780835
vt 0.412137 0.750000
vt 0.412137 0.778418
vt 0.407114 0.719165
vt 0.412137 0.721582
vt 0.407114 0.687085
vt 0.407114 0.625415
vt 0.407114 0.593335
vt 0.407114 0.531665
vt 0.369113 0.965918
vt 0.369113 0.937500
vt 0.374136 0.968335
vt 0.369113 0.937500
vt 0.369113 0.909082
vt 0.374136 0.906665
vt 0.374136 0.874585
vt 0.374136 0.812915
vt 0.374136 0.780835
vt 0.374136 0.719165
vt 0.374136 0.687085
vt 0.374136 0.625415
vt 0.374136 0.593335
vt 0.374136 0.531665
vt 0.313364 0.968335
vt 0.318387 0.937500
vt 0.318387 0.965918
vt 0.313364 0.906665
vt 0.318387 0.909082
vt 0.318387 0.937500
vt 0.313364 0.874585
vt 0.313364 0.812915
vt 0.313364 0.780835
vt 0.313364 0.719165
vt 0.313364 0.687085
vt 0.313364 0.625415
vt 0.313364 0.593335
vt 0.313364 0.531665
vt 0.212863 0.965918
vt 0.212863 0.937500
vt 0.217886 0.968335
vt 0.212863 0.937500
vt 0.212863 0.909082
vt 0.217886 0.906665
vt 0.217886 0.874585
vt 0.217886 0.812915
vt 0.217886 0.780835
vt 0.217886 0.719165
vt 0.217886 0.687085
vt 0.217886 0.625415
vt 0.217886 0.593335
vt 0.217886 0.531665
vt 0.157114 0.968335
vt 0.162137 0.937500
vt 0.162137 0.965918
vt 0.157114 0.906665
vt 0.162137 0.909082
vt 0.162137 0.937500
vt 0.157114 0.874585
vt 0.157114 0.812915
vt 0.157114 0.780835
vt 0.157114 0.719165
vt 0.157114 0.687085
vt 0.157114 0.625415
vt 0.157114 0.593335
vt 0.157114 0.531665
vt 0.124136 0.968335
vt 0.124136 0.906665
vt 0.124136 0.874585
vt 0.124136 0.812915
vt 0.119113 0.778418
vt 0.119113 0.750000
vt 0.124136 0.780835
vt 0.119113 0.721582
vt 0.124136 0.719165
vt 0.124136 0.687085
vt 0.124136 0.625415
vt 0.124136 0.593335
vt 0.124136 0.531665
vt 0.063364 0.968335
vt 0.063364 0.906665
vt 0.063364 0.874585
vt 0.063364 0.812915
vt 0.063364 0.780835
vt 0.068387 0.750000
vt 0.068387 0.778418
vt 0.063364 0.719165
vt 0.068387 0.721582
vt 0.063364 0.687085
vt 0.063364 0.625415
vt 0.063364 0.593335
vt 0.063364 0.531665
vt 0.030386 0.968335
vt 0.030386 0.906665
vt 0.025363 0.872168
vt 0.025363 0.843750
vt 0.030386 0.874585
vt 0.025363 0.815332
vt 0.030386 0.812915
vt 0.030386 0.780835
vt 0.030386 0.719165
vt 0.030386 0.687085
vt 0.030386 0.625415
vt 0.030386 0.593335
vt 0.030386 0.531665
vt 0.000167 0.531250
vt 0.000000 0.531250
vt 0.000167 0.593750
vt 0.000167 0.625000
vt 0.000167 0.687500
vt 0.000167 0.718750
vt 0.000167 0.781250
vt 0.000000 0.815332
vt 0.000167 0.812500
vt 0.000167 0.875000
vt 0.000000 0.872168
vt 0.000167 0.906250
vt 0.000167 0.968750
vt 0.093750 0.531250
vt 0.093750 0.593750
vt 0.093750 0.625000
vt 0.093750 0.721582
vt 0.093750 0.718750
vt 0.093750 0.781250
vt 0.093750 0.778418
vt 0.093750 0.875000
vt 0.093750 0.906250
vt 0.187500 0.909082
vt 0.187500 0.965918
vt 0.343750 0.593750
vt 0.343750 0.909082
vt 0.343750 0.965918
vt 0.437500 0.721582
vt 0.437500 0.778418
vt 0.437500 0.812500
vt 0.437500 0.875000
vt 0.437500 0.906250
vt 0.437500 0.968750
vt 0.531250 0.534082
vt 0.531250 0.593750
vt 0.531250 0.590918
vt 0.531250 0.590918
vt 0.625000 0.721582
vt 0.625000 0.778418
vt 0.625000 0.875000
vt 0.625000 0.906250
vt 0.718750 0.625000
vt 0.718750 0.875000
vt 0.718750 0.909082
vt 0.718750 0.965918
vt 0.812500 0.593750
vt 0.812500 0.721582
vt 0.812500 0.778418
vt 0.812500 0.812500
vt 0.906250 0.534082
vt 0.906250 0.593750
vt 0.906250 0.590918
vt 0.906250 0.781250
vt 0.906250 0.906250
vt 0.906250 0.534082
vt 0.906250 0.590918
vt 0.999833 0.531250
vt 0.999833 0.593750
vt 0.999833 0.625000
vt 0.999833 0.687500
vt 0.999833 0.718750
vt 0.999833 0.781250
vt 1.000000 0.815332
vt 0.999833 0.812500
vt 0.999833 0.875000
vt 1.000000 0.872168
vt 0.999833 0.906250
vt 0.999833 0.968750
vt 0.481635 0.766461
vt 0.466559 0.766578
vt 0.022358 0.011374
vt 0.037424 0.011515
vt 0.288001 0.766539
vt 0.271854 0.766430
vt 0.552197 0.766379
vt 0.534371 0.766338
vt 0.362636 0.736556
vt 0.367330 0.736544
vt 0.367787 0.751655
vt 0.363890 0.751665
vt 0.372132 0.736543
vt 0.371761 0.751655
vt 0.107980 0.011615
vt 0.124790 0.011520
vt 0.185046 0.766559
vt 0.449252 0.766736
vt 0.436285 0.766582
vt 0.054181 0.011613
vt 0.254393 0.766364
vt 0.515375 0.736545
vt 0.520170 0.736545
vt 0.519772 0.751654
vt 0.515791 0.751654
vt 0.350439 0.766387
vt 0.333723 0.766473
vt 0.139932 0.011380
vt 0.171177 0.766713
vt 0.421085 0.766463
vt 0.071984 0.011663
vt 0.236170 0.736537
vt 0.240948 0.736542
vt 0.240193 0.751657
vt 0.236226 0.751653
vt 0.510668 0.736556
vt 0.511895 0.751663
vt 0.318715 0.766596
vt 0.152826 0.011203
vt 0.584133 0.766574
vt 0.569000 0.766458
vt 0.404236 0.766381
vt 0.090932 0.041476
vt 0.086130 0.041476
vt 0.086557 0.026357
vt 0.090537 0.026358
vt 0.231399 0.736544
vt 0.232277 0.751659
vt 0.498398 0.766381
vt 0.009562 0.011195
vt 0.302214 0.766687
vt 0.386386 0.766340
vt 0.095639 0.041464
vt 0.094438 0.026347
vt 0.561150 0.843166
vt 0.576283 0.843282
vt 0.563890 0.871863
vt 0.551958 0.871772
vt 0.437500 1.000000
vt 0.468750 1.000000
vt 0.000000 1.000000
vt 0.031250 1.000000
vt 0.937500 1.000000
vt 0.968750 1.000000
vt 0.500000 1.000000
vt 0.531250 1.000000
vt 0.531250 1.000000
vt 0.656250 1.000000
vt 0.687500 1.000000
vt 0.368221 0.766342
vt 0.368221 0.777538
vt 0.350439 0.777582
vt 0.625000 1.000000
vt 0.187500 1.000000
vt 0.218750 1.000000
vt 0.718750 1.000000
vt 0.516205 0.766339
vt 0.516205 0.777535
vt 0.498398 0.777576
vt 0.989750 0.303629
vt 0.995901 0.303629
vt 0.995901 0.314569
vt 0.989750 0.314569
vt 0.281250 1.000000
vt 0.312500 1.000000
vt 0.009562 0.000000
vt 0.022358 0.000179
vt 0.343750 1.000000
vt 0.375000 1.000000
vt 0.090150 0.011664
vt 0.090150 0.000468
vt 0.107980 0.000420
vt 0.236290 0.766344
vt 0.236290 0.777539
vt 0.218240 0.777566
vt 0.271854 0.777625
vt 0.254393 0.777559
vt 0.172017 0.192944
vt 0.172481 0.200941
vt 0.146377 0.201192
vt 0.145914 0.193195
vt 0.421085 0.777658
vt 0.404236 0.777576
vt 0.989750 0.369272
vt 0.995901 0.369272
vt 0.995901 0.380213
vt 0.989750 0.380213
vt 0.124790 0.000325
vt 0.139932 0.000185
vt 0.449252 0.777931
vt 0.436285 0.777778
vt 0.562500 1.000000
vt 0.593750 1.000000
vt 0.781250 1.000000
vt 0.812500 1.000000
vt 0.937500 1.000000
vt 0.750000 1.000000
vt 0.569000 0.777654
vt 0.552197 0.777574
vt 0.828244 0.093913
vt 0.842317 0.093945
vt 0.842317 0.142300
vt 0.828244 0.142268
vt 0.852515 0.070465
vt 0.857381 0.070488
vt 0.851554 0.088860
vt 0.848976 0.088848
vt 0.810327 0.568926
vt 0.810327 0.574251
vt 0.792188 0.572950
vt 0.792188 0.570130
vt 0.458709 0.843286
vt 0.473785 0.843169
vt 0.483075 0.871774
vt 0.471188 0.871866
vt 0.882043 0.070683
vt 0.885788 0.070727
vt 0.876135 0.089062
vt 0.874151 0.089039
vt 0.815383 0.580820
vt 0.815334 0.598891
vt 0.787092 0.593043
vt 0.787131 0.578795
vt 0.818307 0.070399
vt 0.823553 0.070399
vt 0.822439 0.088787
vt 0.819660 0.088788
vt 0.514824 0.848171
vt 0.520071 0.848171
vt 0.518873 0.866553
vt 0.516094 0.866553
vt 0.815238 0.615898
vt 0.815099 0.631190
vt 0.786907 0.618509
vt 0.787016 0.606452
vt 0.829979 0.065272
vt 0.847829 0.065313
vt 0.548995 0.848236
vt 0.553848 0.848259
vt 0.547947 0.866625
vt 0.545376 0.866613
vt 0.784627 0.070497
vt 0.789455 0.070472
vt 0.793223 0.088854
vt 0.790666 0.088867
vt 0.864677 0.065395
vt 0.879877 0.065514
vt 0.867586 0.094104
vt 0.855602 0.094009
vt 0.847096 0.246937
vt 0.842099 0.246958
vt 0.839459 0.228559
vt 0.842107 0.228548
vt 0.794032 0.065319
vt 0.811814 0.065274
vt 0.813921 0.093914
vt 0.799901 0.093950
vt 0.481091 0.848261
vt 0.485932 0.848238
vt 0.489620 0.866615
vt 0.487056 0.866627
vt 0.812813 0.247002
vt 0.807585 0.246996
vt 0.809855 0.228596
vt 0.812625 0.228599
vt 0.490548 0.843088
vt 0.508355 0.843047
vt 0.510332 0.871677
vt 0.496292 0.871710
vt 0.809949 0.505918
vt 0.810000 0.509697
vt 0.791899 0.517765
vt 0.791872 0.515762
vt 0.526521 0.843046
vt 0.544347 0.843087
vt 0.538710 0.871709
vt 0.524655 0.871677
vt 0.810223 0.534635
vt 0.810250 0.539562
vt 0.792117 0.543224
vt 0.792103 0.540614
vt 0.876886 0.246705
vt 0.872880 0.246750
vt 0.865732 0.228377
vt 0.867854 0.228353
vt 0.810247 0.603570
vt 0.810219 0.608482
vt 0.792099 0.602417
vt 0.792114 0.599815
vt 0.870204 0.251923
vt 0.854313 0.252039
vt 0.846541 0.223398
vt 0.859070 0.223307
vt 0.809994 0.633293
vt 0.809943 0.637044
vt 0.791866 0.627138
vt 0.791893 0.625152
vt 0.837010 0.252111
vt 0.818960 0.252138
vt 0.818667 0.223476
vt 0.832898 0.223455
vt 0.762308 0.065528
vt 0.777316 0.065405
vt 0.786721 0.094017
vt 0.774889 0.094114
vt 0.779254 0.246889
vt 0.774591 0.246858
vt 0.781426 0.228482
vt 0.783897 0.228498
vt 0.815336 0.544285
vt 0.815384 0.562383
vt 0.787131 0.564258
vt 0.787094 0.549989
vt 0.767249 0.251943
vt 0.753036 0.251795
vt 0.766689 0.223206
vt 0.777896 0.223322
vt 0.800857 0.252118
vt 0.783396 0.252053
vt 0.790627 0.223409
vt 0.804394 0.223460
vt 0.815105 0.511855
vt 0.815242 0.527224
vt 0.787020 0.536537
vt 0.786911 0.524419
vt 0.050447 0.383337
vt 0.080295 0.419706
vt 0.551958 0.920127
vt 0.538710 0.920064
vt 0.606005 0.760535
vt 0.599449 0.748086
vt 0.600054 0.747832
vt 0.606549 0.760166
vt 0.867586 0.142459
vt 0.855602 0.142364
vt 0.730535 0.692975
vt 0.734572 0.706483
vt 0.733930 0.706613
vt 0.729930 0.693230
vt 0.813921 0.142269
vt 0.799901 0.142305
vt 0.496292 0.920066
vt 0.483075 0.920129
vt 0.735935 0.720531
vt 0.734572 0.734579
vt 0.733930 0.734449
vt 0.735280 0.720531
vt 0.471188 0.920221
vt 0.715156 0.771447
vt 0.704406 0.780402
vt 0.704042 0.779849
vt 0.714693 0.770977
vt 0.636447 0.484910
vt 0.650064 0.490635
vt 0.648565 0.495649
vt 0.634013 0.489531
vt 0.692141 0.787056
vt 0.678832 0.791153
vt 0.678704 0.790501
vt 0.691890 0.786442
vt 0.739267 0.618509
vt 0.739376 0.606452
vt 0.739452 0.593043
vt 0.738194 0.453583
vt 0.743834 0.439762
vt 0.748774 0.441283
vt 0.742747 0.456053
vt 0.788764 0.651264
vt 0.802405 0.648510
vt 0.802469 0.649171
vt 0.788955 0.651900
vt 0.818667 0.175121
vt 0.832898 0.175100
vt 0.904130 0.433818
vt 0.904039 0.421754
vt 0.949571 0.421755
vt 0.949661 0.433820
vt 0.739491 0.578795
vt 0.739491 0.564258
vt 0.870005 0.223185
vt 0.859070 0.174952
vt 0.870005 0.174831
vt 0.861648 0.829681
vt 0.861723 0.816271
vt 0.907253 0.816268
vt 0.907178 0.829678
vt 0.790627 0.175054
vt 0.804394 0.175106
vt 0.739379 0.536537
vt 0.739271 0.524419
vt 0.524655 0.920032
vt 0.980374 0.532865
vt 0.980444 0.545415
vt 0.964620 0.545416
vt 0.964550 0.532866
vt 0.861970 0.908622
vt 0.861832 0.898304
vt 0.907362 0.898302
vt 0.907501 0.908620
vt 0.829952 0.651264
vt 0.842800 0.656665
vt 0.842492 0.657252
vt 0.829762 0.651900
vt 0.904200 0.209385
vt 0.904092 0.197375
vt 0.949623 0.197326
vt 0.949732 0.209336
vt 0.904017 0.081048
vt 0.903963 0.067201
vt 0.949494 0.067210
vt 0.949548 0.081057
vt 0.764352 0.664508
vt 0.775916 0.656666
vt 0.776225 0.657252
vt 0.764768 0.665022
vt 0.656619 0.872511
vt 0.656559 0.859783
vt 0.714754 0.859783
vt 0.714813 0.872511
vt 0.485388 0.203178
vt 0.471731 0.158156
vt 0.861648 0.872734
vt 0.861610 0.858465
vt 0.907140 0.858463
vt 0.907178 0.872732
vt 0.449553 0.116663
vt 0.471731 0.158156
vt 0.904012 0.183998
vt 0.949543 0.183949
vt 0.116663 0.050447
vt 0.080294 0.080294
vt 0.861832 0.804214
vt 0.861970 0.793973
vt 0.907501 0.793971
vt 0.907362 0.804212
vt 0.861610 0.843928
vt 0.907140 0.843926
vt 0.296822 0.014612
vt 0.250000 0.010000
vt 0.605582 0.381638
vt 0.599942 0.395459
vt 0.595002 0.393938
vt 0.601029 0.379168
vt 0.014612 0.296822
vt 0.028269 0.341844
vt 0.904104 0.011374
vt 0.904222 0.000000
vt 0.949753 0.000009
vt 0.949635 0.011383
vt 0.646856 0.932355
vt 0.646863 0.929040
vt 0.652907 0.922647
vt 0.652871 0.938749
vt 0.679257 0.341668
vt 0.664519 0.341668
vt 0.664013 0.336453
vt 0.679763 0.336453
vt 0.801323 0.817023
vt 0.801403 0.804763
vt 0.859597 0.804763
vt 0.859516 0.817023
vt 0.646863 0.964854
vt 0.646856 0.961544
vt 0.652871 0.955157
vt 0.652907 0.971241
vt 0.904104 0.093765
vt 0.949635 0.093774
vt 0.250000 0.490000
vt 0.296822 0.485388
vt 0.743834 0.395459
vt 0.738194 0.381638
vt 0.742747 0.379168
vt 0.748774 0.393938
vt 0.605582 0.453583
vt 0.613771 0.466021
vt 0.609780 0.469345
vt 0.601029 0.456053
vt 0.116663 0.449553
vt 0.158156 0.471731
vt 0.903977 0.408339
vt 0.903945 0.394089
vt 0.949477 0.394090
vt 0.949509 0.408340
vt 0.972848 0.391844
vt 0.972852 0.388525
vt 0.978889 0.382117
vt 0.978870 0.398240
vt 0.904092 0.115298
vt 0.904200 0.104921
vt 0.949732 0.104872
vt 0.949623 0.115250
vt 0.904017 0.024296
vt 0.949548 0.024305
vt 0.485388 0.296822
vt 0.490000 0.250000
vt 0.903945 0.155230
vt 0.903962 0.140946
vt 0.949493 0.140897
vt 0.949477 0.155182
vt 0.861723 0.886186
vt 0.907253 0.886184
vt 0.050447 0.116663
vt 0.028269 0.158156
vt 0.092907 0.995496
vt 0.092647 0.999986
vt 0.073324 0.999801
vt 0.073584 0.995311
vt 0.962556 0.235931
vt 0.962688 0.223093
vt 0.979182 0.223097
vt 0.979049 0.235935
vt 0.991674 0.129659
vt 0.999808 0.129659
vt 0.999808 0.137810
vt 0.991674 0.137810
vt 0.290311 0.818212
vt 0.290396 0.803076
vt 0.306889 0.803075
vt 0.306805 0.818211
vt 0.636483 0.986382
vt 0.636413 0.971241
vt 0.652977 0.986383
vt 0.290268 0.834293
vt 0.306762 0.834292
vt 0.962376 0.282639
vt 0.962397 0.266288
vt 0.978890 0.266291
vt 0.978870 0.282642
vt 0.962664 0.459381
vt 0.962542 0.445825
vt 0.979036 0.445808
vt 0.979158 0.459363
vt 0.990367 0.407419
vt 0.982234 0.407419
vt 0.982234 0.399268
vt 0.990367 0.399268
vt 0.962451 0.430727
vt 0.978945 0.430709
vt 0.962688 0.341452
vt 0.962556 0.328926
vt 0.979049 0.328929
vt 0.979182 0.341456
vt 0.275073 0.000000
vt 0.275317 0.004489
vt 0.255992 0.004672
vt 0.255748 0.000183
vt 0.290519 0.895667
vt 0.290396 0.881989
vt 0.306889 0.881988
vt 0.307012 0.895666
vt 0.290675 0.907313
vt 0.307168 0.907312
vt 0.290311 0.866806
vt 0.306805 0.866805
vt 0.962457 0.314572
vt 0.962397 0.298943
vt 0.978890 0.298946
vt 0.978951 0.314575
vt 0.962451 0.366916
vt 0.962542 0.353186
vt 0.979036 0.353168
vt 0.978945 0.366898
vt 0.636413 0.922646
vt 0.636483 0.907469
vt 0.652977 0.907470
vt 0.636585 0.999999
vt 0.653079 1.000000
vt 0.290519 0.789468
vt 0.307012 0.789467
vt 0.962395 0.414665
vt 0.978889 0.414647
vt 0.642420 0.961544
vt 0.636377 0.955157
vt 0.290675 0.777909
vt 0.307168 0.777908
vt 0.991866 0.150775
vt 1.000000 0.150775
vt 1.000000 0.158926
vt 0.991866 0.158926
vt 0.636585 0.893800
vt 0.653079 0.893801
vt 0.962457 0.250516
vt 0.978951 0.250519
vt 0.962664 0.341473
vt 0.979158 0.341456
vt 0.290268 0.850701
vt 0.306762 0.850700
vt 0.962376 0.398257
vt 0.903963 0.038269
vt 0.949494 0.038278
vt 0.157659 0.937135
vt 0.157603 0.948854
vt 0.107110 0.948854
vt 0.107165 0.937135
vt 0.904039 0.351838
vt 0.904130 0.339728
vt 0.949661 0.339729
vt 0.949571 0.351840
vt 0.419706 0.419706
vt 0.449553 0.383337
vt 0.419706 0.419706
vt 0.014611 0.203179
vt 0.903945 0.379551
vt 0.949477 0.379553
vt 0.383337 0.449553
vt 0.903962 0.169767
vt 0.949493 0.169718
vt 0.383337 0.050447
vt 0.341844 0.028269
vt 0.341844 0.028269
vt 0.158156 0.028269
vt 0.904011 0.127462
vt 0.949543 0.127414
vt 0.203179 0.485389
vt 0.203179 0.485389
vt 0.707329 0.484910
vt 0.719584 0.476599
vt 0.722859 0.480649
vt 0.709763 0.489531
vt 0.419706 0.080294
vt 0.419706 0.080294
vt 0.471731 0.341844
vt 0.903977 0.365285
vt 0.949509 0.365286
vt 0.341844 0.471731
vt 0.903945 0.052756
vt 0.949476 0.052765
vt 0.203179 0.485389
vt 0.904222 0.104864
vt 0.949753 0.104872
vt 0.203178 0.014612
vt 0.801274 0.830281
vt 0.859468 0.830281
vt 0.738999 0.892960
vt 0.738896 0.881462
vt 0.797089 0.881462
vt 0.797192 0.892960
vt 0.738826 0.868699
vt 0.738790 0.855161
vt 0.796983 0.855161
vt 0.797019 0.868699
vt 0.738900 0.815127
vt 0.739003 0.803687
vt 0.797196 0.803687
vt 0.797092 0.815127
vt 0.594252 0.893800
vt 0.594162 0.882405
vt 0.652356 0.882405
vt 0.652447 0.893800
vt 0.594064 0.842418
vt 0.594094 0.828865
vt 0.652288 0.828865
vt 0.652258 0.842418
vt 0.594154 0.816072
vt 0.594242 0.804531
vt 0.652437 0.804531
vt 0.652348 0.816072
vt 0.656529 0.846262
vt 0.714723 0.846262
vt 0.656528 0.832469
vt 0.656558 0.818933
vt 0.714753 0.818933
vt 0.714723 0.832469
vt 0.801418 0.882935
vt 0.801333 0.870869
vt 0.859526 0.870869
vt 0.859611 0.882935
vt 0.801279 0.857731
vt 0.859473 0.857731
vt 0.656617 0.806175
vt 0.714811 0.806175
vt 0.594355 0.794685
vt 0.652550 0.794685
vt 0.594099 0.869713
vt 0.652293 0.869713
vt 0.738791 0.841368
vt 0.796984 0.841368
vt 0.801260 0.844026
vt 0.859453 0.844026
vt 0.601634 0.538386
vt 0.596274 0.551519
vt 0.594723 0.551042
vt 0.600204 0.537611
vt 0.739130 0.902750
vt 0.797323 0.902750
vt 0.671643 0.500405
vt 0.657638 0.500405
vt 0.657479 0.498768
vt 0.671802 0.498768
vt 0.738828 0.827850
vt 0.797021 0.827850
vt 0.733007 0.551519
vt 0.727647 0.538386
vt 0.729077 0.537611
vt 0.734558 0.551042
vt 0.594065 0.856211
vt 0.652260 0.856211
vt 0.739136 0.793971
vt 0.797328 0.793971
vt 0.709963 0.628622
vt 0.719866 0.618570
vt 0.721119 0.619614
vt 0.710991 0.629893
vt 0.656705 0.883958
vt 0.714900 0.883958
vt 0.630963 0.636519
vt 0.643902 0.641959
vt 0.643431 0.643533
vt 0.630199 0.637970
vt 0.801531 0.893465
vt 0.859725 0.893465
vt 0.593542 0.565461
vt 0.593542 0.579676
vt 0.591929 0.579837
vt 0.591929 0.565300
vt 0.883630 0.425813
vt 0.886140 0.413007
vt 0.887713 0.413165
vt 0.885143 0.426279
vt 0.709963 0.516515
vt 0.698318 0.508618
vt 0.699082 0.507167
vt 0.710991 0.515244
vt 0.657638 0.644732
vt 0.671643 0.644732
vt 0.671802 0.646369
vt 0.657479 0.646369
vt 0.630963 0.508618
vt 0.619318 0.516515
vt 0.618290 0.515244
vt 0.630199 0.507167
vt 0.609415 0.526567
vt 0.608162 0.525523
vt 0.656702 0.794685
vt 0.714897 0.794685
vt 0.596274 0.593618
vt 0.594723 0.594095
vt 0.643902 0.503178
vt 0.643431 0.501604
vt 0.619318 0.628622
vt 0.618290 0.629893
vt 0.801512 0.793971
vt 0.859706 0.793971
vt 0.685379 0.503178
vt 0.685850 0.501604
vt 0.601634 0.606751
vt 0.600204 0.607526
vt 0.719866 0.526567
vt 0.721119 0.525523
vt 0.962395 0.382134
vt 0.735739 0.579676
vt 0.735739 0.565461
vt 0.737352 0.565300
vt 0.737352 0.579837
vt 0.727647 0.606751
vt 0.729077 0.607526
vt 0.685379 0.641959
vt 0.698318 0.636519
vt 0.699082 0.637970
vt 0.685850 0.643533
vt 0.609415 0.618570
vt 0.608162 0.619614
vt 0.733007 0.593618
vt 0.734558 0.594095
vt 0.157686 0.924720
vt 0.107193 0.924720
vt 0.706860 0.883958
vt 0.706939 0.894444
vt 0.656446 0.894444
vt 0.656367 0.883958
vt 0.706994 0.906103
vt 0.707022 0.918488
vt 0.656528 0.918488
vt 0.656500 0.906103
vt 0.706941 0.955209
vt 0.706863 0.965734
vt 0.656369 0.965734
vt 0.656448 0.955209
vt 0.934576 0.656015
vt 0.934654 0.667068
vt 0.884162 0.667068
vt 0.884084 0.656015
vt 0.934708 0.704248
vt 0.934664 0.716393
vt 0.884171 0.716393
vt 0.884215 0.704248
vt 0.934590 0.727623
vt 0.934490 0.737509
vt 0.883997 0.737509
vt 0.884097 0.727623
vt 0.157655 0.809200
vt 0.157688 0.821602
vt 0.107196 0.821602
vt 0.107163 0.809200
vt 0.157687 0.834236
vt 0.157653 0.846619
vt 0.107161 0.846619
vt 0.107195 0.834236
vt 0.157513 0.877653
vt 0.157597 0.888091
vt 0.107103 0.888091
vt 0.107020 0.877653
vt 0.157654 0.899718
vt 0.107161 0.899718
vt 0.157588 0.858274
vt 0.107096 0.858274
vt 0.157377 0.778009
vt 0.157497 0.786977
vt 0.107005 0.786977
vt 0.106885 0.778009
vt 0.934703 0.679103
vt 0.884211 0.679103
vt 0.707022 0.931123
vt 0.656529 0.931123
vt 0.157685 0.912086
vt 0.107192 0.912086
vt 0.862464 0.457965
vt 0.871560 0.448732
vt 0.872782 0.449750
vt 0.863467 0.459205
vt 0.157522 0.959426
vt 0.157419 0.968445
vt 0.106926 0.968445
vt 0.107029 0.959426
vt 0.878707 0.437876
vt 0.880101 0.438632
vt 0.789901 0.465219
vt 0.801785 0.470215
vt 0.801327 0.471751
vt 0.789155 0.466634
vt 0.706995 0.943522
vt 0.656501 0.943522
vt 0.755529 0.399950
vt 0.755529 0.413007
vt 0.753956 0.413165
vt 0.753956 0.399793
vt 0.934721 0.691657
vt 0.884229 0.691657
vt 0.934472 0.646369
vt 0.883980 0.646369
vt 0.801785 0.342742
vt 0.789901 0.347739
vt 0.789155 0.346324
vt 0.801326 0.341207
vt 0.157591 0.797509
vt 0.107099 0.797509
vt 0.871560 0.364226
vt 0.862464 0.354993
vt 0.863467 0.353753
vt 0.872782 0.363208
vt 0.157492 0.868753
vt 0.157372 0.877653
vt 0.106880 0.877653
vt 0.107000 0.868753
vt 0.594114 0.911352
vt 0.594175 0.902017
vt 0.634334 0.902017
vt 0.634273 0.911352
vt 0.312959 0.955210
vt 0.312936 0.944916
vt 0.353096 0.944916
vt 0.353119 0.955210
vt 0.814402 0.472763
vt 0.814247 0.474360
vt 0.878707 0.375082
vt 0.880101 0.374325
vt 0.770108 0.448732
vt 0.779204 0.457965
vt 0.778202 0.459205
vt 0.768886 0.449750
vt 0.886140 0.399951
vt 0.887713 0.399793
vt 0.851768 0.465219
vt 0.852513 0.466634
vt 0.758038 0.425813
vt 0.756526 0.426279
vt 0.827266 0.472763
vt 0.827421 0.474360
vt 0.762961 0.375082
vt 0.758038 0.387145
vt 0.756526 0.386679
vt 0.761567 0.374325
vt 0.779204 0.354993
vt 0.778202 0.353753
vt 0.827266 0.340195
vt 0.814402 0.340195
vt 0.814247 0.338598
vt 0.827421 0.338598
vt 0.762961 0.437876
vt 0.761567 0.438632
vt 0.851768 0.347739
vt 0.852513 0.346324
vt 0.883630 0.387145
vt 0.885143 0.386679
vt 0.770108 0.364225
vt 0.768886 0.363207
vt 0.839883 0.342742
vt 0.840342 0.341207
vt 0.839883 0.470215
vt 0.840342 0.471751
vt 0.594077 0.921447
vt 0.634236 0.921447
vt 0.044674 0.960010
vt 0.044596 0.951256
vt 0.084755 0.951256
vt 0.084833 0.960010
vt 0.044542 0.941538
vt 0.044515 0.931230
vt 0.084674 0.931230
vt 0.084701 0.941538
vt 0.044599 0.900748
vt 0.044678 0.892038
vt 0.084836 0.892038
vt 0.084757 0.900748
vt 0.738930 0.978217
vt 0.738861 0.969540
vt 0.779020 0.969540
vt 0.779089 0.978217
vt 0.738786 0.939094
vt 0.738809 0.928775
vt 0.778969 0.928775
vt 0.778946 0.939094
vt 0.738855 0.919034
vt 0.738922 0.910247
vt 0.779082 0.910247
vt 0.779015 0.919034
vt 0.313005 0.964902
vt 0.353164 0.964902
vt 0.312936 0.934414
vt 0.312958 0.924107
vt 0.353118 0.924107
vt 0.353095 0.934414
vt 0.594187 0.961538
vt 0.594122 0.952351
vt 0.634281 0.952351
vt 0.634346 0.961538
vt 0.594081 0.942347
vt 0.634240 0.942347
vt 0.313003 0.914393
vt 0.353163 0.914393
vt 0.739009 0.902750
vt 0.779168 0.902750
vt 0.738813 0.959876
vt 0.778972 0.959876
vt 0.044516 0.920728
vt 0.084674 0.920728
vt 0.594066 0.931912
vt 0.634225 0.931912
vt 0.149806 0.399952
vt 0.180985 0.416618
vt 0.172841 0.436279
vt 0.137983 0.417646
vt 0.044774 0.967465
vt 0.084933 0.967465
vt 0.073120 0.214816
vt 0.069654 0.250000
vt 0.048374 0.250000
vt 0.052248 0.210665
vt 0.044544 0.910435
vt 0.084703 0.910435
vt 0.214816 0.073120
vt 0.180985 0.083382
vt 0.172841 0.063722
vt 0.210665 0.052248
vt 0.738788 0.949596
vt 0.778947 0.949596
vt 0.044778 0.884640
vt 0.084937 0.884640
vt 0.399952 0.149805
vt 0.377524 0.122476
vt 0.392571 0.107429
vt 0.417646 0.137982
vt 0.426880 0.214816
vt 0.416618 0.180985
vt 0.436278 0.172841
vt 0.447752 0.210665
vt 0.399952 0.350195
vt 0.416618 0.319015
vt 0.436278 0.327159
vt 0.417646 0.362018
vt 0.594273 0.969556
vt 0.634432 0.969556
vt 0.214817 0.426881
vt 0.250000 0.430346
vt 0.250000 0.451626
vt 0.210665 0.447752
vt 0.734987 0.794686
vt 0.734902 0.805984
vt 0.719079 0.805984
vt 0.719163 0.794685
vt 0.149805 0.100048
vt 0.122476 0.122476
vt 0.107429 0.107429
vt 0.137982 0.082354
vt 0.416618 0.319015
vt 0.426880 0.285184
vt 0.447752 0.289335
vt 0.436278 0.327159
vt 0.350195 0.399952
vt 0.377524 0.377524
vt 0.392571 0.392571
vt 0.362018 0.417646
vt 0.250000 0.069654
vt 0.214816 0.073120
vt 0.250000 0.048374
vt 0.319015 0.416618
vt 0.350195 0.399952
vt 0.362018 0.417646
vt 0.327159 0.436278
vt 0.350195 0.100048
vt 0.319015 0.083382
vt 0.327159 0.063722
vt 0.362018 0.082354
vt 0.430346 0.250000
vt 0.426880 0.214816
vt 0.451626 0.250000
vt 0.313070 0.973617
vt 0.353230 0.973617
vt 0.285184 0.073120
vt 0.289335 0.052248
vt 0.327159 0.063722
vt 0.399952 0.149805
vt 0.436278 0.172841
vt 0.100048 0.149805
vt 0.082354 0.137983
vt 0.180985 0.416618
vt 0.172841 0.436279
vt 0.426880 0.285184
vt 0.447752 0.289335
vt 0.083382 0.319015
vt 0.100048 0.350195
vt 0.082354 0.362018
vt 0.063722 0.327159
vt 0.100048 0.350195
vt 0.122477 0.377524
vt 0.107429 0.392571
vt 0.082354 0.362018
vt 0.313068 0.905645
vt 0.353228 0.905645
vt 0.285184 0.426881
vt 0.289335 0.447752
vt 0.073120 0.285184
vt 0.052248 0.289335
vt 0.594259 0.893800
vt 0.634418 0.893800
vt 0.083382 0.180985
vt 0.063722 0.172841
vt 0.122477 0.377524
vt 0.149806 0.399952
vt 0.137983 0.417646
vt 0.107429 0.392571
vt 0.180985 0.083382
vt 0.149805 0.100048
vt 0.137982 0.082354
vt 0.028650 0.785974
vt 0.037826 0.782116
vt 0.047566 0.780150
vt 0.057498 0.780150
vt 0.067239 0.782116
vt 0.076414 0.785974
vt 0.084672 0.791574
vt 0.091695 0.798702
vt 0.097212 0.807084
vt 0.101013 0.816397
vt 0.102950 0.826283
vt 0.102950 0.836364
vt 0.101013 0.846250
vt 0.097212 0.855563
vt 0.091695 0.863945
vt 0.084672 0.871073
vt 0.076414 0.876673
vt 0.067239 0.880531
vt 0.057498 0.882497
vt 0.047566 0.882497
vt 0.037826 0.880531
vt 0.028650 0.876673
vt 0.020392 0.871073
vt 0.013369 0.863945
vt 0.007852 0.855563
vt 0.004051 0.846250
vt 0.002114 0.836364
vt 0.002114 0.826283
vt 0.004051 0.816397
vt 0.007852 0.807083
vt 0.013370 0.798702
vt 0.020392 0.791574
vt 0.063722 0.327159
vt 0.362018 0.082354
vt 0.063722 0.172841
vt 0.786768 0.628750
vt 0.739127 0.628750
vt 0.624192 0.358622
vt 0.613771 0.369200
vt 0.609780 0.365876
vt 0.620917 0.354572
vt 0.664519 0.493553
vt 0.664013 0.498768
vt 0.597067 0.410131
vt 0.597067 0.425090
vt 0.591929 0.425604
vt 0.591929 0.409617
vt 0.707329 0.350311
vt 0.693713 0.344586
vt 0.695211 0.339572
vt 0.709763 0.345690
vt 0.730005 0.466021
vt 0.733996 0.469345
vt 0.746792 0.754113
vt 0.741470 0.741072
vt 0.742097 0.740879
vt 0.747370 0.753799
vt 0.563890 0.920218
vt 0.775916 0.783673
vt 0.764353 0.775831
vt 0.764768 0.775317
vt 0.776225 0.783087
vt 0.746709 0.425090
vt 0.751847 0.425604
vt 0.650064 0.344586
vt 0.636447 0.350311
vt 0.634013 0.345690
vt 0.648565 0.339572
vt 0.730006 0.369200
vt 0.733996 0.365876
vt 0.624192 0.476599
vt 0.620917 0.480650
vt 0.854364 0.664508
vt 0.864198 0.674489
vt 0.863692 0.674911
vt 0.853948 0.665021
vt 0.719584 0.358622
vt 0.722859 0.354571
vt 0.599942 0.439762
vt 0.595002 0.441283
vt 0.746709 0.410131
vt 0.751847 0.409617
vt 0.816312 0.648510
vt 0.816248 0.649171
vt 0.754519 0.765849
vt 0.755025 0.765428
vt 0.693713 0.490634
vt 0.695211 0.495649
vt 0.679257 0.493553
vt 0.679763 0.498768
vt 0.715156 0.669615
vt 0.723979 0.680527
vt 0.723434 0.680896
vt 0.714693 0.670085
vt 0.734844 0.818530
vt 0.719021 0.818530
vt 0.859398 0.940404
vt 0.859413 0.953967
vt 0.843589 0.953984
vt 0.843574 0.940421
vt 0.104922 0.972125
vt 0.105032 0.982480
vt 0.089208 0.982477
vt 0.089099 0.972122
vt 0.980444 0.480184
vt 0.980374 0.492696
vt 0.964550 0.492697
vt 0.964620 0.480185
vt 0.637843 0.787056
vt 0.625578 0.780402
vt 0.625942 0.779849
vt 0.638094 0.786442
vt 0.786721 0.142372
vt 0.846541 0.175043
vt 0.595412 0.734579
vt 0.596054 0.734449
vt 0.788765 0.789075
vt 0.788955 0.788439
vt 0.786773 0.514101
vt 0.739133 0.514101
vt 0.664992 0.792537
vt 0.664992 0.791872
vt 0.510332 0.920033
vt 0.606005 0.680527
vt 0.614827 0.669615
vt 0.615291 0.670085
vt 0.606549 0.680896
vt 0.734815 0.845404
vt 0.734844 0.858699
vt 0.719020 0.858699
vt 0.718991 0.845403
vt 0.877246 0.741071
vt 0.871924 0.754112
vt 0.871347 0.753799
vt 0.876620 0.740878
vt 0.871924 0.686226
vt 0.877246 0.699267
vt 0.876620 0.699460
vt 0.871347 0.686539
vt 0.614828 0.771447
vt 0.615291 0.770977
vt 0.594049 0.720531
vt 0.595412 0.706483
vt 0.596054 0.706613
vt 0.594704 0.720531
vt 0.879960 0.713111
vt 0.879960 0.727227
vt 0.879308 0.727162
vt 0.879308 0.713176
vt 0.802405 0.791828
vt 0.802469 0.791167
vt 0.625578 0.660660
vt 0.625942 0.661213
vt 0.980545 0.468935
vt 0.964722 0.468936
vt 0.816312 0.791828
vt 0.816248 0.791167
vt 0.651151 0.649909
vt 0.664992 0.648525
vt 0.664992 0.649190
vt 0.651279 0.650560
vt 0.859459 0.967244
vt 0.843636 0.967261
vt 0.738757 0.727227
vt 0.738757 0.713111
vt 0.739409 0.713177
vt 0.739409 0.727162
vt 0.854364 0.775831
vt 0.842800 0.783673
vt 0.842492 0.783087
vt 0.853948 0.775317
vt 0.734902 0.871216
vt 0.719079 0.871215
vt 0.980338 0.519552
vt 0.964515 0.519553
vt 0.599449 0.692976
vt 0.600054 0.693230
vt 0.692141 0.654006
vt 0.704406 0.660660
vt 0.704042 0.661213
vt 0.691890 0.654620
vt 0.980545 0.556721
vt 0.980675 0.566348
vt 0.964851 0.566349
vt 0.964722 0.556722
vt 0.104791 0.920348
vt 0.104774 0.933864
vt 0.088950 0.933861
vt 0.088967 0.920345
vt 0.859534 0.979725
vt 0.843711 0.979742
vt 0.651152 0.791153
vt 0.651279 0.790501
vt 0.104841 0.907311
vt 0.089017 0.907308
vt 0.104791 0.947341
vt 0.088967 0.947338
vt 0.104841 0.960260
vt 0.089017 0.960257
vt 0.984436 0.182737
vt 0.984486 0.197224
vt 0.962444 0.197248
vt 0.962393 0.182760
vt 0.678832 0.649909
vt 0.678704 0.650560
vt 0.104922 0.895255
vt 0.089099 0.895252
vt 0.734815 0.831841
vt 0.718991 0.831840
vt 0.105032 0.884643
vt 0.089208 0.884640
vt 0.864198 0.765849
vt 0.863692 0.765428
vt 0.829952 0.789075
vt 0.829762 0.788438
vt 0.859635 0.990930
vt 0.843812 0.990947
vt 0.859459 0.914496
vt 0.859413 0.927076
vt 0.843589 0.927093
vt 0.843636 0.914513
vt 0.980338 0.505989
vt 0.964515 0.505989
vt 0.739454 0.549989
vt 0.746792 0.686226
vt 0.754519 0.674489
vt 0.755025 0.674911
vt 0.747370 0.686539
vt 0.766689 0.174851
vt 0.777896 0.174968
vt 0.859635 0.893465
vt 0.859534 0.903147
vt 0.843711 0.903164
vt 0.843812 0.893482
vt 0.741470 0.699267
vt 0.742097 0.699460
vt 0.637843 0.654006
vt 0.638094 0.654620
vt 0.723979 0.760535
vt 0.723434 0.760166
vt 0.730535 0.748086
vt 0.729930 0.747832
vt 0.877810 0.094225
vt 0.877810 0.142580
vt 0.980675 0.459381
vt 0.964851 0.459382
vt 0.774889 0.142469
vt 0.734987 0.882472
vt 0.719163 0.882471
vt 0.406250 1.000000
vt 0.250000 1.000000
vt 1.000000 1.000000
vt 0.156250 1.000000
vt 0.093750 1.000000
vt 0.062500 1.000000
vt 0.534199 0.804309
vt 0.534199 0.812328
vt 0.526521 0.777774
vt 0.468750 1.000000
vt 0.995901 0.325510
vt 0.989750 0.325510
vt 0.458709 0.778013
vt 0.473785 0.777897
vt 0.879877 0.000242
vt 0.892844 0.000396
vt 0.892844 0.065668
vt 0.125000 1.000000
vt 0.906250 1.000000
vt 0.596231 0.797100
vt 0.595794 0.805097
vt 0.569691 0.804844
vt 0.570127 0.796848
vt 0.870204 0.317194
vt 0.854313 0.317310
vt 0.879545 0.615898
vt 0.879406 0.631190
vt 0.534371 0.777534
vt 0.783396 0.317324
vt 0.767249 0.317215
vt 0.536669 0.812333
vt 0.536669 0.804314
vt 0.544347 0.777814
vt 0.584133 0.777770
vt 0.037424 0.000320
vt 0.508355 0.777774
vt 0.561150 0.777894
vt 0.576283 0.778010
vt 0.386386 0.777536
vt 0.843750 1.000000
vt 0.840140 0.034560
vt 0.840140 0.026541
vt 0.847829 0.000041
vt 0.302214 0.777883
vt 0.288001 0.777734
vt 0.185046 0.777754
vt 0.171177 0.777908
vt 0.884072 0.317041
vt 0.884072 0.251769
vt 0.777316 0.000132
vt 0.794032 0.000047
vt 0.811814 0.000002
vt 0.829979 0.000000
vt 0.753036 0.317066
vt 0.333723 0.777668
vt 0.318715 0.777791
vt 0.818960 0.317409
vt 0.800857 0.317389
vt 0.054181 0.000417
vt 0.071984 0.000467
vt 0.762308 0.000256
vt 0.864677 0.000123
vt 0.879690 0.580820
vt 0.879641 0.598891
vt 0.879691 0.562383
vt 0.812500 1.000000
vt 0.500685 0.812329
vt 0.500685 0.804310
vt 0.481635 0.777657
vt 0.826735 0.282862
vt 0.826735 0.290881
vt 0.879549 0.527224
vt 0.879643 0.544285
vt 0.200937 0.777639
vt 0.879412 0.511855
vt 0.845645 0.554587
vt 0.853545 0.554587
vt 0.152826 0.000008
vt 0.879237 0.498768
vt 0.814930 0.498768
vt 0.490548 0.777816
vt 0.837010 0.317382
vt 0.466559 0.777774
vt 0.718750 0.500000
vt 0.687500 0.500000
vt 0.719985 0.500000
vt 0.531250 0.500000
vt 0.500000 0.500000
vt 0.236941 0.500000
vt 0.231809 0.500000
vt 0.232372 0.500000
vt 0.236378 0.500000
vt 0.924441 0.500000
vt 0.919309 0.500000
vt 0.919872 0.500000
vt 0.923878 0.500000
vt 0.656250 0.500000
vt 0.625000 0.500000
vt 0.361941 0.500000
vt 0.356809 0.500000
vt 0.357372 0.500000
vt 0.361378 0.500000
vt 0.093750 0.500000
vt 0.062500 0.500000
vt 0.781250 0.500000
vt 0.750000 0.500000
vt 0.486941 0.500000
vt 0.481809 0.500000
vt 0.482372 0.500000
vt 0.486378 0.500000
vt 0.218750 0.500000
vt 0.187500 0.500000
vt 0.906250 0.500000
vt 0.875000 0.500000
vt 0.611941 0.500000
vt 0.606809 0.500000
vt 0.607372 0.500000
vt 0.611378 0.500000
vt 0.343750 0.500000
vt 0.312500 0.500000
vt 0.049441 0.500000
vt 0.044309 0.500000
vt 0.044872 0.500000
vt 0.048878 0.500000
vt 0.736941 0.500000
vt 0.731809 0.500000
vt 0.732372 0.500000
vt 0.736378 0.500000
vt 0.468750 0.500000
vt 0.437500 0.500000
vt 0.174441 0.500000
vt 0.169309 0.500000
vt 0.169872 0.500000
vt 0.173878 0.500000
vt 0.861941 0.500000
vt 0.856809 0.500000
vt 0.857372 0.500000
vt 0.861378 0.500000
vt 0.593750 0.500000
vt 0.562500 0.500000
vt 0.299441 0.500000
vt 0.294309 0.500000
vt 0.294872 0.500000
vt 0.298878 0.500000
vt 0.986941 0.500000
vt 0.981809 0.500000
vt 0.982372 0.500000
vt 0.986378 0.500000
vt 0.031250 0.500000
vt 0.000000 0.500000
vt 0.424441 0.500000
vt 0.419309 0.500000
vt 0.419872 0.500000
vt 0.423878 0.500000
vt 0.156250 0.500000
vt 0.125000 0.500000
vt 0.843750 0.500000
vt 0.812500 0.500000
vt 0.549441 0.500000
vt 0.544309 0.500000
vt 0.544872 0.500000
vt 0.548878 0.500000
vt 0.281250 0.500000
vt 0.250000 0.500000
vt 0.968750 0.500000
vt 0.937500 0.500000
vt 0.674441 0.500000
vt 0.669309 0.500000
vt 0.669872 0.500000
vt 0.673878 0.500000
vt 0.406250 0.500000
vt 0.375000 0.500000
vt 0.111941 0.500000
vt 0.106809 0.500000
vt 0.107372 0.500000
vt 0.111378 0.500000
vt 0.937895 0.249979
vt 0.937851 0.266177
vt 0.903945 0.266178
vt 0.903989 0.249981
vt 0.562500 0.500000
vt 0.719987 0.500000
vt 0.748763 0.500000
vt 0.623734 0.500000
vt 0.595016 0.500000
vt 0.594870 0.500000
vt 0.623880 0.500000
vt 0.748765 0.500000
vt 1.000000 0.500000
vt 0.969987 0.500000
vt 0.998763 0.500000
vt 0.845016 0.500000
vt 0.873734 0.500000
vt 0.873880 0.500000
vt 0.844870 0.500000
vt 0.718750 0.500000
vt 0.458347 0.849397
vt 0.458371 0.870046
vt 0.458298 0.870047
vt 0.458274 0.849397
vt 0.844987 0.500000
vt 0.873763 0.500000
vt 0.748734 0.500000
vt 0.720016 0.500000
vt 0.719870 0.500000
vt 0.748880 0.500000
vt 0.095016 0.500000
vt 0.123734 0.500000
vt 0.123880 0.500000
vt 0.094870 0.500000
vt 0.309175 0.845880
vt 0.309227 0.860796
vt 0.308421 0.860797
vt 0.308369 0.845881
vt 0.873765 0.500000
vt 0.095016 0.500000
vt 0.123765 0.500000
vt 0.763222 0.331725
vt 0.767644 0.331707
vt 0.767644 0.335910
vt 0.763222 0.335929
vt 0.845016 0.500000
vt 0.844870 0.500000
vt 0.220016 0.500000
vt 0.248734 0.500000
vt 0.248880 0.500000
vt 0.219870 0.500000
vt 0.937500 0.500000
vt 0.753232 0.331732
vt 0.757847 0.331731
vt 0.757847 0.335934
vt 0.753232 0.335935
vt 0.941428 0.870377
vt 0.941489 0.886119
vt 0.907582 0.886112
vt 0.907521 0.870370
vt 0.941588 0.900576
vt 0.941722 0.913194
vt 0.907815 0.913188
vt 0.907681 0.900570
vt 0.975839 0.793972
vt 0.975736 0.807740
vt 0.941828 0.807739
vt 0.941931 0.793971
vt 0.975665 0.823027
vt 0.941758 0.823026
vt 0.975629 0.839246
vt 0.941722 0.839245
vt 0.975629 0.855773
vt 0.941722 0.855772
vt 0.975665 0.871974
vt 0.941758 0.871973
vt 0.975736 0.887225
vt 0.941828 0.887224
vt 0.975839 0.900941
vt 0.941931 0.900940
vt 0.971056 0.646369
vt 0.970932 0.658167
vt 0.937025 0.658203
vt 0.937148 0.646406
vt 0.970841 0.671996
vt 0.936934 0.672032
vt 0.970785 0.687325
vt 0.936877 0.687361
vt 0.970766 0.703564
vt 0.936858 0.703601
vt 0.970785 0.720091
vt 0.936878 0.720127
vt 0.970841 0.736269
vt 0.936934 0.736306
vt 0.970932 0.751477
vt 0.937025 0.751514
vt 0.971056 0.765131
vt 0.937148 0.765167
vt 0.938261 0.209385
vt 0.938104 0.221027
vt 0.904198 0.221029
vt 0.904355 0.209386
vt 0.937980 0.234734
vt 0.904074 0.234736
vt 0.567170 0.127837
vt 0.594516 0.094516
vt 0.584904 0.084905
vt 0.555868 0.120285
vt 0.937851 0.282704
vt 0.903945 0.282706
vt 0.937895 0.298926
vt 0.903989 0.298927
vt 0.937980 0.314219
vt 0.904074 0.314221
vt 0.938104 0.327995
vt 0.904198 0.327997
vt 0.938261 0.339726
vt 0.904355 0.339728
vt 0.941722 0.793978
vt 0.941588 0.806909
vt 0.907681 0.806902
vt 0.907815 0.793971
vt 0.941489 0.821599
vt 0.907582 0.821593
vt 0.941428 0.837485
vt 0.907521 0.837478
vt 0.941506 0.581108
vt 0.941522 0.593816
vt 0.903961 0.593809
vt 0.903945 0.581101
vt 0.792898 0.465663
vt 0.750000 0.469888
vt 0.750000 0.483480
vt 0.795550 0.478994
vt 0.963764 0.956284
vt 0.963797 0.970791
vt 0.941754 0.970790
vt 0.941722 0.956283
vt 0.969888 0.250000
vt 0.965662 0.292898
vt 0.978994 0.295550
vt 0.983480 0.250000
vt 0.546850 0.165853
vt 0.534292 0.160651
vt 0.965663 0.207102
vt 0.983480 0.250000
vt 0.978994 0.204450
vt 0.534337 0.207102
vt 0.521006 0.204450
vt 0.953150 0.165853
vt 0.965708 0.160651
vt 0.530112 0.250000
vt 0.521006 0.204450
vt 0.516520 0.250000
vt 0.932830 0.127837
vt 0.953150 0.165853
vt 0.965708 0.160651
vt 0.944132 0.120285
vt 0.534338 0.292898
vt 0.521006 0.295550
vt 0.905484 0.094516
vt 0.944132 0.120285
vt 0.915095 0.084905
vt 0.546850 0.334148
vt 0.534337 0.292898
vt 0.534293 0.339349
vt 0.872163 0.067170
vt 0.905484 0.094516
vt 0.915095 0.084905
vt 0.879715 0.055868
vt 0.567170 0.372163
vt 0.555868 0.379715
vt 0.834148 0.046850
vt 0.872163 0.067170
vt 0.839349 0.034292
vt 0.707102 0.465663
vt 0.704451 0.478994
vt 0.750000 0.483480
vt 0.594516 0.405484
vt 0.567170 0.372163
vt 0.555869 0.379715
vt 0.584905 0.415096
vt 0.792898 0.034337
vt 0.795550 0.021006
vt 0.834148 0.453150
vt 0.795550 0.478994
vt 0.839349 0.465708
vt 0.627837 0.432830
vt 0.594516 0.405484
vt 0.584905 0.415096
vt 0.620286 0.444132
vt 0.750000 0.030112
vt 0.750000 0.016520
vt 0.872163 0.432830
vt 0.834148 0.453150
vt 0.839349 0.465708
vt 0.879715 0.444132
vt 0.665853 0.453150
vt 0.627837 0.432830
vt 0.620286 0.444132
vt 0.660651 0.465708
vt 0.707102 0.034337
vt 0.750000 0.016520
vt 0.704450 0.021006
vt 0.905484 0.405484
vt 0.879715 0.444132
vt 0.915096 0.415095
vt 0.665853 0.453150
vt 0.660651 0.465708
vt 0.665852 0.046850
vt 0.707102 0.034337
vt 0.704450 0.021006
vt 0.660651 0.034292
vt 0.932830 0.372163
vt 0.905484 0.405484
vt 0.915095 0.415095
vt 0.944132 0.379715
vt 0.627837 0.067170
vt 0.665852 0.046850
vt 0.620285 0.055868
vt 0.953150 0.334147
vt 0.932830 0.372163
vt 0.965708 0.339349
vt 0.594516 0.094516
vt 0.620285 0.055868
vt 0.584904 0.084905
vt 0.965662 0.292898
vt 0.953150 0.334147
vt 0.984419 0.167938
vt 0.962376 0.167961
vt 0.984568 0.210843
vt 0.984678 0.223070
vt 0.962636 0.223093
vt 0.962526 0.210867
vt 0.984785 0.000000
vt 0.984644 0.010425
vt 0.962602 0.010427
vt 0.962743 0.000001
vt 0.984533 0.022700
vt 0.962491 0.022701
vt 0.984457 0.036352
vt 0.962415 0.036353
vt 0.984418 0.050856
vt 0.962376 0.050858
vt 0.984418 0.065656
vt 0.962376 0.065658
vt 0.984457 0.080183
vt 0.962415 0.080184
vt 0.984533 0.093878
vt 0.962491 0.093879
vt 0.984644 0.106214
vt 0.962602 0.106215
vt 0.984785 0.116719
vt 0.962743 0.116720
vt 0.731480 0.883962
vt 0.731360 0.895542
vt 0.709318 0.895537
vt 0.709437 0.883958
vt 0.731271 0.908697
vt 0.709229 0.908693
vt 0.731217 0.922922
vt 0.709174 0.922918
vt 0.731198 0.937671
vt 0.709156 0.937667
vt 0.731217 0.952376
vt 0.709174 0.952372
vt 0.731271 0.966473
vt 0.709229 0.966469
vt 0.731360 0.979420
vt 0.709318 0.979416
vt 0.731480 0.990719
vt 0.709437 0.990715
vt 0.963952 0.900942
vt 0.963860 0.913271
vt 0.941817 0.913270
vt 0.941909 0.900941
vt 0.963796 0.926960
vt 0.941754 0.926959
vt 0.963764 0.941484
vt 0.941722 0.941483
vt 0.596349 0.247081
vt 0.596349 0.262303
vt 0.591929 0.262745
vt 0.591929 0.246640
vt 0.963860 0.984448
vt 0.941817 0.984448
vt 0.963952 0.996731
vt 0.941909 0.996730
vt 0.984678 0.116720
vt 0.984568 0.127285
vt 0.962526 0.127308
vt 0.962636 0.116744
vt 0.984486 0.139668
vt 0.962444 0.139692
vt 0.984436 0.153395
vt 0.962393 0.153419
vt 0.941407 0.853955
vt 0.907501 0.853948
vt 0.694690 0.180387
vt 0.679981 0.177418
vt 0.680416 0.172932
vt 0.695979 0.176074
vt 0.908755 0.453561
vt 0.908659 0.442899
vt 0.946219 0.442898
vt 0.946315 0.453559
vt 0.731620 0.303952
vt 0.739952 0.291296
vt 0.743868 0.293421
vt 0.735053 0.306812
vt 0.599274 0.232152
vt 0.595025 0.230844
vt 0.721015 0.314716
vt 0.723833 0.318200
vt 0.605014 0.218089
vt 0.601097 0.215964
vt 0.708546 0.323173
vt 0.710639 0.327148
vt 0.613346 0.205432
vt 0.609913 0.202573
vt 0.694690 0.328998
vt 0.695979 0.333311
vt 0.664984 0.177418
vt 0.664549 0.172932
vt 0.623950 0.194669
vt 0.621133 0.191185
vt 0.679981 0.331967
vt 0.680416 0.336453
vt 0.708546 0.186212
vt 0.710639 0.182237
vt 0.636420 0.186212
vt 0.634326 0.182237
vt 0.664984 0.331967
vt 0.664549 0.336453
vt 0.721015 0.194669
vt 0.723832 0.191185
vt 0.650275 0.180387
vt 0.648986 0.176074
vt 0.650275 0.328998
vt 0.648986 0.333311
vt 0.731620 0.205433
vt 0.735053 0.202573
vt 0.636420 0.323173
vt 0.634326 0.327148
vt 0.739952 0.218089
vt 0.743868 0.215964
vt 0.623950 0.314716
vt 0.621133 0.318200
vt 0.745691 0.232152
vt 0.749941 0.230844
vt 0.613345 0.303952
vt 0.609913 0.306812
vt 0.748617 0.247081
vt 0.753036 0.246640
vt 0.605014 0.291296
vt 0.601097 0.293421
vt 0.748617 0.262303
vt 0.753036 0.262745
vt 0.599274 0.277233
vt 0.595025 0.278541
vt 0.745691 0.277233
vt 0.749941 0.278541
vt 0.907501 0.950344
vt 0.907501 0.937554
vt 0.911077 0.937917
vt 0.911077 0.949991
vt 0.885106 0.385106
vt 0.908867 0.356152
vt 0.676882 0.426524
vt 0.712725 0.437397
vt 0.909959 0.925010
vt 0.913398 0.926075
vt 0.856152 0.408867
vt 0.643848 0.408867
vt 0.914781 0.913194
vt 0.917950 0.914921
vt 0.823119 0.426524
vt 0.614895 0.385106
vt 0.037619 0.954209
vt 0.037576 0.941689
vt 0.041373 0.941293
vt 0.041415 0.953111
vt 0.787276 0.437397
vt 0.591133 0.356152
vt 0.037561 0.928900
vt 0.041360 0.929220
vt 0.750000 0.441068
vt 0.573476 0.323119
vt 0.037576 0.916333
vt 0.041373 0.917356
vt 0.562603 0.287276
vt 0.890607 0.970133
vt 0.885785 0.958316
vt 0.889234 0.957261
vt 0.893786 0.968415
vt 0.558932 0.250000
vt 0.883327 0.945772
vt 0.886913 0.945419
vt 0.562603 0.212725
vt 0.883327 0.932983
vt 0.886913 0.933346
vt 0.573476 0.176882
vt 0.885785 0.920439
vt 0.889234 0.921504
vt 0.591133 0.143848
vt 0.890607 0.908622
vt 0.893786 0.910349
vt 0.614894 0.114895
vt 0.836712 0.953829
vt 0.836684 0.941292
vt 0.840480 0.940924
vt 0.840506 0.952759
vt 0.643848 0.091133
vt 0.836684 0.928502
vt 0.840480 0.928850
vt 0.676881 0.073476
vt 0.836712 0.915951
vt 0.840506 0.917002
vt 0.941522 0.568363
vt 0.903961 0.568355
vt 0.037619 0.904471
vt 0.000015 0.916373
vt 0.000058 0.904511
vt 0.908537 0.433822
vt 0.946098 0.433820
vt 0.000000 0.928941
vt 0.166815 0.824527
vt 0.171478 0.813100
vt 0.178248 0.802817
vt 0.186864 0.794071
vt 0.196996 0.787200
vt 0.208253 0.782467
vt 0.220205 0.780054
vt 0.232390 0.780054
vt 0.244341 0.782467
vt 0.255599 0.787200
vt 0.265731 0.794071
vt 0.274347 0.802817
vt 0.281117 0.813100
vt 0.285780 0.824527
vt 0.288157 0.836657
vt 0.288157 0.849025
vt 0.285780 0.861155
vt 0.281117 0.872582
vt 0.274347 0.882865
vt 0.265731 0.891611
vt 0.255599 0.898482
vt 0.244341 0.903215
vt 0.232390 0.905627
vt 0.220204 0.905627
vt 0.208253 0.903215
vt 0.196996 0.898482
vt 0.186864 0.891610
vt 0.178248 0.882865
vt 0.171478 0.872581
vt 0.166815 0.861155
vt 0.164437 0.849025
vt 0.164437 0.836657
vt 0.941749 0.534694
vt 0.941646 0.544701
vt 0.904085 0.544694
vt 0.904188 0.534687
vt 0.000015 0.941730
vt 0.941569 0.605998
vt 0.941646 0.617187
vt 0.904085 0.617179
vt 0.904008 0.605991
vt 0.941569 0.556070
vt 0.904008 0.556062
vt 0.000058 0.954249
vt 0.941749 0.626951
vt 0.904188 0.626943
vt 0.037690 0.965978
vt 0.000129 0.966018
vt 0.836846 0.893467
vt 0.836767 0.904121
vt 0.799205 0.904120
vt 0.799285 0.893465
vt 0.296314 0.857096
vt 0.296323 0.860411
vt 0.037785 0.976544
vt 0.000224 0.976584
vt 0.799150 0.915950
vt 0.908537 0.534687
vt 0.908659 0.525678
vt 0.946219 0.525676
vt 0.946098 0.534685
vt 0.799123 0.928501
vt 0.908755 0.515070
vt 0.946315 0.515068
vt 0.799123 0.941291
vt 0.908821 0.503273
vt 0.946381 0.503271
vt 0.799150 0.953827
vt 0.908855 0.490738
vt 0.946415 0.490736
vt 0.836767 0.965631
vt 0.799205 0.965630
vt 0.908855 0.477949
vt 0.946415 0.477947
vt 0.836846 0.976245
vt 0.799285 0.976244
vt 0.908821 0.465395
vt 0.946381 0.465393
vt 0.037785 0.884640
vt 0.037690 0.893769
vt 0.000129 0.893809
vt 0.000224 0.884680
vt 0.275740 0.875000
vt 0.275740 0.906250
vt 0.275740 0.906250
vt 0.255510 0.875000
vt 0.255510 0.843750
vt 0.255510 0.843750
vt 0.255510 0.875000
vt 0.275740 0.937500
vt 0.275740 0.937500
vt 0.275740 0.906250
vt 0.771764 0.322660
vt 0.771764 0.336185
vt 0.770005 0.336185
vt 0.770005 0.322660
vt 0.895533 0.130550
vt 0.895533 0.085434
vt 0.901263 0.085433
vt 0.901263 0.130550
vt 0.275740 0.966199
vt 0.275740 0.966199
vt 0.275740 0.937500
vt 0.895533 0.040317
vt 0.901263 0.040317
vt 0.768246 0.336185
vt 0.768246 0.322660
vt 0.770005 0.322660
vt 0.770005 0.336185
vt 0.275740 0.593750
vt 0.275740 0.625000
vt 0.275740 0.593750
vt 0.895533 0.002738
vt 0.901263 0.002738
vt 0.255510 0.593750
vt 0.255510 0.562500
vt 0.255510 0.593750
vt 0.255510 0.533801
vt 0.255510 0.562500
vt 0.895533 0.619291
vt 0.895533 0.581712
vt 0.901263 0.581712
vt 0.901263 0.619290
vt 0.962376 0.225584
vt 0.956075 0.225577
vt 0.956075 0.315811
vt 0.949753 0.315812
vt 0.962376 0.270699
vt 0.956075 0.270692
vt 0.956075 0.270696
vt 0.949753 0.270696
vt 0.962376 0.315814
vt 0.956075 0.315807
vt 0.758170 0.476498
vt 0.758170 0.497389
vt 0.751847 0.497389
vt 0.751847 0.476498
vt 0.956075 0.225580
vt 0.949753 0.225580
vt 0.764493 0.476498
vt 0.764493 0.497389
vt 0.962376 0.360930
vt 0.956075 0.360923
vt 0.956075 0.180464
vt 0.949753 0.180464
vt 0.962376 0.406045
vt 0.956075 0.406038
vt 0.956075 0.135348
vt 0.949753 0.135348
vt 0.962376 0.451160
vt 0.956075 0.451154
vt 0.956075 0.090232
vt 0.949753 0.090233
vt 0.281250 0.937500
vt 0.281250 0.968750
vt 0.281250 0.906250
vt 0.281250 0.875000
vt 0.275740 0.843750
vt 0.281250 0.843750
vt 0.275740 0.812500
vt 0.281250 0.812500
vt 0.275740 0.781250
vt 0.281250 0.781250
vt 0.275740 0.750000
vt 0.281250 0.750000
vt 0.275740 0.718750
vt 0.281250 0.718750
vt 0.275740 0.687500
vt 0.281250 0.687500
vt 0.275740 0.656250
vt 0.281250 0.656250
vt 0.281250 0.625000
vt 0.281250 0.593750
vt 0.275740 0.562500
vt 0.281250 0.562500
vt 0.275740 0.533801
vt 0.281250 0.531250
vt 0.255510 0.937500
vt 0.255510 0.966199
vt 0.250000 0.968750
vt 0.250000 0.937500
vt 0.255510 0.906250
vt 0.250000 0.906250
vt 0.250000 0.875000
vt 0.250000 0.843750
vt 0.255510 0.812500
vt 0.250000 0.812500
vt 0.255510 0.781250
vt 0.250000 0.781250
vt 0.255510 0.750000
vt 0.250000 0.750000
vt 0.255510 0.718750
vt 0.250000 0.718750
vt 0.255510 0.687500
vt 0.250000 0.687500
vt 0.255510 0.656250
vt 0.250000 0.656250
vt 0.255510 0.625000
vt 0.250000 0.625000
vt 0.250000 0.593750
vt 0.250000 0.562500
vt 0.250000 0.531250
vt 0.895533 0.536596
vt 0.901263 0.536595
vt 0.275740 0.562500
vt 0.275740 0.533801
vt 0.255510 0.593750
vt 0.255510 0.625000
vt 0.275740 0.656250
vt 0.275740 0.625000
vt 0.275740 0.687500
vt 0.275740 0.656250
vt 0.275740 0.718750
vt 0.275740 0.750000
vt 0.275740 0.718750
vt 0.275740 0.781250
vt 0.275740 0.750000
vt 0.275740 0.812500
vt 0.275740 0.781250
vt 0.275740 0.843750
vt 0.275740 0.812500
vt 0.275740 0.875000
vt 0.275740 0.843750
vt 0.255510 0.906250
vt 0.255510 0.937500
vt 0.255510 0.937500
vt 0.255510 0.966199
vt 0.255510 0.812500
vt 0.895533 0.175666
vt 0.901263 0.175666
vt 0.255510 0.781250
vt 0.255510 0.812500
vt 0.895533 0.220782
vt 0.901263 0.220782
vt 0.255510 0.750000
vt 0.255510 0.781250
vt 0.895533 0.265898
vt 0.901263 0.265898
vt 0.255510 0.718750
vt 0.255510 0.750000
vt 0.895533 0.311015
vt 0.901263 0.311014
vt 0.255510 0.687500
vt 0.255510 0.718750
vt 0.895533 0.356131
vt 0.901263 0.356131
vt 0.255510 0.656250
vt 0.895533 0.401247
vt 0.901263 0.401247
vt 0.255510 0.656250
vt 0.895533 0.446363
vt 0.901263 0.446363
vt 0.895533 0.491479
vt 0.901263 0.491479
vt 0.269975 0.963529
vt 0.269975 0.937500
vt 0.274896 0.965808
vt 0.889529 0.264676
vt 0.889529 0.224372
vt 0.892298 0.224361
vt 0.892298 0.265793
vt 0.269975 0.906250
vt 0.269975 0.875000
vt 0.269975 0.843750
vt 0.269975 0.843750
vt 0.269975 0.812500
vt 0.269975 0.781250
vt 0.269975 0.750000
vt 0.269975 0.718750
vt 0.269975 0.687500
vt 0.269975 0.656250
vt 0.269975 0.625000
vt 0.269975 0.593750
vt 0.269975 0.593750
vt 0.269975 0.562500
vt 0.275740 0.562500
vt 0.275740 0.593750
vt 0.269975 0.536471
vt 0.274896 0.534192
vt 0.889527 0.214376
vt 0.889527 0.174072
vt 0.892295 0.172932
vt 0.892295 0.214364
vt 0.892520 0.336453
vt 0.892520 0.377886
vt 0.889824 0.377873
vt 0.889824 0.337569
vt 0.256354 0.965808
vt 0.261275 0.937500
vt 0.261275 0.963529
vt 0.261275 0.906250
vt 0.261275 0.937500
vt 0.261275 0.875000
vt 0.261275 0.906250
vt 0.261275 0.843750
vt 0.261275 0.875000
vt 0.261275 0.812500
vt 0.261275 0.843750
vt 0.261275 0.781250
vt 0.261275 0.812500
vt 0.261275 0.750000
vt 0.261275 0.718750
vt 0.261275 0.687500
vt 0.261275 0.656250
vt 0.261275 0.625000
vt 0.261275 0.656250
vt 0.261275 0.593750
vt 0.261275 0.625000
vt 0.261275 0.562500
vt 0.261275 0.593750
vt 0.892225 0.265806
vt 0.892225 0.307239
vt 0.889529 0.306097
vt 0.889529 0.265793
vt 0.256354 0.534192
vt 0.261275 0.536471
vt 0.903945 0.622003
vt 0.892845 0.622003
vt 0.753036 0.329805
vt 0.753036 0.318538
vt 0.755724 0.317409
vt 0.755724 0.330934
vt 0.755724 0.330934
vt 0.758411 0.318538
vt 0.758411 0.329805
vt 0.892844 0.000000
vt 0.903945 0.000000
vt 0.547315 0.025139
vt 0.547315 0.020031
vt 0.543973 0.020023
vt 0.543973 0.701874
vt 0.547315 0.701882
vt 0.543973 0.025131
vt 0.506542 0.025132
vt 0.506542 0.020025
vt 0.503204 0.020032
vt 0.503204 0.701883
vt 0.506542 0.701875
vt 0.503204 0.025140
vt 0.547315 0.696774
vt 0.543973 0.696767
vt 0.506542 0.696768
vt 0.503204 0.696775
vt 0.877110 0.322518
vt 0.885262 0.322503
vt 0.893318 0.992460
vt 0.885165 0.992476
vt 0.787502 0.000069
vt 0.787229 0.005163
vt 0.779272 0.005094
vt 0.779545 0.000000
vt 0.654515 0.992872
vt 0.654791 0.997966
vt 0.646745 0.998044
vt 0.646469 0.992950
vt 0.751336 0.674958
vt 0.743379 0.674888
vt 0.639729 0.317777
vt 0.640005 0.322870
vt 0.618215 0.323081
vt 0.617939 0.317987
vt 0.609893 0.000290
vt 0.609615 0.005384
vt 0.587686 0.005172
vt 0.587964 0.000078
vt 0.991866 0.159966
vt 0.983541 0.159966
vt 0.983541 0.150775
vt 0.979775 0.384148
vt 0.988101 0.384148
vt 0.988101 0.393339
vt 0.979775 0.393339
vt 0.982589 0.179151
vt 0.990915 0.179151
vt 0.990915 0.188342
vt 0.982589 0.188342
vt 0.974264 0.179151
vt 0.974264 0.188342
vt 0.676305 0.992662
vt 0.676581 0.997755
vt 0.809050 0.000257
vt 0.808777 0.005351
vt 0.974264 0.188342
vt 0.965938 0.188342
vt 0.965938 0.179151
vt 0.772884 0.675145
vt 0.772611 0.680239
vt 0.751063 0.680051
vt 0.973908 0.396733
vt 0.982234 0.396733
vt 0.982234 0.405924
vt 0.973908 0.405924
vt 0.877048 0.317423
vt 0.885201 0.317408
vt 0.901614 0.675068
vt 0.901557 0.680163
vt 0.893379 0.680149
vt 0.893436 0.675054
vt 0.909123 0.000014
vt 0.909066 0.005109
vt 0.900888 0.005095
vt 0.900945 0.000000
vt 0.885226 0.997571
vt 0.893379 0.997555
vt 0.743106 0.679982
vt 0.982234 0.409318
vt 0.973908 0.409318
vt 0.676857 0.323092
vt 0.676581 0.317999
vt 0.882223 0.200811
vt 0.888247 0.200799
vt 0.542757 0.679976
vt 0.543035 0.674882
vt 0.713354 0.997978
vt 0.713079 0.992885
vt 0.610169 0.323158
vt 0.609893 0.318065
vt 0.579588 0.005094
vt 0.579866 0.000000
vt 0.988101 0.396733
vt 0.979775 0.396733
vt 0.904295 0.796770
vt 0.898253 0.796760
vt 0.932470 0.000002
vt 0.940602 0.000000
vt 0.940602 0.669966
vt 0.932470 0.669967
vt 0.932470 0.669967
vt 0.924274 0.669966
vt 0.924274 0.000000
vt 0.932470 0.000001
vt 0.079821 0.751282
vt 0.079821 0.759619
vt 0.082221 0.759619
vt 0.082221 0.074559
vt 0.079821 0.074559
vt 0.082221 0.751283
vt 0.227072 0.026739
vt 0.227072 0.018403
vt 0.224687 0.018406
vt 0.224687 0.703473
vt 0.227072 0.703470
vt 0.224687 0.026743
vt 0.398770 0.026752
vt 0.398770 0.018415
vt 0.396411 0.018410
vt 0.396411 0.703485
vt 0.398770 0.703491
vt 0.396411 0.026747
vt 0.079821 0.082895
vt 0.082221 0.082896
vt 0.227072 0.695133
vt 0.224687 0.695137
vt 0.398770 0.695154
vt 0.396411 0.695149
vt 0.915036 0.675059
vt 0.909237 0.675044
vt 0.918360 0.008316
vt 0.924160 0.008331
vt 0.921099 0.798261
vt 0.915018 0.798245
vt 0.909123 0.683360
vt 0.914923 0.683375
vt 0.097891 0.316776
vt 0.098373 0.325090
vt 0.093389 0.325140
vt 0.092907 0.316826
vt 0.280678 0.674938
vt 0.275766 0.674891
vt 0.311797 0.008314
vt 0.316708 0.008360
vt 0.957931 0.396671
vt 0.963798 0.398738
vt 0.957931 0.398738
vt 0.005470 0.674911
vt 0.004989 0.683224
vt 0.000000 0.683175
vt 0.000481 0.674861
vt 0.965938 0.158790
vt 0.971806 0.158790
vt 0.971806 0.178825
vt 0.965938 0.178825
vt 0.185303 0.991152
vt 0.185784 0.999466
vt 0.137471 0.999950
vt 0.136989 0.991637
vt 0.971806 0.138754
vt 0.542311 0.991047
vt 0.542757 0.999361
vt 0.495520 0.999805
vt 0.495075 0.991491
vt 0.364769 0.000496
vt 0.364320 0.008810
vt 0.317158 0.000046
vt 0.977673 0.118719
vt 0.983541 0.118719
vt 0.983541 0.138754
vt 0.977673 0.138754
vt 0.053830 0.675392
vt 0.053348 0.683705
vt 0.957931 0.376635
vt 0.973908 0.376698
vt 0.979775 0.376698
vt 0.146205 0.316292
vt 0.146687 0.324605
vt 0.971806 0.158790
vt 0.977673 0.178825
vt 0.971806 0.178825
vt 0.971806 0.118719
vt 0.328289 0.675387
vt 0.327840 0.683701
vt 0.280228 0.683252
vt 0.274865 0.991050
vt 0.275317 0.999364
vt 0.227813 0.999814
vt 0.227361 0.991500
vt 0.977673 0.158790
vt 0.983541 0.178825
vt 0.977673 0.178825
vt 0.092907 0.000531
vt 0.092426 0.008844
vt 0.044066 0.008363
vt 0.044547 0.000050
vt 0.238189 0.316160
vt 0.238641 0.324474
vt 0.191137 0.324924
vt 0.190685 0.316610
vt 0.454041 0.000495
vt 0.453590 0.008809
vt 0.406231 0.008360
vt 0.406682 0.000046
vt 0.809588 0.324432
vt 0.809050 0.316119
vt 0.814914 0.316054
vt 0.815452 0.324367
vt 0.859247 0.324255
vt 0.859098 0.315940
vt 0.864845 0.315924
vt 0.864993 0.324240
vt 0.871302 0.999292
vt 0.871153 0.990976
vt 0.876899 0.990961
vt 0.877048 0.999277
vt 0.924274 0.000015
vt 0.918474 0.000000
vt 0.853234 0.999250
vt 0.852696 0.990937
vt 0.858561 0.990872
vt 0.859098 0.999185
vt 0.275317 0.683205
vt 0.222913 0.999861
vt 0.222461 0.991547
vt 0.039077 0.008314
vt 0.039559 0.000000
vt 0.186236 0.324971
vt 0.185784 0.316657
vt 0.401346 0.008314
vt 0.401796 0.000000
vt 0.965938 0.116652
vt 0.971806 0.116652
vt 0.364769 0.683205
vt 0.365220 0.674891
vt 0.969666 0.398738
vt 0.963798 0.398738
vt 0.853045 0.200672
vt 0.859098 0.200606
vt 0.454486 0.324957
vt 0.454041 0.316643
vt 0.867051 0.200852
vt 0.873075 0.200835
vt 0.132487 1.000000
vt 0.132005 0.991686
vt 0.490648 0.999851
vt 0.490202 0.991537
vt 0.312246 0.000000
vt 0.946469 0.000002
vt 0.952232 0.000000
vt 0.952232 0.666739
vt 0.946469 0.666741
vt 0.940602 0.000000
vt 0.946469 0.000000
vt 0.946469 0.666745
vt 0.940602 0.666745
vt 0.957931 0.666739
vt 0.952232 0.666742
vt 0.952232 0.000003
vt 0.957931 0.000000
vt 0.845638 0.552080
vt 0.837668 0.034554
vt 0.498218 0.812335
vt 0.829235 0.282858
vt 0.829235 0.290877
vt 0.837668 0.026535
vt 0.853538 0.552080
vt 0.498218 0.804316
vt 0.636292 0.193197
vt 0.636725 0.201194
vt 0.630087 0.201258
vt 0.629653 0.193261
vt 0.054152 0.798807
vt 0.047513 0.798743
vt 0.503030 0.193183
vt 0.503459 0.201180
vt 0.496857 0.201242
vt 0.496429 0.193245
vt 0.325127 0.798674
vt 0.318473 0.798611
vt 0.414320 0.798672
vt 0.413886 0.806669
vt 0.407268 0.806606
vt 0.407701 0.798609
vt 0.995901 0.336450
vt 0.989750 0.336450
vt 0.080089 0.799055
vt 0.079626 0.807052
vt 0.053689 0.806803
vt 0.260992 0.192944
vt 0.261427 0.200941
vt 0.235486 0.201187
vt 0.235052 0.193190
vt 0.989750 0.358332
vt 0.995901 0.358332
vt 0.995901 0.369272
vt 0.989750 0.369272
vt 0.729188 0.192924
vt 0.729621 0.200920
vt 0.703756 0.201150
vt 0.703324 0.193153
vt 0.351126 0.798919
vt 0.350694 0.806916
vt 0.324695 0.806671
vt 0.995901 0.347391
vt 0.989750 0.347391
vt 0.795234 0.797037
vt 0.794805 0.805034
vt 0.769156 0.804811
vt 0.769584 0.796814
vt 0.440181 0.798917
vt 0.439748 0.806914
vt 0.994252 0.384148
vt 0.994252 0.395089
vt 0.988101 0.395089
vt 0.528824 0.192940
vt 0.529253 0.200937
vt 0.996518 0.407674
vt 0.990367 0.407674
vt 0.990367 0.396733
vt 0.996518 0.396733
vt 0.662230 0.192946
vt 0.662663 0.200943
vt 0.997826 0.129659
vt 0.991674 0.118719
vt 0.997826 0.118719
vt 0.920989 0.806260
vt 0.914909 0.806244
vt 0.904206 0.804769
vt 0.898164 0.804759
vt 0.852527 0.192676
vt 0.858581 0.192610
vt 0.882127 0.192812
vt 0.888151 0.192800
vt 0.866908 0.192853
vt 0.872932 0.192837
vt 0.763020 0.796757
vt 0.833732 0.004576
vt 0.841737 0.004489
vt 0.563010 0.804780
vt 0.563446 0.796783
vt 0.869083 0.004512
vt 0.877048 0.004490
vt 0.139697 0.201256
vt 0.139233 0.193260
vt 0.909123 0.993078
vt 0.901134 0.993064
vt 0.047050 0.806740
vt 0.228847 0.201250
vt 0.228413 0.193253
vt 0.885414 0.004505
vt 0.893379 0.004490
vt 0.697137 0.201209
vt 0.696704 0.193212
vt 0.318041 0.806608
vt 0.924273 0.994477
vt 0.916234 0.994456
vt 0.762591 0.804754
vt 0.988212 0.000092
vt 0.994250 0.000000
vt 0.994250 0.114944
vt 0.988491 0.115031
vt 0.988212 0.117175
vt 0.982264 0.116735
vt 0.982437 0.000000
vt 0.988212 0.000428
vt 0.995719 0.303629
vt 0.989750 0.303520
vt 0.990025 0.188342
vt 0.995719 0.188445
vt 0.968078 0.000030
vt 0.974134 0.000000
vt 0.974134 0.116612
vt 0.982264 0.116669
vt 0.976257 0.116631
vt 0.982264 0.000052
vt 0.300758 0.860410
vt 0.968413 0.391849
vt 0.642428 0.964854
vt 0.642421 0.932355
vt 0.636377 0.938748
vt 0.968418 0.292470
vt 0.972853 0.292471
vt 0.010000 0.250000
vt 0.972849 0.289115
vt 0.250000 0.010000
vt 0.642428 0.929040
vt 0.968414 0.289114
vt 0.300749 0.857095
vt 0.968417 0.388530
vt 0.067574 0.995254
vt 0.971932 0.401273
vt 0.963798 0.401273
vt 0.971932 0.398738
vt 0.166078 0.000187
vt 0.166338 0.004677
vt 0.160290 0.004735
vt 0.160030 0.000246
vt 0.991674 0.121254
vt 0.983541 0.121254
vt 0.723594 0.000171
vt 0.723837 0.004660
vt 0.717844 0.004714
vt 0.717602 0.000224
vt 0.609893 0.993555
vt 0.609648 0.998045
vt 0.590201 0.997857
vt 0.590446 0.993368
vt 0.999808 0.148240
vt 0.991674 0.148240
vt 0.991674 0.140090
vt 0.999808 0.140090
vt 0.454041 0.995369
vt 0.453798 0.999858
vt 0.434531 0.999676
vt 0.434775 0.995186
vt 0.676338 0.000000
vt 0.676581 0.004489
vt 0.657258 0.004676
vt 0.657014 0.000187
vt 0.990915 0.179151
vt 0.999048 0.179151
vt 0.999048 0.187301
vt 0.990915 0.187301
vt 0.542516 0.000000
vt 0.542757 0.004489
vt 0.523540 0.004670
vt 0.523300 0.000181
vt 0.809050 0.993471
vt 0.808809 0.997960
vt 0.789701 0.997794
vt 0.789941 0.993305
vt 0.983541 0.140090
vt 0.991674 0.148240
vt 0.983541 0.148240
vt 0.742863 0.000000
vt 0.743106 0.004489
vt 0.991674 0.129404
vt 0.983541 0.129404
vt 0.185524 0.000000
vt 0.185784 0.004489
vt 0.971932 0.409423
vt 0.963798 0.409423
vt 1.000000 0.168117
vt 0.991866 0.168117
vt 1.000000 0.159966
vt 0.364769 0.995370
vt 0.364526 0.999859
vt 0.345157 0.999676
vt 0.345400 0.995187
vt 0.983541 0.131939
vt 0.991674 0.131939
vt 0.909073 0.997568
vt 0.901084 0.997554
vt 0.885360 0.000015
vt 0.893325 0.000000
vt 0.924212 0.998968
vt 0.916172 0.998946
vt 0.833442 0.000087
vt 0.841446 0.000000
vt 0.869002 0.000021
vt 0.876968 0.000000
vt 0.339134 0.999619
vt 0.339376 0.995130
vt 0.983541 0.129404
vt 0.428783 0.995129
vt 0.249982 0.004729
vt 0.249738 0.000240
vt 0.584398 0.993309
vt 0.067314 0.999743
vt 0.584153 0.997798
vt 0.783998 0.993253
vt 0.428539 0.999619
vt 0.651248 0.004734
vt 0.651005 0.000245
vt 0.517564 0.004726
vt 0.517324 0.000237
vt 0.783758 0.997742
vt 0.991674 0.150775
vt 0.983541 0.150775
vt 0.973908 0.188342
vt 0.981852 0.188382
vt 0.981852 0.376698
vt 0.975844 0.376667
vt 0.973908 0.376563
vt 0.965920 0.376602
vt 0.967867 0.188371
vt 0.965920 0.376598
vt 0.959878 0.188370
vt 0.965920 0.188342
vt 0.965938 0.188310
vt 0.957931 0.188342
vt 0.959883 0.000024
vt 0.965938 0.000000
vt 0.989750 0.376747
vt 0.981852 0.376690
vt 0.983777 0.188342
vt 0.989750 0.188385
vt 0.884009 0.562500
vt 0.834741 0.750000
vt 0.790259 0.750000
vt 0.740991 0.964417
vt 0.740991 0.937500
vt 0.740991 0.910583
vt 0.696509 0.937500
vt 0.696509 0.964417
vt 0.696509 0.910583
vt 0.647241 0.776917
vt 0.647241 0.750000
vt 0.647241 0.723084
vt 0.602759 0.750000
vt 0.602759 0.776917
vt 0.602759 0.723083
vt 0.165259 0.937500
vt 0.115991 0.750000
vt 0.071509 0.750000
vt 0.071509 0.776917
vt 0.071509 0.723084
vt 0.022241 0.870667
vt 0.022241 0.843750
vt 0.022241 0.816834
vt 0.000000 0.816833
vt 0.000000 0.870667
vt 0.531250 0.535583
vt 0.531250 0.589417
vt 0.625000 0.723084
vt 0.625000 0.776917
vt 0.718750 0.910583
vt 0.718750 0.964417
vt 0.093750 0.750000
vt 0.718750 0.937500
vt 0.625000 0.750000
vt 0.187500 0.937500
vt 0.000000 0.843750
vt 0.531250 0.562500
vt 0.343750 0.937500
vt 0.812500 0.750000
vt 0.906250 0.562500
vt 0.437500 0.750000
vt 1.000000 0.843750
vt 0.310679 0.789831
vt 0.310588 0.803376
vt 0.309782 0.803375
vt 0.309873 0.789831
vt 0.841286 0.928850
vt 0.841286 0.940924
vt 0.869683 0.130317
vt 0.890732 0.155966
vt 0.905424 0.146149
vt 0.882177 0.117823
vt 0.841312 0.917002
vt 0.945367 0.604551
vt 0.945323 0.593051
vt 0.946128 0.593051
vt 0.946173 0.604551
vt 0.906374 0.185228
vt 0.922698 0.178466
vt 0.905424 0.146149
vt 0.840558 0.905834
vt 0.841364 0.905834
vt 0.916005 0.216980
vt 0.933335 0.213532
vt 0.840633 0.895776
vt 0.841439 0.895776
vt 0.945323 0.569023
vt 0.945367 0.557418
vt 0.946173 0.557418
vt 0.946128 0.569023
vt 0.916005 0.216980
vt 0.919258 0.250000
vt 0.936927 0.250000
vt 0.933335 0.213532
vt 0.945537 0.624330
vt 0.945440 0.615113
vt 0.946245 0.615113
vt 0.946343 0.624330
vt 0.945440 0.546686
vt 0.946245 0.546686
vt 0.919257 0.250000
vt 0.916005 0.283020
vt 0.933334 0.286467
vt 0.936927 0.250000
vt 0.945537 0.537239
vt 0.946343 0.537239
vt 0.906374 0.314772
vt 0.922698 0.321534
vt 0.945308 0.581054
vt 0.946113 0.581054
vt 0.904751 0.436637
vt 0.904866 0.445206
vt 0.904060 0.445206
vt 0.903945 0.436637
vt 0.890732 0.344034
vt 0.905424 0.353851
vt 0.750000 0.419257
vt 0.716980 0.416005
vt 0.713533 0.433335
vt 0.750000 0.436927
vt 0.904956 0.455271
vt 0.904151 0.455271
vt 0.890733 0.344034
vt 0.869683 0.369683
vt 0.882177 0.382177
vt 0.905424 0.353851
vt 0.716980 0.416005
vt 0.685228 0.406373
vt 0.678467 0.422698
vt 0.713533 0.433335
vt 0.905018 0.466443
vt 0.904213 0.466443
vt 0.844035 0.390732
vt 0.853851 0.405424
vt 0.655966 0.390732
vt 0.646149 0.405424
vt 0.905050 0.478293
vt 0.904245 0.478293
vt 0.814772 0.406374
vt 0.821534 0.422698
vt 0.630317 0.369683
vt 0.617823 0.382177
vt 0.646149 0.405424
vt 0.905050 0.490367
vt 0.904245 0.490367
vt 0.926524 0.323119
vt 0.909959 0.962888
vt 0.913398 0.961832
vt 0.937396 0.287275
vt 0.914781 0.974704
vt 0.917950 0.972987
vt 0.941068 0.250000
vt 0.905018 0.502199
vt 0.937397 0.212725
vt 0.926524 0.176881
vt 0.908867 0.143848
vt 0.896244 0.920439
vt 0.901067 0.908622
vt 0.904236 0.910339
vt 0.899684 0.921494
vt 0.885105 0.114894
vt 0.893786 0.932983
vt 0.897363 0.933336
vt 0.856152 0.091133
vt 0.893786 0.945772
vt 0.897363 0.945409
vt 0.823119 0.073476
vt 0.896244 0.958316
vt 0.899684 0.957251
vt 0.883309 0.749748
vt 0.886967 0.737509
vt 0.890297 0.738903
vt 0.886844 0.750456
vt 0.787275 0.062603
vt 0.901067 0.970133
vt 0.904236 0.968406
vt 0.882074 0.762476
vt 0.885678 0.762472
vt 0.750000 0.058932
vt 0.883309 0.775204
vt 0.886844 0.774487
vt 0.712725 0.062603
vt 0.886967 0.787443
vt 0.890297 0.786041
vt 0.309157 0.830643
vt 0.308352 0.830643
vt 0.309311 0.874819
vt 0.309425 0.887407
vt 0.308619 0.887408
vt 0.308506 0.874819
vt 0.308352 0.777908
vt 0.308207 0.788642
vt 0.307401 0.788642
vt 0.307546 0.777908
vt 0.308093 0.801280
vt 0.307287 0.801280
vt 0.308014 0.815337
vt 0.307209 0.815337
vt 0.307974 0.830271
vt 0.307168 0.830271
vt 0.307974 0.845509
vt 0.307168 0.845509
vt 0.308014 0.860466
vt 0.307209 0.860466
vt 0.308093 0.874566
vt 0.307287 0.874566
vt 0.308207 0.887268
vt 0.307401 0.887268
vt 0.308352 0.898084
vt 0.307546 0.898084
vt 0.844034 0.109268
vt 0.882177 0.117823
vt 0.853851 0.094576
vt 0.310802 0.777908
vt 0.309996 0.777908
vt 0.310531 0.818022
vt 0.309726 0.818022
vt 0.310512 0.833208
vt 0.309707 0.833208
vt 0.310531 0.848349
vt 0.309726 0.848348
vt 0.310588 0.862863
vt 0.309782 0.862863
vt 0.310679 0.876193
vt 0.309873 0.876193
vt 0.310802 0.887827
vt 0.309996 0.887827
vt 0.591920 0.777774
vt 0.591826 0.790468
vt 0.591020 0.790468
vt 0.591115 0.777774
vt 0.591760 0.804563
vt 0.590955 0.804563
vt 0.591727 0.819517
vt 0.590922 0.819517
vt 0.591727 0.834755
vt 0.590922 0.834755
vt 0.591760 0.849692
vt 0.590955 0.849692
vt 0.591826 0.863754
vt 0.591020 0.863754
vt 0.591920 0.876400
vt 0.591115 0.876400
vt 0.309425 0.777908
vt 0.309311 0.788786
vt 0.308506 0.788786
vt 0.308619 0.777909
vt 0.309227 0.801536
vt 0.308421 0.801537
vt 0.309175 0.815669
vt 0.308369 0.815670
vt 0.841312 0.952759
vt 0.814772 0.093627
vt 0.844034 0.109268
vt 0.821534 0.077302
vt 0.840558 0.963900
vt 0.841364 0.963900
vt 0.783021 0.083995
vt 0.814772 0.093627
vt 0.821534 0.077302
vt 0.786468 0.066665
vt 0.840633 0.973920
vt 0.841439 0.973920
vt 0.750000 0.080743
vt 0.786468 0.066665
vt 0.750000 0.063073
vt 0.041481 0.896055
vt 0.041571 0.887437
vt 0.042377 0.887436
vt 0.042287 0.896055
vt 0.716979 0.083995
vt 0.750000 0.080743
vt 0.750000 0.063073
vt 0.713533 0.066665
vt 0.041415 0.906158
vt 0.042220 0.906157
vt 0.685228 0.093627
vt 0.713533 0.066665
vt 0.678466 0.077302
vt 0.042179 0.917355
vt 0.655965 0.109268
vt 0.646149 0.094576
vt 0.042165 0.929219
vt 0.630317 0.130317
vt 0.646149 0.094576
vt 0.617823 0.117823
vt 0.042179 0.941292
vt 0.609267 0.155966
vt 0.630317 0.130317
vt 0.594576 0.146149
vt 0.042220 0.953111
vt 0.593626 0.185228
vt 0.577302 0.178466
vt 0.041481 0.964221
vt 0.042287 0.964221
vt 0.583995 0.216980
vt 0.566665 0.213533
vt 0.041571 0.974196
vt 0.042377 0.974195
vt 0.580742 0.250000
vt 0.566665 0.213533
vt 0.563073 0.250000
vt 0.904866 0.523350
vt 0.904751 0.531855
vt 0.903945 0.531855
vt 0.904060 0.523350
vt 0.583995 0.283021
vt 0.563073 0.250000
vt 0.566665 0.286468
vt 0.904956 0.513336
vt 0.904151 0.513336
vt 0.593627 0.314772
vt 0.583995 0.283021
vt 0.566665 0.286468
vt 0.577302 0.321534
vt 0.904213 0.502199
vt 0.609268 0.344035
vt 0.593627 0.314772
vt 0.594576 0.353851
vt 0.783020 0.416005
vt 0.750000 0.419257
vt 0.786468 0.433335
vt 0.609268 0.344034
vt 0.969174 0.500000
vt 0.999576 0.500000
vt 0.937924 0.500000
vt 0.968325 0.500000
vt 0.906675 0.500000
vt 0.937076 0.500000
vt 0.875425 0.500000
vt 0.905825 0.500000
vt 0.844174 0.500000
vt 0.874575 0.500000
vt 0.812924 0.500000
vt 0.843326 0.500000
vt 0.812500 0.500000
vt 0.781675 0.500000
vt 0.812075 0.500000
vt 0.750425 0.500000
vt 0.780826 0.500000
vt 0.719175 0.500000
vt 0.749575 0.500000
vt 0.687925 0.500000
vt 0.718326 0.500000
vt 0.656675 0.500000
vt 0.687076 0.500000
vt 0.625424 0.500000
vt 0.655825 0.500000
vt 0.594175 0.500000
vt 0.624576 0.500000
vt 0.562925 0.500000
vt 0.593325 0.500000
vt 0.531675 0.500000
vt 0.562076 0.500000
vt 0.500424 0.500000
vt 0.530825 0.500000
vt 0.469174 0.500000
vt 0.499576 0.500000
vt 0.437924 0.500000
vt 0.468326 0.500000
vt 0.406674 0.500000
vt 0.437076 0.500000
vt 0.406250 0.500000
vt 0.375424 0.500000
vt 0.405826 0.500000
vt 0.344174 0.500000
vt 0.374576 0.500000
vt 0.343750 0.500000
vt 0.312924 0.500000
vt 0.343326 0.500000
vt 0.281674 0.500000
vt 0.312076 0.500000
vt 0.250424 0.500000
vt 0.280826 0.500000
vt 0.219174 0.500000
vt 0.249576 0.500000
vt 0.187924 0.500000
vt 0.218326 0.500000
vt 0.156674 0.500000
vt 0.187076 0.500000
vt 0.125424 0.500000
vt 0.155826 0.500000
vt 0.094174 0.500000
vt 0.124576 0.500000
vt 0.062924 0.500000
vt 0.093326 0.500000
vt 0.031674 0.500000
vt 0.062076 0.500000
vt 0.000424 0.500000
vt 0.030826 0.500000
vt 0.759034 0.061245
vt 0.762308 0.077950
vt 0.759780 0.078197
vt 0.756603 0.061987
vt 0.762308 0.094982
vt 0.759780 0.094724
vt 0.759034 0.111687
vt 0.756603 0.110934
vt 0.752613 0.127423
vt 0.750372 0.126203
vt 0.743290 0.141584
vt 0.741326 0.139945
vt 0.731424 0.153628
vt 0.729812 0.151631
vt 0.717471 0.163091
vt 0.716272 0.160813
vt 0.701968 0.169609
vt 0.701229 0.167138
vt 0.685509 0.172932
vt 0.685258 0.170363
vt 0.668728 0.172932
vt 0.668975 0.170363
vt 0.652270 0.169609
vt 0.653004 0.167138
vt 0.636766 0.163091
vt 0.637961 0.160814
vt 0.622813 0.153628
vt 0.624422 0.151632
vt 0.610948 0.141585
vt 0.612907 0.139945
vt 0.601625 0.127423
vt 0.603861 0.126203
vt 0.595203 0.111687
vt 0.597630 0.110934
vt 0.591929 0.094982
vt 0.594453 0.094724
vt 0.591929 0.077950
vt 0.594453 0.078197
vt 0.595203 0.061245
vt 0.597630 0.061987
vt 0.601625 0.045509
vt 0.603861 0.046718
vt 0.610948 0.031347
vt 0.612907 0.032976
vt 0.622813 0.019304
vt 0.624422 0.021289
vt 0.636766 0.009841
vt 0.637961 0.012107
vt 0.652270 0.003323
vt 0.653004 0.005783
vt 0.668728 0.000000
vt 0.668975 0.002558
vt 0.685509 0.000000
vt 0.685258 0.002558
vt 0.701968 0.003323
vt 0.701229 0.005783
vt 0.717471 0.009841
vt 0.716273 0.012107
vt 0.731424 0.019303
vt 0.729812 0.021289
vt 0.743290 0.031347
vt 0.741326 0.032976
vt 0.752613 0.045509
vt 0.750372 0.046718
vt 0.750000 0.058932
vt 0.355365 0.780385
vt 0.367519 0.777931
vt 0.367763 0.780497
vt 0.356096 0.782852
vt 0.379912 0.777931
vt 0.379658 0.780497
vt 0.392067 0.780385
vt 0.391325 0.782852
vt 0.403517 0.785199
vt 0.402315 0.787473
vt 0.413821 0.792187
vt 0.412206 0.794181
vt 0.422584 0.801082
vt 0.420617 0.802718
vt 0.429470 0.811540
vt 0.427226 0.812757
vt 0.434212 0.823162
vt 0.431778 0.823911
vt 0.436630 0.835499
vt 0.434099 0.835753
vt 0.436630 0.848077
vt 0.434099 0.847827
vt 0.434212 0.860414
vt 0.431778 0.859668
vt 0.429470 0.872035
vt 0.427226 0.870823
vt 0.422585 0.882494
vt 0.420617 0.880862
vt 0.413821 0.891389
vt 0.412206 0.889399
vt 0.403517 0.898377
vt 0.402315 0.896107
vt 0.392067 0.903191
vt 0.391325 0.900728
vt 0.379913 0.905645
vt 0.379658 0.903083
vt 0.367520 0.905645
vt 0.367763 0.903083
vt 0.355365 0.903191
vt 0.356096 0.900727
vt 0.343915 0.898377
vt 0.345106 0.896107
vt 0.333611 0.891389
vt 0.335216 0.889399
vt 0.324848 0.882494
vt 0.326804 0.880862
vt 0.317962 0.872035
vt 0.320195 0.870823
vt 0.313220 0.860414
vt 0.315643 0.859668
vt 0.310802 0.848077
vt 0.313323 0.847827
vt 0.310802 0.835498
vt 0.313323 0.835753
vt 0.313220 0.823161
vt 0.315643 0.823911
vt 0.317962 0.811540
vt 0.320195 0.812757
vt 0.324848 0.801081
vt 0.326804 0.802718
vt 0.333611 0.792187
vt 0.335216 0.794181
vt 0.343915 0.785199
vt 0.345106 0.787473
vt 0.781250 1.000000
vt 0.531250 1.000000
vt 0.468750 1.000000
vt 0.812500 1.000000
vt 0.750000 1.000000
vt 0.718750 1.000000
vt 0.406250 1.000000
vt 0.250000 1.000000
vt 0.218750 1.000000
vt 0.656250 1.000000
vt 0.968750 1.000000
vt 0.031250 1.000000
vt 0.879229 0.644178
vt 0.814923 0.644178
vt 0.679045 0.491410
vt 0.693092 0.488574
vt 0.706325 0.483011
vt 0.718234 0.474934
vt 0.741800 0.439136
vt 0.744595 0.424878
vt 0.744595 0.410341
vt 0.741800 0.396082
vt 0.718234 0.360285
vt 0.706325 0.352208
vt 0.693092 0.346645
vt 0.679045 0.343809
vt 0.637442 0.352208
vt 0.625533 0.360285
vt 0.615405 0.370564
vt 0.607448 0.382652
vt 0.599172 0.424878
vt 0.601966 0.439136
vt 0.607448 0.452567
vt 0.615405 0.464655
vt 0.625533 0.474934
vt 0.601966 0.396083
vt 0.664722 0.343809
vt 0.736319 0.382652
vt 0.728362 0.464655
vt 0.650674 0.488574
vt 0.664722 0.491410
vt 0.736319 0.452567
vt 0.728362 0.370564
vt 0.650674 0.346645
vt 0.599172 0.410341
vt 0.637442 0.483011
vt 0.602012 0.694057
vt 0.598133 0.707037
vt 0.598133 0.734033
vt 0.602012 0.747012
vt 0.829142 0.786378
vt 0.841488 0.781188
vt 0.862048 0.764061
vt 0.869472 0.752784
vt 0.777219 0.659149
vt 0.766108 0.666684
vt 0.678290 0.788395
vt 0.691078 0.784457
vt 0.721671 0.682095
vt 0.713193 0.671610
vt 0.727970 0.694057
vt 0.749235 0.752784
vt 0.756659 0.764062
vt 0.766108 0.773652
vt 0.664991 0.789724
vt 0.749235 0.687553
vt 0.744121 0.700084
vt 0.789565 0.653958
vt 0.816035 0.651312
vt 0.802672 0.651312
vt 0.962376 0.519756
vt 0.962376 0.505770
vt 0.741514 0.713386
vt 0.627119 0.663006
vt 0.616789 0.671611
vt 0.741514 0.726950
vt 0.841455 0.954217
vt 0.841439 0.940233
vt 0.616789 0.769459
vt 0.627119 0.778064
vt 0.744121 0.740253
vt 0.906250 1.000000
vt 0.750000 1.000000
vt 0.718750 1.000000
vt 0.062500 1.000000
vt 0.218750 1.000000
vt 0.468750 1.000000
vt 0.781250 1.000000
vt 0.595574 1.000000
vt 0.623176 1.000000
vt 0.623368 1.000000
vt 0.595382 1.000000
vt 0.078506 0.082473
vt 0.052235 0.114484
vt 0.052043 0.114719
vt 0.078699 0.082239
vt 0.385783 0.051755
vt 0.247195 0.010276
vt 0.205983 0.014335
vt 0.205681 0.014365
vt 0.247497 0.010247
vt 0.498205 1.000000
vt 0.345574 1.000000
vt 0.373176 1.000000
vt 0.373368 1.000000
vt 0.345382 1.000000
vt 0.470574 1.000000
vt 0.498176 1.000000
vt 0.498368 1.000000
vt 0.470382 1.000000
vt 0.417946 0.078151
vt 0.470545 1.000000
vt 0.437500 1.000000
vt 0.455950 0.864064
vt 0.455950 0.847567
vt 0.456724 0.847489
vt 0.456724 0.864140
vt 0.781852 0.476498
vt 0.781852 0.492906
vt 0.780494 0.492082
vt 0.780494 0.477316
vt 0.791234 0.476844
vt 0.791234 0.492553
vt 0.789988 0.492446
vt 0.789988 0.476498
vt 0.889529 0.257646
vt 0.886329 0.273978
vt 0.885583 0.273748
vt 0.888754 0.257568
vt 0.884847 0.290988
vt 0.884847 0.307485
vt 0.884073 0.307564
vt 0.884073 0.290912
vt 0.489724 0.247195
vt 0.485665 0.205984
vt 0.485635 0.205682
vt 0.489753 0.247497
vt 0.888018 0.323665
vt 0.887273 0.323895
vt 0.789437 0.321174
vt 0.789437 0.326557
vt 0.788351 0.326581
vt 0.788351 0.321199
vt 0.051754 0.114218
vt 0.788737 0.492773
vt 0.788736 0.498212
vt 0.787643 0.498206
vt 0.787643 0.492767
vt 0.970545 1.000000
vt 0.452044 0.794641
vt 0.452044 0.811138
vt 0.451268 0.811216
vt 0.451268 0.794564
vt 0.790700 0.498306
vt 0.790700 0.492989
vt 0.791773 0.492938
vt 0.791773 0.498255
vt 0.455214 0.778461
vt 0.454469 0.778232
vt 0.248205 1.000000
vt 0.748205 1.000000
vt 0.896526 0.754219
vt 0.896526 0.770716
vt 0.895753 0.770792
vt 0.895753 0.754141
vt 0.220574 1.000000
vt 0.248176 1.000000
vt 0.248368 1.000000
vt 0.220382 1.000000
vt 0.780494 0.476498
vt 0.780494 0.492906
vt 0.779135 0.492083
vt 0.779135 0.477317
vt 0.785049 0.170318
vt 0.785049 0.165453
vt 0.786006 0.165698
vt 0.786007 0.170563
vt 0.252760 0.490272
vt 0.203179 0.485389
vt 0.899697 0.738039
vt 0.898954 0.737809
vt 0.603504 0.539397
vt 0.598303 0.552140
vt 0.620663 0.518175
vt 0.611054 0.527928
vt 0.736652 0.855364
vt 0.736652 0.841149
vt 0.697319 0.510512
vt 0.684764 0.505233
vt 0.730978 0.552140
vt 0.725777 0.539397
vt 0.591931 0.856442
vt 0.591929 0.842228
vt 0.708618 0.626954
vt 0.718228 0.617201
vt 0.684764 0.639896
vt 0.697319 0.634618
vt 0.631962 0.634618
vt 0.644517 0.639896
vt 0.611054 0.617201
vt 0.620663 0.626954
vt 0.603504 0.605733
vt 0.671435 0.642587
vt 0.730978 0.592989
vt 0.733629 0.579461
vt 0.708618 0.518175
vt 0.631962 0.510512
vt 0.799123 0.844058
vt 0.799138 0.829893
vt 0.595652 0.565668
vt 0.644517 0.505233
vt 0.657846 0.502542
vt 0.671435 0.502542
vt 0.718228 0.527928
vt 0.733629 0.565668
vt 0.725778 0.605733
vt 0.654395 0.846479
vt 0.654395 0.832264
vt 0.657846 0.642587
vt 0.598303 0.592989
vt 0.799143 0.858183
vt 0.874423 0.451112
vt 0.864814 0.460865
vt 0.853514 0.468528
vt 0.840959 0.473807
vt 0.799123 0.841587
vt 0.799122 0.854958
vt 0.776858 0.460865
vt 0.767249 0.451112
vt 0.751847 0.413372
vt 0.751847 0.399579
vt 0.654393 0.842609
vt 0.654395 0.855979
vt 0.788157 0.344422
vt 0.800713 0.339144
vt 0.814041 0.336453
vt 0.827631 0.336453
vt 0.864813 0.352086
vt 0.874423 0.361839
vt 0.881973 0.373308
vt 0.887173 0.386051
vt 0.889824 0.399579
vt 0.840959 0.339144
vt 0.759699 0.373307
vt 0.767249 0.361839
vt 0.759699 0.439643
vt 0.827631 0.476498
vt 0.861604 0.830669
vt 0.861590 0.843994
vt 0.881973 0.439643
vt 0.814041 0.476498
vt 0.800713 0.473807
vt 0.788157 0.468528
vt 0.754498 0.426900
vt 0.754498 0.386051
vt 0.776858 0.352086
vt 0.716857 0.832674
vt 0.716857 0.846045
vt 0.853514 0.344423
vt 0.889824 0.413372
vt 0.861610 0.857280
vt 0.861121 0.456298
vt 0.869923 0.447364
vt 0.839269 0.468153
vt 0.850770 0.463318
vt 0.709155 0.918271
vt 0.709156 0.931328
vt 0.771749 0.447364
vt 0.780551 0.456298
vt 0.757640 0.400158
vt 0.757640 0.412793
vt 0.936858 0.691625
vt 0.936845 0.704636
vt 0.802402 0.344798
vt 0.790901 0.349633
vt 0.827060 0.342333
vt 0.814612 0.342333
vt 0.869923 0.365587
vt 0.861121 0.356653
vt 0.881603 0.387766
vt 0.876839 0.376093
vt 0.884031 0.400158
vt 0.839269 0.344798
vt 0.771749 0.365587
vt 0.764833 0.376093
vt 0.764833 0.436858
vt 0.827060 0.470618
vt 0.159819 0.911855
vt 0.159821 0.924911
vt 0.876839 0.436858
vt 0.814612 0.470618
vt 0.802402 0.468153
vt 0.790901 0.463318
vt 0.760069 0.425185
vt 0.936840 0.678652
vt 0.780551 0.356653
vt 0.159826 0.821399
vt 0.159826 0.834455
vt 0.850770 0.349633
vt 0.884031 0.412793
vt 0.881603 0.425185
vt 0.789639 0.913256
vt 0.794403 0.924929
vt 0.792372 0.925551
vt 0.787767 0.914267
vt 0.796832 0.937321
vt 0.796832 0.949956
vt 0.794719 0.949742
vt 0.794719 0.937529
vt 0.654395 0.930918
vt 0.654395 0.918705
vt 0.884525 0.559241
vt 0.880911 0.547150
vt 0.882993 0.546728
vt 0.886486 0.558415
vt 0.884525 0.509911
vt 0.890393 0.498768
vt 0.892159 0.499961
vt 0.886486 0.510732
vt 0.882079 0.703860
vt 0.882092 0.691689
vt 0.355230 0.952850
vt 0.355230 0.940215
vt 0.357337 0.940424
vt 0.357337 0.952637
vt 0.357658 0.927823
vt 0.362422 0.916150
vt 0.364289 0.917162
vt 0.359684 0.928445
vt 0.379526 0.916150
vt 0.384290 0.927823
vt 0.382264 0.928445
vt 0.377659 0.917162
vt 0.386719 0.940215
vt 0.386719 0.952850
vt 0.384612 0.952637
vt 0.384611 0.940424
vt 0.384290 0.965243
vt 0.382264 0.964615
vt 0.369338 0.905645
vt 0.370974 0.907007
vt 0.369338 0.987421
vt 0.362422 0.976916
vt 0.364289 0.975899
vt 0.370974 0.986053
vt 0.879691 0.534576
vt 0.881814 0.534573
vt 0.794403 0.962348
vt 0.792372 0.961721
vt 0.105058 0.924530
vt 0.105057 0.912317
vt 0.782723 0.902750
vt 0.781082 0.904112
vt 0.789639 0.974021
vt 0.787767 0.973004
vt 0.782723 0.984527
vt 0.781082 0.983159
vt 0.890393 0.570384
vt 0.892159 0.569186
vt 0.880911 0.522002
vt 0.882993 0.522419
vt 0.882074 0.679554
vt 0.357658 0.965243
vt 0.359684 0.964615
vt 0.105057 0.834017
vt 0.105057 0.821804
vt 0.372610 0.905645
vt 0.370974 0.907007
vt 0.379526 0.976916
vt 0.377659 0.975899
vt 0.372610 0.987421
vt 0.370974 0.986053
vt 0.408174 0.914728
vt 0.412293 0.924820
vt 0.410266 0.925448
vt 0.406307 0.915745
vt 0.414392 0.935534
vt 0.414392 0.946458
vt 0.412285 0.946250
vt 0.412285 0.935748
vt 0.042377 0.931433
vt 0.042377 0.920509
vt 0.420611 0.967265
vt 0.416492 0.957172
vt 0.418518 0.956550
vt 0.422478 0.966253
vt 0.416492 0.924820
vt 0.420611 0.914728
vt 0.422478 0.915745
vt 0.418518 0.925447
vt 0.736653 0.949827
vt 0.736652 0.938904
vt 0.386719 0.946458
vt 0.386719 0.935534
vt 0.388831 0.935748
vt 0.388831 0.946250
vt 0.388818 0.924820
vt 0.392937 0.914728
vt 0.394810 0.915745
vt 0.390850 0.925448
vt 0.883870 0.622668
vt 0.880746 0.612215
vt 0.882828 0.611792
vt 0.885832 0.621842
vt 0.879691 0.601343
vt 0.880746 0.590472
vt 0.882828 0.590889
vt 0.881814 0.601341
vt 0.883870 0.580018
vt 0.885832 0.580839
vt 0.398917 0.905645
vt 0.400558 0.907012
vt 0.398917 0.976348
vt 0.392937 0.967265
vt 0.394810 0.966253
vt 0.400558 0.974986
vt 0.416500 0.946250
vt 0.412293 0.957172
vt 0.410266 0.956551
vt 0.591929 0.931944
vt 0.591941 0.921058
vt 0.402194 0.905645
vt 0.408174 0.967265
vt 0.406307 0.966253
vt 0.402194 0.976348
vt 0.400558 0.974986
vt 0.426590 0.976348
vt 0.428227 0.974986
vt 0.414392 0.935534
vt 0.416500 0.935748
vt 0.426590 0.905645
vt 0.428227 0.907012
vt 0.388818 0.957172
vt 0.390850 0.956551
vt 0.310802 0.945133
vt 0.310802 0.934209
vt 0.888944 0.632302
vt 0.890709 0.631104
vt 0.888944 0.570384
vt 0.890709 0.571577
vt 0.591945 0.942799
vt 0.057702 0.778009
vt 0.067850 0.780058
vt 0.077410 0.784077
vt 0.086013 0.789911
vt 0.086813 0.920947
vt 0.086812 0.931027
vt 0.105057 0.836575
vt 0.103038 0.846876
vt 0.086013 0.872737
vt 0.077410 0.878572
vt 0.781081 0.939285
vt 0.781082 0.949365
vt 0.027647 0.878572
vt 0.019043 0.872737
vt 0.011727 0.865311
vt 0.005978 0.856578
vt 0.000000 0.826073
vt 0.002019 0.815773
vt 0.005978 0.806070
vt 0.011727 0.797337
vt 0.019044 0.789911
vt 0.002019 0.846876
vt 0.057702 0.884640
vt 0.047355 0.884640
vt 0.099078 0.856578
vt 0.093330 0.797338
vt 0.636373 0.921835
vt 0.636362 0.931880
vt 0.047355 0.778009
vt 0.099078 0.806070
vt 0.103038 0.815773
vt 0.105057 0.826073
vt 0.093330 0.865311
vt 0.067850 0.882591
vt 0.037206 0.882591
vt 0.355229 0.934619
vt 0.355230 0.944699
vt 0.000000 0.836575
vt 0.027647 0.784077
vt 0.636377 0.941896
vt 0.802672 0.789024
vt 0.816035 0.789024
vt 0.777219 0.781188
vt 0.731850 0.707037
vt 0.789566 0.786378
vt 0.086813 0.933893
vt 0.086831 0.919956
vt 0.874586 0.740253
vt 0.691078 0.656612
vt 0.678290 0.652675
vt 0.756659 0.676275
vt 0.869472 0.687552
vt 0.862048 0.676275
vt 0.608312 0.758974
vt 0.086831 0.947789
vt 0.713193 0.769459
vt 0.721671 0.758974
vt 0.702864 0.663006
vt 0.608312 0.682095
vt 0.638905 0.656612
vt 0.638905 0.784457
vt 0.651692 0.788395
vt 0.716857 0.845620
vt 0.716857 0.831635
vt 0.877193 0.726950
vt 0.852599 0.773652
vt 0.877193 0.713386
vt 0.852599 0.666684
vt 0.841488 0.659148
vt 0.727970 0.747012
vt 0.731850 0.734033
vt 0.702864 0.778064
vt 0.874586 0.700083
vt 0.651692 0.652675
vt 0.829142 0.653958
vt 0.664991 0.651345
vt 0.596823 0.720535
vt 0.744927 0.755128
vt 0.739446 0.741697
vt 0.624401 0.782187
vt 0.613329 0.772965
vt 0.882074 0.727439
vt 0.879280 0.741697
vt 0.524453 0.922198
vt 0.510545 0.922199
vt 0.802201 0.793971
vt 0.788154 0.791135
vt 0.828056 0.144435
vt 0.814149 0.144436
vt 0.736652 0.727439
vt 0.736652 0.712902
vt 0.650738 0.793260
vt 0.637032 0.789040
vt 0.855714 0.777495
vt 0.843805 0.785572
vt 0.613329 0.668090
vt 0.624400 0.658867
vt 0.865841 0.767215
vt 0.637032 0.652014
vt 0.739446 0.698643
vt 0.737352 0.578576
vt 0.737353 0.564461
vt 0.830572 0.791135
vt 0.816524 0.793971
vt 0.597491 0.692148
vt 0.604242 0.679327
vt 0.873799 0.685212
vt 0.879280 0.698643
vt 0.705584 0.658867
vt 0.716656 0.668090
vt 0.752884 0.673125
vt 0.763012 0.662845
vt 0.705584 0.782187
vt 0.692952 0.789040
vt 0.802201 0.646369
vt 0.816524 0.646369
vt 0.736652 0.734995
vt 0.732494 0.748906
vt 0.774921 0.654769
vt 0.788154 0.649205
vt 0.725742 0.761727
vt 0.716656 0.772965
vt 0.744927 0.685212
vt 0.679246 0.793260
vt 0.664992 0.794685
vt 0.763012 0.777495
vt 0.752884 0.767216
vt 0.604242 0.761727
vt 0.597491 0.748906
vt 0.830572 0.649205
vt 0.843805 0.654769
vt 0.818635 0.172952
vt 0.832454 0.172932
vt 0.855714 0.662845
vt 0.865841 0.673125
vt 0.725742 0.679327
vt 0.732494 0.692148
vt 0.882074 0.712901
vt 0.679246 0.647794
vt 0.692952 0.652014
vt 0.873799 0.755128
vt 0.650738 0.647794
vt 0.664992 0.646369
vt 0.804776 0.172937
vt 0.774921 0.785572
vt 0.593333 0.734995
vt 0.591929 0.720527
vt 0.736652 0.706060
vt 0.593333 0.706060
vt 0.750000 0.463368
vt 0.791626 0.459268
vt 0.790564 0.453927
vt 0.750000 0.457922
vt 0.831653 0.447126
vt 0.829569 0.442095
vt 0.868541 0.427409
vt 0.865515 0.422881
vt 0.829569 0.442095
vt 0.900874 0.400874
vt 0.897023 0.397023
vt 0.865515 0.422881
vt 0.927409 0.368541
vt 0.922881 0.365515
vt 0.897023 0.397023
vt 0.947126 0.331652
vt 0.942095 0.329568
vt 0.959268 0.291626
vt 0.953926 0.290563
vt 0.942095 0.329568
vt 0.963368 0.250000
vt 0.957922 0.250000
vt 0.959268 0.208374
vt 0.953927 0.209437
vt 0.947126 0.168348
vt 0.942095 0.170432
vt 0.927409 0.131459
vt 0.922881 0.134485
vt 0.942095 0.170432
vt 0.900874 0.099126
vt 0.897023 0.102977
vt 0.900874 0.099126
vt 0.868541 0.072591
vt 0.865515 0.077119
vt 0.897023 0.102977
vt 0.831653 0.052874
vt 0.829568 0.057905
vt 0.865515 0.077119
vt 0.791626 0.040732
vt 0.790564 0.046073
vt 0.750000 0.036632
vt 0.750000 0.042078
vt 0.790564 0.046073
vt 0.708374 0.040732
vt 0.709437 0.046073
vt 0.750000 0.042078
vt 0.708374 0.040732
vt 0.668347 0.052874
vt 0.670432 0.057905
vt 0.668347 0.052874
vt 0.631459 0.072591
vt 0.634485 0.077119
vt 0.599126 0.099126
vt 0.602977 0.102977
vt 0.572591 0.131459
vt 0.577119 0.134485
vt 0.602977 0.102977
vt 0.552874 0.168348
vt 0.557905 0.170432
vt 0.577119 0.134485
vt 0.540732 0.208374
vt 0.546073 0.209437
vt 0.557905 0.170432
vt 0.536632 0.250000
vt 0.542078 0.250000
vt 0.540732 0.291626
vt 0.546073 0.290564
vt 0.552874 0.331653
vt 0.557905 0.329568
vt 0.546073 0.290564
vt 0.552874 0.331653
vt 0.572591 0.368541
vt 0.577119 0.365515
vt 0.599126 0.400874
vt 0.602977 0.397023
vt 0.577119 0.365515
vt 0.631459 0.427409
vt 0.634485 0.422881
vt 0.602977 0.397023
vt 0.668348 0.447126
vt 0.670432 0.442095
vt 0.708374 0.459268
vt 0.709437 0.453927
vt 0.670432 0.442095
vt 0.708374 0.459268
vt 0.709437 0.453927
vt 0.750000 0.446514
vt 0.788338 0.442738
vt 0.825203 0.431556
vt 0.825203 0.431555
vt 0.859177 0.413396
vt 0.856152 0.408867
vt 0.888957 0.388956
vt 0.913395 0.359177
vt 0.931555 0.325203
vt 0.942738 0.288338
vt 0.937396 0.287275
vt 0.946514 0.250000
vt 0.942738 0.211662
vt 0.937397 0.212725
vt 0.942738 0.211662
vt 0.931555 0.174797
vt 0.913395 0.140822
vt 0.908867 0.143848
vt 0.888956 0.111044
vt 0.885105 0.114894
vt 0.859178 0.086604
vt 0.859178 0.086604
vt 0.825203 0.068445
vt 0.856152 0.091133
vt 0.825203 0.068445
vt 0.788338 0.057262
vt 0.788338 0.057262
vt 0.750000 0.053486
vt 0.750000 0.053486
vt 0.711662 0.057262
vt 0.711662 0.057262
vt 0.674797 0.068445
vt 0.640823 0.086604
vt 0.611043 0.111044
vt 0.611043 0.111044
vt 0.586604 0.140823
vt 0.586604 0.140823
vt 0.568444 0.174797
vt 0.568444 0.174797
vt 0.557262 0.211662
vt 0.557262 0.211662
vt 0.553486 0.250000
vt 0.557262 0.288338
vt 0.568445 0.325203
vt 0.586605 0.359178
vt 0.586605 0.359178
vt 0.611044 0.388957
vt 0.611044 0.388957
vt 0.640823 0.413396
vt 0.640823 0.413396
vt 0.674798 0.431556
vt 0.711662 0.442738
vt 0.712725 0.437397
vt 0.711662 0.442738
vt 0.164787 0.823897
vt 0.169609 0.812081
vt 0.176610 0.801447
vt 0.185520 0.792403
vt 0.195997 0.785298
vt 0.207639 0.780403
vt 0.219998 0.777908
vt 0.232599 0.777908
vt 0.244957 0.780403
vt 0.256599 0.785298
vt 0.267077 0.792403
vt 0.275987 0.801447
vt 0.282987 0.812081
vt 0.287810 0.823897
vt 0.290268 0.836441
vt 0.290268 0.849231
vt 0.287810 0.861775
vt 0.282987 0.873591
vt 0.275987 0.884225
vt 0.267077 0.893269
vt 0.256599 0.900375
vt 0.244957 0.905269
vt 0.232599 0.907764
vt 0.219998 0.907764
vt 0.207639 0.905269
vt 0.195997 0.900375
vt 0.185520 0.893269
vt 0.176610 0.884225
vt 0.169609 0.873591
vt 0.164787 0.861775
vt 0.162328 0.849231
vt 0.162328 0.836441
vt 0.980759 0.560517
vt 0.980696 0.542319
vt 0.994874 0.542304
vt 0.994937 0.560502
vt 0.980862 0.577623
vt 0.995040 0.577608
vt 0.981001 0.592981
vt 0.995178 0.592966
vt 0.576567 0.790870
vt 0.576744 0.777774
vt 0.590922 0.777774
vt 0.590744 0.790869
vt 0.576428 0.806288
vt 0.590605 0.806287
vt 0.576332 0.823436
vt 0.590509 0.823435
vt 0.576283 0.841655
vt 0.590461 0.841654
vt 0.576283 0.860245
vt 0.590461 0.860244
vt 0.576332 0.878492
vt 0.590509 0.878491
vt 0.576428 0.895694
vt 0.590605 0.895693
vt 0.576567 0.911190
vt 0.590744 0.911189
vt 0.576744 0.924385
vt 0.590922 0.924384
vt 0.971259 0.660914
vt 0.971409 0.646369
vt 0.985586 0.646372
vt 0.985436 0.660917
vt 0.971147 0.677439
vt 0.985325 0.677441
vt 0.971079 0.695307
vt 0.985256 0.695310
vt 0.971056 0.713833
vt 0.985233 0.713836
vt 0.971079 0.732304
vt 0.985256 0.732307
vt 0.971147 0.750011
vt 0.985325 0.750014
vt 0.971259 0.766274
vt 0.985436 0.766276
vt 0.971409 0.780466
vt 0.985586 0.780469
vt 0.985707 0.661856
vt 0.985822 0.646369
vt 1.000000 0.646370
vt 0.999884 0.661856
vt 0.985627 0.679051
vt 0.999805 0.679051
vt 0.985586 0.697294
vt 0.999764 0.697295
vt 0.985586 0.715884
vt 0.999764 0.715885
vt 0.985627 0.734107
vt 0.999805 0.734107
vt 0.985707 0.751262
vt 0.999884 0.751262
vt 0.985822 0.766690
vt 1.000000 0.766690
vt 0.980862 0.472666
vt 0.981001 0.459396
vt 0.995178 0.459381
vt 0.995040 0.472651
vt 0.980759 0.488221
vt 0.994937 0.488206
vt 0.980696 0.505463
vt 0.994874 0.505448
vt 0.980675 0.523730
vt 0.994852 0.523715
vt 0.989346 0.310044
vt 0.989382 0.320196
vt 0.983301 0.320202
vt 0.983266 0.310050
vt 0.993444 0.324214
vt 0.993547 0.341321
vt 0.979369 0.341336
vt 0.979267 0.324229
vt 0.993685 0.356679
vt 0.979508 0.356694
vt 0.451268 0.777931
vt 0.451091 0.791027
vt 0.436914 0.791027
vt 0.437091 0.777932
vt 0.450952 0.806445
vt 0.436775 0.806445
vt 0.450856 0.823593
vt 0.436679 0.823593
vt 0.450807 0.841812
vt 0.436630 0.841812
vt 0.450807 0.860402
vt 0.436630 0.860403
vt 0.446770 0.864436
vt 0.446797 0.874615
vt 0.440717 0.874615
vt 0.440689 0.864436
vt 0.450856 0.878648
vt 0.450952 0.895850
vt 0.436775 0.895851
vt 0.436679 0.878649
vt 0.451091 0.911346
vt 0.436914 0.911347
vt 0.451268 0.924541
vt 0.437091 0.924542
vt 0.990369 0.793974
vt 0.990219 0.808519
vt 0.976042 0.808516
vt 0.976192 0.793971
vt 0.990108 0.825043
vt 0.975930 0.825040
vt 0.990039 0.842911
vt 0.975862 0.842909
vt 0.990016 0.861437
vt 0.975839 0.861435
vt 0.985973 0.865520
vt 0.985986 0.875825
vt 0.979905 0.875823
vt 0.979892 0.865519
vt 0.990039 0.879909
vt 0.990108 0.897616
vt 0.975930 0.897613
vt 0.975862 0.879906
vt 0.990219 0.913878
vt 0.976042 0.913875
vt 0.990369 0.928071
vt 0.976192 0.928068
vt 0.999199 0.000000
vt 0.999083 0.015487
vt 0.984906 0.015486
vt 0.985021 0.000000
vt 0.999004 0.032682
vt 0.984826 0.032682
vt 0.998963 0.050925
vt 0.984785 0.050925
vt 0.998963 0.069516
vt 0.984785 0.069515
vt 0.994923 0.073544
vt 0.994946 0.083710
vt 0.988866 0.083710
vt 0.988843 0.073543
vt 0.999004 0.087738
vt 0.999083 0.104893
vt 0.984906 0.104893
vt 0.984826 0.087738
vt 0.999199 0.120321
vt 0.985021 0.120320
vt 0.993685 0.223093
vt 0.993547 0.236363
vt 0.979369 0.236379
vt 0.979508 0.223108
vt 0.993444 0.251918
vt 0.979266 0.251934
vt 0.993381 0.269161
vt 0.979203 0.269176
vt 0.993359 0.287427
vt 0.979182 0.287443
vt 0.993381 0.306017
vt 0.979203 0.306032
vt 0.458012 0.834501
vt 0.458012 0.855152
vt 0.457939 0.855152
vt 0.457939 0.834501
vt 0.458057 0.875394
vt 0.457984 0.875394
vt -0.001235 0.500000
vt 0.123765 0.500000
vt 0.373763 0.500000
vt 0.344987 0.500000
vt 0.123763 0.500000
vt 0.094987 0.500000
vt 0.219987 0.500000
vt 0.248763 0.500000
vt 0.469985 0.500000
vt 0.248734 0.500000
vt 0.219870 0.500000
vt 0.248880 0.500000
vt 0.248765 0.500000
vt 0.498763 0.500000
vt 0.469987 0.500000
vt 0.344987 0.500000
vt 0.373763 0.500000
vt 0.776111 0.332682
vt 0.772034 0.332657
vt 0.772034 0.328454
vt 0.776111 0.328479
vt 0.217706 0.947981
vt 0.221669 0.968202
vt 0.220589 0.968319
vt 0.216622 0.948089
vt 0.594985 0.500000
vt 0.217706 0.928103
vt 0.216622 0.927995
vt 0.623763 0.500000
vt 0.594987 0.500000
vt 0.221669 0.907881
vt 0.220589 0.907764
vt 0.469987 0.500000
vt 0.498763 0.500000
vt 0.762582 0.165154
vt 0.767095 0.165142
vt 0.767095 0.169345
vt 0.762582 0.169358
vt 0.228564 0.947981
vt 0.232527 0.968202
vt 0.231448 0.968319
vt 0.227481 0.948089
vt 0.228564 0.928103
vt 0.227481 0.927995
vt 0.748763 0.500000
vt 0.232527 0.907881
vt 0.231448 0.907764
vt 0.498765 0.500000
vt 0.623765 0.500000
vt 0.470016 0.500000
vt 0.498734 0.500000
vt 0.498880 0.500000
vt 0.469870 0.500000
vt 0.594987 0.500000
vt 0.469985 0.500000
vt 0.594985 0.500000
vt 0.373765 0.500000
vt 0.345016 0.500000
vt 0.373734 0.500000
vt 0.373880 0.500000
vt 0.344870 0.500000
vt 0.762887 0.335923
vt 0.758292 0.335929
vt 0.758292 0.331726
vt 0.762887 0.331720
vt 0.344985 0.500000
vt 0.767960 0.327383
vt 0.763547 0.327399
vt 0.763547 0.323195
vt 0.767960 0.323180
vt 0.248763 0.500000
vt 0.219987 0.500000
vt 0.781421 0.165142
vt 0.784733 0.165184
vt 0.784733 0.169388
vt 0.781421 0.169346
vt 0.219985 0.500000
vt 0.776125 0.327409
vt 0.772033 0.327384
vt 0.772033 0.323180
vt 0.776125 0.323206
vt 0.998734 0.500000
vt 0.970016 0.500000
vt 0.969870 0.500000
vt 0.998880 0.500000
vt 0.969985 0.500000
vt 0.773901 0.165138
vt 0.777477 0.165172
vt 0.777477 0.169376
vt 0.773901 0.169342
vt 0.163412 0.947981
vt 0.167375 0.968202
vt 0.166295 0.968320
vt 0.162328 0.948089
vt 0.219902 0.500000
vt 0.248848 0.500000
vt 0.249170 0.500000
vt 0.219580 0.500000
vt 0.458441 0.809952
vt 0.458371 0.829105
vt 0.458298 0.829105
vt 0.458368 0.809952
vt 0.243386 0.907881
vt 0.239423 0.928103
vt 0.238340 0.927995
vt 0.242307 0.907764
vt 0.458555 0.792672
vt 0.458482 0.792672
vt 0.239423 0.947981
vt 0.238340 0.948089
vt 0.271999 0.947981
vt 0.275962 0.968202
vt 0.274883 0.968319
vt 0.270916 0.948089
vt 0.243386 0.968202
vt 0.242307 0.968320
vt 0.344902 0.500000
vt 0.373848 0.500000
vt 0.374170 0.500000
vt 0.344580 0.500000
vt 0.458146 0.894451
vt 0.458073 0.894451
vt 0.469902 0.500000
vt 0.498848 0.500000
vt 0.499170 0.500000
vt 0.469580 0.500000
vt 0.458146 0.795134
vt 0.458057 0.814236
vt 0.457984 0.814236
vt 0.458073 0.795134
vt 0.458274 0.777931
vt 0.458201 0.777931
vt 0.892678 0.277632
vt 0.892844 0.293398
vt 0.892772 0.293398
vt 0.892605 0.277632
vt 0.892554 0.259567
vt 0.892481 0.259567
vt 0.594902 0.500000
vt 0.623848 0.500000
vt 0.624170 0.500000
vt 0.594580 0.500000
vt 0.892478 0.239897
vt 0.892405 0.239897
vt 0.094987 0.500000
vt 0.873765 0.500000
vt 0.344985 0.500000
vt 0.458555 0.909264
vt 0.458709 0.926324
vt 0.458636 0.926324
vt 0.458482 0.909264
vt 0.873763 0.500000
vt 0.844987 0.500000
vt 0.767359 0.165154
vt 0.771763 0.165137
vt 0.771763 0.169341
vt 0.767359 0.169357
vt 0.781105 0.169380
vt 0.777509 0.169346
vt 0.777509 0.165142
vt 0.781105 0.165177
vt 0.167375 0.907881
vt 0.163412 0.928103
vt 0.162328 0.927995
vt 0.166295 0.907764
vt 0.094985 0.500000
vt 0.458709 0.777931
vt 0.458636 0.777931
vt 0.763216 0.322136
vt 0.758624 0.322142
vt 0.758624 0.317938
vt 0.763216 0.317933
vt 0.776316 0.323178
vt 0.780191 0.323210
vt 0.780191 0.327414
vt 0.776316 0.327381
vt 0.458274 0.911589
vt 0.458201 0.911589
vt 0.892547 0.422069
vt 0.892392 0.439196
vt 0.892319 0.439196
vt 0.892474 0.422069
vt 0.844985 0.500000
vt 0.094985 0.500000
vt 0.892744 0.407522
vt 0.892671 0.407522
vt 0.758626 0.323190
vt 0.763214 0.323184
vt 0.763214 0.327388
vt 0.758626 0.327394
vt 0.776489 0.328453
vt 0.780551 0.328484
vt 0.780551 0.332687
vt 0.776489 0.332657
vt 0.185129 0.947981
vt 0.189092 0.968202
vt 0.188013 0.968320
vt 0.184046 0.948089
vt 0.185129 0.928103
vt 0.184046 0.927995
vt 0.970016 0.500000
vt 0.998734 0.500000
vt 0.998880 0.500000
vt 0.892286 0.458245
vt 0.892231 0.478484
vt 0.892159 0.478484
vt 0.892213 0.458245
vt 0.892844 0.144436
vt 0.892678 0.160594
vt 0.892605 0.160594
vt 0.892772 0.144436
vt 0.892231 0.499134
vt 0.892159 0.499134
vt 0.781648 0.497671
vt 0.778091 0.497630
vt 0.778091 0.493427
vt 0.781648 0.493468
vt 0.892286 0.519404
vt 0.892213 0.519404
vt 0.943308 0.270057
vt 0.939345 0.290279
vt 0.938261 0.290171
vt 0.942228 0.269940
vt 0.623848 0.500000
vt 0.624170 0.500000
vt 0.939345 0.310156
vt 0.938261 0.310265
vt 0.210810 0.907881
vt 0.206847 0.928103
vt 0.205764 0.927995
vt 0.209730 0.907764
vt 0.943308 0.330378
vt 0.942228 0.330495
vt 0.206847 0.947981
vt 0.205764 0.948089
vt 0.877514 0.908740
vt 0.873552 0.928961
vt 0.872468 0.928853
vt 0.876435 0.908622
vt 0.123848 0.500000
vt 0.094902 0.500000
vt 0.094580 0.500000
vt 0.124170 0.500000
vt 0.210810 0.968202
vt 0.209730 0.968320
vt 0.195988 0.928103
vt 0.195988 0.947981
vt 0.194905 0.948089
vt 0.194905 0.927995
vt 0.867422 0.969060
vt 0.871385 0.948839
vt 0.872468 0.948947
vt 0.868502 0.969178
vt 0.469902 0.500000
vt 0.199951 0.968202
vt 0.198871 0.968320
vt 0.873552 0.948839
vt 0.943308 0.209502
vt 0.939345 0.229723
vt 0.938261 0.229615
vt 0.942228 0.209385
vt 0.873848 0.500000
vt 0.844902 0.500000
vt 0.844580 0.500000
vt 0.874170 0.500000
vt 0.939345 0.249601
vt 0.938261 0.249709
vt 0.254245 0.907881
vt 0.250282 0.928103
vt 0.249199 0.927995
vt 0.253165 0.907764
vt 0.199951 0.907881
vt 0.198871 0.907764
vt 0.943308 0.269823
vt 0.250282 0.947981
vt 0.249199 0.948089
vt 0.344902 0.500000
vt 0.344580 0.500000
vt 0.374170 0.500000
vt 0.254245 0.968202
vt 0.253165 0.968320
vt 0.179000 0.968202
vt 0.182963 0.947981
vt 0.184046 0.948089
vt 0.180079 0.968320
vt 0.748848 0.500000
vt 0.719902 0.500000
vt 0.719580 0.500000
vt 0.749170 0.500000
vt 0.182963 0.928103
vt 0.184046 0.927995
vt 0.295314 0.907430
vt 0.291351 0.927652
vt 0.290268 0.927543
vt 0.294235 0.907313
vt 0.179000 0.907881
vt 0.180079 0.907764
vt 0.291351 0.947529
vt 0.290268 0.947638
vt 0.248848 0.500000
vt 0.219902 0.500000
vt 0.249170 0.500000
vt 0.295314 0.967751
vt 0.294235 0.967868
vt 0.969902 0.500000
vt 0.998848 0.500000
vt 0.999170 0.500000
vt 0.969580 0.500000
vt 0.271999 0.928103
vt 0.270916 0.927995
vt 0.871385 0.928961
vt 0.867422 0.908740
vt 0.868502 0.908622
vt 0.123848 0.500000
vt 0.124170 0.500000
vt 0.877514 0.969060
vt 0.876435 0.969177
vt 0.275962 0.907881
vt 0.274883 0.907764
vt 0.892392 0.538512
vt 0.892319 0.538512
vt 0.844902 0.500000
vt 0.873848 0.500000
vt 0.874170 0.500000
vt 0.892547 0.555726
vt 0.892474 0.555726
vt 0.261141 0.947981
vt 0.265104 0.968202
vt 0.264024 0.968320
vt 0.260057 0.948089
vt 0.892744 0.570384
vt 0.892671 0.570384
vt 0.458441 0.890261
vt 0.458368 0.890261
vt 0.261141 0.928103
vt 0.260057 0.927995
vt 0.265104 0.907881
vt 0.264024 0.907764
vt 0.892554 0.178950
vt 0.892481 0.178950
vt 0.749170 0.500000
vt 0.892478 0.198799
vt 0.892405 0.198799
vt 0.892452 0.219378
vt 0.892379 0.219378
vt 0.189092 0.907881
vt 0.188013 0.907764
vt 0.373765 0.500000
vt 0.373734 0.500000
vt 0.373880 0.500000
vt 0.498765 0.500000
vt 0.498734 0.500000
vt 0.470016 0.500000
vt 0.469870 0.500000
vt 0.498880 0.500000
vt 0.595016 0.500000
vt 0.594870 0.500000
vt 0.748765 0.500000
vt 0.748880 0.500000
vt 0.969985 0.500000
vt 0.998848 0.500000
vt 0.969902 0.500000
vt 0.969580 0.500000
vt 0.999170 0.500000
vt -0.001235 0.500000
vt 0.219985 0.500000
vt 0.758411 0.317415
vt 0.763428 0.317409
vt 0.867029 0.909405
vt 0.862204 0.910891
vt 0.861610 0.910529
vt 0.767930 0.336433
vt 0.763099 0.336453
vt 0.205170 0.910032
vt 0.200344 0.908546
vt 0.205764 0.909671
vt 0.771764 0.322660
vt 0.776234 0.322689
vt 0.243779 0.967537
vt 0.248604 0.966051
vt 0.249199 0.966413
vt 0.227481 0.909671
vt 0.226887 0.910032
vt 0.222061 0.908546
vt 0.785049 0.169909
vt 0.781430 0.169863
vt 0.772050 0.169863
vt 0.767239 0.169881
vt 0.948526 0.272208
vt 0.943700 0.270722
vt 0.949120 0.271847
vt 0.173187 0.909671
vt 0.178607 0.908547
vt 0.173782 0.910032
vt 0.753036 0.331208
vt 0.758078 0.331207
vt 0.763425 0.322678
vt 0.222061 0.967537
vt 0.226887 0.966051
vt 0.227481 0.966413
vt 0.238340 0.909671
vt 0.237746 0.910032
vt 0.232920 0.908546
vt 0.758078 0.331208
vt 0.763099 0.331201
vt 0.776234 0.327934
vt 0.771764 0.327906
vt 0.173782 0.966051
vt 0.178607 0.967537
vt 0.173187 0.966413
vt 0.949120 0.268033
vt 0.943700 0.269158
vt 0.948526 0.267672
vt 0.781430 0.164618
vt 0.785049 0.164664
vt 0.771764 0.327934
vt 0.776218 0.327961
vt 0.232920 0.967537
vt 0.237746 0.966051
vt 0.238340 0.966413
vt 0.194905 0.909671
vt 0.194311 0.910032
vt 0.189486 0.908546
vt 0.777775 0.492906
vt 0.781661 0.492951
vt 0.768246 0.327906
vt 0.763425 0.327923
vt 0.948526 0.211653
vt 0.943700 0.210167
vt 0.949120 0.211291
vt 0.216622 0.966413
vt 0.211203 0.967537
vt 0.216028 0.966052
vt 0.763099 0.336447
vt 0.758078 0.336453
vt 0.767239 0.169863
vt 0.762308 0.169877
vt 0.189486 0.967537
vt 0.194311 0.966051
vt 0.194905 0.966413
vt 0.763425 0.327906
vt 0.758411 0.327912
vt 0.270323 0.910033
vt 0.265497 0.908547
vt 0.270916 0.909671
vt 0.216622 0.909671
vt 0.216028 0.910033
vt 0.211203 0.908547
vt 0.776218 0.333206
vt 0.771764 0.333179
vt 0.937500 0.500000
vt 0.031250 0.500000
vt 0.062500 0.500000
vt 0.891511 0.378051
vt 0.891455 0.396846
vt 0.890939 0.396928
vt 0.890996 0.377886
vt 0.196502 0.928154
vt 0.891455 0.414108
vt 0.890939 0.414227
vt 0.196502 0.947929
vt 0.891511 0.429173
vt 0.890996 0.429491
vt 0.200344 0.967537
vt 0.889824 0.435474
vt 0.889868 0.417222
vt 0.890384 0.417284
vt 0.890339 0.435775
vt 0.254638 0.908547
vt 0.250796 0.928154
vt 0.889868 0.397858
vt 0.890384 0.397878
vt 0.250796 0.947929
vt 0.889824 0.378126
vt 0.890339 0.377886
vt 0.254638 0.967537
vt 0.457266 0.835884
vt 0.457241 0.854093
vt 0.456725 0.854193
vt 0.456750 0.835744
vt 0.295707 0.908096
vt 0.291865 0.927703
vt 0.457266 0.870470
vt 0.456750 0.870604
vt 0.291865 0.947478
vt 0.793457 0.158548
vt 0.793457 0.144461
vt 0.793974 0.144436
vt 0.793974 0.158708
vt 0.295707 0.967086
vt 0.457856 0.836045
vt 0.457810 0.854347
vt 0.457294 0.854287
vt 0.457341 0.835744
vt 0.207360 0.928155
vt 0.457810 0.873736
vt 0.457294 0.873718
vt 0.207360 0.947930
vt 0.457856 0.893467
vt 0.457341 0.893709
vt 0.892057 0.435913
vt 0.892031 0.454071
vt 0.891515 0.454172
vt 0.891541 0.435775
vt 0.939858 0.229775
vt 0.892057 0.470374
vt 0.891541 0.470509
vt 0.939858 0.249550
vt 0.793457 0.172631
vt 0.793457 0.158730
vt 0.793975 0.158708
vt 0.793975 0.172792
vt 0.456725 0.835443
vt 0.456778 0.817241
vt 0.457294 0.817303
vt 0.457241 0.835744
vt 0.182450 0.947929
vt 0.456778 0.797902
vt 0.457294 0.797923
vt 0.182450 0.928154
vt 0.456725 0.778170
vt 0.457241 0.777931
vt 0.891271 0.619415
vt 0.891334 0.601156
vt 0.891850 0.601059
vt 0.891787 0.619558
vt 0.939858 0.290330
vt 0.891334 0.584707
vt 0.891850 0.584575
vt 0.939858 0.310105
vt 0.891271 0.570700
vt 0.891787 0.570384
vt 0.943700 0.329713
vt 0.890948 0.436084
vt 0.890897 0.453624
vt 0.890381 0.453546
vt 0.890433 0.435775
vt 0.867029 0.968396
vt 0.870872 0.948788
vt 0.890897 0.472590
vt 0.890381 0.472553
vt 0.870872 0.929013
vt 0.890948 0.492254
vt 0.890433 0.492476
vt 0.272513 0.947930
vt 0.276356 0.967537
vt 0.891515 0.435775
vt 0.891458 0.454818
vt 0.890948 0.454728
vt 0.891004 0.435933
vt 0.272513 0.928155
vt 0.891458 0.472117
vt 0.890948 0.471990
vt 0.276356 0.908547
vt 0.891515 0.487380
vt 0.891004 0.487056
vt 0.261654 0.947930
vt 0.265497 0.967537
vt 0.890939 0.377886
vt 0.890895 0.396378
vt 0.890384 0.396441
vt 0.890428 0.378189
vt 0.261654 0.928154
vt 0.890895 0.415784
vt 0.890384 0.415806
vt 0.890939 0.435775
vt 0.890428 0.435538
vt 0.185643 0.947929
vt 0.892385 0.570384
vt 0.892361 0.588832
vt 0.891850 0.588726
vt 0.891875 0.570517
vt 0.185643 0.928154
vt 0.892385 0.605244
vt 0.891875 0.605103
vt 0.793985 0.320943
vt 0.793985 0.335215
vt 0.793475 0.335202
vt 0.793475 0.321115
vt 0.229078 0.947929
vt 0.889824 0.493740
vt 0.889871 0.475197
vt 0.890381 0.475135
vt 0.890336 0.493437
vt 0.229078 0.928154
vt 0.889871 0.455766
vt 0.890381 0.455746
vt 0.889824 0.435775
vt 0.890336 0.436014
vt 0.218219 0.947929
vt 0.892386 0.605244
vt 0.892361 0.623640
vt 0.891850 0.623533
vt 0.891876 0.605375
vt 0.218219 0.928154
vt 0.892386 0.639978
vt 0.891876 0.639835
vt 0.794483 0.144436
vt 0.794483 0.158520
vt 0.793974 0.158513
vt 0.793974 0.144612
vt 0.239936 0.947929
vt 0.457858 0.777931
vt 0.457805 0.796372
vt 0.457294 0.796438
vt 0.457347 0.778235
vt 0.239936 0.928154
vt 0.457805 0.815753
vt 0.457294 0.815776
vt 0.243779 0.908547
vt 0.457858 0.835744
vt 0.457347 0.835509
vt 0.163925 0.947930
vt 0.167767 0.967537
vt 0.892084 0.377886
vt 0.892021 0.396385
vt 0.891511 0.396279
vt 0.891574 0.378020
vt 0.163925 0.928155
vt 0.892021 0.412869
vt 0.891511 0.412728
vt 0.167767 0.908547
vt 0.892084 0.427060
vt 0.891574 0.426735
vt 0.874065 0.948788
vt 0.877907 0.968396
vt 0.891271 0.570384
vt 0.891220 0.588154
vt 0.890710 0.588236
vt 0.890760 0.570696
vt 0.874065 0.929013
vt 0.891220 0.607162
vt 0.890710 0.607203
vt 0.877907 0.909405
vt 0.891271 0.627084
vt 0.890760 0.626867
vt 0.949120 0.328589
vt 0.948526 0.328227
vt 0.777492 0.169900
vt 0.773585 0.169863
vt 0.780657 0.333212
vt 0.776218 0.333179
vt 0.862204 0.966910
vt 0.861610 0.967271
vt 0.249199 0.909671
vt 0.248604 0.910032
vt 0.758078 0.336452
vt 0.753036 0.336453
vt 0.205764 0.966413
vt 0.205170 0.966051
vt 0.777492 0.164618
vt 0.781420 0.164656
vt 0.767239 0.164636
vt 0.772050 0.164618
vt 0.172593 0.966052
vt 0.173187 0.966413
vt 0.776234 0.322653
vt 0.780468 0.322689
vt 0.259464 0.910032
vt 0.260057 0.909671
vt 0.763428 0.322655
vt 0.758411 0.322660
vt 0.882733 0.910891
vt 0.883327 0.910529
vt 0.763099 0.331208
vt 0.767930 0.331188
vt 0.281181 0.966052
vt 0.281775 0.966413
vt 0.172593 0.910033
vt 0.773585 0.164618
vt 0.777492 0.164654
vt 0.260057 0.966413
vt 0.259464 0.966051
vt 0.758411 0.322667
vt 0.763425 0.322660
vt 0.776218 0.327934
vt 0.780657 0.327967
vt 0.882733 0.966910
vt 0.883327 0.967271
vt 0.762308 0.164632
vt 0.767239 0.164618
vt 0.300533 0.909581
vt 0.301127 0.909220
vt 0.281775 0.909671
vt 0.281181 0.910033
vt 0.781420 0.169901
vt 0.777492 0.169863
vt 0.780468 0.327934
vt 0.776234 0.327898
vt 0.270323 0.966051
vt 0.270916 0.966413
vt 0.301127 0.965961
vt 0.300533 0.965600
vt 0.781661 0.498196
vt 0.777775 0.498151
vt 0.770189 0.496111
vt 0.770189 0.477063
vt 0.772086 0.476498
vt 0.772086 0.496679
vt 0.999645 0.500000
vt 0.968928 0.500000
vt 0.969570 0.500000
vt 0.874180 0.500000
vt 0.874822 0.500000
vt 0.775879 0.477065
vt 0.775879 0.496113
vt 0.773983 0.496679
vt 0.773983 0.476498
vt 0.843928 0.500000
vt 0.844570 0.500000
vt 0.812500 0.500000
vt 0.749180 0.500000
vt 0.749822 0.500000
vt 0.775596 0.164051
vt 0.775596 0.145003
vt 0.777492 0.144436
vt 0.777492 0.164618
vt 0.718928 0.500000
vt 0.719570 0.500000
vt 0.624180 0.500000
vt 0.624822 0.500000
vt 0.773983 0.477063
vt 0.773983 0.496111
vt 0.593928 0.500000
vt 0.594570 0.500000
vt 0.499180 0.500000
vt 0.499822 0.500000
vt 0.768291 0.496114
vt 0.768291 0.477066
vt 0.770189 0.476498
vt 0.770189 0.496679
vt 0.468928 0.500000
vt 0.469570 0.500000
vt 0.374180 0.500000
vt 0.374822 0.500000
vt 0.766107 0.164052
vt 0.766107 0.145004
vt 0.768006 0.144436
vt 0.768006 0.164618
vt 0.343928 0.500000
vt 0.344570 0.500000
vt 0.249180 0.500000
vt 0.249822 0.500000
vt 0.764493 0.496112
vt 0.764493 0.477064
vt 0.766392 0.476498
vt 0.766392 0.496679
vt 0.218928 0.500000
vt 0.219570 0.500000
vt 0.124180 0.500000
vt 0.124822 0.500000
vt 0.768006 0.164050
vt 0.768006 0.145002
vt 0.769904 0.144436
vt 0.769904 0.164618
vt 0.093928 0.500000
vt 0.094570 0.500000
vt -0.000820 0.500000
vt 0.771802 0.164618
vt 0.771802 0.144436
vt 0.773699 0.145001
vt 0.773699 0.164049
vt 0.775879 0.496679
vt 0.775879 0.476498
vt 0.777775 0.477063
vt 0.777775 0.496111
vt 0.844570 0.500000
vt 0.779388 0.144436
vt 0.779388 0.164618
vt 0.777492 0.164051
vt 0.777492 0.145003
vt 0.719570 0.500000
vt 0.624180 0.500000
vt 0.775596 0.144436
vt 0.775596 0.164618
vt 0.773699 0.164049
vt 0.773699 0.145002
vt 0.562500 0.500000
vt 0.594570 0.500000
vt 0.499180 0.500000
vt 0.771802 0.164618
vt 0.769904 0.164049
vt 0.769904 0.145001
vt 0.374180 0.500000
vt 0.764208 0.164618
vt 0.764208 0.144436
vt 0.766107 0.145004
vt 0.766107 0.164052
vt 0.249180 0.500000
vt 0.762308 0.164618
vt 0.762308 0.144436
vt 0.764208 0.145003
vt 0.764208 0.164051
vt 0.156250 0.500000
vt 0.124180 0.500000
vt 0.766392 0.496679
vt 0.768291 0.477063
vt 0.768291 0.496111
vt 0.094570 0.500000
vt -0.000820 0.500000
vt 0.028269 0.341844
vt 0.782103 0.160845
vt 0.782103 0.144436
vt 0.783458 0.145256
vt 0.783458 0.160022
vt 0.788633 0.476498
vt 0.788633 0.492484
vt 0.787278 0.491665
vt 0.787278 0.477321
vt 0.845426 1.000000
vt 0.345545 1.000000
vt 0.490253 0.247428
vt 0.780747 0.144436
vt 0.780747 0.160845
vt 0.779388 0.160026
vt 0.779388 0.145260
vt 0.916264 0.772731
vt 0.917285 0.789195
vt 0.916507 0.789319
vt 0.915476 0.772701
vt 0.095426 1.000000
vt 0.490272 0.247240
vt 0.013861 0.294349
vt 0.790135 0.160125
vt 0.790135 0.144436
vt 0.791380 0.144552
vt 0.791380 0.160479
vt 0.127872 0.638981
vt 0.109409 0.623824
vt 0.101004 0.825729
vt 0.092785 0.832751
vt 0.791380 0.160741
vt 0.791380 0.145476
vt 0.791900 0.144436
vt 0.791900 0.161686
vt 0.845545 1.000000
vt 0.784463 0.327125
vt 0.784462 0.321966
vt 0.785486 0.321837
vt 0.785486 0.326996
vt 0.904535 0.754476
vt 0.904535 0.770462
vt 0.903314 0.770583
vt 0.903314 0.754353
vt 0.623205 1.000000
vt 0.162328 0.810291
vt 0.161981 0.826783
vt 0.161197 0.826851
vt 0.161547 0.810204
vt 0.417527 0.078506
vt 0.385516 0.052235
vt 0.385281 0.052043
vt 0.417761 0.078699
vt -0.001795 1.000000
vt 0.418066 0.078297
vt 0.786175 0.144436
vt 0.786175 0.160423
vt 0.784817 0.159599
vt 0.784817 0.145256
vt 0.220545 1.000000
vt 0.783207 0.477321
vt 0.783207 0.492087
vt 0.893624 0.754472
vt 0.893624 0.770459
vt 0.892405 0.770583
vt 0.892405 0.754352
vt 0.595545 1.000000
vt 0.886203 0.257314
vt 0.886203 0.241327
vt 0.887421 0.241204
vt 0.887421 0.257434
vt 0.486139 0.205651
vt 0.205832 0.013807
vt 0.788706 0.333534
vt 0.788706 0.328208
vt 0.789781 0.328161
vt 0.789781 0.333487
vt 0.889529 0.240994
vt 0.888754 0.241071
vt 0.373205 1.000000
vt 0.456031 0.925294
vt 0.452616 0.921914
vt 0.453460 0.921400
vt 0.456875 0.924780
vt 0.062500 1.000000
vt 0.009728 0.252760
vt 0.904409 0.787126
vt 0.901208 0.770794
vt 0.901981 0.770716
vt 0.905152 0.786896
vt 0.784561 0.476498
vt 0.784561 0.492906
vt 0.783207 0.492084
vt 0.783207 0.477318
vt 0.095545 1.000000
vt 0.901208 0.754143
vt 0.901981 0.754219
vt 0.970574 1.000000
vt 0.998176 1.000000
vt 0.998368 1.000000
vt 0.970382 1.000000
vt 0.904409 0.737811
vt 0.905152 0.738039
vt 0.720545 1.000000
vt 0.789028 0.164908
vt 0.789028 0.170346
vt 0.787935 0.170340
vt 0.787935 0.164902
vt 0.252805 0.489724
vt 0.294016 0.485665
vt 0.294318 0.485635
vt 0.252503 0.489753
vt 0.781882 0.334109
vt 0.781882 0.328955
vt 0.782903 0.328822
vt 0.782903 0.333976
vt 0.886329 0.224662
vt 0.885583 0.224891
vt 0.452779 0.880244
vt 0.453523 0.880472
vt 0.114218 0.448246
vt 0.784681 0.333989
vt 0.784681 0.328934
vt 0.785675 0.328758
vt 0.785675 0.333813
vt 0.082474 0.421494
vt 0.114484 0.447765
vt 0.114719 0.447957
vt 0.082239 0.421302
vt 0.888754 0.207650
vt 0.888754 0.191153
vt 0.889527 0.191076
vt 0.889527 0.207728
vt 0.777775 0.476498
vt 0.779135 0.477318
vt 0.779135 0.492084
vt 0.885583 0.223830
vt 0.886326 0.224060
vt 0.786773 0.326437
vt 0.786773 0.321581
vt 0.787727 0.321831
vt 0.787727 0.326687
vt 0.421494 0.417527
vt 0.447765 0.385516
vt 0.447957 0.385281
vt 0.421301 0.417761
vt 0.013807 0.294168
vt 0.010276 0.252805
vt 0.014335 0.294017
vt 0.014365 0.294319
vt 0.010247 0.252503
vt 0.421849 0.417946
vt 0.345430 1.000000
vt 0.373320 1.000000
vt 0.873324 1.000000
vt 0.170850 0.651466
vt 0.148746 0.648314
vt 0.085682 0.837074
vt 0.079146 0.838542
vt 0.294349 0.486139
vt 0.563851 0.603426
vt 0.548891 0.623824
vt 0.740689 0.825721
vt 0.730854 0.816279
vt 0.248324 1.000000
vt 0.154120 0.777375
vt 0.137088 0.791628
vt 0.078681 0.550216
vt 0.079239 0.519437
vt 0.792938 0.157837
vt 0.792938 0.145038
vt 0.793457 0.144436
vt 0.793457 0.158899
vt 0.122753 0.804762
vt 0.110847 0.816285
vt 0.094448 0.603429
vt 0.083945 0.578575
vt 0.579059 0.519451
vt 0.579620 0.550219
vt 0.704611 0.791625
vt 0.687579 0.777371
vt 0.220430 1.000000
vt 0.248320 1.000000
vt 0.250000 1.000000
vt 0.574357 0.578575
vt 0.718951 0.804771
vt 0.704611 0.791625
vt 0.794346 0.479552
vt 0.794346 0.494915
vt 0.793929 0.495915
vt 0.793929 0.478554
vt 0.845430 1.000000
vt 0.873320 1.000000
vt 0.092785 0.832751
vt 0.085682 0.837074
vt 0.411704 0.335922
vt 0.449951 0.351066
vt 0.527132 0.699368
vt 0.492640 0.692346
vt 0.123324 1.000000
vt 0.095430 1.000000
vt 0.123320 1.000000
vt 0.970430 1.000000
vt 0.998320 1.000000
vt 0.572317 0.487453
vt 0.579059 0.519450
vt 0.687579 0.777371
vt 0.667687 0.762558
vt 0.720426 1.000000
vt 0.644868 0.747727
vt 0.619188 0.733473
vt 0.540043 0.424683
vt 0.559271 0.455451
vt 0.031377 1.000000
vt 0.062373 1.000000
vt 0.062226 1.000000
vt 0.031524 1.000000
vt 0.158156 0.471731
vt 0.720430 1.000000
vt 0.748320 1.000000
vt 0.718750 1.000000
vt 0.623324 1.000000
vt 0.085984 0.487449
vt 0.099029 0.455452
vt 0.196832 0.747727
vt 0.174020 0.762561
vt 0.619187 0.733469
vt 0.590809 0.720332
vt 0.514994 0.396331
vt 0.540044 0.424687
vt 0.294168 0.486193
vt 0.787531 0.160423
vt 0.787531 0.144436
vt 0.788886 0.145259
vt 0.788886 0.159603
vt 0.785920 0.476498
vt 0.785920 0.492484
vt 0.784561 0.491664
vt 0.784561 0.477320
vt 0.114384 0.448335
vt 0.116663 0.449553
vt 0.123205 1.000000
vt 0.970426 1.000000
vt 0.345426 1.000000
vt 0.281250 1.000000
vt 0.421703 0.418066
vt 0.786322 0.492747
vt 0.786322 0.498197
vt 0.785225 0.498197
vt 0.785225 0.492747
vt 0.782103 0.144436
vt 0.782103 0.160845
vt 0.780747 0.160026
vt 0.780747 0.145261
vt 0.792419 0.145337
vt 0.792419 0.160417
vt 0.791900 0.161476
vt 0.899697 0.786896
vt 0.898954 0.787124
vt 0.787278 0.476498
vt 0.787278 0.492484
vt 0.785920 0.491665
vt 0.785920 0.477321
vt 0.162328 0.859371
vt 0.161978 0.875864
vt 0.161194 0.875927
vt 0.161547 0.859279
vt 0.784817 0.144436
vt 0.784817 0.160423
vt 0.783458 0.159601
vt 0.783458 0.145257
vt 0.246596 0.335918
vt 0.287254 0.326571
vt 0.384670 0.688027
vt 0.349060 0.692351
vt 0.448245 0.385783
vt 0.078297 0.081934
vt 0.078151 0.082054
vt 0.595426 1.000000
vt 0.908851 0.780234
vt 0.912307 0.783390
vt 0.911470 0.783868
vt 0.908014 0.780711
vt 0.888018 0.274808
vt 0.887273 0.274580
vt 0.498324 1.000000
vt 0.791504 0.165000
vt 0.791504 0.170323
vt 0.790430 0.170372
vt 0.790430 0.165049
vt 0.782022 0.321743
vt 0.782022 0.326910
vt 0.780997 0.327036
vt 0.780997 0.321868
vt 0.247240 0.009728
vt 0.296822 0.014612
vt 0.735413 0.918694
vt 0.736441 0.935101
vt 0.735659 0.935164
vt 0.734621 0.918603
vt 0.093877 1.000000
vt 0.124873 1.000000
vt 0.124726 1.000000
vt 0.094024 1.000000
vt 0.156377 1.000000
vt 0.187373 1.000000
vt 0.187226 1.000000
vt 0.156524 1.000000
vt 0.281377 1.000000
vt 0.312373 1.000000
vt 0.312226 1.000000
vt 0.281524 1.000000
vt 0.343877 1.000000
vt 0.374873 1.000000
vt 0.374726 1.000000
vt 0.344024 1.000000
vt 0.468877 1.000000
vt 0.499873 1.000000
vt 0.499726 1.000000
vt 0.469024 1.000000
vt 0.531377 1.000000
vt 0.562373 1.000000
vt 0.562226 1.000000
vt 0.531524 1.000000
vt 0.656377 1.000000
vt 0.687373 1.000000
vt 0.687226 1.000000
vt 0.656524 1.000000
vt 0.718877 1.000000
vt 0.749873 1.000000
vt 0.749726 1.000000
vt 0.719024 1.000000
vt 0.843877 1.000000
vt 0.874873 1.000000
vt 0.874726 1.000000
vt 0.844024 1.000000
vt 0.906377 1.000000
vt 0.937373 1.000000
vt 0.937226 1.000000
vt 0.906524 1.000000
vt 0.937627 1.000000
vt 0.968623 1.000000
vt 0.968476 1.000000
vt 0.937774 1.000000
vt 0.781377 1.000000
vt 0.812373 1.000000
vt 0.812226 1.000000
vt 0.781524 1.000000
vt 0.593877 1.000000
vt 0.624873 1.000000
vt 0.624726 1.000000
vt 0.594024 1.000000
vt 0.406377 1.000000
vt 0.437373 1.000000
vt 0.437226 1.000000
vt 0.406524 1.000000
vt 0.218877 1.000000
vt 0.249873 1.000000
vt 0.249726 1.000000
vt 0.219024 1.000000
vt 0.062627 1.000000
vt 0.093623 1.000000
vt 0.093476 1.000000
vt 0.062774 1.000000
vt 0.125127 1.000000
vt 0.156123 1.000000
vt 0.155976 1.000000
vt 0.125274 1.000000
vt 0.968877 1.000000
vt 0.999873 1.000000
vt 0.999726 1.000000
vt 0.969025 1.000000
vt 0.250127 1.000000
vt 0.281123 1.000000
vt 0.280976 1.000000
vt 0.250274 1.000000
vt 0.312627 1.000000
vt 0.343623 1.000000
vt 0.343476 1.000000
vt 0.312774 1.000000
vt 0.187627 1.000000
vt 0.218623 1.000000
vt 0.218476 1.000000
vt 0.187774 1.000000
vt 0.437627 1.000000
vt 0.468623 1.000000
vt 0.468476 1.000000
vt 0.437774 1.000000
vt 0.500127 1.000000
vt 0.531123 1.000000
vt 0.530976 1.000000
vt 0.500274 1.000000
vt 0.375127 1.000000
vt 0.406123 1.000000
vt 0.405976 1.000000
vt 0.375274 1.000000
vt 0.625127 1.000000
vt 0.656123 1.000000
vt 0.655976 1.000000
vt 0.625274 1.000000
vt 0.687627 1.000000
vt 0.718623 1.000000
vt 0.718476 1.000000
vt 0.687774 1.000000
vt 0.562627 1.000000
vt 0.593623 1.000000
vt 0.593476 1.000000
vt 0.562774 1.000000
vt 0.812627 1.000000
vt 0.843623 1.000000
vt 0.843476 1.000000
vt 0.812774 1.000000
vt 0.875127 1.000000
vt 0.906123 1.000000
vt 0.905976 1.000000
vt 0.875274 1.000000
vt 0.750127 1.000000
vt 0.781123 1.000000
vt 0.780976 1.000000
vt 0.750274 1.000000
vt 0.000127 1.000000
vt 0.031123 1.000000
vt 0.030976 1.000000
vt 0.000274 1.000000
vt 0.281250 1.000000
vt 0.530428 0.638981
vt 0.748916 0.832750
vt 0.748324 1.000000
vt 0.009747 0.252572
vt 0.118260 0.424695
vt 0.143307 0.396327
vt 0.250895 0.720349
vt 0.222513 0.733473
vt -0.001676 1.000000
vt 0.099029 0.455451
vt 0.118256 0.424683
vt 0.222509 0.733461
vt 0.196829 0.747716
vt 0.530428 0.638981
vt 0.509554 0.648314
vt 0.756028 0.837082
vt 0.748916 0.832751
vt 0.252572 0.490253
vt 0.051665 0.114384
vt 0.050447 0.116663
vt 0.792889 0.482412
vt 0.792889 0.497472
vt 0.792371 0.498533
vt 0.792371 0.481516
vt 0.173595 0.371463
vt 0.208347 0.351079
vt 0.314566 0.699368
vt 0.281695 0.708818
vt 0.448335 0.385616
vt 0.449553 0.383337
vt 0.208347 0.351079
vt 0.246597 0.335923
vt 0.349059 0.692346
vt 0.220426 1.000000
vt 0.296822 0.014612
vt 0.341844 0.028269
vt 0.470430 1.000000
vt 0.498320 1.000000
vt 0.468750 1.000000
vt 0.371041 0.326585
vt 0.411704 0.335918
vt 0.492640 0.692351
vt 0.457030 0.688027
vt 0.470426 1.000000
vt 0.590810 0.720336
vt 0.560007 0.708835
vt 0.484702 0.371472
vt 0.514993 0.396327
vt 0.792419 0.160538
vt 0.792419 0.145499
vt 0.792938 0.144436
vt 0.792938 0.161431
vt 0.793929 0.482576
vt 0.793929 0.495318
vt 0.793409 0.495915
vt 0.793409 0.481516
vt 0.329150 0.323433
vt 0.371042 0.326589
vt 0.457029 0.688022
vt 0.420850 0.686567
vt 0.247428 0.009747
vt 0.385616 0.051665
vt 0.205651 0.013861
vt 0.158156 0.028269
vt 0.595430 1.000000
vt 0.623320 1.000000
vt 0.122753 0.804765
vt 0.083944 0.578572
vt 0.373324 1.000000
vt 0.792889 0.494979
vt 0.792889 0.482123
vt 0.793409 0.496042
vt 0.095574 1.000000
vt 0.123176 1.000000
vt 0.123368 1.000000
vt 0.095382 1.000000
vt 0.891072 0.754219
vt 0.891072 0.770716
vt 0.890297 0.770792
vt 0.890297 0.754140
vt 0.899080 0.754472
vt 0.899080 0.770459
vt 0.897860 0.770583
vt 0.897860 0.754352
vt 0.873205 1.000000
vt 0.845574 1.000000
vt 0.873176 1.000000
vt 0.873368 1.000000
vt 0.845382 1.000000
vt 0.486194 0.205832
vt 0.720574 1.000000
vt 0.748176 1.000000
vt 0.748368 1.000000
vt 0.720382 1.000000
vt 0.786364 0.333663
vt 0.786363 0.328222
vt 0.787457 0.328226
vt 0.787457 0.333668
vt 0.787531 0.160423
vt 0.786175 0.159599
vt 0.786175 0.145255
vt 0.887399 0.291245
vt 0.887399 0.307232
vt 0.886180 0.307352
vt 0.886180 0.291121
vt 0.788886 0.160104
vt 0.788886 0.144436
vt 0.790135 0.144559
vt 0.790135 0.160466
vt 0.788633 0.492484
vt 0.789988 0.477319
vt 0.789988 0.491662
vt 0.081934 0.421704
vt 0.082054 0.421850
vt 0.772050 0.171016
vt 0.772669 0.165063
vt 0.772669 0.170282
vt 0.773370 0.165415
vt 0.773370 0.170144
vt 0.161259 0.793752
vt 0.161680 0.778009
vt 0.162328 0.778407
vt 0.161929 0.793847
vt 0.895753 0.737509
vt 0.891739 0.754286
vt 0.894951 0.737966
vt 0.894242 0.738039
vt 0.912307 0.740298
vt 0.917231 0.737509
vt 0.916982 0.738458
vt 0.912965 0.740732
vt 0.917285 0.739014
vt 0.913645 0.741076
vt 0.791908 0.476498
vt 0.791908 0.488633
vt 0.791234 0.488423
vt 0.791248 0.476536
vt 0.884073 0.224361
vt 0.884874 0.224817
vt 0.888087 0.241137
vt 0.794632 0.158708
vt 0.794632 0.164001
vt 0.793975 0.163274
vt 0.793975 0.158957
vt 0.789426 0.492497
vt 0.789426 0.498498
vt 0.160529 0.876220
vt 0.160876 0.859237
vt 0.764823 0.322588
vt 0.764823 0.317409
vt 0.765518 0.317988
vt 0.765518 0.322212
vt 0.787291 0.170618
vt 0.787291 0.164618
vt 0.453377 0.811005
vt 0.456725 0.827848
vt 0.455923 0.827392
vt 0.452711 0.811072
vt 0.455214 0.827318
vt 0.161260 0.842847
vt 0.161679 0.827146
vt 0.162328 0.827546
vt 0.161930 0.842943
vt 0.785486 0.327513
vt 0.785486 0.320943
vt 0.786055 0.321305
vt 0.786055 0.326663
vt 0.456725 0.777931
vt 0.453377 0.794775
vt 0.452711 0.794708
vt 0.455923 0.778388
vt 0.791823 0.333432
vt 0.791823 0.327934
vt 0.792543 0.328410
vt 0.792543 0.332894
vt 0.787727 0.326937
vt 0.787727 0.320998
vt 0.910001 0.753603
vt 0.911673 0.737509
vt 0.912307 0.737791
vt 0.910682 0.753566
vt 0.889529 0.274278
vt 0.885515 0.291054
vt 0.888727 0.274734
vt 0.763428 0.322604
vt 0.763428 0.317409
vt 0.764126 0.317980
vt 0.764126 0.322217
vt 0.786997 0.498486
vt 0.786997 0.492484
vt 0.735020 0.935490
vt 0.733947 0.918596
vt 0.454617 0.847701
vt 0.451268 0.830857
vt 0.452071 0.831315
vt 0.455283 0.847635
vt 0.452779 0.831387
vt 0.780657 0.334907
vt 0.780657 0.327934
vt 0.781158 0.328703
vt 0.781158 0.334390
vt 0.451920 0.922241
vt 0.453101 0.910253
vt 0.453789 0.910154
vt 0.906662 0.787426
vt 0.905860 0.786969
vt 0.902647 0.770649
vt 0.454544 0.896403
vt 0.456240 0.880775
vt 0.456875 0.881032
vt 0.455227 0.896350
vt 0.768178 0.317409
vt 0.768178 0.322599
vt 0.767515 0.321888
vt 0.767515 0.317656
vt 0.790139 0.320943
vt 0.790139 0.326882
vt 0.906662 0.737509
vt 0.902647 0.754286
vt 0.905860 0.737966
vt 0.913834 0.756371
vt 0.914510 0.756411
vt 0.887421 0.207517
vt 0.888087 0.207584
vt 0.884875 0.223904
vt 0.793475 0.320943
vt 0.793475 0.332919
vt 0.792801 0.332709
vt 0.792815 0.320978
vt 0.783055 0.492906
vt 0.783055 0.498611
vt 0.782357 0.497936
vt 0.782357 0.493284
vt 0.783425 0.328409
vt 0.783425 0.334096
vt 0.901208 0.787426
vt 0.900405 0.786970
vt 0.897193 0.770650
vt 0.735009 0.853485
vt 0.734987 0.839728
vt 0.735654 0.839867
vt 0.735675 0.853670
vt 0.736326 0.839735
vt 0.736348 0.853492
vt 0.897193 0.754286
vt 0.791470 0.327144
vt 0.791470 0.320943
vt 0.792119 0.321384
vt 0.792119 0.326441
vt 0.792801 0.321770
vt 0.792801 0.326353
vt 0.733285 0.918691
vt 0.732325 0.902714
vt 0.732984 0.902568
vt 0.733661 0.902628
vt 0.783241 0.327922
vt 0.783241 0.320943
vt 0.783739 0.321713
vt 0.783739 0.327405
vt 0.454617 0.863931
vt 0.455283 0.863998
vt 0.735008 0.824048
vt 0.734987 0.810228
vt 0.735654 0.810365
vt 0.735675 0.824231
vt 0.736326 0.810235
vt 0.736347 0.824055
vt 0.888087 0.257501
vt 0.031250 1.000000
vt 0.160532 0.827146
vt 0.160876 0.810164
vt 0.455888 0.926979
vt 0.451268 0.922405
vt 0.455688 0.925971
vt 0.895753 0.787426
vt 0.894951 0.786970
vt 0.891739 0.770650
vt 0.894242 0.786896
vt 0.160208 0.810175
vt 0.160590 0.793817
vt 0.187500 1.000000
vt 0.735689 0.794685
vt 0.736347 0.794869
vt 0.884073 0.274278
vt 0.884874 0.273821
vt 0.160208 0.859250
vt 0.160591 0.842913
vt 0.907319 0.781044
vt 0.908547 0.768144
vt 0.909232 0.768058
vt 0.791470 0.321766
vt 0.791470 0.326375
vt 0.790784 0.326470
vt 0.790784 0.321385
vt 0.790139 0.327178
vt 0.790139 0.320943
vt 0.889529 0.324195
vt 0.888727 0.323738
vt 0.885515 0.307418
vt 0.907900 0.767913
vt 0.909350 0.753420
vt 0.732136 0.887500
vt 0.732817 0.887851
vt 0.782746 0.321463
vt 0.782746 0.327165
vt 0.783241 0.327934
vt 0.451268 0.880775
vt 0.452071 0.880318
vt 0.452458 0.910000
vt 0.453896 0.896196
vt 0.915868 0.789667
vt 0.914803 0.772715
vt 0.887421 0.191287
vt 0.884073 0.174443
vt 0.884875 0.174900
vt 0.888087 0.191220
vt 0.885583 0.174973
vt 0.914140 0.772786
vt 0.913173 0.756495
vt 0.735690 0.824231
vt 0.736348 0.824412
vt 0.731480 0.887111
vt 0.736383 0.883958
vt 0.736135 0.884928
vt 0.736441 0.885521
vt 0.901208 0.737509
vt 0.900405 0.737966
vt 0.062500 1.000000
vt 0.156250 1.000000
vt 0.281250 1.000000
vt 0.312500 1.000000
vt 0.437500 1.000000
vt 0.531250 1.000000
vt 0.656250 1.000000
vt 0.718750 1.000000
vt 0.687500 1.000000
vt 0.812500 1.000000
vt 0.906250 1.000000
vt 0.937500 1.000000
vt 0.562500 1.000000
vt 0.187500 1.000000
vt 0.031250 1.000000
vt 0.406250 1.000000
vt 0.781250 1.000000
vt 0.888986 0.172932
vt 0.888882 0.173667
vt 0.789719 0.164632
vt 0.789719 0.170632
vt 0.783425 0.334773
vt 0.783425 0.327934
vt 0.783958 0.328705
vt 0.783958 0.334282
vt 0.764126 0.322603
vt 0.764126 0.317409
vt 0.764823 0.317985
vt 0.764823 0.322221
vt 0.784561 0.498498
vt 0.784561 0.492484
vt 0.786725 0.165469
vt 0.786725 0.170838
vt 0.787291 0.171200
vt 0.766845 0.317409
vt 0.766845 0.322622
vt 0.766182 0.321909
vt 0.766182 0.317658
vt 0.789988 0.498533
vt 0.789988 0.492666
vt 0.451830 0.829357
vt 0.451931 0.828622
vt 0.786997 0.492484
vt 0.786997 0.498498
vt 0.790492 0.333324
vt 0.790492 0.328731
vt 0.791176 0.328639
vt 0.791176 0.333707
vt 0.791823 0.334147
vt 0.768841 0.317409
vt 0.768841 0.322607
vt 0.768178 0.321894
vt 0.768178 0.317655
vt 0.790492 0.327934
vt 0.790492 0.333811
vt 0.783774 0.498406
vt 0.783774 0.492906
vt 0.784493 0.493378
vt 0.784493 0.497863
vt 0.792371 0.492553
vt 0.792371 0.498420
vt 0.782357 0.492906
vt 0.782357 0.498626
vt 0.781661 0.497947
vt 0.781661 0.493282
vt 0.780468 0.327444
vt 0.780468 0.321743
vt 0.792104 0.170021
vt 0.792104 0.164618
vt 0.792819 0.165029
vt 0.792819 0.169436
vt 0.788104 0.333915
vt 0.788104 0.328038
vt 0.766182 0.317409
vt 0.766182 0.322614
vt 0.765518 0.321903
vt 0.765518 0.317659
vt 0.789719 0.170600
vt 0.789719 0.164726
vt 0.911338 0.785535
vt 0.906662 0.781265
vt 0.911132 0.784527
vt 0.783774 0.498416
vt 0.783055 0.497935
vt 0.783055 0.493441
vt 0.792104 0.164618
vt 0.792104 0.170491
vt 0.767515 0.317409
vt 0.767515 0.322569
vt 0.766845 0.321935
vt 0.766845 0.317727
vt 0.788104 0.327945
vt 0.788104 0.333949
vt 0.456174 0.829357
vt 0.456071 0.830091
vt 0.785675 0.333938
vt 0.785675 0.327934
vt 0.093750 1.000000
vt 0.093348 1.000000
vt 0.062902 1.000000
vt 0.156250 1.000000
vt 0.155848 1.000000
vt 0.125402 1.000000
vt 0.281250 1.000000
vt 0.280848 1.000000
vt 0.250402 1.000000
vt 0.343348 1.000000
vt 0.312902 1.000000
vt 0.468348 1.000000
vt 0.437902 1.000000
vt 0.530848 1.000000
vt 0.500402 1.000000
vt 0.655848 1.000000
vt 0.625402 1.000000
vt 0.718750 1.000000
vt 0.718348 1.000000
vt 0.687902 1.000000
vt 0.843348 1.000000
vt 0.812902 1.000000
vt 0.905848 1.000000
vt 0.875402 1.000000
vt 0.937098 1.000000
vt 0.906652 1.000000
vt 0.749598 1.000000
vt 0.719152 1.000000
vt 0.562098 1.000000
vt 0.531652 1.000000
vt 0.375000 1.000000
vt 0.374598 1.000000
vt 0.344152 1.000000
vt 0.187500 1.000000
vt 0.187098 1.000000
vt 0.156652 1.000000
vt 0.000068 1.000000
vt 0.030848 1.000000
vt 0.000402 1.000000
vt 0.062098 1.000000
vt 0.031652 1.000000
vt 0.124598 1.000000
vt 0.094152 1.000000
vt 0.218750 1.000000
vt 0.218348 1.000000
vt 0.187902 1.000000
vt 0.249598 1.000000
vt 0.219152 1.000000
vt 0.312098 1.000000
vt 0.281652 1.000000
vt 0.405848 1.000000
vt 0.375402 1.000000
vt 0.437098 1.000000
vt 0.406652 1.000000
vt 0.499598 1.000000
vt 0.469152 1.000000
vt 0.593348 1.000000
vt 0.562902 1.000000
vt 0.624598 1.000000
vt 0.594152 1.000000
vt 0.687098 1.000000
vt 0.656652 1.000000
vt 0.780848 1.000000
vt 0.750402 1.000000
vt 0.812098 1.000000
vt 0.781652 1.000000
vt 0.419706 0.419706
vt 0.874598 1.000000
vt 0.844152 1.000000
vt 0.968348 1.000000
vt 0.937902 1.000000
vt 0.999932 1.000000
vt 0.250000 0.490000
vt 0.999598 1.000000
vt 0.969152 1.000000
vt 0.893498 0.737809
s 1
g module2_2body
usemtl 2body
f 74/1/1 5271/2/2 5272/3/3 75/4/4
f 75/4/4 5272/3/3 6/5/5 90/6/6
f 90/6/6 6/5/5 8/7/7 105/8/8
f 105/9/8 8/10/7 10/11/9 115/12/10
f 115/12/10 10/11/9 12/13/11 130/14/12
f 130/14/12 12/13/11 14/15/13 145/16/14
f 145/16/14 14/15/13 5290/17/15 2269/18/16
f 2270/23/19 5273/24/20 5274/25/21 185/26/22
f 185/26/22 5274/25/21 22/27/23 195/28/24
f 195/28/24 22/27/23 24/29/25 210/30/26
f 210/30/26 24/29/25 26/31/27 225/32/28
f 225/33/28 26/34/27 28/35/29 235/36/30
f 235/36/30 28/35/29 30/37/31 250/38/32
f 250/38/32 30/37/31 5275/39/33 265/40/34
f 265/40/34 5275/39/33 5276/41/35 2271/42/36
f 2272/47/38 5279/48/39 38/49/40 305/50/41
f 305/50/41 38/49/40 40/51/42 315/52/43
f 315/52/43 40/51/42 42/53/44 330/54/45
f 330/55/45 42/56/44 44/57/46 345/58/47
f 345/58/47 44/57/46 2207/59/48 2215/60/49
f 2216/65/51 5277/66/52 5278/67/53 2217/68/54
f 2218/73/57 5292/74/58 54/75/59 415/76/60
f 415/76/60 54/75/59 56/77/61 425/78/62
f 425/79/62 56/80/61 58/81/63 440/82/64
f 440/82/64 58/81/63 60/83/65 455/84/66
f 455/84/66 60/83/65 2267/85/67 2273/86/68
f 38/49/40 5279/48/39 5280/87/69 548/88/70
f 2274/93/72 5281/94/73 5271/2/2 74/1/1
f 5425/99/75 2268/100/72 65/101/1 5400/102/76
f 492/107/72 491/108/72 67/109/1 66/110/1
f 489/117/72 488/118/72 69/119/1 68/120/1
f 486/128/72 485/129/72 71/130/1 70/131/1
f 483/136/72 482/137/72 73/138/1 72/139/1
f 2263/150/68 478/151/50 493/152/50 2268/100/72
f 478/151/50 477/153/68 492/107/72 493/152/50
f 477/153/68 476/154/68 491/108/72 492/107/72
f 476/154/68 475/155/50 490/156/50 491/108/72
f 475/155/50 474/157/68 489/117/72 490/156/50
f 474/157/68 473/158/68 488/118/72 489/117/72
f 473/158/68 472/159/50 487/160/50 488/118/72
f 472/159/50 471/161/68 486/128/72 487/160/50
f 471/161/68 470/162/68 485/129/72 486/128/72
f 470/162/68 469/163/50 484/164/50 485/129/72
f 469/163/50 468/165/68 483/136/72 484/164/50
f 468/165/68 467/166/68 482/137/72 483/136/72
f 467/166/68 466/167/50 481/168/50 482/137/72
f 466/167/50 2273/86/68 2274/93/72 481/168/50
f 5379/169/98 464/170/66 2263/150/68 5414/171/99
f 463/175/66 462/176/66 476/154/68 477/153/68
f 461/184/66 460/185/66 473/158/68 474/157/68
f 459/190/66 458/191/66 470/162/68 471/161/68
f 457/198/66 456/199/66 467/166/68 468/165/68
f 5380/206/106 454/207/64 464/170/66 5379/169/98
f 452/213/64 451/214/64 462/176/66 463/175/66
f 449/218/64 448/219/64 460/185/66 461/184/66
f 446/226/64 445/227/64 458/191/66 459/190/66
f 443/233/64 442/234/64 456/199/66 457/198/66
f 5381/239/112 439/240/62 454/207/64 5380/206/106
f 439/240/62 438/241/113 453/242/113 454/207/64
f 438/241/113 437/243/62 452/213/64 453/242/113
f 437/243/62 436/244/62 451/214/64 452/213/64
f 436/244/62 435/245/113 450/246/113 451/214/64
f 435/245/113 434/247/62 449/218/64 450/246/113
f 434/247/62 433/248/62 448/219/64 449/218/64
f 433/248/62 432/249/113 447/250/113 448/219/64
f 432/249/113 431/251/62 446/226/64 447/250/113
f 431/251/62 430/252/62 445/227/64 446/226/64
f 430/252/62 429/253/113 444/254/113 445/227/64
f 429/253/113 428/255/62 443/233/64 444/254/113
f 428/255/62 427/256/62 442/234/64 443/233/64
f 427/256/62 426/257/113 441/258/113 442/234/64
f 426/257/113 425/79/62 440/82/64 441/258/113
f 5382/259/114 424/260/60 439/261/62 5381/262/112
f 423/266/60 422/267/60 436/268/62 437/269/62
f 421/273/60 420/274/60 433/275/62 434/276/62
f 419/281/60 418/282/60 430/283/62 431/284/62
f 417/288/60 416/289/60 427/290/62 428/291/62
f 5405/297/122 2214/298/57 424/260/60 5382/259/114
f 412/303/57 411/304/57 422/267/60 423/266/60
f 409/309/57 408/310/57 420/274/60 421/273/60
f 406/316/57 405/317/57 418/282/60 419/281/60
f 403/323/57 402/324/57 416/289/60 417/288/60
f 2209/335/54 398/336/125 413/337/125 2214/298/57
f 398/336/125 397/338/125 412/303/57 413/337/125
f 397/338/125 396/339/125 411/304/57 412/303/57
f 396/339/125 395/340/125 410/341/125 411/304/57
f 395/340/125 394/342/125 409/309/57 410/341/125
f 394/342/125 393/343/125 408/310/57 409/309/57
f 393/343/125 392/344/125 407/345/125 408/310/57
f 392/344/125 391/346/125 406/316/57 407/345/125
f 391/346/125 390/347/125 405/317/57 406/316/57
f 390/347/125 389/348/125 404/349/125 405/317/57
f 389/348/125 388/350/125 403/323/57 404/349/125
f 388/350/125 387/351/125 402/324/57 403/323/57
f 387/351/125 386/352/125 401/353/125 402/324/57
f 386/352/125 2217/68/54 2218/73/57 401/353/125
f 5432/354/126 2208/355/51 2209/335/54 5404/356/127
f 376/357/128 375/358/128 2088/359/128 2089/360/128
f 388/361/129 389/362/129 2102/363/129 2101/364/129
f 375/358/128 374/365/128 2087/366/128 2088/359/128
f 387/367/129 388/361/129 2101/364/129 2100/368/129
f 374/365/128 373/369/128 2086/370/128 2087/366/128
f 386/371/129 387/367/129 2100/368/129 2099/372/129
f 373/369/128 372/373/128 2085/374/128 2086/370/128
f 2217/375/129 386/371/129 2099/372/129 2098/376/129
f 398/377/129 2209/378/129 2112/379/129 2111/380/129
f 372/373/128 371/381/128 2084/382/128 2085/374/128
f 397/383/129 398/377/129 2111/380/129 2110/384/129
f 371/381/128 2216/385/128 2083/386/128 2084/382/128
f 2208/376/128 383/387/128 2096/388/128 2097/389/128
f 396/390/129 397/383/129 2110/384/129 2109/391/129
f 2203/396/49 368/397/96 383/398/96 2208/355/51
f 368/397/96 367/399/49 382/400/96 383/398/96
f 367/399/49 366/401/49 381/402/96 382/400/96
f 366/401/49 365/403/96 380/404/96 381/402/96
f 365/403/96 364/405/49 379/406/96 380/404/96
f 364/405/49 363/407/49 378/408/96 379/406/96
f 363/407/49 362/409/96 377/410/96 378/408/96
f 362/409/96 361/411/49 376/412/96 377/410/96
f 361/411/49 360/413/49 375/414/96 376/412/96
f 360/413/49 359/415/96 374/416/96 375/414/96
f 359/415/96 358/417/49 373/418/96 374/416/96
f 358/417/49 357/419/49 372/420/96 373/418/96
f 357/419/49 356/421/96 371/422/96 372/420/96
f 356/421/96 2215/60/49 2216/65/51 371/422/96
f 5383/423/131 354/424/47 2203/396/49 5423/425/132
f 353/429/47 352/430/47 366/401/49 367/399/49
f 351/437/47 350/438/47 363/407/49 364/405/49
f 349/444/47 348/445/47 360/413/49 361/411/49
f 347/453/47 346/454/47 357/419/49 358/417/49
f 5384/459/142 344/460/45 354/424/47 5383/423/131
f 342/469/45 341/470/45 352/430/47 353/429/47
f 339/475/45 338/476/45 350/438/47 351/437/47
f 336/483/45 335/484/45 348/445/47 349/444/47
f 333/493/45 332/494/45 346/454/47 347/453/47
f 5385/499/152 329/500/43 344/501/45 5384/502/142
f 329/500/43 328/503/153 343/504/153 344/501/45
f 328/503/153 327/505/43 342/506/45 343/504/153
f 327/505/43 326/507/43 341/508/45 342/506/45
f 326/507/43 325/509/153 340/510/153 341/508/45
f 325/509/153 324/511/43 339/512/45 340/510/153
f 324/511/43 323/513/43 338/514/45 339/512/45
f 323/513/43 322/515/153 337/516/153 338/514/45
f 322/515/153 321/517/43 336/518/45 337/516/153
f 321/517/43 320/519/43 335/520/45 336/518/45
f 320/519/43 319/521/153 334/522/153 335/520/45
f 319/521/153 318/523/43 333/524/45 334/522/153
f 318/523/43 317/525/43 332/526/45 333/524/45
f 317/525/43 316/527/153 331/528/153 332/526/45
f 316/527/153 315/52/43 330/54/45 331/528/153
f 5386/529/154 314/530/41 329/500/43 5385/499/152
f 313/534/41 312/535/41 326/507/43 327/505/43
f 311/540/41 310/541/41 323/513/43 324/511/43
f 309/546/41 308/547/41 320/519/43 321/517/43
f 307/553/41 306/554/41 317/525/43 318/523/43
f 5418/558/163 2262/559/38 314/530/41 5386/529/154
f 302/563/38 301/564/38 312/535/41 313/534/41
f 299/571/38 298/572/38 310/541/41 311/540/41
f 296/576/38 295/577/38 308/547/41 309/546/41
f 293/582/38 292/583/38 306/554/41 307/553/41
f 2257/590/36 288/591/55 303/592/55 2262/559/38
f 288/591/55 287/593/36 302/563/38 303/592/55
f 287/593/36 286/594/36 301/564/38 302/563/38
f 286/594/36 285/595/55 300/596/55 301/564/38
f 285/595/55 284/597/36 299/571/38 300/596/55
f 284/597/36 283/598/36 298/572/38 299/571/38
f 283/598/36 282/599/55 297/600/55 298/572/38
f 282/599/55 281/601/36 296/576/38 297/600/55
f 281/601/36 280/602/36 295/577/38 296/576/38
f 280/602/36 279/603/55 294/604/55 295/577/38
f 279/603/55 278/605/36 293/582/38 294/604/55
f 278/605/36 277/606/36 292/583/38 293/582/38
f 277/606/36 276/607/55 291/608/55 292/583/38
f 276/607/55 2271/42/36 2272/47/38 291/608/55
f 5387/609/165 274/610/34 2257/590/36 5401/611/166
f 273/615/34 272/616/34 286/594/36 287/593/36
f 271/621/34 270/622/34 283/598/36 284/597/36
f 269/626/34 268/627/34 280/602/36 281/601/36
f 267/632/34 266/633/34 277/606/36 278/605/36
f 5388/638/170 264/639/32 274/610/34 5387/609/165
f 262/644/32 261/645/32 272/616/34 273/615/34
f 259/651/32 258/652/32 270/622/34 271/621/34
f 256/657/32 255/658/32 268/627/34 269/626/34
f 253/662/32 252/663/32 266/633/34 267/632/34
f 5389/668/175 249/669/30 264/639/32 5388/638/170
f 249/669/30 248/670/176 263/671/176 264/639/32
f 248/670/176 247/672/30 262/644/32 263/671/176
f 247/672/30 246/673/30 261/645/32 262/644/32
f 246/673/30 245/674/176 260/675/176 261/645/32
f 245/674/176 244/676/30 259/651/32 260/675/176
f 244/676/30 243/677/30 258/652/32 259/651/32
f 243/677/30 242/678/176 257/679/176 258/652/32
f 242/678/176 241/680/30 256/657/32 257/679/176
f 241/680/30 240/681/30 255/658/32 256/657/32
f 240/681/30 239/682/176 254/683/176 255/658/32
f 239/682/176 238/684/30 253/662/32 254/683/176
f 238/684/30 237/685/30 252/663/32 253/662/32
f 237/685/30 236/686/176 251/687/176 252/663/32
f 236/686/176 235/36/30 250/38/32 251/687/176
f 5390/688/177 234/689/28 249/669/30 5389/668/175
f 233/694/28 232/695/28 246/673/30 247/672/30
f 231/699/28 230/700/28 243/677/30 244/676/30
f 229/705/28 228/706/28 240/681/30 241/680/30
f 227/710/28 226/711/28 237/685/30 238/684/30
f 5391/716/181 224/717/26 234/718/28 5390/719/177
f 222/725/26 221/726/26 232/727/28 233/728/28
f 219/735/26 218/736/26 230/737/28 231/738/28
f 216/744/26 215/745/26 228/746/28 229/747/28
f 213/751/26 212/752/26 226/753/28 227/754/28
f 5392/760/185 209/761/24 224/717/26 5391/716/181
f 209/761/24 208/762/186 223/763/186 224/717/26
f 208/762/186 207/764/24 222/725/26 223/763/186
f 207/764/24 206/765/24 221/726/26 222/725/26
f 206/765/24 205/766/186 220/767/186 221/726/26
f 205/766/186 204/768/24 219/735/26 220/767/186
f 204/768/24 203/769/24 218/736/26 219/735/26
f 203/769/24 202/770/186 217/771/186 218/736/26
f 202/770/186 201/772/24 216/744/26 217/771/186
f 201/772/24 200/773/24 215/745/26 216/744/26
f 200/773/24 199/774/186 214/775/186 215/745/26
f 199/774/186 198/776/24 213/751/26 214/775/186
f 198/776/24 197/777/24 212/752/26 213/751/26
f 197/777/24 196/778/186 211/779/186 212/752/26
f 196/778/186 195/28/24 210/30/26 211/779/186
f 5393/780/187 194/781/22 209/761/24 5392/760/185
f 193/786/22 192/787/22 206/765/24 207/764/24
f 191/792/22 190/793/22 203/769/24 204/768/24
f 189/797/22 188/798/22 200/773/24 201/772/24
f 187/803/22 186/804/22 197/777/24 198/776/24
f 5394/808/195 2256/809/19 194/781/22 5393/780/187
f 182/813/19 181/814/19 192/787/22 193/786/22
f 179/821/19 178/822/19 190/793/22 191/792/22
f 176/827/19 175/828/19 188/798/22 189/797/22
f 173/832/19 172/833/19 186/804/22 187/803/22
f 2251/839/16 168/840/198 183/841/198 2256/809/19
f 168/840/198 167/842/16 182/813/19 183/841/198
f 167/842/16 166/843/16 181/814/19 182/813/19
f 166/843/16 165/844/198 180/845/198 181/814/19
f 165/844/198 164/846/16 179/821/19 180/845/198
f 164/846/16 163/847/16 178/822/19 179/821/19
f 163/847/16 162/848/198 177/849/198 178/822/19
f 162/848/198 161/850/16 176/827/19 177/849/198
f 161/850/16 160/851/16 175/828/19 176/827/19
f 160/851/16 159/852/198 174/853/198 175/828/19
f 159/852/198 158/854/16 173/832/19 174/853/198
f 158/854/16 157/855/16 172/833/19 173/832/19
f 157/855/16 156/856/198 171/857/198 172/833/19
f 156/856/198 2269/18/16 2270/23/19 171/857/198
f 5375/858/199 154/859/14 2251/839/16 5376/860/200
f 153/864/14 152/865/14 166/843/16 167/842/16
f 151/872/14 150/873/14 163/847/16 164/846/16
f 149/877/14 148/878/14 160/851/16 161/850/16
f 147/883/14 146/884/14 157/855/16 158/854/16
f 5395/888/201 144/889/12 154/859/14 5375/858/199
f 142/896/12 141/897/12 152/865/14 153/864/14
f 139/900/12 138/901/12 150/873/14 151/872/14
f 136/903/12 135/904/12 148/878/14 149/877/14
f 133/908/12 132/909/12 146/884/14 147/883/14
f 5396/913/203 129/914/10 144/889/12 5395/888/201
f 129/914/10 128/915/204 143/916/204 144/889/12
f 128/915/204 127/917/10 142/896/12 143/916/204
f 127/917/10 126/918/10 141/897/12 142/896/12
f 126/918/10 125/919/204 140/920/204 141/897/12
f 125/919/204 124/921/10 139/900/12 140/920/204
f 124/921/10 123/922/10 138/901/12 139/900/12
f 123/922/10 122/923/204 137/924/204 138/901/12
f 122/923/204 121/925/10 136/903/12 137/924/204
f 121/925/10 120/926/10 135/904/12 136/903/12
f 120/926/10 119/927/204 134/928/204 135/904/12
f 119/927/204 118/929/10 133/908/12 134/928/204
f 118/929/10 117/930/10 132/909/12 133/908/12
f 117/930/10 116/931/204 131/932/204 132/909/12
f 116/931/204 115/12/10 130/14/12 131/932/204
f 5397/933/205 114/934/8 129/914/10 5396/913/203
f 113/938/8 112/939/8 126/918/10 127/917/10
f 111/943/8 110/944/8 123/922/10 124/921/10
f 109/949/8 108/950/8 120/926/10 121/925/10
f 107/955/8 106/956/8 117/930/10 118/929/10
f 5398/961/212 104/962/6 114/963/8 5397/964/205
f 102/968/6 101/969/6 112/970/8 113/971/8
f 99/975/6 98/976/6 110/977/8 111/978/8
f 96/983/6 95/984/6 108/985/8 109/986/8
f 93/990/6 92/991/6 106/992/8 107/993/8
f 5399/999/220 89/1000/4 104/962/6 5398/961/212
f 89/1000/4 88/1001/221 103/1002/221 104/962/6
f 88/1001/221 87/1003/4 102/968/6 103/1002/221
f 87/1003/4 86/1004/4 101/969/6 102/968/6
f 86/1004/4 85/1005/221 100/1006/221 101/969/6
f 85/1005/221 84/1007/4 99/975/6 100/1006/221
f 84/1007/4 83/1008/4 98/976/6 99/975/6
f 83/1008/4 82/1009/221 97/1010/221 98/976/6
f 82/1009/221 81/1011/4 96/983/6 97/1010/221
f 81/1011/4 80/1012/4 95/984/6 96/983/6
f 80/1012/4 79/1013/221 94/1014/221 95/984/6
f 79/1013/221 78/1015/4 93/990/6 94/1014/221
f 78/1015/4 77/1016/4 92/991/6 93/990/6
f 77/1016/4 76/1017/221 91/1018/221 92/991/6
f 76/1017/221 75/4/4 90/6/6 91/1018/221
f 5400/102/76 65/101/1 89/1000/4 5399/999/220
f 66/110/1 67/109/1 86/1004/4 87/1003/4
f 68/120/1 69/119/1 83/1008/4 84/1007/4
f 70/131/1 71/130/1 80/1012/4 81/1011/4
f 72/139/1 73/138/1 77/1016/4 78/1015/4
f 56/77/61 54/75/59 540/1937/504 539/1938/505
f 12/13/11 10/11/9 562/1939/506 561/1940/507
f 30/37/31 28/35/29 553/1941/508 552/1942/509
f 5277/66/52 2207/59/48 544/1943/510 5282/1944/511
f 22/27/23 5274/25/21 5286/1951/518 556/1952/519
f 40/51/42 38/49/40 548/88/70 547/1953/520
f 58/81/63 56/80/61 539/1954/505 538/1955/521
f 14/15/13 12/13/11 561/1940/507 560/1956/522
f 5275/39/33 30/37/31 552/1942/509 5287/1957/523
f 6/5/5 5272/3/3 5284/1962/528 564/1963/529
f 24/29/25 22/27/23 556/1952/519 555/1964/530
f 42/53/44 40/51/42 547/1953/520 546/1965/531
f 60/83/65 58/81/63 538/1955/521 537/1966/532
f 5290/17/15 14/15/13 560/1956/522 5289/1967/533
f 8/7/7 6/5/5 564/1963/529 563/1974/540
f 26/31/27 24/29/25 555/1964/530 554/1975/541
f 44/57/46 42/56/44 546/1976/531 545/1977/542
f 2267/85/67 60/83/65 537/1966/532 536/1978/543
f 54/75/59 5292/74/58 5293/1985/550 540/1937/504
f 10/11/9 8/10/7 563/1986/540 562/1939/506
f 28/35/29 26/34/27 554/1987/541 553/1941/508
f 2207/59/48 44/57/46 545/1977/542 544/1943/510
f 5281/94/73 2267/85/67 536/1978/543 5285/1988/551
f 5314/1991/554 5311/1992/555 5312/1993/556 5313/1994/557
f 5284/1962/528 565/2006/558 2928/2007/1 2916/2008/559
f 5293/1985/550 5288/2013/560 2942/2014/173 2934/2015/561
f 562/1939/506 563/1986/540 2950/2022/8 2904/2023/562
f 5286/1951/518 5294/2026/563 2956/2027/564 2938/2028/22
f 5280/87/69 5291/2029/565 2921/2030/566 2908/2031/567
f 5287/1957/523 552/1942/509 2958/2032/568 2920/2033/34
f 536/1978/543 537/1966/532 2925/2038/66 2912/2039/571
f 555/1964/530 556/1952/519 2939/2044/572 2930/2045/573
f 538/1955/521 539/1954/505 2963/2046/574 2924/2047/575
f 544/1943/510 545/1977/542 2961/2054/47 2946/2055/576
f 5333/2056/577 5318/2057/571 3634/2058/571 3635/2059/577
f 5326/2068/580 5323/2069/581 5324/2070/582 5325/2071/583
f 5320/2076/585 5329/2077/586 5330/2078/587 5321/2079/588
f 5342/2088/591 5339/2089/592 5340/2090/593 5341/2091/594
f 5332/2092/595 5315/2093/596 5318/2057/597 5333/2056/598
f 5316/2102/601 5327/2103/602 5328/2104/603 5317/2105/604
f 5346/2110/606 5331/2111/607 5334/2112/607 5347/2113/608
f 5353/2122/611 5335/2123/612 5338/2124/612 5354/2125/613
f 5336/2130/615 5343/2131/616 5344/2132/617 5337/2133/618
f 5367/2146/622 5349/2147/623 5352/2148/624 5368/2149/625
f 5350/2154/627 5355/2155/628 5358/2156/628 5351/2157/629
f 5369/2158/630 5345/2159/631 5348/2160/632 5370/2161/633
f 5364/2166/635 5319/2167/636 5322/2168/636 5365/2169/637
f 5372/2170/638 5359/2171/639 5362/2172/640 5373/2173/641
f 5356/2174/642 5371/2175/643 5374/2176/644 5357/2177/645
f 5360/2178/646 5363/2179/647 5366/2180/648 5361/2181/649
f 5344/2132/576 5313/1994/47 3642/2184/47 3643/2185/576
f 3733/2186/37 3652/2187/37 3788/2188/37 3793/2189/37
f 5317/2105/66 5328/2104/575 3658/2190/575 3659/2191/66
f 3668/2192/37 3665/2193/37 3801/2194/37 3803/2195/37
f 5347/2113/559 5334/2112/1 3674/2196/1 3650/2197/559
f 5324/2070/60 5354/2125/561 3678/2198/561 3679/2199/60
f 3688/2200/37 3685/2201/37 3773/2202/37 3796/2203/37
f 5325/2071/574 5324/2070/60 3679/2199/60 3755/2204/574
f 3700/2205/37 3697/2206/37 3766/2207/37 3775/2208/37
f 3094/2209/71 3081/2210/71 3194/2211/71 3201/2212/71
f 3712/2213/37 3709/2214/37 3785/2215/37 3760/2216/37
f 5341/2091/650 5340/2090/562 3735/2217/562 3726/2218/650
f 5330/2078/14 5341/2091/650 3726/2218/650 3727/2219/14
f 3086/2220/71 3039/2221/71 4026/2222/71 4023/2223/71
f 3740/2224/71 3745/2225/71 3770/2226/71 3779/2227/71
f 5351/2157/567 5358/2156/566 3687/2228/566 3666/2229/567
f 3758/2230/574 3682/2231/60 3079/2232/60 3037/2233/574
f 5322/2168/564 5321/2079/315 3754/2234/315 3750/2235/564
f 5312/2236/651 5368/2149/652 3718/2237/652 3719/2238/651
f 3730/2239/14 3723/2240/650 3065/2241/650 3064/2242/14
f 5357/2177/34 5374/2176/568 3743/2243/568 3686/2244/34
f 5361/2181/573 5366/2180/572 3711/2245/572 3698/2246/573
f 5337/2133/325 5344/2132/576 3643/2185/576 3703/2247/325
f 5334/2112/1 5333/2056/577 3635/2059/577 3674/2196/1
f 3784/2248/22 3762/2249/572 3759/2250/572 3786/2251/22
f 3702/2252/28 3695/2253/573 3057/2254/573 3056/2255/28
f 3689/2256/71 3664/2257/71 3800/2258/71 3798/2259/71
f 3731/2260/8 3654/2261/653 3071/2262/653 3069/2263/8
f 3670/2264/41 3663/2265/567 3049/2266/567 3048/2267/41
f 3696/2268/71 3701/2269/71 3777/2270/71 3764/2271/71
f 5321/2079/315 5330/2078/14 3727/2219/14 3754/2234/315
f 3123/2272/60 3126/2273/561 3341/2274/561 3340/2275/60
f 3707/2278/22 3747/2279/564 3073/2280/564 3061/2281/22
f 3654/2261/653 3647/2284/559 3093/2285/559 3071/2262/653
f 3738/2288/562 3731/2289/8 3069/2290/8 3068/2291/562
f 3751/2292/315 3730/2239/14 3064/2242/14 3091/2293/315
f 3062/2296/71 3074/2297/71 4017/2298/71 4015/2299/71
f 3739/2302/654 3702/2303/28 3056/2304/28 3089/2305/654
f 1843/2306/96 1844/2307/96 4050/2308/576 4047/2309/325
f 3054/2310/71 3076/2311/71 3187/2312/71 3169/2313/71
f 3095/2314/568 3098/2315/654 3313/2316/654 3312/2317/568
f 1850/2318/125 1842/2319/125 4046/2320/173 4043/2321/561
f 3715/2322/652 3670/2264/41 3048/2267/41 3087/2323/652
f 3747/2279/564 3751/2292/315 3091/2293/315 3073/2280/564
f 3046/2326/71 3078/2327/71 3189/2328/71 3165/2329/71
f 3067/2330/71 3070/2331/71 3183/2332/71 3182/2333/71
f 3675/2336/561 3691/2337/173 3040/2338/173 3085/2339/561
f 3723/2240/650 3738/2288/562 3068/2291/562 3065/2241/650
f 1849/2340/50 1841/2341/50 4042/2342/571 4039/2343/577
f 3655/2344/575 3758/2345/574 3037/2346/574 3036/2347/575
f 3746/2348/568 3739/2302/654 3089/2305/654 3075/2349/568
f 3638/2352/577 3631/2353/571 3032/2354/571 3083/2355/577
f 3714/2356/572 3707/2278/22 3061/2281/22 3060/2357/572
f 3198/2364/654 3171/2365/28 3216/2366/28 3241/2367/654
f 3177/2372/14 3180/2373/650 3223/2374/650 3222/2375/14
f 3192/2376/60 4024/2377/561 4043/2321/561 3235/2378/60
f 3200/2379/315 3177/2372/14 3222/2375/14 3243/2380/315
f 4033/2381/566 3170/2382/34 3213/2383/34 4054/2384/566
f 3184/2385/8 3186/2386/653 3229/2387/653 3227/2388/8
f 3186/2386/653 3202/2393/559 3245/2394/559 3229/2387/653
f 3190/2395/651 3196/2396/652 3239/2397/652 3233/2398/651
f 3174/2403/573 3175/2404/572 3220/2405/572 3217/2406/573
f 3171/2407/28 3174/2403/573 3217/2406/573 3216/2408/28
f 3175/2404/572 4016/2409/22 4035/2410/22 3220/2405/572
f 3167/2411/41 4032/2412/567 4051/2413/567 3212/2414/41
f 3160/2415/66 3161/2416/575 3206/2417/575 3203/2418/66
f 4029/2419/576 3166/2420/47 3209/2421/47 4050/2308/576
f 3164/2422/574 3192/2376/60 3235/2378/60 3207/2423/574
f 3180/2373/650 3181/2424/562 3226/2425/562 3223/2374/650
f 3202/2393/559 3193/2426/1 3238/2427/1 3245/2394/559
f 1842/2319/125 1832/2428/125 4025/2429/173 4046/2320/173
f 3181/2424/562 3184/2430/8 3227/2431/8 3226/2425/562
f 3166/2420/47 3190/2436/651 3233/2437/651 3209/2421/47
f 3188/2438/568 3198/2364/654 3241/2367/654 3231/2439/568
f 3161/2416/575 3164/2440/574 3207/2441/574 3206/2417/575
f 3196/2396/652 3167/2411/41 3212/2414/41 3239/2397/652
f 4018/2442/564 3200/2379/315 3243/2380/315 4037/2443/564
f 3193/2426/1 4020/2444/577 4039/2343/577 3238/2427/1
f 3170/2382/34 3188/2438/568 3231/2439/568 3213/2383/34
f 3683/2445/34 3746/2348/568 3075/2349/568 3053/2446/34
f 3247/2447/571 3250/2448/66 3441/2449/66 3440/2450/571
f 3639/2451/47 3722/2452/651 3077/2453/651 3045/2454/47
f 3691/2337/173 3706/2459/325 3041/2460/325 3040/2338/173
f 3647/2284/559 3671/2462/1 3082/2463/1 3093/2285/559
f 3662/2468/66 3655/2344/575 3036/2347/575 3033/2469/66
f 3035/2472/71 3038/2473/71 3163/2474/71 3162/2475/71
f 3671/2462/1 3638/2352/577 3083/2355/577 3082/2463/1
f 3706/2459/325 3646/2479/576 3044/2480/576 3041/2460/325
f 3646/2479/576 3639/2451/47 3045/2454/47 3044/2480/576
f 3682/2231/60 3675/2336/561 3085/2339/561 3079/2232/60
f 3663/2265/567 3690/2482/566 3052/2483/566 3049/2266/567
f 3690/2482/566 3683/2445/34 3053/2446/34 3052/2483/566
f 3722/2485/651 3715/2322/652 3087/2323/652 3077/2486/651
f 3695/2253/573 3714/2356/572 3060/2357/572 3057/2254/573
f 3148/2488/34 3095/2314/568 3312/2317/568 3363/2489/34
f 3102/2490/573 3144/2491/572 3359/2492/572 3317/2493/573
f 3150/2494/22 3103/2495/564 3320/2496/564 3365/2497/22
f 3110/2498/650 3142/2499/562 3357/2500/562 3325/2501/650
f 3152/2502/8 3111/2503/653 3328/2504/653 3367/2505/8
f 3118/2506/577 3140/2507/571 3355/2508/571 3333/2509/577
f 3154/2510/66 3119/2511/575 3336/2512/575 3369/2513/66
f 3126/2273/561 3138/2514/173 3353/2515/173 3341/2274/561
f 3156/2516/325 3127/2517/576 3344/2518/576 3371/2519/325
f 3134/2520/652 3136/2521/41 3351/2522/41 3349/2523/652
f 3136/2521/41 3158/2524/567 3373/2525/567 3351/2522/41
f 3127/2517/576 3130/2526/47 3345/2527/47 3344/2518/576
f 3119/2511/575 3122/2528/574 3337/2529/574 3336/2512/575
f 3111/2503/653 3114/2530/559 3329/2531/559 3328/2504/653
f 3103/2495/564 3106/2532/315 3321/2533/315 3320/2496/564
f 3158/2524/567 3145/2534/566 3362/2535/566 3373/2525/567
f 3097/2536/37 3096/2537/37 1851/2538/37 1852/2539/37
f 3099/2540/28 3102/2490/573 3317/2493/573 3316/2541/28
f 3145/2534/566 3148/2488/34 3363/2489/34 3362/2535/566
f 3105/2542/37 3104/2543/37 1855/2544/37 1856/2545/37
f 3107/2546/14 3110/2498/650 3325/2501/650 3324/2547/14
f 3144/2491/572 3150/2494/22 3365/2497/22 3359/2492/572
f 3113/2548/37 3112/2549/37 1859/2550/37 1860/2551/37
f 3115/2552/1 3118/2506/577 3333/2509/577 3332/2553/1
f 3142/2499/562 3152/2554/8 3367/2555/8 3357/2500/562
f 3121/2556/37 3120/2557/37 1863/2558/37 1864/2559/37
f 3122/2560/574 3123/2272/60 3340/2275/60 3337/2561/574
f 3140/2507/571 3154/2510/66 3369/2513/66 3355/2508/571
f 3129/2562/37 3128/2563/37 1867/2564/37 1868/2565/37
f 3131/2566/651 3134/2520/652 3349/2523/652 3348/2567/651
f 3138/2514/173 3156/2516/325 3371/2519/325 3353/2515/173
f 3147/2568/37 3146/2569/37 1876/2570/37 1877/2571/37
f 3298/2572/37 3309/2573/37 3374/2574/37 3361/2575/37
f 3141/2576/37 3109/2577/37 1858/2578/37 1874/2579/37
f 3096/2537/37 3147/2568/37 1877/2571/37 1851/2538/37
f 3155/2580/37 3137/2581/37 1872/2582/37 1881/2583/37
f 3143/2584/37 3101/2585/37 1854/2586/37 1875/2587/37
f 3101/2585/37 3100/2588/37 1853/2589/37 1854/2586/37
f 3130/2526/47 3131/2590/651 3348/2591/651 3345/2527/47
f 3146/2569/37 3157/2592/37 1882/2593/37 1876/2570/37
f 3104/2543/37 3149/2594/37 1878/2595/37 1855/2544/37
f 3132/2596/37 3129/2562/37 1868/2565/37 1869/2597/37
f 3098/2315/654 3099/2598/28 3316/2599/28 3313/2316/654
f 3109/2577/37 3108/2600/37 1857/2601/37 1858/2578/37
f 3157/2592/37 3135/2602/37 1871/2603/37 1882/2593/37
f 3100/2588/37 3097/2536/37 1852/2539/37 1853/2589/37
f 3112/2549/37 3151/2604/37 1879/2605/37 1859/2550/37
f 4021/2606/657 3160/2415/66 3203/2418/66 4042/2342/571
f 3149/2594/37 3143/2584/37 1875/2587/37 1878/2595/37
f 3117/2607/37 3116/2608/37 1861/2609/37 1862/2610/37
f 3106/2532/315 3107/2546/14 3324/2547/14 3321/2533/315
f 3120/2557/37 3153/2611/37 1880/2612/37 1863/2558/37
f 3108/2600/37 3105/2542/37 1856/2545/37 1857/2601/37
f 3125/2613/37 3124/2614/37 1865/2615/37 1866/2616/37
f 3151/2604/37 3141/2576/37 1874/2579/37 1879/2605/37
f 3128/2563/37 3155/2580/37 1881/2583/37 1867/2564/37
f 3114/2530/559 3115/2552/1 3332/2553/1 3329/2531/559
f 3133/2617/37 3132/2596/37 1869/2597/37 1870/2618/37
f 3116/2608/37 3113/2548/37 1860/2551/37 1861/2609/37
f 3135/2602/37 3133/2617/37 1870/2618/37 1871/2603/37
f 3153/2611/37 3139/2619/37 1873/2620/37 1880/2612/37
f 3137/2581/37 3125/2613/37 1866/2616/37 1872/2582/37
f 3124/2614/37 3121/2556/37 1864/2559/37 1865/2615/37
f 3139/2619/37 3117/2607/37 1862/2610/37 1873/2620/37
f 3300/2621/577 3247/2447/571 3440/2450/571 3491/2622/577
f 3254/2623/574 3296/2624/60 3487/2625/60 3445/2626/574
f 3302/2627/561 3255/2628/173 3448/2629/173 3493/2630/561
f 3262/2631/47 3294/2632/651 3485/2633/651 3453/2634/47
f 3304/2635/652 3263/2636/41 3456/2637/41 3495/2638/652
f 3270/2639/34 3292/2640/568 3483/2641/568 3461/2642/34
f 3306/2643/654 3271/2644/28 3464/2645/28 3497/2646/654
f 3278/2647/22 3290/2648/564 3481/2649/564 3469/2650/22
f 3308/2651/315 3279/2652/14 3472/2653/14 3499/2654/315
f 3286/2655/8 3288/2656/653 3479/2657/653 3477/2658/8
f 3288/2656/653 3310/2659/559 3501/2660/559 3479/2657/653
f 3279/2652/14 3282/2661/650 3473/2662/650 3472/2653/14
f 3271/2663/28 3274/2664/573 3465/2665/573 3464/2666/28
f 3263/2636/41 3266/2667/567 3457/2668/567 3456/2637/41
f 3255/2628/173 3258/2669/325 3449/2670/325 3448/2629/173
f 3310/2659/559 3297/2671/1 3490/2672/1 3501/2660/559
f 3249/2673/37 3248/2674/37 3311/2675/37 3314/2676/37
f 3251/2677/575 3254/2678/574 3445/2679/574 3444/2680/575
f 3299/2681/37 3298/2572/37 3361/2575/37 3364/2682/37
f 3257/2683/37 3256/2684/37 3319/2685/37 3322/2686/37
f 3259/2687/576 3262/2631/47 3453/2634/47 3452/2688/576
f 3296/2624/60 3302/2627/561 3493/2630/561 3487/2625/60
f 3265/2689/37 3264/2690/37 3327/2691/37 3330/2692/37
f 3267/2693/566 3270/2639/34 3461/2642/34 3460/2694/566
f 3294/2695/651 3304/2635/652 3495/2638/652 3485/2696/651
f 3273/2697/37 3272/2698/37 3335/2699/37 3338/2700/37
f 3275/2701/572 3278/2647/22 3469/2650/22 3468/2702/572
f 3292/2640/568 3306/2643/654 3497/2646/654 3483/2641/568
f 3281/2703/37 3280/2704/37 3343/2705/37 3346/2706/37
f 3283/2707/562 3286/2708/8 3477/2709/8 3476/2710/562
f 3290/2648/564 3308/2651/315 3499/2654/315 3481/2649/564
f 3375/2711/568 3378/2712/654 3505/2713/654 3504/2714/568
f 3406/2715/561 3418/2716/173 3545/2717/173 3533/2718/561
f 3256/2684/37 3301/2719/37 3366/2720/37 3319/2685/37
f 3284/2721/37 3281/2703/37 3346/2706/37 3347/2722/37
f 3250/2448/66 3251/2677/575 3444/2680/575 3441/2449/66
f 3261/2723/37 3260/2724/37 3323/2725/37 3326/2726/37
f 3309/2573/37 3287/2727/37 3352/2728/37 3374/2574/37
f 3252/2729/37 3249/2673/37 3314/2676/37 3315/2730/37
f 3264/2690/37 3303/2731/37 3368/2732/37 3327/2691/37
f 3297/2671/1 3300/2621/577 3491/2622/577 3490/2672/1
f 3301/2719/37 3295/2733/37 3360/2734/37 3366/2720/37
f 3269/2735/37 3268/2736/37 3331/2737/37 3334/2738/37
f 3258/2669/325 3259/2687/576 3452/2688/576 3449/2670/325
f 3272/2698/37 3305/2739/37 3370/2740/37 3335/2699/37
f 3260/2724/37 3257/2683/37 3322/2686/37 3323/2725/37
f 3277/2741/37 3276/2742/37 3339/2743/37 3342/2744/37
f 3303/2731/37 3293/2745/37 3358/2746/37 3368/2732/37
f 3280/2704/37 3307/2747/37 3372/2748/37 3343/2705/37
f 3266/2667/567 3267/2693/566 3460/2694/566 3457/2668/567
f 3285/2749/37 3284/2721/37 3347/2722/37 3350/2750/37
f 3268/2736/37 3265/2689/37 3330/2692/37 3331/2737/37
f 3287/2727/37 3285/2749/37 3350/2750/37 3352/2728/37
f 3305/2739/37 3291/2751/37 3356/2752/37 3370/2740/37
f 3289/2753/37 3277/2741/37 3342/2744/37 3354/2754/37
f 3274/2664/573 3275/2701/572 3468/2702/572 3465/2665/573
f 3291/2751/37 3269/2735/37 3334/2738/37 3356/2752/37
f 3276/2742/37 3273/2697/37 3338/2700/37 3339/2743/37
f 3293/2745/37 3261/2723/37 3326/2726/37 3358/2746/37
f 3248/2674/37 3299/2681/37 3364/2682/37 3311/2675/37
f 3307/2747/37 3289/2753/37 3354/2754/37 3372/2748/37
f 3295/2733/37 3253/2755/37 3318/2756/37 3360/2734/37
f 3253/2755/37 3252/2729/37 3315/2730/37 3318/2756/37
f 3282/2661/650 3283/2707/562 3476/2710/562 3473/2662/650
f 3428/2757/34 3375/2711/568 3504/2714/568 3555/2758/34
f 3382/2759/573 3424/2760/572 3551/2761/572 3509/2762/573
f 3430/2763/22 3383/2764/564 3512/2765/564 3557/2766/22
f 3390/2767/650 3422/2768/562 3549/2769/562 3517/2770/650
f 3432/2771/8 3391/2772/653 3520/2773/653 3559/2774/8
f 3398/2775/577 3420/2776/571 3547/2777/571 3525/2778/577
f 3434/2779/66 3399/2780/575 3528/2781/575 3561/2782/66
f 3403/2783/60 3406/2715/561 3533/2718/561 3532/2784/60
f 3436/2785/325 3407/2786/576 3536/2787/576 3563/2788/325
f 3414/2789/652 3416/2790/41 3543/2791/41 3541/2792/652
f 3416/2790/41 3438/2793/567 3565/2794/567 3543/2791/41
f 3407/2786/576 3410/2795/47 3537/2796/47 3536/2787/576
f 3399/2780/575 3402/2797/574 3529/2798/574 3528/2781/575
f 3391/2772/653 3394/2799/559 3521/2800/559 3520/2773/653
f 3383/2764/564 3386/2801/315 3513/2802/315 3512/2765/564
f 3438/2793/567 3425/2803/566 3554/2804/566 3565/2794/567
f 3379/2809/28 3382/2759/573 3509/2762/573 3508/2810/28
f 3425/2803/566 3428/2757/34 3555/2758/34 3554/2804/566
f 3387/2815/14 3390/2767/650 3517/2770/650 3516/2816/14
f 3424/2760/572 3430/2763/22 3557/2766/22 3551/2761/572
f 3395/2821/1 3398/2775/577 3525/2778/577 3524/2822/1
f 3422/2768/562 3432/2823/8 3559/2824/8 3549/2769/562
f 3420/2776/571 3434/2779/66 3561/2782/66 3547/2777/571
f 3411/2837/651 3414/2789/652 3541/2792/652 3540/2838/651
f 3418/2716/173 3436/2785/325 3563/2788/325 3545/2717/173
f 3572/2843/651 3570/2844/47 3567/2845/47 3573/2846/651
f 3394/2799/559 3395/2821/1 3524/2822/1 3521/2800/559
f 3402/2873/574 3403/2783/60 3532/2784/60 3529/2874/574
f 3410/2795/47 3411/2894/651 3540/2895/651 3537/2796/47
f 3378/2712/654 3379/2900/28 3508/2901/28 3505/2713/654
f 3566/2911/37 3553/2912/37 3556/2913/37 3503/2914/37 3506/2915/37 3507/2916/37 3510/2917/37 3552/2918/37 3558/2919/37 3511/2920/37 3514/2921/37 3515/2922/37 3518/2923/37 3550/2924/37 3560/2925/37 3519/2926/37 3522/2927/37 3523/2928/37 3526/2929/37 3548/2930/37 3562/2931/37 3527/2932/37 3530/2933/37 3531/2934/37 3534/2935/37 3546/2936/37 3564/2937/37 3535/2938/37 3538/2939/37 3539/2940/37 3542/2941/37 3544/2942/37
f 3386/2801/315 3387/2815/14 3516/2816/14 3513/2802/315
f 5340/2090/562 5370/2946/8 3734/2947/8 3735/2217/562
f 3058/2948/71 3059/2949/71 3176/2950/71 3173/2951/71
f 3081/2210/71 3084/2952/71 4019/2953/71 3194/2211/71
f 3092/2954/71 3063/2955/71 3178/2956/71 3199/2957/71
f 3050/2958/71 3051/2959/71 4034/2960/71 4031/2961/71
f 3038/2473/71 3080/2962/71 3191/2963/71 3163/2474/71
f 3737/2964/71 3724/2965/71 3625/2966/71 3627/2967/71
f 5313/1994/47 5312/1993/651 3719/2968/651 3642/2184/47
f 3648/2969/71 3653/2970/71 3790/2971/71 3820/2972/71
f 3701/2269/71 3740/2224/71 3779/2227/71 3777/2270/71
f 3039/2221/71 3042/2973/71 4027/2974/71 4026/2222/71
f 3090/2975/71 3055/2976/71 3172/2977/71 3197/2978/71
f 3078/2327/71 3088/2979/71 3195/2980/71 3189/2328/71
f 3074/2297/71 3092/2954/71 3199/2957/71 4017/2298/71
f 3070/2331/71 3072/2981/71 3185/2982/71 3183/2332/71
f 3669/2983/71 3716/2984/71 3808/2985/71 3805/2986/71
f 3076/2311/71 3090/2975/71 3197/2978/71 3187/2312/71
f 3088/2979/71 3047/2987/71 3168/2988/71 3195/2980/71
f 3063/2955/71 3066/2989/71 3179/2990/71 3178/2956/71
f 3066/2989/71 3067/2330/71 3182/2333/71 3179/2990/71
f 3059/2949/71 3062/2296/71 4015/2299/71 3176/2950/71
f 3042/2973/71 3043/2991/71 4030/2992/71 4027/2974/71
f 3055/2976/71 3058/2948/71 3173/2951/71 3172/2977/71
f 3745/2225/71 3684/2993/71 3771/2994/71 3770/2226/71
f 3051/2959/71 3054/2310/71 3169/2313/71 4034/2960/71
f 3080/2962/71 3086/2220/71 4023/2223/71 3191/2963/71
f 3653/2970/71 3732/2995/71 3792/2996/71 3790/2971/71
f 3047/2987/71 3050/2958/71 4031/2961/71 3168/2988/71
f 3034/2997/71 3035/2472/71 3162/2475/71 3159/2998/71
f 3072/2981/71 3094/2209/71 3201/2212/71 3185/2982/71
f 3043/2991/71 3046/2326/71 3165/2329/71 4030/2992/71
f 3084/2952/71 3031/2999/71 4022/3000/71 4019/2953/71
f 3720/3001/37 3717/3002/37 3809/3003/37 3574/3004/37
f 3570/2844/47 3813/3005/576 3812/3006/576 3567/2845/47
f 3612/3007/577 3609/3008/1 3607/3009/1 3613/3010/577
f 3807/3011/652 3572/3012/651 3573/3013/651 3810/3014/652
f 3626/3015/650 3603/3016/14 3606/3017/14 3623/3018/650
f 3684/2993/71 3689/2256/71 3798/2259/71 3771/2994/71
f 3728/3019/37 3725/3020/37 3624/3021/37 3605/3022/37
f 5348/2160/653 5347/2113/559 3650/2197/559 3651/3023/653
f 5368/2149/652 5352/2148/41 3667/3024/41 3718/2237/652
f 3652/2187/37 3649/3025/37 3821/3026/37 3788/2188/37
f 3672/3027/71 3648/2969/71 3820/2972/71 3610/3028/71
f 5362/3029/28 5361/2181/573 3698/2246/573 3699/3030/28
f 3709/2214/37 3749/3031/37 3583/3032/37 3785/2215/37
f 5354/2125/561 5338/2124/173 3694/3033/173 3678/2198/561
f 3660/3034/37 3657/3035/37 3592/3036/37 3581/3037/37
f 3617/3038/173 3815/3039/561 3818/3040/561 3615/3041/173
f 3697/2206/37 3712/2213/37 3760/2216/37 3766/2207/37
f 3717/3002/37 3668/2192/37 3803/2195/37 3809/3003/37
f 5318/2057/571 5317/2105/66 3659/2191/66 3634/2058/571
f 3665/2193/37 3688/2200/37 3796/2203/37 3801/2194/37
f 3692/3042/71 3676/3043/71 3816/3044/71 3618/3045/71
f 3721/3046/71 3640/3047/71 3569/3048/71 3571/3049/71
f 3736/3050/37 3733/2186/37 3793/2189/37 3629/3051/37
f 3673/3052/37 3636/3053/37 3614/3054/37 3608/3055/37
f 5352/2148/41 5351/2157/567 3666/2229/567 3667/3024/41
f 3645/3056/71 3705/3057/71 3620/3058/71 3814/3059/71
f 3640/3047/71 3645/3056/71 3814/3059/71 3569/3048/71
f 3637/3060/71 3672/3027/71 3610/3028/71 3611/3061/71
f 3664/2257/71 3669/2983/71 3805/2986/71 3800/2258/71
f 3657/3035/37 3756/3062/37 3597/3063/37 3592/3036/37
f 3628/3064/562 3626/3015/650 3623/3018/650 3630/3065/562
f 3632/3066/71 3637/3060/71 3611/3061/71 3578/3067/71
f 3031/2999/71 3034/2997/71 3159/2998/71 4022/3000/71
f 3677/3068/37 3693/3069/37 3616/3070/37 3817/3071/37
f 3609/3008/1 3819/3072/559 3822/3073/559 3607/3009/1
f 3729/3074/71 3752/3075/71 3602/3076/71 3604/3077/71
f 3757/3078/71 3656/3079/71 3594/3080/71 3595/3081/71
f 3815/3039/561 3588/3082/60 3590/3083/60 3818/3040/561
f 3585/3084/564 3784/2248/22 3786/2251/22 3584/3085/564
f 3633/3086/37 3660/3034/37 3581/3037/37 3575/3087/37
f 3644/3088/37 3641/3089/37 3568/3090/37 3811/3091/37
f 3763/3092/573 3778/3093/28 3776/3094/28 3765/3095/573
f 3772/3096/34 3797/3097/566 3795/3098/566 3774/3099/34
f 3819/3072/559 3789/3100/653 3787/3101/653 3822/3073/559
f 3749/3031/37 3753/3102/37 3599/3103/37 3583/3032/37
f 3769/3104/568 3772/3096/34 3774/3099/34 3768/3105/568
f 3797/3097/566 3799/3106/567 3802/3107/567 3795/3098/566
f 3799/3106/567 3806/3108/41 3804/3109/41 3802/3107/567
f 3732/2995/71 3737/2964/71 3627/2967/71 3792/2996/71
f 3823/3110/1 3826/3111/559 2022/3112/559 2021/3113/1
f 3724/2965/71 3729/3074/71 3604/3077/71 3625/2966/71
f 3716/2984/71 3721/3046/71 3571/3049/71 3808/2985/71
f 3762/2249/572 3763/3092/573 3765/3095/573 3759/2250/572
f 3704/3114/37 3644/3088/37 3811/3091/37 3622/3115/37
f 3780/3116/654 3769/3104/568 3768/3105/568 3781/3117/654
f 3619/3118/325 3617/3038/173 3615/3041/173 3621/3119/325
f 3778/3120/28 3780/3116/654 3781/3117/654 3776/3121/28
f 3681/3122/71 3757/3078/71 3595/3081/71 3587/3123/71
f 3649/3025/37 3673/3052/37 3608/3055/37 3821/3026/37
f 3806/3108/41 3807/3011/652 3810/3014/652 3804/3109/41
f 3656/3079/71 3661/3124/71 3579/3125/71 3594/3080/71
f 3789/3100/653 3791/3126/8 3794/3127/8 3787/3101/653
f 3641/3089/37 3720/3001/37 3574/3004/37 3568/3090/37
f 3580/3128/66 3577/3129/571 3576/3130/571 3582/3131/66
f 5358/2156/566 5357/2177/34 3686/2244/34 3687/2228/566
f 3603/3016/14 3601/3132/315 3600/3133/315 3606/3017/14
f 3661/3124/71 3632/3066/71 3578/3067/71 3579/3125/71
f 3636/3053/37 3633/3086/37 3575/3087/37 3614/3054/37
f 3577/3129/571 3612/3007/577 3613/3010/577 3576/3130/571
f 5365/2169/22 5322/2168/564 3750/2235/564 3710/3134/22
f 3708/3135/71 3713/3136/71 3761/3137/71 3783/3138/71
f 3753/3102/37 3728/3019/37 3605/3022/37 3599/3103/37
f 5366/2180/572 5365/2169/22 3710/3134/22 3711/2245/572
f 5373/2173/654 5362/2172/28 3699/3139/28 3742/3140/654
f 3596/3141/574 3593/3142/575 3591/3143/575 3598/3144/574
f 3813/3005/576 3619/3118/325 3621/3119/325 3812/3006/576
f 3752/3075/71 3748/3145/71 3586/3146/71 3602/3076/71
f 3725/3020/37 3736/3050/37 3629/3051/37 3624/3021/37
f 3756/3062/37 3680/3147/37 3589/3148/37 3597/3063/37
f 3713/3136/71 3696/2268/71 3764/2271/71 3761/3137/71
f 3601/3132/315 3585/3084/564 3584/3085/564 3600/3133/315
f 3680/3147/37 3677/3068/37 3817/3071/37 3589/3148/37
f 3741/3149/37 3700/2205/37 3775/2208/37 3782/3150/37
f 3744/3151/37 3741/3149/37 3782/3150/37 3767/3152/37
f 3676/3043/71 3681/3122/71 3587/3123/71 3816/3044/71
f 3705/3057/71 3692/3042/71 3618/3045/71 3620/3058/71
f 5374/2176/568 5373/2173/654 3742/3140/654 3743/2243/568
f 3748/3145/71 3708/3135/71 3783/3138/71 3586/3146/71
f 3693/3069/37 3704/3114/37 3622/3115/37 3616/3070/37
f 5328/2104/575 5325/3153/574 3755/3154/574 3658/2190/575
f 3685/2201/37 3744/3151/37 3767/3152/37 3773/2202/37
f 3593/3142/575 3580/3128/66 3582/3131/66 3591/3143/575
f 3791/3155/8 3628/3064/562 3630/3065/562 3794/3156/8
f 5338/2124/173 5337/2133/325 3703/2247/325 3694/3033/173
f 5370/2161/8 5348/2160/653 3651/3023/653 3734/3157/8
f 3588/3082/60 3596/3158/574 3598/3159/574 3590/3083/60
f 1923/3166/96 1772/3167/96 5336/2130/325 3022/3168/325
f 3008/3172/574 2990/3173/60 5323/2069/60 5326/2068/574
f 2979/3174/575 3008/3175/574 5326/3176/574 5327/2103/575
f 2997/3183/652 2972/3184/41 5349/2147/41 5367/2146/652
f 2970/3185/650 2967/3186/562 5339/2089/562 5342/2088/650
f 5288/2013/560 5282/1944/511 2947/3187/325 2942/2014/173
f 3001/3188/568 3003/3189/654 5372/2170/654 5371/2175/568
f 1773/3190/96 1922/3191/96 3019/3192/576 5343/2131/576
f 545/1977/542 546/1976/531 2953/3193/651 2961/2054/47
f 561/1940/507 562/1939/506 2904/2023/562 2905/3194/650
f 3023/3195/173 3022/3168/325 5336/2130/325 5335/2123/173
f 3006/3196/47 3000/3197/651 5311/1992/651 5314/1991/47
f 5285/1988/551 536/1978/543 2912/2039/571 2913/3198/577
f 1767/3200/50 1916/3201/50 3027/3202/571 5315/2093/571
f 565/2006/558 5285/1988/551 2913/3198/577 2928/2007/1
f 553/1941/508 554/1987/541 2931/3203/28 2960/3204/654
f 546/1965/531 547/1953/520 2952/3205/652 2953/3206/651
f 3000/3207/651 2997/3183/652 5367/2146/652 5311/3208/651
f 2976/3209/653 2973/3210/559 5346/2110/559 5345/2159/653
f 2983/3211/1 3030/3212/577 5332/2092/577 5331/2111/1
f 3003/3189/654 2988/3213/28 5359/2171/28 5372/2170/654
f 563/1974/540 564/1963/529 2917/3214/653 2950/3215/8
f 3012/3216/566 2977/3217/34 5356/2174/34 5355/2155/566
f 5289/1967/533 560/1956/522 2943/3218/14 2966/3219/315
f 2995/3220/8 2976/3209/653 5345/2159/653 5369/2158/8
f 537/1966/532 538/1955/521 2924/2047/575 2925/2038/66
f 2982/3221/66 2979/3174/575 5327/2103/575 5316/2102/66
f 3009/3222/315 2994/3223/14 5329/2077/14 5320/2076/315
f 3027/3202/571 2982/3221/66 5316/2102/66 5315/2093/571
f 3015/3224/564 3009/3222/315 5320/2076/315 5319/2167/564
f 552/1942/509 553/1941/508 2960/3204/654 2958/2032/568
f 2994/3223/14 2970/3185/650 5342/2088/650 5329/2077/14
f 2977/3217/34 3001/3188/568 5371/2175/568 5356/2174/34
f 5294/2026/563 5289/1967/533 2966/3219/315 2956/2027/564
f 560/1956/522 561/1940/507 2905/3194/650 2943/3218/14
f 1771/3226/125 1921/3227/125 3023/3195/173 5335/2123/173
f 5291/2029/565 5287/1957/523 2920/2033/34 2921/2030/566
f 540/1937/504 5293/1985/550 2934/2015/561 2935/3228/60
f 1777/3229/55 1918/3230/55 3012/3216/566 5355/2155/566
f 2992/3231/572 3017/3232/22 5364/2166/22 5363/2179/572
f 548/88/70 5280/87/69 2908/2031/567 2909/3233/41
f 2985/3234/573 2992/3231/572 5363/2179/572 5360/2178/573
f 1788/3235/228 1924/3236/228 3015/3224/564 5319/2167/564
f 554/1975/541 555/1964/530 2930/2045/573 2931/3237/28
f 2988/3238/28 2985/3234/573 5360/2178/573 5359/3239/28
f 556/1952/519 5286/1951/518 2938/2028/22 2939/2044/572
f 3019/3192/576 3006/3196/47 5314/1991/47 5343/2131/576
f 2990/3173/60 3025/3240/561 5353/2122/561 5323/2069/60
f 2973/3210/559 2983/3211/1 5331/2111/1 5346/2110/559
f 2972/3184/41 3013/3241/567 5350/2154/567 5349/2147/41
f 539/1938/505 540/1937/504 2935/3228/60 2963/3242/574
f 5282/1944/511 544/1943/510 2946/2055/576 2947/3187/325
f 564/1963/529 5284/1962/528 2916/2008/559 2917/3214/653
f 547/1953/520 548/88/70 2909/3233/41 2952/3205/652
f 2692/3336/14 2694/3337/315 3933/3338/315 3931/3339/14
f 4519/3356/739 4506/3357/740 4504/3358/741 4515/3359/742
f 2583/3370/1 2584/3371/559 2777/3372/559 2776/3373/1
f 4129/3377/768 4320/3378/769 4317/3379/770 4126/3380/771
f 4269/3388/783 4462/3389/784 4465/3390/785 4272/3391/786
f 2650/3392/567 2652/3393/41 3891/3394/41 3889/3395/567
f 2654/3396/652 2656/3397/651 3895/3398/651 3893/3399/652
f 2656/3400/651 2658/3401/47 3897/3402/47 3895/3403/651
f 2658/3401/47 2660/3404/576 3899/3405/576 3897/3402/47
f 2660/3404/576 2662/3406/325 3901/3407/325 3899/3405/576
f 2662/3406/325 2664/3408/173 3903/3409/173 3901/3407/325
f 2664/3408/173 2666/3410/561 3905/3411/561 3903/3409/173
f 2666/3410/561 2668/3412/60 3907/3413/60 3905/3411/561
f 2668/3412/60 2670/3414/574 3909/3415/574 3907/3413/60
f 2670/3416/574 2672/3417/575 3911/3418/575 3909/3419/574
f 2672/3417/575 2674/3420/66 3913/3421/66 3911/3418/575
f 2674/3420/66 2676/3422/571 3915/3423/571 3913/3421/66
f 2676/3422/571 2678/3424/577 3917/3425/577 3915/3423/571
f 2678/3424/577 2680/3426/1 3919/3427/1 3917/3425/577
f 2680/3426/1 2682/3428/559 3921/3429/559 3919/3427/1
f 2682/3428/559 2684/3430/653 3923/3431/653 3921/3429/559
f 2684/3430/653 2686/3432/8 3925/3433/8 3923/3431/653
f 2686/3434/8 2688/3435/562 3927/3436/562 3925/3437/8
f 2688/3435/562 2690/3438/650 3929/3439/650 3927/3436/562
f 2690/3438/650 2692/3336/14 3931/3339/14 3929/3439/650
f 2694/3337/315 2696/3444/564 3935/3445/564 3933/3338/315
f 2696/3444/564 2698/3446/22 3937/3447/22 3935/3445/564
f 2698/3446/22 2700/3448/572 3939/3449/572 3937/3447/22
f 2700/3448/572 2702/3450/573 3941/3451/573 3939/3449/572
f 2702/3450/573 2704/3452/28 3943/3453/28 3941/3451/573
f 2704/3454/28 2706/3455/654 3945/3456/654 3943/3457/28
f 2706/3455/654 2708/3458/568 3947/3459/568 3945/3456/654
f 2708/3458/568 2710/3460/34 3949/3461/34 3947/3459/568
f 1989/3462/566 1990/3463/567 3953/3464/567 3952/3465/566
f 3872/3470/173 3874/3471/561 2046/3472/561 2045/3473/173
f 2652/3393/41 2654/3396/652 3893/3399/652 3891/3394/41
f 3886/3564/577 3823/3110/1 2021/3113/1 2052/3565/577
f 3828/3566/653 3830/3567/8 2024/3568/8 2023/3569/653
f 3830/3570/8 3832/3571/562 2025/3572/562 2024/3573/8
f 3832/3571/562 3834/3574/650 2026/3575/650 2025/3572/562
f 3834/3574/650 3836/3576/14 2027/3577/14 2026/3575/650
f 3836/3576/14 3838/3578/315 2028/3579/315 2027/3577/14
f 3838/3578/315 3840/3580/564 2029/3581/564 2028/3579/315
f 3840/3580/564 3842/3582/22 2030/3583/22 2029/3581/564
f 3842/3582/22 3844/3584/572 2031/3585/572 2030/3583/22
f 3844/3584/572 3846/3586/573 2032/3587/573 2031/3585/572
f 3846/3586/573 3848/3588/28 2033/3589/28 2032/3587/573
f 3848/3590/28 3850/3591/654 2034/3592/654 2033/3593/28
f 3850/3591/654 3852/3594/568 2035/3595/568 2034/3592/654
f 3852/3594/568 3854/3596/34 2036/3597/34 2035/3595/568
f 3854/3596/34 3856/3598/566 2037/3599/566 2036/3597/34
f 3856/3598/566 3858/3600/567 2038/3601/567 2037/3599/566
f 3858/3600/567 3860/3602/41 2039/3603/41 2038/3601/567
f 3860/3602/41 3862/3604/652 2040/3605/652 2039/3603/41
f 3862/3604/652 3864/3606/651 2041/3607/651 2040/3605/652
f 3864/3608/651 3866/3609/47 2042/3610/47 2041/3611/651
f 3866/3609/47 3868/3612/576 2043/3613/576 2042/3610/47
f 3868/3612/576 3870/3614/325 2044/3615/325 2043/3613/576
f 3871/3616/71 3869/3617/71 3934/3618/71 3936/3619/71
f 3870/3614/325 3872/3470/173 2045/3473/173 2044/3615/325
f 3874/3471/561 3876/3620/60 2047/3621/60 2046/3472/561
f 3876/3620/60 3878/3622/574 2048/3623/574 2047/3621/60
f 3878/3624/574 3880/3625/575 2049/3626/575 2048/3627/574
f 3880/3625/575 3882/3628/66 2050/3629/66 2049/3626/575
f 3882/3628/66 3884/3630/571 2051/3631/571 2050/3629/66
f 3884/3630/571 3886/3564/577 2052/3565/577 2051/3631/571
f 2647/3632/566 2650/3392/567 3889/3395/567 3888/3633/566
f 3825/3634/71 3824/3635/71 3887/3636/71 3890/3637/71
f 2015/3638/572 2016/3639/573 4005/3640/573 4003/3641/572
f 3845/3642/71 3843/3643/71 3908/3644/71 3910/3645/71
f 3873/3646/71 3871/3616/71 3936/3619/71 3938/3647/71
f 3847/3648/71 3845/3642/71 3910/3645/71 3912/3649/71
f 3875/3650/71 3873/3646/71 3938/3647/71 3940/3651/71
f 3849/3652/71 3847/3648/71 3912/3649/71 3914/3653/71
f 3877/3654/71 3875/3650/71 3940/3651/71 3942/3655/71
f 3851/3656/71 3849/3652/71 3914/3653/71 3916/3657/71
f 3824/3635/71 3885/3658/71 3950/3659/71 3887/3636/71
f 3879/3660/71 3877/3654/71 3942/3655/71 3944/3661/71
f 3853/3662/71 3851/3656/71 3916/3657/71 3918/3663/71
f 3827/3664/71 3825/3634/71 3890/3637/71 3892/3665/71
f 3881/3666/71 3879/3660/71 3944/3661/71 3946/3667/71
f 3855/3668/71 3853/3662/71 3918/3663/71 3920/3669/71
f 3829/3670/71 3827/3664/71 3892/3665/71 3894/3671/71
f 3883/3672/71 3881/3666/71 3946/3667/71 3948/3673/71
f 3857/3674/71 3855/3668/71 3920/3669/71 3922/3675/71
f 3831/3676/71 3829/3670/71 3894/3671/71 3896/3677/71
f 3885/3658/71 3883/3672/71 3948/3673/71 3950/3659/71
f 3859/3678/71 3857/3674/71 3922/3675/71 3924/3679/71
f 3833/3680/71 3831/3676/71 3896/3677/71 3898/3681/71
f 3826/3111/559 3828/3566/653 2023/3569/653 2022/3112/559
f 3861/3682/71 3859/3678/71 3924/3679/71 3926/3683/71
f 3835/3684/71 3833/3680/71 3898/3681/71 3900/3685/71
f 3863/3686/71 3861/3682/71 3926/3683/71 3928/3687/71
f 3837/3688/71 3835/3684/71 3900/3685/71 3902/3689/71
f 3865/3690/71 3863/3686/71 3928/3687/71 3930/3691/71
f 3839/3692/71 3837/3688/71 3902/3689/71 3904/3693/71
f 3867/3694/71 3865/3690/71 3930/3691/71 3932/3695/71
f 3841/3696/71 3839/3692/71 3904/3693/71 3906/3697/71
f 3869/3617/71 3867/3694/71 3932/3695/71 3934/3618/71
f 3843/3643/71 3841/3696/71 3906/3697/71 3908/3644/71
f 2009/3698/789 2008/3699/790 2634/3700/791 2635/3701/792
f 2008/3699/790 2007/3706/801 2633/3707/802 2634/3700/791
f 2007/3706/801 2006/3710/807 2632/3711/808 2633/3707/802
f 2006/3714/807 2005/3715/813 2631/3716/813 2632/3717/808
f 2005/3715/813 2004/3720/818 2630/3721/819 2631/3716/813
f 2004/3720/818 2003/3724/823 2629/3725/824 2630/3721/819
f 2003/3727/823 2002/3728/827 2628/3729/828 2629/3730/824
f 2002/3728/827 2001/3732/830 2627/3733/831 2628/3729/828
f 2001/3732/830 2000/3735/834 2626/3736/835 2627/3733/831
f 2000/3735/834 1999/3738/838 2625/3739/839 2626/3736/835
f 1999/3738/838 1998/3741/842 2624/3742/843 2625/3739/839
f 1998/3744/842 1997/3745/846 2623/3746/846 2624/3747/843
f 1997/3745/846 1996/3749/849 2622/3750/850 2623/3746/846
f 1996/3749/849 1995/3752/853 2621/3753/854 2622/3750/850
f 2020/3754/34 1989/3462/566 3952/3465/566 4013/3755/34
f 2002/3756/66 2003/3724/571 3979/3757/571 3977/3758/66
f 2016/3639/573 2017/3759/28 4007/3760/28 4005/3640/573
f 2003/3724/571 2004/3720/577 3981/3761/577 3979/3757/571
f 3951/3762/71 3954/3763/71 3956/3764/71 3958/3765/71 3960/3766/71 3962/3767/71 3964/3768/71 3966/3769/71 3968/3770/71 3970/3771/71 3972/3772/71 3974/3773/71 3976/3774/71 3978/3775/71 3980/3776/71 3982/3777/71 3984/3778/71 3986/3779/71 3988/3780/71 3990/3781/71 3992/3782/71 3994/3783/71 3996/3784/71 3998/3785/71 4000/3786/71 4002/3787/71 4004/3788/71 4006/3789/71 4008/3790/71 4010/3791/71 4012/3792/71 4014/3793/71
f 2017/3794/28 2018/3795/654 4009/3796/654 4007/3797/28
f 2004/3720/577 2005/3715/1 3983/3798/1 3981/3761/577
f 1991/3799/41 1992/3800/652 3957/3801/652 3955/3802/41
f 2018/3795/654 2019/3803/568 4011/3804/568 4009/3796/654
f 2005/3715/1 2006/3714/559 3985/3805/559 3983/3798/1
f 1992/3800/652 1993/3806/651 3959/3807/651 3957/3801/652
f 2019/3803/568 2020/3754/34 4013/3755/34 4011/3804/568
f 2006/3714/559 2007/3808/653 3987/3809/653 3985/3805/559
f 1993/3810/651 1994/3811/47 3961/3812/47 3959/3813/651
f 1838/3814/228 1837/3815/228 4016/2409/22 4018/2442/564
f 2007/3808/653 2008/3816/8 3989/3817/8 3987/3809/653
f 1994/3811/47 1995/3752/576 3963/3818/576 3961/3812/47
f 1990/3463/567 1991/3799/41 3955/3802/41 3953/3464/567
f 2008/3819/8 2009/3820/562 3991/3821/562 3989/3822/8
f 1995/3752/576 1996/3749/325 3965/3823/325 3963/3818/576
f 2009/3820/562 2010/3824/650 3993/3825/650 3991/3821/562
f 1996/3749/325 1997/3745/173 3967/3826/173 3965/3823/325
f 2010/3824/650 2011/3827/14 3995/3828/14 3993/3825/650
f 1997/3745/173 1998/3744/561 3969/3829/561 3967/3826/173
f 2011/3827/14 2012/3830/315 3997/3831/315 3995/3828/14
f 1998/3744/561 1999/3832/60 3971/3833/60 3969/3829/561
f 2012/3830/315 2013/3834/564 3999/3835/564 3997/3831/315
f 1999/3832/60 2000/3836/574 3973/3837/574 3971/3833/60
f 2013/3834/564 2014/3838/22 4001/3839/22 3999/3835/564
f 2000/3840/574 2001/3841/575 3975/3842/575 3973/3843/574
f 2014/3838/22 2015/3638/572 4003/3641/572 4001/3839/22
f 2001/3841/575 2002/3756/66 3977/3758/66 3975/3842/575
f 2082/3854/37 2067/3855/37 2195/3856/37 2201/3857/37
f 2173/3858/855 2179/3859/855 2183/3860/856 2177/3861/856
f 2179/3859/855 2185/3865/855 2189/3866/856 2183/3860/856
f 2053/3867/71 2068/3868/71 2198/3869/71 2192/3870/71
f 2185/3865/855 2191/3874/857 2197/3875/858 2189/3866/856
f 2194/3881/859 2113/3882/855 2117/3883/856 2200/3884/860
f 389/362/129 390/3885/129 2103/3886/129 2102/363/129
f 377/3887/128 376/357/128 2089/360/128 2090/3888/128
f 390/3885/129 391/3889/129 2104/3890/129 2103/3886/129
f 378/3891/128 377/3887/128 2090/3888/128 2091/3892/128
f 391/3889/129 392/3893/129 2105/3894/129 2104/3890/129
f 2209/3895/37 2208/3896/37 2097/3897/37 2112/3898/37
f 379/3899/128 378/3891/128 2091/3892/128 2092/3900/128
f 2216/3896/71 2217/3895/71 2098/3901/71 2083/3902/71
f 392/3893/129 393/3903/129 2106/3904/129 2105/3894/129
f 380/3905/128 379/3899/128 2092/3900/128 2093/3906/128
f 393/3903/129 394/3907/129 2107/3908/129 2106/3904/129
f 381/3909/128 380/3905/128 2093/3906/128 2094/3910/128
f 394/3907/129 395/3911/129 2108/3912/129 2107/3908/129
f 382/3913/128 381/3909/128 2094/3910/128 2095/3914/128
f 395/3911/129 396/390/129 2109/391/129 2108/3912/129
f 383/387/128 382/3913/128 2095/3914/128 2096/388/128
f 2113/3882/855 2119/3964/855 2123/3965/856 2117/3883/856
f 2167/3990/855 2173/3858/855 2177/3861/856 2171/3991/856
f 2161/3994/855 2167/3990/855 2171/3991/856 2165/3995/856
f 2155/3998/855 2161/3994/855 2165/3995/856 2159/3999/856
f 2149/4002/855 2155/3998/855 2159/3999/856 2153/4003/856
f 2143/4006/855 2149/4002/855 2153/4003/856 2147/4007/856
f 2137/4009/855 2143/4006/855 2147/4007/856 2141/4010/856
f 2131/4012/855 2137/4009/855 2141/4010/856 2135/4013/856
f 2119/3964/855 2125/4014/855 2129/4015/856 2123/3965/856
f 2125/4014/855 2131/4012/855 2135/4013/856 2129/4015/856
f 2193/4019/133 2187/4020/133 2186/4021/133 2192/4022/133
f 2115/4041/133 2196/4042/133 2195/4043/133 2114/4044/133
f 2198/4045/100 2188/4046/100 2190/4047/100 2199/4048/100
f 2116/4072/100 2201/4073/100 2202/4074/100 2118/4075/100
f 2194/3881/859 2200/3884/860 2202/4078/863 2196/4079/863
f 2196/4080/864 2202/4081/864 2201/4082/864 2195/4083/864
f 2192/4084/865 2198/4082/865 2199/4085/865 2193/4086/865
f 2193/4087/866 2199/4088/866 2197/3875/858 2191/3874/857
f 369/4089/96 45/4090/96 5423/425/132 2203/396/49
f 45/4090/96 47/4091/96 5432/354/126 5423/425/132
f 48/4092/96 46/4093/96 2207/59/48 5277/66/52
f 47/4091/96 384/4094/96 2208/355/51 5432/354/126
f 399/4095/125 49/4096/125 5404/356/127 2209/335/54
f 49/4096/125 51/4097/125 5405/297/122 5404/356/127
f 52/4098/125 50/4099/125 5278/67/53 5292/74/58
f 51/4097/125 414/4100/125 2214/298/57 5405/297/122
f 46/4093/96 355/4101/96 2215/60/49 2207/59/48
f 370/4102/96 48/4092/96 5277/66/52 2216/65/51
f 50/4099/125 385/4103/125 2217/68/54 5278/67/53
f 400/4104/125 52/4098/125 5292/74/58 2218/73/57
f 414/4100/125 399/4095/125 2209/335/54 2214/298/57
f 385/4103/125 400/4104/125 2218/73/57 2217/68/54
f 384/4094/96 369/4089/96 2203/396/49 2208/355/51
f 355/4101/96 370/4102/96 2216/65/51 2215/60/49
f 169/4193/198 15/4194/198 5376/860/200 2251/839/16
f 15/4194/198 17/4195/198 5394/808/195 5376/860/200
f 18/4196/198 16/4197/198 5290/17/15 5273/24/20
f 17/4195/198 184/4198/198 2256/809/19 5394/808/195
f 289/4199/55 33/4200/55 5401/611/166 2257/590/36
f 33/4200/55 35/4201/55 5418/558/163 5401/611/166
f 36/4202/55 34/4203/55 5276/41/35 5279/48/39
f 35/4201/55 304/4204/55 2262/559/38 5418/558/163
f 479/4205/50 61/4206/50 5414/171/99 2263/150/68
f 61/4206/50 63/4207/50 5425/99/75 5414/171/99
f 64/4208/50 62/4209/50 2267/85/67 5281/94/73
f 63/4207/50 494/4210/50 2268/100/72 5425/99/75
f 16/4197/198 155/4211/198 2269/18/16 5290/17/15
f 170/4212/198 18/4196/198 5273/24/20 2270/23/19
f 34/4203/55 275/4213/55 2271/42/36 5276/41/35
f 290/4214/55 36/4202/55 5279/48/39 2272/47/38
f 62/4209/50 465/4215/50 2273/86/68 2267/85/67
f 480/4216/50 64/4208/50 5281/94/73 2274/93/72
f 494/4210/50 479/4205/50 2263/150/68 2268/100/72
f 465/4215/50 480/4216/50 2274/93/72 2273/86/68
f 304/4204/55 289/4199/55 2257/590/36 2262/559/38
f 275/4213/55 290/4214/55 2272/47/38 2271/42/36
f 184/4198/198 169/4193/198 2251/839/16 2256/809/19
f 155/4211/198 170/4212/198 2270/23/19 2269/18/16
f 1782/4349/228 1788/3235/228 5319/2167/564 5364/2166/22
f 1793/4350/50 1767/3200/50 5315/2093/571 5332/2092/577
f 1794/4351/125 1771/3226/125 5335/2123/173 5353/2122/561
f 1772/3167/96 1773/3190/96 5343/2131/576 5336/2130/325
f 1776/4352/55 1777/3229/55 5355/2155/566 5350/2154/567
f 1915/4353/55 1776/4352/55 5350/2154/567 3013/3241/567
f 1917/4354/50 1793/4350/50 5332/2092/577 3030/3212/577
f 1924/3236/228 1920/4355/228 3017/3232/22 3015/3224/564
f 1918/3230/55 1915/4353/55 3013/3241/567 3012/3216/566
f 1916/3201/50 1917/4354/50 3030/3212/577 3027/3202/571
f 1919/4356/125 1794/4351/125 5353/2122/561 3025/3240/561
f 1922/3191/96 1923/3166/96 3022/3168/325 3019/3192/576
f 1920/4355/228 1782/4349/228 5364/2166/22 3017/3232/22
f 1921/3227/125 1919/4356/125 3025/3240/561 3023/3195/173
f 1837/3815/228 1847/4465/228 4035/2410/22 4016/2409/22
f 1839/4466/50 1849/2340/50 4039/2343/577 4020/2444/577
f 1840/4467/125 1850/2318/125 4043/2321/561 4024/2377/561
f 1833/4468/96 1843/2306/96 4047/2309/325 4028/4469/325
f 1835/4470/55 1845/4471/55 4051/2413/567 4032/2412/567
f 1845/4471/55 1846/4473/55 4054/2384/566 4051/2413/567
f 1834/4475/96 1833/4468/96 4028/4469/325 4029/2419/576
f 4025/2429/173 4028/4469/325 4047/2309/325 4046/2320/173
f 1836/4476/55 1835/4470/55 4032/2412/567 4033/2381/566
f 1844/2307/96 1834/4475/96 4029/2419/576 4050/2308/576
f 1848/4477/228 1838/3814/228 4018/2442/564 4037/2443/564
f 1847/4465/228 1848/4477/228 4037/2443/564 4035/2410/22
f 1846/4473/55 1836/4476/55 4033/2381/566 4054/2384/566
f 1831/4478/50 1839/4466/50 4020/2444/577 4021/2606/657
f 1832/2428/125 1840/4467/125 4024/2377/561 4025/2429/173
f 1841/2341/50 1831/4478/50 4021/2606/657 4042/2342/571
f 2596/4629/654 2597/4630/568 2803/4631/568 2801/4632/654
f 2623/3746/173 2622/3750/325 2854/4633/325 2856/4634/173
f 2622/3750/325 2621/3753/576 2852/4639/576 2854/4633/325
f 2617/4640/306 2616/4641/567 2842/4642/567 2844/4643/306
f 2621/3753/576 2620/4647/47 2850/4648/47 2852/4639/576
f 2620/4647/47 2619/4651/651 2848/4652/651 2850/4648/47
f 2646/4653/34 2645/4654/568 2900/4655/568 2902/4656/34
f 2619/4661/651 2618/4662/652 2846/4663/652 2848/4664/651
f 2645/4654/568 2644/4665/654 2898/4666/654 2900/4655/568
f 2618/4662/652 2617/4640/306 2844/4643/306 2846/4663/652
f 2644/4665/654 2643/4671/28 2896/4672/28 2898/4666/654
f 2615/4675/566 2646/4653/34 2902/4656/34 2839/4676/566
f 2643/4677/28 2642/4678/573 2894/4679/573 2896/4680/28
f 2642/4678/573 2641/4687/572 2892/4688/572 2894/4679/573
f 2641/4687/572 2640/4697/22 2890/4698/22 2892/4688/572
f 2640/4697/22 2639/4703/564 2888/4704/564 2890/4698/22
f 2639/4703/564 2638/4710/315 2886/4711/315 2888/4704/564
f 2010/4713/971 2009/3698/789 2635/3701/792 2636/4714/972
f 2011/4716/975 2010/4713/971 2636/4714/972 2637/4717/976
f 2012/3830/978 2011/3827/975 2637/4719/976 2638/4710/979
f 2013/3834/982 2012/3830/978 2638/4710/979 2639/4703/982
f 2014/3838/985 2013/3834/982 2639/4703/982 2640/4697/986
f 2015/4723/989 2014/4724/985 2640/4725/986 2641/4726/990
f 2016/4728/993 2015/4723/989 2641/4726/990 2642/4729/994
f 1990/3463/995 1989/3462/996 2615/4675/996 2616/4641/997
f 2017/4731/1000 2016/4728/993 2642/4729/994 2643/4732/1001
f 1991/3799/1002 1990/3463/995 2616/4641/997 2617/4640/1003
f 2018/4734/1006 2017/4731/1000 2643/4732/1001 2644/4735/1007
f 1992/4736/1008 1991/4737/1002 2617/4738/1003 2618/4739/1009
f 2019/4741/1012 2018/4734/1006 2644/4735/1007 2645/4742/1013
f 1993/4743/1014 1992/4736/1008 2618/4739/1009 2619/4744/1015
f 2020/3754/1017 2019/3803/1012 2645/4654/1013 2646/4653/1018
f 1994/4746/1019 1993/4743/1014 2619/4744/1015 2620/4747/1020
f 1989/3462/996 2020/3754/1017 2646/4653/1018 2615/4675/996
f 1995/4749/853 1994/4746/1019 2620/4747/1020 2621/4750/854
f 2614/4751/577 2583/3370/1 2776/3373/1 2837/4752/577
f 2585/4753/653 2586/4754/8 2781/4755/8 2779/4756/653
f 2586/4757/8 2587/4758/562 2783/4759/562 2781/4760/8
f 2587/4758/562 2588/4761/650 2785/4762/650 2783/4759/562
f 2588/4761/650 2589/4763/14 2787/4764/14 2785/4762/650
f 2589/4763/14 2590/4765/315 2789/4766/315 2787/4764/14
f 2590/4765/315 2591/4767/564 2791/4768/564 2789/4766/315
f 2591/4767/564 2592/4769/22 2793/4770/22 2791/4768/564
f 2592/4769/22 2593/4771/572 2795/4772/572 2793/4770/22
f 2593/4771/572 2594/4773/573 2797/4774/573 2795/4772/572
f 2594/4773/573 2595/4775/28 2799/4776/28 2797/4774/573
f 2595/4780/28 2596/4629/654 2801/4632/654 2799/4781/28
f 2597/4630/568 2598/4782/34 2805/4783/34 2803/4631/568
f 2598/4782/34 2599/4784/566 2807/4785/566 2805/4783/34
f 2599/4784/566 2600/4786/567 2809/4787/567 2807/4785/566
f 2600/4786/567 2601/4788/41 2811/4789/41 2809/4787/567
f 2601/4788/41 2602/4790/652 2813/4791/652 2811/4789/41
f 2602/4790/652 2603/4792/651 2815/4793/651 2813/4791/652
f 2603/4794/651 2604/4795/47 2817/4796/47 2815/4797/651
f 2604/4795/47 2605/4798/576 2819/4799/576 2817/4796/47
f 2605/4798/576 2606/4800/325 2821/4801/325 2819/4799/576
f 2606/4800/325 2607/4802/173 2823/4803/173 2821/4801/325
f 2607/4802/173 2608/4804/561 2825/4805/561 2823/4803/173
f 2608/4804/561 2609/4806/60 2827/4807/60 2825/4805/561
f 2609/4806/60 2610/4808/574 2829/4809/574 2827/4807/60
f 2610/4810/574 2611/4811/575 2831/4812/575 2829/4813/574
f 2611/4811/575 2612/4814/66 2833/4815/66 2831/4812/575
f 2612/4814/66 2613/4816/571 2835/4817/571 2833/4815/66
f 2613/4816/571 2614/4751/577 2837/4752/577 2835/4817/571
f 2616/4641/567 2615/4675/566 2839/4676/566 2842/4642/567
f 2584/3371/559 2585/4753/653 2779/4756/653 2777/3372/559
f 2624/3747/561 2623/3746/173 2856/4634/173 2858/4818/561
f 2625/4822/60 2624/3747/561 2858/4818/561 2860/4823/60
f 2626/4828/574 2625/4822/60 2860/4823/60 2862/4829/574
f 2627/4833/575 2626/4834/574 2862/4835/574 2864/4836/575
f 2628/4841/66 2627/4833/575 2864/4836/575 2866/4842/66
f 2629/3725/571 2628/4841/66 2866/4842/66 2868/4846/571
f 2630/3721/577 2629/3725/571 2868/4846/571 2870/4849/577
f 2631/3716/1 2630/3721/577 2870/4849/577 2872/4853/1
f 2632/3717/559 2631/3716/1 2872/4853/1 2874/4857/559
f 2633/4860/1023 2632/3717/559 2874/4857/559 2876/4861/1023
f 2634/4864/8 2633/4860/1023 2876/4861/1023 2878/4865/8
f 2635/4869/562 2634/4870/8 2878/4871/8 2880/4872/562
f 2636/4876/650 2635/4869/562 2880/4872/562 2882/4877/650
f 2637/4719/14 2636/4876/650 2882/4877/650 2884/4882/14
f 2638/4710/315 2637/4719/14 2884/4882/14 2886/4711/315
f 2648/4957/1054 2649/4958/1055 2650/4959/1056 2647/4960/1054
f 2649/4958/1055 2651/4961/1057 2652/4962/1058 2650/4959/1056
f 2651/4961/1057 2653/4963/1059 2654/4964/1060 2652/4962/1058
f 2653/4963/1059 2655/4965/1061 2656/4966/1062 2654/4964/1060
f 2655/4965/1061 2657/4967/1063 2658/4968/1084 2656/4966/1062
f 2657/4967/1063 2659/4969/1065 2660/4970/1085 2658/4968/1084
f 2659/4969/1065 2661/4971/1067 2662/4972/1068 2660/4970/1085
f 2661/4971/1067 2663/4973/1069 2664/4974/1069 2662/4972/1068
f 2663/4973/1069 2665/4975/1070 2666/4976/1071 2664/4974/1069
f 2665/4975/1070 2667/4977/1072 2668/4978/1073 2666/4976/1071
f 2667/4977/1072 2669/4979/1074 2670/4980/1086 2668/4978/1073
f 2669/4979/1074 2671/4981/1076 2672/4982/1077 2670/4980/1086
f 2671/4981/1076 2673/4983/1078 2674/4984/1079 2672/4982/1077
f 2673/4983/1078 2675/4985/1080 2676/4986/1081 2674/4984/1079
f 2675/4985/1080 2677/4987/1082 2678/4988/1083 2676/4986/1081
f 2677/4987/1082 2679/4989/1024 2680/4990/1024 2678/4988/1083
f 2679/4989/1024 2681/4991/1025 2682/4992/1026 2680/4990/1024
f 2681/4991/1025 2683/4993/1027 2684/4994/1028 2682/4992/1026
f 2683/4993/1027 2685/4995/1087 2686/4996/1030 2684/4994/1028
f 2685/4995/1087 2687/4997/1031 2688/4998/1032 2686/4996/1030
f 2687/4997/1031 2689/4999/1033 2690/5000/1088 2688/4998/1032
f 2689/4999/1033 2691/5001/1035 2692/5002/1036 2690/5000/1088
f 2691/5001/1035 2693/5003/1037 2694/5004/1038 2692/5002/1036
f 2693/5003/1037 2695/5005/1039 2696/5006/1039 2694/5004/1038
f 2695/5005/1039 2697/5007/1040 2698/5008/1041 2696/5006/1039
f 2697/5007/1040 2699/5009/1042 2700/5010/1043 2698/5008/1041
f 2699/5009/1042 2701/5011/1044 2702/5012/1045 2700/5010/1043
f 2701/5011/1044 2703/5013/1046 2704/5014/1047 2702/5012/1045
f 2703/5013/1046 2705/5015/1048 2706/5016/1049 2704/5014/1047
f 2705/5015/1048 2707/5017/1050 2708/5018/1051 2706/5016/1049
f 2707/5017/1050 2709/5019/1052 2710/5020/1053 2708/5018/1051
f 2709/5019/1052 2648/4957/1054 2647/4960/1054 2710/5020/1053
f 2840/5022/1100 2841/5023/1055 2842/5024/1056 2839/5025/1100
f 2841/5023/1055 2843/5026/1057 2844/5027/1058 2842/5024/1056
f 2843/5026/1057 2845/5028/1059 2846/5029/1101 2844/5027/1058
f 2845/5028/1059 2847/5030/1061 2848/5031/1062 2846/5029/1101
f 2847/5030/1061 2849/5032/1063 2850/5033/1084 2848/5031/1062
f 2849/5032/1063 2851/5034/1102 2852/5035/1066 2850/5033/1084
f 2851/5034/1102 2853/5036/1103 2854/5037/1104 2852/5035/1066
f 2853/5036/1103 2855/5038/1105 2856/5039/1105 2854/5037/1104
f 2855/5038/1105 2857/5040/1106 2858/5041/1107 2856/5039/1105
f 2857/5040/1106 2859/5042/1072 2860/5043/1108 2858/5041/1107
f 2859/5042/1072 2861/5044/1074 2862/5045/1075 2860/5043/1108
f 2861/5044/1074 2863/5046/1076 2864/5047/1077 2862/5045/1075
f 2863/5046/1076 2865/5048/1078 2866/5049/1109 2864/5047/1077
f 2865/5048/1078 2867/5050/1080 2868/5051/1081 2866/5049/1109
f 2867/5050/1080 2869/5052/1082 2870/5053/1083 2868/5051/1081
f 2869/5052/1082 2871/5054/1089 2872/5055/1089 2870/5053/1083
f 2871/5054/1089 2873/5056/1025 2874/5057/1026 2872/5055/1089
f 2873/5056/1025 2875/5058/1027 2876/5059/1028 2874/5057/1026
f 2875/5058/1027 2877/5060/1029 2878/5061/1090 2876/5059/1028
f 2877/5060/1029 2879/5062/1031 2880/5063/1032 2878/5061/1090
f 2879/5062/1031 2881/5064/1033 2882/5065/1088 2880/5063/1032
f 2881/5064/1033 2883/5066/1035 2884/5067/1091 2882/5065/1088
f 2883/5066/1035 2885/5068/1092 2886/5069/1093 2884/5067/1091
f 2885/5068/1092 2887/5070/1094 2888/5071/1094 2886/5069/1093
f 2887/5070/1094 2889/5072/1095 2890/5073/1096 2888/5071/1094
f 2889/5072/1095 2891/5074/1042 2892/5075/1097 2890/5073/1096
f 2891/5074/1042 2893/5076/1044 2894/5077/1098 2892/5075/1097
f 2893/5076/1044 2895/5078/1046 2896/5079/1047 2894/5077/1098
f 2895/5078/1046 2897/5080/1048 2898/5081/1099 2896/5079/1047
f 2897/5080/1048 2899/5082/1050 2900/5083/1051 2898/5081/1099
f 2899/5082/1050 2901/5084/1052 2902/5085/1053 2900/5083/1051
f 2901/5084/1052 2840/5022/1100 2839/5025/1100 2902/5085/1053
f 2710/3460/34 2647/3632/566 3888/3633/566 3949/3461/34
f 2967/3186/562 2995/5098/8 5369/5099/8 5339/2089/562
f 3032/5100/1081 3033/5101/1079 3034/2997/1078 3031/2999/1080
f 3036/5102/1077 3037/5103/1075 3038/2473/1074 3035/2472/1076
f 3040/5104/1069 3041/5105/1068 3042/2973/1067 3039/2221/1069
f 3044/5106/1085 3045/5107/1064 3046/2326/1063 3043/2991/1065
f 3048/5108/1058 3049/5109/1056 3050/2958/1055 3047/2987/1057
f 3052/5110/1054 3053/5111/1053 3054/2310/1052 3051/2959/1054
f 3056/5112/1047 3057/5113/1098 3058/2948/1044 3055/2976/1046
f 3060/5114/1043 3061/5115/1041 3062/2296/1040 3059/2949/1042
f 3064/5116/1036 3065/5117/1034 3066/2989/1033 3063/2955/1035
f 3068/5118/1032 3069/5119/1030 3070/2331/1029 3067/2330/1031
f 3069/5119/1030 3071/5120/1028 3072/2981/1027 3070/2331/1029
f 3061/5115/1041 3073/5121/1039 3074/2297/1039 3062/2296/1040
f 3053/5111/1053 3075/5122/1051 3076/2311/1050 3054/2310/1052
f 3045/5107/1064 3077/5123/1062 3078/2327/1061 3046/2326/1063
f 3037/5103/1075 3079/5124/1073 3080/2962/1072 3038/2473/1074
f 3082/5125/1024 3083/5126/1083 3084/2952/1082 3081/2210/1024
f 3083/5126/1083 3032/5100/1081 3031/2999/1080 3084/2952/1082
f 3033/5101/1079 3036/5102/1077 3035/2472/1076 3034/2997/1078
f 3079/5124/1073 3085/5127/1071 3086/2220/1070 3080/2962/1072
f 3085/5127/1071 3040/5104/1069 3039/2221/1069 3086/2220/1070
f 3041/5105/1068 3044/5106/1085 3043/2991/1065 3042/2973/1067
f 3077/5123/1062 3087/5128/1060 3088/2979/1059 3078/2327/1061
f 3087/5128/1060 3048/5108/1058 3047/2987/1057 3088/2979/1059
f 3049/5109/1056 3052/5110/1054 3051/2959/1054 3050/2958/1055
f 3075/5122/1051 3089/5129/1049 3090/2975/1048 3076/2311/1050
f 3089/5129/1049 3056/5112/1047 3055/2976/1046 3090/2975/1048
f 3057/5113/1098 3060/5114/1043 3059/2949/1042 3058/2948/1044
f 3073/5121/1039 3091/5130/1038 3092/2954/1037 3074/2297/1039
f 3091/5130/1038 3064/5116/1036 3063/2955/1035 3092/2954/1037
f 3065/5117/1034 3068/5118/1032 3067/2330/1031 3066/2989/1033
f 3071/5120/1028 3093/5131/1026 3094/2209/1025 3072/2981/1027
f 3093/5131/1026 3082/5125/1024 3081/2210/1024 3094/2209/1025
f 3614/3054/1119 3575/3087/1135 3576/5132/1138 3613/5133/1120
f 3788/2188/1159 3821/3026/1168 3822/5134/1169 3787/5135/1160
f 3594/3080/1076 3579/3125/1078 3580/5136/1079 3593/5137/1077
f 3816/3044/1070 3587/3123/1072 3588/5138/1073 3815/5139/1071
f 3764/2271/1044 3777/2270/1046 3778/5140/1047 3763/5141/1045
f 3760/2216/1130 3785/2215/1170 3786/5142/1171 3759/5143/1131
f 3574/3004/1143 3809/3003/1154 3810/5144/1157 3573/5145/1144
f 3809/3003/1154 3803/2195/1155 3804/5146/1156 3810/5144/1157
f 3792/2996/1029 3627/2967/1031 3628/5147/1032 3791/5148/1030
f 3790/2971/1027 3792/2996/1029 3791/5148/1030 3789/5149/1028
f 3785/2215/1170 3583/3032/1172 3584/5150/1172 3786/5142/1171
f 3586/3146/1039 3783/3138/1040 3784/5151/1041 3585/5152/1039
f 3777/2270/1046 3779/2227/1048 3780/5153/1049 3778/5140/1047
f 3770/2226/1050 3771/2994/1052 3772/5154/1053 3769/5155/1051
f 3583/5156/1172 3599/5157/1173 3600/3133/1174 3584/3085/1172
f 3602/3076/1037 3586/3146/1039 3585/5152/1039 3601/5158/1038
f 3592/3036/1125 3597/3063/1126 3598/5159/1127 3591/5160/1128
f 3604/3077/1035 3602/3076/1037 3601/5158/1038 3603/5161/1036
f 3608/5162/1175 3614/5163/1119 3613/3010/1120 3607/3009/1175
f 3624/3021/1164 3629/3051/1162 3630/5164/1163 3623/5165/1165
f 3627/2967/1031 3625/2966/1033 3626/5166/1088 3628/5147/1032
f 4830/5199/1214 4764/5200/1215 4762/5201/1216 4828/5202/1217
f 4051/5203/1212 4054/5204/1196 4759/5205/1199 4749/5206/1204
f 3232/5207/1189 3214/5208/1218 4765/5209/1219 4831/5210/1190
f 4840/5211/1220 4858/5212/1221 4860/5213/1222 4842/5214/1223
f 4744/5215/1224 4866/5216/1225 4864/5217/1226 4746/5218/1227
f 4866/5216/1225 4836/5223/1232 4833/5224/1233 4864/5217/1226
f 4786/5225/1236 4978/5226/1237 4980/5227/1238 4789/5228/1239
f 4845/5230/1243 5038/5231/1244 5040/5232/1245 4849/5233/1246
f 4732/5235/1251 4728/5236/1252 4726/5237/1253 4734/5238/1254
f 4858/5239/1255 5049/5240/1256 5053/5241/1257 4860/5242/1258
f 4740/5243/1259 4732/5235/1251 4734/5238/1254 4738/5244/1260
f 4818/5247/1269 4812/5248/1270 4810/5249/1271 4816/5250/1272
f 3209/5255/1276 3233/5256/1277 4834/5257/1201 4737/5258/1200
f 4804/5259/1278 4995/5260/1279 4999/5261/1280 4806/5262/1281
f 4884/5265/1286 4818/5247/1269 4816/5250/1272 4882/5266/1287
f 3096/2537/1145 3097/2536/1139 3098/5267/1142 3095/5268/1146
f 3100/2588/1140 3101/2585/1129 3102/5269/1132 3099/5270/1141
f 3104/5271/1172 3105/5272/1173 3106/2532/1174 3103/2495/1172
f 3108/2600/1288 3109/2577/1164 3110/5273/1165 3107/5274/1116
f 3112/2549/1159 3113/2548/1168 3114/5275/1169 3111/5276/1289
f 3116/5277/1118 3117/5278/1119 3118/2506/1120 3115/2552/1118
f 3120/2557/1125 3121/2556/1126 3122/5279/1127 3119/5280/1128
f 3124/2614/1290 3125/2613/1291 3126/5281/1167 3123/5282/1134
f 3128/2563/1292 3129/2562/1111 3130/5283/1112 3127/5284/1113
f 3132/2596/1143 3133/2617/1154 3134/5285/1157 3131/5286/1144
f 3133/2617/1154 3135/2602/1155 3136/5287/1156 3134/5285/1157
f 3125/2613/1291 3137/2581/1293 3138/5288/1293 3126/5281/1167
f 3117/2607/1119 3139/2619/1135 3140/5289/1294 3118/5290/1120
f 3109/2577/1164 3141/2576/1162 3142/5291/1163 3110/5273/1165
f 3101/2585/1129 3143/2584/1295 3144/5292/1131 3102/5269/1132
f 3146/5293/1150 3147/5294/1147 3148/2488/1148 3145/2534/1150
f 3147/2568/1147 3096/2537/1145 3095/5268/1146 3148/5295/1148
f 3097/2536/1139 3100/2588/1140 3099/5270/1141 3098/5267/1142
f 3143/2584/1295 3149/2594/1170 3150/5296/1171 3144/5292/1131
f 3149/2594/1170 3104/2543/1172 3103/5297/1172 3150/5296/1171
f 3105/2542/1173 3108/2600/1288 3107/5274/1116 3106/5298/1174
f 3141/2576/1162 3151/2604/1158 3152/5299/1161 3142/5291/1163
f 3151/2604/1158 3112/2549/1159 3111/5276/1289 3152/5299/1161
f 3113/2548/1168 3116/2608/1118 3115/5300/1118 3114/5275/1169
f 3139/2619/1135 3153/2611/1136 3154/5301/1137 3140/5289/1294
f 3153/2611/1136 3120/2557/1125 3119/5280/1128 3154/5301/1137
f 3121/2556/1126 3124/2614/1290 3123/5282/1134 3122/5279/1127
f 3137/5302/1293 3155/5303/1296 3156/2516/1123 3138/2514/1293
f 3155/2580/1296 3128/2563/1292 3127/5284/1113 3156/5304/1123
f 3129/2562/1111 3132/2596/1143 3131/5286/1144 3130/5283/1112
f 3135/2602/1155 3157/2592/1149 3158/5305/1151 3136/5287/1156
f 3157/5306/1149 3146/5293/1150 3145/2534/1150 3158/2524/1151
f 3312/5307/1145 3313/5308/1139 3314/2676/1297 3311/2675/1146
f 3316/5309/1140 3317/5310/1129 3318/2756/1132 3315/2730/1141
f 3320/2496/1124 3321/2533/1114 3322/5311/1117 3319/5312/1124
f 3324/5313/1115 3325/5314/1164 3326/2726/1298 3323/2725/1299
f 3328/5315/1159 3329/5316/1168 3330/2692/1169 3327/2691/1160
f 3332/2553/1175 3333/2509/1119 3334/5317/1120 3331/5318/1175
f 3336/5319/1125 3337/5320/1126 3338/2700/1300 3335/2699/1128
f 3340/5321/1133 3341/5322/1166 3342/2744/1301 3339/2743/1302
f 3344/5323/1110 3345/5324/1111 3346/2706/1303 3343/2705/1304
f 3348/5325/1143 3349/5326/1154 3350/2750/1305 3347/2722/1144
f 3349/5326/1154 3351/5327/1155 3352/2728/1156 3350/2750/1305
f 3341/5322/1166 3353/5328/1121 3354/2754/1121 3342/2744/1301
f 3333/5329/1119 3355/5330/1135 3356/2752/1138 3334/2738/1120
f 3325/5314/1164 3357/5331/1162 3358/2746/1163 3326/2726/1298
f 3317/5310/1129 3359/5332/1130 3360/2734/1306 3318/2756/1132
f 3362/2535/1307 3363/2489/1147 3364/5333/1148 3361/5334/1307
f 3363/5335/1147 3312/5307/1145 3311/2675/1146 3364/2682/1148
f 3313/5308/1139 3316/5309/1140 3315/2730/1141 3314/2676/1297
f 3359/5332/1130 3365/5336/1152 3366/2720/1153 3360/2734/1306
f 3365/5336/1152 3320/5337/1124 3319/2685/1124 3366/2720/1153
f 3321/5338/1114 3324/5313/1115 3323/2725/1299 3322/2686/1117
f 3357/5331/1162 3367/5339/1158 3368/2732/1308 3358/2746/1163
f 3367/5339/1158 3328/5315/1159 3327/2691/1160 3368/2732/1308
f 3329/5316/1168 3332/5340/1175 3331/2737/1175 3330/2692/1169
f 3355/5330/1135 3369/5341/1136 3370/2740/1309 3356/2752/1138
f 3369/5341/1136 3336/5319/1125 3335/2699/1128 3370/2740/1309
f 3337/5320/1126 3340/5321/1133 3339/2743/1302 3338/2700/1300
f 3353/2515/1121 3371/2519/1122 3372/5342/1310 3354/5343/1121
f 3371/5344/1122 3344/5323/1110 3343/2705/1304 3372/2748/1310
f 3345/5324/1111 3348/5325/1143 3347/2722/1144 3346/2706/1303
f 3351/5327/1155 3373/5345/1149 3374/2574/1151 3352/2728/1156
f 3373/2525/1149 3362/2535/1307 3361/5334/1307 3374/5346/1151
f 3248/2674/1135 3249/2673/1136 3250/5347/1309 3247/5348/1138
f 3252/2729/1125 3253/2755/1126 3254/5349/1300 3251/5350/1128
f 3256/5351/1121 3257/5352/1122 3258/2669/1310 3255/2628/1121
f 3260/2724/1110 3261/2723/1111 3262/5353/1303 3259/5354/1304
f 3264/2690/1155 3265/2689/1149 3266/5355/1151 3263/5356/1156
f 3268/5357/1307 3269/5358/1147 3270/2639/1148 3267/2693/1307
f 3272/2698/1140 3273/2697/1129 3274/5359/1311 3271/5360/1141
f 3276/2742/1130 3277/2741/1152 3278/5361/1153 3275/5362/1306
f 3280/2704/1115 3281/2703/1164 3282/5363/1298 3279/5364/1299
f 3284/2721/1162 3285/2749/1158 3286/5365/1308 3283/5366/1163
f 3285/2749/1158 3287/2727/1159 3288/5367/1160 3286/5365/1308
f 3277/2741/1152 3289/2753/1124 3290/5368/1124 3278/5361/1153
f 3269/2735/1147 3291/2751/1145 3292/5369/1146 3270/5370/1148
f 3261/2723/1111 3293/2745/1143 3294/5371/1144 3262/5353/1303
f 3253/2755/1126 3295/2733/1133 3296/5372/1134 3254/5349/1300
f 3298/5373/1175 3299/5374/1119 3300/2621/1120 3297/2671/1175
f 3299/2681/1119 3248/2674/1135 3247/5348/1138 3300/5375/1120
f 3249/2673/1136 3252/2729/1125 3251/5350/1128 3250/5347/1309
f 3295/2733/1133 3301/2719/1166 3302/5376/1301 3296/5372/1134
f 3301/2719/1166 3256/2684/1121 3255/5377/1121 3302/5376/1301
f 3257/2683/1122 3260/2724/1110 3259/5354/1304 3258/5378/1310
f 3293/2745/1143 3303/2731/1154 3304/5379/1305 3294/5371/1144
f 3303/2731/1154 3264/2690/1155 3263/5356/1156 3304/5379/1305
f 3265/5380/1149 3268/5357/1307 3267/2693/1307 3266/2667/1151
f 3291/2751/1145 3305/2739/1139 3306/5381/1297 3292/5369/1146
f 3305/2739/1139 3272/2698/1140 3271/5360/1141 3306/5381/1297
f 3273/2697/1129 3276/2742/1130 3275/5362/1306 3274/5359/1311
f 3289/5382/1124 3307/5383/1114 3308/2651/1117 3290/2648/1124
f 3307/2747/1114 3280/2704/1115 3279/5364/1299 3308/5384/1117
f 3281/2703/1164 3284/2721/1162 3283/5366/1163 3282/5363/1298
f 3287/2727/1159 3309/2573/1168 3310/5385/1169 3288/5367/1160
f 3309/2573/1168 3298/2572/1175 3297/5386/1175 3310/5385/1169
f 3440/5387/1135 3441/5388/1136 3442/5389/1137 3439/5390/1138
f 3444/5391/1125 3445/5392/1126 3446/5393/1127 3443/5394/1128
f 3448/2629/1293 3449/2670/1296 3450/5395/1123 3447/5396/1293
f 3452/5397/1292 3453/5398/1111 3454/5399/1112 3451/5400/1113
f 3456/5401/1155 3457/5402/1149 3458/5403/1151 3455/5404/1156
f 3460/2694/1150 3461/2642/1147 3462/5405/1148 3459/5406/1150
f 3464/5407/1140 3465/5408/1129 3466/5409/1132 3463/5410/1141
f 3468/5411/1295 3469/5412/1170 3470/5413/1171 3467/5414/1131
f 3472/5415/1288 3473/5416/1164 3474/5417/1165 3471/5418/1116
f 3476/5419/1162 3477/5420/1158 3478/5421/1161 3475/5422/1163
f 3477/5420/1158 3479/5423/1159 3480/5424/1160 3478/5421/1161
f 3469/5412/1170 3481/5425/1172 3482/5426/1172 3470/5413/1171
f 3461/5427/1147 3483/5428/1145 3484/5429/1146 3462/5430/1148
f 3453/5398/1111 3485/5431/1143 3486/5432/1144 3454/5399/1112
f 3445/5392/1126 3487/5433/1290 3488/5434/1134 3446/5393/1127
f 3490/2672/1118 3491/2622/1119 3492/5435/1120 3489/5436/1118
f 3491/5437/1119 3440/5387/1135 3439/5390/1138 3492/5438/1120
f 3441/5388/1136 3444/5391/1125 3443/5394/1128 3442/5389/1137
f 3487/5433/1290 3493/5439/1291 3494/5440/1167 3488/5434/1134
f 3493/5439/1291 3448/5441/1293 3447/5442/1293 3494/5440/1167
f 3449/5443/1296 3452/5397/1292 3451/5400/1113 3450/5444/1123
f 3485/5431/1143 3495/5445/1154 3496/5446/1157 3486/5432/1144
f 3495/5445/1154 3456/5401/1155 3455/5404/1156 3496/5446/1157
f 3457/2668/1149 3460/2694/1150 3459/5406/1150 3458/5447/1151
f 3483/5428/1145 3497/5448/1139 3498/5449/1142 3484/5429/1146
f 3497/5448/1139 3464/5407/1140 3463/5410/1141 3498/5449/1142
f 3465/5408/1129 3468/5411/1295 3467/5414/1131 3466/5409/1132
f 3481/2649/1172 3499/2654/1173 3500/5450/1174 3482/5451/1172
f 3499/5452/1173 3472/5415/1288 3471/5418/1116 3500/5453/1174
f 3473/5416/1164 3476/5419/1162 3475/5422/1163 3474/5417/1165
f 3479/5423/1159 3501/5454/1168 3502/5455/1169 3480/5424/1160
f 3501/5454/1168 3490/5456/1118 3489/5457/1118 3502/5455/1169
f 3376/5458/1145 3377/5459/1139 3378/5460/1142 3375/5461/1146
f 3380/5462/1140 3381/5463/1129 3382/5464/1132 3379/5465/1141
f 3384/5466/1172 3385/5467/1173 3386/2801/1174 3383/2764/1172
f 3388/5468/1288 3389/5469/1164 3390/5470/1165 3387/5471/1116
f 3392/5472/1159 3393/5473/1168 3394/5474/1169 3391/5475/1160
f 3396/5476/1118 3397/5477/1119 3398/2775/1120 3395/2821/1118
f 3400/5478/1125 3401/5479/1126 3402/5480/1127 3399/5481/1128
f 3404/5482/1290 3405/5483/1291 3406/5484/1167 3403/5485/1134
f 3408/5486/1292 3409/5487/1111 3410/5488/1112 3407/5489/1113
f 3412/5490/1143 3413/5491/1154 3414/5492/1157 3411/5493/1144
f 3413/5491/1154 3415/5494/1155 3416/5495/1156 3414/5492/1157
f 3405/5483/1291 3417/5496/1293 3418/5497/1293 3406/5484/1167
f 3397/5498/1119 3419/5499/1135 3420/5500/1138 3398/5501/1120
f 3389/5469/1164 3421/5463/1162 3422/5502/1163 3390/5470/1165
f 3381/5463/1129 3423/5503/1295 3424/5504/1131 3382/5464/1132
f 3426/5505/1150 3427/5506/1147 3428/2757/1148 3425/2803/1150
f 3427/5507/1147 3376/5458/1145 3375/5461/1146 3428/5497/1148
f 3377/5459/1139 3380/5462/1140 3379/5465/1141 3378/5460/1142
f 3423/5503/1295 3429/5508/1170 3430/5509/1171 3424/5504/1131
f 3429/5508/1170 3384/5510/1172 3383/5511/1172 3430/5509/1171
f 3385/5512/1173 3388/5468/1288 3387/5471/1116 3386/5513/1174
f 3421/5463/1162 3431/5514/1158 3432/5515/1161 3422/5502/1163
f 3431/5514/1158 3392/5472/1159 3391/5475/1160 3432/5515/1161
f 3393/5473/1168 3396/5516/1118 3395/5517/1118 3394/5474/1169
f 3419/5499/1135 3433/5518/1136 3434/5519/1137 3420/5500/1138
f 3433/5518/1136 3400/5478/1125 3399/5481/1128 3434/5519/1137
f 3401/5479/1126 3404/5482/1290 3403/5485/1134 3402/5480/1127
f 3417/5520/1293 3435/5521/1296 3436/2785/1123 3418/2716/1293
f 3435/5522/1296 3408/5486/1292 3407/5489/1113 3436/5523/1123
f 3409/5487/1111 3412/5490/1143 3411/5493/1144 3410/5488/1112
f 3415/5494/1155 3437/5524/1149 3438/5525/1151 3416/5495/1156
f 3437/5526/1149 3426/5505/1150 3425/2803/1150 3438/2793/1151
f 3504/5527/1145 3505/5528/1139 3506/2915/1142 3503/2914/1146
f 3508/5529/1140 3509/5530/1129 3510/2917/1132 3507/2916/1141
f 3512/2765/1172 3513/2802/1173 3514/5531/1174 3511/5532/1172
f 3516/5533/1288 3517/5534/1164 3518/2923/1165 3515/2922/1116
f 3520/5535/1159 3521/5536/1168 3522/2927/1169 3519/2926/1160
f 3524/2822/1118 3525/2778/1119 3526/5537/1120 3523/5538/1118
f 3528/5539/1125 3529/5540/1126 3530/2933/1127 3527/2932/1128
f 3532/5541/1290 3533/5542/1291 3534/2935/1167 3531/2934/1134
f 3536/5543/1292 3537/5544/1111 3538/2939/1112 3535/2938/1113
f 3540/5545/1143 3541/5546/1154 3542/2941/1157 3539/2940/1144
f 3541/5546/1154 3543/5547/1155 3544/2942/1156 3542/2941/1157
f 3533/5542/1291 3545/5548/1293 3546/2936/1293 3534/2935/1167
f 3525/5549/1119 3547/5550/1135 3548/2930/1138 3526/2929/1120
f 3517/5534/1164 3549/5551/1162 3550/2924/1163 3518/2923/1165
f 3509/5530/1129 3551/5552/1295 3552/2918/1131 3510/2917/1132
f 3554/2804/1150 3555/2758/1147 3556/5553/1148 3553/5554/1150
f 3555/5555/1147 3504/5527/1145 3503/2914/1146 3556/2913/1148
f 3505/5528/1139 3508/5529/1140 3507/2916/1141 3506/2915/1142
f 3551/5552/1295 3557/5556/1170 3558/2919/1171 3552/2918/1131
f 3557/5556/1170 3512/5557/1172 3511/2920/1172 3558/2919/1171
f 3513/5558/1173 3516/5533/1288 3515/2922/1116 3514/2921/1174
f 3549/5551/1162 3559/5559/1158 3560/2925/1161 3550/2924/1163
f 3559/5559/1158 3520/5535/1159 3519/2926/1160 3560/2925/1161
f 3521/5536/1168 3524/5560/1118 3523/2928/1118 3522/2927/1169
f 3547/5550/1135 3561/5561/1136 3562/2931/1137 3548/2930/1138
f 3561/5561/1136 3528/5539/1125 3527/2932/1128 3562/2931/1137
f 3529/5540/1126 3532/5541/1290 3531/2934/1134 3530/2933/1127
f 3545/2717/1293 3563/2788/1296 3564/5562/1123 3546/5563/1293
f 3563/5564/1296 3536/5543/1292 3535/2938/1113 3564/2937/1123
f 3537/5544/1111 3540/5545/1143 3539/2940/1144 3538/2939/1112
f 3543/5547/1155 3565/5565/1149 3566/2911/1151 3544/2942/1156
f 3565/2794/1149 3554/2804/1150 3553/5554/1150 3566/5566/1151
f 3578/3067/1080 3611/3061/1082 3612/5567/1083 3577/5568/1081
f 3820/2972/1025 3790/2971/1027 3789/5149/1028 3819/5569/1026
f 3803/2195/1155 3801/2194/1149 3802/5570/1151 3804/5146/1156
f 3610/3028/1024 3820/2972/1025 3819/5569/1026 3609/5571/1024
f 3796/5572/1150 3773/5573/1147 3774/3099/1148 3795/3098/1150
f 3618/3045/1069 3816/3044/1070 3815/5139/1071 3617/5574/1069
f 3622/3115/1296 3811/3091/1292 3812/5575/1113 3621/5576/1123
f 3783/3138/1040 3761/3137/1042 3762/5577/1043 3784/5151/1041
f 3808/2985/1059 3571/3049/1061 3572/5578/1062 3807/5579/1060
f 3629/3051/1162 3793/2189/1158 3794/5580/1161 3630/5164/1163
f 3801/5581/1149 3796/5572/1150 3795/3098/1150 3802/3107/1151
f 3793/2189/1158 3788/2188/1159 3787/5135/1160 3794/5580/1161
f 3782/3150/1139 3775/2208/1140 3776/5582/1141 3781/5583/1142
f 3761/3137/1042 3764/2271/1044 3763/5141/1045 3762/5577/1043
f 3568/3090/1111 3574/3004/1143 3573/5145/1144 3567/5584/1112
f 3575/3087/1135 3581/3037/1136 3582/5585/1137 3576/5132/1138
f 3579/3125/1078 3578/3067/1080 3577/5568/1081 3580/5136/1079
f 3597/3063/1126 3589/3148/1290 3590/5586/1134 3598/5159/1127
f 3599/3103/1173 3605/3022/1288 3606/5587/1116 3600/5588/1174
f 3616/5589/1293 3622/5590/1296 3621/3119/1123 3615/3041/1293
f 3620/3058/1067 3618/3045/1069 3617/5574/1069 3619/5591/1068
f 3587/3123/1072 3595/3081/1074 3596/5592/1075 3588/5138/1073
f 3581/3037/1136 3592/3036/1125 3591/5160/1128 3582/5585/1137
f 3595/3081/1074 3594/3080/1076 3593/5137/1077 3596/5592/1075
f 3814/3059/1065 3620/3058/1067 3619/5591/1068 3813/5593/1085
f 3811/3091/1292 3568/3090/1111 3567/5584/1112 3812/5575/1113
f 3800/2258/1055 3805/2986/1057 3806/5594/1058 3799/5595/1056
f 3773/2202/1147 3767/3152/1145 3768/5596/1146 3774/5597/1148
f 3767/3152/1145 3782/3150/1139 3781/5583/1142 3768/5596/1146
f 3766/2207/1129 3760/2216/1130 3759/5143/1131 3765/5598/1132
f 3611/3061/1082 3610/3028/1024 3609/5571/1024 3612/5567/1083
f 3775/2208/1140 3766/2207/1129 3765/5598/1132 3776/5582/1141
f 3605/3022/1288 3624/3021/1164 3623/5165/1165 3606/5587/1116
f 3805/2986/1057 3808/2985/1059 3807/5579/1060 3806/5594/1058
f 3571/3049/1061 3569/3048/1063 3570/5599/1064 3572/5578/1062
f 3589/3148/1290 3817/3071/1291 3818/5600/1167 3590/5586/1134
f 3779/2227/1048 3770/2226/1050 3769/5155/1051 3780/5153/1049
f 3798/2259/1100 3800/2258/1055 3799/5595/1056 3797/5601/1100
f 3771/2994/1052 3798/2259/1100 3797/5601/1100 3772/5154/1053
f 3625/2966/1033 3604/3077/1035 3603/5161/1036 3626/5166/1088
f 3817/3071/1291 3616/3070/1293 3615/5602/1293 3818/5600/1167
f 3821/3026/1168 3608/3055/1175 3607/5603/1175 3822/5134/1169
f 3569/3048/1063 3814/3059/1065 3813/5593/1085 3570/5599/1064
f 3738/5604/1031 3723/5605/1033 3724/2965/1088 3737/2964/1032
f 3726/5606/1164 3735/5607/1162 3736/3050/1163 3725/3020/1165
f 3706/5608/1103 3691/5609/1105 3692/3042/1105 3705/3057/1104
f 3694/3033/1121 3703/2247/1122 3704/5610/1310 3693/5611/1121
f 3638/5612/1082 3671/5613/1089 3672/3027/1089 3637/3060/1083
f 3674/2196/1175 3635/2059/1119 3636/5614/1120 3673/5615/1175
f 3730/5616/1178 3751/5617/1092 3752/3075/1093 3729/3074/1091
f 3754/5618/1114 3727/5619/1115 3728/3019/1299 3753/3102/1117
f 3758/5620/1074 3655/5621/1076 3656/3079/1077 3757/3078/1086
f 3658/5622/1125 3755/5623/1126 3756/3062/1127 3657/3035/1128
f 3682/5624/1179 3758/5620/1074 3757/3078/1086 3681/3122/1108
f 3755/5623/1126 3679/5625/1133 3680/3147/1302 3756/3062/1127
f 3751/5617/1092 3747/5626/1094 3748/3145/1094 3752/3075/1093
f 3750/2235/1124 3754/2234/1114 3753/5627/1117 3749/5628/1124
f 3662/5629/1078 3631/5630/1080 3632/3066/1081 3661/3124/1109
f 3634/5631/1135 3659/5632/1136 3660/3034/1309 3633/3086/1138
f 3722/5633/1061 3639/5634/1063 3640/3047/1084 3721/3046/1062
f 3642/5635/1111 3719/5636/1143 3720/3001/1144 3641/3089/1112
f 3714/5637/1177 3695/5638/1044 3696/2268/1098 3713/3136/1097
f 3698/5639/1129 3711/5640/1130 3712/2213/1306 3697/2206/1132
f 3746/5641/1050 3683/5642/1052 3684/2993/1053 3745/2225/1051
f 3686/5643/1147 3743/5644/1145 3744/3151/1146 3685/2201/1148
f 3702/5645/1046 3739/5646/1048 3740/2224/1099 3701/2269/1047
f 3742/5647/1139 3699/5648/1140 3700/2205/1141 3741/3149/1297
f 3747/5626/1094 3707/5649/1095 3708/3135/1096 3748/3145/1094
f 3710/5650/1152 3750/5651/1124 3749/3031/1124 3709/2214/1153
f 3739/5646/1048 3746/5641/1050 3745/2225/1051 3740/2224/1099
f 3743/5644/1145 3742/5647/1139 3741/3149/1297 3744/3151/1146
f 3654/5652/1027 3731/5653/1029 3732/2995/1090 3653/2970/1028
f 3734/5654/1158 3651/5655/1159 3652/2187/1160 3733/2186/1308
f 3690/5656/1100 3663/5657/1055 3664/2257/1056 3689/2256/1100
f 3666/2229/1149 3687/2228/1307 3688/5658/1307 3665/5659/1151
f 3731/5653/1029 3738/5604/1031 3737/2964/1032 3732/2995/1090
f 3735/5607/1162 3734/5654/1158 3733/2186/1308 3736/3050/1163
f 3670/5660/1057 3715/5661/1059 3716/2984/1101 3669/2983/1058
f 3718/5662/1154 3667/5663/1155 3668/2192/1156 3717/3002/1305
f 3723/5605/1033 3730/5616/1178 3729/3074/1091 3724/2965/1088
f 3727/5619/1115 3726/5606/1164 3725/3020/1165 3728/3019/1299
f 3715/5661/1059 3722/5633/1061 3721/3046/1062 3716/2984/1101
f 3719/5636/1143 3718/5662/1154 3717/3002/1305 3720/3001/1144
f 3707/5649/1095 3714/5637/1177 3713/3136/1097 3708/3135/1096
f 3711/5640/1130 3710/5650/1152 3709/2214/1153 3712/2213/1306
f 3646/5664/1102 3706/5608/1103 3705/3057/1104 3645/3056/1066
f 3703/5665/1122 3643/5666/1110 3644/3088/1304 3704/3114/1310
f 3695/5638/1044 3702/5645/1046 3701/2269/1047 3696/2268/1098
f 3699/5648/1140 3698/5639/1129 3697/2206/1132 3700/2205/1141
f 3691/5609/1105 3675/5667/1106 3676/3043/1107 3692/3042/1105
f 3678/5668/1166 3694/5669/1121 3693/3069/1121 3677/3068/1301
f 3683/5642/1052 3690/5656/1100 3689/2256/1100 3684/2993/1053
f 3687/2228/1307 3686/2244/1147 3685/5670/1148 3688/5658/1307
f 3675/5667/1106 3682/5624/1179 3681/3122/1108 3676/3043/1107
f 3679/5625/1133 3678/5668/1166 3677/3068/1301 3680/3147/1302
f 3671/5613/1089 3647/5671/1025 3648/2969/1026 3672/3027/1089
f 3650/5672/1168 3674/5673/1175 3673/3052/1175 3649/3025/1169
f 3663/5657/1055 3670/5660/1057 3669/2983/1058 3664/2257/1056
f 3667/5663/1155 3666/5674/1149 3665/2193/1151 3668/2192/1156
f 3655/5621/1076 3662/5629/1078 3661/3124/1109 3656/3079/1077
f 3659/5632/1136 3658/5622/1125 3657/3035/1128 3660/3034/1309
f 3647/5671/1025 3654/5652/1027 3653/2970/1028 3648/2969/1026
f 3651/5655/1159 3650/5672/1168 3649/3025/1169 3652/2187/1160
f 3639/5634/1063 3646/5664/1102 3645/3056/1066 3640/3047/1084
f 3643/5666/1110 3642/5635/1111 3641/3089/1112 3644/3088/1304
f 3631/5630/1080 3638/5612/1082 3637/3060/1083 3632/3066/1081
f 3635/5675/1119 3634/5631/1135 3633/3086/1138 3636/3053/1120
f 3952/5816/1054 3953/5817/1055 3954/3763/1056 3951/3762/1054
f 3953/5817/1055 3955/5818/1057 3956/3764/1058 3954/3763/1056
f 3955/5818/1057 3957/5819/1059 3958/3765/1060 3956/3764/1058
f 3957/5819/1059 3959/5820/1061 3960/3766/1062 3958/3765/1060
f 3959/5820/1061 3961/5821/1063 3962/3767/1084 3960/3766/1062
f 3961/5821/1063 3963/5822/1065 3964/3768/1085 3962/3767/1084
f 3963/5822/1065 3965/5823/1067 3966/3769/1068 3964/3768/1085
f 3965/5823/1067 3967/5824/1069 3968/3770/1069 3966/3769/1068
f 3967/5824/1069 3969/5825/1070 3970/3771/1071 3968/3770/1069
f 3969/5825/1070 3971/5826/1072 3972/3772/1073 3970/3771/1071
f 3971/5826/1072 3973/5827/1074 3974/3773/1086 3972/3772/1073
f 3973/5827/1074 3975/5828/1076 3976/3774/1077 3974/3773/1086
f 3975/5828/1076 3977/5829/1078 3978/3775/1079 3976/3774/1077
f 3977/5829/1078 3979/5830/1080 3980/3776/1081 3978/3775/1079
f 3979/5830/1080 3981/5831/1082 3982/3777/1083 3980/3776/1081
f 3981/5831/1082 3983/5832/1024 3984/3778/1024 3982/3777/1083
f 3983/5832/1024 3985/5833/1025 3986/3779/1026 3984/3778/1024
f 3985/5833/1025 3987/5834/1027 3988/3780/1028 3986/3779/1026
f 3987/5834/1027 3989/5835/1029 3990/3781/1030 3988/3780/1028
f 3989/5835/1029 3991/5836/1031 3992/3782/1032 3990/3781/1030
f 3991/5836/1031 3993/5837/1033 3994/3783/1034 3992/3782/1032
f 3993/5837/1033 3995/5838/1035 3996/3784/1036 3994/3783/1034
f 3995/5838/1035 3997/5839/1037 3998/3785/1038 3996/3784/1036
f 3997/5839/1037 3999/5840/1039 4000/3786/1039 3998/3785/1038
f 3999/5840/1039 4001/5841/1040 4002/3787/1041 4000/3786/1039
f 4001/5841/1040 4003/5842/1042 4004/3788/1043 4002/3787/1041
f 4003/5842/1042 4005/5843/1044 4006/3789/1045 4004/3788/1043
f 4005/5843/1044 4007/5844/1046 4008/3790/1047 4006/3789/1045
f 4007/5844/1046 4009/5845/1048 4010/3791/1049 4008/3790/1047
f 4009/5845/1048 4011/5846/1050 4012/3792/1051 4010/3791/1049
f 4011/5846/1050 4013/5847/1052 4014/3793/1053 4012/3792/1051
f 4013/5847/1052 3952/5816/1054 3951/3762/1054 4014/3793/1053
f 3631/2353/571 3662/2468/66 3033/2469/66 3032/2354/571
f 1958/5848/559 1957/5849/1 5435/5850/690 5434/5851/703
f 1959/5852/653 1958/5848/559 5434/5851/703 5409/5853/702
f 1960/5854/8 1959/5852/653 5409/5853/702 5408/5855/676
f 1961/5856/562 1960/5857/8 5408/5858/676 5421/5859/675
f 1962/5860/650 1961/5856/562 5421/5859/675 5430/5861/698
f 1963/5862/14 1962/5860/650 5430/5861/698 5378/5863/697
f 1964/5864/315 1963/5862/14 5378/5863/697 5377/5865/671
f 1965/5866/564 1964/5864/315 5377/5865/671 5417/5867/670
f 1966/5868/22 1965/5866/564 5417/5867/670 5427/5869/693
f 1967/5870/572 1966/5868/22 5427/5869/693 5436/5871/692
f 1968/5872/573 1967/5870/572 5436/5871/692 5411/5873/666
f 1969/5874/28 1968/5872/573 5411/5873/666 5410/5875/665
f 1970/5876/654 1969/5877/28 5410/5878/665 5422/5879/687
f 1971/5880/568 1970/5876/654 5422/5879/687 5431/5881/686
f 1972/5882/34 1971/5880/568 5431/5881/686 5403/5883/662
f 1973/5884/566 1972/5882/34 5403/5883/662 5402/5885/661
f 1974/5886/567 1973/5884/566 5402/5885/661 5419/5887/683
f 1975/5888/41 1974/5886/567 5419/5887/683 5428/5889/682
f 1976/5890/652 1975/5888/41 5428/5889/682 5437/5891/706
f 1977/5892/651 1976/5890/652 5437/5891/706 5413/5893/705
f 1978/5894/47 1977/5895/651 5413/5896/705 5412/5897/679
f 1979/5898/576 1978/5894/47 5412/5897/679 5424/5899/678
f 1980/5900/325 1979/5898/576 5424/5899/678 5433/5901/701
f 1981/5902/173 1980/5900/325 5433/5901/701 5407/5903/700
f 1982/5904/561 1981/5902/173 5407/5903/700 5406/5905/674
f 1983/5906/60 1982/5904/561 5406/5905/674 5420/5907/673
f 1984/5908/574 1983/5906/60 5420/5907/673 5429/5909/696
f 1985/5910/575 1984/5911/574 5429/5912/696 5438/5913/695
f 1986/5914/66 1985/5910/575 5438/5913/695 5416/5915/669
f 1987/5916/571 1986/5914/66 5416/5915/669 5415/5917/668
f 1988/5918/577 1987/5916/571 5415/5917/668 5426/5919/691
f 1957/5849/1 1988/5918/577 5426/5919/691 5435/5850/690
f 5304/5924/559 2715/5925/653 4089/5926/653 5296/5927/559
f 2715/5925/653 2717/5928/8 4090/5929/8 4089/5926/653
f 2717/5930/8 2719/5931/562 4091/5932/562 4090/5933/8
f 2719/5931/562 2721/5934/650 4092/5935/650 4091/5932/562
f 2721/5934/650 2723/5936/14 4093/5937/14 4092/5935/650
f 2723/5936/14 2725/5938/315 4094/5939/315 4093/5937/14
f 2725/5938/315 5305/5940/564 5297/5941/564 4094/5939/315
f 5306/5946/22 2731/5947/572 4097/5948/572 5298/5949/22
f 2731/5947/572 2733/5950/573 4098/5951/573 4097/5948/572
f 2733/5950/573 2735/5952/28 4099/5953/28 4098/5951/573
f 2735/5954/28 2737/5955/654 4100/5956/654 4099/5957/28
f 2737/5955/654 2739/5958/568 4101/5959/568 4100/5956/654
f 2739/5958/568 2741/5960/34 4102/5961/34 4101/5959/568
f 2741/5960/34 5307/5962/566 5299/5963/566 4102/5961/34
f 5308/5968/567 2747/5969/41 4105/5970/41 5300/5971/567
f 2747/5969/41 2749/5972/652 4106/5973/652 4105/5970/41
f 2749/5972/652 2751/5974/651 4107/5975/651 4106/5973/652
f 2751/5976/651 2753/5977/47 4108/5978/47 4107/5979/651
f 2753/5977/47 2755/5980/576 4109/5981/576 4108/5978/47
f 2755/5980/576 2757/5982/325 4110/5983/325 4109/5981/576
f 2757/5982/325 5309/5984/173 5301/5985/173 4110/5983/325
f 5310/5990/561 2763/5991/60 4113/5992/60 5302/5993/561
f 2763/5991/60 2765/5994/574 4114/5995/574 4113/5992/60
f 2765/5996/574 2767/5997/575 4115/5998/575 4114/5999/574
f 2767/5997/575 2769/6000/66 4116/6001/66 4115/5998/575
f 2769/6000/66 2771/6002/571 4117/6003/571 4116/6001/66
f 2771/6002/571 2773/6004/577 4118/6005/577 4117/6003/571
f 2773/6004/577 5303/6006/1 5295/6007/1 4118/6005/577
f 4648/6008/1312 4654/6009/1313 4656/6010/1314 4650/6011/1315
f 4654/6009/1313 4660/6012/1320 4662/6013/1321 4656/6010/1314
f 4395/6031/1343 4204/6032/1344 4206/6033/1345 4399/6034/1346
f 4428/6035/1347 4422/6036/1348 4615/6037/1349 4621/6038/1350
f 4434/6040/1352 4428/6035/1347 4621/6038/1350 4627/6041/1353
f 4441/6044/1355 4434/6040/1352 4627/6041/1353 4633/6045/1356
f 4372/6048/1360 4179/6049/1361 4182/6050/1362 4375/6051/1363
f 4404/6052/1364 4398/6053/1365 4591/6054/1366 4597/6055/1367
f 4410/6056/1369 4404/6052/1364 4597/6055/1367 4603/6057/1370
f 4417/6059/1372 4410/6056/1369 4603/6057/1370 4609/6060/1373
f 4221/6075/1383 4414/6076/1384 4416/6077/1385 4225/6078/1386
f 4419/6080/1388 4228/6081/1389 4230/6082/1390 4423/6083/1391
f 4245/6086/1396 4438/6087/1397 4440/6088/1398 4249/6089/1399
f 4443/6091/1400 4252/6092/1401 4254/6093/1402 4447/6094/1403
f 4489/6100/1415 4296/6101/1416 4294/6102/1417 4485/6103/1418
f 4476/6104/1423 4471/6105/777 4663/6106/1424 4669/6107/1425
f 4684/6112/1437 4690/6113/1438 4692/6114/1439 4686/6115/1440
f 4464/6116/776 4458/6117/1441 4651/6118/1442 4657/6119/1434
f 4678/6120/1445 4684/6112/1437 4686/6115/1440 4680/6121/1446
f 4458/6117/1441 4452/6122/1447 4645/6123/1448 4651/6118/1442
f 4332/6124/1449 4321/6125/1450 4513/6126/1451 4525/6127/1452
f 4452/6122/1447 4446/6128/1382 4639/6129/1457 4645/6123/1448
f 4660/6012/1320 4666/6134/1460 4668/6135/1461 4662/6013/1321
f 4636/6140/1478 4642/6141/1479 4644/6142/1480 4638/6143/1481
f 4630/6144/1486 4636/6140/1478 4638/6143/1481 4632/6145/1487
f 4624/6146/1490 4630/6147/1486 4632/6148/1487 4626/6149/1491
f 4618/6150/1494 4624/6146/1490 4626/6149/1491 4620/6151/1495
f 4612/6156/1498 4618/6150/1494 4620/6151/1495 4614/6157/1499
f 4522/6161/1500 4528/6162/1501 4530/6163/1502 4524/6164/1503
f 4279/6167/1504 4470/6168/1505 4467/6169/1506 4276/6170/1507
f 4345/6171/1508 4152/6172/1509 4150/6173/1510 4341/6174/1511
f 4488/6175/749 4482/6176/1512 4675/6177/1513 4681/6178/1514
f 4672/6180/1517 4678/6120/1445 4680/6121/1446 4674/6181/1518
f 4312/6182/1519 4119/6183/1520 4122/6184/1521 4315/6185/1522
f 4348/6186/1523 4155/6187/1524 4159/6188/1525 4350/6189/1526
f 4666/6134/1460 4672/6190/1517 4674/6191/1518 4668/6135/1461
f 4534/6192/1527 4540/6193/1528 4542/6194/1529 4536/6195/1530
f 4528/6198/1501 4534/6192/1527 4536/6195/1530 4530/6199/1502
f 4174/6200/1532 4365/6201/1533 4368/6202/1534 4177/6203/1535
f 4303/6204/1536 4494/6205/1537 4492/6206/1538 4299/6207/1539
f 4690/6113/1438 4519/3356/739 4515/3359/742 4692/6114/1439
f 4380/6208/1540 4374/6209/1541 4567/6210/1542 4573/6211/1543
f 4386/6212/1544 4380/6208/1540 4573/6211/1543 4579/6213/1545
f 4546/6217/1548 4552/6218/1549 4554/6219/1550 4548/6220/1551
f 4582/6221/1552 4588/6222/1553 4590/6223/1554 4584/6224/1555
f 4552/6218/1549 4558/6225/1556 4560/6226/1557 4554/6219/1550
f 4198/6227/1558 4389/6228/1559 4392/6229/1560 4201/6230/1561
f 4558/6225/1556 4564/6231/1562 4566/6232/1563 4560/6226/1557
f 4468/6233/1331 4474/6234/1564 4665/6235/1565 4659/6236/1566
f 4474/6234/1564 4480/6239/1569 4671/6240/1570 4665/6235/1565
f 4396/6241/715 4402/6242/1571 4593/6243/1572 4587/6244/1567
f 4480/6239/1569 4486/6245/759 4677/6246/1573 4671/6240/1570
f 4402/6242/1571 4408/6247/1574 4599/6248/1575 4593/6243/1572
f 4311/6249/1547 4323/6250/1576 4516/6251/1577 4503/6252/1578
f 4408/6247/1574 4413/6257/1580 4605/6258/1581 4599/6248/1575
f 4330/6259/1582 4336/6260/1583 4527/6261/1584 4521/6262/1585
f 4491/6263/758 4498/6264/1586 4689/6265/1587 4683/6266/1579
f 4336/6260/1583 4342/6268/773 4533/6269/1590 4527/6261/1584
f 4323/6250/1576 4500/6270/1591 4693/6265/1592 4516/6251/1577
f 4420/6271/1588 4426/6272/1593 4617/6273/1594 4611/6274/1589
f 4426/6272/1593 4432/6279/1596 4623/6280/1597 4617/6273/1594
f 4347/6281/772 4354/6282/1598 4545/6283/1599 4539/6284/1595
f 4318/6285/1406 4330/6259/1582 4521/6262/1585 4509/6286/1600
f 4432/6279/1596 4437/6287/1601 4629/6236/1602 4623/6280/1597
f 4354/6282/1598 4360/6288/1603 4551/6289/1604 4545/6283/1599
f 4360/6288/1603 4366/6293/746 4557/6294/1607 4551/6289/1604
f 4444/6295/1605 4450/6296/1608 4641/6297/1609 4635/6298/1606
f 4450/6296/1608 4456/6303/1611 4647/6304/1612 4641/6297/1609
f 4371/6305/745 4378/6306/1613 4569/6307/1614 4563/6308/1610
f 4456/6303/1611 4461/6309/1332 4653/6310/1615 4647/6304/1612
f 4378/6306/1613 4384/6311/1616 4575/6312/1617 4569/6307/1614
f 4384/6311/1616 4390/6316/716 4581/6317/1568 4575/6312/1617
f 4338/6322/1618 4332/6124/1449 4525/6127/1452 4531/6323/1619
f 4540/6193/1528 4546/6217/1548 4548/6220/1551 4542/6194/1529
f 4482/6176/1512 4476/6104/1423 4669/6107/1425 4675/6177/1513
f 4327/6324/1620 4314/6325/1407 4507/6326/1621 4518/6251/1622
f 4498/6264/1586 4327/6324/1620 4518/6251/1622 4689/6265/1587
f 4500/6270/1591 4495/6329/750 4687/6330/1635 4693/6265/1592
f 4344/6331/735 4338/6322/1618 4531/6323/1619 4537/6332/1638
f 4564/6231/1562 4570/6333/1639 4572/6334/1640 4566/6232/1563
f 4570/6333/1639 4576/6338/1642 4578/6339/1643 4572/6334/1640
f 4356/6340/1644 4351/6341/736 4543/6342/1641 4549/6343/1645
f 4576/6338/1642 4582/6344/1552 4584/6345/1555 4578/6339/1643
f 4510/6346/1646 4522/6161/1500 4524/6164/1503 4512/6347/1647
f 4362/6348/1648 4356/6340/1644 4549/6343/1645 4555/6349/1649
f 4369/6350/1654 4362/6348/1648 4555/6349/1649 4561/6351/1655
f 4588/6222/1553 4594/6352/1656 4596/6353/1657 4590/6223/1554
f 4594/6352/1656 4600/6355/1658 4602/6356/1659 4596/6353/1657
f 4600/6355/1658 4606/6357/1664 4608/6358/1665 4602/6356/1659
f 4606/6357/1664 4612/6156/1498 4614/6157/1499 4608/6358/1665
f 4393/6359/1496 4386/6212/1544 4579/6213/1545 4585/6360/1497
f 4642/6141/1479 4648/6008/1312 4650/6011/1315 4644/6142/1480
f 4315/6185/1522 4122/6184/1521 4124/6380/1672 4316/6381/1672
f 4316/6382/1673 4124/6383/1674 4123/6384/725 4314/6325/1407
f 4126/3380/771 4317/3379/770 4319/6385/1675 4127/6386/1675
f 4127/6387/1676 4319/6388/1677 4318/6285/1406 4125/6389/724
f 4447/6094/1403 4254/6093/1402 4256/6390/1678 4448/6391/1678
f 4448/6392/1679 4256/6393/1680 4255/6394/1324 4446/6128/1382
f 4441/6044/1355 4248/6395/1323 4250/6396/1681 4442/6397/1682
f 4442/6398/1683 4250/6399/1683 4249/6089/1399 4440/6088/1398
f 4276/6170/1507 4467/6169/1506 4469/6400/1684 4277/6401/1684
f 4277/6402/1685 4469/6403/1686 4468/6233/1331 4275/6404/1327
f 4270/6405/1328 4461/6309/1332 4463/6406/1687 4271/6407/1688
f 4271/6408/1689 4463/6409/1689 4462/3389/784 4269/3388/783
f 4423/6083/1391 4230/6082/1390 4232/6410/1690 4424/3868/1690
f 4424/6411/1691 4232/6412/1692 4231/6413/1337 4422/6036/1348
f 4417/6059/1372 4224/6414/1336 4226/6415/1693 4418/6416/1694
f 4418/6417/1695 4226/6418/1695 4225/6078/1386 4416/6077/1385
f 4252/6092/1401 4443/6091/1400 4445/6419/1696 4253/6420/1696
f 4253/6421/1697 4445/6422/1698 4444/6295/1605 4251/6423/1341
f 4246/6424/1342 4437/6287/1601 4439/6425/1699 4247/6426/1700
f 4247/6427/1701 4439/6428/1701 4438/6087/1397 4245/6086/1396
f 4399/6034/1346 4206/6033/1345 4208/6429/1702 4400/6430/1702
f 4400/6431/1703 4208/6432/1704 4207/6433/1351 4398/6053/1365
f 4393/6359/1496 4200/6434/1354 4202/6435/1705 4394/6436/1706
f 4394/6437/1707 4202/6438/1707 4201/6230/1561 4392/6229/1560
f 4228/6081/1389 4419/6080/1388 4421/6439/1708 4229/6440/1708
f 4229/6441/1709 4421/6442/1710 4420/6271/1588 4227/6443/1330
f 4222/6444/1359 4413/6257/1580 4415/6445/1711 4223/6446/1712
f 4223/6447/1713 4415/6448/1713 4414/6076/1384 4221/6075/1383
f 4375/6051/1363 4182/6050/1362 4184/6449/1714 4376/6450/1714
f 4376/6451/1715 4184/6452/1716 4183/6453/1368 4374/6209/1541
f 4177/6203/1535 4368/6202/1534 4370/6454/1717 4178/6455/1717
f 4178/6456/1718 4370/6457/1719 4369/6350/1654 4176/6458/1371
f 4396/6241/715 4203/6459/714 4205/6460/1720 4397/6461/1721
f 4397/6462/1722 4205/6463/1722 4204/6032/1344 4395/6031/1343
f 4317/6467/1444 4329/6468/1436 4331/6469/1825 4319/6470/1751
f 4319/6388/1826 4331/6471/1827 4330/6259/1582 4318/6285/1406
f 4329/6468/1436 4335/6472/1429 4337/6473/1828 4331/6469/1825
f 4331/6471/1827 4337/6474/1829 4336/6260/1583 4330/6259/1582
f 4335/6472/1429 4341/6475/1428 4343/6476/1755 4337/6473/1828
f 4337/6474/1829 4343/6477/1830 4342/6268/773 4336/6260/1583
f 4348/6478/1624 4353/6479/1623 4355/6480/1831 4349/6481/1757
f 4349/6482/1832 4355/6483/1833 4354/6282/1598 4347/6281/772
f 4353/6479/1623 4359/6484/1633 4361/6485/1834 4355/6480/1831
f 4355/6483/1833 4361/6486/1835 4360/6288/1603 4354/6282/1598
f 4359/6484/1633 4365/6487/1636 4367/6488/866 4361/6485/1834
f 4361/6486/1835 4367/6489/865 4366/6293/746 4360/6288/1603
f 4372/6490/1661 4377/6491/1660 4379/6492/1836 4373/6493/1762
f 4373/6494/1837 4379/6495/1838 4378/6306/1613 4371/6305/745
f 4377/6491/1660 4383/6496/1651 4385/6497/1839 4379/6492/1836
f 4379/6495/1838 4385/6498/1840 4384/6311/1616 4378/6306/1613
f 4383/6499/1651 4389/6500/1650 4391/6501/1841 4385/6502/1839
f 4385/6498/1840 4391/6503/1842 4390/6316/716 4384/6311/1616
f 4395/6504/1492 4401/6505/1488 4403/6506/1843 4397/6507/1844
f 4397/6461/1845 4403/6508/1846 4402/6242/1571 4396/6241/715
f 4401/6505/1488 4407/6509/1483 4409/6510/1847 4403/6506/1843
f 4403/6508/1846 4409/6511/1848 4408/6247/1574 4402/6242/1571
f 4407/6509/1483 4414/6512/1482 4415/6513/1849 4409/6510/1847
f 4409/6511/1848 4415/6445/1850 4413/6257/1580 4408/6247/1574
f 4419/6514/1474 4425/6515/1470 4427/6516/1851 4421/6517/1724
f 4421/6442/1852 4427/6518/1853 4426/6272/1593 4420/6271/1588
f 4425/6515/1470 4431/6519/1463 4433/6520/1854 4427/6516/1851
f 4427/6518/1853 4433/6521/1855 4432/6279/1596 4426/6272/1593
f 4431/6522/1463 4438/6523/1462 4439/6524/1728 4433/6525/1854
f 4433/6521/1855 4439/6425/1856 4437/6287/1601 4432/6279/1596
f 4443/6526/1476 4449/6527/1472 4451/6528/1857 4445/6529/1858
f 4445/6422/1859 4451/6530/1860 4450/6296/1608 4444/6295/1605
f 4449/6527/1472 4455/6531/1467 4457/6532/1861 4451/6528/1857
f 4451/6530/1860 4457/6533/1862 4456/6303/1611 4450/6296/1608
f 4455/6531/1467 4462/6534/1466 4463/6535/1736 4457/6532/1861
f 4457/6533/1862 4463/6406/1863 4461/6309/1332 4456/6303/1611
f 4467/6536/1459 4473/6537/1456 4475/6538/1864 4469/6539/1739
f 4469/6403/1865 4475/6540/1866 4474/6234/1564 4468/6233/1331
f 4473/6537/1456 4479/6541/1455 4481/6542/1867 4475/6538/1864
f 4475/6540/1866 4481/6543/1868 4480/6239/1569 4474/6234/1564
f 4479/6541/1455 4485/6544/1628 4487/6545/1869 4481/6542/1867
f 4481/6543/1868 4487/6546/1870 4486/6245/759 4480/6239/1569
f 4492/6547/1433 4497/6548/1432 4499/6549/1871 4493/6550/1872
f 4493/6551/1873 4499/6552/1874 4498/6264/1586 4491/6263/758
f 4497/6548/1432 4326/6553/1632 4328/6554/1875 4499/6549/1871
f 4499/6552/1874 4328/6555/1876 4327/6324/1620 4498/6264/1586
f 4326/6553/1632 4315/6556/1631 4316/6557/1877 4328/6554/1875
f 4328/6555/1876 4316/6382/1878 4314/6325/1407 4327/6324/1620
f 4321/6125/1450 4332/6124/1449 4334/6558/1879 4322/6559/1880
f 4322/6560/1799 4334/6561/1881 4333/6562/1435 4320/6563/1443
f 4332/6124/1449 4338/6322/1618 4340/6564/1882 4334/6558/1879
f 4334/6561/1881 4340/6565/1883 4339/6566/1426 4333/6562/1435
f 4338/6322/1618 4344/6331/735 4346/6567/1884 4340/6564/1882
f 4340/6565/1883 4346/6568/1802 4345/6569/1427 4339/6566/1426
f 4351/6341/736 4356/6340/1644 4358/6570/1885 4352/6571/1886
f 4352/6572/1804 4358/6573/1887 4357/6574/1626 4350/6575/1625
f 4356/6340/1644 4362/6348/1648 4364/6576/1888 4358/6570/1885
f 4358/6573/1887 4364/6577/1889 4363/6578/1634 4357/6574/1626
f 4362/6348/1648 4369/6350/1654 4370/6457/864 4364/6576/1888
f 4364/6577/1889 4370/6579/863 4368/6580/1637 4363/6578/1634
f 4374/6209/1541 4380/6208/1540 4382/6581/1890 4376/6451/1891
f 4376/6582/1810 4382/6583/1892 4381/6584/1663 4375/6585/1662
f 4380/6208/1540 4386/6212/1544 4388/6586/1893 4382/6581/1890
f 4382/6583/1892 4388/6587/1894 4387/6588/1652 4381/6584/1663
f 4386/6212/1544 4393/6359/1496 4394/6436/1895 4388/6586/1893
f 4388/6589/1894 4394/6590/1815 4392/6591/1653 4387/6592/1652
f 4398/6053/1365 4404/6052/1364 4406/6593/1896 4400/6431/1897
f 4400/6594/1818 4406/6595/1898 4405/6596/1489 4399/6597/1493
f 4404/6052/1364 4410/6056/1369 4412/6598/1899 4406/6593/1896
f 4406/6595/1898 4412/6599/1900 4411/6600/1484 4405/6596/1489
f 4410/6056/1369 4417/6059/1372 4418/6416/1901 4412/6598/1899
f 4412/6599/1900 4418/6601/1902 4416/6602/1485 4411/6600/1484
f 4422/6036/1348 4428/6035/1347 4430/6603/1903 4424/6411/1904
f 4424/6604/1776 4430/6605/1905 4429/6606/1471 4423/6607/1475
f 4428/6035/1347 4434/6040/1352 4436/6608/1906 4430/6603/1903
f 4430/6605/1905 4436/6609/1907 4435/6610/1464 4429/6606/1471
f 4434/6040/1352 4441/6044/1355 4442/6397/1908 4436/6608/1906
f 4436/6611/1907 4442/6612/1780 4440/6613/1465 4435/6614/1464
f 4446/6128/1382 4452/6122/1447 4454/6615/1909 4448/6392/1910
f 4448/6616/1911 4454/6617/1912 4453/6618/1473 4447/6619/1477
f 4452/6122/1447 4458/6117/1441 4460/6620/1913 4454/6615/1909
f 4454/6617/1912 4460/6621/1914 4459/6622/1468 4453/6618/1473
f 4458/6117/1441 4464/6116/776 4466/6623/1915 4460/6620/1913
f 4460/6621/1914 4466/6624/1787 4465/6625/1469 4459/6622/1468
f 4471/6105/777 4476/6104/1423 4478/6626/1916 4472/6627/1917
f 4472/6628/1789 4478/6629/1918 4477/6630/1453 4470/6631/1458
f 4476/6104/1423 4482/6176/1512 4484/6632/1919 4478/6626/1916
f 4478/6629/1918 4484/6633/1920 4483/6634/1454 4477/6630/1453
f 4482/6176/1512 4488/6175/749 4490/6635/1921 4484/6632/1919
f 4484/6633/1920 4490/6636/1922 4489/6637/1627 4483/6634/1454
f 4495/6329/750 4500/6270/1591 4502/6638/1923 4496/6639/1924
f 4496/6640/1925 4502/6641/1926 4501/6642/1431 4494/6643/1430
f 4500/6270/1591 4323/6250/1576 4325/6644/1927 4502/6638/1923
f 4502/6641/1926 4325/6645/1928 4324/6646/1629 4501/6642/1431
f 4323/6250/1576 4311/6249/1547 4313/6647/1929 4325/6644/1927
f 4325/6645/1928 4313/6648/1798 4312/6649/1630 4324/6646/1629
f 4293/6650/756 4486/6245/759 4487/6546/1930 4295/6651/1766
f 4295/6652/1931 4487/6653/1931 4485/6103/1418 4294/6102/1417
f 4299/6207/1539 4492/6206/1538 4493/6654/1932 4301/6655/1932
f 4301/6656/1769 4493/6551/1933 4491/6263/758 4300/6657/757
f 4464/6116/776 4273/6658/775 4274/6659/1808 4466/6623/1934
f 4466/6660/1935 4274/6661/1935 4272/3391/786 4465/3390/785
f 4149/6662/744 4342/6268/773 4343/6477/1936 4151/6663/1727
f 4151/6664/1937 4343/6665/1937 4341/6174/1511 4150/6173/1510
f 4470/6168/1505 4279/6167/1504 4280/6666/1938 4472/6667/1938
f 4472/6627/1939 4280/6668/1811 4278/6669/774 4471/6105/777
f 4155/6187/1524 4348/6186/1523 4349/6670/1940 4157/6671/1940
f 4157/6672/1730 4349/6482/1941 4347/6281/772 4156/6673/743
f 4119/6183/1520 4312/6182/1519 4313/6674/1942 4121/6675/1942
f 4121/6676/1824 4313/6647/1943 4311/6249/1547 4120/6677/1546
f 4320/3378/769 4129/3377/768 4130/6678/1944 4322/6679/1944
f 4322/6559/1945 4130/6680/1777 4128/6681/1414 4321/6125/1450
f 4488/6175/749 4297/6405/748 4298/6682/1816 4490/6635/1946
f 4490/6683/1947 4298/6684/1947 4296/6101/1416 4489/6100/1415
f 4173/6685/712 4366/6293/746 4367/6489/1948 4175/6686/1735
f 4175/6687/1949 4367/6688/1949 4365/6201/1533 4174/6200/1532
f 4494/6205/1537 4303/6204/1536 4304/6689/1950 4496/6690/1950
f 4496/6639/1951 4304/6691/1819 4302/6692/747 4495/6329/750
f 4179/6049/1361 4372/6048/1360 4373/6693/1952 4181/6694/1952
f 4181/6695/1738 4373/6494/1953 4371/6305/745 4180/6696/660
f 4344/6331/735 4153/6697/734 4154/6698/1781 4346/6567/1954
f 4346/6699/1955 4154/6700/1955 4152/6172/1509 4345/6171/1508
f 4350/6189/1526 4159/6188/1525 4160/6701/1956 4352/6702/1956
f 4352/6571/1957 4160/6703/1783 4158/6704/733 4351/6341/736
f 4197/6705/713 4390/6316/716 4391/6503/1958 4199/6706/1743
f 4199/6707/1959 4391/6708/1959 4389/6228/1559 4198/6227/1558
f 4507/6709/1621 4509/6710/1600 4511/6711/1960 4508/6712/1961
f 4533/6718/1590 4539/6719/1595 4541/6720/1970 4535/6721/1968
f 4557/6727/1607 4563/6728/1610 4565/6729/1978 4559/6730/1976
f 4581/6735/1568 4587/6736/1567 4589/6712/1986 4583/6711/1984
f 4605/6741/1581 4611/6742/1589 4613/6743/1994 4607/6744/1992
f 4629/6749/1602 4635/6750/1606 4637/6751/2002 4631/6752/2000
f 4653/6757/1615 4659/6758/1566 4661/6759/2010 4655/6760/2008
f 4677/6765/1573 4683/6766/1579 4685/6767/2018 4679/6768/2016
f 4505/6772/2026 4514/6773/2027 4513/6774/1451 4503/6775/1578
f 4538/6776/2033 4544/6777/2035 4543/6778/1641 4537/6779/1638
f 4562/6781/2041 4568/6782/2043 4567/6783/1542 4561/6784/1655
f 4586/6787/2049 4592/6788/2051 4591/6789/1366 4585/6790/1497
f 4610/6773/2057 4616/6794/2059 4615/6795/1349 4609/6796/1373
f 4634/6798/2065 4640/6799/2067 4639/6800/1457 4633/6801/1356
f 4658/6803/2073 4664/6804/2075 4663/6805/1424 4657/6806/1434
f 4682/6809/2081 4688/6759/2083 4687/6810/1635 4681/6811/1514
f 4506/3357/740 4510/6346/1646 4512/6347/1647 4504/3358/741
f 3223/6815/2092 3226/6816/2093 4807/6817/2094 4798/6818/2095
f 3205/6819/2096 3204/6820/2097 4705/6821/2098 4708/6822/2099
f 3203/6826/2109 3206/6827/2110 4711/6828/2111 4701/6829/2112
f 4878/6830/2113 4825/6831/2114 4822/6832/2115 4876/6833/2116
f 3221/6837/2126 3244/6838/2121 4879/6839/2123 4791/6840/2127
f 5037/6845/2132 5076/6846/2133 5269/6847/2134 5229/6848/2135
f 5064/6850/2138 4873/6851/2139 4870/6852/2140 5062/6853/2141
f 3219/6854/2142 3218/6855/1207 4777/6856/1210 4779/6857/2143
f 4854/6859/2147 4845/6860/2148 4849/6861/2149 4852/6862/2150
f 3215/6869/1208 3242/6870/1188 4872/6871/1191 4767/6872/1209
f 3241/5204/2163 3216/5203/2144 4771/6874/1181 4869/6875/1180
f 4041/6876/2164 4040/6877/1282 4855/6878/1285 4695/6879/2165
f 3236/6881/2172 3208/6882/2173 4717/6883/2174 4843/6884/2175
f 5077/6887/2182 4884/6888/2183 4882/6889/2184 5073/6890/2185
f 4714/6891/2186 4840/5211/1220 4842/5214/1223 4716/6892/2187
f 4962/6894/2188 4770/6895/2189 4768/6896/2190 4960/6897/2191
f 4770/6900/2200 4774/6901/2201 4776/6902/2202 4768/6903/2203
f 4035/6904/2204 4037/6905/1265 4821/6906/1268 4785/6907/2205
f 4774/6901/2201 4782/6909/2206 4780/6910/2207 4776/6902/2202
f 4782/6909/2206 4786/6915/2210 4789/6916/2211 4780/6910/2207
f 4825/6918/2214 5016/6919/2215 5013/6920/2216 4822/6921/2217
f 4896/6926/2219 4704/6927/2220 4702/6928/2221 4894/6929/2222
f 4710/6930/2223 4714/6891/2186 4716/6892/2187 4707/6931/2224
f 4873/6932/2225 4830/5199/1214 4828/5202/1217 4870/6933/2226
f 4993/6935/2227 4800/6936/2228 4797/6937/2229 4990/6938/2230
f 4792/6943/2233 4878/6944/2113 4876/6945/2116 4794/6946/2234
f 4043/6437/2161 4046/6947/1261 4723/6948/1264 4857/6949/1273
f 4800/6950/2235 4792/6943/2233 4794/6946/2234 4797/6951/2236
f 4902/6952/2237 4710/6953/2238 4707/6954/2239 4900/6955/2240
f 4996/6983/2244 4992/6984/2243 5185/6985/2278 5187/6986/2279
f 4899/7001/2232 4897/7002/2231 5089/7003/2291 5091/7004/2292
f 3234/7045/2335 3210/7046/1240 4741/7047/1185 4837/7048/1184
f 3225/7049/2251 3224/7050/2336 4801/7051/2242 4803/7052/2241
f 4720/7060/2341 4911/7061/2342 4915/7062/2343 4722/7063/2344
f 3245/7064/1248 3238/7065/2153 4848/7066/2156 4881/7067/1249
f 4912/7068/2249 5052/7069/2124 5245/7070/2125 5103/6847/2349
f 4812/5248/1270 4804/7071/2350 4806/7072/2351 4810/5249/1271
f 3237/7073/1283 3246/7074/2332 4885/7075/2218 4846/7076/1284
f 4728/7077/1252 4720/7078/2352 4722/7079/2353 4726/7080/1253
f 4038/7081/2122 4036/7082/2354 4788/7083/1229 4824/7084/1228
f 4836/7093/2369 5029/7094/2370 5026/7095/2371 4833/7096/2372
f 4752/7097/2375 4744/5215/1224 4746/5218/1227 4750/7098/2376
f 4945/7100/2378 4752/7101/2379 4750/7102/2380 4941/7103/2381
f 4932/7104/2382 4740/7105/2383 4738/7106/2384 4929/7107/2385
f 4764/7110/1215 4756/7111/2387 4758/7112/2388 4762/7113/1216
f 5017/7259/1231 4981/7260/1230 5173/7261/2178 5209/7262/2107
f 4948/7287/1195 4944/7288/1194 5137/7289/2479 5139/7290/2480
f 5028/7291/1187 4933/7292/1186 5125/7293/2459 5221/7294/2363
f 4959/7308/2152 5065/7309/2151 5257/7294/2483 5151/7310/2158
f 4696/7315/2484 4854/7316/2147 4852/7317/2150 4698/7318/2485
f 3230/7319/2333 3228/7320/2250 4813/7321/2252 4819/7322/2334
f 4756/7333/2486 4947/7334/2487 4951/7335/2488 4758/7336/2489
f 4053/7046/2386 4052/7337/2179 4753/7338/1193 4755/7339/1192
f 3211/7340/2180 3240/7341/2364 4867/7342/2365 4743/7343/2181
f 4049/7344/1241 4048/7345/2196 4729/7346/2199 4731/7347/1242
f 4045/7348/2197 4044/6819/2245 4861/7349/2246 4719/7350/2198
f 4708/7353/2099 4899/6667/2232 4901/7354/2490 4709/7355/2490
f 4709/7355/2491 4901/7354/2491 4900/7356/2240 4707/7357/2239
f 4700/7358/2494 4703/7359/2495 4702/7360/2496 4698/7361/2485
f 4705/7362/2098 4695/6879/2165 4697/7363/2497 4706/7364/2498
f 4706/7364/2499 4697/7363/2500 4696/7315/2484 4704/7365/2501
f 4798/7366/2095 4989/7367/2101 4991/7368/2502 4799/7369/2503
f 4799/7369/2504 4991/7368/2504 4990/7370/2230 4797/7371/2229
f 4712/7372/2507 4715/7373/2508 4714/7374/2186 4710/7375/2223
f 4717/6883/2174 4708/7376/2099 4709/7377/2509 4718/7378/2510
f 4718/7378/2511 4709/7377/2512 4707/6931/2224 4716/6892/2187
f 4846/7379/1284 5037/7380/2132 5039/7381/2513 4847/7382/2513
f 4847/7383/2514 5039/7384/2514 5038/5231/1244 4845/5230/1243
f 4724/7385/2517 4727/7386/2518 4726/7080/1253 4722/7079/2353
f 5014/7387/2323 4821/7388/1268 4823/7389/2519 5015/7390/2520
f 5015/7391/2521 4823/7392/2521 4822/6921/2217 5013/6920/2216
f 4729/7393/2199 4719/7394/2198 4721/7395/2522 4730/7396/2523
f 4730/7396/2524 4721/7395/2525 4720/7397/2352 4728/5236/1252
f 4736/7398/2528 4739/7399/2529 4738/7400/1260 4734/7401/1254
f 4903/7402/2297 4711/7403/2111 4712/7404/2506 4904/7405/2530
f 4904/7405/2531 4712/7404/2531 4710/6953/2238 4902/6952/2237
f 4741/7406/1185 4731/7407/1242 4733/7408/2532 4742/7409/2533
f 4742/7409/2534 4733/7408/2535 4732/5235/1251 4740/5243/1259
f 4981/7410/1230 4788/7411/1229 4790/7412/2536 4982/7413/2536
f 4982/7414/2537 4790/7415/2537 4789/5228/1239 4980/5227/1238
f 4748/7416/2540 4751/7417/2541 4750/7418/2376 4746/7419/1227
f 4753/7420/1193 4743/7343/2181 4745/7421/2542 4754/7422/2543
f 4754/7422/2544 4745/7421/2545 4744/5215/1224 4752/7097/2375
f 5041/7423/2208 4848/7424/2156 4850/7425/2546 5042/7426/2547
f 5042/7427/2548 4850/7428/2548 4849/5233/1246 5040/5232/1245
f 4760/7429/2551 4763/7430/2552 4762/7113/1216 4758/7112/2388
f 4765/7431/1219 4755/7432/1192 4757/7433/2553 4766/7434/2554
f 4766/7434/2555 4757/7433/2556 4756/7435/2387 4764/5200/1215
f 4897/7436/2231 4705/7437/2098 4706/7438/2557 4898/7439/2557
f 4898/7439/2558 4706/7438/2558 4704/6927/2220 4896/6926/2219
f 4772/7440/2561 4775/7441/2562 4774/7442/2201 4770/6895/2200
f 4777/6856/1210 4767/7443/1209 4769/7444/2563 4778/7445/2564
f 4778/7445/2565 4769/7444/2566 4768/6903/2203 4776/6902/2202
f 4784/7446/2569 4787/7447/2570 4786/7448/2210 4782/7449/2206
f 4785/7450/2205 4977/7451/2309 4979/7452/2571 4787/7453/2567
f 4787/7454/2572 4979/7455/2572 4978/5226/1237 4786/5225/1236
f 4788/7456/1229 4779/6857/2143 4781/7457/2573 4790/7458/2574
f 4790/7458/2575 4781/7457/2576 4780/6910/2207 4789/6916/2211
f 4796/7459/2578 4799/7369/2579 4797/7371/2236 4794/7460/2234
f 4801/7376/2242 4791/7461/2127 4793/7462/2580 4802/7463/2581
f 4802/7463/2582 4793/7462/2583 4792/6943/2233 4800/6950/2235
f 4808/7464/2586 4811/7465/2587 4810/7466/1271 4806/7467/2351
f 4701/7468/2112 4893/7469/2118 4895/7470/2588 4703/7471/2492
f 4703/7472/2589 4895/7473/2589 4894/6929/2222 4702/6928/2221
f 4813/7321/2252 4803/7474/2241 4805/7475/2590 4814/7476/2591
f 4814/7476/2592 4805/7475/2593 4804/7071/2350 4812/5248/1270
f 4809/7477/2248 4815/7478/1250 4817/7479/2594 4811/7480/2584
f 4811/7480/2587 4817/7479/2595 4816/7481/1272 4810/7482/1271
f 4819/7322/2334 4813/7321/2252 4814/7476/2591 4820/7483/2596
f 4820/7483/2597 4814/7476/2592 4812/5248/1270 4818/5247/1269
f 4767/7484/1209 4959/7485/2152 4961/7486/2598 4769/7487/2598
f 4769/7487/2599 4961/7486/2599 4960/7488/2191 4768/7489/2190
f 4761/7490/1198 4827/7491/2171 4829/7492/2600 4763/7430/2549
f 4763/7430/2552 4829/7492/2601 4828/7493/1217 4762/7113/1216
f 5065/7494/2151 4872/7495/1191 4874/7496/2602 5066/7497/2602
f 5066/7497/2603 4874/7496/2603 4873/6851/2139 5064/6850/2138
f 4831/7498/1190 4765/7431/1219 4766/7434/2554 4832/7499/2604
f 4832/7499/2605 4766/7434/2555 4764/5200/1215 4830/5199/1214
f 4713/7500/2213 4839/7501/2162 4841/7502/2606 4715/7503/2505
f 4715/7503/2508 4841/7502/2607 4840/7504/1220 4714/7505/2186
f 4843/6884/2175 4717/6883/2174 4718/7378/2510 4844/7506/2608
f 4844/7506/2609 4718/7378/2511 4716/6892/2187 4842/5214/1223
f 4850/7508/2611 4853/7509/2612 4852/6862/2150 4849/6861/2149
f 4963/7510/1182 4771/7511/1181 4772/7440/2560 4964/7512/2613
f 4964/7512/2614 4772/7440/2614 4770/6895/2189 4962/6894/2188
f 4855/6878/1285 4846/7513/1284 4847/7514/2615 4856/7515/2616
f 4856/7515/2617 4847/7514/2618 4845/7516/2148 4854/7316/2147
f 4851/7517/2155 4699/7518/2193 4700/7358/2493 4853/7509/2610
f 4853/7509/2612 4700/7358/2494 4698/7361/2485 4852/6862/2150
f 4695/6879/2165 4855/6878/1285 4856/7515/2616 4697/7363/2497
f 4697/7363/2500 4856/7515/2617 4854/7316/2147 4696/7315/2484
f 4841/7502/2607 4859/7520/2620 4858/7521/1221 4840/7504/1220
f 4861/7522/2246 4843/6884/2175 4844/7506/2608 4862/7523/2621
f 4862/7523/2622 4844/7506/2609 4842/5214/1223 4860/5213/1222
f 4725/7524/1263 4735/7525/2105 4736/7398/2527 4727/7386/2515
f 4727/7386/2518 4736/7398/2528 4734/7401/1254 4726/7080/1253
f 4731/7407/1242 4729/7393/2199 4730/7396/2523 4733/7408/2532
f 4733/7408/2535 4730/7396/2524 4728/5236/1252 4732/5235/1251
f 4835/7526/2625 4865/7527/2626 4864/7528/1226 4833/7096/1233
f 5029/7529/2370 4836/7530/2369 4838/7531/2627 5030/7532/2627
f 5030/7532/2628 4838/7531/2628 4837/7533/1184 5028/7534/1187
f 4867/7342/2365 4837/7535/1184 4838/7536/2629 4868/7537/2630
f 4868/7537/2631 4838/7536/2632 4836/5223/1232 4866/5216/1225
f 4863/7538/1235 4747/7539/1213 4748/7416/2539 4865/7527/2623
f 4865/7527/2626 4748/7416/2540 4746/7419/1227 4864/7528/1226
f 4743/7343/2181 4867/7342/2365 4868/7537/2630 4745/7421/2542
f 4745/7421/2545 4868/7537/2631 4866/5216/1225 4744/5215/1224
f 4829/7492/2601 4871/7540/2634 4870/7541/2226 4828/7493/1217
f 4740/7105/2383 4932/7104/2382 4934/7542/2635 4742/7543/2635
f 4742/7543/2636 4934/7542/2636 4933/7495/1186 4741/7544/1185
f 4872/7545/1191 4831/7498/1190 4832/7499/2604 4874/7546/2637
f 4874/7546/2638 4832/7499/2605 4830/5199/1214 4873/6932/2225
f 4773/7547/2146 4783/7548/2195 4784/7446/2568 4775/7441/2559
f 4775/7441/2562 4784/7446/2569 4782/7449/2206 4774/7442/2201
f 4779/6857/2143 4777/6856/1210 4778/7445/2564 4781/7457/2573
f 4781/7457/2576 4778/7445/2565 4776/6902/2202 4780/6910/2207
f 4823/7549/2640 4877/7550/2641 4876/6833/2116 4822/6832/2115
f 4879/7551/2123 4824/7552/1228 4826/7553/2642 4880/7554/2643
f 4880/7554/2644 4826/7553/2645 4825/7555/2114 4878/6944/2113
f 4875/7556/1267 4795/7557/2137 4796/7459/2577 4877/7550/2639
f 4877/7550/2641 4796/7459/2578 4794/7460/2234 4876/6833/2116
f 4791/7461/2127 4879/7551/2123 4880/7554/2643 4793/7462/2580
f 4793/7462/2583 4880/7554/2644 4878/6944/2113 4792/6943/2233
f 4817/7479/2595 4883/7558/2647 4882/7559/1287 4816/7481/1272
f 4869/7560/1180 5061/7561/1183 5063/7562/2648 4871/7540/2633
f 4871/7540/2649 5063/7562/2649 5062/7563/2141 4870/7541/2140
f 4885/7564/2218 4819/7322/2334 4820/7483/2596 4886/7565/2650
f 4886/7565/2651 4820/7483/2597 4818/5247/1269 4884/5265/1286
f 4824/7552/1228 5017/7583/1231 5018/7584/2772 4826/7553/2772
f 4826/7585/2773 5018/7586/2773 5016/6919/2215 4825/6918/2214
f 4992/7587/2243 4801/7588/2242 4802/7589/2774 4994/7590/2774
f 4994/7590/2775 4802/7589/2775 4800/6936/2228 4993/6935/2227
f 4914/7591/1274 4723/7592/1264 4724/7593/2516 4916/7594/2668
f 4916/7595/2776 4724/7596/2776 4722/7063/2344 4915/7062/2343
f 4806/5262/1281 4999/5261/1280 5000/7597/2777 4808/7598/2777
f 4808/7598/2585 5000/7597/2721 4998/7392/2255 4807/7599/2094
f 4857/7600/1273 5050/7601/1275 5051/7602/2747 4859/7603/2619
f 4859/7604/2778 5051/7605/2778 5049/5240/1256 4858/5239/1255
f 4719/7394/2198 4912/7606/2249 4913/7607/2779 4721/7395/2779
f 4721/7608/2780 4913/7609/2780 4911/7061/2342 4720/7060/2341
f 4995/7610/1279 4804/7611/1278 4805/7612/2781 4997/7613/2781
f 4997/7613/2782 4805/7612/2782 4803/7411/2241 4996/7614/2244
f 4881/7615/1249 5074/7616/2209 5075/7617/2769 4883/7618/2646
f 4883/7619/2783 5075/7620/2783 5073/6890/2185 4882/6889/2184
f 5052/7621/2124 4861/7622/2246 4862/7623/2784 5054/7624/2784
f 5054/7625/2785 4862/7626/2785 4860/5242/1258 5053/5241/1257
f 4737/7627/1200 4930/7628/1203 4931/7629/2677 4739/7630/2526
f 4739/7631/2786 4931/7632/2786 4929/7107/2385 4738/7106/2384
f 5076/7633/2133 4885/7634/2218 4886/7635/2787 5078/7636/2787
f 5078/7637/2788 4886/7638/2788 4884/6888/2183 5077/6887/2182
f 4749/7639/1204 4942/7640/1206 4943/7641/2685 4751/7642/2538
f 4751/7643/2789 4943/7644/2789 4941/7103/2381 4750/7102/2380
f 5025/7645/1202 4834/7646/1201 4835/7526/2624 5027/7647/2752
f 5027/7647/2790 4835/7526/2790 4833/7096/2372 5026/7095/2371
f 4944/7622/1194 4753/7648/1193 4754/7649/2791 4946/7650/2791
f 4946/7651/2792 4754/7652/2792 4752/7101/2379 4945/7100/2378
f 4950/7653/1205 4759/7654/1199 4760/7655/2550 4952/7656/2692
f 4952/7657/2793 4760/7658/2793 4758/7336/2489 4951/7335/2488
f 4755/7432/1192 4948/7659/1195 4949/7660/2794 4757/7433/2794
f 4757/7661/2795 4949/7662/2795 4947/7334/2487 4756/7333/2486
f 4704/7365/2501 4696/7315/2484 4698/7318/2485 4702/7738/2496
f 2/1946/513 4/1945/512 5272/3/3 5271/2/2
f 2254/1979/544 20/1989/552 5274/25/21 5273/24/20
f 32/1969/535 2261/1968/534 5276/41/35 5275/39/33
f 2206/1959/525 2213/1958/524 5278/67/53 5277/66/52
f 2260/1983/548 549/1984/549 5280/87/69 5279/48/39
f 2266/1949/516 2/1946/513 5271/2/2 5281/94/73
f 543/1960/526 2206/1959/525 5277/66/52 5282/1944/511
f 566/1948/515 5283/1947/514 565/2006/558 5284/1962/528
f 4/1945/512 566/1948/515 5284/1962/528 5272/3/3
f 534/1950/517 2266/1949/516 5281/94/73 5285/1988/551
f 5283/1947/514 534/1950/517 5285/1988/551 565/2006/558
f 20/1989/552 557/1990/553 5286/1951/518 5274/25/21
f 551/1970/536 32/1969/535 5275/39/33 5287/1957/523
f 542/1961/527 543/1960/526 5282/1944/511 5288/2013/560
f 559/1981/546 2255/1980/545 5290/17/15 5289/1967/533
f 550/1971/537 551/1970/536 5287/1957/523 5291/2029/565
f 2213/1958/524 2212/1972/538 5292/74/58 5278/67/53
f 541/1973/539 542/1961/527 5288/2013/560 5293/1985/550
f 2212/1972/538 541/1973/539 5293/1985/550 5292/74/58
f 2255/1980/545 2254/1979/544 5273/24/20 5290/17/15
f 558/1982/547 559/1981/546 5289/1967/533 5294/2026/563
f 2261/1968/534 2260/1983/548 5279/48/39 5276/41/35
f 549/1984/549 550/1971/537 5291/2029/565 5280/87/69
f 557/1990/553 558/1982/547 5294/2026/563 5286/1951/518
f 4087/5923/83 4088/5922/83 5296/5927/559 5295/6007/1
f 4095/5945/228 4096/5944/228 5298/5949/22 5297/5941/564
f 4103/5967/55 4104/5966/55 5300/5971/567 5299/5963/566
f 4111/5989/125 4112/5988/125 5302/5993/561 5301/5985/173
f 2713/5921/83 2712/5920/83 5303/6006/1 5304/5924/559
f 4088/5922/83 2713/5921/83 5304/5924/559 5296/5927/559
f 2712/5920/83 4087/5923/83 5295/6007/1 5303/6006/1
f 2727/5942/228 4095/5945/228 5297/5941/564 5305/5940/564
f 2729/5943/228 2727/5942/228 5305/5940/564 5306/5946/22
f 4096/5944/228 2729/5943/228 5306/5946/22 5298/5949/22
f 2743/5964/55 4103/5967/55 5299/5963/566 5307/5962/566
f 2745/5965/55 2743/5964/55 5307/5962/566 5308/5968/567
f 4104/5966/55 2745/5965/55 5308/5968/567 5300/5971/567
f 2759/5986/125 4111/5989/125 5301/5985/173 5309/5984/173
f 2761/5987/125 2759/5986/125 5309/5984/173 5310/5990/561
f 4112/5988/125 2761/5987/125 5310/5990/561 5302/5993/561
f 1790/2138/620 1822/2141/620 5312/2236/556 5311/3208/555
f 1806/2096/599 1774/2095/599 5314/1991/554 5313/1994/557
f 1768/2061/578 2326/2060/578 5315/2093/596 5316/2102/601
f 1800/2062/578 1768/2061/578 5316/2102/601 5317/2105/604
f 1799/2063/578 1800/2062/578 5317/2105/604 5318/2057/597
f 2326/2060/578 1799/2063/578 5318/2057/597 5315/2093/596
f 1797/2065/579 2324/2064/579 5319/2167/636 5320/2076/585
f 1829/2066/579 1797/2065/579 5320/2076/585 5321/2079/588
f 1820/2067/579 1829/2066/579 5321/2079/588 5322/2168/636
f 2324/2064/579 1820/2067/579 5322/2168/636 5319/2167/636
f 1791/2114/609 1823/2117/609 5324/2070/582 5323/2069/581
f 1802/2074/584 1770/2073/584 5326/3176/580 5325/3153/583
f 1770/2073/584 1769/2072/584 5327/2103/602 5326/3176/580
f 1801/2075/584 1802/2074/584 5325/3153/583 5328/2104/603
f 1769/2072/584 1801/2075/584 5328/2104/603 5327/2103/602
f 1783/2142/621 1815/2145/621 5330/2078/587 5329/2077/586
f 2325/2081/589 1792/2080/589 5331/2111/607 5332/2092/595
f 1825/2082/589 2325/2081/589 5332/2092/595 5333/2056/598
f 1824/2083/589 1825/2082/589 5333/2056/598 5334/2112/607
f 1792/2080/589 1824/2083/589 5334/2112/607 5331/2111/607
f 2329/2085/590 2328/2084/590 5335/2123/612 5336/2130/615
f 1804/2086/590 2329/2085/590 5336/2130/615 5337/2133/618
f 1803/2087/590 1804/2086/590 5337/2133/618 5338/2124/612
f 2328/2084/590 1803/2087/590 5338/2124/612 5335/2123/612
f 1785/2150/626 1817/2153/626 5340/2090/593 5339/2089/592
f 1816/2144/621 1784/2143/621 5342/2088/591 5341/2091/594
f 1774/2095/599 2330/2094/599 5343/2131/616 5314/1991/554
f 1805/2097/599 1806/2096/599 5313/1994/557 5344/2132/617
f 2330/2094/599 1805/2097/599 5344/2132/617 5343/2131/616
f 1798/2099/600 1787/2098/600 5345/2159/631 5346/2110/606
f 1830/2100/600 1798/2099/600 5346/2110/606 5347/2113/608
f 1819/2101/600 1830/2100/600 5347/2113/608 5348/2160/632
f 1787/2098/600 1819/2101/600 5348/2160/632 5345/2159/631
f 2331/2107/605 1775/2106/605 5349/2147/623 5350/2154/627
f 1808/2108/605 2331/2107/605 5350/2154/627 5351/2157/629
f 1807/2109/605 1808/2108/605 5351/2157/629 5352/2148/624
f 1775/2106/605 1807/2109/605 5352/2148/624 5349/2147/623
f 2327/2115/609 1791/2114/609 5323/2069/581 5353/2122/611
f 1826/2116/609 2327/2115/609 5353/2122/611 5354/2125/613
f 1823/2117/609 1826/2116/609 5354/2125/613 5324/2070/582
f 1778/2119/610 2332/2118/610 5355/2155/628 5356/2174/642
f 1810/2120/610 1778/2119/610 5356/2174/642 5357/2177/645
f 1809/2121/610 1810/2120/610 5357/2177/645 5358/2156/628
f 2332/2118/610 1809/2121/610 5358/2156/628 5355/2155/628
f 1780/2127/614 1779/2126/614 5359/3239/639 5360/2178/646
f 1812/2128/614 1780/2127/614 5360/2178/646 5361/2181/649
f 1811/2129/614 1812/2128/614 5361/2181/649 5362/3029/640
f 1779/2126/614 1811/2129/614 5362/3029/640 5359/3239/639
f 2323/2135/619 1781/2134/619 5363/2179/647 5364/2166/635
f 1814/2136/619 2323/2135/619 5364/2166/635 5365/2169/637
f 1813/2137/619 1814/2136/619 5365/2169/637 5366/2180/648
f 1781/2134/619 1813/2137/619 5366/2180/648 5363/2179/647
f 1795/2139/620 1790/2138/620 5311/3208/555 5367/2146/622
f 1827/2140/620 1795/2139/620 5367/2146/622 5368/2149/625
f 1822/2141/620 1827/2140/620 5368/2149/625 5312/2236/556
f 1784/2143/621 1783/2142/621 5329/2077/586 5342/2088/591
f 1815/2145/621 1816/2144/621 5341/2091/594 5330/2078/587
f 1786/2151/626 1785/2150/626 5339/2089/592 5369/5099/630
f 1818/2152/626 1786/2151/626 5369/5099/630 5370/2946/633
f 1817/2153/626 1818/2152/626 5370/2946/633 5340/2090/593
f 1796/2163/634 1789/2162/634 5371/2175/643 5372/2170/638
f 1828/2164/634 1796/2163/634 5372/2170/638 5373/2173/641
f 1821/2165/634 1828/2164/634 5373/2173/641 5374/2176/644
f 1789/2162/634 1821/2165/634 5374/2176/644 5371/2175/643
g module2_Material.072
usemtl Material.072
f 526/111/47 1431/112/80 1473/113/81 1477/114/82
f 1152/121/86 1149/122/87 1185/123/88 518/124/34
f 1435/125/89 526/111/47 1477/126/82 1479/127/90
f 1614/142/93 1611/143/94 1653/144/95 532/145/66
f 1143/177/86 1140/178/87 1179/179/88 517/180/34
f 1605/192/103 1602/193/94 1647/194/95 531/195/66
f 1134/200/86 1131/201/87 1173/202/88 516/203/34
f 1125/220/86 1122/221/87 1167/222/88 515/223/34
f 507/292/22 933/293/119 966/294/120 970/295/121
f 937/301/123 507/292/22 970/295/121 972/302/124
f 508/311/22 939/312/119 975/313/120 979/314/121
f 943/320/123 508/311/22 979/321/121 981/322/124
f 509/327/22 945/328/119 984/329/120 988/330/121
f 949/427/123 509/327/22 988/330/121 990/428/124
f 510/433/22 951/434/119 993/435/120 997/436/121
f 955/439/123 510/433/22 997/440/121 999/441/124
f 1521/449/137 1518/450/138 1551/451/139 530/452/60
f 1512/461/137 1509/462/138 1545/463/139 529/464/60
f 1041/465/143 1038/466/144 1071/467/145 514/468/28
f 1503/477/137 1500/478/138 1539/479/139 528/480/60
f 1032/485/143 1029/486/144 1065/487/145 513/488/28
f 1497/489/149 1494/490/137 527/491/60 1537/492/150
f 1494/490/137 1491/531/138 1533/532/139 527/491/60
f 1017/548/159 1014/549/143 512/550/28 1057/551/160
f 1014/549/143 1011/560/164 1053/561/145 512/550/28
f 1008/567/159 1005/568/143 511/569/28 1051/570/160
f 1005/578/143 1002/579/164 1047/580/145 511/569/28
f 511/569/28 1047/580/145 1077/630/168 1081/631/169
f 1051/640/160 511/569/28 1081/641/169 1083/642/171
f 512/550/28 1053/648/145 1086/649/168 1090/650/169
f 1057/551/160 512/550/28 1090/650/169 1092/659/171
f 527/491/60 1533/532/139 1566/692/178 1570/693/179
f 1537/492/150 527/491/60 1570/701/179 1572/702/180
f 513/488/28 1065/487/145 1104/703/168 1108/704/169
f 528/480/60 1539/479/139 1575/708/178 1579/709/179
f 1069/712/160 513/488/28 1108/704/169 1110/713/171
f 1543/714/150 528/480/60 1579/709/179 1581/715/180
f 514/468/28 1071/720/145 1113/721/168 1117/722/169
f 529/464/60 1545/463/139 1584/723/178 1588/724/179
f 1075/729/160 514/468/28 1117/730/169 1119/731/171
f 1549/732/150 529/464/60 1588/733/179 1590/734/180
f 530/452/60 1551/739/139 1593/740/178 1597/741/179
f 1555/742/150 530/452/60 1597/741/179 1599/743/180
f 1725/756/182 1723/757/183 595/758/184 498/759/1
f 924/782/188 921/783/189 510/433/22 955/439/123
f 921/788/189 918/789/190 951/434/119 510/433/22
f 915/799/188 912/800/189 509/327/22 949/427/123
f 912/806/189 909/807/190 945/328/119 509/327/22
f 1743/817/182 1741/818/183 583/819/184 497/820/1
f 906/823/188 903/824/189 508/311/22 943/320/123
f 903/830/189 900/831/190 939/312/119 508/311/22
f 1752/866/182 1750/867/183 577/868/184 496/869/1
f 897/870/188 894/871/189 507/292/22 937/301/123
f 894/880/189 891/881/190 933/882/119 507/292/22
f 1761/892/182 1759/893/183 571/894/184 495/895/1
f 515/223/34 1167/222/88 1197/953/210 1201/954/211
f 1171/965/213 515/223/34 1201/954/211 1203/966/214
f 516/203/34 1173/202/88 1206/973/210 1210/974/211
f 531/195/66 1647/194/95 1677/981/216 1681/982/217
f 1177/987/213 516/203/34 1210/974/211 1212/988/214
f 1651/994/218 531/195/66 1681/995/217 1683/996/219
f 517/180/34 1179/179/88 1215/997/210 1219/998/211
f 532/145/66 1653/144/95 1686/1021/216 1690/1022/217
f 1404/1023/222 1401/1024/223 526/111/47 1435/125/89
f 1183/1025/213 517/180/34 1219/998/211 1221/1026/214
f 1401/1024/223 1398/1028/224 1431/1029/80 526/111/47
f 1657/1030/218 532/145/66 1690/1022/217 1692/1031/219
f 518/124/34 1185/123/88 1224/1032/210 1228/1033/211
f 1617/1077/234 1614/142/93 532/145/66 1657/1030/218
f 1608/1078/234 1605/1079/103 531/195/66 1651/1080/218
f 1524/1084/149 1521/449/137 530/452/60 1555/742/150
f 1515/1085/149 1512/1086/137 529/464/60 1549/1087/150
f 1506/1088/149 1503/1089/137 528/480/60 1543/714/150
f 1155/1165/255 1152/1166/86 518/124/34 1189/1167/213
f 1146/1168/255 1143/177/86 517/180/34 1183/1025/213
f 1137/1169/255 1134/1170/86 516/203/34 1177/987/213
f 1128/1172/255 1125/1173/86 515/223/34 1171/965/213
f 1044/1178/257 1041/465/143 514/468/28 1075/729/160
f 1035/1180/159 1032/1181/143 513/488/28 1069/712/160
f 1764/1263/276 1761/1264/182 495/895/1 567/1265/277
f 1755/1269/276 1752/866/182 496/869/1 573/1270/277
f 1746/1273/276 1743/817/182 497/820/1 579/1274/277
f 1728/1280/276 1725/1281/182 498/759/1 591/1282/277
f 1429/1286/89 525/1287/47 1468/1288/82 1470/1289/90
f 525/1287/47 1425/1292/280 1464/1293/81 1468/1294/82
f 1632/1295/103 1629/1296/94 1665/1297/95 533/1298/66
f 1635/1300/234 1632/1301/103 533/1298/66 1669/1302/218
f 1423/1304/89 524/1305/47 1459/1306/82 1461/1307/90
f 524/1305/47 1419/1309/280 1455/1310/81 1459/1311/82
f 1641/1312/103 1638/1313/94 1671/1314/95 535/1315/66
f 1644/1316/234 1641/1312/103 535/1315/66 1675/1317/218
f 1417/1318/89 523/1319/47 1450/1320/82 1452/1321/90
f 523/1319/47 1413/1324/280 1446/1325/81 1450/1320/82
f 645/1330/284 643/1331/285 687/1332/286 499/1333/8
f 648/1335/287 645/1330/284 499/1333/8 691/1336/288
f 835/1337/289 506/1338/14 877/1339/290 879/1340/291
f 506/1338/14 831/1342/292 873/1343/293 877/1344/290
f 654/1345/284 652/1346/285 693/1347/286 500/1348/8
f 657/1351/287 654/1352/284 500/1348/8 697/1353/288
f 829/1354/289 505/1355/14 868/1356/290 870/1357/291
f 505/1355/14 825/1360/292 864/1361/293 868/1362/290
f 663/1363/284 661/1364/285 699/1365/286 501/1366/8
f 666/1369/287 663/1363/284 501/1366/8 703/1370/288
f 672/1377/284 670/1378/285 705/1379/286 502/1380/8
f 675/1384/287 672/1377/284 502/1380/8 709/1385/288
f 817/1386/289 504/1387/14 850/1388/290 852/1389/291
f 504/1387/14 813/1392/292 846/1393/293 850/1394/290
f 811/1399/289 503/1400/14 841/1401/290 843/1402/291
f 503/1400/14 807/1404/292 837/1405/293 841/1406/290
f 1245/1415/300 1243/1416/301 1287/1417/302 519/1418/41
f 1248/1420/303 1245/1415/300 519/1418/41 1291/1421/304
f 1254/1424/300 1252/1425/301 1293/1426/302 520/1427/306
f 1257/1429/303 1254/1424/300 520/1427/306 1297/1430/304
f 1315/1438/304 522/1439/41 1357/1440/309 1360/1441/310
f 1272/1442/300 1270/1443/301 1305/1444/302 521/1445/306
f 522/1439/41 1311/1448/302 1353/1449/311 1357/1440/309
f 1275/1450/303 1272/1442/300 521/1445/306 1309/1451/304
f 1309/1455/304 521/1445/306 1348/1456/309 1351/1457/310
f 1281/1458/300 1279/1459/301 1311/1448/302 522/1439/41
f 521/1445/306 1305/1444/302 1344/1461/311 1348/1456/309
f 1284/1462/303 1281/1463/300 522/1439/41 1315/1438/304
f 1297/1430/304 520/1427/306 1330/1474/309 1333/1475/310
f 567/1476/277 495/1477/1 637/1478/316 639/1479/317
f 520/1427/306 1293/1426/302 1326/1481/311 1330/1474/309
f 495/1477/1 571/1482/184 633/1483/318 637/1478/316
f 1291/1421/304 519/1418/41 1321/1484/309 1324/1485/310
f 573/1486/277 496/1487/1 628/1488/316 630/1489/317
f 519/1418/41 1287/1417/302 1317/1492/311 1321/1493/309
f 496/1487/1 577/1494/184 624/1495/318 628/1488/316
f 579/1498/277 497/1499/1 619/1500/316 621/1501/317
f 497/1499/1 583/1503/184 615/1504/318 619/1500/316
f 765/1505/319 763/1506/320 807/1404/292 503/1400/14
f 768/1510/321 765/1511/319 503/1400/14 811/1399/289
f 774/1517/319 772/1518/320 813/1519/292 504/1387/14
f 591/1521/277 498/1522/1 601/1523/316 603/1524/317
f 777/1526/321 774/1527/319 504/1387/14 817/1386/289
f 709/1528/288 502/1380/8 748/1529/322 751/1530/323
f 502/1380/8 705/1379/286 744/1532/324 748/1529/322
f 498/1522/1 595/1533/184 597/1534/318 601/1523/316
f 703/1370/288 501/1366/8 739/1540/326 742/1541/323
f 501/1366/8 699/1365/286 735/1543/324 739/1544/326
f 792/1545/319 790/1546/320 825/1360/292 505/1355/14
f 795/1548/321 792/1549/319 505/1355/14 829/1354/289
f 697/1353/288 500/1348/8 730/1550/322 733/1551/323
f 500/1348/8 693/1553/286 726/1554/324 730/1550/322
f 801/1555/319 799/1556/320 831/1557/292 506/1338/14
f 804/1559/321 801/1560/319 506/1338/14 835/1337/289
f 691/1561/288 499/1333/8 721/1562/322 724/1563/323
f 499/1333/8 687/1332/286 717/1566/324 721/1567/322
f 1675/1317/218 535/1315/66 1717/1575/217 1720/1576/219
f 1374/1577/223 1372/1578/224 1413/1324/280 523/1319/47
f 1377/1580/222 1374/1581/223 523/1319/47 1417/1318/89
f 535/1315/66 1671/1314/95 1713/1582/216 1717/1583/217
f 1669/1584/218 533/1298/66 1708/1585/217 1711/1586/219
f 1383/1587/223 1381/1588/224 1419/1309/280 524/1305/47
f 1386/1591/222 1383/1587/223 524/1305/47 1423/1304/89
f 533/1298/66 1665/1297/95 1704/1592/216 1708/1585/217
f 1392/1596/223 1390/1597/224 1425/1292/280 525/1287/47
f 1189/1167/213 518/124/34 1228/1033/211 1231/1598/214
f 1395/1599/222 1392/1600/223 525/1287/47 1429/1286/89
g module2_Material.073
usemtl Material.073
f 2539/4603/956 2577/1570/956 2540/1571/66 2538/4618/66
f 2508/4619/22 2510/4617/22 2555/4594/945 2512/4593/945
f 2511/4616/22 2508/4619/22 2512/4593/945 2556/4595/945
f 2558/4598/946 2514/4597/946 2513/4620/28 2516/4614/28
f 2514/4597/946 2557/4596/946 2515/4615/28 2513/4620/28
f 2574/1436/954 2534/105/954 2533/4621/60 2536/1435/60
f 2534/105/954 2573/106/954 2535/1396/60 2533/4621/60
f 2533/4621/60 2535/1396/60 2575/1509/955 2537/4602/955
f 2536/1435/60 2533/4621/60 2537/4602/955 2576/1516/955
f 2513/4620/28 2515/4615/28 2559/4600/947 2517/4599/947
f 2516/4614/28 2513/4620/28 2517/4599/947 2560/4601/947
f 2496/4608/958 2581/4607/958 2497/4611/1 2494/4622/1
f 2554/4592/944 2509/4591/944 2508/4619/22 2511/4616/22
f 2509/4591/944 2553/4590/944 2510/4617/22 2508/4619/22
f 2538/4618/66 2540/1571/66 2579/4605/957 2542/4604/957
f 2582/4609/958 2496/4608/958 2494/4622/1 2493/4610/1
f 2578/1594/956 2539/4603/956 2538/4618/66 2541/1593/66
f 2519/1539/948 2561/1590/948 2520/4613/34 2518/4623/34
f 2562/1538/948 2519/1539/948 2518/4623/34 2521/4612/34
f 2531/1036/47 2528/4624/47 2532/497/953 2572/498/953
f 2528/4624/47 2530/697/47 2571/552/953 2532/497/953
f 2506/1535/14 2503/4625/14 2507/4589/943 2552/1595/943
f 2503/4625/14 2505/1513/14 2551/1574/943 2507/4589/943
f 2499/280/940 2545/542/940 2500/1299/8 2498/4626/8
f 2546/279/940 2499/280/940 2498/4626/8 2501/1371/8
f 2524/1375/950 2565/1432/950 2525/536/306 2523/4627/306
f 2566/271/950 2524/1375/950 2523/4627/306 2526/270/306
f 2526/270/306 2523/4627/306 2527/1284/951 2568/656/951
f 2523/4627/306 2525/536/306 2567/537/951 2527/1284/951
f 2493/1277/1 2494/4628/1 2495/664/939 2544/665/939
f 2501/1371/8 2498/4626/8 2502/4587/941 2548/1465/941
f 2498/4626/8 2500/1299/8 2547/1398/941 2502/4587/941
f 2494/4628/1 2497/795/1 2543/796/939 2495/664/939
f 2504/4588/942 2549/1512/942 2505/1513/14 2503/4625/14
f 2550/1536/942 2504/4588/942 2503/4625/14 2506/1535/14
f 2529/667/952 2569/696/952 2530/697/47 2528/4624/47
f 2570/666/952 2529/667/952 2528/4624/47 2531/1036/47
f 2521/4612/34 2518/4623/34 2522/1467/949 2564/1468/949
f 2518/4623/34 2520/4613/34 2563/1515/949 2522/1467/949
f 2541/1593/66 2538/4618/66 2542/4604/957 2580/4606/957
g module2_Material.074
usemtl Material.074
f 64/19/17 480/20/17 2298/21/17 2290/22/18
f 16/43/37 18/44/37 2278/45/37 2279/46/37
f 384/61/50 47/62/50 2221/63/50 2224/64/50
f 385/69/55 50/70/55 2229/71/56 2233/72/55
f 63/89/71 61/90/71 2288/91/71 2289/92/71
f 13/95/74 2252/96/74 4062/97/74 4061/98/74
f 272/103/71 261/104/71 1156/104/77 1188/103/78
f 1485/105/79 1482/106/79 2573/106/79 2534/105/79
f 172/115/83 171/116/83 886/116/84 889/115/85
f 458/132/71 445/133/71 1618/133/91 1656/132/92
f 174/134/83 173/135/83 892/135/85 895/134/84
f 270/140/71 258/141/71 1147/141/77 1182/140/78
f 465/146/96 62/147/96 2291/148/97 2297/149/96
f 2215/172/100 356/173/100 1440/173/101 1438/172/102
f 175/174/83 174/134/83 895/134/84 898/174/85
f 456/181/71 442/182/71 1609/182/91 1650/183/92
f 177/186/83 176/187/83 901/187/85 904/186/84
f 268/188/71 255/189/71 1138/189/77 1176/188/78
f 178/196/83 177/186/83 904/186/84 907/197/85
f 440/204/37 455/205/37 1648/205/104 1603/204/105
f 180/208/83 179/209/83 910/209/85 913/210/84
f 266/211/71 252/212/71 1129/212/77 1170/211/78
f 438/215/107 439/216/107 1600/216/108 1596/215/109
f 181/217/83 180/208/83 913/208/84 916/217/85
f 437/224/107 438/215/107 1596/215/109 1594/225/108
f 183/228/83 182/229/83 919/229/85 922/228/84
f 250/230/37 265/231/37 1168/231/110 1123/232/111
f 435/235/107 436/236/107 1591/236/108 1587/237/109
f 2256/238/83 183/228/83 922/228/84 925/238/85
f 248/263/115 249/264/115 1120/264/116 1116/263/117
f 434/265/107 435/235/107 1587/235/109 1585/265/108
f 1303/270/37 1266/271/37 2566/271/37 2526/270/37
f 247/272/115 248/263/115 1116/263/117 1114/272/116
f 432/277/107 433/278/107 1582/278/108 1578/277/109
f 684/279/118 681/280/118 2499/280/118 2546/279/118
f 245/285/115 246/286/115 1111/286/116 1107/285/117
f 431/287/107 432/277/107 1578/277/109 1576/287/108
f 244/296/115 245/285/115 1107/285/117 1105/296/116
f 429/299/107 430/300/107 1573/300/108 1569/299/109
f 242/305/115 243/306/115 1102/306/116 1098/305/117
f 428/307/107 429/299/107 1569/299/109 1567/308/108
f 241/315/115 242/305/115 1098/305/117 1096/315/116
f 426/318/107 427/319/107 1564/319/108 1560/318/109
f 239/325/115 240/326/115 1093/326/116 1089/325/117
f 46/331/37 48/332/37 2222/333/37 2223/334/37
f 48/392/50 370/393/50 2232/394/50 2222/395/130
f 238/426/115 239/325/115 1089/325/117 1087/426/116
f 236/431/115 237/432/115 1084/432/116 1080/431/117
f 195/442/133 196/443/133 960/443/55 958/442/134
f 424/446/71 2214/447/71 1525/447/135 1554/448/136
f 422/455/71 411/456/71 1516/456/135 1548/455/136
f 234/457/71 224/458/71 1045/458/140 1074/457/141
f 420/471/71 408/472/71 1507/472/135 1542/471/136
f 232/473/71 221/474/71 1036/474/140 1068/473/141
f 212/481/146 211/482/146 1006/482/147 1009/481/148
f 214/495/146 213/496/146 1012/496/148 1015/495/147
f 1441/497/151 1443/498/151 2572/498/151 2532/497/151
f 215/533/146 214/495/146 1015/495/147 1018/533/148
f 1299/536/71 1335/537/71 2567/537/71 2525/536/71
f 402/538/133 401/539/133 1486/539/155 1489/538/156
f 681/280/118 679/542/118 2545/542/118 2499/280/118
f 216/543/37 229/544/37 1060/544/157 1021/545/158
f 1437/552/151 1441/497/151 2532/497/151 2571/552/151
f 403/555/37 417/556/37 1534/556/161 1492/555/162
f 217/557/146 216/543/146 1021/543/148 1024/557/147
f 404/562/133 403/555/133 1492/555/156 1495/562/155
f 219/565/37 231/566/37 1066/566/157 1030/565/158
f 406/573/37 419/574/37 1540/574/161 1501/573/162
f 220/575/146 219/565/146 1030/565/148 1033/575/147
f 407/581/133 406/573/133 1501/573/156 1504/581/155
f 222/584/37 233/585/37 1072/585/157 1039/584/158
f 211/482/146 210/586/146 1003/586/148 1006/482/147
f 17/43/71 15/587/71 2276/588/71 2277/589/71
f 409/612/37 421/613/37 1546/613/161 1510/612/162
f 223/614/146 222/584/146 1039/584/148 1042/614/147
f 208/617/133 209/618/133 1000/618/134 996/617/55
f 410/619/133 409/612/133 1510/612/156 1513/620/155
f 225/623/37 235/624/37 1078/624/167 1048/623/157
f 207/625/133 208/617/133 996/617/55 994/625/134
f 412/628/37 423/629/37 1552/629/161 1519/628/162
f 205/634/133 206/635/133 991/635/134 987/636/55
f 413/637/133 412/628/133 1519/628/156 1522/637/155
f 204/643/133 205/634/133 987/634/55 985/643/134
f 415/646/37 425/647/37 1558/647/172 1528/646/161
f 202/653/133 203/654/133 982/654/134 978/655/55
f 1342/656/37 1303/270/37 2526/270/37 2568/656/37
f 201/660/133 202/653/133 978/653/55 976/661/134
f 610/664/173 612/665/173 2544/665/173 2495/664/173
f 1368/666/174 1365/667/174 2529/667/174 2570/666/174
f 199/690/133 200/691/133 973/691/134 969/690/55
f 1363/696/71 1407/697/71 2530/697/71 2569/696/71
f 198/698/133 199/690/133 969/690/55 967/698/134
f 196/443/133 197/707/133 964/707/134 960/443/55
f 401/539/133 2218/748/133 1483/748/156 1486/539/155
f 368/749/100 2203/750/100 1480/750/102 1476/749/101
f 367/755/100 368/749/100 1476/749/101 1474/755/102
f 365/784/100 366/785/100 1471/785/102 1467/784/101
f 2274/790/37 74/791/37 594/791/191 1722/790/192
f 364/794/100 365/784/100 1467/784/101 1465/794/102
f 589/795/71 606/796/71 2543/796/71 2497/795/71
f 362/801/100 363/802/100 1462/802/102 1458/801/101
f 251/805/17 250/230/17 1123/230/193 1126/805/194
f 483/810/37 72/811/37 588/811/191 1731/810/192
f 361/812/100 362/801/100 1458/801/101 1456/812/102
f 253/815/37 267/816/37 1174/816/110 1132/815/111
f 359/825/100 360/826/100 1453/826/102 1449/825/101
f 254/829/17 253/815/17 1132/815/193 1135/829/194
f 441/834/115 440/204/115 1603/204/196 1606/834/197
f 486/835/37 70/836/37 582/836/191 1740/835/192
f 170/837/71 155/45/71 2293/44/71 2294/838/71
f 358/861/100 359/825/100 1449/825/101 1447/861/102
f 256/862/37 269/863/37 1180/863/110 1141/862/111
f 356/173/100 357/874/100 1444/874/102 1440/173/101
f 443/875/37 457/876/37 1654/876/104 1612/875/105
f 257/879/17 256/862/17 1141/862/193 1144/879/194
f 444/885/115 443/875/115 1612/875/196 1615/885/197
f 489/886/37 68/887/37 576/887/191 1749/886/192
f 259/890/37 271/891/37 1186/891/110 1150/890/111
f 606/796/173 610/664/173 2495/664/173 2543/796/173
f 446/898/37 459/899/37 1660/899/104 1621/898/105
f 260/902/17 259/890/17 1150/890/193 1153/902/194
f 1365/667/174 1363/696/174 2569/696/174 2529/667/174
f 447/905/115 446/898/115 1621/898/196 1624/905/197
f 492/906/37 66/907/37 570/907/191 1758/906/202
f 263/910/17 262/911/17 1159/911/193 1162/910/194
f 171/116/83 2270/912/83 883/912/85 886/116/84
f 450/935/115 449/936/115 1630/936/196 1633/935/197
f 264/937/17 263/910/17 1162/910/194 1165/937/193
f 168/940/206 2251/941/206 880/941/207 876/940/208
f 451/942/115 450/935/115 1633/935/197 1636/942/196
f 265/231/37 2271/945/37 1198/946/209 1168/947/110
f 167/948/206 168/940/206 876/940/208 874/948/207
f 453/951/115 452/952/115 1639/952/196 1642/951/197
f 165/957/206 166/958/206 871/958/207 867/959/208
f 454/960/115 453/951/115 1642/951/197 1645/960/196
f 164/967/206 165/957/206 867/957/208 865/967/207
f 455/205/37 2273/972/37 1678/972/215 1648/205/104
f 162/979/206 163/980/206 862/980/207 858/979/208
f 161/989/206 162/979/206 858/979/208 856/989/207
f 159/1019/206 160/1020/206 853/1020/207 849/1019/208
f 158/1027/206 159/1019/206 849/1019/208 847/1027/207
f 156/1034/206 157/1035/206 844/1035/207 840/1034/208
f 1411/1036/37 1368/666/37 2570/666/37 2531/1036/37
f 89/1037/71 65/1038/71 568/1038/225 640/1037/226
f 67/1039/71 491/1040/71 1756/1040/227 574/1039/225
f 86/1041/71 67/1042/71 574/1042/225 631/1041/226
f 69/1043/71 488/1044/71 1747/1044/227 580/1043/225
f 83/1045/71 69/1046/71 580/1046/225 622/1047/226
f 71/1048/71 485/1049/71 1738/1049/227 586/1048/225
f 80/1050/71 71/1051/71 586/1051/225 613/1050/226
f 73/1052/71 482/1053/71 1729/1053/227 592/1052/225
f 77/1054/71 73/1055/71 592/1055/225 604/1054/226
f 75/1056/228 76/1057/228 600/1057/198 598/1056/229
f 2273/972/230 466/1058/230 1680/1058/231 1678/972/232
f 2263/1059/71 464/1060/71 1674/1060/92 1719/1059/233
f 463/1061/37 477/1062/37 1714/1062/215 1672/1063/104
f 476/1064/71 462/1065/71 1668/1065/92 1710/1064/233
f 461/1066/37 474/1067/37 1705/1067/215 1666/1066/104
f 473/1068/71 460/1069/71 1662/1069/92 1701/1068/233
f 459/899/37 471/1070/37 1696/1070/215 1660/899/104
f 470/1071/71 458/132/71 1656/132/92 1693/1071/233
f 457/876/37 468/1072/37 1687/1072/215 1654/876/104
f 467/1073/71 456/181/71 1650/181/92 1684/1073/233
f 464/1060/71 454/960/71 1645/960/91 1674/1074/92
f 452/952/37 463/1061/37 1672/1061/104 1639/1075/105
f 462/1065/71 451/942/71 1636/942/91 1668/1065/92
f 449/936/37 461/1066/37 1666/1066/104 1630/936/105
f 460/1069/71 448/1076/71 1627/1076/91 1662/1069/92
f 448/1076/115 447/905/115 1624/905/197 1627/1076/196
f 445/133/115 444/885/115 1615/885/197 1618/133/196
f 442/182/115 441/834/115 1606/834/197 1609/182/196
f 425/647/107 426/318/107 1560/318/109 1558/647/108
f 439/216/71 424/446/71 1554/446/136 1600/216/235
f 423/629/37 437/224/37 1594/224/172 1552/629/161
f 436/236/71 422/455/71 1548/455/136 1591/236/235
f 421/613/37 434/265/37 1585/265/172 1546/613/161
f 433/278/71 420/471/71 1542/471/136 1582/278/235
f 419/574/37 431/287/37 1576/287/172 1540/574/161
f 430/300/71 418/1081/71 1536/1081/136 1573/300/235
f 417/556/37 428/307/37 1567/307/172 1534/556/161
f 427/319/71 416/1082/71 1530/1082/136 1564/1083/235
f 2214/447/133 413/637/133 1522/637/155 1525/447/156
f 411/456/133 410/619/133 1513/619/155 1516/456/156
f 408/472/133 407/581/133 1504/581/155 1507/472/156
f 418/1081/71 405/1090/71 1498/1090/135 1536/1081/136
f 405/1090/133 404/562/133 1495/562/155 1498/1090/156
f 416/1082/71 402/538/71 1489/538/135 1530/1082/136
f 2218/748/37 415/646/37 1528/646/161 1483/748/162
f 2203/750/71 354/1091/71 1434/1091/236 1480/750/237
f 353/1092/37 367/755/37 1474/755/238 1432/1092/239
f 366/785/71 352/1093/71 1428/1093/236 1471/785/237
f 351/1094/37 364/794/37 1465/794/238 1426/1094/239
f 363/802/71 350/1095/71 1422/1095/236 1462/802/237
f 349/1096/37 361/812/37 1456/812/238 1420/1096/239
f 360/826/71 348/1097/71 1416/1097/236 1453/826/237
f 347/1098/37 358/861/37 1447/861/238 1414/1098/239
f 357/874/71 346/1099/71 1410/1099/236 1444/874/237
f 345/1100/37 2215/172/37 1438/172/238 1408/1100/239
f 354/1091/71 344/1101/71 1405/1101/240 1434/1091/236
f 344/1101/241 343/1102/241 1402/1102/242 1405/1103/243
f 352/1093/71 341/1104/71 1396/1104/240 1428/1093/236
f 339/1105/37 351/1094/37 1426/1094/239 1389/1105/244
f 350/1095/71 338/1106/71 1387/1106/240 1422/1095/236
f 336/1107/37 349/1096/37 1420/1096/239 1380/1107/244
f 348/1097/71 335/1108/71 1378/1108/240 1416/1097/236
f 333/1109/37 347/1098/37 1414/1098/239 1371/1109/244
f 346/1099/71 332/1110/71 1369/1110/240 1410/1099/236
f 330/1111/37 345/1100/37 1408/1100/239 1362/1111/244
f 329/1112/71 314/1113/71 1314/1113/245 1359/1112/246
f 313/1114/37 327/1115/37 1354/1115/247 1312/1114/248
f 326/1116/71 312/1117/71 1308/1117/245 1350/1116/246
f 311/1118/37 324/1119/37 1345/1119/247 1306/1118/248
f 323/1120/71 310/1121/71 1302/1121/245 1341/1120/246
f 309/1122/37 321/1123/37 1336/1123/247 1300/1122/248
f 320/1124/71 308/1125/71 1296/1125/245 1332/1124/246
f 307/1126/37 318/1127/37 1327/1127/247 1294/1128/248
f 317/1129/71 306/1130/71 1290/1130/245 1323/1129/246
f 305/1131/37 315/1132/37 1318/1132/247 1288/1133/248
f 314/1113/71 2262/1134/71 1285/1134/249 1314/1113/245
f 302/1135/37 313/1114/37 1312/1114/248 1278/1135/250
f 312/1117/71 301/1136/71 1276/1136/249 1308/1137/245
f 299/1138/37 311/1118/37 1306/1118/248 1269/1138/250
f 310/1121/71 298/1139/71 1267/1139/249 1302/1121/245
f 296/1140/37 309/1122/37 1300/1122/248 1260/1140/250
f 308/1125/71 295/1141/71 1258/1141/249 1296/1142/245
f 293/1143/37 307/1126/37 1294/1126/248 1251/1143/250
f 306/1130/71 292/1144/71 1249/1144/249 1290/1145/245
f 2272/1146/37 305/1131/37 1288/1131/248 1242/1146/250
f 2271/945/251 276/1147/251 1200/1148/252 1198/946/253
f 2257/1149/71 274/1150/71 1194/1150/78 1239/1149/254
f 273/1151/37 287/1152/37 1234/1152/209 1192/1151/110
f 286/1153/71 272/103/71 1188/103/78 1230/1153/254
f 271/891/37 284/1154/37 1225/1155/209 1186/891/110
f 283/1156/71 270/140/71 1182/140/78 1222/1156/254
f 269/863/37 281/1157/37 1216/1158/209 1180/863/110
f 280/1159/71 268/188/71 1176/188/78 1213/1159/254
f 267/816/37 278/1160/37 1207/1161/209 1174/816/110
f 277/1162/71 266/211/71 1170/211/78 1204/1163/254
f 274/1150/71 264/937/71 1165/937/77 1194/1150/78
f 262/911/37 273/1151/37 1192/1151/110 1159/1164/111
f 261/104/17 260/902/17 1153/902/194 1156/104/193
f 258/141/17 257/879/17 1144/879/194 1147/141/193
f 255/189/17 254/829/17 1135/829/194 1138/189/193
f 252/212/17 251/805/17 1126/805/194 1129/1171/193
f 235/624/115 236/431/115 1080/431/117 1078/624/116
f 249/264/71 234/457/71 1074/457/141 1120/264/256
f 233/585/37 247/272/37 1114/272/167 1072/585/157
f 246/286/71 232/473/71 1068/473/141 1111/286/256
f 231/566/37 244/296/37 1105/296/167 1066/566/157
f 243/306/71 230/1174/71 1062/1174/141 1102/306/256
f 229/544/37 241/315/37 1096/315/167 1060/544/157
f 240/326/71 228/1175/71 1056/1175/141 1093/326/256
f 227/1176/37 238/426/37 1087/426/167 1054/1176/157
f 237/432/71 226/1177/71 1050/1177/141 1084/432/256
f 224/458/146 223/614/146 1042/614/147 1045/458/148
f 221/474/146 220/575/146 1033/575/147 1036/1179/148
f 230/1174/71 218/1182/71 1027/1182/140 1062/1174/141
f 218/1182/146 217/557/146 1024/557/147 1027/1183/148
f 228/1175/71 215/533/71 1018/533/140 1056/1175/141
f 213/496/37 227/1176/37 1054/1176/157 1012/496/158
f 226/1177/71 212/481/71 1009/481/140 1050/1177/141
f 210/586/37 225/623/37 1048/623/157 1003/586/158
f 209/618/71 194/1184/71 954/1184/258 1000/618/259
f 193/1185/37 207/625/37 994/625/260 952/1185/261
f 206/635/71 192/1186/71 948/1186/258 991/635/259
f 191/1187/37 204/643/37 985/643/260 946/1187/261
f 203/654/71 190/1188/71 942/1188/258 982/654/259
f 189/1189/37 201/660/37 976/660/260 940/1190/261
f 200/691/71 188/1191/71 936/1191/258 973/691/259
f 187/1192/37 198/698/37 967/698/260 934/1193/261
f 197/707/71 186/1194/71 930/1194/258 964/707/259
f 185/1195/37 195/442/37 958/442/260 928/1195/261
f 194/1184/71 2256/238/71 925/238/262 954/1184/258
f 182/229/37 193/1185/37 952/1185/261 919/1196/263
f 192/1186/71 181/217/71 916/217/262 948/1186/258
f 179/209/37 191/1187/37 946/1187/261 910/1197/263
f 190/1188/71 178/196/71 907/196/262 942/1198/258
f 176/187/37 189/1189/37 940/1189/261 901/187/263
f 188/1191/71 175/174/71 898/174/262 936/1191/258
f 173/135/37 187/1192/37 934/1192/261 892/135/263
f 186/1194/71 172/115/71 889/115/262 930/1199/258
f 2270/912/37 185/1195/37 928/1195/261 883/912/263
f 2251/941/71 154/1200/71 834/1200/264 880/1201/265
f 153/1202/37 167/948/37 874/948/266 832/1202/267
f 166/958/71 152/1203/71 828/1203/264 871/958/265
f 151/1204/37 164/967/37 865/967/266 826/1204/267
f 163/980/71 150/1205/71 822/1205/264 862/1206/265
f 149/1207/37 161/989/37 856/989/266 820/1208/267
f 160/1020/71 148/1209/71 816/1209/264 853/1020/265
f 147/1210/37 158/1027/37 847/1027/266 814/1211/267
f 157/1035/71 146/1212/71 810/1212/264 844/1035/265
f 145/1213/37 2269/1214/37 838/1214/266 808/1213/267
f 154/1200/71 144/1215/71 805/1215/268 834/1200/264
f 142/1216/37 153/1202/37 832/1202/267 798/1216/269
f 152/1203/71 141/1217/71 796/1217/268 828/1218/264
f 139/1219/37 151/1204/37 826/1204/267 789/1219/269
f 150/1205/71 138/1220/71 787/1220/268 822/1205/264
f 136/1221/37 149/1207/37 820/1207/267 780/1222/269
f 148/1209/71 135/1223/71 778/1223/268 816/1224/264
f 133/1225/37 147/1210/37 814/1210/267 771/1225/269
f 146/1212/71 132/1226/71 769/1226/268 810/1212/264
f 130/1227/37 145/1213/37 808/1213/267 762/1227/269
f 129/1228/71 114/1229/71 714/1229/270 759/1228/271
f 113/1230/37 127/1231/37 754/1231/272 712/1232/273
f 126/1233/71 112/1234/71 708/1234/270 750/1233/271
f 111/1235/37 124/1236/37 745/1236/272 706/1235/273
f 123/1237/71 110/1238/71 702/1238/270 741/1237/271
f 109/1239/37 121/1240/37 736/1240/272 700/1241/273
f 120/1242/71 108/1243/71 696/1243/270 732/1242/271
f 107/1244/37 118/1245/37 727/1245/272 694/1244/273
f 117/1246/71 106/1247/71 690/1247/270 723/1246/271
f 105/1248/37 115/1249/37 718/1249/272 688/1248/273
f 114/1229/71 104/1250/71 685/1250/274 714/1251/270
f 102/1252/37 113/1230/37 712/1230/273 678/1252/275
f 112/1234/71 101/1253/71 676/1253/274 708/1234/270
f 99/1254/37 111/1235/37 706/1235/273 669/1254/275
f 110/1238/71 98/1255/71 667/1255/274 702/1256/270
f 96/1257/37 109/1239/37 700/1239/273 660/1257/275
f 108/1243/71 95/1258/71 658/1258/274 696/1243/270
f 93/1259/37 107/1244/37 694/1244/273 651/1259/275
f 106/1247/71 92/1260/71 649/1260/274 690/1261/270
f 90/1262/37 105/1248/37 688/1248/273 642/1262/275
f 66/1266/37 87/1267/37 634/1267/278 570/1268/191
f 68/1271/37 84/1272/37 625/1272/278 576/1271/191
f 70/1275/37 81/1276/37 616/1276/278 582/1275/191
f 612/665/37 585/1277/37 2493/1277/37 2544/665/37
f 72/1278/37 78/1279/37 607/1279/278 588/1278/191
f 74/1283/37 75/1056/37 598/1056/278 594/1283/191
f 1339/1284/279 1342/656/279 2568/656/279 2527/1284/279
f 76/1057/228 77/1054/228 604/1054/229 600/1285/198
f 1407/697/71 1437/552/71 2571/552/71 2530/697/71
f 78/1279/228 79/1290/228 609/1290/198 607/1291/229
f 679/542/71 711/1299/71 2500/1299/71 2545/542/71
f 79/1290/228 80/1050/228 613/1050/229 609/1303/198
f 81/1276/228 82/1308/228 618/1308/198 616/1276/229
f 82/1308/228 83/1045/228 622/1045/229 618/1308/198
f 84/1272/228 85/1322/228 627/1322/198 625/1323/229
f 85/1322/228 86/1041/228 631/1041/229 627/1322/198
f 1335/537/279 1339/1284/279 2527/1284/279 2567/537/279
f 87/1267/228 88/1326/228 636/1326/198 634/1267/229
f 1443/498/37 1411/1036/37 2531/1036/37 2572/498/37
f 88/1326/228 89/1037/228 640/1037/229 636/1326/198
f 343/1102/241 342/1327/241 1399/1327/243 1402/1328/242
f 91/1329/281 90/1262/281 642/1262/282 646/1329/283
f 342/1327/37 353/1092/37 1432/1092/239 1399/1327/244
f 2269/1214/206 156/1034/206 840/1034/208 838/1214/207
f 341/1104/241 340/1334/241 1393/1334/242 1396/1104/243
f 340/1334/241 339/1105/241 1389/1105/243 1393/1341/242
f 338/1106/241 337/1349/241 1384/1349/242 1387/1106/243
f 276/1147/251 277/1162/251 1204/1350/253 1200/1148/252
f 337/1349/241 336/1107/241 1380/1107/243 1384/1349/242
f 278/1160/251 279/1358/251 1209/1359/252 1207/1161/253
f 335/1108/241 334/1367/241 1375/1367/242 1378/1108/243
f 279/1358/251 280/1159/251 1213/1368/253 1209/1359/252
f 715/1371/37 684/279/37 2546/279/37 2501/1371/37
f 334/1367/241 333/1109/241 1371/1109/243 1375/1367/242
f 466/1058/230 467/1073/230 1684/1073/232 1680/1372/231
f 281/1157/251 282/1373/251 1218/1374/252 1216/1158/253
f 1266/271/294 1263/1375/294 2524/1375/294 2566/271/294
f 468/1072/230 469/1376/230 1689/1376/231 1687/1072/232
f 332/1110/241 331/1381/241 1366/1381/242 1369/1382/243
f 282/1373/251 283/1156/251 1222/1383/253 1218/1374/252
f 469/1376/230 470/1071/230 1693/1071/232 1689/1376/231
f 284/1154/251 285/1390/251 1227/1391/252 1225/1155/253
f 471/1070/230 472/1395/230 1698/1395/231 1696/1070/232
f 1482/106/71 1527/1396/71 2535/1396/71 2573/106/71
f 285/1390/251 286/1153/251 1230/1397/253 1227/1391/252
f 711/1299/71 753/1398/71 2547/1398/71 2500/1299/71
f 472/1395/230 473/1068/230 1701/1068/232 1698/1395/231
f 287/1152/251 288/1403/251 1236/1403/252 1234/1152/253
f 474/1067/230 475/1407/230 1707/1407/231 1705/1067/232
f 288/1403/251 2257/1149/251 1239/1408/253 1236/1403/252
f 144/1215/100 143/1409/100 802/1409/295 805/1410/296
f 475/1407/230 476/1064/230 1710/1064/232 1707/1407/231
f 291/1411/297 2272/1146/297 1242/1146/298 1246/1412/299
f 143/1409/100 142/1216/100 798/1216/296 802/1413/295
f 477/1062/230 478/1414/230 1716/1414/231 1714/1062/232
f 141/1217/100 140/1419/100 793/1419/295 796/1217/296
f 478/1414/230 2263/1059/230 1719/1059/232 1716/1414/231
f 140/1419/100 139/1219/100 789/1219/296 793/1422/295
f 481/1423/251 2274/790/251 1722/790/305 1726/1423/125
f 138/1220/100 137/1428/100 784/1428/295 787/1220/296
f 482/1053/251 481/1423/251 1726/1423/125 1729/1053/305
f 137/1428/100 136/1221/100 780/1221/296 784/1428/295
f 484/1431/251 483/810/251 1731/810/305 1735/1431/125
f 1263/1375/294 1261/1432/294 2565/1432/294 2524/1375/294
f 135/1223/100 134/1433/100 775/1433/295 778/1223/296
f 315/1132/281 316/1434/281 1320/1434/307 1318/1132/308
f 485/1049/251 484/1431/251 1735/1431/125 1738/1049/305
f 1531/1435/37 1488/1436/37 2574/1436/37 2536/1435/37
f 134/1433/100 133/1225/100 771/1225/296 775/1433/295
f 487/1437/251 486/835/251 1740/835/305 1744/1437/125
f 132/1226/100 131/1446/100 766/1446/295 769/1447/296
f 488/1044/251 487/1437/251 1744/1437/125 1747/1044/305
f 490/1452/251 489/886/251 1749/886/305 1753/1452/125
f 116/1453/312 117/1246/312 723/1246/313 720/1454/314
f 118/1245/312 119/1460/312 729/1460/314 727/1245/313
f 491/1040/251 490/1452/251 1753/1452/125 1756/1040/305
f 493/1464/251 492/906/251 1758/906/305 1762/1464/125
f 119/1460/312 120/1242/312 732/1242/313 729/1460/314
f 760/1465/37 715/1371/37 2501/1371/37 2548/1465/37
f 121/1240/312 122/1466/312 738/1466/314 736/1240/313
f 1237/1467/315 1240/1468/315 2564/1468/315 2522/1467/315
f 2268/1469/251 493/1464/251 1762/1464/125 1765/1469/305
f 2906/1470/37 2903/1471/37 1950/1471/37 1951/1472/37
f 122/1466/312 123/1237/312 741/1237/313 738/1473/314
f 124/1236/312 125/1480/312 747/1480/314 745/1236/313
f 125/1480/312 126/1233/312 750/1233/313 747/1480/314
f 127/1231/312 128/1490/312 756/1490/314 754/1491/313
f 128/1490/312 129/1228/312 759/1228/313 756/1490/314
f 2262/1134/297 303/1496/297 1282/1496/299 1285/1497/298
f 131/1446/100 130/1227/100 762/1227/296 766/1446/295
f 303/1496/297 302/1135/297 1278/1135/298 1282/1502/299
f 115/1249/312 116/1453/312 720/1453/314 718/1249/313
f 301/1136/297 300/1507/297 1273/1507/299 1276/1508/298
f 1527/1396/71 1557/1509/71 2575/1509/71 2535/1396/71
f 781/1512/71 819/1513/71 2505/1513/71 2549/1512/71
f 300/1507/297 299/1138/297 1269/1138/298 1273/1514/299
f 1233/1515/315 1237/1467/315 2522/1467/315 2563/1515/315
f 1563/1516/37 1531/1435/37 2536/1435/37 2576/1516/37
f 298/1139/297 297/1520/297 1264/1520/299 1267/1139/298
f 316/1434/281 317/1129/281 1323/1129/308 1320/1525/307
f 297/1520/297 296/1140/297 1260/1140/298 1264/1520/299
f 318/1127/281 319/1531/281 1329/1531/307 1327/1127/308
f 823/1535/37 786/1536/37 2550/1536/37 2506/1535/37
f 295/1141/297 294/1537/297 1255/1537/299 1258/1141/298
f 319/1531/281 320/1124/281 1332/1124/308 1329/1531/307
f 1164/1538/325 1161/1539/325 2519/1539/325 2562/1538/325
f 294/1537/297 293/1143/297 1251/1143/298 1255/1537/299
f 321/1123/281 322/1542/281 1338/1542/307 1336/1123/308
f 292/1144/297 291/1411/297 1246/1411/299 1249/1547/298
f 322/1542/281 323/1120/281 1341/1120/308 1338/1542/307
f 324/1119/281 325/1552/281 1347/1552/307 1345/1119/308
f 325/1552/281 326/1116/281 1350/1116/308 1347/1558/307
f 327/1115/281 328/1564/281 1356/1564/307 1354/1565/308
f 328/1564/281 329/1112/281 1359/1112/308 1356/1564/307
f 104/1250/281 103/1568/281 682/1568/283 685/1250/282
f 331/1381/241 330/1111/241 1362/1111/243 1366/1569/242
f 103/1568/281 102/1252/281 678/1252/282 682/1568/283
f 1620/1570/71 1659/1571/71 2540/1571/71 2577/1570/71
f 101/1253/281 100/1572/281 673/1572/283 676/1573/282
f 819/1513/71 855/1574/71 2551/1574/71 2505/1513/71
f 100/1572/281 99/1254/281 669/1254/282 673/1572/283
f 98/1255/281 97/1579/281 664/1579/283 667/1255/282
f 97/1579/281 96/1257/281 660/1257/282 664/1579/283
f 95/1258/281 94/1589/281 655/1589/283 658/1258/282
f 1161/1539/325 1158/1590/325 2561/1590/325 2519/1539/325
f 94/1589/281 93/1259/281 651/1259/282 655/1589/283
f 1663/1593/37 1626/1594/37 2578/1594/37 2541/1593/37
f 861/1595/37 823/1535/37 2506/1535/37 2552/1595/37
f 92/1260/281 91/1329/281 646/1329/283 649/1260/282
f 598/1056/229 600/1057/198 602/1057/327 599/1601/327
f 599/1601/328 602/1057/328 601/1523/316 597/1534/318
f 600/1285/198 604/1054/229 605/1602/327 602/1057/327
f 602/1057/328 605/1602/328 603/1524/317 601/1523/316
f 607/1291/229 609/1290/198 611/1290/327 608/1603/327
f 608/1603/328 611/1290/328 2413/1604/316 2414/1605/318
f 609/1303/198 613/1050/229 614/1606/327 611/1290/327
f 611/1290/328 614/1606/328 2415/1607/317 2413/1604/316
f 616/1276/229 618/1308/198 620/1308/327 617/1608/327
f 617/1608/328 620/1308/328 619/1500/316 615/1504/318
f 618/1308/198 622/1045/229 623/1609/327 620/1308/327
f 620/1308/328 623/1609/328 621/1501/317 619/1500/316
f 625/1323/229 627/1322/198 629/1322/327 626/1610/327
f 626/1610/328 629/1322/328 628/1488/316 624/1495/318
f 627/1322/198 631/1041/229 632/1611/327 629/1322/327
f 629/1322/328 632/1611/328 630/1489/317 628/1488/316
f 634/1267/229 636/1326/198 638/1326/327 635/1612/327
f 635/1612/328 638/1326/328 637/1478/316 633/1483/318
f 636/1326/198 640/1037/229 641/1613/327 638/1326/327
f 638/1326/328 641/1613/328 639/1479/317 637/1478/316
f 643/1331/285 645/1330/284 647/1329/329 644/1614/329
f 644/1614/330 647/1329/330 646/1329/283 642/1262/282
f 645/1330/284 648/1335/287 650/1615/329 647/1329/329
f 647/1329/330 650/1615/330 649/1260/282 646/1329/283
f 652/1346/285 654/1345/284 656/1589/329 653/1616/329
f 653/1616/330 656/1589/330 655/1589/283 651/1259/282
f 654/1352/284 657/1351/287 659/1617/329 656/1589/329
f 656/1589/330 659/1617/330 658/1258/282 655/1589/283
f 661/1364/285 663/1363/284 665/1579/329 662/1618/329
f 662/1618/330 665/1579/330 664/1579/283 660/1257/282
f 663/1363/284 666/1369/287 668/1619/329 665/1579/329
f 665/1579/330 668/1619/330 667/1255/282 664/1579/283
f 670/1378/285 672/1377/284 674/1572/329 671/1620/329
f 671/1620/330 674/1572/330 673/1572/283 669/1254/282
f 672/1377/284 675/1384/287 677/1621/329 674/1572/329
f 674/1572/330 677/1621/330 676/1573/282 673/1572/283
f 2416/1622/285 2417/1623/284 683/1568/329 680/1624/329
f 680/1624/330 683/1568/330 682/1568/283 678/1252/282
f 2417/1625/284 2418/1626/287 686/1627/329 683/1568/329
f 683/1568/330 686/1627/330 685/1250/282 682/1568/283
f 718/1249/313 720/1453/314 722/1453/331 719/1628/331
f 719/1628/332 722/1453/332 721/1567/322 717/1566/324
f 720/1454/314 723/1246/313 725/1629/331 722/1453/331
f 722/1453/332 725/1629/332 724/1563/323 721/1562/322
f 727/1245/313 729/1460/314 731/1460/331 728/1630/331
f 728/1630/332 731/1460/332 730/1550/322 726/1554/324
f 729/1460/314 732/1242/313 734/1631/331 731/1460/331
f 731/1460/332 734/1631/332 733/1551/323 730/1550/322
f 736/1240/313 738/1466/314 740/1466/331 737/1632/331
f 737/1632/332 740/1466/332 739/1544/326 735/1543/324
f 738/1473/314 741/1237/313 743/1633/331 740/1466/331
f 740/1466/332 743/1633/332 742/1541/323 739/1540/326
f 745/1236/313 747/1480/314 749/1480/331 746/1634/331
f 746/1634/332 749/1480/332 748/1529/322 744/1532/324
f 747/1480/314 750/1233/313 752/1635/331 749/1480/331
f 749/1480/332 752/1635/332 751/1530/323 748/1529/322
f 754/1491/313 756/1490/314 758/1490/331 755/1636/331
f 755/1636/332 758/1490/332 2419/1637/322 2420/1638/324
f 756/1490/314 759/1228/313 761/1639/331 758/1490/331
f 758/1490/332 761/1639/332 2421/1640/323 2419/1637/322
f 763/1506/320 765/1505/319 767/1446/333 764/1641/333
f 764/1641/334 767/1446/334 766/1446/295 762/1227/296
f 765/1511/319 768/1510/321 770/1642/333 767/1446/333
f 767/1446/334 770/1642/334 769/1447/296 766/1446/295
f 772/1518/320 774/1517/319 776/1433/333 773/1643/333
f 773/1643/334 776/1433/334 775/1433/295 771/1225/296
f 774/1527/319 777/1526/321 779/1644/333 776/1433/333
f 776/1433/334 779/1644/334 778/1223/296 775/1433/295
f 2422/1645/320 2423/1646/319 785/1428/333 782/1647/333
f 782/1647/334 785/1428/334 784/1428/295 780/1221/296
f 2423/1648/319 2424/1649/321 788/1650/333 785/1428/333
f 785/1428/334 788/1650/334 787/1220/296 784/1428/295
f 790/1546/320 792/1545/319 794/1419/333 791/1651/333
f 791/1651/334 794/1419/334 793/1422/295 789/1219/296
f 792/1549/319 795/1548/321 797/1652/333 794/1419/333
f 794/1419/334 797/1652/334 796/1217/296 793/1419/295
f 799/1556/320 801/1555/319 803/1409/333 800/1653/333
f 800/1653/334 803/1409/334 802/1413/295 798/1216/296
f 801/1560/319 804/1559/321 806/1654/333 803/1409/333
f 803/1409/334 806/1654/334 805/1410/296 802/1409/295
f 838/1214/207 840/1034/208 842/1034/335 839/1655/335
f 839/1655/336 842/1034/336 841/1406/290 837/1405/293
f 840/1034/208 844/1035/207 845/1656/335 842/1034/335
f 842/1034/336 845/1656/336 843/1402/291 841/1401/290
f 847/1027/207 849/1019/208 851/1019/335 848/1657/335
f 848/1657/336 851/1019/336 850/1394/290 846/1393/293
f 849/1019/208 853/1020/207 854/1658/335 851/1019/335
f 851/1019/336 854/1658/336 852/1389/291 850/1388/290
f 856/989/207 858/979/208 860/979/335 857/1659/335
f 857/1659/336 860/979/336 2425/1660/290 2426/1661/293
f 858/979/208 862/980/207 863/1662/335 860/979/335
f 860/979/336 863/1662/336 2427/1663/291 2425/1660/290
f 865/967/207 867/957/208 869/957/335 866/1664/335
f 866/1664/336 869/957/336 868/1362/290 864/1361/293
f 867/959/208 871/958/207 872/1665/335 869/957/335
f 869/957/336 872/1665/336 870/1357/291 868/1356/290
f 874/948/207 876/940/208 878/940/335 875/1666/335
f 875/1666/336 878/940/336 877/1344/290 873/1343/293
f 876/940/208 880/941/207 881/1667/335 878/940/335
f 878/940/336 881/1667/336 879/1340/291 877/1339/290
f 2428/1668/190 2429/1669/189 887/116/337 884/1670/337
f 884/1670/338 887/116/338 886/116/84 883/912/85
f 2429/1671/189 2430/1672/188 890/1673/337 887/116/337
f 887/116/338 890/1673/338 889/115/85 886/116/84
f 891/881/190 894/880/189 896/134/337 893/1674/337
f 893/1674/338 896/134/338 895/134/84 892/135/85
f 894/871/189 897/870/188 899/1675/337 896/134/337
f 896/134/338 899/1675/338 898/174/85 895/134/84
f 900/831/190 903/830/189 905/186/337 902/1676/337
f 902/1676/338 905/186/338 904/186/84 901/187/85
f 903/824/189 906/823/188 908/1677/337 905/186/337
f 905/186/338 908/1677/338 907/197/85 904/186/84
f 909/807/190 912/806/189 914/208/337 911/1678/337
f 911/1678/338 914/208/338 913/210/84 910/209/85
f 912/800/189 915/799/188 917/1679/337 914/208/337
f 914/208/338 917/1679/338 916/217/85 913/208/84
f 918/789/190 921/788/189 923/228/337 920/1680/337
f 920/1680/338 923/228/338 922/228/84 919/229/85
f 921/783/189 924/782/188 926/1681/337 923/228/337
f 923/228/338 926/1681/338 925/238/85 922/228/84
f 958/442/134 960/443/55 962/443/339 959/1682/339
f 959/1682/340 962/443/340 2431/1683/121 2432/1684/120
f 960/443/55 964/707/134 965/1685/339 962/443/339
f 962/443/340 965/1685/340 2433/1686/124 2431/1687/121
f 967/698/134 969/690/55 971/690/339 968/1688/339
f 968/1688/340 971/690/340 970/295/121 966/294/120
f 969/690/55 973/691/134 974/1689/339 971/690/339
f 971/690/340 974/1689/340 972/302/124 970/295/121
f 976/661/134 978/653/55 980/653/339 977/1690/339
f 977/1690/340 980/653/340 979/314/121 975/313/120
f 978/655/55 982/654/134 983/1691/339 980/653/339
f 980/653/340 983/1691/340 981/322/124 979/321/121
f 985/643/134 987/634/55 989/634/339 986/1692/339
f 986/1692/340 989/634/340 988/330/121 984/329/120
f 987/636/55 991/635/134 992/1693/339 989/634/339
f 989/634/340 992/1693/340 990/428/124 988/330/121
f 994/625/134 996/617/55 998/617/339 995/1694/339
f 995/1694/340 998/617/340 997/436/121 993/435/120
f 996/617/55 1000/618/134 1001/1695/339 998/617/339
f 998/617/340 1001/1695/340 999/441/124 997/440/121
f 1002/579/164 1005/578/143 1007/482/341 1004/1696/341
f 1004/1696/342 1007/482/342 1006/482/147 1003/586/148
f 1005/568/143 1008/567/159 1010/1697/341 1007/482/341
f 1007/482/342 1010/1697/342 1009/481/148 1006/482/147
f 1011/560/164 1014/549/143 1016/495/341 1013/1698/341
f 1013/1698/342 1016/495/342 1015/495/147 1012/496/148
f 1014/549/143 1017/548/159 1019/1699/341 1016/495/341
f 1016/495/342 1019/1699/342 1018/533/148 1015/495/147
f 2434/1700/164 2435/1701/143 1025/557/341 1022/1702/341
f 1022/1702/342 1025/557/342 1024/557/147 1021/543/148
f 2435/1701/143 2436/1703/159 1028/1704/341 1025/557/341
f 1025/557/342 1028/1704/342 1027/1183/148 1024/557/147
f 1029/486/144 1032/485/143 1034/575/341 1031/1705/341
f 1031/1705/342 1034/575/342 1033/575/147 1030/565/148
f 1032/1181/143 1035/1180/159 1037/1706/341 1034/575/341
f 1034/575/342 1037/1706/342 1036/1179/148 1033/575/147
f 1038/466/144 1041/465/143 1043/614/341 1040/1707/341
f 1040/1707/342 1043/614/342 1042/614/147 1039/584/148
f 1041/465/143 1044/1178/257 1046/1708/341 1043/614/341
f 1043/614/342 1046/1708/342 1045/458/148 1042/614/147
f 1078/624/116 1080/431/117 1082/431/343 1079/1709/343
f 1079/1709/344 1082/431/344 1081/631/169 1077/630/168
f 1080/431/117 1084/432/116 1085/1710/343 1082/431/343
f 1082/431/344 1085/1710/344 1083/642/171 1081/641/169
f 1087/426/116 1089/325/117 1091/325/343 1088/1711/343
f 1088/1711/344 1091/325/344 1090/650/169 1086/649/168
f 1089/325/117 1093/326/116 1094/1712/343 1091/325/343
f 1091/325/344 1094/1712/344 1092/659/171 1090/650/169
f 1096/315/116 1098/305/117 1100/305/343 1097/1713/343
f 1097/1713/344 1100/305/344 2437/1714/169 2438/1715/168
f 1098/305/117 1102/306/116 1103/1716/343 1100/305/343
f 1100/305/344 1103/1716/344 2439/1717/171 2437/1714/169
f 1105/296/116 1107/285/117 1109/285/343 1106/1718/343
f 1106/1718/344 1109/285/344 1108/704/169 1104/703/168
f 1107/285/117 1111/286/116 1112/1719/343 1109/285/343
f 1109/285/344 1112/1719/344 1110/713/171 1108/704/169
f 1114/272/116 1116/263/117 1118/263/343 1115/1720/343
f 1115/1720/344 1118/263/344 1117/722/169 1113/721/168
f 1116/263/117 1120/264/116 1121/1721/343 1118/263/343
f 1118/263/344 1121/1721/344 1119/731/171 1117/730/169
f 1122/221/87 1125/220/86 1127/805/345 1124/1722/345
f 1124/1722/346 1127/805/346 1126/805/194 1123/230/193
f 1125/1173/86 1128/1172/255 1130/1723/345 1127/805/345
f 1127/805/346 1130/1723/346 1129/1171/193 1126/805/194
f 1131/201/87 1134/200/86 1136/829/345 1133/1724/345
f 1133/1724/346 1136/829/346 1135/829/194 1132/815/193
f 1134/1170/86 1137/1169/255 1139/1725/345 1136/829/345
f 1136/829/346 1139/1725/346 1138/189/193 1135/829/194
f 1140/178/87 1143/177/86 1145/879/345 1142/1726/345
f 1142/1726/346 1145/879/346 1144/879/194 1141/862/193
f 1143/177/86 1146/1168/255 1148/1727/345 1145/879/345
f 1145/879/346 1148/1727/346 1147/141/193 1144/879/194
f 1149/122/87 1152/121/86 1154/902/345 1151/1728/345
f 1151/1728/346 1154/902/346 1153/902/194 1150/890/193
f 1152/1166/86 1155/1165/255 1157/1729/345 1154/902/345
f 1154/902/346 1157/1729/346 1156/104/193 1153/902/194
f 2440/1730/87 2441/1731/86 1163/910/345 1160/1732/345
f 1160/1732/346 1163/910/346 1162/910/194 1159/911/193
f 2441/1731/86 2442/1733/255 1166/1734/345 1163/910/345
f 1163/910/346 1166/1734/346 1165/937/193 1162/910/194
f 1198/946/253 1200/1148/252 1202/1147/347 1199/1735/347
f 1199/1735/348 1202/1147/348 1201/954/211 1197/953/210
f 1200/1148/252 1204/1350/253 1205/1736/347 1202/1147/347
f 1202/1147/348 1205/1736/348 1203/966/214 1201/954/211
f 1207/1161/253 1209/1359/252 1211/1358/347 1208/1737/347
f 1208/1737/348 1211/1358/348 1210/974/211 1206/973/210
f 1209/1359/252 1213/1368/253 1214/1738/347 1211/1358/347
f 1211/1358/348 1214/1738/348 1212/988/214 1210/974/211
f 1216/1158/253 1218/1374/252 1220/1373/347 1217/1739/347
f 1217/1739/348 1220/1373/348 1219/998/211 1215/997/210
f 1218/1374/252 1222/1383/253 1223/1740/347 1220/1373/347
f 1220/1373/348 1223/1740/348 1221/1026/214 1219/998/211
f 1225/1155/253 1227/1391/252 1229/1390/347 1226/1741/347
f 1226/1741/348 1229/1390/348 1228/1033/211 1224/1032/210
f 1227/1391/252 1230/1397/253 1232/1742/347 1229/1390/347
f 1229/1390/348 1232/1742/348 1231/1598/214 1228/1033/211
f 1234/1152/253 1236/1403/252 1238/1403/347 1235/1743/347
f 1235/1743/348 1238/1403/348 2443/1744/211 2444/1745/210
f 1236/1403/252 1239/1408/253 1241/1746/347 1238/1403/347
f 1238/1403/348 1241/1746/348 2445/1747/214 2443/1744/211
f 1243/1416/301 1245/1415/300 1247/1411/349 1244/1748/349
f 1244/1748/350 1247/1411/350 1246/1412/299 1242/1146/298
f 1245/1415/300 1248/1420/303 1250/1749/349 1247/1411/349
f 1247/1411/350 1250/1749/350 1249/1547/298 1246/1411/299
f 1252/1425/301 1254/1424/300 1256/1537/349 1253/1750/349
f 1253/1750/350 1256/1537/350 1255/1537/299 1251/1143/298
f 1254/1424/300 1257/1429/303 1259/1751/349 1256/1537/349
f 1256/1537/350 1259/1751/350 1258/1141/298 1255/1537/299
f 2446/1752/301 2447/1753/300 1265/1520/349 1262/1754/349
f 1262/1754/350 1265/1520/350 1264/1520/299 1260/1140/298
f 2447/1753/300 2448/1755/303 1268/1756/349 1265/1520/349
f 1265/1520/350 1268/1756/350 1267/1139/298 1264/1520/299
f 1270/1443/301 1272/1442/300 1274/1507/349 1271/1757/349
f 1271/1757/350 1274/1507/350 1273/1514/299 1269/1138/298
f 1272/1442/300 1275/1450/303 1277/1758/349 1274/1507/349
f 1274/1507/350 1277/1758/350 1276/1508/298 1273/1507/299
f 1279/1459/301 1281/1458/300 1283/1496/349 1280/1759/349
f 1280/1759/350 1283/1496/350 1282/1502/299 1278/1135/298
f 1281/1463/300 1284/1462/303 1286/1760/349 1283/1496/349
f 1283/1496/350 1286/1760/350 1285/1497/298 1282/1496/299
f 1318/1132/308 1320/1434/307 1322/1434/351 1319/1761/351
f 1319/1761/352 1322/1434/352 1321/1493/309 1317/1492/311
f 1320/1525/307 1323/1129/308 1325/1762/351 1322/1434/351
f 1322/1434/352 1325/1762/352 1324/1485/310 1321/1484/309
f 1327/1127/308 1329/1531/307 1331/1531/351 1328/1763/351
f 1328/1763/352 1331/1531/352 1330/1474/309 1326/1481/311
f 1329/1531/307 1332/1124/308 1334/1764/351 1331/1531/351
f 1331/1531/352 1334/1764/352 1333/1475/310 1330/1474/309
f 1336/1123/308 1338/1542/307 1340/1542/351 1337/1765/351
f 1337/1765/352 1340/1542/352 2449/1766/309 2450/1767/311
f 1338/1542/307 1341/1120/308 1343/1768/351 1340/1542/351
f 1340/1542/352 1343/1768/352 2451/1769/310 2449/1766/309
f 1345/1119/308 1347/1552/307 1349/1552/351 1346/1770/351
f 1346/1770/352 1349/1552/352 1348/1456/309 1344/1461/311
f 1347/1558/307 1350/1116/308 1352/1771/351 1349/1552/351
f 1349/1552/352 1352/1771/352 1351/1457/310 1348/1456/309
f 1354/1565/308 1356/1564/307 1358/1564/351 1355/1772/351
f 1355/1772/352 1358/1564/352 1357/1440/309 1353/1449/311
f 1356/1564/307 1359/1112/308 1361/1773/351 1358/1564/351
f 1358/1564/352 1361/1773/352 1360/1441/310 1357/1440/309
f 2452/1774/224 2453/1775/223 1367/1381/353 1364/1776/353
f 1364/1776/354 1367/1381/354 1366/1569/242 1362/1111/243
f 2453/1777/223 2454/1778/222 1370/1779/353 1367/1381/353
f 1367/1381/354 1370/1779/354 1369/1382/243 1366/1381/242
f 1372/1578/224 1374/1577/223 1376/1367/353 1373/1780/353
f 1373/1780/354 1376/1367/354 1375/1367/242 1371/1109/243
f 1374/1581/223 1377/1580/222 1379/1781/353 1376/1367/353
f 1376/1367/354 1379/1781/354 1378/1108/243 1375/1367/242
f 1381/1588/224 1383/1587/223 1385/1349/353 1382/1782/353
f 1382/1782/354 1385/1349/354 1384/1349/242 1380/1107/243
f 1383/1587/223 1386/1591/222 1388/1783/353 1385/1349/353
f 1385/1349/354 1388/1783/354 1387/1106/243 1384/1349/242
f 1390/1597/224 1392/1596/223 1394/1334/353 1391/1784/353
f 1391/1784/354 1394/1334/354 1393/1341/242 1389/1105/243
f 1392/1600/223 1395/1599/222 1397/1785/353 1394/1334/353
f 1394/1334/354 1397/1785/354 1396/1104/243 1393/1334/242
f 1398/1028/224 1401/1024/223 1403/1102/353 1400/1786/353
f 1400/1786/354 1403/1102/354 1402/1328/242 1399/1327/243
f 1401/1024/223 1404/1023/222 1406/1787/353 1403/1102/353
f 1403/1102/354 1406/1787/354 1405/1103/243 1402/1102/242
f 1438/172/102 1440/173/101 1442/173/355 1439/1788/355
f 1439/1788/356 1442/173/356 2455/1789/82 2456/1790/81
f 1440/173/101 1444/874/102 1445/1791/355 1442/173/355
f 1442/173/356 1445/1791/356 2457/1792/90 2455/1793/82
f 1447/861/102 1449/825/101 1451/825/355 1448/1794/355
f 1448/1794/356 1451/825/356 1450/1320/82 1446/1325/81
f 1449/825/101 1453/826/102 1454/1795/355 1451/825/355
f 1451/825/356 1454/1795/356 1452/1321/90 1450/1320/82
f 1456/812/102 1458/801/101 1460/801/355 1457/1796/355
f 1457/1796/356 1460/801/356 1459/1311/82 1455/1310/81
f 1458/801/101 1462/802/102 1463/1797/355 1460/801/355
f 1460/801/356 1463/1797/356 1461/1307/90 1459/1306/82
f 1465/794/102 1467/784/101 1469/784/355 1466/1798/355
f 1466/1798/356 1469/784/356 1468/1294/82 1464/1293/81
f 1467/784/101 1471/785/102 1472/1799/355 1469/784/355
f 1469/784/356 1472/1799/356 1470/1289/90 1468/1288/82
f 1474/755/102 1476/749/101 1478/749/355 1475/1800/355
f 1475/1800/356 1478/749/356 1477/114/82 1473/113/81
f 1476/749/101 1480/750/102 1481/1801/355 1478/749/355
f 1478/749/356 1481/1801/356 1479/127/90 1477/126/82
f 2458/1802/138 2459/1803/137 1487/539/357 1484/1804/357
f 1484/1804/358 1487/539/358 1486/539/155 1483/748/156
f 2459/1805/137 2460/1806/149 1490/1807/357 1487/539/357
f 1487/539/358 1490/1807/358 1489/538/156 1486/539/155
f 1491/531/138 1494/490/137 1496/562/357 1493/1808/357
f 1493/1808/358 1496/562/358 1495/562/155 1492/555/156
f 1494/490/137 1497/489/149 1499/1809/357 1496/562/357
f 1496/562/358 1499/1809/358 1498/1090/156 1495/562/155
f 1500/478/138 1503/477/137 1505/581/357 1502/1810/357
f 1502/1810/358 1505/581/358 1504/581/155 1501/573/156
f 1503/1089/137 1506/1088/149 1508/1811/357 1505/581/357
f 1505/581/358 1508/1811/358 1507/472/156 1504/581/155
f 1509/462/138 1512/461/137 1514/619/357 1511/1812/357
f 1511/1812/358 1514/619/358 1513/620/155 1510/612/156
f 1512/1086/137 1515/1085/149 1517/1813/357 1514/619/357
f 1514/619/358 1517/1813/358 1516/456/156 1513/619/155
f 1518/450/138 1521/449/137 1523/637/357 1520/1814/357
f 1520/1814/358 1523/637/358 1522/637/155 1519/628/156
f 1521/449/137 1524/1084/149 1526/1815/357 1523/637/357
f 1523/637/358 1526/1815/358 1525/447/156 1522/637/155
f 1558/647/108 1560/318/109 1562/318/359 1559/1816/359
f 1559/1816/360 1562/318/360 2461/1817/179 2462/1818/178
f 1560/318/109 1564/319/108 1565/1819/359 1562/318/359
f 1562/318/360 1565/1819/360 2463/1820/180 2461/1821/179
f 1567/308/108 1569/299/109 1571/299/359 1568/1822/359
f 1568/1822/360 1571/299/360 1570/693/179 1566/692/178
f 1569/299/109 1573/300/108 1574/1823/359 1571/299/359
f 1571/299/360 1574/1823/360 1572/702/180 1570/701/179
f 1576/287/108 1578/277/109 1580/277/359 1577/1824/359
f 1577/1824/360 1580/277/360 1579/709/179 1575/708/178
f 1578/277/109 1582/278/108 1583/1825/359 1580/277/359
f 1580/277/360 1583/1825/360 1581/715/180 1579/709/179
f 1585/265/108 1587/235/109 1589/235/359 1586/1826/359
f 1586/1826/360 1589/235/360 1588/724/179 1584/723/178
f 1587/237/109 1591/236/108 1592/1827/359 1589/235/359
f 1589/235/360 1592/1827/360 1590/734/180 1588/733/179
f 1594/225/108 1596/215/109 1598/215/359 1595/1828/359
f 1595/1828/360 1598/215/360 1597/741/179 1593/740/178
f 1596/215/109 1600/216/108 1601/1829/359 1598/215/359
f 1598/215/360 1601/1829/360 1599/743/180 1597/741/179
f 1602/193/94 1605/192/103 1607/834/361 1604/1830/361
f 1604/1830/252 1607/834/252 1606/834/197 1603/204/196
f 1605/1079/103 1608/1078/234 1610/1831/361 1607/834/361
f 1607/834/252 1610/1831/252 1609/182/196 1606/834/197
f 1611/143/94 1614/142/93 1616/885/361 1613/1832/361
f 1613/1832/252 1616/885/252 1615/885/197 1612/875/196
f 1614/142/93 1617/1077/234 1619/1833/361 1616/885/361
f 1616/885/252 1619/1833/252 1618/133/196 1615/885/197
f 2464/1834/94 2465/1835/93 1625/905/361 1622/1836/361
f 1622/1836/252 1625/905/252 1624/905/197 1621/898/196
f 2465/1835/93 2466/1837/234 1628/1838/361 1625/905/361
f 1625/905/252 1628/1838/252 1627/1076/196 1624/905/197
f 1629/1296/94 1632/1295/103 1634/935/361 1631/1839/361
f 1631/1839/252 1634/935/252 1633/935/197 1630/936/196
f 1632/1301/103 1635/1300/234 1637/1840/361 1634/935/361
f 1634/935/252 1637/1840/252 1636/942/196 1633/935/197
f 1638/1313/94 1641/1312/103 1643/951/361 1640/1841/361
f 1640/1841/252 1643/951/252 1642/951/197 1639/952/196
f 1641/1312/103 1644/1316/234 1646/1842/361 1643/951/361
f 1643/951/252 1646/1842/252 1645/960/196 1642/951/197
f 1678/972/232 1680/1058/231 1682/1058/362 1679/1843/362
f 1679/1843/363 1682/1058/363 1681/982/217 1677/981/216
f 1680/1372/231 1684/1073/232 1685/1844/362 1682/1058/362
f 1682/1058/363 1685/1844/363 1683/996/219 1681/995/217
f 1687/1072/232 1689/1376/231 1691/1376/362 1688/1845/362
f 1688/1845/363 1691/1376/363 1690/1022/217 1686/1021/216
f 1689/1376/231 1693/1071/232 1694/1846/362 1691/1376/362
f 1691/1376/363 1694/1846/363 1692/1031/219 1690/1022/217
f 1696/1070/232 1698/1395/231 1700/1395/362 1697/1847/362
f 1697/1847/363 1700/1395/363 2467/1848/217 2468/1849/216
f 1698/1395/231 1701/1068/232 1703/1850/362 1700/1395/362
f 1700/1395/363 1703/1850/363 2469/1851/219 2467/1848/217
f 1705/1067/232 1707/1407/231 1709/1407/362 1706/1852/362
f 1706/1852/363 1709/1407/363 1708/1585/217 1704/1592/216
f 1707/1407/231 1710/1064/232 1712/1853/362 1709/1407/362
f 1709/1407/363 1712/1853/363 1711/1586/219 1708/1585/217
f 1714/1062/232 1716/1414/231 1718/1414/362 1715/1854/362
f 1715/1854/363 1718/1414/363 1717/1583/217 1713/1582/216
f 1716/1414/231 1719/1059/232 1721/1855/362 1718/1414/362
f 1718/1414/363 1721/1855/363 1720/1576/219 1717/1575/217
f 1723/757/183 1725/756/182 1727/1423/364 1724/1856/364
f 1724/1856/365 1727/1423/365 1726/1423/125 1722/790/305
f 1725/1281/182 1728/1280/276 1730/1857/364 1727/1423/364
f 1727/1423/365 1730/1857/365 1729/1053/305 1726/1423/125
f 2470/1858/183 2471/1859/182 1736/1431/364 1733/1860/364
f 1733/1860/365 1736/1431/365 1735/1431/125 1731/810/305
f 2471/1859/182 2472/1861/276 1739/1862/364 1736/1431/364
f 1736/1431/365 1739/1862/365 1738/1049/305 1735/1431/125
f 1741/818/183 1743/817/182 1745/1437/364 1742/1863/364
f 1742/1863/365 1745/1437/365 1744/1437/125 1740/835/305
f 1743/817/182 1746/1273/276 1748/1864/364 1745/1437/364
f 1745/1437/365 1748/1864/365 1747/1044/305 1744/1437/125
f 1750/867/183 1752/866/182 1754/1452/364 1751/1865/364
f 1751/1865/365 1754/1452/365 1753/1452/125 1749/886/305
f 1752/866/182 1755/1269/276 1757/1866/364 1754/1452/364
f 1754/1452/365 1757/1866/365 1756/1040/305 1753/1452/125
f 1759/893/183 1761/892/182 1763/1464/364 1760/1867/364
f 1760/1867/365 1763/1464/365 1762/1464/125 1758/906/305
f 1761/1264/182 1764/1263/276 1766/1868/364 1763/1464/364
f 1763/1464/365 1766/1868/365 1765/1469/305 1762/1464/125
f 1764/1263/276 567/1265/277 569/1869/366 1766/1868/367
f 1766/1868/368 569/1869/369 568/1870/225 1765/1469/227
f 1758/906/202 570/907/191 572/1871/370 1760/1867/371
f 1760/1867/372 572/1871/373 571/894/184 1759/893/183
f 1755/1269/276 573/1270/277 575/1872/366 1757/1866/367
f 1757/1866/368 575/1872/369 574/1039/225 1756/1040/227
f 1749/886/192 576/887/191 578/1873/370 1751/1865/371
f 1751/1865/372 578/1873/373 577/868/184 1750/867/183
f 1746/1273/276 579/1274/277 581/1874/366 1748/1864/367
f 1748/1864/368 581/1874/369 580/1043/225 1747/1044/227
f 1740/835/192 582/836/191 584/1875/370 1742/1863/371
f 1742/1863/372 584/1875/373 583/819/184 1741/818/183
f 2472/1861/276 2473/1876/277 587/1877/366 1739/1862/367
f 1739/1862/368 587/1877/369 586/1048/225 1738/1049/227
f 1731/810/192 588/811/191 590/1878/370 1733/1860/371
f 1733/1860/372 590/1878/373 2474/1879/184 2470/1858/183
f 1728/1280/276 591/1282/277 593/1880/366 1730/1857/367
f 1730/1857/368 593/1880/369 592/1052/225 1729/1053/227
f 1722/790/192 594/791/191 596/1881/370 1724/1856/371
f 1724/1856/372 596/1881/373 595/758/184 1723/757/183
f 1675/1317/218 1720/1576/219 1721/1855/374 1676/1882/375
f 1676/1882/376 1721/1855/377 1719/1059/233 1674/1060/92
f 1672/1063/104 1714/1062/215 1715/1854/378 1673/1883/379
f 1673/1883/380 1715/1854/381 1713/1582/216 1671/1314/95
f 1669/1584/218 1711/1586/219 1712/1853/374 1670/1884/375
f 1670/1884/376 1712/1853/377 1710/1064/233 1668/1065/92
f 1666/1066/104 1705/1067/215 1706/1852/378 1667/1066/379
f 1667/1066/380 1706/1852/381 1704/1592/216 1665/1297/95
f 2475/1885/218 2469/1851/219 1703/1850/374 1664/1886/375
f 1664/1886/376 1703/1850/377 1701/1068/233 1662/1069/92
f 1660/899/104 1696/1070/215 1697/1847/378 1661/1887/379
f 1661/1887/380 1697/1847/381 2468/1849/216 2476/1888/95
f 1657/1030/218 1692/1031/219 1694/1846/374 1658/132/375
f 1658/132/376 1694/1846/377 1693/1071/233 1656/132/92
f 1654/876/104 1687/1072/215 1688/1845/378 1655/1889/379
f 1655/1889/380 1688/1845/381 1686/1021/216 1653/144/95
f 1651/994/218 1683/996/219 1685/1844/374 1652/1890/375
f 1652/1890/376 1685/1844/377 1684/1073/233 1650/181/92
f 1648/205/104 1678/972/215 1679/1843/378 1649/205/379
f 1649/205/380 1679/1843/381 1677/981/216 1647/194/95
f 1644/1316/234 1675/1317/218 1676/1882/375 1646/1842/382
f 1646/1842/383 1676/1882/376 1674/1074/92 1645/960/91
f 1639/1075/105 1672/1061/104 1673/1883/379 1640/1841/384
f 1640/1841/385 1673/1883/380 1671/1314/95 1638/1313/94
f 1635/1300/234 1669/1302/218 1670/1884/375 1637/1840/382
f 1637/1840/383 1670/1884/376 1668/1065/92 1636/942/91
f 1630/936/105 1666/1066/104 1667/1066/379 1631/1839/384
f 1631/1839/385 1667/1066/380 1665/1297/95 1629/1296/94
f 2466/1837/234 2475/1885/218 1664/1886/375 1628/1838/382
f 1628/1838/383 1664/1886/376 1662/1069/92 1627/1076/91
f 1621/898/105 1660/899/104 1661/1887/379 1622/1836/384
f 1622/1836/385 1661/1887/380 2476/1888/95 2464/1834/94
f 1617/1077/234 1657/1030/218 1658/132/375 1619/1833/382
f 1619/1833/383 1658/132/376 1656/132/92 1618/133/91
f 1612/875/105 1654/876/104 1655/1889/379 1613/1832/384
f 1613/1832/385 1655/1889/380 1653/144/95 1611/143/94
f 1608/1078/234 1651/1080/218 1652/1890/375 1610/1831/382
f 1610/1831/383 1652/1890/376 1650/183/92 1609/182/91
f 1603/204/105 1648/205/104 1649/205/379 1604/1830/384
f 1604/1830/385 1649/205/380 1647/194/95 1602/193/94
f 1555/742/150 1599/743/180 1601/1829/386 1556/446/387
f 1556/446/388 1601/1829/389 1600/216/235 1554/446/136
f 1552/629/161 1594/224/172 1595/1828/390 1553/629/391
f 1553/629/392 1595/1828/393 1593/740/178 1551/739/139
f 1549/732/150 1590/734/180 1592/1827/386 1550/455/394
f 1550/455/388 1592/1827/389 1591/236/235 1548/455/136
f 1546/613/161 1585/265/172 1586/1826/390 1547/613/391
f 1547/613/395 1586/1826/393 1584/723/178 1545/463/139
f 1543/714/150 1581/715/180 1583/1825/386 1544/471/394
f 1544/471/388 1583/1825/389 1582/278/235 1542/471/136
f 1540/574/161 1576/287/172 1577/1824/390 1541/574/391
f 1541/574/395 1577/1824/393 1575/708/178 1539/479/139
f 1537/492/150 1572/702/180 1574/1823/386 1538/1081/394
f 1538/1081/388 1574/1823/389 1573/300/235 1536/1081/136
f 1534/556/161 1567/307/172 1568/1822/390 1535/556/391
f 1535/556/395 1568/1822/393 1566/692/178 1533/532/139
f 2477/1891/150 2463/1820/180 1565/1819/386 1532/1082/394
f 1532/1082/388 1565/1819/389 1564/1083/235 1530/1082/136
f 1528/646/161 1558/647/172 1559/1816/390 1529/646/391
f 1529/646/395 1559/1816/393 2462/1818/178 2478/1892/139
f 1524/1084/149 1555/742/150 1556/446/387 1526/1815/396
f 1526/1815/397 1556/446/388 1554/448/136 1525/447/135
f 1519/628/162 1552/629/161 1553/629/391 1520/1814/398
f 1520/1814/399 1553/629/392 1551/451/139 1518/450/138
f 1515/1085/149 1549/1087/150 1550/455/394 1517/1813/400
f 1517/1813/397 1550/455/388 1548/455/136 1516/456/135
f 1510/612/162 1546/613/161 1547/613/391 1511/1812/398
f 1511/1812/399 1547/613/395 1545/463/139 1509/462/138
f 1506/1088/149 1543/714/150 1544/471/394 1508/1811/396
f 1508/1811/397 1544/471/388 1542/471/136 1507/472/135
f 1501/573/162 1540/574/161 1541/574/391 1502/1810/398
f 1502/1810/399 1541/574/395 1539/479/139 1500/478/138
f 1497/489/149 1537/492/150 1538/1081/394 1499/1809/396
f 1499/1809/397 1538/1081/388 1536/1081/136 1498/1090/135
f 1492/555/162 1534/556/161 1535/556/391 1493/1808/398
f 1493/1808/399 1535/556/395 1533/532/139 1491/531/138
f 2460/1806/149 2477/1891/150 1532/1082/394 1490/1807/396
f 1490/1807/397 1532/1082/388 1530/1082/136 1489/538/135
f 1483/748/162 1528/646/161 1529/646/391 1484/1804/398
f 1484/1804/401 1529/646/395 2478/1892/139 2458/1802/138
f 1435/125/89 1479/127/90 1481/1801/402 1436/1091/403
f 1436/1091/404 1481/1801/405 1480/750/237 1434/1091/236
f 1432/1092/239 1474/755/238 1475/1800/406 1433/1893/407
f 1433/1893/408 1475/1800/409 1473/113/81 1431/112/80
f 1429/1286/89 1470/1289/90 1472/1799/402 1430/1093/403
f 1430/1093/404 1472/1799/405 1471/785/237 1428/1093/236
f 1426/1094/239 1465/794/238 1466/1798/406 1427/1094/407
f 1427/1094/410 1466/1798/409 1464/1293/81 1425/1292/280
f 1423/1304/89 1461/1307/90 1463/1797/402 1424/1095/403
f 1424/1095/404 1463/1797/405 1462/802/237 1422/1095/236
f 1420/1096/239 1456/812/238 1457/1796/406 1421/1096/407
f 1421/1096/410 1457/1796/409 1455/1310/81 1419/1309/280
f 1417/1318/89 1452/1321/90 1454/1795/402 1418/1097/403
f 1418/1097/404 1454/1795/405 1453/826/237 1416/1097/236
f 1414/1098/239 1447/861/238 1448/1794/406 1415/1098/407
f 1415/1098/410 1448/1794/409 1446/1325/81 1413/1324/280
f 2479/1894/89 2457/1792/90 1445/1791/402 1412/1099/403
f 1412/1099/404 1445/1791/405 1444/874/237 1410/1099/236
f 1408/1100/239 1438/172/238 1439/1788/406 1409/1100/407
f 1409/1100/410 1439/1788/409 2456/1790/81 2480/1895/280
f 1404/1023/222 1435/125/89 1436/1091/403 1406/1787/411
f 1406/1787/412 1436/1091/404 1434/1091/236 1405/1101/240
f 1399/1327/244 1432/1092/239 1433/1893/407 1400/1786/413
f 1400/1786/414 1433/1893/408 1431/1029/80 1398/1028/224
f 1395/1599/222 1429/1286/89 1430/1093/403 1397/1785/415
f 1397/1785/412 1430/1093/404 1428/1093/236 1396/1104/240
f 1389/1105/244 1426/1094/239 1427/1094/407 1391/1784/413
f 1391/1784/414 1427/1094/410 1425/1292/280 1390/1597/224
f 1386/1591/222 1423/1304/89 1424/1095/403 1388/1783/415
f 1388/1783/412 1424/1095/404 1422/1095/236 1387/1106/240
f 1380/1107/244 1420/1096/239 1421/1096/407 1382/1782/413
f 1382/1782/414 1421/1096/410 1419/1309/280 1381/1588/224
f 1377/1580/222 1417/1318/89 1418/1097/403 1379/1781/415
f 1379/1781/412 1418/1097/404 1416/1097/236 1378/1108/240
f 1371/1109/244 1414/1098/239 1415/1098/407 1373/1780/413
f 1373/1780/414 1415/1098/410 1413/1324/280 1372/1578/224
f 2454/1778/222 2479/1894/89 1412/1099/403 1370/1779/415
f 1370/1779/412 1412/1099/404 1410/1099/236 1369/1110/240
f 1362/1111/244 1408/1100/239 1409/1100/407 1364/1776/413
f 1364/1776/414 1409/1100/410 2480/1895/280 2452/1774/224
f 1315/1438/304 1360/1441/310 1361/1773/416 1316/1113/417
f 1316/1113/418 1361/1773/419 1359/1112/246 1314/1113/245
f 1312/1114/248 1354/1115/247 1355/1772/420 1313/1114/421
f 1313/1114/422 1355/1772/423 1353/1449/311 1311/1448/302
f 1309/1455/304 1351/1457/310 1352/1771/416 1310/1117/417
f 1310/1117/418 1352/1771/419 1350/1116/246 1308/1117/245
f 1306/1118/248 1345/1119/247 1346/1770/420 1307/1118/421
f 1307/1118/422 1346/1770/423 1344/1461/311 1305/1444/302
f 2481/1896/304 2451/1769/310 1343/1768/416 1304/1121/417
f 1304/1121/418 1343/1768/419 1341/1120/246 1302/1121/245
f 1300/1122/248 1336/1123/247 1337/1765/420 1301/1122/421
f 1301/1122/422 1337/1765/423 2450/1767/311 2482/1897/302
f 1297/1430/304 1333/1475/310 1334/1764/416 1298/1898/417
f 1298/1898/418 1334/1764/419 1332/1124/246 1296/1125/245
f 1294/1128/248 1327/1127/247 1328/1763/420 1295/1899/421
f 1295/1899/422 1328/1763/423 1326/1481/311 1293/1426/302
f 1291/1421/304 1324/1485/310 1325/1762/416 1292/1900/417
f 1292/1900/418 1325/1762/419 1323/1129/246 1290/1130/245
f 1288/1133/248 1318/1132/247 1319/1761/420 1289/1901/421
f 1289/1901/422 1319/1761/423 1317/1492/311 1287/1417/302
f 1284/1462/303 1315/1438/304 1316/1113/417 1286/1760/424
f 1286/1760/425 1316/1113/418 1314/1113/245 1285/1134/249
f 1278/1135/250 1312/1114/248 1313/1114/421 1280/1759/426
f 1280/1759/427 1313/1114/422 1311/1448/302 1279/1459/301
f 1275/1450/303 1309/1451/304 1310/1117/417 1277/1758/424
f 1277/1758/425 1310/1117/418 1308/1137/245 1276/1136/249
f 1269/1138/250 1306/1118/248 1307/1118/421 1271/1757/426
f 1271/1757/427 1307/1118/422 1305/1444/302 1270/1443/301
f 2448/1755/303 2481/1896/304 1304/1121/417 1268/1756/424
f 1268/1756/425 1304/1121/418 1302/1121/245 1267/1139/249
f 1260/1140/250 1300/1122/248 1301/1122/421 1262/1754/426
f 1262/1754/427 1301/1122/422 2482/1897/302 2446/1752/301
f 1257/1429/303 1297/1430/304 1298/1898/417 1259/1751/424
f 1259/1751/425 1298/1898/418 1296/1142/245 1258/1141/249
f 1251/1143/250 1294/1126/248 1295/1899/421 1253/1750/426
f 1253/1750/427 1295/1899/422 1293/1426/302 1252/1425/301
f 1248/1420/303 1291/1421/304 1292/1900/417 1250/1749/424
f 1250/1749/425 1292/1900/418 1290/1145/245 1249/1144/249
f 1242/1146/250 1288/1131/248 1289/1901/421 1244/1748/426
f 1244/1748/427 1289/1901/422 1287/1417/302 1243/1416/301
f 2483/1902/213 2445/1747/214 1241/1746/428 1196/1150/429
f 1196/1150/430 1241/1746/431 1239/1149/254 1194/1150/78
f 1192/1151/110 1234/1152/209 1235/1743/432 1193/1903/433
f 1193/1903/434 1235/1743/435 2444/1745/210 2484/1904/88
f 1189/1167/213 1231/1598/214 1232/1742/428 1190/103/429
f 1190/103/430 1232/1742/431 1230/1153/254 1188/103/78
f 1186/891/110 1225/1155/209 1226/1741/432 1187/891/433
f 1187/891/434 1226/1741/435 1224/1032/210 1185/123/88
f 1183/1025/213 1221/1026/214 1223/1740/428 1184/140/429
f 1184/140/430 1223/1740/431 1222/1156/254 1182/140/78
f 1180/863/110 1216/1158/209 1217/1739/436 1181/863/433
f 1181/863/434 1217/1739/435 1215/997/210 1179/179/88
f 1177/987/213 1212/988/214 1214/1738/428 1178/188/429
f 1178/188/430 1214/1738/437 1213/1159/254 1176/188/78
f 1174/816/110 1207/1161/209 1208/1737/432 1175/816/433
f 1175/816/434 1208/1737/435 1206/973/210 1173/202/88
f 1171/965/213 1203/966/214 1205/1736/428 1172/211/429
f 1172/211/430 1205/1736/437 1204/1163/254 1170/211/78
f 1168/947/110 1198/946/209 1199/1735/436 1169/947/433
f 1169/947/434 1199/1735/435 1197/953/210 1167/222/88
f 2442/1733/255 2483/1902/213 1196/1150/429 1166/1734/438
f 1166/1734/439 1196/1150/430 1194/1150/78 1165/937/77
f 1159/1164/111 1192/1151/110 1193/1903/433 1160/1732/440
f 1160/1732/441 1193/1903/434 2484/1905/88 2440/1730/87
f 1155/1165/255 1189/1167/213 1190/103/429 1157/1729/438
f 1157/1729/442 1190/103/430 1188/103/78 1156/104/77
f 1150/890/111 1186/891/110 1187/891/433 1151/1728/443
f 1151/1728/444 1187/891/434 1185/123/88 1149/122/87
f 1146/1168/255 1183/1025/213 1184/140/429 1148/1727/438
f 1148/1727/439 1184/140/430 1182/140/78 1147/141/77
f 1141/862/111 1180/863/110 1181/863/433 1142/1726/440
f 1142/1726/441 1181/863/434 1179/179/88 1140/178/87
f 1137/1169/255 1177/987/213 1178/188/429 1139/1725/438
f 1139/1725/439 1178/188/430 1176/188/78 1138/189/77
f 1132/815/111 1174/816/110 1175/816/433 1133/1724/443
f 1133/1724/441 1175/816/434 1173/202/88 1131/201/87
f 1128/1172/255 1171/965/213 1172/211/429 1130/1723/438
f 1130/1723/442 1172/211/430 1170/211/78 1129/212/77
f 1123/232/111 1168/231/110 1169/947/433 1124/1722/443
f 1124/1722/444 1169/947/434 1167/222/88 1122/221/87
f 1075/729/160 1119/731/171 1121/1721/445 1076/457/446
f 1076/457/447 1121/1721/448 1120/264/256 1074/457/141
f 1072/585/157 1114/272/167 1115/1720/449 1073/585/450
f 1073/585/451 1115/1720/452 1113/721/168 1071/720/145
f 1069/712/160 1110/713/171 1112/1719/445 1070/473/446
f 1070/473/447 1112/1719/448 1111/286/256 1068/473/141
f 1066/566/157 1105/296/167 1106/1718/449 1067/566/453
f 1067/566/451 1106/1718/452 1104/703/168 1065/487/145
f 2485/1906/160 2439/1717/171 1103/1716/445 1064/1174/446
f 1064/1174/447 1103/1716/448 1102/306/256 1062/1174/141
f 1060/544/157 1096/315/167 1097/1713/449 1061/544/450
f 1061/544/451 1097/1713/452 2438/1715/168 2486/1907/145
f 1057/551/160 1092/659/171 1094/1712/445 1058/1175/446
f 1058/1175/447 1094/1712/448 1093/326/256 1056/1175/141
f 1054/1176/157 1087/426/167 1088/1711/449 1055/1908/450
f 1055/1908/451 1088/1711/452 1086/649/168 1053/648/145
f 1051/640/160 1083/642/171 1085/1710/445 1052/1909/446
f 1052/1909/447 1085/1710/448 1084/432/256 1050/1177/141
f 1048/623/157 1078/624/167 1079/1709/449 1049/623/450
f 1049/623/451 1079/1709/452 1077/630/168 1047/580/145
f 1044/1178/257 1075/729/160 1076/457/446 1046/1708/454
f 1046/1708/455 1076/457/447 1074/457/141 1045/458/140
f 1039/584/158 1072/585/157 1073/585/450 1040/1707/456
f 1040/1707/457 1073/585/451 1071/467/145 1038/466/144
f 1035/1180/159 1069/712/160 1070/473/446 1037/1706/454
f 1037/1706/455 1070/473/447 1068/473/141 1036/474/140
f 1030/565/158 1066/566/157 1067/566/453 1031/1705/456
f 1031/1705/457 1067/566/451 1065/487/145 1029/486/144
f 2436/1703/159 2485/1906/160 1064/1174/446 1028/1704/454
f 1028/1704/455 1064/1174/447 1062/1174/141 1027/1182/140
f 1021/545/158 1060/544/157 1061/544/450 1022/1702/456
f 1022/1702/457 1061/544/451 2486/1907/145 2434/1700/164
f 1017/548/159 1057/551/160 1058/1175/446 1019/1699/454
f 1019/1699/455 1058/1175/447 1056/1175/141 1018/533/140
f 1012/496/158 1054/1176/157 1055/1908/450 1013/1698/456
f 1013/1698/457 1055/1908/451 1053/561/145 1011/560/164
f 1008/567/159 1051/570/160 1052/1909/446 1010/1697/454
f 1010/1697/455 1052/1909/447 1050/1177/141 1009/481/140
f 1003/586/158 1048/623/157 1049/623/450 1004/1696/456
f 1004/1696/457 1049/623/451 1047/580/145 1002/579/164
f 955/439/123 999/441/124 1001/1695/458 956/1184/459
f 956/1184/460 1001/1695/461 1000/618/259 954/1184/258
f 952/1185/261 994/625/260 995/1694/462 953/1185/463
f 953/1185/464 995/1694/465 993/435/120 951/434/119
f 949/427/123 990/428/124 992/1693/458 950/1910/459
f 950/1910/460 992/1693/461 991/635/259 948/1186/258
f 946/1187/261 985/643/260 986/1692/462 947/1187/463
f 947/1187/464 986/1692/465 984/329/120 945/328/119
f 943/320/123 981/322/124 983/1691/458 944/1188/459
f 944/1188/460 983/1691/461 982/654/259 942/1188/258
f 940/1190/261 976/660/260 977/1690/462 941/1190/463
f 941/1190/464 977/1690/465 975/313/120 939/312/119
f 937/301/123 972/302/124 974/1689/458 938/1191/459
f 938/1191/460 974/1689/461 973/691/259 936/1191/258
f 934/1193/261 967/698/260 968/1688/462 935/1911/463
f 935/1911/464 968/1688/465 966/294/120 933/293/119
f 2487/1912/123 2433/1686/124 965/1685/458 932/1194/459
f 932/1194/460 965/1685/461 964/707/259 930/1194/258
f 928/1195/261 958/442/260 959/1682/462 929/1195/463
f 929/1195/464 959/1682/465 2432/1684/120 2488/1913/119
f 924/782/188 955/439/123 956/1184/459 926/1681/466
f 926/1681/467 956/1184/460 954/1184/258 925/238/262
f 919/1196/263 952/1185/261 953/1185/463 920/1680/468
f 920/1680/469 953/1185/464 951/434/119 918/789/190
f 915/799/188 949/427/123 950/1910/459 917/1679/466
f 917/1679/470 950/1910/460 948/1186/258 916/217/262
f 910/1197/263 946/1187/261 947/1187/463 911/1678/471
f 911/1678/469 947/1187/464 945/328/119 909/807/190
f 906/823/188 943/320/123 944/1188/459 908/1677/466
f 908/1677/470 944/1188/460 942/1198/258 907/196/262
f 901/187/263 940/1189/261 941/1190/463 902/1676/471
f 902/1676/469 941/1190/464 939/312/119 900/831/190
f 897/870/188 937/301/123 938/1191/459 899/1675/466
f 899/1675/470 938/1191/460 936/1191/258 898/174/262
f 892/135/263 934/1192/261 935/1911/463 893/1674/471
f 893/1674/469 935/1911/464 933/882/119 891/881/190
f 2430/1672/188 2487/1912/123 932/1194/459 890/1673/466
f 890/1673/470 932/1194/460 930/1199/258 889/115/262
f 883/912/263 928/1195/261 929/1195/463 884/1670/468
f 884/1670/469 929/1195/464 2488/1913/119 2428/1668/190
f 835/1337/289 879/1340/291 881/1667/472 836/1200/473
f 836/1200/474 881/1667/475 880/1201/265 834/1200/264
f 832/1202/267 874/948/266 875/1666/476 833/1914/477
f 833/1914/478 875/1666/479 873/1343/293 831/1342/292
f 829/1354/289 870/1357/291 872/1665/472 830/1203/480
f 830/1203/474 872/1665/475 871/958/265 828/1203/264
f 826/1204/267 865/967/266 866/1664/476 827/1204/477
f 827/1204/481 866/1664/479 864/1361/293 825/1360/292
f 2489/1915/289 2427/1663/291 863/1662/472 824/1205/473
f 824/1205/474 863/1662/475 862/1206/265 822/1205/264
f 820/1208/267 856/989/266 857/1659/476 821/1208/477
f 821/1208/481 857/1659/479 2426/1661/293 2490/1916/292
f 817/1386/289 852/1389/291 854/1658/472 818/1917/473
f 818/1917/474 854/1658/475 853/1020/265 816/1209/264
f 814/1211/267 847/1027/266 848/1657/476 815/1210/477
f 815/1210/478 848/1657/479 846/1393/293 813/1392/292
f 811/1399/289 843/1402/291 845/1656/472 812/1212/482
f 812/1212/474 845/1656/475 844/1035/265 810/1212/264
f 808/1213/267 838/1214/266 839/1655/476 809/1213/477
f 809/1213/483 839/1655/479 837/1405/293 807/1404/292
f 804/1559/321 835/1337/289 836/1200/473 806/1654/484
f 806/1654/485 836/1200/474 834/1200/264 805/1215/268
f 798/1216/269 832/1202/267 833/1914/477 800/1653/486
f 800/1653/487 833/1914/478 831/1557/292 799/1556/320
f 795/1548/321 829/1354/289 830/1203/480 797/1652/484
f 797/1652/485 830/1203/474 828/1218/264 796/1217/268
f 789/1219/269 826/1204/267 827/1204/477 791/1651/486
f 791/1651/487 827/1204/481 825/1360/292 790/1546/320
f 2424/1649/321 2489/1915/289 824/1205/473 788/1650/484
f 788/1650/485 824/1205/474 822/1205/264 787/1220/268
f 780/1222/269 820/1207/267 821/1208/477 782/1647/486
f 782/1647/487 821/1208/481 2490/1916/292 2422/1645/320
f 777/1526/321 817/1386/289 818/1917/473 779/1644/484
f 779/1644/485 818/1917/474 816/1224/264 778/1223/268
f 771/1225/269 814/1210/267 815/1210/477 773/1643/486
f 773/1643/487 815/1210/478 813/1519/292 772/1518/320
f 768/1510/321 811/1399/289 812/1212/482 770/1642/484
f 770/1642/485 812/1212/474 810/1212/264 769/1226/268
f 762/1227/269 808/1213/267 809/1213/477 764/1641/486
f 764/1641/487 809/1213/483 807/1404/292 763/1506/320
f 2491/1918/288 2421/1640/323 761/1639/488 716/1229/489
f 716/1229/490 761/1639/491 759/1228/271 714/1229/270
f 712/1232/273 754/1231/272 755/1636/492 713/1919/493
f 713/1919/494 755/1636/495 2420/1638/324 2492/1920/286
f 709/1528/288 751/1530/323 752/1635/488 710/1234/489
f 710/1234/490 752/1635/491 750/1233/271 708/1234/270
f 706/1235/273 745/1236/272 746/1634/492 707/1235/493
f 707/1235/494 746/1634/495 744/1532/324 705/1379/286
f 703/1370/288 742/1541/323 743/1633/488 704/1238/489
f 704/1238/490 743/1633/491 741/1237/271 702/1238/270
f 700/1241/273 736/1240/272 737/1632/492 701/1921/493
f 701/1921/494 737/1632/495 735/1543/324 699/1365/286
f 697/1353/288 733/1551/323 734/1631/488 698/1243/489
f 698/1243/490 734/1631/491 732/1242/271 696/1243/270
f 694/1244/273 727/1245/272 728/1630/492 695/1244/493
f 695/1244/494 728/1630/495 726/1554/324 693/1553/286
f 691/1561/288 724/1563/323 725/1629/488 692/1922/489
f 692/1922/490 725/1629/491 723/1246/271 690/1247/270
f 688/1248/273 718/1249/272 719/1628/492 689/1248/493
f 689/1248/494 719/1628/495 717/1566/324 687/1332/286
f 2418/1626/287 2491/1923/288 716/1229/489 686/1627/496
f 686/1627/497 716/1229/490 714/1251/270 685/1250/274
f 678/1252/275 712/1230/273 713/1919/493 680/1624/498
f 680/1624/499 713/1919/494 2492/1924/286 2416/1622/285
f 675/1384/287 709/1385/288 710/1234/489 677/1621/496
f 677/1621/497 710/1234/490 708/1234/270 676/1253/274
f 669/1254/275 706/1235/273 707/1235/493 671/1620/498
f 671/1620/499 707/1235/494 705/1379/286 670/1378/285
f 666/1369/287 703/1370/288 704/1238/489 668/1619/496
f 668/1619/497 704/1238/490 702/1256/270 667/1255/274
f 660/1257/275 700/1239/273 701/1921/493 662/1618/498
f 662/1618/499 701/1921/494 699/1365/286 661/1364/285
f 657/1351/287 697/1353/288 698/1243/489 659/1617/496
f 659/1617/497 698/1243/490 696/1243/270 658/1258/274
f 651/1259/275 694/1244/273 695/1244/493 653/1616/498
f 653/1616/499 695/1244/494 693/1347/286 652/1346/285
f 648/1335/287 691/1336/288 692/1922/489 650/1615/496
f 650/1615/497 692/1922/490 690/1261/270 649/1260/274
f 642/1262/275 688/1248/273 689/1248/493 644/1614/498
f 644/1614/499 689/1248/494 687/1332/286 643/1331/285
f 567/1476/277 639/1479/317 641/1613/500 569/1925/366
f 569/1925/369 641/1613/501 640/1037/226 568/1038/225
f 570/1268/191 634/1267/278 635/1612/502 572/1926/370
f 572/1926/373 635/1612/503 633/1483/318 571/1482/184
f 573/1486/277 630/1489/317 632/1611/500 575/1927/366
f 575/1927/369 632/1611/501 631/1041/226 574/1042/225
f 576/1271/191 625/1272/278 626/1610/502 578/1928/370
f 578/1928/373 626/1610/503 624/1495/318 577/1494/184
f 579/1498/277 621/1501/317 623/1609/500 581/1929/366
f 581/1929/369 623/1609/501 622/1047/226 580/1046/225
f 582/1275/191 616/1276/278 617/1608/502 584/1930/370
f 584/1930/373 617/1608/503 615/1504/318 583/1503/184
f 2473/1931/277 2415/1607/317 614/1606/500 587/1932/366
f 587/1932/369 614/1606/501 613/1050/226 586/1051/225
f 588/1278/191 607/1279/278 608/1603/502 590/1933/370
f 590/1933/373 608/1603/503 2414/1605/318 2474/1934/184
f 591/1521/277 603/1524/317 605/1602/500 593/1935/366
f 593/1935/369 605/1602/501 604/1054/226 592/1055/225
f 594/1283/191 598/1056/278 599/1601/502 596/1936/370
f 596/1936/373 599/1601/503 597/1534/318 595/1533/184
f 65/1870/71 2268/1469/71 1765/1469/227 568/1870/225
f 4/1945/512 2/1946/513 5283/1947/514 566/1948/515
f 2/1946/513 2266/1949/516 534/1950/517 5283/1947/514
f 2213/1958/524 2206/1959/525 543/1960/526 542/1961/527
f 2261/1968/534 32/1969/535 551/1970/536 550/1971/537
f 2212/1972/538 2213/1958/524 542/1961/527 541/1973/539
f 2254/1979/544 2255/1980/545 559/1981/546 558/1982/547
f 2260/1983/548 2261/1968/534 550/1971/537 549/1984/549
f 20/1989/552 2254/1979/544 558/1982/547 557/1990/553
f 2910/1995/37 2907/1996/37 1938/1996/37 1941/1995/37
f 2927/1997/37 2914/1998/37 1906/1998/37 1903/1997/37
f 2918/1999/37 2915/2000/37 1956/2000/37 1945/1999/37
f 2922/2001/37 2919/2002/37 1934/2003/37 1935/2001/37
f 2929/2004/37 2940/2005/37 1892/2005/37 1889/2004/37
f 2932/2009/37 2929/2004/37 1889/2004/37 1925/2009/37
f 2936/2010/37 2933/2011/37 1954/2011/37 1888/2010/37
f 2940/2005/37 2937/2012/37 1940/2012/37 1892/2005/37
f 1917/2016/71 1916/2017/71 2351/2018/71 2352/2019/71
f 2948/2020/37 2945/2021/37 1911/2021/37 1902/2020/37
f 2962/2024/37 2954/2025/37 1929/2025/37 1914/2024/37
f 2978/2002/71 3011/2001/71 1936/2001/71 1933/2003/71
f 3029/1998/71 2984/1997/71 1904/1997/71 1905/1998/71
f 3011/2001/71 3014/1996/71 1937/1996/71 1936/2001/71
f 1782/2034/55 1920/2035/55 2346/2036/569 2333/2037/570
f 1767/2040/37 1793/2041/37 2335/2042/37 2336/2043/37
f 2957/2048/37 2959/2049/37 1928/2049/37 1932/2048/37
f 2965/2050/37 2944/2051/37 1910/2051/37 1907/2050/37
f 2974/2000/71 2975/2052/71 1946/2052/71 1955/2000/71
f 3010/2050/71 3016/2053/71 1898/2053/71 1908/2050/71
f 2326/2060/578 1768/2061/578 1800/2062/578 1799/2063/578
f 2324/2064/579 1797/2065/579 1829/2066/579 1820/2067/579
f 1769/2072/584 1770/2073/584 1802/2074/584 1801/2075/584
f 1792/2080/589 2325/2081/589 1825/2082/589 1824/2083/589
f 2328/2084/590 2329/2085/590 1804/2086/590 1803/2087/590
f 2330/2094/599 1774/2095/599 1806/2096/599 1805/2097/599
f 1787/2098/600 1798/2099/600 1830/2100/600 1819/2101/600
f 1775/2106/605 2331/2107/605 1808/2108/605 1807/2109/605
f 1791/2114/609 2327/2115/609 1826/2116/609 1823/2117/609
f 2332/2118/610 1778/2119/610 1810/2120/610 1809/2121/610
f 1779/2126/614 1780/2127/614 1812/2128/614 1811/2129/614
f 1781/2134/619 2323/2135/619 1814/2136/619 1813/2137/619
f 1790/2138/620 1795/2139/620 1827/2140/620 1822/2141/620
f 1783/2142/621 1784/2143/621 1816/2144/621 1815/2145/621
f 1785/2150/626 1786/2151/626 1818/2152/626 1817/2153/626
f 1789/2162/634 1796/2163/634 1828/2164/634 1821/2165/634
f 1854/2182/37 1853/2183/37 3205/2183/37 3208/2182/37
f 1866/2276/37 1865/2277/37 3219/2277/37 4036/2276/37
f 1865/2277/37 1864/2282/37 3218/2282/37 3219/2283/37
f 1879/2286/37 1874/2287/37 3234/2287/37 3240/2286/37
f 1862/2294/37 1861/2295/37 4053/2295/37 3214/2294/37
f 1878/2300/37 1875/2301/37 3236/2301/37 4044/2300/37
f 1876/2324/37 1882/2325/37 3246/2325/37 3237/2324/37
f 1852/2334/37 1851/2335/37 4041/2335/37 3204/2334/37
f 1881/2350/37 1872/2351/37 4038/2351/37 3244/2350/37
f 1858/2358/37 1857/2359/37 4049/2359/37 3210/2358/37
f 1838/2360/83 1848/2361/83 2384/2362/83 2374/2363/655
f 1840/2368/71 1832/2369/71 2378/2370/71 2377/2371/71
f 1846/2389/37 1845/2390/37 2391/2391/37 2392/2392/37
f 1845/2399/125 1835/2400/125 2381/2401/656 2391/2402/125
f 1853/2183/37 1852/2334/37 3204/2334/37 3205/2183/37
f 1839/2432/71 1831/2433/71 2376/2434/71 2375/2435/71
f 1875/2301/37 1854/2182/37 3208/2182/37 3236/2301/37
f 1869/2455/37 1868/2456/37 3224/2456/37 3225/2457/37
f 1857/2359/37 1856/2458/37 4048/2458/37 4049/2359/37
f 1870/2461/37 1869/2455/37 3225/2455/37 3228/2461/37
f 1874/2287/37 1858/2358/37 3210/2358/37 3234/2287/37
f 1880/2464/37 1873/2465/37 3232/2466/37 3242/2464/37
f 1859/2467/37 1879/2286/37 3240/2286/37 3211/2467/37
f 1877/2470/37 1876/2324/37 3237/2324/37 4040/2471/37
f 1873/2465/37 1862/2294/37 3214/2294/37 3232/2465/37
f 1863/2476/37 1880/2464/37 3242/2464/37 3215/2477/37
f 1868/2456/37 1867/2478/37 3221/2478/37 3224/2456/37
f 1867/2478/37 1881/2350/37 3244/2350/37 3221/2478/37
f 1871/2481/37 1870/2461/37 3228/2461/37 3230/2481/37
f 1882/2325/37 1871/2481/37 3230/2481/37 3246/2325/37
f 1851/2335/37 1877/2470/37 4040/2484/37 4041/2335/37
f 1864/2282/37 1863/2476/37 3215/2476/37 3218/2282/37
f 1860/2487/37 1859/2467/37 3211/2467/37 4052/2487/37
f 3377/2805/37 3376/2806/37 3439/2807/37 3442/2808/37
f 3385/2811/37 3384/2812/37 3447/2813/37 3450/2814/37
f 3393/2817/37 3392/2818/37 3455/2819/37 3458/2820/37
f 3401/2825/37 3400/2826/37 3463/2827/37 3466/2828/37
f 3405/2829/37 3404/2830/37 3467/2831/37 3470/2832/37
f 3409/2833/37 3408/2834/37 3471/2835/37 3474/2836/37
f 3427/2839/37 3426/2840/37 3489/2841/37 3492/2842/37
f 3431/2847/37 3421/2848/37 3486/2849/37 3496/2850/37
f 3408/2851/37 3435/2852/37 3500/2853/37 3471/2854/37
f 3413/2855/37 3412/2856/37 3475/2857/37 3478/2858/37
f 3396/2859/37 3393/2860/37 3458/2820/37 3459/2861/37
f 3415/2862/37 3413/2863/37 3478/2864/37 3480/2865/37
f 3433/2866/37 3419/2867/37 3484/2868/37 3498/2869/37
f 3417/2870/37 3405/2871/37 3470/2832/37 3482/2872/37
f 3419/2867/37 3397/2875/37 3462/2876/37 3484/2877/37
f 3404/2830/37 3401/2878/37 3466/2828/37 3467/2879/37
f 3421/2848/37 3389/2880/37 3454/2881/37 3486/2849/37
f 3376/2882/37 3427/2839/37 3492/2842/37 3439/2883/37
f 3435/2884/37 3417/2870/37 3482/2872/37 3500/2885/37
f 3423/2886/37 3381/2887/37 3446/2888/37 3488/2889/37
f 3381/2890/37 3380/2891/37 3443/2892/37 3446/2893/37
f 3426/2840/37 3437/2896/37 3502/2897/37 3489/2841/37
f 3384/2812/37 3429/2898/37 3494/2899/37 3447/2813/37
f 3412/2856/37 3409/2833/37 3474/2836/37 3475/2857/37
f 3389/2880/37 3388/2902/37 3451/2903/37 3454/2881/37
f 3437/2896/37 3415/2862/37 3480/2865/37 3502/2897/37
f 3380/2904/37 3377/2905/37 3442/2906/37 3443/2907/37
f 3392/2908/37 3431/2909/37 3496/2910/37 3455/2819/37
f 3429/2898/37 3423/2886/37 3488/2943/37 3494/2899/37
f 3397/2875/37 3396/2859/37 3459/2861/37 3462/2876/37
f 3400/2826/37 3433/2866/37 3498/2944/37 3463/2827/37
f 3388/2902/37 3385/2811/37 3450/2814/37 3451/2945/37
f 2999/2025/71 3005/2024/71 1913/2024/71 1930/2025/71
f 2998/3160/71 2999/2025/71 1930/2025/71 1943/3160/71
f 2991/2005/71 2986/2004/71 1890/2004/71 1891/2005/71
f 2945/2021/37 2962/2024/37 1914/2024/37 1911/2021/37
f 3005/2024/71 3020/2021/71 1912/2021/71 1913/2024/71
f 2986/2004/71 2987/2009/71 1926/2009/71 1890/2004/71
f 2933/2011/37 2941/3161/37 1899/3161/37 1954/2011/37
f 3026/2011/71 2989/2010/71 1887/2010/71 1953/2011/71
f 2915/2000/37 2927/3162/37 1903/3162/37 1956/2000/37
f 2989/2010/71 3007/3163/71 1895/3163/71 1887/2010/71
f 3004/2049/71 3002/2048/71 1931/2048/71 1927/2049/71
f 1913/2024/47 1912/2021/576 1911/2021/576 1914/2024/47
f 2981/3164/71 3028/3165/71 1884/3165/71 1885/3164/71
f 2911/3165/37 2926/3164/37 1886/3164/37 1883/3165/37
f 3014/1996/71 2971/1995/71 1942/1995/71 1937/3169/71
f 3002/2048/71 2978/2002/71 1933/2003/71 1931/2048/71
f 2955/2053/37 2965/2050/37 1907/2050/37 1897/2053/37
f 2907/1996/37 2922/2001/37 1935/2001/37 1938/1996/37
f 1919/3170/71 1921/3171/71 2349/2019/71 2350/2018/71
f 2971/1995/71 2998/3160/71 1943/3160/71 1942/1995/71
f 2937/2012/37 2955/2053/37 1897/2053/37 1940/2012/37
f 2993/2051/71 3010/2050/71 1908/2050/71 1909/2051/71
f 2987/2009/71 3004/2049/71 1927/2049/71 1926/2009/71
f 2919/2002/37 2957/2048/37 1932/2048/37 1934/2003/37
f 3007/3163/71 2980/3177/71 1894/3177/71 1895/3163/71
f 2975/1999/71 2996/3178/71 1947/3178/71 1946/1999/71
f 1921/3179/55 1771/3180/55 2338/3181/570 2349/3182/658
f 2996/3178/71 2968/1471/71 1949/1471/71 1947/3178/71
f 2954/2025/37 2951/3160/37 1944/3160/37 1929/2025/37
f 2951/3160/37 2910/1995/37 1941/1995/37 1944/3160/37
f 2984/3162/71 2974/2000/71 1955/2000/71 1904/3162/71
f 2969/3199/71 2993/2051/71 1909/2051/71 1952/1472/71
f 2949/3178/37 2918/1999/37 1945/1999/37 1948/3178/37
f 2923/3177/37 2964/3163/37 1896/3163/37 1893/3177/37
f 2914/1998/37 2911/3165/37 1883/3165/37 1906/1998/37
f 2968/1471/71 2969/1470/71 1952/1470/71 1949/1471/71
f 1909/2051/14 1908/2050/315 1907/2050/315 1910/2051/14
f 1905/1998/577 1904/1997/1 1903/1997/1 1906/1998/577
f 1901/2020/325 1900/3161/173 1899/3161/173 1902/2020/325
f 1908/2050/315 1898/2053/564 1897/2053/564 1907/2050/315
f 1895/3163/574 1894/3177/575 1893/3177/575 1896/3163/574
f 1891/2005/572 1890/2004/573 1889/2004/573 1892/2005/572
f 1887/2010/60 1895/3163/574 1896/3163/574 1888/2010/60
f 1885/3164/66 1884/3165/571 1883/3165/571 1886/3164/66
f 1926/2009/28 1927/2049/654 1928/2049/654 1925/2009/28
f 1930/2025/651 1913/2024/47 1914/2024/47 1929/2025/651
f 1927/2049/654 1931/2048/568 1932/2048/568 1928/2049/654
f 1931/2048/568 1933/2003/34 1934/2003/34 1932/2048/568
f 1936/2001/566 1937/1996/567 1938/1996/567 1935/2001/566
f 1898/2053/564 1939/2012/22 1940/2012/22 1897/2053/564
f 1942/1995/41 1943/3160/652 1944/3160/652 1941/1995/41
f 1946/1999/653 1947/3178/8 1948/3178/8 1945/1999/653
f 1943/3160/652 1930/2025/651 1929/2025/651 1944/3160/652
f 1947/3178/8 1949/1471/562 1950/1471/562 1948/3178/8
f 1912/2021/576 1901/2020/325 1902/2020/325 1911/2021/576
f 1952/1472/650 1909/2051/14 1910/2051/14 1951/1470/650
f 1900/3161/173 1953/2011/561 1954/2011/561 1899/3161/173
f 1939/2012/22 1891/2005/572 1892/2005/572 1940/2012/22
f 1953/2011/561 1887/2010/60 1888/2010/60 1954/2011/561
f 1890/2004/573 1926/2009/28 1925/2009/28 1889/2004/573
f 1904/3162/1 1955/2000/559 1956/2000/559 1903/3162/1
f 1894/3177/575 1885/3164/66 1886/3164/66 1893/3177/575
f 1933/2003/34 1936/2001/566 1935/2001/566 1934/2003/34
f 1955/2000/559 1946/2052/653 1945/1999/653 1956/2000/559
f 1884/3165/571 1905/1998/577 1906/1998/577 1883/3165/571
f 1937/3169/567 1942/1995/41 1941/1995/41 1938/1996/567
f 1949/1471/562 1952/1470/650 1951/1472/650 1950/1471/562
f 2944/3225/37 2906/1470/37 1951/1470/37 1910/2051/37
f 2980/3177/71 2981/3164/71 1885/3164/71 1894/3177/71
f 2926/3164/37 2923/3177/37 1893/3177/37 1886/3164/37
f 2941/3161/37 2948/2020/37 1902/2020/37 1899/3161/37
f 3018/2012/71 2991/2005/71 1891/2005/71 1939/2012/71
f 2964/3163/37 2936/2010/37 1888/2010/37 1896/3163/37
f 2959/2049/37 2932/2009/37 1925/2009/37 1928/2049/37
f 1966/3243/37 1967/3244/37 4185/3244/659 4180/3245/660
f 5387/3246/165 5401/3247/166 5402/3247/661 5403/3246/662
f 2210/3248/663 2211/3249/663 4080/3250/663 4079/3251/663
f 5/3252/664 7/3253/664 4058/3254/664 4057/3255/664
f 5391/3256/181 5390/3257/177 5410/3257/665 5411/3256/666
f 41/3258/667 43/3259/667 4076/3260/667 4075/3261/667
f 5379/3262/98 5414/3263/99 5415/3263/668 5416/3262/669
f 5376/3264/200 5394/3265/195 5417/3265/670 5377/3264/671
f 2258/3266/672 2259/3267/672 4072/3268/672 4071/3269/672
f 5405/3270/122 5382/3271/114 5420/3271/673 5406/3270/674
f 5397/3272/205 5396/3273/203 5421/3273/675 5408/3272/676
f 25/3274/677 27/3275/677 4068/3276/677 4067/3277/677
f 5383/3278/131 5423/3279/132 5424/3279/678 5412/3278/679
f 2264/3280/680 2265/3281/680 4086/3282/680 4085/3283/680
f 2253/3284/681 19/3285/681 4064/3286/681 4063/3287/681
f 5418/3288/163 5386/3289/154 5428/3289/682 5419/3288/683
f 53/3290/684 55/3291/684 4082/3292/684 4081/3293/684
f 9/3294/685 11/3295/685 4060/3296/685 4059/3297/685
f 5389/3298/175 5388/3299/170 5431/3299/686 5422/3298/687
f 2204/3300/688 2205/3301/688 4078/3302/688 4077/3303/688
f 1/3304/689 3/3305/689 4056/3306/689 4055/3307/689
f 5425/3308/75 5400/3309/76 5435/3309/690 5426/3308/691
f 5393/3243/187 5392/3244/185 5436/3244/692 5427/3243/693
f 37/3310/694 39/3311/694 4074/3312/694 4073/3313/694
f 5381/3314/112 5380/3315/106 5438/3315/695 5429/3314/696
f 5395/3316/201 5375/3317/199 5378/3317/697 5430/3316/698
f 29/3318/699 31/3319/699 4070/3320/699 4069/3321/699
f 5432/3322/126 5404/3323/127 5407/3323/700 5433/3322/701
f 5399/3324/220 5398/3325/212 5409/3325/702 5434/3324/703
f 21/3326/704 23/3327/704 4066/3328/704 4065/3329/704
f 5385/3330/152 5384/3331/142 5413/3331/705 5437/3330/706
f 57/3332/707 59/3333/707 4084/3334/707 4083/3335/707
f 4204/3298/708 4210/3299/709 4212/3340/710 4206/3298/711
f 1965/3265/37 1966/3243/37 4180/3341/660 4173/3342/712
f 4197/3343/713 4203/3344/714 4396/3345/715 4390/3346/716
f 1964/3264/37 1965/3265/37 4173/3347/712 4167/3264/717
f 4192/3256/718 4198/3257/719 4201/3257/720 4194/3256/721
f 1957/3348/722 1958/3324/723 4125/3349/724 4123/3350/725
f 1963/3317/37 1964/3264/37 4167/3264/717 4161/3317/726
f 4186/3244/727 4192/3256/718 4194/3256/721 4188/3244/728
f 4131/3308/729 4308/3263/730 4306/3263/731 4135/3308/732
f 4158/3351/733 4153/3352/734 4344/3353/735 4351/3354/736
f 4179/3243/737 4186/3244/727 4188/3244/728 4182/3355/738
f 1961/3273/722 1962/3316/37 4156/3360/743 4149/3361/744
f 4173/3362/712 4180/3363/660 4371/3364/745 4366/3365/746
f 4302/3366/747 4297/3367/748 4488/3368/749 4495/3369/750
f 1960/3272/37 1961/3273/722 4149/3374/744 4143/3272/751
f 4168/3264/752 4174/3265/753 4177/3265/754 4170/3264/755
f 4293/3367/756 4300/3375/757 4491/3369/758 4486/3368/759
f 2773/3308/71 2771/3263/71 4309/3263/760 4132/3308/761
f 4162/3317/292 4168/3264/752 4170/3264/755 4164/3317/289
f 1984/3314/37 1985/3315/37 4293/3376/756 4287/3314/762
f 4119/3309/763 4131/3308/729 4135/3308/732 4122/3309/764
f 4155/3316/765 4162/3317/292 4164/3317/289 4159/3316/766
f 1983/3271/37 1984/3314/37 4287/3314/762 4281/3271/767
f 4149/3352/744 4156/3381/743 4347/3382/772 4342/3353/773
f 4278/3383/774 4273/3384/775 4464/3385/776 4471/3386/777
f 1959/3387/37 1960/3272/37 4143/3272/751 4137/3387/778
f 4152/3273/779 4146/3272/780 4144/3272/781 4150/3273/782
f 2689/3440/71 2687/3441/71 2752/3442/71 2754/3443/71
f 4308/3263/730 4303/3262/787 4299/3262/788 4306/3263/731
f 2649/3466/71 2648/3467/71 2711/3468/71 2714/3469/71
f 2663/3474/71 2661/3475/71 2726/3476/71 2728/3477/71
f 2691/3478/71 2689/3440/71 2754/3443/71 2756/3479/71
f 2665/3480/71 2663/3474/71 2728/3481/71 2730/3482/71
f 2693/3483/71 2691/3478/71 2756/3479/71 2758/3484/71
f 2667/3485/71 2665/3480/71 2730/3482/71 2732/3486/71
f 2695/3487/71 2693/3483/71 2758/3488/71 2760/3489/71
f 2669/3490/71 2667/3491/71 2732/3492/71 2734/3493/71
f 2697/3494/71 2695/3487/71 2760/3489/71 2762/3495/71
f 2671/3496/71 2669/3490/71 2734/3497/71 2736/3498/71
f 2699/3499/71 2697/3500/71 2762/3495/71 2764/3501/71
f 2673/3502/71 2671/3503/71 2736/3504/71 2738/3505/71
f 2701/3506/71 2699/3499/71 2764/3501/71 2766/3507/71
f 2675/3508/71 2673/3509/71 2738/3505/71 2740/3510/71
f 2648/3467/71 2709/3511/71 2774/3512/71 2711/3513/71
f 2703/3514/71 2701/3515/71 2766/3516/71 2768/3517/71
f 2677/3518/71 2675/3508/71 2740/3510/71 2742/3519/71
f 2651/3520/71 2649/3466/71 2714/3521/71 2716/3522/71
f 2705/3523/71 2703/3524/71 2768/3525/71 2770/3526/71
f 2679/3527/71 2677/3518/71 2742/3519/71 2744/3528/71
f 2653/3529/71 2651/3530/71 2716/3531/71 2718/3532/71
f 2707/3533/71 2705/3534/71 2770/3535/71 2772/3536/71
f 2681/3537/71 2679/3527/71 2744/3538/71 2746/3539/71
f 2655/3540/71 2653/3529/71 2718/3541/71 2720/3542/71
f 2709/3511/71 2707/3543/71 2772/3544/71 2774/3512/71
f 2683/3545/71 2681/3546/71 2746/3547/71 2748/3548/71
f 2657/3549/71 2655/3550/71 2720/3551/71 2722/3552/71
f 2685/3553/71 2683/3554/71 2748/3548/71 2750/3555/71
f 2659/3556/71 2657/3557/71 2722/3552/71 2724/3558/71
f 2687/3559/71 2685/3553/71 2750/3560/71 2752/3561/71
f 2661/3562/71 2659/3563/71 2724/3558/71 2726/3476/71
f 2025/3702/793 2026/3703/794 2588/3703/795 2587/3702/796
f 2051/3704/797 2052/3705/798 2614/3705/799 2613/3704/800
f 2024/3708/803 2025/3702/793 2587/3702/796 2586/3708/804
f 2050/3709/805 2051/3704/797 2613/3704/800 2612/3709/806
f 2023/3712/809 2024/3708/803 2586/3708/804 2585/3712/810
f 2049/3713/811 2050/3709/805 2612/3709/806 2611/3713/812
f 2022/3718/814 2023/3712/809 2585/3712/810 2584/3718/815
f 2048/3719/816 2049/3713/811 2611/3713/812 2610/3719/817
f 2021/3722/820 2022/3718/814 2584/3718/815 2583/3722/820
f 2047/3723/821 2048/3719/816 2610/3719/817 2609/3723/822
f 2046/3726/825 2047/3723/821 2609/3723/822 2608/3726/826
f 2045/3731/829 2046/3726/825 2608/3726/826 2607/3731/829
f 2044/3734/832 2045/3731/829 2607/3731/829 2606/3734/833
f 2043/3737/836 2044/3734/832 2606/3734/833 2605/3737/837
f 2042/3740/840 2043/3737/836 2605/3737/837 2604/3740/841
f 2041/3743/844 2042/3740/840 2604/3740/841 2603/3743/845
f 2040/3748/847 2041/3743/844 2603/3743/845 2602/3748/848
f 2039/3751/851 2040/3748/847 2602/3748/848 2601/3751/852
f 2056/3844/128 2055/3845/128 2180/3846/128 2174/3844/128
f 2071/3847/129 2072/3848/129 2170/3849/129 2176/3850/129
f 2055/3845/128 2054/3851/128 2186/3852/128 2180/3853/128
f 2054/3851/128 2053/3862/128 2192/3863/128 2186/3864/128
f 2065/3871/128 2064/3872/128 2126/3872/128 2120/3873/128
f 2080/3876/129 2081/3877/129 2116/3877/129 2122/3878/129
f 2081/3877/129 2082/3879/129 2201/3879/129 2116/3880/129
f 2053/3862/251 2054/3851/251 2084/3915/251 2083/3916/251
f 2054/3851/251 2055/3845/251 2085/3917/251 2084/3915/251
f 2055/3845/251 2056/3844/251 2086/3918/251 2085/3917/251
f 2056/3844/251 2057/3919/251 2087/3920/251 2086/3918/251
f 2057/3919/251 2058/3921/251 2088/3922/251 2087/3920/251
f 2058/3921/251 2059/3923/251 2089/3924/251 2088/3922/251
f 2059/3923/251 2060/3925/251 2090/3926/251 2089/3924/251
f 2060/3925/251 2061/3927/251 2091/3928/251 2090/3926/251
f 2061/3927/251 2062/3929/251 2092/3930/251 2091/3928/251
f 2062/3929/251 2063/3931/251 2093/3932/251 2092/3930/251
f 2063/3931/251 2064/3872/251 2094/3933/251 2093/3932/251
f 2064/3872/251 2065/3871/251 2095/3934/251 2094/3933/251
f 2065/3871/251 2066/3935/251 2096/3936/251 2095/3934/251
f 2066/3935/251 2067/3937/251 2097/3938/251 2096/3936/251
f 2069/3939/251 2068/3940/251 2098/3941/251 2099/3942/251
f 2070/3943/251 2069/3939/251 2099/3942/251 2100/3944/251
f 2071/3847/251 2070/3943/251 2100/3944/251 2101/3945/251
f 2072/3848/251 2071/3847/251 2101/3945/251 2102/3946/251
f 2073/3947/251 2072/3848/251 2102/3946/251 2103/3948/251
f 2074/3949/251 2073/3947/251 2103/3948/251 2104/3950/251
f 2075/3951/251 2074/3949/251 2104/3950/251 2105/3952/251
f 2076/3953/251 2075/3951/251 2105/3952/251 2106/3954/251
f 2077/3955/251 2076/3953/251 2106/3954/251 2107/3956/251
f 2078/3957/251 2077/3955/251 2107/3956/251 2108/3958/251
f 2079/3959/251 2078/3957/251 2108/3958/251 2109/3960/251
f 2080/3876/251 2079/3959/251 2109/3960/251 2110/3961/251
f 2081/3877/251 2080/3876/251 2110/3961/251 2111/3962/251
f 2082/3879/251 2081/3877/251 2111/3962/251 2112/3963/251
f 2067/3937/251 2082/3879/251 2112/3963/251 2097/3938/251
f 2068/3940/251 2053/3862/251 2083/3916/251 2098/3941/251
f 2067/3937/128 2066/3935/128 2114/3966/128 2195/3967/128
f 2079/3959/129 2080/3876/129 2122/3968/129 2128/3969/129
f 2064/3872/128 2063/3931/128 2132/3970/128 2126/3971/128
f 2063/3931/128 2062/3929/128 2138/3972/128 2132/3973/128
f 2062/3929/128 2061/3927/128 2144/3974/128 2138/3972/128
f 2061/3927/128 2060/3925/128 2150/3975/128 2144/3976/128
f 2060/3925/128 2059/3923/128 2156/3977/128 2150/3978/128
f 2059/3923/128 2058/3921/128 2162/3979/128 2156/3980/128
f 2058/3921/128 2057/3919/128 2168/3981/128 2162/3982/128
f 2057/3919/128 2056/3844/128 2174/3983/128 2168/3984/128
f 2070/3943/129 2071/3847/129 2176/3850/129 2182/3985/129
f 2069/3939/129 2070/3943/129 2182/3985/129 2188/3986/129
f 2068/3940/129 2069/3939/129 2188/3987/129 2198/3988/129
f 2072/3848/129 2073/3947/129 2164/3989/129 2170/3849/129
f 2073/3947/129 2074/3949/129 2158/3992/129 2164/3993/129
f 2074/3949/129 2075/3951/129 2152/3996/129 2158/3997/129
f 2075/3951/129 2076/3953/129 2146/4000/129 2152/4001/129
f 2076/3953/129 2077/3955/129 2140/4004/129 2146/4005/129
f 2077/3955/129 2078/3957/129 2134/4008/129 2140/3955/129
f 2078/3957/129 2079/3959/129 2128/3969/129 2134/4011/129
f 2191/4016/857 2185/4017/855 2187/3851/861 2193/4018/861
f 2185/4017/855 2179/4023/855 2181/3845/861 2187/3851/861
f 2187/3851/133 2181/3845/133 2180/3853/133 2186/3852/133
f 2179/4023/855 2173/4024/855 2175/3844/861 2181/3845/861
f 2181/3845/133 2175/3844/133 2174/3844/133 2180/3846/133
f 2173/4024/855 2167/4025/855 2169/3919/861 2175/3844/861
f 2175/3844/133 2169/3919/133 2168/3984/133 2174/3983/133
f 2167/4026/855 2161/4027/855 2163/3921/861 2169/3919/861
f 2169/3919/133 2163/3921/133 2162/3982/133 2168/3981/133
f 2161/4027/855 2155/4028/855 2157/3923/861 2163/3921/861
f 2163/3921/133 2157/3923/133 2156/3980/133 2162/3979/133
f 2155/4028/855 2149/4029/855 2151/3925/861 2157/3923/861
f 2157/3923/133 2151/3925/133 2150/3978/133 2156/3977/133
f 2149/4029/855 2143/4030/855 2145/3927/861 2151/3925/861
f 2151/3925/133 2145/3927/133 2144/3976/133 2150/3975/133
f 2143/4030/855 2137/4031/855 2139/3929/861 2145/3927/861
f 2145/3927/133 2139/3929/133 2138/3972/133 2144/3974/133
f 2137/4031/855 2131/4032/855 2133/3931/861 2139/3929/861
f 2139/3929/133 2133/3931/133 2132/3973/133 2138/3972/133
f 2131/4032/855 2125/4033/855 2127/3872/861 2133/3931/861
f 2133/3931/133 2127/3872/133 2126/3971/133 2132/3970/133
f 2125/4033/855 2119/4034/855 2121/3871/861 2127/3872/861
f 2127/3872/133 2121/3871/133 2120/3873/133 2126/3872/133
f 2119/4035/855 2113/4036/855 2115/3935/861 2121/3871/861
f 2121/3871/133 2115/3935/133 2114/4037/133 2120/4038/133
f 2113/4036/855 2194/4039/859 2196/4040/861 2115/3935/861
f 2199/4049/862 2190/3939/862 2189/4050/856 2197/4051/858
f 2188/3986/100 2182/3985/100 2184/3943/100 2190/3939/100
f 2190/3939/862 2184/3943/862 2183/4052/856 2189/4053/856
f 2182/3985/100 2176/3850/100 2178/3847/100 2184/3943/100
f 2184/3943/862 2178/3847/862 2177/4054/856 2183/4055/856
f 2176/3850/100 2170/3849/100 2172/3848/100 2178/3847/100
f 2178/3847/862 2172/3848/862 2171/4056/856 2177/4057/856
f 2170/3849/100 2164/3989/100 2166/3947/100 2172/3848/100
f 2172/3848/862 2166/3947/862 2165/4058/856 2171/4059/856
f 2164/3993/100 2158/3992/100 2160/3949/100 2166/3947/100
f 2166/3947/862 2160/3949/862 2159/4060/856 2165/4061/856
f 2158/3997/100 2152/3996/100 2154/3951/100 2160/3949/100
f 2160/3949/862 2154/3951/862 2153/4062/856 2159/4060/856
f 2152/4001/100 2146/4000/100 2148/3953/100 2154/3951/100
f 2154/3951/862 2148/3953/862 2147/4063/856 2153/4062/856
f 2146/4005/100 2140/4004/100 2142/3955/100 2148/3953/100
f 2148/3953/862 2142/3955/862 2141/4064/856 2147/4063/856
f 2140/3955/100 2134/4008/100 2136/3957/100 2142/3955/100
f 2142/3955/862 2136/3957/862 2135/4065/856 2141/4064/856
f 2134/4011/100 2128/3969/100 2130/3959/100 2136/3957/100
f 2136/3957/862 2130/3959/862 2129/4066/856 2135/4067/856
f 2128/3969/100 2122/3968/100 2124/3876/100 2130/3959/100
f 2130/3959/862 2124/3876/862 2123/4068/856 2129/4069/856
f 2122/3878/100 2116/3877/100 2118/3877/100 2124/3876/100
f 2124/3876/862 2118/3877/862 2117/4070/856 2123/4071/856
f 2118/3877/862 2202/4076/862 2200/4077/860 2117/4070/856
f 2066/3935/128 2065/3871/128 2120/4038/128 2114/4037/128
f 2247/4105/96 2248/4106/96 2240/4107/96 2235/4108/96
f 2220/4109/206 2219/4110/206 2235/4111/206 2236/4112/206
f 2230/4113/83 2227/4114/83 2243/4115/83 2246/4116/83
f 2231/4117/206 2247/4118/206 2235/4111/206 2219/4110/206
f 52/4119/83 400/4120/83 2234/4121/83 2228/4122/867
f 49/4123/55 399/4124/55 2225/4125/55 2226/4126/55
f 399/4127/37 414/4128/37 2230/4129/37 2225/2432/37
f 51/4130/71 49/4131/71 2226/4132/71 2227/4133/71
f 400/4134/71 385/4135/71 2233/4136/71 2234/4137/71
f 50/4138/37 52/4134/37 2228/4137/37 2229/4139/37
f 369/4128/37 384/4127/37 2224/334/37 2219/333/37
f 414/4140/83 51/4141/83 2227/4114/83 2230/4113/83
f 45/4142/206 369/4143/206 2219/4110/206 2220/4109/206
f 370/4144/71 355/4145/71 2231/4146/71 2232/4138/71
f 355/4147/206 46/4148/206 2223/4149/868 2231/4117/206
f 47/4150/71 45/4151/71 2220/4152/71 2221/4153/71
f 2247/4105/96 2239/4154/869 2238/4155/869 2248/4106/96
f 2249/4156/125 2245/4157/870 2244/4158/870 2250/4159/125
f 2242/4160/125 2241/4161/125 2246/4162/125 2243/4163/125
f 2236/4164/96 2235/4108/96 2240/4107/96 2237/4165/96
f 2231/4117/206 2223/4149/868 2239/4166/871 2247/4118/206
f 2221/4153/71 2220/4152/71 2236/4167/71 2237/4168/71
f 2222/395/130 2232/394/50 2248/4169/50 2238/4170/872
f 2367/4171/873 2368/4172/873 2238/4155/869 2239/4154/869
f 2233/72/55 2229/71/56 2245/4173/874 2249/4174/55
f 2224/64/50 2221/63/50 2237/4175/50 2240/4176/50
f 2228/4122/867 2234/4121/83 2250/4177/83 2244/4178/875
f 2226/4126/55 2225/4125/55 2241/4179/55 2242/4180/55
f 2249/4156/125 2250/4159/125 2246/4162/125 2241/4161/125
f 2227/4133/71 2226/4132/71 2242/4181/71 2243/4182/71
f 2233/72/55 2249/4174/55 2241/4179/55 2225/4125/55
f 2369/4183/876 2370/4184/876 2244/4158/870 2245/4157/870
f 2248/4169/50 2232/394/50 2224/64/50 2240/4176/50
f 2232/4185/17 2231/4186/17 2219/4187/17 2224/4188/17
f 2250/4177/83 2234/4121/83 2230/4113/83 2246/4116/83
f 2234/4189/228 2233/4190/228 2225/4191/228 2230/4192/228
f 2319/4217/55 2320/4218/55 2310/4219/55 2305/4220/55
f 2363/4221/877 2364/4222/878 2308/4223/878 2309/4224/878
f 2278/4225/879 2294/4226/129 2318/4227/129 2302/4228/880
f 2295/4229/228 2319/4230/228 2305/4231/228 2281/4232/228
f 2283/4233/71 2282/92/71 2306/4234/71 2307/4235/71
f 2293/4236/128 2279/4237/881 2303/4238/882 2317/4239/128
f 62/4240/37 64/4241/37 2290/4242/37 2291/4243/37
f 184/4244/129 17/4245/129 2277/4246/129 2280/4247/129
f 479/587/37 494/4248/37 2292/4241/37 2287/4240/37
f 494/4249/17 63/4250/17 2289/4251/17 2292/4252/17
f 33/4253/228 289/4254/228 2281/4232/228 2282/4255/228
f 480/4256/71 465/4257/71 2297/4258/71 2298/4259/71
f 155/4260/128 16/4261/128 2279/4237/881 2293/4236/128
f 35/4262/71 33/89/71 2282/92/71 2283/4233/71
f 289/4263/37 304/4264/37 2286/4182/37 2281/4150/37
f 18/4265/129 170/4266/129 2294/4226/129 2278/4225/879
f 34/4267/37 36/45/37 2284/4268/37 2285/4269/37
f 290/44/71 275/43/71 2295/4270/71 2296/4256/71
f 275/4271/228 34/4272/228 2285/4273/883 2295/4229/228
f 304/4274/125 35/4275/125 2283/4276/125 2286/4277/125
f 169/4278/37 184/837/37 2280/4279/37 2275/4280/37
f 15/4281/128 169/4282/128 2275/4283/128 2276/4284/128
f 36/4285/125 290/4286/125 2296/4287/125 2284/4288/884
f 61/4289/96 479/4290/96 2287/4291/96 2288/4292/96
f 2317/4293/198 2303/4294/885 2302/4295/886 2318/4296/198
f 2319/4217/55 2309/4224/878 2308/4223/878 2320/4218/55
f 2321/4297/50 2315/4298/887 2314/4299/888 2322/4300/50
f 2312/4301/50 2311/4302/50 2316/4303/50 2313/4304/50
f 2306/4305/55 2305/4220/55 2310/4219/55 2307/4306/55
f 2300/4307/198 2299/4308/198 2304/4309/198 2301/4310/198
f 2295/4229/228 2285/4273/883 2309/4311/889 2319/4230/228
f 2286/4277/125 2283/4276/125 2307/4312/125 2310/4313/125
f 2317/4293/198 2318/4296/198 2304/4309/198 2299/4308/198
f 2276/4284/128 2275/4283/128 2299/4314/128 2300/4315/128
f 2284/4288/884 2296/4287/125 2320/4316/125 2308/4317/890
f 2288/4292/96 2287/4291/96 2311/4318/96 2312/4319/96
f 2293/4236/128 2317/4239/128 2299/4314/128 2275/4283/128
f 2277/589/71 2276/588/71 2300/4320/71 2301/4321/71
f 2297/149/96 2291/148/97 2315/4322/891 2321/4323/96
f 2289/92/71 2288/91/71 2312/4324/71 2313/4325/71
f 2365/4326/892 2366/4327/893 2302/4295/886 2303/4294/885
f 2290/22/18 2298/21/17 2322/4328/17 2314/4329/894
f 2371/4330/895 2372/4331/896 2314/4299/888 2315/4298/887
f 2280/4247/129 2277/4246/129 2301/4332/129 2304/4333/129
f 2321/4297/50 2322/4300/50 2316/4303/50 2311/4302/50
f 2292/4252/17 2289/4251/17 2313/4334/17 2316/4335/17
f 2282/4255/228 2281/4232/228 2305/4231/228 2306/4336/228
f 2297/149/96 2321/4323/96 2311/4318/96 2287/4291/96
f 2320/4316/125 2296/4287/125 2286/4277/125 2310/4313/125
f 2296/4337/83 2295/4338/83 2281/4339/83 2286/4340/83
f 2318/4227/129 2294/4226/129 2280/4247/129 2304/4333/129
f 2294/4341/251 2293/4342/251 2275/4343/251 2280/4344/251
f 2322/4328/17 2298/21/17 2292/4252/17 2316/4335/17
f 2298/4345/206 2297/4346/206 2287/4347/206 2292/4348/206
f 3016/2053/71 3018/2012/71 1939/2012/71 1898/2053/71
f 3020/2021/71 3021/2020/71 1901/2020/71 1912/2021/71
f 3024/3161/71 3026/2011/71 1953/2011/71 1900/3161/71
f 3028/3165/71 3029/1998/71 1905/1998/71 1884/3165/71
f 3021/2020/71 3024/3161/71 1900/3161/71 1901/2020/71
f 2337/4357/655 2350/4358/897 2370/4359/898 2357/4360/899
f 2345/4361/900 2365/4362/901 2303/4238/882 2279/4237/881
f 2335/4363/902 2352/4364/18 2372/4365/894 2355/4366/903
f 2343/4367/883 2363/4368/889 2309/4311/889 2285/4273/883
f 2351/4369/97 2336/4370/904 2356/4371/905 2371/4372/891
f 1771/3171/37 1794/3170/37 2337/4373/37 2338/4374/37
f 1924/4375/83 1788/4376/83 2334/4377/655 2345/4361/900
f 1776/4378/125 1915/4379/125 2344/4380/884 2341/4381/656
f 1773/4382/37 1772/4383/37 2339/4384/37 2340/4385/37
f 1772/4386/50 1923/4387/50 2348/4388/906 2339/4389/907
f 1918/4390/228 1777/4391/228 2342/4392/908 2343/4367/883
f 1777/4374/37 1776/4373/37 2341/4393/37 2342/4394/37
f 1922/4395/206 1773/4396/206 2340/4397/909 2347/4398/910
f 1916/4399/96 1767/4400/96 2336/4370/904 2351/4369/97
f 1915/4131/71 1918/4401/71 2343/4402/71 2344/4403/71
f 1793/4404/17 1917/4405/17 2352/4364/18 2335/4363/902
f 1920/4406/71 1924/4407/71 2345/4408/71 2346/4409/71
f 1794/4410/83 1919/4411/83 2350/4358/897 2337/4357/655
f 1923/4394/71 1922/4393/71 2347/4383/71 2348/4382/71
f 1788/4412/37 1782/2368/37 2333/4413/37 2334/4414/37
f 2364/4222/878 2363/4221/877 2362/4415/911 2361/4416/911
f 2370/4184/876 2369/4183/876 2358/4417/912 2357/4418/912
f 2366/4327/893 2365/4326/892 2354/4419/913 2353/4420/913
f 2368/4172/873 2367/4171/873 2360/4421/914 2359/4422/915
f 2372/4331/896 2371/4330/895 2356/4423/916 2355/4424/916
f 2347/4398/910 2367/4425/917 2239/4166/871 2223/4149/868
f 2394/4426/918 2393/4427/918 2353/4420/913 2354/4419/913
f 2349/3182/658 2338/3181/570 2358/4428/919 2369/4429/920
f 2349/3182/658 2369/4429/920 2245/4173/874 2229/71/56
f 2396/4430/916 2395/4431/916 2355/4424/916 2356/4423/916
f 2333/2037/570 2346/2036/569 2366/4432/921 2353/4433/919
f 2351/4369/97 2371/4372/891 2315/4322/891 2291/148/97
f 2398/4434/922 2397/4435/922 2357/4418/912 2358/4417/912
f 2345/4361/900 2334/4377/655 2354/4436/899 2365/4362/901
f 2341/4381/656 2344/4380/884 2364/4437/890 2361/4438/923
f 2400/4439/915 2399/4440/915 2359/4422/915 2360/4421/914
f 2339/4389/907 2348/4388/906 2368/4441/924 2359/4442/925
f 2343/4367/883 2342/4392/908 2362/4443/926 2363/4368/889
f 2402/4444/927 2401/4445/927 2361/4416/911 2362/4415/911
f 2347/4398/910 2340/4397/909 2360/4446/928 2367/4425/917
f 2364/4437/890 2344/4380/884 2284/4288/884 2308/4317/890
f 2344/4447/929 2343/4448/929 2285/4449/929 2284/4450/929
f 2366/4432/921 2346/2036/569 2278/4225/879 2302/4228/880
f 2346/4451/930 2345/4452/930 2279/4453/930 2278/4454/930
f 2372/4365/894 2352/4364/18 2290/22/18 2314/4329/894
f 2352/4455/931 2351/4456/931 2291/4457/931 2290/4458/931
f 2370/4359/898 2350/4358/897 2228/4122/867 2244/4178/875
f 2350/4459/932 2349/4460/932 2229/4461/932 2228/4320/932
f 2368/4441/924 2348/4388/906 2222/395/130 2238/4170/872
f 2348/4462/933 2347/4463/933 2223/4460/933 2222/4464/933
f 1872/2351/37 1866/2276/37 4036/2276/37 4038/2351/37
f 1855/4472/37 1878/2300/37 4044/2300/37 4045/4472/37
f 1856/2458/37 1855/4472/37 4045/4472/37 4048/2458/37
f 1861/2295/37 1860/2487/37 4052/2487/37 4053/4474/37
f 2374/2363/655 2394/4479/899 2354/4436/899 2334/4377/655
f 2388/4480/37 2387/4481/37 2407/4234/37 2408/4482/37
f 2383/4483/55 2373/4484/570 2393/4485/919 2403/4486/55
f 2386/4487/37 2385/4488/37 2405/4257/37 2406/4413/37
f 2389/4489/50 2379/4490/907 2399/4491/925 2409/4492/50
f 1832/4493/55 1842/4494/55 2388/4495/55 2378/4496/570
f 1833/4497/71 1834/4498/71 2380/4499/71 2379/4500/71
f 1831/4501/96 1841/4502/96 2386/4503/96 2376/4504/904
f 1850/4505/83 1840/4506/83 2377/4507/655 2387/4508/83
f 1835/4509/71 1836/4510/71 2382/4511/71 2381/4512/71
f 1849/4513/17 1839/4514/17 2375/4515/902 2385/4516/17
f 1834/4517/206 1844/4518/206 2390/4519/206 2380/4520/909
f 1848/4521/37 1847/4499/37 2383/4522/37 2384/4523/37
f 1843/4524/50 1833/4525/50 2379/4490/907 2389/4489/50
f 1841/4526/37 1849/4527/37 2385/4488/37 2386/4487/37
f 1847/4528/55 1837/4529/55 2373/4484/570 2383/4483/55
f 1842/4530/37 1850/4531/37 2387/4481/37 2388/4480/37
f 1837/4532/71 1838/4533/71 2374/4127/71 2373/4534/71
f 1836/4535/228 1846/4536/228 2392/4537/228 2382/4538/908
f 1844/4499/37 1843/4521/37 2389/4539/37 2390/4540/37
f 2397/4435/922 2398/4434/922 2408/4541/125 2407/4542/125
f 2399/4440/915 2400/4439/915 2410/4543/96 2409/4544/96
f 2401/4445/927 2402/4444/927 2412/4545/55 2411/4546/55
f 2393/4427/918 2394/4426/918 2404/4547/228 2403/4548/228
f 2395/4431/916 2396/4430/916 2406/4549/50 2405/4550/50
f 2382/4538/908 2392/4537/228 2412/4551/228 2402/4552/926
f 2390/4540/37 2389/4539/37 2409/4553/37 2410/4526/37
f 2376/4504/904 2396/4554/905 2356/4371/905 2336/4370/904
f 2391/2402/125 2381/2401/656 2401/4555/923 2411/4556/125
f 2392/2392/37 2391/2391/37 2411/4151/37 2412/4408/37
f 2378/4496/570 2398/4557/919 2358/4428/919 2338/3181/570
f 2374/2363/655 2384/2362/83 2404/4558/83 2394/4479/899
f 2378/4496/570 2388/4495/55 2408/4559/55 2398/4557/919
f 2380/4520/909 2400/4560/928 2360/4446/928 2340/4397/909
f 2376/4504/904 2386/4503/96 2406/4561/96 2396/4554/905
f 2387/4508/83 2377/4507/655 2397/4562/899 2407/4563/83
f 2382/4538/908 2402/4552/926 2362/4443/926 2342/4392/908
f 2385/4516/17 2375/4515/902 2395/4564/903 2405/4565/17
f 2380/4520/909 2390/4519/206 2410/4566/206 2400/4560/928
f 2384/4523/37 2383/4522/37 2403/4567/37 2404/4568/37
f 2399/4491/925 2379/4490/907 2339/4389/907 2359/4442/925
f 2379/4569/934 2380/4570/934 2340/4571/934 2339/4572/934
f 2401/4555/923 2381/2401/656 2341/4381/656 2361/4438/923
f 2381/4573/935 2382/4574/935 2342/4575/935 2341/4569/935
f 2393/4485/919 2373/4484/570 2333/2037/570 2353/4433/919
f 2373/4576/936 2374/4262/936 2334/4577/936 2333/4578/936
f 2397/4562/899 2377/4507/655 2337/4357/655 2357/4360/899
f 2377/4579/937 2378/4580/937 2338/4581/937 2337/4582/937
f 2395/4564/903 2375/4515/902 2335/4363/902 2355/4366/903
f 2375/4583/938 2376/4584/938 2336/4585/938 2335/4586/938
f 610/664/939 606/796/939 2414/1605/318 2413/1604/316
f 612/665/939 610/664/939 2413/1604/316 2415/1607/317
f 679/542/940 681/280/940 2417/1623/284 2416/1622/285
f 681/280/940 684/279/940 2418/1626/287 2417/1625/284
f 757/4587/941 753/1398/941 2420/1638/324 2419/1637/322
f 760/1465/941 757/4587/941 2419/1637/322 2421/1640/323
f 781/1512/942 783/4588/942 2423/1646/319 2422/1645/320
f 783/4588/942 786/1536/942 2424/1649/321 2423/1648/319
f 859/4589/943 855/1574/943 2426/1661/293 2425/1660/290
f 861/1595/943 859/4589/943 2425/1660/290 2427/1663/291
f 882/4590/944 885/4591/944 2429/1669/189 2428/1668/190
f 885/4591/944 888/4592/944 2430/1672/188 2429/1671/189
f 961/4593/945 957/4594/945 2432/1684/120 2431/1683/121
f 963/4595/945 961/4593/945 2431/1687/121 2433/1686/124
f 1020/4596/946 1023/4597/946 2435/1701/143 2434/1700/164
f 1023/4597/946 1026/4598/946 2436/1703/159 2435/1701/143
f 1099/4599/947 1095/4600/947 2438/1715/168 2437/1714/169
f 1101/4601/947 1099/4599/947 2437/1714/169 2439/1717/171
f 1158/1590/948 1161/1539/948 2441/1731/86 2440/1730/87
f 1161/1539/948 1164/1538/948 2442/1733/255 2441/1731/86
f 1237/1467/949 1233/1515/949 2444/1745/210 2443/1744/211
f 1240/1468/949 1237/1467/949 2443/1744/211 2445/1747/214
f 1261/1432/950 1263/1375/950 2447/1753/300 2446/1752/301
f 1263/1375/950 1266/271/950 2448/1755/303 2447/1753/300
f 1339/1284/951 1335/537/951 2450/1767/311 2449/1766/309
f 1342/656/951 1339/1284/951 2449/1766/309 2451/1769/310
f 1363/696/952 1365/667/952 2453/1775/223 2452/1774/224
f 1365/667/952 1368/666/952 2454/1778/222 2453/1777/223
f 1441/497/953 1437/552/953 2456/1790/81 2455/1789/82
f 1443/498/953 1441/497/953 2455/1793/82 2457/1792/90
f 1482/106/954 1485/105/954 2459/1803/137 2458/1802/138
f 1485/105/954 1488/1436/954 2460/1806/149 2459/1805/137
f 1561/4602/955 1557/1509/955 2462/1818/178 2461/1817/179
f 1563/1516/955 1561/4602/955 2461/1821/179 2463/1820/180
f 1620/1570/956 1623/4603/956 2465/1835/93 2464/1834/94
f 1623/4603/956 1626/1594/956 2466/1837/234 2465/1835/93
f 1699/4604/957 1695/4605/957 2468/1849/216 2467/1848/217
f 1702/4606/957 1699/4604/957 2467/1848/217 2469/1851/219
f 1732/4607/958 1734/4608/958 2471/1859/182 2470/1858/183
f 1734/4608/958 1737/4609/958 2472/1861/276 2471/1859/182
f 1737/4609/958 585/4610/1 2473/1876/277 2472/1861/276
f 589/4611/1 1732/4607/958 2470/1858/183 2474/1879/184
f 1663/1593/66 1702/4606/957 2469/1851/219 2475/1885/218
f 1695/4605/957 1659/1571/66 2476/1888/95 2468/1849/216
f 1626/1594/956 1663/1593/66 2475/1885/218 2466/1837/234
f 1659/1571/66 1620/1570/956 2464/1834/94 2476/1888/95
f 1531/1435/60 1563/1516/955 2463/1820/180 2477/1891/150
f 1557/1509/955 1527/1396/60 2478/1892/139 2462/1818/178
f 1488/1436/954 1531/1435/60 2477/1891/150 2460/1806/149
f 1527/1396/60 1482/106/954 2458/1802/138 2478/1892/139
f 1411/1036/47 1443/498/953 2457/1792/90 2479/1894/89
f 1437/552/953 1407/697/47 2480/1895/280 2456/1790/81
f 1368/666/952 1411/1036/47 2479/1894/89 2454/1778/222
f 1407/697/47 1363/696/952 2452/1774/224 2480/1895/280
f 1303/270/41 1342/656/951 2451/1769/310 2481/1896/304
f 1335/537/951 1299/536/41 2482/1897/302 2450/1767/311
f 1266/271/950 1303/270/41 2481/1896/304 2448/1755/303
f 1299/536/41 1261/1432/950 2446/1752/301 2482/1897/302
f 1195/4612/34 1240/1468/949 2445/1747/214 2483/1902/213
f 1233/1515/949 1191/4613/34 2484/1904/88 2444/1745/210
f 1164/1538/948 1195/4612/34 2483/1902/213 2442/1733/255
f 1191/4613/34 1158/1590/948 2440/1730/87 2484/1905/88
f 1063/4614/28 1101/4601/947 2439/1717/171 2485/1906/160
f 1095/4600/947 1059/4615/28 2486/1907/145 2438/1715/168
f 1026/4598/946 1063/4614/28 2485/1906/160 2436/1703/159
f 1059/4615/28 1020/4596/946 2434/1700/164 2486/1907/145
f 931/4616/22 963/4595/945 2433/1686/124 2487/1912/123
f 957/4594/945 927/4617/22 2488/1913/119 2432/1684/120
f 888/4592/944 931/4616/22 2487/1912/123 2430/1672/188
f 927/4617/22 882/4590/944 2428/1668/190 2488/1913/119
f 823/1535/14 861/1595/943 2427/1663/291 2489/1915/289
f 855/1574/943 819/1513/14 2490/1916/292 2426/1661/293
f 786/1536/942 823/1535/14 2489/1915/289 2424/1649/321
f 819/1513/14 781/1512/942 2422/1645/320 2490/1916/292
f 715/1371/8 760/1465/941 2421/1640/323 2491/1918/288
f 753/1398/941 711/1299/8 2492/1920/286 2420/1638/324
f 684/279/940 715/1371/8 2491/1923/288 2418/1626/287
f 711/1299/8 679/542/940 2416/1622/285 2492/1924/286
f 585/1277/1 612/665/939 2415/1607/317 2473/1931/277
f 606/796/939 589/795/1 2474/1934/184 2414/1605/318
f 753/1398/959 757/4587/959 2502/4587/959 2547/1398/959
f 1261/1432/71 1299/536/71 2525/536/71 2565/1432/71
f 1488/1436/79 1485/105/79 2534/105/79 2574/1436/79
f 757/4587/959 760/1465/959 2548/1465/959 2502/4587/959
f 1240/1468/37 1195/4612/37 2521/4612/37 2564/1468/37
f 1557/1509/960 1561/4602/960 2537/4602/960 2575/1509/960
f 783/4588/961 781/1512/961 2549/1512/961 2504/4588/961
f 1191/4613/71 1233/1515/71 2563/1515/71 2520/4613/71
f 1561/4602/960 1563/1516/960 2576/1516/960 2537/4602/960
f 786/1536/961 783/4588/961 2504/4588/961 2550/1536/961
f 1195/4612/37 1164/1538/37 2562/1538/37 2521/4612/37
f 1623/4603/962 1620/1570/962 2577/1570/962 2539/4603/962
f 855/1574/963 859/4589/963 2507/4589/963 2551/1574/963
f 1158/1590/71 1191/4613/71 2520/4613/71 2561/1590/71
f 1626/1594/962 1623/4603/962 2539/4603/962 2578/1594/962
f 859/4589/963 861/1595/963 2552/1595/963 2507/4589/963
f 1101/4601/37 1063/4614/37 2516/4614/37 2560/4601/37
f 1695/4605/964 1699/4604/964 2542/4604/964 2579/4605/964
f 885/4591/965 882/4590/965 2553/4590/965 2509/4591/965
f 1059/4615/71 1095/4600/71 2559/4600/71 2515/4615/71
f 1699/4604/964 1702/4606/964 2580/4606/964 2542/4604/964
f 888/4592/965 885/4591/965 2509/4591/965 2554/4592/965
f 1063/4614/37 1026/4598/37 2558/4598/37 2516/4614/37
f 1734/4608/564 1732/4607/564 2581/4607/564 2496/4608/564
f 957/4594/966 961/4593/966 2512/4593/966 2555/4594/966
f 1020/4596/71 1059/4615/71 2515/4615/71 2557/4596/71
f 1737/4609/564 1734/4608/564 2496/4608/564 2582/4609/564
f 961/4593/966 963/4595/966 2556/4595/966 2512/4593/966
f 963/4595/37 931/4616/37 2511/4616/37 2556/4595/37
f 585/4610/37 1737/4609/37 2582/4609/37 2493/4610/37
f 1023/4597/967 1020/4596/967 2557/4596/967 2514/4597/967
f 927/4617/71 957/4594/71 2555/4594/71 2510/4617/71
f 1732/4607/71 589/4611/71 2497/4611/71 2581/4607/71
f 1026/4598/967 1023/4597/967 2514/4597/967 2558/4598/967
f 931/4616/37 888/4592/37 2554/4592/37 2511/4616/37
f 1702/4606/37 1663/1593/37 2541/1593/37 2580/4606/37
f 1095/4600/968 1099/4599/968 2517/4599/968 2559/4600/968
f 882/4590/71 927/4617/71 2510/4617/71 2553/4590/71
f 1659/1571/71 1695/4605/71 2579/4605/71 2540/1571/71
f 1099/4599/968 1101/4601/968 2560/4601/968 2517/4599/968
f 2863/4635/71 2861/4636/71 2798/4637/71 2800/4638/71
f 2861/4636/71 2859/4644/71 2796/4645/71 2798/4646/71
f 2859/4644/71 2857/4649/71 2794/4650/71 2796/4645/71
f 2857/4657/71 2855/4658/71 2792/4659/71 2794/4660/71
f 2855/4667/71 2853/4668/71 2790/4669/71 2792/4670/71
f 2853/4668/71 2851/4673/71 2788/4674/71 2790/4669/71
f 2851/4673/71 2849/4681/71 2786/4682/71 2788/4674/71
f 2840/4683/71 2901/4684/71 2838/4685/71 2775/4686/71
f 2849/4689/71 2847/4690/71 2784/4691/71 2786/4692/71
f 2901/4693/71 2899/4694/71 2836/4695/71 2838/4696/71
f 2847/4690/71 2845/4699/71 2782/4700/71 2784/4691/71
f 2899/4694/71 2897/4701/71 2834/4702/71 2836/4695/71
f 2845/4699/71 2843/4705/71 2780/4706/71 2782/4700/71
f 2897/4701/71 2895/4707/71 2832/4708/71 2834/4709/71
f 2052/3705/798 2021/3722/820 2583/3722/820 2614/3705/799
f 2026/3703/794 2027/4712/969 2589/4712/970 2588/3703/795
f 2027/4712/969 2028/4715/973 2590/4715/974 2589/4712/970
f 2028/4715/973 2029/4718/977 2591/4718/977 2590/4715/974
f 2029/4718/977 2030/4720/980 2592/4720/981 2591/4718/977
f 2030/4720/980 2031/4721/983 2593/4721/984 2592/4720/981
f 2031/4721/983 2032/4722/987 2594/4722/988 2593/4721/984
f 2032/4722/987 2033/4727/991 2595/4727/992 2594/4722/988
f 2033/4727/991 2034/4730/998 2596/4730/999 2595/4727/992
f 2034/4730/998 2035/4733/1004 2597/4733/1005 2596/4730/999
f 2035/4733/1004 2036/4740/1010 2598/4740/1011 2597/4733/1005
f 2036/4740/1010 2037/4745/1016 2599/4745/1016 2598/4740/1011
f 2037/4745/1016 2038/4748/1021 2600/4748/1022 2599/4745/1016
f 2038/4748/1021 2039/3751/851 2601/3751/852 2600/4748/1022
f 2865/4777/71 2863/4635/71 2800/4778/71 2802/4779/71
f 2867/4819/71 2865/4820/71 2802/4779/71 2804/4821/71
f 2869/4824/71 2867/4825/71 2804/4826/71 2806/4827/71
f 2871/4830/71 2869/4824/71 2806/4831/71 2808/4832/71
f 2873/4837/71 2871/4838/71 2808/4839/71 2810/4840/71
f 2875/4843/71 2873/4837/71 2810/4844/71 2812/4845/71
f 2877/4847/71 2875/4843/71 2812/4845/71 2814/4848/71
f 2879/4850/71 2877/4847/71 2814/4851/71 2816/4852/71
f 2881/4854/71 2879/4855/71 2816/4852/71 2818/4856/71
f 2883/4858/71 2881/4854/71 2818/4856/71 2820/4859/71
f 2885/4862/71 2883/4858/71 2820/4859/71 2822/4863/71
f 2887/4866/71 2885/4862/71 2822/4867/71 2824/4868/71
f 2889/4873/71 2887/4866/71 2824/4874/71 2826/4875/71
f 2891/4878/71 2889/4879/71 2826/4880/71 2828/4881/71
f 2893/4883/71 2891/4884/71 2828/4881/71 2830/4885/71
f 2841/4886/71 2840/4887/71 2775/4686/71 2778/4888/71
f 2895/4707/71 2893/4889/71 2830/4885/71 2832/4708/71
f 2843/4705/71 2841/4886/71 2778/4888/71 2780/4706/71
f 5295/3348/1024 5296/3324/1025 2714/4890/1026 2711/4891/1024
f 5296/3324/1025 4089/3325/1027 2716/4892/1028 2714/4893/1026
f 4089/3387/1027 4090/3272/1029 2718/4894/1030 2716/4895/1028
f 4090/3272/1029 4091/3273/1031 2720/4896/1032 2718/4897/1030
f 4091/3273/1031 4092/3316/1033 2722/4898/1034 2720/4899/1032
f 4092/3316/1033 4093/3317/1035 2724/4900/1036 2722/4901/1034
f 4093/4902/1035 4094/3264/1037 2726/4903/1038 2724/4904/1036
f 4094/3264/1037 5297/3265/1039 2728/4905/1039 2726/4906/1038
f 5297/3265/1039 5298/3243/1040 2730/4907/1041 2728/4908/1039
f 5298/3243/1040 4097/3244/1042 2732/4909/1043 2730/4910/1041
f 4097/3244/1042 4098/3256/1044 2734/4911/1045 2732/4912/1043
f 4098/3256/1044 4099/3257/1046 2736/4913/1047 2734/4914/1045
f 4099/3257/1046 4100/3298/1048 2738/4915/1049 2736/4916/1047
f 4100/3298/1048 4101/3299/1050 2740/4917/1051 2738/4918/1049
f 4101/3340/1050 4102/3246/1052 2742/4919/1053 2740/4920/1051
f 4102/3246/1052 5299/3247/1054 2744/4921/1054 2742/4922/1053
f 5299/3247/1054 5300/3288/1055 2746/4923/1056 2744/4924/1054
f 5300/3288/1055 4105/3289/1057 2748/4925/1058 2746/4926/1056
f 4105/3289/1057 4106/3330/1059 2750/4927/1060 2748/4928/1058
f 4106/4929/1059 4107/3331/1061 2752/4930/1062 2750/4931/1060
f 4107/3331/1061 4108/3278/1063 2754/4932/1064 2752/4933/1062
f 4108/4934/1063 4109/3279/1065 2756/4935/1066 2754/4936/1064
f 4109/3279/1065 4110/3322/1067 2758/4937/1068 2756/4938/1066
f 4110/3322/1067 5301/3323/1069 2760/4939/1069 2758/4940/1068
f 5301/3323/1069 5302/3270/1070 2762/4941/1071 2760/4942/1069
f 5302/3270/1070 4113/3271/1072 2764/4943/1073 2762/4944/1071
f 4113/3271/1072 4114/3314/1074 2766/4945/1075 2764/4946/1073
f 4114/3314/1074 4115/3315/1076 2768/4947/1077 2766/4948/1075
f 4115/3315/1076 4116/3262/1078 2770/4949/1079 2768/4950/1077
f 4116/3262/1078 4117/3263/1080 2772/4951/1081 2770/4952/1079
f 4117/3263/1080 4118/3308/1082 2774/4953/1083 2772/4954/1081
f 4118/3308/1082 5295/3309/1024 2711/4955/1024 2774/4956/1083
f 2776/3722/1089 2777/3718/1025 2778/4888/1026 2775/4686/1089
f 2777/3718/1025 2779/3712/1027 2780/4706/1028 2778/4888/1026
f 2779/3712/1027 2781/3708/1029 2782/4700/1090 2780/4706/1028
f 2781/3708/1029 2783/3702/1031 2784/4691/1032 2782/4700/1090
f 2783/3702/1031 2785/3703/1033 2786/4692/1088 2784/4691/1032
f 2785/3703/1033 2787/4712/1035 2788/4674/1091 2786/4682/1088
f 2787/4712/1035 2789/4715/1092 2790/4669/1093 2788/4674/1091
f 2789/4715/1092 2791/4718/1094 2792/4670/1094 2790/4669/1093
f 2791/4718/1094 2793/4720/1095 2794/4660/1096 2792/4659/1094
f 2793/4720/1095 2795/4721/1042 2796/4645/1097 2794/4650/1096
f 2795/4721/1042 2797/4722/1044 2798/4646/1098 2796/4645/1097
f 2797/4722/1044 2799/4727/1046 2800/4638/1047 2798/4637/1098
f 2799/4727/1046 2801/4730/1048 2802/4779/1099 2800/4778/1047
f 2801/4730/1048 2803/4733/1050 2804/4821/1051 2802/4779/1099
f 2803/4733/1050 2805/4740/1052 2806/4827/1053 2804/4826/1051
f 2805/4740/1052 2807/5021/1100 2808/4832/1100 2806/4831/1053
f 2807/5021/1100 2809/4748/1055 2810/4840/1056 2808/4839/1100
f 2809/4748/1055 2811/3751/1057 2812/4845/1058 2810/4844/1056
f 2811/3751/1057 2813/3748/1059 2814/4848/1101 2812/4845/1058
f 2813/3748/1059 2815/3743/1061 2816/4852/1062 2814/4851/1101
f 2815/3743/1061 2817/3740/1063 2818/4856/1084 2816/4852/1062
f 2817/3740/1063 2819/3737/1102 2820/4859/1066 2818/4856/1084
f 2819/3737/1102 2821/3734/1103 2822/4863/1104 2820/4859/1066
f 2821/3734/1103 2823/3731/1105 2824/4868/1105 2822/4867/1104
f 2823/3731/1105 2825/3726/1106 2826/4875/1107 2824/4874/1105
f 2825/3726/1106 2827/3723/1072 2828/4881/1108 2826/4880/1107
f 2827/3723/1072 2829/3719/1074 2830/4885/1086 2828/4881/1108
f 2829/3719/1074 2831/3713/1076 2832/4708/1077 2830/4885/1086
f 2831/3713/1076 2833/3709/1078 2834/4709/1109 2832/4708/1077
f 2833/3709/1078 2835/3704/1080 2836/4695/1081 2834/4702/1109
f 2835/3704/1080 2837/3705/1082 2838/4696/1083 2836/4695/1081
f 2837/3705/1082 2776/3722/1089 2775/4686/1089 2838/4685/1083
f 2946/2021/1110 2961/2024/1111 2962/2024/1112 2945/2021/1113
f 2966/5086/1114 2943/2051/1115 2944/2051/1116 2965/2050/1117
f 2928/1997/1118 2913/1998/1119 2914/1998/1120 2927/1997/1118
f 2942/3161/1121 2947/2020/1122 2948/2020/1123 2941/3161/1121
f 2956/2053/1124 2966/2050/1114 2965/2050/1117 2955/2053/1124
f 2924/3177/1125 2963/3163/1126 2964/3163/1127 2923/3177/1128
f 2930/2004/1129 2939/2005/1130 2940/2005/1131 2929/2004/1132
f 2963/3163/1126 2935/2010/1133 2936/2010/1134 2964/3163/1127
f 2912/3165/1135 2925/3164/1136 2926/3164/1137 2911/3165/1138
f 2960/2049/1139 2931/2009/1140 2932/2009/1141 2959/2049/1142
f 2961/2024/1111 2953/2025/1143 2954/2025/1144 2962/2024/1112
f 2958/2048/1145 2960/2049/1139 2959/2049/1142 2957/2048/1146
f 2920/5087/1147 2958/2048/1145 2957/2048/1146 2919/2002/1148
f 2908/5088/1149 2921/2001/1150 2922/2001/1150 2907/1996/1151
f 2938/2012/1152 2956/2053/1124 2955/2053/1124 2937/2012/1153
f 2952/3160/1154 2909/1995/1155 2910/1995/1156 2951/3160/1157
f 2950/3178/1158 2917/1999/1159 2918/1999/1160 2949/3178/1161
f 2953/2025/1143 2952/3160/1154 2951/3160/1157 2954/2025/1144
f 2904/1471/1162 2950/3178/1158 2949/3178/1161 2903/1471/1163
f 2947/2020/1122 2946/2021/1110 2945/2021/1113 2948/2020/1123
f 2943/2051/1115 2905/1470/1164 2906/1470/1165 2944/3225/1116
f 2934/2011/1166 2942/3161/1121 2941/3161/1121 2933/2011/1167
f 2939/2005/1130 2938/2012/1152 2937/2012/1153 2940/2005/1131
f 2935/2010/1133 2934/2011/1166 2933/2011/1167 2936/2010/1134
f 2931/2009/1140 2930/2004/1129 2929/2004/1132 2932/2009/1141
f 2916/2000/1168 2928/3162/1118 2927/3162/1118 2915/2000/1169
f 2925/3164/1136 2924/3177/1125 2923/3177/1128 2926/3164/1137
f 2921/2001/1150 2920/2003/1147 2919/2002/1148 2922/2001/1150
f 2917/2052/1159 2916/2000/1168 2915/2000/1169 2918/1999/1160
f 2913/1998/1119 2912/3165/1135 2911/3165/1138 2914/1998/1120
f 2909/1995/1155 2908/1996/1149 2907/1996/1151 2910/1995/1156
f 2905/1470/1164 2904/1471/1162 2903/1471/1163 2906/1470/1165
f 2903/1471/37 2949/3178/37 1948/3178/37 1950/1471/37
f 3006/2024/1063 3019/2021/1065 3020/2021/1066 3005/2024/1084
f 2994/5089/1035 3009/2050/1037 3010/2050/1038 2993/2051/1091
f 3030/1998/1082 2983/1997/1089 2984/1997/1089 3029/1998/1083
f 3022/2020/1067 3023/3161/1069 3024/3161/1069 3021/2020/1104
f 3009/2050/1037 3015/2053/1039 3016/2053/1039 3010/2050/1038
f 3008/3163/1074 2979/3177/1076 2980/3177/1077 3007/3163/1086
f 2992/2005/1042 2985/2004/1044 2986/2004/1098 2991/2005/1097
f 2990/2010/1072 3008/3163/1074 3007/3163/1086 2989/2010/1108
f 2982/3164/1078 3027/3165/1080 3028/3165/1081 2981/3164/1109
f 2988/2009/1046 3003/2049/1048 3004/2049/1099 2987/2009/1047
f 3000/2025/1061 3006/2024/1063 3005/2024/1084 2999/2025/1062
f 3003/2049/1048 3001/2048/1050 3002/2048/1051 3004/2049/1099
f 3001/2048/1050 2977/2003/1052 2978/2002/1053 3002/2048/1051
f 3012/2001/1100 3013/5088/1055 3014/1996/1056 3011/2001/1100
f 3015/5090/1039 3017/5091/1040 3018/2012/1096 3016/2053/1039
f 2972/1995/1057 2997/3160/1059 2998/3160/1101 2971/1995/1058
f 2976/1999/1027 2995/3178/1029 2996/3178/1090 2975/1999/1028
f 2997/5092/1059 3000/2025/1061 2999/2025/1062 2998/3160/1101
f 2995/3178/1029 2967/1471/1031 2968/1471/1032 2996/3178/1090
f 3019/2021/1065 3022/2020/1067 3021/2020/1104 3020/2021/1066
f 2970/1472/1033 2994/2051/1035 2993/2051/1091 2969/3199/1088
f 3023/5093/1069 3025/5094/1070 3026/2011/1107 3024/3161/1069
f 3017/2012/1040 2992/2005/1042 2991/2005/1097 3018/2012/1096
f 3025/2011/1070 2990/2010/1072 2989/2010/1108 3026/2011/1107
f 2985/5095/1044 2988/2009/1046 2987/2009/1047 2986/2004/1098
f 2983/3162/1089 2973/2000/1025 2974/2000/1026 2984/3162/1089
f 2979/3177/1076 2982/3164/1078 2981/3164/1109 2980/3177/1077
f 2977/2003/1052 3012/2001/1100 3011/2001/1100 2978/2002/1053
f 2973/5096/1025 2976/2052/1027 2975/2052/1028 2974/2000/1026
f 3027/3165/1080 3030/5097/1082 3029/1998/1083 3028/3165/1081
f 3013/3169/1055 2972/1995/1057 2971/1995/1058 3014/1996/1056
f 2967/1471/1031 2970/1470/1033 2969/1470/1088 2968/1471/1032
f 4022/3165/1081 3159/3164/1109 3160/3164/1078 4021/3165/1080
f 3162/3177/1077 3163/3163/1086 3164/3163/1074 3161/3177/1076
f 4026/3161/1105 4027/2020/1104 4028/2020/1103 4025/3161/1105
f 4030/2021/1066 3165/2024/1084 3166/2024/1063 4029/2021/1102
f 3168/1995/1176 4031/1996/1056 4032/1996/1055 3167/1995/1057
f 4034/2001/1100 3169/5087/1053 3170/5087/1052 4033/2001/1100
f 3172/2009/1047 3173/2004/1098 3174/2004/1044 3171/2009/1046
f 3176/2005/1097 4015/2012/1096 4016/2012/1095 3175/2005/1177
f 3178/2051/1091 3179/1470/1088 3180/1470/1033 3177/2051/1178
f 3182/1471/1032 3183/3178/1090 3184/3178/1029 3181/1471/1031
f 3183/5167/1090 3185/1999/1028 3186/1999/1027 3184/3178/1029
f 4015/2012/1096 4017/2053/1094 4018/5168/1094 4016/5169/1095
f 3169/5087/1053 3187/2048/1051 3188/2048/1050 3170/5087/1052
f 3165/2024/1084 3189/2025/1062 3190/2025/1061 3166/2024/1063
f 3163/3163/1086 3191/2010/1108 3192/2010/1179 3164/3163/1074
f 3194/1997/1089 4019/1998/1083 4020/1998/1082 3193/1997/1089
f 4019/1998/1083 4022/3165/1081 4021/5170/1080 4020/5097/1082
f 3159/3164/1109 3162/3177/1077 3161/3177/1076 3160/3164/1078
f 3191/2010/1108 4023/2011/1107 4024/2011/1106 3192/2010/1179
f 4023/2011/1107 4026/3161/1105 4025/3161/1105 4024/5171/1106
f 4027/2020/1104 4030/2021/1066 4029/2021/1102 4028/2020/1103
f 3189/2025/1062 3195/3160/1101 3196/3160/1059 3190/2025/1061
f 3195/3160/1101 3168/1995/1176 3167/1995/1057 3196/3160/1059
f 4031/1996/1056 4034/2001/1100 4033/2001/1100 4032/5172/1055
f 3187/2048/1051 3197/2049/1099 3198/2049/1048 3188/2048/1050
f 3197/2049/1099 3172/2009/1047 3171/2009/1046 3198/2049/1048
f 3173/2004/1098 3176/2005/1097 3175/2005/1177 3174/2004/1044
f 4017/2053/1094 3199/2050/1093 3200/2050/1092 4018/2053/1094
f 3199/5173/1093 3178/2051/1091 3177/2051/1178 3200/2050/1092
f 3179/1470/1088 3182/1471/1032 3181/1471/1031 3180/1470/1033
f 3185/1999/1028 3201/2000/1026 3202/2000/1025 3186/1999/1027
f 3201/2000/1026 3194/3162/1089 3193/3162/1089 3202/2000/1025
f 4869/5174/1180 4771/5175/1181 4963/5176/1182 5061/5177/1183
f 4837/5178/1184 4741/5179/1185 4933/5180/1186 5028/5181/1187
f 3242/2464/1188 3232/2466/1189 4831/2466/1190 4872/5182/1191
f 4755/5183/1192 4753/5184/1193 4944/5185/1194 4948/5186/1195
f 4054/2001/1196 3213/5087/1197 4761/5087/1198 4759/5187/1199
f 4737/5188/1200 4834/5189/1201 5025/5190/1202 4930/5191/1203
f 4749/5192/1204 4759/5193/1199 4950/5194/1205 4942/5195/1206
f 3218/2282/1207 3215/2476/1208 4767/5196/1209 4777/2282/1210
f 3212/1995/1211 4051/1996/1212 4749/5197/1204 4747/5198/1213
f 4824/5219/1228 4788/5220/1229 4981/5221/1230 5017/5222/1231
f 3239/3160/1234 3212/1995/1211 4747/1995/1213 4863/3160/1235
f 3210/2358/1240 4049/2359/1241 4731/2359/1242 4741/5229/1185
f 3229/1999/1247 3245/2000/1248 4881/5234/1249 4815/1999/1250
f 4046/3161/1261 4047/2020/1262 4725/2020/1263 4723/5245/1264
f 4037/2053/1265 3243/2050/1266 4875/2050/1267 4821/5246/1268
f 4857/5251/1273 4723/5252/1264 4914/5253/1274 5050/5254/1275
f 4040/2471/1282 3237/2324/1283 4846/5263/1284 4855/5264/1285
f 3888/5676/1100 3889/5677/1055 3890/5678/1056 3887/5679/1100
f 3889/5677/1055 3891/5680/1057 3892/5681/1058 3890/5678/1056
f 3891/5680/1057 3893/5682/1059 3894/5683/1101 3892/5684/1058
f 3893/5682/1059 3895/5685/1061 3896/5686/1062 3894/5687/1101
f 3895/5685/1061 3897/5688/1063 3898/5689/1084 3896/5690/1062
f 3897/5688/1063 3899/5691/1102 3900/5692/1066 3898/5689/1084
f 3899/5691/1102 3901/5693/1103 3902/5694/1104 3900/5695/1066
f 3901/5693/1103 3903/5696/1105 3904/5697/1105 3902/5694/1104
f 3903/5696/1105 3905/5698/1106 3906/5699/1107 3904/5697/1105
f 3905/5698/1106 3907/5700/1179 3908/5701/1108 3906/5699/1107
f 3907/5700/1179 3909/5702/1074 3910/5703/1075 3908/5704/1108
f 3909/5702/1074 3911/5705/1076 3912/5706/1077 3910/5703/1075
f 3911/5707/1076 3913/5708/1078 3914/5709/1109 3912/5710/1077
f 3913/5708/1078 3915/5711/1080 3916/5712/1081 3914/5713/1109
f 3915/5711/1080 3917/5714/1082 3918/5715/1083 3916/5712/1081
f 3917/5714/1082 3919/5716/1089 3920/5717/1089 3918/5718/1083
f 3919/5716/1089 3921/5719/1025 3922/5720/1026 3920/5721/1089
f 3921/5722/1025 3923/5723/1027 3924/5724/1028 3922/5720/1026
f 3923/5725/1027 3925/5726/1029 3926/5727/1090 3924/5724/1028
f 3925/5726/1029 3927/5728/1031 3928/5729/1032 3926/5727/1090
f 3927/5728/1031 3929/5730/1033 3930/5731/1088 3928/5732/1032
f 3929/5730/1033 3931/5733/1178 3932/5734/1091 3930/5735/1088
f 3931/5733/1178 3933/5736/1092 3934/5737/1093 3932/5738/1091
f 3933/5736/1092 3935/5739/1094 3936/5740/1094 3934/5737/1093
f 3935/5739/1094 3937/5741/1095 3938/5742/1096 3936/5740/1094
f 3937/5741/1095 3939/5743/1177 3940/5744/1097 3938/5745/1096
f 3939/5746/1177 3941/5747/1044 3942/5748/1098 3940/5744/1097
f 3941/5747/1044 3943/5749/1046 3944/5750/1047 3942/5751/1098
f 3943/5749/1046 3945/5752/1048 3946/5753/1099 3944/5754/1047
f 3945/5752/1048 3947/5755/1050 3948/5756/1051 3946/5753/1099
f 3947/5755/1050 3949/5757/1052 3950/5758/1053 3948/5759/1051
f 3949/5760/1052 3888/5676/1100 3887/5679/1100 3950/5761/1053
f 3824/5762/1089 3825/5763/1025 3826/3718/1026 3823/3722/1089
f 3825/5763/1025 3827/5764/1027 3828/3712/1028 3826/3718/1026
f 3827/5765/1027 3829/5766/1029 3830/5767/1090 3828/3712/1028
f 3829/5766/1029 3831/5768/1031 3832/3702/1032 3830/5767/1090
f 3831/5768/1031 3833/5769/1033 3834/3703/1088 3832/3702/1032
f 3833/5769/1033 3835/5770/1178 3836/4712/1091 3834/3703/1088
f 3835/5770/1178 3837/5771/1092 3838/5772/1093 3836/4712/1091
f 3837/5771/1092 3839/5773/1094 3840/4718/1094 3838/4715/1093
f 3839/5773/1094 3841/5774/1095 3842/5775/1096 3840/4718/1094
f 3841/5776/1095 3843/5777/1177 3844/4721/1097 3842/4720/1096
f 3843/5777/1177 3845/5778/1044 3846/5779/1098 3844/4721/1097
f 3845/5778/1044 3847/5780/1046 3848/5781/1047 3846/4722/1098
f 3847/5780/1046 3849/5782/1048 3850/4730/1099 3848/4727/1047
f 3849/5783/1048 3851/5784/1050 3852/4733/1051 3850/5785/1099
f 3851/5786/1050 3853/5787/1052 3854/4740/1053 3852/4733/1051
f 3853/5788/1052 3855/5789/1100 3856/4745/1100 3854/4740/1053
f 3855/5790/1100 3857/5791/1055 3858/4748/1056 3856/4745/1100
f 3857/5792/1055 3859/5793/1057 3860/3751/1058 3858/4748/1056
f 3859/5793/1057 3861/5794/1059 3862/3748/1101 3860/3751/1058
f 3861/5794/1059 3863/5795/1061 3864/3743/1062 3862/3748/1101
f 3863/5796/1061 3865/5797/1063 3866/3740/1084 3864/3743/1062
f 3865/5798/1063 3867/5799/1102 3868/3737/1066 3866/3740/1084
f 3867/5800/1102 3869/5801/1103 3870/3734/1104 3868/3737/1066
f 3869/5802/1103 3871/5803/1105 3872/3731/1105 3870/3734/1104
f 3871/5803/1105 3873/5804/1106 3874/3726/1107 3872/3731/1105
f 3873/5804/1106 3875/5805/1179 3876/3723/1108 3874/3726/1107
f 3875/5805/1179 3877/5806/1074 3878/3719/1086 3876/3723/1108
f 3877/5807/1074 3879/5808/1076 3880/3713/1077 3878/3719/1086
f 3879/5809/1076 3881/5810/1078 3882/3709/1109 3880/3713/1077
f 3881/5811/1078 3883/5812/1080 3884/3704/1081 3882/3709/1109
f 3883/5812/1080 3885/5813/1082 3886/5814/1083 3884/3704/1081
f 3885/5815/1082 3824/5762/1089 3823/3722/1089 3886/3705/1083
f 2712/5920/83 2713/5921/83 4088/5922/83 4087/5923/83
f 2727/5942/228 2729/5943/228 4096/5944/228 4095/5945/228
f 2743/5964/55 2745/5965/55 4104/5966/55 4103/5967/55
f 2759/5986/125 2761/5987/125 4112/5988/125 4111/5989/125
f 2717/3272/71 2715/3325/71 4141/3325/1316 4147/3272/1317
f 2765/3314/71 2763/3271/71 4285/3271/1318 4291/3314/1319
f 1988/3308/37 1957/3309/722 4123/6014/725 4134/3308/1322
f 2767/3315/71 2765/3314/71 4291/3314/1319 4297/6015/748
f 2753/3278/71 2751/3331/71 4248/6016/1323 4255/6017/1324
f 2769/3262/71 2767/3315/71 4297/6018/748 4302/6019/747
f 2749/3330/71 2747/3289/71 4237/3289/1325 4243/3330/1326
f 1981/3323/37 1982/3270/37 4275/6020/1327 4270/6021/1328
f 1974/3288/37 1975/3289/37 4233/3289/1329 4227/6022/1330
f 4270/6023/1328 4275/3383/1327 4468/6024/1331 4461/6025/1332
f 4228/3288/1333 4234/3289/302 4236/3289/304 4230/3288/1334
f 1980/3322/37 1981/3323/37 4270/6026/1328 4263/3322/1335
f 5308/3288/71 5307/3247/71 4224/6027/1336 4231/6028/1337
f 1979/3279/37 1980/3322/37 4263/3322/1335 4257/3279/1338
f 2741/3246/71 2739/3340/71 4213/3340/1339 4219/3246/1340
f 1977/3331/37 1978/3278/37 4251/6029/1341 4246/6030/1342
f 2739/3340/71 2737/3298/71 4207/6039/1351 4213/3340/1339
f 2737/3298/71 2735/3257/71 4200/6042/1354 4207/6043/1351
f 2733/3256/71 2731/3244/71 4189/3244/1357 4195/3256/1358
f 1973/3247/37 1974/3288/37 4227/6046/1330 4222/6047/1359
f 2731/3244/71 5306/3243/71 4183/3245/1368 4189/3244/1357
f 5306/3243/71 5305/3265/71 4176/6058/1371 4183/3341/1368
f 4210/3299/709 4216/3246/1374 4218/3246/213 4212/3340/710
f 1967/3244/37 1968/3256/723 4191/3256/1375 4185/3244/659
f 5307/3247/71 2741/3246/71 4219/3246/1340 4224/6061/1336
f 1968/3256/723 1969/3257/37 4197/6062/713 4191/3256/1375
f 4231/6063/1337 4224/6064/1336 4417/6065/1372 4422/6066/1348
f 1969/3257/37 1970/3298/37 4203/6067/714 4197/6042/713
f 2747/3289/71 5308/3288/71 4231/6068/1337 4237/3289/1325
f 1970/3298/37 1971/3299/37 4209/3299/1376 4203/6069/714
f 4234/3289/302 4240/3330/1377 4242/3330/1378 4236/3289/304
f 1971/3299/37 1972/3246/37 4215/3246/1379 4209/3299/1376
f 2751/3331/71 2749/3330/71 4243/3330/1326 4248/6070/1323
f 4216/3246/1374 4221/3247/1380 4225/3247/1381 4218/3246/213
f 4255/6071/1324 4248/6072/1323 4441/6073/1355 4446/6074/1382
f 2755/3279/71 2753/3278/71 4255/6079/1324 4261/3279/1387
f 2757/3322/71 2755/3279/71 4261/3279/1387 4267/3322/1392
f 1975/3289/37 1976/3330/37 4239/3330/1393 4233/3289/1329
f 5309/3323/71 2757/3322/71 4267/3322/1392 4273/6026/775
f 4240/3330/1377 4245/3331/1394 4249/3331/1395 4242/3330/1378
f 5310/3270/71 5309/3323/71 4273/6084/775 4278/6085/774
f 2763/3271/71 5310/3270/71 4278/6090/774 4285/3271/1318
f 4290/3314/1404 4284/3271/150 4282/3271/139 4288/3314/1405
f 4123/6095/725 4125/6096/724 4318/6097/1406 4314/6098/1407
f 4258/3279/1408 4264/3322/1409 4266/3322/1410 4260/3279/1411
f 4296/3315/1412 4290/3314/1404 4288/3314/1405 4294/3315/1413
f 2715/3325/71 5304/3324/71 4128/6099/1414 4141/3325/1316
f 4264/3322/1409 4269/3323/1419 4272/3323/1420 4266/3322/1410
f 4146/3272/780 4140/3325/1421 4138/3387/1422 4144/3272/781
f 4339/3272/1426 4345/3273/1427 4341/3273/1428 4335/3272/1429
f 4494/3262/1430 4501/3263/1431 4497/3263/1432 4492/3262/1433
f 4471/6108/777 4464/6109/776 4657/6110/1434 4663/6111/1424
f 4333/3325/1435 4339/3272/1426 4335/3272/1429 4329/3387/1436
f 4320/3324/1443 4333/3325/1435 4329/3387/1436 4317/3324/1444
f 4477/3271/1453 4483/3314/1454 4479/3314/1455 4473/3271/1456
f 4470/3270/1458 4477/3271/1453 4473/3271/1456 4467/3270/1459
f 4446/6130/1382 4441/6131/1355 4633/6132/1356 4639/6133/1457
f 4438/3331/1462 4431/3330/1463 4435/3330/1464 4440/3331/1465
f 4462/3323/1466 4455/3322/1467 4459/3322/1468 4465/3323/1469
f 4431/3330/1463 4425/3289/1470 4429/3289/1471 4435/3330/1464
f 4455/3322/1467 4449/3279/1472 4453/3279/1473 4459/3322/1468
f 4425/3289/1470 4419/3288/1474 4423/3288/1475 4429/3289/1471
f 4449/3279/1472 4443/3278/1476 4447/3278/1477 4453/3279/1473
f 4422/6136/1348 4417/6137/1372 4609/6138/1373 4615/6139/1349
f 4414/3247/1482 4407/3246/1483 4411/3246/1484 4416/3247/1485
f 4407/3246/1483 4401/3299/1488 4405/3340/1489 4411/3246/1484
f 4401/3299/1488 4395/3298/1492 4399/3298/1493 4405/3340/1489
f 4398/6152/1365 4393/6153/1496 4585/6154/1497 4591/6155/1366
f 1985/3315/37 1986/3262/37 4300/6158/757 4293/6018/756
f 2719/3273/71 2717/3272/71 4147/3272/1317 4153/6159/734
f 1978/3278/37 1979/3279/37 4257/3279/1338 4251/6160/1341
f 2721/3316/71 2719/3273/71 4153/6165/734 4158/6166/733
f 2771/3263/71 2769/3262/71 4302/6179/747 4309/3263/760
f 2725/3264/71 2723/3317/71 4165/3317/1515 4171/3264/1516
f 2723/3317/71 2721/3316/71 4158/6196/733 4165/3317/1515
f 1986/3262/37 1987/3263/37 4305/3263/1531 4300/6197/757
f 1987/3263/37 1988/3308/37 4134/3308/1322 4305/3263/1531
f 1962/3316/37 1963/3317/37 4161/3317/726 4156/6196/743
f 4128/6214/1414 4120/6215/1546 4311/6216/1547 4321/6097/1450
f 4390/6237/716 4396/6152/715 4587/6155/1567 4581/6238/1568
f 4486/6253/759 4491/6254/758 4683/6255/1579 4677/6256/1573
f 4413/6137/1580 4420/6267/1588 4611/6139/1589 4605/6138/1581
f 4342/6275/773 4347/6276/772 4539/6277/1595 4533/6278/1590
f 4437/6131/1601 4444/6290/1605 4635/6291/1606 4629/6292/1602
f 4366/6299/746 4371/6300/745 4563/6301/1610 4557/6302/1607
f 4461/6313/1332 4468/6314/1331 4659/6111/1566 4653/6315/1615
f 4321/6318/1450 4311/6319/1547 4503/6320/1578 4513/6321/1451
f 4353/3317/1623 4348/3316/1624 4350/3316/1625 4357/3317/1626
f 4483/3314/1454 4489/3315/1627 4485/3315/1628 4479/3314/1455
f 4324/3308/1629 4312/3309/1630 4315/3309/1631 4326/3308/1632
f 4359/3264/1633 4353/3317/1623 4357/3317/1626 4363/3264/1634
f 4495/6254/750 4488/6327/749 4681/6328/1514 4687/6255/1635
f 4365/3265/1636 4359/3264/1633 4363/3264/1634 4368/3265/1637
f 4351/6335/736 4344/6336/735 4537/6337/1638 4543/6277/1641
f 4501/3263/1431 4324/3308/1629 4326/3308/1632 4497/3263/1432
f 4389/3257/1650 4383/3256/1651 4387/3256/1652 4392/3257/1653
f 4374/6300/1541 4369/6299/1654 4561/6354/1655 4567/6301/1542
f 4377/3244/1660 4372/3355/1661 4375/3243/1662 4381/3244/1663
f 4383/3256/1651 4377/3244/1660 4381/3244/1663 4387/3256/1652
f 4252/3278/1666 4258/3279/1408 4260/3279/1411 4254/3278/1667
f 1976/3330/37 1977/3331/37 4246/6361/1342 4239/3330/1393
f 4246/6362/1342 4251/6071/1341 4444/6074/1605 4437/6363/1601
f 1972/3246/37 1973/3247/37 4222/6364/1359 4215/3246/1379
f 4222/6365/1359 4227/6366/1330 4420/6367/1588 4413/6368/1580
f 2735/3257/71 2733/3256/71 4195/3256/1358 4200/6062/1354
f 4207/6369/1351 4200/3343/1354 4393/3346/1496 4398/6370/1365
f 5305/3265/71 2725/3264/71 4171/3264/1516 4176/6371/1371
f 4183/3363/1368 4176/3362/1371 4369/6372/1654 4374/3364/1541
f 1958/3324/723 1959/3387/37 4137/3387/778 4125/6373/724
f 4140/3325/1421 4129/3324/1668 4126/3324/1669 4138/3387/1422
f 4314/6374/1407 4318/6375/1406 4509/6376/1600 4507/6377/1621
f 5303/3309/71 2773/3308/71 4132/3308/761 4120/6378/1546
f 1982/3270/37 1983/3271/37 4281/3271/767 4275/6379/1327
f 4284/3271/150 4279/3270/1670 4276/3270/1671 4282/3271/139
f 4125/6373/724 4137/3387/778 4139/6464/1723 4127/3324/1676
f 4127/3324/1724 4139/6464/1725 4138/3387/1422 4126/3324/1669
f 4137/3387/778 4143/3272/751 4145/3272/493 4139/6464/1723
f 4139/6464/1725 4145/3272/1726 4144/3272/781 4138/3387/1422
f 4143/3272/751 4149/3374/744 4151/3273/1727 4145/3272/493
f 4145/3272/1726 4151/3273/1728 4150/3273/782 4144/3272/781
f 4156/6196/743 4161/3317/726 4163/3317/1729 4157/3316/1730
f 4157/3316/1731 4163/3317/1732 4162/3317/292 4155/3316/765
f 4161/3317/726 4167/3264/717 4169/3264/1733 4163/3317/1729
f 4163/3317/1732 4169/3264/1734 4168/3264/752 4162/3317/292
f 4167/3264/717 4173/3347/712 4175/3265/1735 4169/3264/1733
f 4169/3264/1734 4175/3265/1736 4174/3265/753 4168/3264/752
f 4180/3245/660 4185/3244/659 4187/3244/1737 4181/3243/1738
f 4181/3243/1739 4187/3244/1740 4186/3244/727 4179/3243/737
f 4185/3244/659 4191/3256/1375 4193/3256/1741 4187/3244/1737
f 4187/3244/1740 4193/3256/1742 4192/3256/718 4186/3244/727
f 4191/3256/1375 4197/6062/713 4199/3257/1743 4193/3256/1741
f 4193/3256/1742 4199/3257/1744 4198/3257/719 4192/3256/718
f 4203/6069/714 4209/3299/1376 4211/3299/1745 4205/3298/1720
f 4205/3298/1746 4211/3299/1747 4210/3299/709 4204/3298/708
f 4209/3299/1376 4215/3246/1379 4217/3246/1748 4211/3299/1745
f 4211/3299/1747 4217/3246/434 4216/3246/1374 4210/3299/709
f 4215/3246/1379 4222/6364/1359 4223/3247/1712 4217/3246/1748
f 4217/3246/434 4223/3247/1749 4221/3247/1380 4216/3246/1374
f 4227/6022/1330 4233/3289/1329 4235/3289/1750 4229/3288/1709
f 4229/3288/1751 4235/3289/1752 4234/3289/302 4228/3288/1333
f 4233/3289/1329 4239/3330/1393 4241/3330/1753 4235/3289/1750
f 4235/3289/1752 4241/3330/1754 4240/3330/1377 4234/3289/302
f 4239/3330/1393 4246/6361/1342 4247/3331/1700 4241/3330/1753
f 4241/3330/1754 4247/3331/1755 4245/3331/1394 4240/3330/1377
f 4251/6160/1341 4257/3279/1338 4259/3279/1756 4253/3278/1697
f 4253/3278/1757 4259/3279/1758 4258/3279/1408 4252/3278/1666
f 4257/3279/1338 4263/3322/1335 4265/3322/1759 4259/3279/1756
f 4259/3279/1758 4265/3322/1760 4264/3322/1409 4258/3279/1408
f 4263/3322/1335 4270/6026/1328 4271/3323/1688 4265/3322/1759
f 4265/3322/1760 4271/3323/866 4269/3323/1419 4264/3322/1409
f 4275/6379/1327 4281/3271/767 4283/3271/1761 4277/3270/1685
f 4277/3270/1762 4283/3271/1763 4282/3271/139 4276/3270/1671
f 4281/3271/767 4287/3314/762 4289/3314/1764 4283/3271/1761
f 4283/3271/1763 4289/3314/1765 4288/3314/1405 4282/3271/139
f 4287/3314/762 4293/3376/756 4295/3315/1766 4289/3314/1764
f 4289/3314/1765 4295/3315/1767 4294/3315/1413 4288/3314/1405
f 4300/6197/757 4305/3263/1531 4307/3263/1768 4301/3262/1769
f 4301/3262/1770 4307/3263/1771 4306/3263/731 4299/3262/788
f 4305/3263/1531 4134/3308/1322 4136/6465/1772 4307/3263/1768
f 4307/3263/1771 4136/6465/1773 4135/3308/732 4306/3263/731
f 4134/3308/1322 4123/6014/725 4124/3309/1674 4136/6465/1772
f 4136/6465/1773 4124/3309/1774 4122/3309/764 4135/3308/732
f 4129/3324/1668 4140/3325/1421 4142/3325/1775 4130/3324/1776
f 4130/3324/1777 4142/3325/1778 4141/3325/1316 4128/6099/1414
f 4140/3325/1421 4146/3272/780 4148/3272/1779 4142/3325/1775
f 4142/3325/1778 4148/3272/490 4147/3272/1317 4141/3325/1316
f 4146/3272/780 4152/3273/779 4154/3273/1780 4148/3272/1779
f 4148/3272/490 4154/3273/1781 4153/6159/734 4147/3272/1317
f 4159/3316/766 4164/3317/289 4166/3317/482 4160/3316/1782
f 4160/3316/1783 4166/3317/1784 4165/3317/1515 4158/6196/733
f 4164/3317/289 4170/3264/755 4172/3264/1785 4166/3317/482
f 4166/3317/1784 4172/3264/1786 4171/3264/1516 4165/3317/1515
f 4170/3264/755 4177/3265/754 4178/3265/1787 4172/3264/1785
f 4172/3264/1786 4178/3265/1718 4176/6371/1371 4171/3264/1516
f 4182/3355/738 4188/3244/728 4190/3244/1788 4184/3243/1789
f 4184/3243/1716 4190/3244/1790 4189/3244/1357 4183/3245/1368
f 4188/3244/728 4194/3256/721 4196/3256/1791 4190/3244/1788
f 4190/3244/1790 4196/3256/1792 4195/3256/1358 4189/3244/1357
f 4194/3256/721 4201/3257/720 4202/3257/1793 4196/3256/1791
f 4196/3256/1792 4202/3257/1705 4200/6062/1354 4195/3256/1358
f 4206/3298/711 4212/3340/710 4214/3299/1794 4208/3298/1795
f 4208/3298/1704 4214/3299/1796 4213/3340/1339 4207/6039/1351
f 4212/3340/710 4218/3246/213 4220/3246/429 4214/3299/1794
f 4214/3299/1796 4220/3246/1797 4219/3246/1340 4213/3340/1339
f 4218/3246/213 4225/3247/1381 4226/3247/1798 4220/3246/429
f 4220/3246/1797 4226/3247/1693 4224/6061/1336 4219/3246/1340
f 4230/3288/1334 4236/3289/304 4238/3289/417 4232/3288/1799
f 4232/3288/1692 4238/3289/418 4237/3289/1325 4231/6068/1337
f 4236/3289/304 4242/3330/1378 4244/3330/1800 4238/3289/417
f 4238/3289/418 4244/3330/1801 4243/3330/1326 4237/3289/1325
f 4242/3330/1378 4249/3331/1395 4250/3331/1802 4244/3330/1800
f 4244/3330/1801 4250/3331/1681 4248/6070/1323 4243/3330/1326
f 4254/3278/1667 4260/3279/1411 4262/3279/1803 4256/3278/1804
f 4256/3278/1680 4262/3279/1805 4261/3279/1387 4255/6079/1324
f 4260/3279/1411 4266/3322/1410 4268/3322/1806 4262/3279/1803
f 4262/3279/1805 4268/3322/1807 4267/3322/1392 4261/3279/1387
f 4266/3322/1410 4272/3323/1420 4274/3323/863 4268/3322/1806
f 4268/3322/1807 4274/3323/1808 4273/6026/775 4267/3322/1392
f 4279/3270/1670 4284/3271/150 4286/3271/1809 4280/3270/1810
f 4280/3270/1811 4286/3271/1812 4285/3271/1318 4278/6090/774
f 4284/3271/150 4290/3314/1404 4292/3314/1813 4286/3271/1809
f 4286/3271/1812 4292/3314/1814 4291/3314/1319 4285/3271/1318
f 4290/3314/1404 4296/3315/1412 4298/3315/1815 4292/3314/1813
f 4292/3314/1814 4298/3315/1816 4297/6015/748 4291/3314/1319
f 4303/3262/787 4308/3263/730 4310/6466/1817 4304/3262/1818
f 4304/3262/1819 4310/6466/1820 4309/3263/760 4302/6179/747
f 4308/3263/730 4131/3308/729 4133/3308/1821 4310/6466/1817
f 4310/6466/1820 4133/3308/1822 4132/3308/761 4309/3263/760
f 4131/3308/729 4119/3309/763 4121/3309/1823 4133/3308/1821
f 4133/3308/1822 4121/3309/1824 4120/6378/1546 4132/3308/761
f 5304/3324/71 5303/3348/71 4120/3350/1546 4128/3349/1414
f 4508/6713/1962 4511/6714/1963 4510/3324/1646 4506/3348/740
f 4509/6715/1600 4521/6464/1585 4523/3325/1964 4511/6714/1960
f 4511/6714/1963 4523/3325/1965 4522/3325/1500 4510/3324/1646
f 4521/3387/1585 4527/3272/1584 4529/3272/1966 4523/3325/1964
f 4523/3325/1965 4529/3272/1967 4528/3272/1501 4522/3325/1500
f 4527/3272/1584 4533/6716/1590 4535/6717/1968 4529/3272/1966
f 4529/3272/1967 4535/6717/1969 4534/3273/1527 4528/3272/1501
f 4535/6717/1969 4541/6722/1971 4540/3316/1528 4534/3273/1527
f 4539/6723/1595 4545/6724/1599 4547/3317/1972 4541/6722/1970
f 4541/6722/1971 4547/3317/1973 4546/3317/1548 4540/3316/1528
f 4545/3317/1599 4551/3264/1604 4553/3264/1974 4547/3317/1972
f 4547/3317/1973 4553/3264/1975 4552/3264/1549 4546/3317/1548
f 4551/3264/1604 4557/6725/1607 4559/6726/1976 4553/3264/1974
f 4553/3264/1975 4559/6726/1977 4558/3265/1556 4552/3264/1549
f 4559/6726/1977 4565/6731/1979 4564/3243/1562 4558/3265/1556
f 4563/6732/1610 4569/3244/1614 4571/3244/1980 4565/6731/1978
f 4565/6731/1979 4571/3244/1981 4570/3244/1639 4564/3243/1562
f 4569/3244/1614 4575/3256/1617 4577/3256/1982 4571/3244/1980
f 4571/3244/1981 4577/3256/1983 4576/3256/1642 4570/3244/1639
f 4575/3256/1617 4581/6733/1568 4583/6734/1984 4577/3256/1982
f 4577/3256/1983 4583/6734/1985 4582/3257/1552 4576/3256/1642
f 4583/6734/1985 4589/6737/1987 4588/3298/1553 4582/3257/1552
f 4587/6738/1567 4593/3299/1572 4595/3299/1988 4589/6737/1986
f 4589/6737/1987 4595/3299/1989 4594/3299/1656 4588/3298/1553
f 4593/3299/1572 4599/3246/1575 4601/3246/1990 4595/3299/1988
f 4595/3299/1989 4601/3246/1991 4600/3246/1658 4594/3299/1656
f 4599/3246/1575 4605/6739/1581 4607/6740/1992 4601/3246/1990
f 4601/3246/1991 4607/6740/1993 4606/3247/1664 4600/3246/1658
f 4607/6740/1993 4613/6745/1995 4612/3288/1498 4606/3247/1664
f 4611/6746/1589 4617/3289/1594 4619/3289/1996 4613/6745/1994
f 4613/6745/1995 4619/3289/1997 4618/3289/1494 4612/3288/1498
f 4617/3289/1594 4623/3330/1597 4625/3330/1998 4619/3289/1996
f 4619/3289/1997 4625/3330/1999 4624/3330/1490 4618/3289/1494
f 4623/3330/1597 4629/6747/1602 4631/6748/2000 4625/3330/1998
f 4625/3330/1999 4631/6748/2001 4630/3331/1486 4624/3330/1490
f 4631/6748/2001 4637/6753/2003 4636/3278/1478 4630/3331/1486
f 4635/6754/1606 4641/3279/1609 4643/3279/2004 4637/6753/2002
f 4637/6753/2003 4643/3279/2005 4642/3279/1479 4636/3278/1478
f 4641/3279/1609 4647/3322/1612 4649/3322/2006 4643/3279/2004
f 4643/3279/2005 4649/3322/2007 4648/3322/1312 4642/3279/1479
f 4647/3322/1612 4653/6755/1615 4655/6756/2008 4649/3322/2006
f 4649/3322/2007 4655/6756/2009 4654/3323/1313 4648/3322/1312
f 4655/6756/2009 4661/6761/2011 4660/3270/1320 4654/3323/1313
f 4659/6762/1566 4665/3271/1565 4667/3271/2012 4661/6761/2010
f 4661/6761/2011 4667/3271/2013 4666/3271/1460 4660/3270/1320
f 4665/3271/1565 4671/3314/1570 4673/3314/2014 4667/3271/2012
f 4667/3271/2013 4673/3314/2015 4672/3314/1517 4666/3271/1460
f 4671/3314/1570 4677/6763/1573 4679/6764/2016 4673/3314/2014
f 4673/3314/2015 4679/6764/2017 4678/3315/1445 4672/3314/1517
f 4679/6764/2017 4685/6769/2019 4684/3262/1437 4678/3315/1445
f 4683/6770/1579 4689/3263/1587 4691/3263/2020 4685/6769/2018
f 4685/6769/2019 4691/3263/2021 4690/3263/1438 4684/3262/1437
f 4689/3263/1587 4518/3308/1622 4520/3308/2022 4691/3263/2020
f 4691/3263/2021 4520/3308/2023 4519/3308/739 4690/3263/1438
f 4518/3308/1622 4507/6771/1621 4508/3309/1961 4520/3308/2022
f 4520/3308/2023 4508/3309/1962 4506/3309/740 4519/3308/739
f 4504/3348/741 4512/3324/1647 4514/6714/2024 4505/6713/2025
f 4512/3324/1647 4524/3325/1503 4526/3325/2028 4514/6714/2024
f 4514/6714/2027 4526/3325/2029 4525/3325/1452 4513/6715/1451
f 4524/3325/1503 4530/3272/1502 4532/3272/2030 4526/3325/2028
f 4526/3325/2029 4532/3272/2031 4531/3272/1619 4525/3325/1452
f 4530/3272/1502 4536/3273/1530 4538/6717/2032 4532/3272/2030
f 4532/3272/2031 4538/6717/2033 4537/6716/1638 4531/3272/1619
f 4536/3273/1530 4542/3316/1529 4544/6722/2034 4538/6717/2032
f 4542/3316/1529 4548/3317/1551 4550/3317/2036 4544/6722/2034
f 4544/6722/2035 4550/3317/2037 4549/3317/1645 4543/6780/1641
f 4548/3317/1551 4554/3264/1550 4556/3264/2038 4550/3317/2036
f 4550/3317/2037 4556/3264/2039 4555/3264/1649 4549/6724/1645
f 4554/3264/1550 4560/3265/1557 4562/6726/2040 4556/3264/2038
f 4556/3264/2039 4562/6726/2041 4561/6725/1655 4555/3264/1649
f 4560/3265/1557 4566/3243/1563 4568/6731/2042 4562/6726/2040
f 4566/3243/1563 4572/3244/1640 4574/3244/2044 4568/6731/2042
f 4568/6731/2043 4574/3244/2045 4573/3244/1543 4567/6785/1542
f 4572/3244/1640 4578/3256/1643 4580/3256/2046 4574/3244/2044
f 4574/3244/2045 4580/3256/2047 4579/3256/1545 4573/3244/1543
f 4578/3256/1643 4584/3257/1555 4586/6734/2048 4580/3256/2046
f 4580/3256/2047 4586/6734/2049 4585/6786/1497 4579/3256/1545
f 4584/3257/1555 4590/3298/1554 4592/6737/2050 4586/6734/2048
f 4590/3298/1554 4596/3299/1657 4598/6791/2052 4592/6737/2050
f 4592/6737/2051 4598/6791/2053 4597/3340/1367 4591/6792/1366
f 4596/3299/1657 4602/3246/1659 4604/3246/2054 4598/6791/2052
f 4598/6791/2053 4604/3246/2055 4603/3246/1370 4597/3340/1367
f 4602/3246/1659 4608/3247/1665 4610/6740/2056 4604/3246/2054
f 4604/3246/2055 4610/6740/2057 4609/6793/1373 4603/3246/1370
f 4608/3247/1665 4614/3288/1499 4616/6745/2058 4610/6740/2056
f 4614/3288/1499 4620/3289/1495 4622/3289/2060 4616/6745/2058
f 4616/6745/2059 4622/3289/2061 4621/3289/1350 4615/6746/1349
f 4620/3289/1495 4626/3330/1491 4628/3330/2062 4622/3289/2060
f 4622/3289/2061 4628/3330/2063 4627/3330/1353 4621/3289/1350
f 4626/3330/1491 4632/3331/1487 4634/6748/2064 4628/3330/2062
f 4628/3330/2063 4634/6748/2065 4633/6797/1356 4627/3330/1353
f 4632/3331/1487 4638/3278/1481 4640/6753/2066 4634/6748/2064
f 4638/3278/1481 4644/3279/1480 4646/3279/2068 4640/6753/2066
f 4640/6753/2067 4646/3279/2069 4645/3279/1448 4639/6754/1457
f 4644/3279/1480 4650/3322/1315 4652/3322/2070 4646/3279/2068
f 4646/3279/2069 4652/3322/2071 4651/3322/1442 4645/3279/1448
f 4650/3322/1315 4656/3323/1314 4658/6756/2072 4652/3322/2070
f 4652/3322/2071 4658/6756/2073 4657/6802/1434 4651/3322/1442
f 4656/3323/1314 4662/3270/1321 4664/6761/2074 4658/6756/2072
f 4662/3270/1321 4668/3271/1461 4670/3271/2076 4664/6761/2074
f 4664/6761/2075 4670/3271/2077 4669/3271/1425 4663/6762/1424
f 4668/3271/1461 4674/3314/1518 4676/6807/2078 4670/3271/2076
f 4670/3271/2077 4676/6807/2079 4675/3314/1513 4669/3271/1425
f 4674/3314/1518 4680/3315/1446 4682/6764/2080 4676/6807/2078
f 4676/6807/2079 4682/6764/2081 4681/6808/1514 4675/3314/1513
f 4680/3315/1446 4686/3262/1440 4688/6769/2082 4682/6764/2080
f 4686/3262/1440 4692/3263/1439 4694/3263/2084 4688/6769/2082
f 4688/6769/2083 4694/3263/2085 4693/3263/1592 4687/6812/1635
f 4692/3263/1439 4515/3308/742 4517/6465/2086 4694/3263/2084
f 4694/3263/2085 4517/6465/2087 4516/3308/1577 4693/3263/1592
f 4515/3308/742 4504/3309/741 4505/3309/2025 4517/6465/2086
f 4517/6465/2087 4505/3309/2026 4503/6813/1578 4516/3308/1577
f 5034/2301/2088 4908/2182/2089 5101/2182/2090 5227/6814/2091
f 4986/2051/2100 4989/6823/2101 5181/1470/2102 5179/2051/2103
f 4050/2021/2104 3209/2024/1276 4737/6824/1200 4735/2021/2105
f 5070/2350/2106 5017/6825/1231 5209/2351/2107 5263/2350/2108
f 4890/3165/2117 4893/6834/2118 5085/3164/2119 5083/3165/2120
f 3244/2350/2121 4038/2351/2122 4824/6835/1228 4879/2350/2123
f 5052/6836/2124 5034/2301/2088 5227/2301/2091 5245/2300/2125
f 4887/6841/2128 4896/6842/2129 4894/6843/2130 4891/6844/2131
f 3222/2051/2136 3223/1470/2092 4798/6849/2095 4795/2051/2137
f 3216/2009/2144 3217/2004/2145 4773/2004/2146 4771/6858/1181
f 4767/6863/1209 4872/6864/1191 5065/6865/2151 4959/6866/2152
f 3238/1997/2153 4039/1998/2154 4851/1998/2155 4848/6867/2156
f 4968/2282/2157 4959/6868/2152 5151/2476/2158 5161/2282/2159
f 3235/2010/2160 4043/2011/2161 4857/6873/1273 4839/2010/2162
f 4966/2004/2166 4974/2005/2167 5167/2005/2168 5157/2004/2169
f 3231/2048/2170 3241/2049/2163 4869/6880/1180 4827/2048/2171
f 4981/6885/1230 4972/2283/2176 5163/2283/2177 5173/2276/2178
f 4052/2487/2179 3211/2467/2180 4743/2467/2181 4753/6886/1193
f 3233/2025/1277 3239/3160/1234 4863/3160/1235 4834/6893/1201
f 4039/1998/2154 4042/6898/2192 4699/6898/2193 4851/1998/2155
f 3217/2004/2145 3220/2005/2194 4783/2005/2195 4773/2004/2146
f 4048/2458/2196 4045/4472/2197 4719/6899/2198 4729/2458/2199
f 4042/3165/2192 3203/3164/2109 4701/6908/2112 4699/3165/2193
f 4881/6911/1249 4848/6912/2156 5041/6913/2208 5074/6914/2209
f 3220/2005/2194 4035/2012/2204 4785/6917/2205 4783/2005/2195
f 3207/3163/2212 3235/2010/2160 4839/2010/2162 4713/3163/2213
f 4846/6922/1284 4885/6923/2218 5076/6924/2133 5037/6925/2132
f 3243/2050/1266 3222/2051/2136 4795/2051/2137 4875/2050/1267
f 3204/2334/2097 4041/2335/2164 4695/2335/2165 4705/6934/2098
f 4708/6939/2099 4705/6940/2098 4897/6941/2231 4899/6942/2232
f 4803/6956/2241 4801/6957/2242 4992/6958/2243 4996/6959/2244
f 4044/2300/2245 3236/2301/2172 4843/2301/2175 4861/6960/2246
f 3227/3178/2247 3229/1999/1247 4815/1999/1250 4809/3178/2248
f 4719/6961/2198 4861/6962/2246 5052/6963/2124 4912/6964/2249
f 3228/2461/2250 3225/2455/2251 4803/6965/2241 4813/2461/2252
f 4930/6966/1203 5025/6967/1202 5217/2025/2253 5121/2024/2254
f 4998/6968/2255 5002/3178/2256 5193/3178/2257 5191/1471/2258
f 5038/6969/2259 5047/6970/2260 5043/6971/2261 5040/6972/2262
f 5076/6973/2133 5010/2481/2263 5203/2481/2264 5269/2325/2134
f 4995/6974/2265 5005/6975/2266 5001/6976/2267 4999/6977/2268
f 4914/6978/1274 4918/2020/2269 5109/2020/2270 5107/3161/2271
f 5002/3178/2256 5008/1999/2272 5199/1999/2273 5193/3178/2257
f 5049/6979/2274 5031/6980/2275 5035/6981/2276 5053/6982/2277
f 4905/6987/2280 4902/6988/2281 4900/6989/2282 4909/6990/2283
f 5071/6991/2284 4983/6992/2285 4987/6993/2286 5067/6994/2287
f 5050/6995/1275 4914/6996/1274 5107/6997/2271 5241/2011/2288
f 4983/6992/2285 4993/6998/2289 4990/6999/2290 4987/7000/2286
f 4989/7005/2101 4998/7006/2255 5191/1471/2258 5181/1470/2102
f 5047/6970/2260 4887/6841/2128 4891/7007/2131 5043/7008/2261
f 5023/7009/2293 5064/7010/2294 5062/7011/2295 5019/7012/2296
f 4903/7013/2297 4906/3163/2298 5097/3163/2299 5095/3177/2300
f 5068/2050/2301 4986/2051/2100 5179/2051/2103 5259/2050/2302
f 4893/7014/2118 4903/7015/2297 5095/3177/2300 5085/3164/2119
f 5074/7016/2209 5041/7017/2208 5233/3162/2303 5265/2000/2304
f 5016/7018/2305 5071/7019/2284 5067/7020/2287 5013/7021/2306
f 4906/3163/2298 5032/2010/2307 5223/2010/2308 5097/3163/2299
f 4974/2005/2167 4977/7022/2309 5169/2012/2310 5167/2005/2168
f 4978/7023/2311 4975/7024/2312 4971/7025/2313 4980/7026/2314
f 5236/7027/2315 5082/7028/2316 5080/7029/2317 5238/7030/2318
f 4972/2283/2176 4968/2282/2157 5161/2282/2159 5163/2283/2177
f 4888/2335/2319 5046/2484/2320 5239/2484/2321 5079/7031/2322
f 4977/7032/2309 5014/7033/2323 5205/2053/2324 5169/7034/2310
f 4963/7035/1182 4966/2004/2166 5157/2004/2169 5155/2009/2325
f 4911/7036/2326 4921/7037/2327 4917/7038/2328 4915/7039/2329
f 4975/7040/2312 4965/7041/2330 4969/7042/2331 4971/7043/2313
f 3246/2325/2332 3230/2481/2333 4819/2481/2334 4885/7044/2218
f 4897/7053/2231 4888/2335/2319 5079/2335/2322 5089/7054/2291
f 3206/3177/2110 3207/3163/2212 4713/3163/2213 4711/7055/2111
f 5008/1999/2272 5074/7056/2209 5265/2000/2304 5199/1999/2273
f 4926/2021/2337 4930/7057/1203 5121/2024/2254 5119/2021/2338
f 4047/7058/1262 4050/2021/2104 4735/2021/2105 4725/7058/1263
f 5010/2481/2263 5004/2461/2339 5197/2461/2340 5203/2481/2264
f 5004/2461/2339 4996/7059/2244 5187/2455/2279 5197/2461/2340
f 4924/2359/2345 4920/2458/2346 5113/2458/2347 5115/2359/2348
f 4936/2467/2355 5058/2286/2356 5251/2286/2357 5127/2467/2358
f 4935/7085/2359 4945/7086/2360 4941/7087/2361 4939/7088/2362
f 3224/2456/2336 3221/2478/2126 4791/2478/2127 4801/7089/2242
f 5058/2286/2356 5028/7090/1187 5221/2287/2363 5251/2286/2357
f 3240/2286/2364 3234/2287/2335 4837/7091/1184 4867/2286/2365
f 5020/2048/2366 5061/7092/1183 5253/2049/2367 5211/2048/2368
f 4954/5087/2373 5020/2048/2366 5211/2048/2368 5145/5087/2374
f 4950/7099/1205 4954/5087/2373 5145/5087/2374 5143/2001/2377
f 3214/2294/1218 4053/2295/2386 4755/7108/1192 4765/7109/1219
f 5086/7114/2389 5094/7115/2390 5092/7116/2391 5088/7117/2392
f 5098/7118/2393 5224/7119/2394 5226/7120/2395 5100/7121/2396
f 5110/7122/2397 5118/7123/2398 5116/7124/2399 5112/7125/2400
f 5122/7126/2401 5218/7127/2402 5220/7128/2403 5124/7129/2404
f 5134/7130/2405 5142/7131/2406 5140/7132/2407 5136/7133/2408
f 5146/7134/2409 5212/7135/2410 5214/7136/2411 5148/7137/2412
f 5158/7138/2413 5166/7139/2414 5164/7140/2415 5160/7141/2416
f 5170/7142/2417 5206/7143/2418 5208/7144/2419 5172/7145/2420
f 5182/7146/2421 5190/7147/2422 5188/7148/2423 5184/7149/2424
f 5194/7150/2425 5200/7151/2426 5202/7152/2427 5196/7153/2428
f 5200/7154/2426 5266/7155/2429 5268/7156/2430 5202/7157/2427
f 5260/7158/2431 5178/7159/2432 5176/7160/2433 5262/7161/2434
f 5254/7162/2435 5154/7163/2436 5152/7164/2437 5256/7165/2438
f 5248/7166/2439 5130/7167/2440 5128/7168/2441 5250/7169/2442
f 5242/7170/2443 5106/7171/2444 5104/7172/2445 5244/7173/2446
f 5082/7174/2316 5086/7175/2389 5088/7176/2392 5080/7177/2317
f 5094/7178/2390 5098/7179/2393 5100/7180/2396 5092/7181/2391
f 5266/7182/2429 5232/7183/2447 5230/7184/2448 5268/7185/2430
f 5106/7186/2444 5110/7187/2397 5112/7188/2400 5104/7189/2445
f 5118/7190/2398 5122/7191/2401 5124/7192/2404 5116/7193/2399
f 5224/7194/2394 5242/7195/2443 5244/7196/2446 5226/7197/2395
f 5130/7198/2440 5134/7199/2405 5136/7200/2408 5128/7201/2441
f 5142/7202/2406 5146/7203/2409 5148/7204/2412 5140/7205/2407
f 5218/7206/2402 5248/7207/2439 5250/7208/2442 5220/7209/2403
f 5154/7210/2436 5158/7211/2413 5160/7212/2416 5152/7213/2437
f 5166/7214/2414 5170/7215/2417 5172/7216/2420 5164/7217/2415
f 5212/7218/2410 5254/7219/2435 5256/7220/2438 5214/7221/2411
f 5178/7222/2432 5182/7223/2421 5184/7224/2424 5176/7225/2433
f 5190/7226/2422 5194/7227/2425 5196/7228/2428 5188/7229/2423
f 5206/7230/2418 5260/7231/2431 5262/7232/2434 5208/7233/2419
f 5232/7234/2447 5236/7235/2315 5238/7236/2318 5230/7237/2448
f 4918/7058/2269 4926/2021/2337 5119/2021/2338 5109/7238/2270
f 5005/6975/2266 5011/7239/2449 5007/7240/2450 5001/6976/2267
f 5014/7241/2323 5068/2050/2301 5259/2050/2302 5205/2053/2324
f 4920/2458/2346 4912/7242/2249 5103/4472/2349 5113/2458/2347
f 4923/7243/2451 4932/7244/2452 4929/7245/2453 4927/7246/2454
f 5041/7247/2208 5044/1998/2455 5235/1998/2456 5233/1997/2303
f 4921/7248/2327 4923/7249/2451 4927/7250/2454 4917/7251/2328
f 5011/7252/2449 5077/7253/2457 5073/7254/2458 5007/7255/2450
f 5046/5264/2320 5037/7256/2132 5229/2324/2135 5239/5264/2321
f 4933/7257/1186 4924/2359/2345 5115/2359/2348 5125/7258/2459
f 5056/3160/2460 4938/1995/2461 5131/1995/2462 5247/3160/2463
f 5029/7263/2464 5059/7264/2465 5055/7265/2466 5026/7266/2467
f 4992/7267/2243 4984/2478/2468 5175/2478/2469 5185/7268/2278
f 5059/7269/2465 4935/7270/2359 4939/7271/2362 5055/7265/2466
f 5032/2010/2307 5050/7272/1275 5241/2011/2288 5223/2010/2308
f 5022/2465/2470 4956/7273/2471 5149/2294/2472 5215/7274/2473
f 4942/7275/1206 4950/7276/1205 5143/2001/2377 5133/7277/2474
f 4957/7278/2475 5023/7279/2293 5019/7280/2296 4953/7281/2476
f 4938/1995/2461 4942/7282/1206 5133/1996/2474 5131/1995/2462
f 4965/7283/2330 4962/7284/2477 4960/7285/2478 4969/7286/2331
f 4947/7295/2481 4957/7296/2475 4953/7297/2476 4951/7298/2482
f 4956/2294/2471 4948/7299/1195 5139/2295/2480 5149/2294/2472
f 5065/7300/2151 5022/2466/2470 5215/2466/2473 5257/2464/2483
f 4944/7301/1194 4936/7302/2355 5127/2467/2358 5137/2487/2479
f 5061/7303/1183 4963/7304/1182 5155/2009/2325 5253/2049/2367
f 5031/6980/2275 4905/7305/2280 4909/7306/2283 5035/6981/2276
f 5025/7307/1202 5056/3160/2460 5247/3160/2463 5217/2025/2253
f 5044/1998/2455 4890/6898/2117 5083/6898/2120 5235/1998/2456
f 4701/7311/2112 4711/7312/2111 4903/7313/2297 4893/7314/2118
f 3226/1471/2093 3227/3178/2247 4809/3178/2248 4807/7323/2094
f 4984/2478/2468 5070/2350/2106 5263/2350/2108 5175/2478/2469
f 4798/7324/2095 4807/7325/2094 4998/7326/2255 4989/7327/2101
f 4036/2276/2354 3219/2277/2142 4779/2283/2143 4788/7328/1229
f 4785/7329/2205 4821/7330/1268 5014/7331/2323 4977/7332/2309
f 3213/5087/1197 3231/2048/2170 4827/2048/2171 4761/5087/1198
f 4908/2182/2089 4899/7351/2232 5091/2183/2292 5101/2182/2090
f 3208/2182/2173 3205/2183/2096 4708/7352/2099 4717/2182/2174
f 4699/3165/2193 4701/6908/2112 4703/3164/2492 4700/3165/2493
f 4711/7055/2111 4713/3163/2213 4715/3163/2505 4712/3177/2506
f 4723/5245/1264 4725/2020/1263 4727/2020/2515 4724/3161/2516
f 4735/2021/2105 4737/6824/1200 4739/2024/2526 4736/2021/2527
f 4747/5198/1213 4749/5197/1204 4751/1996/2538 4748/1995/2539
f 4759/5187/1199 4761/5087/1198 4763/5087/2549 4760/2001/2550
f 4771/6858/1181 4773/2004/2146 4775/2004/2559 4772/2009/2560
f 4783/2005/2195 4785/6917/2205 4787/2012/2567 4784/2005/2568
f 4795/2051/2137 4798/6849/2095 4799/1470/2503 4796/2051/2577
f 4807/7323/2094 4809/3178/2248 4811/3178/2584 4808/1471/2585
f 4848/6867/2156 4851/1998/2155 4853/7507/2610 4850/1997/2546
f 4839/2010/2162 4857/6873/1273 4859/2011/2619 4841/7519/2606
f 4834/6893/1201 4863/3160/1235 4865/3160/2623 4835/2025/2624
f 4827/2048/2171 4869/6880/1180 4871/2049/2633 4829/2048/2600
f 4821/5246/1268 4875/2050/1267 4877/2050/2639 4823/2053/2519
f 4815/1999/1250 4881/5234/1249 4883/2000/2646 4817/1999/2594
f 4891/6844/2131 4894/6843/2130 4895/3164/2652 4892/7566/2653
f 4892/7566/2654 4895/3164/2588 4893/6834/2118 4890/3165/2117
f 4896/6842/2129 4887/6841/2128 4889/2335/2655 4898/2334/2656
f 4898/2334/2657 4889/2335/2658 4888/2335/2319 4897/7053/2231
f 4902/6988/2281 4905/6987/2280 4907/7567/2659 4904/3177/2660
f 4904/3177/2530 4907/7567/2661 4906/3163/2298 4903/7013/2297
f 4909/6990/2283 4900/6989/2282 4901/2183/2662 4910/2182/2663
f 4910/2182/2664 4901/2183/2665 4899/7351/2232 4908/2182/2089
f 4915/7039/2329 4917/7038/2328 4919/7568/2666 4916/3161/2667
f 4916/3161/2668 4919/7568/2669 4918/2020/2269 4914/6978/1274
f 4921/7037/2327 4911/7036/2326 4913/4472/2670 4922/2458/2671
f 4922/2458/2672 4913/4472/2673 4912/7242/2249 4920/2458/2346
f 4927/7246/2454 4929/7245/2453 4931/2024/2674 4928/7569/2675
f 4928/7569/2676 4931/2024/2677 4930/7057/1203 4926/2021/2337
f 4932/7244/2452 4923/7243/2451 4925/2359/2678 4934/2358/2679
f 4934/2358/2680 4925/2359/2681 4924/2359/2345 4933/7257/1186
f 4939/7088/2362 4941/7087/2361 4943/1996/2682 4940/7570/2683
f 4940/7570/2684 4943/1996/2685 4942/7282/1206 4938/1995/2461
f 4945/7086/2360 4935/7085/2359 4937/2467/2686 4946/2487/2687
f 4946/2487/2688 4937/2467/2689 4936/7302/2355 4944/7301/1194
f 4951/7298/2482 4953/7297/2476 4955/7571/2690 4952/2001/2691
f 4952/2001/2692 4955/7571/2693 4954/5087/2373 4950/7099/1205
f 4957/7296/2475 4947/7295/2481 4949/4474/2694 4958/2294/2695
f 4958/2294/2696 4949/4474/2697 4948/7299/1195 4956/2294/2471
f 4962/7284/2477 4965/7283/2330 4967/7572/2698 4964/2009/2699
f 4964/2009/2613 4967/7572/2700 4966/2004/2166 4963/7035/1182
f 4969/7286/2331 4960/7285/2478 4961/2476/2701 4970/2282/2702
f 4970/2282/2703 4961/2476/2704 4959/6868/2152 4968/2282/2157
f 4975/7024/2312 4978/7023/2311 4979/7573/2705 4976/7574/2706
f 4976/7574/2707 4979/7573/2571 4977/7022/2309 4974/2005/2167
f 4980/7026/2314 4971/7025/2313 4973/2283/2708 4982/2276/2709
f 4982/2276/2710 4973/2283/2711 4972/2283/2176 4981/6885/1230
f 4987/7000/2286 4990/6999/2290 4991/1470/2712 4988/7575/2713
f 4988/7575/2714 4991/1470/2502 4989/6823/2101 4986/2051/2100
f 4993/6998/2289 4983/6992/2285 4985/2478/2715 4994/2456/2716
f 4994/2456/2717 4985/2478/2718 4984/2478/2468 4992/7267/2243
f 4999/6977/2268 5001/6976/2267 5003/7576/2719 5000/1471/2720
f 5000/1471/2721 5003/7576/2722 5002/3178/2256 4998/6968/2255
f 5005/6975/2266 4995/6974/2265 4997/2455/2723 5006/2461/2724
f 5006/2461/2725 4997/2455/2726 4996/7059/2244 5004/2461/2339
f 5001/6976/2267 5007/7240/2450 5009/7577/2727 5003/7576/2719
f 5003/7576/2722 5009/7577/2728 5008/1999/2272 5002/3178/2256
f 5011/7239/2449 5005/6975/2266 5006/2461/2724 5012/2481/2729
f 5012/2481/2730 5006/2461/2725 5004/2461/2339 5010/2481/2263
f 4953/7281/2476 5019/7280/2296 5021/7578/2731 4955/7571/2690
f 4955/7571/2693 5021/7578/2732 5020/2048/2366 4954/5087/2373
f 5023/7279/2293 4957/7278/2475 4958/2294/2695 5024/2466/2733
f 5024/2466/2734 4958/2294/2696 4956/7273/2471 5022/2465/2470
f 4905/7305/2280 5031/6980/2275 5033/7579/2735 4907/7567/2659
f 4907/7567/2661 5033/7579/2736 5032/2010/2307 4906/3163/2298
f 5035/6981/2276 4909/7306/2283 4910/2182/2663 5036/2301/2737
f 5036/2301/2738 4910/2182/2664 4908/2182/2089 5034/2301/2088
f 5040/6972/2262 5043/6971/2261 5045/7580/2739 5042/1997/2740
f 5042/1997/2547 5045/7580/2741 5044/1998/2455 5041/7247/2208
f 5047/6970/2260 5038/6969/2259 5039/2324/2742 5048/2484/2743
f 5048/2484/2744 5039/2324/2745 5037/7256/2132 5046/5264/2320
f 5043/7008/2261 4891/7007/2131 4892/7566/2653 5045/7580/2739
f 5045/7580/2741 4892/7566/2654 4890/6898/2117 5044/1998/2455
f 4887/6841/2128 5047/6970/2260 5048/2484/2743 4889/2335/2655
f 4889/2335/2658 5048/2484/2744 5046/2484/2320 4888/2335/2319
f 5031/6980/2275 5049/6979/2274 5051/2011/2746 5033/7579/2735
f 5033/7579/2736 5051/2011/2747 5050/7272/1275 5032/2010/2307
f 5053/6982/2277 5035/6981/2276 5036/2301/2737 5054/2300/2748
f 5054/2300/2749 5036/2301/2738 5034/2301/2088 5052/6836/2124
f 4917/7251/2328 4927/7250/2454 4928/7569/2675 4919/7568/2666
f 4919/7568/2669 4928/7569/2676 4926/2021/2337 4918/7058/2269
f 4923/7249/2451 4921/7248/2327 4922/2458/2671 4925/2359/2678
f 4925/2359/2681 4922/2458/2672 4920/2458/2346 4924/2359/2345
f 5026/7266/2467 5055/7265/2466 5057/7581/2750 5027/2025/2751
f 5027/2025/2752 5057/7581/2753 5056/3160/2460 5025/7307/1202
f 5059/7264/2465 5029/7263/2464 5030/2287/2754 5060/2286/2755
f 5060/2286/2756 5030/2287/2757 5028/7090/1187 5058/2286/2356
f 5055/7265/2466 4939/7271/2362 4940/7570/2683 5057/7581/2750
f 5057/7581/2753 4940/7570/2684 4938/1995/2461 5056/3160/2460
f 4935/7270/2359 5059/7269/2465 5060/2286/2755 4937/2467/2686
f 4937/2467/2689 5060/2286/2756 5058/2286/2356 4936/2467/2355
f 5019/7012/2296 5062/7011/2295 5063/2049/2758 5021/7578/2731
f 5021/7578/2732 5063/2049/2648 5061/7092/1183 5020/2048/2366
f 5064/7010/2294 5023/7009/2293 5024/2466/2733 5066/2464/2759
f 5066/2464/2760 5024/2466/2734 5022/2466/2470 5065/7300/2151
f 4965/7041/2330 4975/7040/2312 4976/7574/2706 4967/7572/2698
f 4967/7572/2700 4976/7574/2707 4974/2005/2167 4966/2004/2166
f 4971/7043/2313 4969/7042/2331 4970/2282/2702 4973/2283/2708
f 4973/2283/2711 4970/2282/2703 4968/2282/2157 4972/2283/2176
f 5013/7021/2306 5067/7020/2287 5069/7582/2761 5015/2053/2762
f 5015/2053/2520 5069/7582/2763 5068/2050/2301 5014/7241/2323
f 5071/7019/2284 5016/7018/2305 5018/2351/2764 5072/2350/2765
f 5072/2350/2766 5018/2351/2767 5017/6825/1231 5070/2350/2106
f 5067/6994/2287 4987/6993/2286 4988/7575/2713 5069/7582/2761
f 5069/7582/2763 4988/7575/2714 4986/2051/2100 5068/2050/2301
f 4983/6992/2285 5071/6991/2284 5072/2350/2765 4985/2478/2715
f 4985/2478/2718 5072/2350/2766 5070/2350/2106 4984/2478/2468
f 5007/7255/2450 5073/7254/2458 5075/2000/2768 5009/7577/2727
f 5009/7577/2728 5075/2000/2769 5074/7056/2209 5008/1999/2272
f 5077/7253/2457 5011/7252/2449 5012/2481/2729 5078/2325/2770
f 5078/2325/2771 5012/2481/2730 5010/2481/2263 5076/6973/2133
f 5083/3165/2120 5085/3164/2119 5087/7663/2796 5084/6898/2797
f 5084/6898/2798 5087/7663/2799 5086/7175/2389 5082/7174/2316
f 5089/7054/2291 5079/2335/2322 5081/2335/2800 5090/2334/2801
f 5090/7664/2802 5081/7665/2803 5080/7177/2317 5088/7176/2392
f 5095/3177/2300 5097/3163/2299 5099/7666/2804 5096/3177/2805
f 5096/3177/2806 5099/7666/2807 5098/7179/2393 5094/7178/2390
f 5101/2182/2090 5091/2183/2292 5093/2183/2808 5102/2182/2809
f 5102/7667/2810 5093/7668/2811 5092/7181/2391 5100/7180/2396
f 5107/3161/2271 5109/2020/2270 5111/7669/2812 5108/3161/2813
f 5108/3161/2814 5111/7669/2815 5110/7187/2397 5106/7186/2444
f 5113/2458/2347 5103/4472/2349 5105/4472/2816 5114/2458/2817
f 5114/7670/2818 5105/7671/2819 5104/7189/2445 5112/7188/2400
f 5119/2021/2338 5121/2024/2254 5123/2024/2820 5120/2021/2821
f 5120/2021/2822 5123/2024/2823 5122/7191/2401 5118/7190/2398
f 5125/7258/2459 5115/2359/2348 5117/2359/2824 5126/2358/2825
f 5126/7672/2826 5117/7673/2827 5116/7193/2399 5124/7192/2404
f 5131/1995/2462 5133/1996/2474 5135/3169/2828 5132/1995/2829
f 5132/1995/2830 5135/3169/2831 5134/7199/2405 5130/7198/2440
f 5137/2487/2479 5127/2467/2358 5129/2467/2832 5138/2487/2833
f 5138/7674/2834 5129/7675/2835 5128/7201/2441 5136/7200/2408
f 5143/2001/2377 5145/5087/2374 5147/5087/2836 5144/2001/2837
f 5144/2001/2838 5147/5087/2839 5146/7203/2409 5142/7202/2406
f 5149/2294/2472 5139/2295/2480 5141/2295/2840 5150/2294/2841
f 5150/7676/2842 5141/7677/2843 5140/7205/2407 5148/7204/2412
f 5155/2009/2325 5157/2004/2169 5159/2004/2844 5156/2009/2845
f 5156/2009/2846 5159/2004/2847 5158/7211/2413 5154/7210/2436
f 5161/2282/2159 5151/2476/2158 5153/2476/2848 5162/2282/2849
f 5162/7678/2850 5153/7679/2851 5152/7213/2437 5160/7212/2416
f 5167/2005/2168 5169/2012/2310 5171/7680/2852 5168/2005/2853
f 5168/2005/2854 5171/7680/2855 5170/7215/2417 5166/7214/2414
f 5173/2276/2178 5163/2283/2177 5165/2277/2856 5174/2276/2857
f 5174/7681/2858 5165/7682/2859 5164/7217/2415 5172/7216/2420
f 5179/2051/2103 5181/1470/2102 5183/1470/2860 5180/2051/2861
f 5180/2051/2862 5183/1470/2863 5182/7223/2421 5178/7222/2432
f 5185/7268/2278 5175/2478/2469 5177/2478/2864 5186/2456/2865
f 5186/7683/2866 5177/7684/2867 5176/7225/2433 5184/7224/2424
f 5191/1471/2258 5193/3178/2257 5195/3178/2868 5192/1471/2869
f 5192/1471/2870 5195/3178/2871 5194/7227/2425 5190/7226/2422
f 5197/2461/2340 5187/2455/2279 5189/2455/2872 5198/2461/2873
f 5198/7685/2874 5189/7686/2875 5188/7229/2423 5196/7228/2428
f 5193/3178/2257 5199/1999/2273 5201/1999/2876 5195/3178/2868
f 5195/3178/2871 5201/1999/2877 5200/7151/2426 5194/7150/2425
f 5203/2481/2264 5197/2461/2340 5198/2461/2873 5204/2481/2878
f 5204/7687/2879 5198/7688/2874 5196/7153/2428 5202/7152/2427
f 5169/7034/2310 5205/2053/2324 5207/2053/2880 5171/7680/2852
f 5171/7680/2855 5207/2053/2881 5206/7143/2418 5170/7142/2417
f 5209/2351/2107 5173/2276/2178 5174/2276/2857 5210/2351/2882
f 5210/7689/2883 5174/7690/2858 5172/7145/2420 5208/7144/2419
f 5145/5087/2374 5211/2048/2368 5213/2048/2884 5147/5087/2836
f 5147/5087/2839 5213/2048/2885 5212/7135/2410 5146/7134/2409
f 5215/7274/2473 5149/2294/2472 5150/2294/2841 5216/2465/2886
f 5216/7691/2887 5150/7692/2842 5148/7137/2412 5214/7136/2411
f 5121/2024/2254 5217/2025/2253 5219/7693/2888 5123/2024/2820
f 5123/2024/2823 5219/7693/2889 5218/7127/2402 5122/7126/2401
f 5221/2287/2363 5125/2358/2459 5126/2358/2825 5222/2287/2890
f 5222/7694/2891 5126/7695/2826 5124/7129/2404 5220/7128/2403
f 5097/3163/2299 5223/2010/2308 5225/7696/2892 5099/7666/2804
f 5099/7666/2807 5225/7696/2893 5224/7119/2394 5098/7118/2393
f 5227/6814/2091 5101/2182/2090 5102/2182/2809 5228/2301/2894
f 5228/7697/2895 5102/7698/2810 5100/7121/2396 5226/7120/2395
f 5233/1997/2303 5235/1998/2456 5237/1998/2896 5234/7699/2897
f 5234/7699/2898 5237/1998/2899 5236/7235/2315 5232/7234/2447
f 5239/5264/2321 5229/2324/2135 5231/2324/2900 5240/2471/2901
f 5240/7700/2902 5231/7701/2903 5230/7237/2448 5238/7236/2318
f 5235/1998/2456 5083/6898/2120 5084/6898/2797 5237/1998/2896
f 5237/1998/2899 5084/6898/2798 5082/7028/2316 5236/7027/2315
f 5079/7031/2322 5239/2484/2321 5240/2484/2901 5081/2335/2800
f 5081/7702/2803 5240/7703/2902 5238/7030/2318 5080/7029/2317
f 5085/3164/2119 5095/3177/2300 5096/3177/2805 5087/7663/2796
f 5087/7663/2799 5096/3177/2806 5094/7115/2390 5086/7114/2389
f 5091/2183/2292 5089/2334/2291 5090/2334/2801 5093/2183/2808
f 5093/7704/2811 5090/7705/2802 5088/7117/2392 5092/7116/2391
f 5223/2010/2308 5241/2011/2288 5243/7706/2904 5225/7696/2892
f 5225/7696/2893 5243/7706/2905 5242/7195/2443 5224/7194/2394
f 5245/2300/2125 5227/2301/2091 5228/2301/2894 5246/2300/2906
f 5246/7707/2907 5228/7708/2895 5226/7197/2395 5244/7196/2446
f 5241/2011/2288 5107/6997/2271 5108/3161/2813 5243/7706/2904
f 5243/7706/2905 5108/3161/2814 5106/7171/2444 5242/7170/2443
f 5103/4472/2349 5245/2300/2125 5246/2300/2906 5105/4472/2816
f 5105/7709/2819 5246/7710/2907 5244/7173/2446 5104/7172/2445
f 5109/7238/2270 5119/2021/2338 5120/2021/2821 5111/7669/2812
f 5111/7669/2815 5120/2021/2822 5118/7123/2398 5110/7122/2397
f 5115/2359/2348 5113/2458/2347 5114/2458/2817 5117/2359/2824
f 5117/7711/2827 5114/7712/2818 5112/7125/2400 5116/7124/2399
f 5217/2025/2253 5247/3160/2463 5249/3160/2908 5219/7693/2888
f 5219/7693/2889 5249/3160/2909 5248/7207/2439 5218/7206/2402
f 5251/2286/2357 5221/2287/2363 5222/2287/2890 5252/2286/2910
f 5252/7713/2911 5222/7714/2891 5220/7209/2403 5250/7208/2442
f 5247/3160/2463 5131/1995/2462 5132/1995/2829 5249/3160/2908
f 5249/3160/2909 5132/1995/2830 5130/7167/2440 5248/7166/2439
f 5127/2467/2358 5251/2286/2357 5252/2286/2910 5129/2467/2832
f 5129/7715/2835 5252/7716/2911 5250/7169/2442 5128/7168/2441
f 5133/7277/2474 5143/2001/2377 5144/2001/2837 5135/3169/2828
f 5135/3169/2831 5144/2001/2838 5142/7131/2406 5134/7130/2405
f 5139/4474/2480 5137/2487/2479 5138/2487/2833 5141/4474/2840
f 5141/7717/2843 5138/7718/2834 5136/7133/2408 5140/7132/2407
f 5211/2048/2368 5253/2049/2367 5255/2049/2912 5213/2048/2884
f 5213/2048/2885 5255/2049/2913 5254/7219/2435 5212/7218/2410
f 5257/2464/2483 5215/2466/2473 5216/2466/2886 5258/2464/2914
f 5258/7719/2915 5216/7720/2887 5214/7221/2411 5256/7220/2438
f 5253/2049/2367 5155/2009/2325 5156/2009/2845 5255/2049/2912
f 5255/2049/2913 5156/2009/2846 5154/7163/2436 5254/7162/2435
f 5151/2476/2158 5257/2464/2483 5258/2464/2914 5153/2477/2848
f 5153/7721/2851 5258/7722/2915 5256/7165/2438 5152/7164/2437
f 5157/2004/2169 5167/2005/2168 5168/2005/2853 5159/2004/2844
f 5159/2004/2847 5168/2005/2854 5166/7139/2414 5158/7138/2413
f 5163/2283/2177 5161/2282/2159 5162/2282/2849 5165/2283/2856
f 5165/7723/2859 5162/7724/2850 5160/7141/2416 5164/7140/2415
f 5205/2053/2324 5259/2050/2302 5261/2050/2916 5207/2053/2880
f 5207/2053/2881 5261/2050/2917 5260/7231/2431 5206/7230/2418
f 5263/2350/2108 5209/2351/2107 5210/2351/2882 5264/2350/2918
f 5264/7725/2919 5210/7726/2883 5208/7233/2419 5262/7232/2434
f 5259/2050/2302 5179/2051/2103 5180/2051/2861 5261/2050/2916
f 5261/2050/2917 5180/2051/2862 5178/7159/2432 5260/7158/2431
f 5175/2478/2469 5263/2350/2108 5264/2350/2918 5177/2478/2864
f 5177/7727/2867 5264/7728/2919 5262/7161/2434 5176/7160/2433
f 5181/1470/2102 5191/1471/2258 5192/1471/2869 5183/1470/2860
f 5183/1470/2863 5192/1471/2870 5190/7147/2422 5182/7146/2421
f 5187/7729/2279 5185/2456/2278 5186/2456/2865 5189/2457/2872
f 5189/7730/2875 5186/7731/2866 5184/7149/2424 5188/7148/2423
f 5199/1999/2273 5265/2000/2304 5267/2000/2920 5201/1999/2876
f 5201/1999/2877 5267/2000/2921 5266/7155/2429 5200/7154/2426
f 5269/2325/2134 5203/2481/2264 5204/2481/2878 5270/2325/2922
f 5270/7732/2923 5204/7733/2879 5202/7157/2427 5268/7156/2430
f 5265/2000/2304 5233/3162/2303 5234/7734/2897 5267/2000/2920
f 5267/2000/2921 5234/7734/2898 5232/7183/2447 5266/7182/2429
f 5229/7735/2135 5269/2325/2134 5270/2325/2922 5231/2324/2900
f 5231/7736/2903 5270/7737/2923 5268/7185/2430 5230/7184/2448
f 2252/96/74 13/95/74 5375/3317/199 5376/3264/200
f 4062/97/74 2252/96/74 5376/3264/200 5377/3264/671
f 4061/98/74 4062/97/74 5377/3264/671 5378/3317/697
f 13/95/74 4061/98/74 5378/3317/697 5375/3317/199
f 59/3333/707 57/3332/707 5380/3315/106 5379/3262/98
f 55/3291/684 53/3290/684 5382/3271/114 5381/3314/112
f 43/3259/667 41/3258/667 5384/3331/142 5383/3278/131
f 39/3311/694 37/3310/694 5386/3289/154 5385/3330/152
f 31/3319/699 29/3318/699 5388/3299/170 5387/3246/165
f 27/3275/677 25/3274/677 5390/3257/177 5389/3298/175
f 23/3327/704 21/3326/704 5392/3244/185 5391/3256/181
f 19/3285/681 2253/3284/681 5394/3265/195 5393/3243/187
f 11/3295/685 9/3294/685 5396/3273/203 5395/3316/201
f 7/3253/664 5/3252/664 5398/3325/212 5397/3272/205
f 3/3305/689 1/3304/689 5400/3348/76 5399/3324/220
f 2258/3266/672 4071/3269/672 5402/3247/661 5401/3247/166
f 4070/3320/699 31/3319/699 5387/3246/165 5403/3246/662
f 2211/3249/663 2210/3248/663 5404/3323/127 5405/3270/122
f 4080/3250/663 2211/3249/663 5405/3270/122 5406/3270/674
f 4079/3251/663 4080/3250/663 5406/3270/674 5407/3323/700
f 2210/3248/663 4079/3251/663 5407/3323/700 5404/3323/127
f 4058/3254/664 7/3253/664 5397/3272/205 5408/3272/676
f 4057/3255/664 4058/3254/664 5408/3272/676 5409/3325/702
f 5/3252/664 4057/3255/664 5409/3325/702 5398/3325/212
f 25/3274/677 4067/3277/677 5410/3257/665 5390/3257/177
f 4066/3328/704 23/3327/704 5391/3256/181 5411/3256/666
f 4076/3260/667 43/3259/667 5383/3278/131 5412/3278/679
f 4075/3261/667 4076/3260/667 5412/3278/679 5413/3331/705
f 41/3258/667 4075/3261/667 5413/3331/705 5384/3331/142
f 2264/3280/680 4085/3283/680 5415/3263/668 5414/3263/99
f 4084/3334/707 59/3333/707 5379/3262/98 5416/3262/669
f 2253/3284/681 4063/3287/681 5417/3265/670 5394/3265/195
f 2259/3267/672 2258/3266/672 5401/3247/166 5418/3288/163
f 4072/3268/672 2259/3267/672 5418/3288/163 5419/3288/683
f 4071/3269/672 4072/3268/672 5419/3288/683 5402/3247/661
f 53/3290/684 4081/3293/684 5420/3271/673 5382/3271/114
f 9/3294/685 4059/3297/685 5421/3273/675 5396/3273/203
f 4068/3276/677 27/3275/677 5389/3298/175 5422/3298/687
f 4067/3277/677 4068/3276/677 5422/3298/687 5410/3257/665
f 2204/3300/688 4077/3303/688 5424/3279/678 5423/3279/132
f 2265/3281/680 2264/3280/680 5414/3263/99 5425/3308/75
f 4086/3282/680 2265/3281/680 5425/3308/75 5426/3308/691
f 4085/3283/680 4086/3282/680 5426/3308/691 5415/3263/668
f 4064/3286/681 19/3285/681 5393/3243/187 5427/3243/693
f 4063/3287/681 4064/3286/681 5427/3243/693 5417/3265/670
f 37/3310/694 4073/3313/694 5428/3289/682 5386/3289/154
f 4082/3292/684 55/3291/684 5381/3314/112 5429/3314/696
f 4081/3293/684 4082/3292/684 5429/3314/696 5420/3271/673
f 4060/3296/685 11/3295/685 5395/3316/201 5430/3316/698
f 4059/3297/685 4060/3296/685 5430/3316/698 5421/3273/675
f 29/3318/699 4069/3321/699 5431/3299/686 5388/3299/170
f 2205/3301/688 2204/3300/688 5423/3279/132 5432/3322/126
f 4078/3302/688 2205/3301/688 5432/3322/126 5433/3322/701
f 4077/3303/688 4078/3302/688 5433/3322/701 5424/3279/678
f 4056/3306/689 3/3305/689 5399/3324/220 5434/3324/703
f 4055/3307/689 4056/3306/689 5434/3324/703 5435/3348/690
f 1/3304/689 4055/3307/689 5435/3348/690 5400/3348/76
f 21/3326/704 4065/3329/704 5436/3244/692 5392/3244/185
f 4074/3312/694 39/3311/694 5385/3330/152 5437/3330/706
f 4073/3313/694 4074/3312/694 5437/3330/706 5428/3289/682
f 57/3332/707 4083/3335/707 5438/3315/695 5380/3315/106
f 4069/3321/699 4070/3320/699 5403/3246/662 5431/3299/686
f 4065/3329/704 4066/3328/704 5411/3256/666 5436/3244/692
f 4083/3335/707 4084/3334/707 5416/3262/669 5438/3315/695
