# Blender 4.5.1 LTS
# www.blender.org
mtllib module3.mtl
o module3
v -10.703437 -0.000000 -1.239433
v -10.703437 -0.241801 -1.215618
v -10.703437 0.241799 -1.215618
v -10.248623 -0.000000 -1.239433
v -10.248623 0.241800 -1.215618
v -10.248623 -0.000000 -1.054040
v -10.248623 -0.241801 -1.215618
v -10.248623 -0.205633 -1.033787
v -10.248623 -0.474310 -1.145087
v -10.248623 -0.403364 -0.973806
v -10.248623 -0.688592 -1.030551
v -10.703437 -0.474310 -1.145087
v -10.703437 -0.688592 -1.030551
v -10.703437 -0.876412 -0.876412
v -10.703437 -1.030551 -0.688592
v -10.248623 -0.876412 -0.876412
v -10.248623 -1.030551 -0.688592
v -10.248623 -0.745319 -0.745319
v -10.003222 -0.745319 -0.745319
v -10.248623 -0.876403 -0.585593
v -10.248623 -0.585593 -0.876403
v -10.003222 -0.585593 -0.876403
v -10.003222 -0.688592 -1.030551
v -10.003222 -0.403364 -0.973806
v -10.003222 -0.474310 -1.145087
v -10.003222 -0.205633 -1.033787
v -10.003222 -0.241801 -1.215618
v -10.003222 -0.000000 -1.054040
v -10.003222 0.205631 -1.033787
v -10.003222 -0.000000 -1.239433
v -10.003222 0.241800 -1.215618
v -9.671107 0.000000 -1.239433
v -9.671107 0.241800 -1.215618
v -9.671107 -0.000000 -1.054040
v -9.671107 -0.241801 -1.215618
v -9.671107 -0.205633 -1.033787
v -9.671107 -0.474310 -1.145087
v -9.671107 -0.403364 -0.973806
v -9.671107 -0.688592 -1.030551
v -9.671107 -0.585593 -0.876403
v -9.671107 -0.876412 -0.876412
v -9.671107 -1.030551 -0.688592
v -10.003222 -0.876412 -0.876412
v -9.671107 -0.745319 -0.745319
v -9.425706 -0.745319 -0.745319
v -9.671107 -0.876402 -0.585593
v -9.425706 -0.876402 -0.585593
v -9.671107 -0.973806 -0.403364
v -9.425706 -0.973806 -0.403364
v -9.671107 -1.033787 -0.205633
v -9.671107 -1.145087 -0.474310
v -9.671107 -1.215618 -0.241801
v -10.003222 -1.145087 -0.474310
v -10.003222 -1.215618 -0.241801
v -10.003222 -1.030551 -0.688592
v -10.003222 -0.973806 -0.403364
v -10.248623 -0.973806 -0.403364
v -10.003222 -1.033787 -0.205633
v -10.003222 -0.876402 -0.585593
v -10.248623 -1.033787 -0.205633
v -10.003222 -1.054040 -0.000000
v -10.003222 -1.239433 -0.000000
v -10.248623 -1.054040 -0.000000
v -10.003222 -1.033787 0.205633
v -10.248623 -1.033787 0.205633
v -10.003222 -0.973806 0.403364
v -10.003222 -1.215618 0.241801
v -10.003222 -1.145087 0.474310
v -9.671107 -1.215618 0.241801
v -9.671107 -1.033787 0.205633
v -9.671107 -1.145087 0.474310
v -9.671107 -1.239433 -0.000000
v -9.671107 -1.054040 -0.000000
v -9.425706 -1.054040 -0.000000
v -9.425706 -1.239433 -0.000000
v -9.425706 -1.033787 0.205633
v -9.425706 -1.033787 -0.205633
v -9.425706 -1.215618 -0.241801
v -9.425706 -1.145087 -0.474310
v -9.093592 -1.215618 -0.241801
v -9.093592 -1.239433 -0.000000
v -9.093592 -1.145087 -0.474310
v -9.093592 -1.033787 -0.205633
v -8.848191 -1.033787 -0.205633
v -9.093592 -1.054040 -0.000000
v -9.093592 -0.973806 -0.403364
v -8.848191 -0.973806 -0.403364
v -9.093592 -0.876402 -0.585593
v -8.848191 -0.876402 -0.585593
v -9.093592 -0.745319 -0.745319
v -9.093592 -1.030551 -0.688592
v -9.093592 -0.876411 -0.876411
v -9.425706 -1.030551 -0.688592
v -9.425706 -0.876412 -0.876412
v -9.425706 -0.688592 -1.030551
v -9.425706 -0.585593 -0.876403
v -9.425706 -0.474310 -1.145087
v -9.093592 -0.688592 -1.030551
v -9.093592 -0.585593 -0.876402
v -9.093592 -0.474310 -1.145087
v -9.093592 -0.403364 -0.973806
v -9.093592 -0.241801 -1.215618
v -9.093592 -0.205633 -1.033787
v -9.093592 0.000000 -1.239433
v -9.425706 -0.241801 -1.215618
v -9.425706 -0.205633 -1.033787
v -9.425706 0.000000 -1.239433
v -9.425706 0.241800 -1.215618
v -9.425707 -0.000000 -1.054040
v -9.425706 0.205631 -1.033787
v -9.671107 0.205631 -1.033787
v -9.425706 0.403362 -0.973807
v -9.671107 0.403362 -0.973807
v -9.425706 0.585592 -0.876403
v -9.425706 0.474309 -1.145088
v -9.425706 0.688591 -1.030552
v -9.093592 0.474309 -1.145088
v -9.093592 0.241799 -1.215618
v -9.093592 0.688591 -1.030552
v -9.093592 0.403362 -0.973807
v -8.848191 0.403362 -0.973807
v -9.093592 0.205631 -1.033787
v -9.093592 0.585592 -0.876403
v -9.093592 0.745318 -0.745320
v -8.848191 0.585592 -0.876403
v -8.848191 0.745318 -0.745320
v -8.848191 0.688591 -1.030552
v -8.848191 0.474309 -1.145088
v -8.848191 0.876410 -0.876413
v -8.516077 0.688591 -1.030552
v -8.516077 0.474309 -1.145087
v -8.516077 0.876410 -0.876412
v -8.516077 0.585592 -0.876403
v -8.516077 0.403362 -0.973807
v -8.270676 0.585592 -0.876403
v -8.516077 0.745318 -0.745320
v -8.270676 0.745318 -0.745320
v -8.516077 0.876402 -0.585594
v -8.516077 0.973806 -0.403365
v -8.270677 0.876402 -0.585594
v -8.516077 1.030550 -0.688593
v -8.516077 1.145086 -0.474312
v -8.848191 1.030550 -0.688593
v -8.848192 1.145086 -0.474312
v -8.848191 0.876402 -0.585594
v -8.848192 0.973806 -0.403365
v -9.093592 0.876402 -0.585594
v -9.093592 0.973806 -0.403365
v -9.093592 1.030550 -0.688593
v -9.093592 0.876410 -0.876413
v -9.093592 1.145086 -0.474312
v -9.425706 1.030550 -0.688593
v -9.425706 0.876410 -0.876413
v -9.425707 1.145086 -0.474312
v -9.425706 0.876402 -0.585594
v -9.671107 0.876402 -0.585594
v -9.425706 0.745318 -0.745320
v -9.425707 0.973806 -0.403365
v -9.425707 1.033787 -0.205634
v -9.671108 0.973806 -0.403365
v -9.671108 1.033787 -0.205634
v -9.671108 1.145086 -0.474312
v -9.671107 1.030550 -0.688593
v -9.671108 1.215617 -0.241803
v -10.003222 1.145086 -0.474312
v -10.003222 1.030550 -0.688593
v -10.003222 1.215617 -0.241803
v -10.003222 0.973806 -0.403365
v -10.003222 0.876402 -0.585594
v -10.248624 0.973806 -0.403365
v -10.003222 1.033787 -0.205634
v -10.003222 1.054040 -0.000001
v -10.248624 1.033787 -0.205634
v -10.248624 1.054040 -0.000001
v -10.248624 1.215617 -0.241803
v -10.248624 1.145086 -0.474312
v -10.248624 1.239433 -0.000001
v -10.703437 1.215617 -0.241803
v -10.703437 1.239433 -0.000001
v -10.703437 1.145086 -0.474312
v -10.703437 1.030550 -0.688594
v -10.703437 0.876410 -0.876413
v -10.248623 1.030550 -0.688593
v -10.248623 0.876410 -0.876413
v -10.248623 0.876402 -0.585595
v -10.248623 0.745318 -0.745320
v -10.248623 0.585592 -0.876403
v -10.003222 0.745318 -0.745320
v -10.003222 0.585592 -0.876403
v -10.003222 0.876410 -0.876413
v -10.003222 0.688591 -1.030552
v -9.671107 0.876410 -0.876413
v -9.671107 0.688591 -1.030552
v -9.671107 0.745318 -0.745320
v -9.671107 0.585592 -0.876403
v -9.671107 0.474309 -1.145088
v -10.003222 0.474309 -1.145088
v -10.003222 0.403362 -0.973807
v -10.248623 0.403362 -0.973807
v -10.248623 0.205631 -1.033788
v -10.248623 0.474309 -1.145088
v -10.248623 0.688591 -1.030552
v -10.703437 0.474309 -1.145088
v -10.703437 0.688591 -1.030552
v -10.703437 1.215618 0.241800
v -10.703437 1.145087 0.474310
v -10.248624 1.215618 0.241800
v -10.248624 1.145087 0.474310
v -10.248624 1.033787 0.205632
v -10.248624 0.973806 0.403363
v -10.003222 1.033787 0.205632
v -10.003222 0.973806 0.403363
v -10.003222 1.215618 0.241800
v -10.003222 1.239433 -0.000001
v -10.003222 1.145087 0.474310
v -9.671108 1.215618 0.241800
v -9.671108 1.239433 -0.000001
v -9.671108 1.145087 0.474310
v -9.671108 1.033787 0.205632
v -9.671108 0.973806 0.403363
v -9.671108 1.054040 -0.000001
v -9.425707 1.033787 0.205632
v -9.425707 0.973806 0.403363
v -9.425707 1.054040 -0.000001
v -9.425707 1.215618 0.241800
v -9.425707 1.239433 -0.000001
v -9.425707 1.145087 0.474310
v -9.093592 1.215618 0.241800
v -9.093592 1.239433 -0.000001
v -9.093592 1.145087 0.474310
v -9.093592 1.033787 0.205632
v -8.848192 1.033787 0.205632
v -9.093592 1.054040 -0.000001
v -9.093592 0.973807 0.403363
v -9.093592 0.876403 0.585593
v -8.848192 0.973807 0.403363
v -8.848191 0.876403 0.585593
v -8.848192 1.145087 0.474310
v -8.848192 1.215618 0.241800
v -8.848191 1.030551 0.688591
v -8.516077 1.145087 0.474310
v -8.516077 1.215618 0.241800
v -8.516077 1.030551 0.688591
v -8.516077 0.973807 0.403363
v -8.516077 1.033787 0.205632
v -8.270677 0.973807 0.403363
v -8.516077 0.876403 0.585593
v -8.270677 0.876403 0.585593
v -8.516077 0.745319 0.745319
v -8.516077 0.585594 0.876402
v -8.270677 0.745319 0.745319
v -8.516077 0.876412 0.876411
v -8.516077 0.688593 1.030551
v -8.848191 0.876412 0.876411
v -8.848191 0.688593 1.030550
v -8.848191 0.745319 0.745319
v -8.848191 0.585594 0.876402
v -9.093592 0.745319 0.745319
v -9.093592 0.585594 0.876402
v -9.093592 0.876412 0.876411
v -9.093592 1.030551 0.688591
v -9.093592 0.688593 1.030550
v -9.425706 0.876412 0.876411
v -9.425706 1.030551 0.688591
v -9.425706 0.688593 1.030550
v -9.425706 0.745319 0.745319
v -9.671107 0.745319 0.745318
v -9.425706 0.876403 0.585593
v -9.425706 0.585594 0.876402
v -9.671107 0.585594 0.876402
v -9.425706 0.403364 0.973806
v -9.425706 0.205633 1.033787
v -9.671107 0.403364 0.973806
v -9.425706 0.474311 1.145086
v -9.425706 0.241802 1.215617
v -9.093592 0.474311 1.145087
v -9.093592 0.403364 0.973806
v -9.093592 0.241802 1.215618
v -9.093592 0.205633 1.033787
v -9.093592 0.000000 1.239433
v -9.093592 -0.241801 1.215618
v -9.425706 0.000000 1.239433
v -9.093592 0.000000 1.054040
v -8.848191 0.000000 1.054040
v -9.093592 -0.205633 1.033787
v -9.093592 -0.403364 0.973806
v -8.848191 -0.205633 1.033787
v -8.848191 -0.403364 0.973806
v -8.848191 -0.241801 1.215618
v -8.848191 0.000000 1.239433
v -8.848191 -0.474310 1.145087
v -8.516077 -0.241801 1.215618
v -8.516077 0.000000 1.239433
v -8.516077 -0.474310 1.145087
v -8.516077 -0.205633 1.033787
v -8.270677 -0.205633 1.033787
v -8.516077 0.000000 1.054040
v -8.516077 -0.403364 0.973806
v -8.270676 -0.403363 0.973806
v -8.516077 -0.585593 0.876402
v -8.516077 -0.745319 0.745319
v -8.270676 -0.585593 0.876402
v -8.516077 -0.688592 1.030551
v -8.516077 -0.876411 0.876412
v -8.848191 -0.688592 1.030551
v -8.848191 -0.876411 0.876411
v -8.848191 -0.585593 0.876402
v -8.848191 -0.745319 0.745319
v -9.093592 -0.585593 0.876402
v -9.093592 -0.745319 0.745319
v -9.093592 -0.688592 1.030551
v -9.093592 -0.474310 1.145087
v -9.093592 -0.876411 0.876411
v -9.425706 -0.688592 1.030551
v -9.425706 -0.474310 1.145087
v -9.425706 -0.876412 0.876411
v -9.425706 -0.585593 0.876402
v -9.671107 -0.585593 0.876402
v -9.425706 -0.403364 0.973806
v -9.425706 -0.745319 0.745319
v -9.425706 -0.876402 0.585593
v -9.671107 -0.745319 0.745319
v -9.671107 -0.876402 0.585593
v -9.671107 -0.876412 0.876411
v -9.671107 -0.688592 1.030551
v -9.671107 -1.030551 0.688592
v -10.003222 -0.876412 0.876411
v -10.003222 -0.688592 1.030551
v -10.003222 -1.030551 0.688592
v -10.003222 -0.745319 0.745319
v -10.248623 -0.745319 0.745319
v -10.003222 -0.585593 0.876402
v -10.003222 -0.876402 0.585593
v -10.248623 -0.876403 0.585593
v -10.248623 -0.973806 0.403364
v -10.248623 -1.030551 0.688592
v -10.248623 -0.876412 0.876411
v -10.248623 -1.145087 0.474310
v -10.703437 -1.030551 0.688592
v -10.703437 -1.145087 0.474310
v -10.703437 -0.876412 0.876411
v -10.703437 -0.688592 1.030551
v -10.703437 -0.474310 1.145087
v -10.248623 -0.688592 1.030551
v -10.248623 -0.474310 1.145087
v -10.248623 -0.585593 0.876402
v -10.248623 -0.403364 0.973806
v -10.248623 -0.205633 1.033787
v -10.003222 -0.403364 0.973806
v -10.003222 -0.205633 1.033787
v -10.003222 -0.474310 1.145087
v -10.003222 -0.241801 1.215618
v -9.671107 -0.474310 1.145087
v -9.671107 -0.241801 1.215618
v -9.671107 -0.403364 0.973806
v -9.671107 -0.205633 1.033787
v -9.425706 -0.205633 1.033787
v -9.671107 0.000000 1.054040
v -9.671107 0.205633 1.033787
v -9.425706 0.000000 1.054040
v -9.671107 0.000000 1.239433
v -9.671107 0.241802 1.215617
v -10.003222 0.000000 1.239433
v -10.003222 0.241802 1.215617
v -10.003222 0.000000 1.054040
v -10.003222 0.205633 1.033787
v -10.248623 0.000000 1.054040
v -10.248623 0.205633 1.033787
v -10.248623 0.000000 1.239433
v -10.248623 0.241802 1.215617
v -10.248623 -0.241801 1.215618
v -10.703437 0.000000 1.239433
v -10.703437 -0.241801 1.215618
v -10.703437 0.241802 1.215617
v -10.703437 0.474311 1.145086
v -10.703437 0.688593 1.030550
v -10.248623 0.474311 1.145086
v -10.248623 0.403364 0.973806
v -10.248623 0.688593 1.030550
v -10.248623 0.876412 0.876411
v -10.248623 0.585594 0.876402
v -10.003222 0.585594 0.876402
v -10.248623 0.745319 0.745318
v -10.003222 0.745319 0.745318
v -10.248623 0.876403 0.585593
v -10.003222 0.876403 0.585593
v -10.248623 1.030551 0.688591
v -10.703437 1.030551 0.688591
v -10.703437 0.876412 0.876411
v -10.003222 1.030551 0.688591
v -10.003222 0.876412 0.876411
v -9.671107 1.030551 0.688591
v -9.671107 0.876412 0.876411
v -9.671107 0.876403 0.585593
v -9.671107 0.688593 1.030550
v -9.671107 0.474311 1.145086
v -10.003222 0.688593 1.030550
v -10.003222 0.474311 1.145086
v -10.003222 0.403364 0.973806
v -9.425706 -0.241801 1.215618
v -10.703437 -1.215618 0.241801
v -10.703437 -1.239433 -0.000000
v -10.248623 -1.215618 0.241801
v -10.248623 -1.239433 -0.000000
v -10.248623 -1.215618 -0.241801
v -10.248623 -1.145087 -0.474310
v -10.703437 -1.215618 -0.241802
v -10.703437 -1.145087 -0.474310
v -9.671107 -0.973806 0.403364
v -9.425706 -0.973806 0.403364
v -9.425706 -1.145087 0.474310
v -9.425706 -1.030551 0.688592
v -9.425706 -1.215618 0.241801
v -9.093592 -1.145087 0.474310
v -9.093592 -0.973806 0.403364
v -9.093592 -1.030551 0.688592
v -9.093592 -1.215618 0.241801
v -9.093592 -1.033787 0.205633
v -8.848191 -1.033787 0.205633
v -8.848191 -0.973806 0.403364
v -8.848191 -1.215618 0.241801
v -8.848191 -1.054040 -0.000000
v -8.848191 -1.239433 0.000000
v -8.848191 -1.215618 -0.241801
v -8.516077 -1.239433 0.000000
v -8.516077 -1.215618 0.241801
v -8.516077 -1.215618 -0.241801
v -8.516077 -1.054040 0.000000
v -8.270676 -1.054040 0.000000
v -8.516077 -1.033787 0.205633
v -8.516077 -1.033787 -0.205633
v -8.270676 -1.033787 -0.205633
v -8.516077 -0.973806 -0.403364
v -8.270676 -0.973806 -0.403364
v -8.516077 -0.876402 -0.585593
v -8.516077 -1.145087 -0.474310
v -8.516077 -1.030551 -0.688592
v -8.848191 -1.145087 -0.474310
v -8.848191 -1.030551 -0.688592
v -8.848191 -0.876411 -0.876411
v -8.848191 -0.688592 -1.030551
v -8.516077 -0.876411 -0.876411
v -8.848191 -0.745319 -0.745319
v -8.848191 -0.585593 -0.876402
v -8.848191 -0.403364 -0.973806
v -8.848191 -0.474310 -1.145087
v -8.848191 -0.205633 -1.033787
v -8.848191 -0.241801 -1.215618
v -8.848191 0.000000 -1.054040
v -9.093592 0.000000 -1.054040
v -8.848191 0.205631 -1.033787
v -8.848191 0.000000 -1.239433
v -8.848191 0.241800 -1.215618
v -8.516077 0.000000 -1.239433
v -8.516077 0.241800 -1.215618
v -8.516077 0.000000 -1.054040
v -8.516077 -0.241801 -1.215618
v -8.516077 -0.205633 -1.033787
v -8.516077 -0.474310 -1.145087
v -8.516077 -0.403364 -0.973806
v -8.516077 -0.688592 -1.030551
v -8.516077 -0.585593 -0.876402
v -8.270676 -0.585593 -0.876402
v -8.516077 -0.745319 -0.745319
v -8.270676 -0.745319 -0.745319
v -8.270676 -0.876402 -0.585593
v -8.270676 -0.876411 -0.876411
v -8.270676 -1.030551 -0.688592
v -8.270676 -0.688592 -1.030551
v -7.938562 -0.876412 -0.876411
v -7.938562 -1.030551 -0.688592
v -7.938562 -0.688592 -1.030551
v -7.938562 -0.745319 -0.745319
v -7.693161 -0.745319 -0.745319
v -7.938562 -0.876402 -0.585593
v -7.938562 -0.585593 -0.876402
v -7.693161 -0.585593 -0.876402
v -7.938562 -0.403364 -0.973806
v -7.938562 -0.474310 -1.145087
v -7.693161 -0.403364 -0.973806
v -7.938562 -0.205633 -1.033787
v -7.938562 -0.241801 -1.215618
v -7.693161 -0.205633 -1.033787
v -7.938562 0.000000 -1.054040
v -7.693161 0.000000 -1.054040
v -7.938562 0.205631 -1.033787
v -7.938562 0.000000 -1.239433
v -7.938562 0.241800 -1.215618
v -8.270676 0.000000 -1.239433
v -8.270676 0.241800 -1.215618
v -8.270676 0.000000 -1.054040
v -8.270676 -0.241801 -1.215618
v -8.270676 -0.205633 -1.033787
v -8.270676 -0.474310 -1.145087
v -8.270676 -0.403364 -0.973806
v -8.270676 0.205631 -1.033787
v -8.270676 0.403362 -0.973807
v -8.516077 0.205631 -1.033787
v -8.270676 0.474309 -1.145087
v -8.270676 0.688591 -1.030552
v -7.938562 0.474309 -1.145087
v -7.938562 0.688591 -1.030552
v -7.938562 0.403362 -0.973807
v -7.693161 0.403362 -0.973807
v -7.938562 0.585592 -0.876403
v -7.693161 0.585592 -0.876403
v -7.938562 0.745318 -0.745320
v -7.938562 0.876402 -0.585594
v -7.693161 0.745318 -0.745320
v -7.938562 0.876410 -0.876412
v -7.938562 1.030550 -0.688593
v -8.270676 0.876410 -0.876412
v -8.270677 1.030550 -0.688593
v -8.270677 1.145086 -0.474312
v -8.270677 0.973806 -0.403365
v -8.270677 1.215617 -0.241802
v -7.938562 1.145086 -0.474312
v -7.938562 0.973806 -0.403365
v -7.938562 1.215617 -0.241802
v -7.938562 1.239433 -0.000001
v -7.938562 1.033787 -0.205634
v -7.938562 1.054040 -0.000001
v -7.693162 1.033787 -0.205634
v -7.693162 0.973806 -0.403365
v -7.693162 1.054040 -0.000001
v -7.693162 1.215617 -0.241802
v -7.693162 1.145086 -0.474312
v -7.693162 1.239433 -0.000001
v -7.361047 1.215617 -0.241802
v -7.361047 1.145086 -0.474311
v -7.361047 1.239433 -0.000001
v -7.361047 1.033787 -0.205634
v -7.361047 0.973806 -0.403365
v -7.115646 1.033787 -0.205634
v -7.361047 1.054040 -0.000001
v -7.115646 1.054040 -0.000001
v -7.361047 1.033787 0.205632
v -7.361047 0.973807 0.403363
v -7.115646 1.033787 0.205632
v -7.361047 1.215618 0.241801
v -7.361047 1.145087 0.474310
v -7.693162 1.215618 0.241801
v -7.693162 1.145087 0.474310
v -7.693162 1.033787 0.205632
v -7.693162 0.973807 0.403363
v -7.938562 1.033787 0.205632
v -7.938562 0.973807 0.403363
v -7.938562 1.215618 0.241801
v -7.938562 1.145087 0.474310
v -8.270677 1.215618 0.241800
v -8.270677 1.239433 -0.000001
v -8.270677 1.145087 0.474310
v -8.270677 1.033787 0.205632
v -8.270677 1.054040 -0.000001
v -8.270677 1.033787 -0.205634
v -8.516077 1.054040 -0.000001
v -8.516077 1.033787 -0.205634
v -8.516077 1.239433 -0.000001
v -8.516077 1.215617 -0.241802
v -8.848192 1.239433 -0.000001
v -8.848192 1.215617 -0.241803
v -8.848192 1.054040 -0.000001
v -8.848192 1.033787 -0.205634
v -9.093592 1.033787 -0.205634
v -9.093592 1.215617 -0.241803
v -9.425707 1.215617 -0.241803
v -8.270677 1.030551 0.688592
v -8.270677 0.876412 0.876411
v -7.938562 1.030551 0.688592
v -7.938562 0.876412 0.876411
v -7.938562 0.876403 0.585593
v -7.938562 0.745319 0.745319
v -7.693161 0.876403 0.585593
v -7.693161 0.745320 0.745319
v -7.693161 1.030551 0.688592
v -7.693161 0.876412 0.876411
v -7.361046 1.030551 0.688592
v -7.361046 0.876412 0.876411
v -7.361046 0.876403 0.585593
v -7.115646 0.876403 0.585593
v -7.361046 0.745319 0.745319
v -7.361046 0.585594 0.876402
v -7.115646 0.745319 0.745319
v -7.115646 0.585594 0.876402
v -7.115646 0.876412 0.876411
v -7.115646 1.030551 0.688592
v -7.115646 0.688593 1.030551
v -6.783532 0.876412 0.876411
v -6.783532 1.030552 0.688592
v -6.783532 0.688593 1.030551
v -6.783532 0.745320 0.745319
v -6.783532 0.585594 0.876402
v -6.783532 0.876403 0.585593
v -6.538131 0.745320 0.745319
v -6.538131 0.876403 0.585593
v -6.538131 0.585594 0.876402
v -6.538131 0.876412 0.876411
v -6.538131 1.030552 0.688592
v -6.538131 0.688593 1.030551
v -6.206016 0.876412 0.876411
v -6.206016 1.030551 0.688592
v -6.206016 0.688593 1.030551
v -6.206016 0.745319 0.745319
v -5.960615 0.745320 0.745319
v -6.206016 0.876403 0.585593
v -6.206016 0.585594 0.876402
v -6.206016 0.403364 0.973806
v -5.960615 0.585594 0.876402
v -5.960615 0.403364 0.973806
v -5.960615 0.688593 1.030551
v -5.960615 0.876412 0.876411
v -5.960615 0.474311 1.145087
v -5.502376 0.688593 1.030551
v -5.502376 0.474311 1.145087
v -5.502376 0.876412 0.876411
v -5.502376 1.030552 0.688592
v -5.502376 1.145087 0.474310
v -5.960615 1.030552 0.688592
v -5.960616 1.145087 0.474310
v -5.960615 0.876403 0.585593
v -5.960616 0.973807 0.403363
v -5.960616 1.033787 0.205632
v -6.206017 0.973807 0.403363
v -6.206017 1.033787 0.205632
v -6.206017 1.145087 0.474310
v -6.206017 1.215618 0.241801
v -6.538132 1.145087 0.474310
v -6.538132 1.215618 0.241801
v -6.538132 0.973807 0.403363
v -6.538132 1.033787 0.205632
v -6.783532 0.973807 0.403363
v -6.783532 1.033787 0.205632
v -6.783532 1.145087 0.474310
v -6.783532 1.215618 0.241801
v -7.115646 1.145087 0.474310
v -7.115646 1.215618 0.241801
v -7.115646 0.973807 0.403363
v -7.115646 1.239433 -0.000001
v -7.115646 1.215617 -0.241802
v -6.783532 1.239433 -0.000001
v -6.783532 1.215617 -0.241802
v -6.783532 1.054040 -0.000001
v -6.538131 1.054040 -0.000001
v -6.783532 1.033787 -0.205634
v -6.538131 1.033787 -0.205634
v -6.783532 0.973806 -0.403365
v -6.538131 0.973806 -0.403364
v -6.783532 0.876402 -0.585594
v -6.783532 1.145086 -0.474311
v -6.783532 1.030550 -0.688593
v -7.115646 1.145086 -0.474311
v -7.115646 0.973806 -0.403365
v -7.115646 1.030550 -0.688593
v -7.115646 0.876410 -0.876412
v -7.115646 0.876402 -0.585594
v -7.115646 0.745318 -0.745320
v -7.361046 0.876402 -0.585594
v -7.361046 0.745318 -0.745320
v -7.361046 1.030550 -0.688593
v -7.361046 0.876410 -0.876412
v -7.693161 1.030550 -0.688593
v -7.693161 0.876410 -0.876412
v -7.693161 0.876402 -0.585594
v -7.693161 0.688591 -1.030552
v -7.693161 0.474309 -1.145087
v -7.361046 0.688591 -1.030552
v -7.361046 0.474309 -1.145087
v -7.361046 0.585592 -0.876403
v -7.361046 0.403362 -0.973807
v -7.115646 0.585592 -0.876403
v -7.115646 0.403362 -0.973807
v -7.115646 0.688591 -1.030552
v -7.115645 0.474309 -1.145087
v -6.783532 0.688591 -1.030552
v -6.783532 0.474309 -1.145087
v -6.783532 0.876410 -0.876412
v -6.783532 0.585592 -0.876403
v -6.783532 0.403362 -0.973807
v -6.538131 0.585592 -0.876403
v -6.783532 0.745318 -0.745320
v -6.538131 0.745318 -0.745320
v -6.538131 0.876402 -0.585594
v -6.538131 0.876410 -0.876412
v -6.538131 0.688591 -1.030552
v -6.538131 1.030550 -0.688593
v -6.206016 0.876410 -0.876412
v -6.206016 0.688591 -1.030552
v -6.206016 1.030550 -0.688593
v -6.206016 0.745318 -0.745320
v -6.206016 0.876402 -0.585594
v -6.206016 0.585592 -0.876403
v -5.960615 0.745318 -0.745320
v -5.960615 0.876402 -0.585594
v -5.960615 0.585592 -0.876403
v -5.960615 0.876411 -0.876412
v -5.960615 0.688591 -1.030551
v -5.960615 1.030550 -0.688593
v -5.502376 0.876411 -0.876412
v -5.502376 1.030550 -0.688593
v -5.502376 0.688591 -1.030551
v -5.502376 0.474309 -1.145087
v -5.502376 0.241800 -1.215618
v -5.960615 0.474309 -1.145087
v -5.960615 0.241800 -1.215618
v -5.960615 0.403362 -0.973806
v -5.960615 0.205632 -1.033787
v -6.206016 0.403362 -0.973807
v -6.206016 0.205632 -1.033787
v -6.206016 0.474309 -1.145087
v -6.206016 0.241800 -1.215618
v -6.538131 0.474309 -1.145087
v -6.538131 0.241800 -1.215618
v -6.538131 0.403362 -0.973807
v -6.538131 0.205632 -1.033787
v -6.538131 0.000000 -1.054040
v -6.783532 0.205632 -1.033787
v -6.783532 0.000000 -1.054040
v -6.783532 0.241800 -1.215618
v -6.783532 0.000000 -1.239433
v -7.115645 0.241800 -1.215618
v -7.115645 0.000000 -1.239433
v -7.115645 0.205632 -1.033787
v -7.361046 0.205632 -1.033787
v -7.115645 0.000000 -1.054040
v -7.361046 0.000000 -1.054040
v -7.115645 -0.205633 -1.033787
v -7.115645 -0.241801 -1.215617
v -7.361046 -0.205633 -1.033787
v -7.115645 -0.403364 -0.973806
v -7.115645 -0.474310 -1.145087
v -7.361046 -0.403364 -0.973806
v -7.115645 -0.585593 -0.876402
v -7.115645 -0.688592 -1.030551
v -7.361046 -0.585593 -0.876402
v -7.115645 -0.745319 -0.745319
v -7.361046 -0.745319 -0.745319
v -7.115645 -0.876402 -0.585593
v -7.115645 -0.876411 -0.876411
v -7.115645 -1.030551 -0.688592
v -6.783532 -0.876411 -0.876411
v -6.783532 -1.030551 -0.688592
v -6.783532 -0.688592 -1.030551
v -6.783532 -0.745319 -0.745319
v -6.538131 -0.745319 -0.745319
v -6.783532 -0.876402 -0.585593
v -6.783532 -0.585593 -0.876402
v -6.538131 -0.585593 -0.876402
v -6.783532 -0.403364 -0.973806
v -6.783532 -0.474310 -1.145086
v -6.538131 -0.403364 -0.973806
v -6.783532 -0.205633 -1.033787
v -6.783532 -0.241801 -1.215617
v -6.538131 -0.205633 -1.033787
v -6.538131 -0.241801 -1.215617
v -6.538131 -0.474310 -1.145086
v -6.538131 0.000000 -1.239433
v -6.206016 -0.241801 -1.215617
v -6.206016 -0.205633 -1.033787
v -6.206016 -0.474310 -1.145086
v -6.206016 0.000000 -1.239433
v -6.206016 0.000000 -1.054040
v -5.960615 0.000000 -1.054040
v -5.960615 0.000000 -1.239433
v -5.960615 -0.205633 -1.033787
v -5.960615 -0.241801 -1.215617
v -5.960615 -0.403364 -0.973806
v -5.960615 -0.474310 -1.145086
v -6.206016 -0.403364 -0.973806
v -5.960615 -0.585593 -0.876402
v -5.960615 -0.688592 -1.030550
v -6.206016 -0.585593 -0.876402
v -5.960615 -0.745319 -0.745319
v -5.960615 -0.876411 -0.876411
v -6.206016 -0.745319 -0.745319
v -5.960615 -0.876402 -0.585593
v -6.206016 -0.876402 -0.585593
v -5.960615 -0.973806 -0.403363
v -5.960615 -1.030551 -0.688592
v -5.960615 -1.145087 -0.474310
v -5.502376 -1.030551 -0.688592
v -5.502376 -0.876411 -0.876411
v -5.502376 -1.145087 -0.474310
v -5.502376 -1.215617 -0.241801
v -5.502376 -1.239433 0.000000
v -5.960615 -1.215617 -0.241801
v -5.960615 -1.239433 0.000000
v -5.960615 -1.033787 -0.205633
v -6.206016 -1.033787 -0.205633
v -5.960615 -1.054040 0.000000
v -6.206016 -1.054040 0.000000
v -5.960615 -1.033787 0.205633
v -5.960615 -1.215618 0.241802
v -6.206016 -1.033787 0.205633
v -5.960615 -0.973806 0.403364
v -6.206016 -0.973806 0.403364
v -5.960615 -0.876402 0.585594
v -5.960615 -1.145087 0.474311
v -5.960615 -1.030551 0.688592
v -5.502376 -1.145087 0.474311
v -5.502376 -1.215618 0.241802
v -5.502376 -1.030551 0.688592
v -5.502376 -0.876411 0.876412
v -5.502376 -0.688592 1.030551
v -5.960615 -0.876411 0.876412
v -5.960615 -0.688592 1.030551
v -5.960615 -0.745319 0.745319
v -5.960615 -0.585593 0.876403
v -6.206016 -0.745319 0.745319
v -6.206016 -0.876402 0.585594
v -6.206016 -0.585593 0.876403
v -6.206016 -0.876411 0.876412
v -6.206016 -0.688592 1.030551
v -6.206016 -1.030551 0.688592
v -6.538131 -0.876411 0.876412
v -6.538131 -0.688592 1.030551
v -6.538131 -1.030551 0.688592
v -6.538131 -0.745319 0.745319
v -6.538131 -0.876402 0.585594
v -6.538131 -0.585593 0.876403
v -6.783532 -0.745319 0.745319
v -6.783532 -0.585593 0.876403
v -6.783532 -0.876402 0.585594
v -6.783532 -0.876411 0.876412
v -6.783532 -0.688592 1.030551
v -6.783532 -1.030551 0.688592
v -7.115646 -0.876411 0.876412
v -7.115646 -0.688592 1.030551
v -7.115646 -1.030551 0.688592
v -7.115646 -0.745319 0.745319
v -7.361046 -0.745319 0.745319
v -7.115646 -0.585593 0.876403
v -7.115646 -0.876402 0.585593
v -7.361046 -0.876402 0.585593
v -7.115645 -0.973806 0.403364
v -7.361046 -0.973806 0.403364
v -7.115645 -1.145087 0.474311
v -7.115645 -1.033787 0.205633
v -7.115645 -1.215618 0.241802
v -7.361046 -1.033787 0.205633
v -7.115645 -1.054040 0.000000
v -7.361046 -1.054040 0.000000
v -7.115645 -1.033787 -0.205633
v -7.115645 -1.239433 0.000000
v -7.115645 -1.215618 -0.241801
v -6.783532 -1.239433 0.000000
v -6.783532 -1.215618 0.241802
v -6.783532 -1.215617 -0.241801
v -6.783532 -1.054040 0.000000
v -6.538131 -1.054040 0.000000
v -6.783532 -1.033787 0.205633
v -6.783532 -1.033787 -0.205633
v -6.538131 -1.033787 -0.205633
v -6.783532 -0.973806 -0.403363
v -6.538131 -0.973806 -0.403363
v -6.783532 -1.145087 -0.474310
v -7.115645 -1.145087 -0.474310
v -7.115645 -0.973806 -0.403363
v -7.361046 -0.973806 -0.403363
v -7.361046 -1.033787 -0.205633
v -7.361046 -0.876402 -0.585593
v -7.361046 -1.145087 -0.474310
v -7.361046 -1.215618 -0.241801
v -7.361046 -1.030551 -0.688592
v -7.693161 -1.145087 -0.474310
v -7.693161 -1.215618 -0.241801
v -7.693161 -1.030551 -0.688592
v -7.693161 -0.973806 -0.403363
v -7.938562 -0.973806 -0.403364
v -7.693161 -1.033787 -0.205633
v -7.693161 -0.876402 -0.585593
v -7.938562 -1.033787 -0.205633
v -7.693161 -1.054040 0.000000
v -7.938562 -1.054040 0.000000
v -7.693161 -1.033787 0.205633
v -7.693161 -1.239433 0.000000
v -7.693161 -1.215618 0.241801
v -7.361046 -1.239433 0.000000
v -7.361046 -1.215618 0.241802
v -7.361046 -1.145087 0.474311
v -7.361046 -1.030551 0.688592
v -7.693161 -1.145087 0.474311
v -7.693161 -0.973806 0.403364
v -7.693161 -1.030551 0.688592
v -7.693161 -0.876412 0.876412
v -7.693161 -0.876402 0.585593
v -7.693161 -0.745319 0.745319
v -7.938562 -0.876402 0.585593
v -7.938562 -0.973806 0.403364
v -7.938562 -0.745319 0.745319
v -7.938562 -1.030551 0.688592
v -7.938562 -0.876412 0.876412
v -7.938562 -1.145087 0.474310
v -8.270676 -1.030551 0.688592
v -8.270676 -0.876411 0.876412
v -8.270676 -1.145087 0.474310
v -8.270676 -0.876402 0.585593
v -8.270676 -0.745319 0.745319
v -8.516077 -0.876402 0.585593
v -8.270676 -0.973806 0.403364
v -8.516077 -0.973806 0.403364
v -8.270676 -1.033787 0.205633
v -8.270676 -1.215618 0.241801
v -8.270676 -1.239433 0.000000
v -7.938562 -1.215618 0.241801
v -7.938562 -1.033787 0.205633
v -7.938562 -1.239433 0.000000
v -7.938562 -1.215618 -0.241801
v -7.938562 -1.145087 -0.474310
v -8.270676 -1.215618 -0.241801
v -8.270676 -1.145087 -0.474310
v -8.516077 -1.145087 0.474310
v -8.516077 -1.030551 0.688592
v -8.848191 -1.145087 0.474310
v -8.848191 -1.030551 0.688592
v -8.848191 -0.876402 0.585593
v -9.093592 -0.876402 0.585593
v -8.270676 -0.688592 1.030551
v -8.270676 -0.474310 1.145087
v -7.938562 -0.688592 1.030551
v -7.938562 -0.474310 1.145087
v -7.938562 -0.585593 0.876402
v -7.693161 -0.585593 0.876402
v -7.938562 -0.403363 0.973806
v -7.938562 -0.205633 1.033787
v -7.693161 -0.403363 0.973806
v -7.693161 -0.205633 1.033787
v -7.693161 -0.474310 1.145087
v -7.693161 -0.241801 1.215618
v -7.693161 -0.688592 1.030551
v -7.361046 -0.474310 1.145087
v -7.361046 -0.241801 1.215618
v -7.361046 -0.688592 1.030551
v -7.361046 -0.403363 0.973806
v -7.361046 -0.205633 1.033787
v -7.115646 -0.403363 0.973806
v -7.361046 -0.585593 0.876403
v -7.115646 -0.205633 1.033787
v -7.115646 -0.474310 1.145087
v -7.115646 -0.241801 1.215618
v -6.783532 -0.474310 1.145087
v -6.783532 -0.241801 1.215618
v -6.783532 -0.403363 0.973807
v -6.538131 -0.403363 0.973807
v -6.783532 -0.205633 1.033787
v -6.538131 -0.205633 1.033787
v -6.783532 0.000000 1.054041
v -6.783532 0.205634 1.033787
v -6.538131 0.000000 1.054041
v -6.783532 0.000001 1.239433
v -6.783532 0.241802 1.215618
v -7.115646 0.000001 1.239433
v -7.115646 0.241802 1.215618
v -7.115646 0.000000 1.054040
v -7.115646 0.205634 1.033787
v -7.361046 0.000000 1.054040
v -7.361046 0.205634 1.033787
v -7.361046 0.000000 1.239433
v -7.361046 0.241802 1.215618
v -7.693161 0.000000 1.239433
v -7.693161 0.241802 1.215618
v -7.693161 0.000000 1.054040
v -7.693161 0.205634 1.033787
v -7.938562 0.000000 1.054040
v -7.938562 0.205634 1.033787
v -7.938562 0.000000 1.239433
v -7.938562 0.241802 1.215618
v -7.938562 -0.241801 1.215618
v -8.270677 0.000000 1.239433
v -8.270677 0.241802 1.215618
v -8.270677 -0.241801 1.215618
v -8.270677 0.000000 1.054040
v -8.270677 0.205633 1.033787
v -8.270677 0.403364 0.973806
v -8.516077 0.205633 1.033787
v -8.516077 0.403364 0.973806
v -8.516077 0.241802 1.215618
v -8.516077 0.474311 1.145087
v -8.848191 0.241802 1.215618
v -8.848191 0.205633 1.033787
v -8.848191 0.474311 1.145087
v -8.848191 0.403364 0.973806
v -8.270677 0.585594 0.876402
v -8.270677 0.474311 1.145087
v -8.270677 0.688593 1.030551
v -7.938562 0.474311 1.145087
v -7.938562 0.403364 0.973806
v -7.938562 0.688593 1.030551
v -7.938562 0.585594 0.876402
v -7.693161 0.585594 0.876402
v -7.693161 0.403364 0.973806
v -7.693161 0.688593 1.030551
v -7.693161 0.474311 1.145087
v -7.361046 0.688593 1.030551
v -7.361046 0.474311 1.145087
v -7.361046 0.403364 0.973806
v -7.115646 0.403364 0.973806
v -7.115646 0.474311 1.145087
v -6.783532 0.474311 1.145087
v -6.783532 0.403364 0.973806
v -6.538131 0.403364 0.973806
v -6.538131 0.205634 1.033787
v -6.538131 0.474311 1.145087
v -6.538131 0.241802 1.215618
v -6.206016 0.474311 1.145087
v -6.206016 0.241802 1.215618
v -6.206016 0.000001 1.239433
v -6.206016 0.205634 1.033787
v -5.960615 0.205634 1.033787
v -6.206016 0.000000 1.054040
v -6.206016 -0.205633 1.033787
v -5.960615 0.000000 1.054040
v -5.960615 -0.205633 1.033787
v -5.960615 0.000001 1.239433
v -5.960615 0.241802 1.215618
v -5.960615 -0.241801 1.215618
v -5.502376 0.000001 1.239433
v -5.502376 -0.241801 1.215618
v -5.502376 0.241802 1.215618
v -5.502376 -0.474310 1.145087
v -5.960615 -0.474310 1.145087
v -5.960615 -0.403363 0.973807
v -6.206016 -0.403363 0.973807
v -6.206016 -0.474310 1.145087
v -6.206016 -0.241801 1.215618
v -6.538131 -0.474310 1.145087
v -6.538131 -0.241801 1.215618
v -6.538131 0.000001 1.239433
v -7.361046 -0.876411 0.876412
v -7.693161 -0.876412 -0.876411
v -7.693161 -0.688592 -1.030551
v -7.361046 -0.876411 -0.876411
v -7.361046 -0.688592 -1.030551
v -7.361046 -0.474310 -1.145087
v -7.361046 -0.241801 -1.215617
v -7.693161 -0.474310 -1.145087
v -7.693161 -0.241801 -1.215618
v -7.693161 0.000000 -1.239433
v -7.693161 0.241800 -1.215618
v -7.361046 0.000000 -1.239433
v -7.361046 0.241800 -1.215618
v -7.693161 0.205632 -1.033787
v -6.538131 -0.876402 -0.585593
v -6.538131 -1.145087 -0.474310
v -6.538131 -1.215617 -0.241801
v -6.538131 -1.030551 -0.688592
v -6.206016 -1.145087 -0.474310
v -6.206016 -1.215618 -0.241801
v -6.206016 -1.030551 -0.688592
v -6.206016 -0.973806 -0.403363
v -6.206016 -0.876411 -0.876411
v -6.206016 -0.688592 -1.030551
v -6.538131 -0.876411 -0.876411
v -6.538131 -0.688592 -1.030551
v -6.206016 -1.239433 0.000000
v -6.206016 -1.215618 0.241802
v -6.538131 -1.239433 0.000000
v -6.538131 -1.215618 0.241802
v -6.538131 -1.033787 0.205633
v -6.538131 -1.145087 0.474311
v -6.538131 -0.973806 0.403364
v -6.206016 -1.145087 0.474311
v -6.783532 -0.973806 0.403364
v -6.783532 -1.145087 0.474311
v -5.502376 -0.688592 -1.030550
v -5.502376 -0.474310 -1.145086
v -5.502376 -0.241801 -1.215617
v -5.502376 0.000000 -1.239433
v -5.502376 1.145086 -0.474311
v -5.502376 1.215618 -0.241802
v -5.960616 1.145086 -0.474311
v -5.960616 0.973806 -0.403364
v -5.960616 1.215618 -0.241802
v -5.960616 1.239433 -0.000001
v -5.960616 1.033787 -0.205634
v -6.206017 1.033787 -0.205634
v -5.960616 1.054040 -0.000001
v -6.206017 1.054040 -0.000001
v -6.206017 1.239433 -0.000001
v -6.206017 1.215617 -0.241802
v -6.538132 1.239433 -0.000001
v -6.538131 1.215617 -0.241802
v -6.538131 1.145086 -0.474311
v -6.206017 1.145086 -0.474311
v -6.206017 0.973806 -0.403364
v -5.960616 1.215618 0.241801
v -5.502376 1.239433 -0.000001
v -5.502376 1.215618 0.241801
v -9.425706 -0.403364 -0.973806
v -11.574724 0.417489 2.098855
v -11.574724 2.098854 -0.417490
v -11.574723 0.000000 2.139975
v -11.574723 -1.779325 -1.188906
v -11.574723 -1.513191 -1.513191
v -11.574723 -1.188907 1.779324
v -11.574723 -1.188907 -1.779324
v -11.574723 -1.513191 1.513191
v -11.574723 -1.977080 -0.818932
v -11.574723 -2.098856 -0.417488
v -11.574723 -0.818933 -1.977079
v -11.574723 -1.779325 1.188906
v -11.574723 -2.139976 -0.000000
v -11.574723 -2.098857 0.417488
v -11.574723 -1.977080 0.818932
v -11.574723 -0.000000 -2.139975
v -11.574723 -0.417489 -2.098856
v -11.574724 2.098855 0.417486
v -11.574724 2.139973 -0.000002
v -11.574723 -0.818933 1.977079
v -11.574723 -0.417488 2.098856
v -11.574723 0.417485 -2.098856
v -11.574724 1.977078 0.818931
v -11.574723 1.188903 -1.779325
v -11.574723 0.818929 -1.977080
v -11.574724 1.513191 1.513189
v -11.574724 1.779324 1.188905
v -11.574723 1.513188 -1.513192
v -11.574724 0.818933 1.977078
v -11.574724 1.188906 1.779323
v -11.574724 1.977076 -0.818935
v -11.574723 1.779321 -1.188909
v -12.691875 -0.000001 -1.239433
v -12.691875 -0.241803 -1.215618
v -12.691875 0.241798 -1.215618
v -12.691875 -0.474312 -1.145087
v -12.691875 -0.688594 -1.030551
v -12.691875 -0.876413 -0.876412
v -12.691875 -1.030553 -0.688592
v -12.691875 1.239432 -0.000001
v -12.691875 1.215616 -0.241803
v -12.691875 1.145085 -0.474312
v -12.691875 1.030549 -0.688594
v -12.691875 0.876409 -0.876413
v -12.691875 0.688589 -1.030552
v -12.691875 0.474307 -1.145088
v -12.691875 1.215616 0.241800
v -12.691875 1.145086 0.474309
v -12.691875 -1.145088 0.474310
v -12.691875 -1.030553 0.688592
v -12.691875 -0.876413 0.876411
v -12.691875 -0.688594 1.030551
v -12.691875 -0.474312 1.145087
v -12.691875 -0.241802 1.215617
v -12.691875 -0.000001 1.239433
v -12.691875 0.241800 1.215617
v -12.691875 0.474310 1.145086
v -12.691875 0.688591 1.030550
v -12.691875 0.876411 0.876411
v -12.691875 1.030550 0.688591
v -12.691875 -1.215619 0.241801
v -12.691875 -1.239434 -0.000000
v -12.691875 -1.145088 -0.474311
v -12.691875 -1.215619 -0.241802
v -10.786513 -0.000000 -1.996429
v -10.786513 -0.389484 -1.958068
v -10.786513 0.389481 -1.958068
v -10.786513 -0.764000 -1.844460
v -10.786513 -1.109157 -1.659970
v -10.786513 -1.411688 -1.411688
v -10.786513 -1.659970 -1.109156
v -10.786513 1.996428 -0.000002
v -10.786513 1.958067 -0.389486
v -10.786513 1.844458 -0.764002
v -10.786513 1.659968 -1.109158
v -10.786513 1.411686 -1.411690
v -10.786513 1.109154 -1.659971
v -10.786513 0.763997 -1.844461
v -10.786513 1.958068 0.389482
v -10.786514 1.844460 0.763999
v -10.786513 -1.844460 0.764000
v -10.786513 -1.659970 1.109156
v -10.786513 -1.411688 1.411688
v -10.786513 -1.109156 1.659970
v -10.786513 -0.764000 1.844459
v -10.786513 -0.389483 1.958068
v -10.786513 0.000001 1.996428
v -10.786513 0.389485 1.958067
v -10.786513 0.764001 1.844459
v -10.786513 1.109157 1.659969
v -10.786513 1.411689 1.411687
v -10.786513 1.659970 1.109155
v -10.786513 -1.958068 0.389484
v -10.786513 -1.996429 -0.000000
v -10.786512 -1.844460 -0.764000
v -10.786513 -1.958068 -0.389484
v -4.596421 1.109158 1.659970
v -4.596421 0.764001 1.844459
v -4.596421 1.411689 1.411688
v -4.596421 1.659971 1.109155
v -4.596421 1.844461 0.763999
v -4.596420 1.411687 -1.411689
v -4.596420 1.659969 -1.109157
v -4.596420 1.109154 -1.659971
v -4.596421 0.763998 -1.844460
v -4.596421 0.389481 -1.958068
v -4.596420 -1.659969 -1.109156
v -4.596420 -1.411688 -1.411688
v -4.596420 -1.844459 -0.764000
v -4.596420 -1.958067 -0.389483
v -4.596420 -1.996428 0.000001
v -4.596420 -1.844459 0.764001
v -4.596420 -1.958067 0.389484
v -4.596420 -1.659969 1.109157
v -4.596420 -1.411688 1.411689
v -4.596421 -1.109156 1.659970
v -4.596420 0.000001 1.996429
v -4.596420 -0.389483 1.958068
v -4.596421 0.389485 1.958068
v -4.596420 -0.763999 1.844460
v -4.596420 -1.109156 -1.659969
v -4.596420 -0.764000 -1.844459
v -4.596421 -0.389484 -1.958067
v -4.596421 0.000000 -1.996428
v -4.596421 1.844459 -0.764001
v -4.596421 1.958068 -0.389485
v -4.596421 1.996429 -0.000001
v -4.596421 1.958068 0.389483
v -3.567894 1.009706 1.511130
v -4.520869 1.109158 1.659970
v -4.520869 0.764001 1.844459
v -3.567894 0.695498 1.679077
v -3.567894 1.285111 1.285110
v -4.520869 1.411690 1.411688
v -3.567894 1.511131 1.009704
v -4.520869 1.659970 1.109156
v -3.567894 1.679078 0.695496
v -4.520869 1.844460 0.764000
v -3.567894 1.285109 -1.285111
v -4.520869 1.411687 -1.411689
v -4.520869 1.659968 -1.109159
v -3.567894 1.511129 -1.009706
v -3.567894 1.009703 -1.511130
v -4.520869 1.109154 -1.659971
v -3.567894 0.695495 -1.679078
v -4.520869 0.763998 -1.844460
v -3.567894 0.354559 -1.782499
v -4.520869 0.389481 -1.958068
v -3.567894 -1.511129 -1.009704
v -4.520868 -1.659969 -1.109156
v -4.520868 -1.411688 -1.411688
v -3.567894 -1.285110 -1.285109
v -3.567894 -1.679076 -0.695496
v -4.520868 -1.844459 -0.763999
v -3.567894 -1.782498 -0.354560
v -4.520869 -1.958067 -0.389483
v -3.567894 -1.817419 0.000001
v -4.520869 -1.996428 0.000001
v -3.567894 -1.679077 0.695497
v -4.520869 -1.844459 0.764000
v -4.520869 -1.958067 0.389484
v -3.567894 -1.782498 0.354562
v -3.567894 -1.511129 1.009705
v -4.520869 -1.659969 1.109157
v -3.567894 -1.285110 1.285111
v -4.520869 -1.411688 1.411689
v -3.567894 -1.009704 1.511130
v -4.520869 -1.109156 1.659970
v -3.567894 0.000001 1.817421
v -4.520869 0.000001 1.996429
v -4.520869 -0.389483 1.958068
v -3.567894 -0.354560 1.782500
v -3.567894 0.354562 1.782499
v -4.520869 0.389485 1.958068
v -4.520869 -0.763999 1.844460
v -3.567894 -0.695496 1.679078
v -4.520868 -1.109156 -1.659969
v -3.567894 -1.009704 -1.511129
v -4.520868 -0.764000 -1.844459
v -3.567894 -0.695496 -1.679076
v -4.520869 -0.389484 -1.958067
v -3.567894 -0.354561 -1.782498
v -4.520869 0.000000 -1.996428
v -3.567894 0.000000 -1.817419
v -4.520869 1.844458 -0.764002
v -3.567894 1.679077 -0.695498
v -4.520869 1.958068 -0.389485
v -3.567894 1.782499 -0.354562
v -3.567894 1.817421 -0.000001
v -4.520869 1.996429 -0.000001
v -4.520869 1.958068 0.389483
v -3.567894 1.782500 0.354560
v -10.766603 -0.000000 -1.996429
v -10.703437 -0.000000 -1.907164
v -10.703437 -0.372069 -1.870519
v -10.766603 -0.389484 -1.958068
v -10.766603 0.389481 -1.958068
v -10.703437 0.372066 -1.870519
v -10.703437 -0.729840 -1.761990
v -10.766603 -0.764000 -1.844460
v -10.703437 -1.059564 -1.585749
v -10.766603 -1.109157 -1.659970
v -10.703437 -1.348569 -1.348569
v -10.766603 -1.411688 -1.411688
v -10.703437 -1.585749 -1.059564
v -10.766603 -1.659970 -1.109156
v -10.766603 1.996428 -0.000002
v -10.703437 1.907164 -0.000002
v -10.703437 1.870518 -0.372071
v -10.766603 1.958067 -0.389486
v -10.703437 1.761989 -0.729842
v -10.766603 1.844458 -0.764002
v -10.703437 1.585747 -1.059566
v -10.766603 1.659968 -1.109158
v -10.703437 1.348567 -1.348570
v -10.766603 1.411686 -1.411690
v -10.766603 1.109154 -1.659971
v -10.703437 1.059561 -1.585751
v -10.703437 0.729838 -1.761991
v -10.766603 0.763997 -1.844461
v -10.766603 1.958068 0.389482
v -10.703437 1.870518 0.372068
v -10.766603 1.844460 0.763999
v -10.703439 1.761990 0.729839
v -10.766603 -1.844460 0.764000
v -10.703436 -1.761990 0.729840
v -10.703437 -1.585749 1.059563
v -10.766603 -1.659970 1.109156
v -10.703437 -1.348569 1.348568
v -10.766603 -1.411688 1.411688
v -10.703437 -1.059564 1.585749
v -10.766603 -1.109156 1.659970
v -10.703437 -0.729840 1.761990
v -10.766603 -0.764000 1.844459
v -10.766603 -0.389483 1.958068
v -10.703437 -0.372069 1.870518
v -10.703437 0.000001 1.907164
v -10.766603 0.000001 1.996428
v -10.703437 0.372070 1.870518
v -10.766603 0.389485 1.958067
v -10.703437 0.729841 1.761989
v -10.766603 0.764001 1.844459
v -10.703437 1.059564 1.585748
v -10.766603 1.109157 1.659969
v -10.766603 1.411689 1.411687
v -10.703437 1.348570 1.348568
v -10.703437 1.585750 1.059562
v -10.766603 1.659970 1.109155
v -10.766603 -1.958068 0.389484
v -10.703436 -1.870519 0.372069
v -10.766603 -1.996429 -0.000000
v -10.703436 -1.907164 -0.000000
v -10.766603 -1.844460 -0.764000
v -10.703436 -1.761990 -0.729840
v -10.703436 -1.870518 -0.372069
v -10.766603 -1.958068 -0.389484
v -5.439210 1.109157 1.659970
v -5.502376 1.059565 1.585749
v -5.502376 0.729841 1.761990
v -5.439210 0.764001 1.844459
v -5.439210 1.411689 1.411688
v -5.502376 1.348570 1.348568
v -5.439210 1.659971 1.109156
v -5.502376 1.585750 1.059563
v -5.439210 1.844460 0.763999
v -5.502376 1.761991 0.729839
v -5.439210 1.411687 -1.411689
v -5.502376 1.348567 -1.348570
v -5.502376 1.585748 -1.059565
v -5.439210 1.659969 -1.109158
v -5.439210 1.109154 -1.659971
v -5.502376 1.059562 -1.585750
v -5.439210 0.763998 -1.844460
v -5.502376 0.729838 -1.761990
v -5.439210 0.389481 -1.958068
v -5.502376 0.372067 -1.870518
v -5.439209 -1.659969 -1.109156
v -5.502375 -1.585749 -1.059563
v -5.502375 -1.348568 -1.348568
v -5.439209 -1.411688 -1.411688
v -5.439209 -1.844459 -0.764000
v -5.502375 -1.761989 -0.729839
v -5.439209 -1.958067 -0.389483
v -5.502376 -1.870518 -0.372069
v -5.439209 -1.996428 0.000000
v -5.502376 -1.907164 0.000000
v -5.439209 -1.844459 0.764000
v -5.502376 -1.761989 0.729840
v -5.502376 -1.870518 0.372070
v -5.439209 -1.958067 0.389484
v -5.439210 -1.659969 1.109157
v -5.502376 -1.585749 1.059564
v -5.439210 -1.411688 1.411689
v -5.502376 -1.348568 1.348569
v -5.439210 -1.109156 1.659970
v -5.502376 -1.059563 1.585750
v -5.439210 0.000001 1.996429
v -5.502376 0.000001 1.907165
v -5.502376 -0.372069 1.870519
v -5.439210 -0.389483 1.958068
v -5.439210 0.389485 1.958068
v -5.502376 0.372070 1.870519
v -5.502376 -0.729840 1.761990
v -5.439210 -0.764000 1.844460
v -5.502375 -1.059563 -1.585748
v -5.439209 -1.109156 -1.659969
v -5.502375 -0.729840 -1.761989
v -5.439209 -0.764000 -1.844459
v -5.502376 -0.372069 -1.870518
v -5.439210 -0.389484 -1.958067
v -5.502376 0.000000 -1.907164
v -5.439210 0.000000 -1.996428
v -5.502376 1.761989 -0.729841
v -5.439210 1.844459 -0.764002
v -5.502376 1.870518 -0.372071
v -5.439210 1.958068 -0.389485
v -5.439210 1.996429 -0.000001
v -5.502376 1.907164 -0.000001
v -5.502376 1.870519 0.372068
v -5.439210 1.958068 0.389483
v -12.691875 -0.000002 -1.554354
v -11.646042 -0.000002 -2.139975
v -11.646042 -0.417490 -2.098855
v -12.691875 -0.303241 -1.524488
v -12.691875 0.303235 -1.524488
v -11.646042 0.417483 -2.098856
v -11.646042 -0.818935 -1.977078
v -12.691875 -0.594827 -1.436036
v -11.646042 -1.188908 -1.779324
v -12.691875 -0.863555 -1.292398
v -11.646042 -1.513192 -1.513190
v -12.691875 -1.099096 -1.099095
v -11.646042 -1.779325 -1.188907
v -12.691875 -1.292400 -0.863553
v -12.691875 1.554352 -0.000002
v -11.646042 2.139973 -0.000002
v -11.646042 2.098854 -0.417491
v -12.691875 1.524485 -0.303241
v -11.646042 1.977076 -0.818935
v -12.691875 1.436033 -0.594827
v -11.646042 1.779321 -1.188909
v -12.691875 1.292395 -0.863554
v -11.646042 1.513187 -1.513193
v -12.691875 1.099091 -1.099096
v -12.691875 0.863549 -1.292399
v -11.646042 1.188902 -1.779326
v -11.646042 0.818928 -1.977081
v -12.691875 0.594822 -1.436037
v -12.691875 1.524485 0.303238
v -11.646043 2.098855 0.417487
v -12.691875 1.436034 0.594824
v -11.646043 1.977078 0.818931
v -12.691874 -1.436038 0.594825
v -11.646042 -1.977079 0.818933
v -11.646042 -1.779325 1.188907
v -12.691875 -1.292400 0.863552
v -11.646042 -1.513192 1.513190
v -12.691875 -1.099096 1.099094
v -11.646042 -1.188908 1.779323
v -12.691875 -0.863555 1.292398
v -11.646042 -0.818934 1.977078
v -12.691875 -0.594827 1.436036
v -12.691875 -0.303241 1.524487
v -11.646042 -0.417490 2.098855
v -11.646042 -0.000001 2.139975
v -12.691875 -0.000001 1.554354
v -11.646043 0.417487 2.098855
v -12.691875 0.303238 1.524487
v -11.646043 0.818932 1.977078
v -12.691875 0.594824 1.436035
v -11.646043 1.188906 1.779323
v -12.691875 0.863551 1.292397
v -12.691875 1.099093 1.099093
v -11.646043 1.513190 1.513190
v -11.646043 1.779323 1.188905
v -12.691875 1.292396 0.863551
v -12.691874 -1.524490 0.303239
v -11.646042 -2.098857 0.417488
v -12.691874 -1.554356 -0.000000
v -11.646042 -2.139976 -0.000000
v -12.691874 -1.436038 -0.594826
v -11.646042 -1.977079 -0.818934
v -11.646042 -2.098857 -0.417488
v -12.691874 -1.524489 -0.303240
v -5.422725 1.109157 1.659970
v -5.422725 0.764001 1.844459
v -5.422725 1.411689 1.411688
v -5.422725 1.659971 1.109156
v -5.422725 1.844460 0.763999
v -5.422725 1.411687 -1.411689
v -5.422725 1.659969 -1.109158
v -5.422725 1.109154 -1.659971
v -5.422725 0.763998 -1.844460
v -5.422725 0.389481 -1.958068
v -5.422724 -1.659969 -1.109156
v -5.422724 -1.411688 -1.411688
v -5.422724 -1.844459 -0.764000
v -5.422725 -1.958067 -0.389483
v -5.422725 -1.996428 0.000000
v -5.422725 -1.844459 0.764000
v -5.422725 -1.958067 0.389484
v -5.422725 -1.659969 1.109157
v -5.422725 -1.411688 1.411689
v -5.422725 -1.109156 1.659970
v -5.422725 0.000001 1.996429
v -5.422725 -0.389483 1.958068
v -5.422725 0.389485 1.958068
v -5.422725 -0.764000 1.844460
v -5.422724 -1.109156 -1.659969
v -5.422724 -0.764000 -1.844459
v -5.422725 -0.389484 -1.958067
v -5.422725 0.000000 -1.996428
v -5.422725 1.844459 -0.764002
v -5.422725 1.958068 -0.389485
v -5.422725 1.996429 -0.000001
v -5.422725 1.958068 0.389483
v -3.694564 1.109158 1.659970
v -3.694564 0.764001 1.844460
v -3.694564 1.411690 1.411688
v -3.694564 1.659971 1.109156
v -3.694565 1.844461 0.763999
v -3.694564 1.411687 -1.411689
v -3.694564 1.659969 -1.109158
v -3.694564 1.109154 -1.659970
v -3.694564 0.763998 -1.844460
v -3.694564 0.389481 -1.958068
v -3.694564 -1.659969 -1.109156
v -3.694564 -1.411688 -1.411687
v -3.694564 -1.844459 -0.763999
v -3.694564 -1.958067 -0.389483
v -3.694564 -1.996428 0.000001
v -3.694564 -1.844459 0.764000
v -3.694564 -1.958067 0.389484
v -3.694564 -1.659969 1.109157
v -3.694564 -1.411688 1.411689
v -3.694564 -1.109156 1.659970
v -3.694564 0.000001 1.996429
v -3.694564 -0.389483 1.958068
v -3.694564 0.389485 1.958068
v -3.694564 -0.763999 1.844460
v -3.694564 -1.109156 -1.659969
v -3.694564 -0.764000 -1.844459
v -3.694564 -0.389483 -1.958067
v -3.694564 0.000000 -1.996428
v -3.694565 1.844459 -0.764001
v -3.694565 1.958068 -0.389485
v -3.694565 1.996429 -0.000001
v -3.694565 1.958069 0.389483
v -10.943292 1.779322 -1.188908
v -10.943292 1.977077 -0.818935
v -10.943292 1.188907 1.779323
v -10.943292 0.818933 1.977078
v -10.943292 1.513188 -1.513193
v -10.943292 1.779324 1.188905
v -10.943292 1.513191 1.513190
v -10.943292 0.818930 -1.977080
v -10.943292 1.188903 -1.779326
v -10.943293 1.977079 0.818931
v -10.943292 0.417485 -2.098856
v -10.943292 -0.417488 2.098855
v -10.943292 -0.818933 1.977079
v -10.943292 2.139974 -0.000002
v -10.943293 2.098855 0.417487
v -10.943292 -0.417489 -2.098855
v -10.943292 -0.000000 -2.139975
v -10.943292 -1.977079 0.818933
v -10.943292 -2.098856 0.417488
v -10.943292 -2.139975 -0.000000
v -10.943292 -1.779324 1.188906
v -10.943292 -0.818933 -1.977079
v -10.943291 -2.098856 -0.417488
v -10.943291 -1.977079 -0.818933
v -10.943292 -1.513191 1.513190
v -10.943292 -1.188907 -1.779324
v -10.943292 -1.188907 1.779324
v -10.943292 -1.513191 -1.513191
v -10.943292 -1.779324 -1.188906
v -10.943292 0.000000 2.139975
v -10.943292 2.098855 -0.417490
v -10.943292 0.417489 2.098855
v -12.277474 -0.000002 -2.139975
v -12.277474 -0.417490 -2.098855
v -12.277474 0.417483 -2.098856
v -12.277474 -0.818935 -1.977079
v -12.277474 -1.188908 -1.779324
v -12.277474 -1.513192 -1.513191
v -12.277474 -1.779326 -1.188906
v -12.277474 2.139973 -0.000002
v -12.277474 2.098853 -0.417491
v -12.277474 1.977076 -0.818935
v -12.277474 1.779320 -1.188909
v -12.277474 1.513187 -1.513193
v -12.277474 1.188902 -1.779326
v -12.277474 0.818928 -1.977080
v -12.277474 2.098854 0.417486
v -12.277474 1.977077 0.818931
v -12.277473 -1.977081 0.818932
v -12.277474 -1.779326 1.188906
v -12.277474 -1.513192 1.513190
v -12.277474 -1.188908 1.779324
v -12.277474 -0.818934 1.977079
v -12.277474 -0.417490 2.098855
v -12.277474 -0.000001 2.139975
v -12.277474 0.417487 2.098855
v -12.277474 0.818932 1.977078
v -12.277474 1.188905 1.779323
v -12.277474 1.513190 1.513190
v -12.277474 1.779323 1.188905
v -12.277473 -2.098857 0.417488
v -12.277473 -2.139976 -0.000000
v -12.277473 -1.977080 -0.818933
v -12.277473 -2.098857 -0.417488
v -4.520869 1.440000 1.439999
v -4.545613 1.464726 1.464725
v -4.528116 1.457484 1.457482
v -4.571677 1.464726 1.464725
v -4.596421 1.440000 1.439999
v -4.589173 1.457484 1.457482
v -4.596421 1.104370 1.715443
v -4.571677 1.150828 1.722334
v -4.589173 1.137221 1.720316
v -4.520869 1.104370 1.715443
v -4.545613 1.150828 1.722334
v -4.528116 1.137221 1.720316
v -4.571677 0.792705 1.913755
v -4.596421 0.812785 1.871298
v -4.589173 0.798586 1.901320
v -4.545613 0.792705 1.913755
v -4.520869 0.812785 1.871298
v -4.528116 0.798586 1.901320
v -4.571677 0.404118 2.031632
v -4.596421 0.397296 1.997336
v -4.589173 0.402120 2.021587
v -4.520869 0.397296 1.997336
v -4.545613 0.404118 2.031632
v -4.528116 0.402120 2.021587
v -4.520869 1.693260 1.131400
v -4.545613 1.722335 1.150827
v -4.528116 1.713819 1.145137
v -4.571677 1.722336 1.150826
v -4.596421 1.693261 1.131399
v -4.589173 1.713820 1.145136
v -4.545613 1.913756 0.792703
v -4.520869 1.897933 0.748483
v -4.528117 1.909122 0.779751
v -4.596421 1.897934 0.748481
v -4.571677 1.913756 0.792702
v -4.589173 1.909122 0.779750
v -4.545613 2.031632 0.404116
v -4.520869 1.993909 0.432093
v -4.528117 2.020584 0.412310
v -4.571677 2.031632 0.404116
v -4.596421 1.993909 0.432093
v -4.589173 2.020583 0.412310
v -4.520869 1.131398 -1.693260
v -4.545613 1.150825 -1.722335
v -4.528116 1.145135 -1.713819
v -4.571676 1.150825 -1.722335
v -4.596420 1.131398 -1.693260
v -4.589173 1.145135 -1.713819
v -4.571676 1.464723 -1.464726
v -4.596420 1.439997 -1.440000
v -4.589173 1.457481 -1.457484
v -4.520869 1.439997 -1.440000
v -4.545613 1.464723 -1.464726
v -4.528116 1.457481 -1.457484
v -4.571676 1.722333 -1.150828
v -4.596420 1.715442 -1.104370
v -4.589173 1.720315 -1.137221
v -4.520869 1.715441 -1.104372
v -4.545613 1.722333 -1.150829
v -4.528116 1.720314 -1.137222
v -4.596421 1.871298 -0.812785
v -4.571677 1.913755 -0.792705
v -4.589173 1.901320 -0.798586
v -4.520869 1.871297 -0.812786
v -4.545613 1.913755 -0.792705
v -4.528117 1.901319 -0.798587
v -4.545613 0.792701 -1.913756
v -4.520869 0.748480 -1.897934
v -4.528116 0.779749 -1.909122
v -4.571677 0.792701 -1.913756
v -4.596421 0.748480 -1.897934
v -4.589173 0.779749 -1.909122
v -4.520869 0.432092 -1.993908
v -4.545613 0.404114 -2.031632
v -4.528116 0.412308 -2.020583
v -4.571677 0.404114 -2.031632
v -4.596421 0.432092 -1.993908
v -4.589173 0.412308 -2.020583
v -4.545613 0.000000 -2.071433
v -4.520869 0.000000 -2.036465
v -4.528116 0.000000 -2.061192
v -4.596421 0.000000 -2.036465
v -4.571677 0.000000 -2.071433
v -4.589173 0.000000 -2.061192
v -4.545612 -1.913755 -0.792703
v -4.520868 -1.897932 -0.748482
v -4.528116 -1.909120 -0.779751
v -4.571676 -1.913754 -0.792703
v -4.596420 -1.897932 -0.748482
v -4.589172 -1.909120 -0.779751
v -4.571676 -1.722334 -1.150827
v -4.596420 -1.693259 -1.131400
v -4.589173 -1.713818 -1.145137
v -4.520868 -1.693259 -1.131399
v -4.545612 -1.722334 -1.150826
v -4.528116 -1.713818 -1.145136
v -4.596420 -1.439999 -1.439998
v -4.571676 -1.464725 -1.464724
v -4.589173 -1.457482 -1.457482
v -4.545612 -1.464724 -1.464724
v -4.520868 -1.439998 -1.439998
v -4.528116 -1.457482 -1.457482
v -4.596420 -1.104369 -1.715442
v -4.571676 -1.150827 -1.722334
v -4.589173 -1.137219 -1.720315
v -4.545612 -1.150827 -1.722334
v -4.520868 -1.104369 -1.715442
v -4.528116 -1.137219 -1.720315
v -4.520868 -1.993908 -0.432094
v -4.545612 -2.031631 -0.404116
v -4.528116 -2.020582 -0.412311
v -4.596420 -1.993908 -0.432094
v -4.571676 -2.031631 -0.404116
v -4.589172 -2.020582 -0.412311
v -4.520869 -2.036465 0.000001
v -4.545613 -2.071433 0.000001
v -4.528116 -2.061192 0.000001
v -4.571676 -2.071433 0.000001
v -4.596420 -2.036465 0.000001
v -4.589172 -2.061192 0.000001
v -4.545613 -2.031631 0.404117
v -4.520869 -1.997335 0.397295
v -4.528116 -2.021586 0.402119
v -4.596420 -1.997335 0.397295
v -4.571676 -2.031631 0.404117
v -4.589172 -2.021586 0.402119
v -4.520869 -1.715442 1.104369
v -4.545613 -1.722334 1.150828
v -4.528116 -1.720315 1.137220
v -4.596420 -1.715442 1.104370
v -4.571676 -1.722334 1.150828
v -4.589173 -1.720315 1.137221
v -4.571676 -1.913755 0.792704
v -4.596420 -1.871298 0.812785
v -4.589172 -1.901320 0.798585
v -4.545613 -1.913755 0.792704
v -4.520869 -1.871298 0.812784
v -4.528116 -1.901319 0.798585
v -4.520869 -1.439998 1.439999
v -4.545613 -1.464724 1.464725
v -4.528116 -1.457482 1.457483
v -4.571676 -1.464725 1.464725
v -4.596420 -1.439999 1.439999
v -4.589173 -1.457482 1.457483
v -4.520869 -1.131399 1.693260
v -4.545613 -1.150826 1.722335
v -4.528116 -1.145136 1.713819
v -4.571677 -1.150826 1.722335
v -4.596421 -1.131399 1.693260
v -4.589173 -1.145136 1.713819
v -4.520869 -0.748482 1.897933
v -4.545613 -0.792703 1.913756
v -4.528116 -0.779751 1.909122
v -4.571676 -0.792703 1.913756
v -4.596420 -0.748482 1.897933
v -4.589173 -0.779751 1.909122
v -4.571676 0.000001 2.071434
v -4.596420 0.000001 2.036467
v -4.589173 0.000001 2.061193
v -4.520869 0.000001 2.036467
v -4.545613 0.000001 2.071434
v -4.528116 0.000001 2.061193
v -4.596420 -0.432094 1.993909
v -4.571676 -0.404116 2.031632
v -4.589173 -0.412310 2.020583
v -4.520869 -0.432094 1.993909
v -4.545613 -0.404116 2.031632
v -4.528116 -0.412310 2.020583
v -4.596420 -0.812784 -1.871298
v -4.571676 -0.792703 -1.913755
v -4.589173 -0.798585 -1.901319
v -4.520868 -0.812784 -1.871298
v -4.545612 -0.792703 -1.913755
v -4.528116 -0.798585 -1.901319
v -4.596420 -0.397294 -1.997335
v -4.571676 -0.404116 -2.031631
v -4.589173 -0.402118 -2.021586
v -4.545612 -0.404116 -2.031631
v -4.520868 -0.397294 -1.997335
v -4.528116 -0.402118 -2.021586
v -4.596421 1.997335 -0.397296
v -4.571677 2.031632 -0.404118
v -4.589173 2.021586 -0.402120
v -4.545613 2.031632 -0.404118
v -4.520869 1.997336 -0.397296
v -4.528117 2.021587 -0.402120
v -4.571677 2.071434 -0.000001
v -4.596421 2.036466 -0.000001
v -4.589173 2.061192 -0.000001
v -4.520869 2.036466 -0.000001
v -4.545613 2.071434 -0.000001
v -4.528116 2.061192 -0.000001
v -11.621298 0.432116 -2.172421
v -11.646042 0.460094 -2.134697
v -11.638795 0.440311 -2.161371
v -11.574723 0.460095 -2.134697
v -11.599467 0.432117 -2.172421
v -11.581971 0.440312 -2.161371
v -11.599467 -0.000001 -2.214980
v -11.574723 -0.000000 -2.180012
v -11.581971 -0.000001 -2.204738
v -11.646042 -0.000002 -2.180012
v -11.621298 -0.000001 -2.214980
v -11.638795 -0.000002 -2.204738
v -11.574723 -0.425300 -2.138124
v -11.599467 -0.432122 -2.172420
v -11.581971 -0.430124 -2.162375
v -11.621298 -0.432122 -2.172420
v -11.646042 -0.425301 -2.138123
v -11.638795 -0.430125 -2.162374
v -11.599467 -0.847637 -2.046375
v -11.574723 -0.867717 -2.003918
v -11.581971 -0.853518 -2.033940
v -11.646042 -0.867719 -2.003917
v -11.621298 -0.847638 -2.046375
v -11.638795 -0.853519 -2.033939
v -11.621298 0.847632 -2.046376
v -11.646042 0.803411 -2.030554
v -11.638795 0.834679 -2.041742
v -11.574723 0.803412 -2.030553
v -11.599467 0.847632 -2.046376
v -11.581971 0.834680 -2.041742
v -11.574723 -1.184120 -1.834798
v -11.599467 -1.230578 -1.841689
v -11.581971 -1.216971 -1.839670
v -11.621298 -1.230578 -1.841689
v -11.646042 -1.184121 -1.834797
v -11.638795 -1.216971 -1.839670
v -11.574723 -1.541502 -1.541502
v -11.599467 -1.566228 -1.566228
v -11.581971 -1.558986 -1.558985
v -11.621298 -1.566229 -1.566227
v -11.646042 -1.541503 -1.541501
v -11.638795 -1.558987 -1.558985
v -11.599467 -1.841690 -1.230577
v -11.574723 -1.812615 -1.211149
v -11.581971 -1.833174 -1.224887
v -11.621298 -1.841689 -1.230577
v -11.646042 -1.812614 -1.211151
v -11.638795 -1.833173 -1.224888
v -11.599467 -2.046376 -0.847636
v -11.574723 -2.030554 -0.803415
v -11.581970 -2.041742 -0.834684
v -11.646042 -2.030553 -0.803416
v -11.621297 -2.046375 -0.847637
v -11.638794 -2.041741 -0.834685
v -11.646043 2.134695 0.460097
v -11.621299 2.172419 0.432119
v -11.638795 2.161370 0.440314
v -11.574724 2.134695 0.460097
v -11.599468 2.172419 0.432119
v -11.581972 2.161370 0.440314
v -11.574724 2.180011 -0.000002
v -11.599468 2.214979 -0.000002
v -11.581972 2.204737 -0.000002
v -11.646042 2.180011 -0.000002
v -11.621298 2.214979 -0.000002
v -11.638795 2.204737 -0.000002
v -11.574724 2.138122 -0.425301
v -11.599468 2.172418 -0.432123
v -11.581972 2.162373 -0.430125
v -11.621298 2.172418 -0.432123
v -11.646042 2.138122 -0.425302
v -11.638795 2.162373 -0.430125
v -11.599468 2.046372 -0.847639
v -11.574724 2.003915 -0.867719
v -11.581972 2.033937 -0.853520
v -11.621298 2.046372 -0.847639
v -11.646042 2.003915 -0.867719
v -11.638795 2.033937 -0.853520
v -11.599467 1.841686 -1.230580
v -11.574723 1.834794 -1.184122
v -11.581971 1.839667 -1.216972
v -11.646042 1.834794 -1.184122
v -11.621298 1.841685 -1.230580
v -11.638795 1.839667 -1.216972
v -11.574723 1.541498 -1.541503
v -11.599467 1.566224 -1.566229
v -11.581971 1.558982 -1.558987
v -11.621298 1.566224 -1.566229
v -11.646042 1.541498 -1.541504
v -11.638795 1.558982 -1.558987
v -11.599467 1.230573 -1.841690
v -11.574723 1.211147 -1.812615
v -11.581971 1.224883 -1.833174
v -11.646042 1.211145 -1.812616
v -11.621298 1.230573 -1.841690
v -11.638795 1.224883 -1.833174
v -11.621299 2.046374 0.847635
v -11.646043 2.030551 0.803414
v -11.638795 2.041740 0.834682
v -11.599468 2.046374 0.847635
v -11.574724 2.030551 0.803414
v -11.581972 2.041740 0.834683
v -11.621299 1.841688 1.230576
v -11.646043 1.812613 1.211149
v -11.638795 1.833172 1.224886
v -11.574724 1.812613 1.211149
v -11.599468 1.841688 1.230576
v -11.581972 1.833172 1.224886
v -11.646042 -2.138125 0.425299
v -11.621298 -2.172421 0.432121
v -11.638794 -2.162376 0.430123
v -11.599467 -2.172421 0.432121
v -11.574723 -2.138124 0.425299
v -11.581971 -2.162376 0.430123
v -11.599467 -2.046376 0.847636
v -11.574723 -2.003919 0.867716
v -11.581971 -2.033940 0.853517
v -11.621298 -2.046376 0.847636
v -11.646042 -2.003918 0.867717
v -11.638794 -2.033940 0.853518
v -11.574723 -1.834798 1.184118
v -11.599467 -1.841690 1.230577
v -11.581971 -1.839671 1.216969
v -11.646042 -1.834798 1.184120
v -11.621298 -1.841689 1.230577
v -11.638795 -1.839671 1.216970
v -11.574723 -1.541502 1.541501
v -11.599467 -1.566228 1.566227
v -11.581971 -1.558986 1.558985
v -11.621298 -1.566229 1.566227
v -11.646042 -1.541503 1.541501
v -11.638795 -1.558987 1.558985
v -11.574723 -1.211150 1.812614
v -11.599467 -1.230578 1.841689
v -11.581971 -1.224887 1.833173
v -11.621298 -1.230578 1.841688
v -11.646042 -1.211151 1.812613
v -11.638795 -1.224888 1.833172
v -11.599467 -0.847637 2.046375
v -11.574723 -0.803415 2.030552
v -11.581971 -0.834684 2.041740
v -11.621298 -0.847637 2.046375
v -11.646042 -0.803417 2.030552
v -11.638795 -0.834685 2.041740
v -11.574723 -0.460099 2.134696
v -11.599467 -0.432121 2.172420
v -11.581971 -0.440316 2.161371
v -11.646042 -0.460100 2.134696
v -11.621298 -0.432122 2.172420
v -11.638795 -0.440317 2.161371
v -11.574723 0.000000 2.180012
v -11.599467 -0.000000 2.214980
v -11.581971 0.000000 2.204738
v -11.621298 -0.000001 2.214980
v -11.646042 -0.000001 2.180012
v -11.638795 -0.000001 2.204738
v -11.574724 0.425300 2.138123
v -11.599468 0.432121 2.172419
v -11.581972 0.430124 2.162374
v -11.621299 0.432121 2.172419
v -11.646043 0.425298 2.138123
v -11.638795 0.430122 2.162374
v -11.599468 0.847636 2.046374
v -11.574724 0.867717 2.003916
v -11.581972 0.853518 2.033938
v -11.621299 0.847636 2.046374
v -11.646043 0.867716 2.003917
v -11.638795 0.853517 2.033939
v -11.599468 1.230577 1.841687
v -11.574724 1.184119 1.834796
v -11.581972 1.216970 1.839669
v -11.646043 1.184118 1.834796
v -11.621299 1.230577 1.841688
v -11.638795 1.216969 1.839669
v -11.599468 1.566227 1.566226
v -11.574724 1.541501 1.541500
v -11.581972 1.558985 1.558984
v -11.646043 1.541501 1.541501
v -11.621299 1.566227 1.566226
v -11.638795 1.558985 1.558984
v -11.646042 -2.180013 -0.000000
v -11.621298 -2.214981 -0.000000
v -11.638794 -2.204739 -0.000000
v -11.599467 -2.214981 -0.000000
v -11.574723 -2.180013 -0.000000
v -11.581971 -2.204739 -0.000000
v -11.646042 -2.134697 -0.460099
v -11.621297 -2.172421 -0.432121
v -11.638794 -2.161372 -0.440316
v -11.574723 -2.134697 -0.460099
v -11.599467 -2.172421 -0.432121
v -11.581970 -2.161372 -0.440316
v -4.545613 1.602622 1.602620
v -4.520869 1.627348 1.627346
v -4.528116 1.609864 1.609862
v -4.596421 1.627348 1.627346
v -4.571677 1.602622 1.602620
v -4.589174 1.609864 1.609862
v -4.571677 1.259172 1.884482
v -4.596421 1.251569 1.935740
v -4.589173 1.256945 1.899495
v -4.545613 1.259172 1.884482
v -4.520869 1.251569 1.935740
v -4.528116 1.256945 1.899495
v -4.596421 0.914177 2.116080
v -4.571677 0.867333 2.093924
v -4.589173 0.881053 2.100414
v -4.520869 0.914177 2.116080
v -4.545613 0.867333 2.093924
v -4.528116 0.881053 2.100414
v -4.596421 0.448985 2.257195
v -4.571677 0.442163 2.222898
v -4.589173 0.444161 2.232944
v -4.545613 0.442163 2.222898
v -4.520869 0.448985 2.257195
v -4.528116 0.444161 2.232944
v -4.545613 1.884483 1.259170
v -4.520869 1.913558 1.278598
v -4.528116 1.892999 1.264861
v -4.596421 1.913559 1.278597
v -4.571677 1.884484 1.259170
v -4.589174 1.893000 1.264860
v -4.520869 2.142715 0.849874
v -4.545613 2.093925 0.867331
v -4.528117 2.108215 0.862219
v -4.571677 2.093926 0.867331
v -4.596421 2.142716 0.849873
v -4.589173 2.108216 0.862217
v -4.520869 2.253768 0.483782
v -4.545613 2.222899 0.442161
v -4.528117 2.231941 0.454351
v -4.596421 2.253768 0.483782
v -4.571677 2.222899 0.442161
v -4.589173 2.231940 0.454351
v -4.545613 1.259169 -1.884483
v -4.520869 1.278596 -1.913558
v -4.528116 1.264859 -1.892999
v -4.596420 1.278596 -1.913558
v -4.571676 1.259169 -1.884483
v -4.589173 1.264859 -1.892999
v -4.596421 1.627345 -1.627348
v -4.571677 1.602619 -1.602622
v -4.589173 1.609861 -1.609864
v -4.545613 1.602619 -1.602622
v -4.520869 1.627345 -1.627348
v -4.528116 1.609861 -1.609864
v -4.596420 1.935740 -1.251569
v -4.571676 1.884481 -1.259172
v -4.589173 1.899495 -1.256945
v -4.545613 1.884481 -1.259173
v -4.520869 1.935739 -1.251570
v -4.528116 1.899494 -1.256946
v -4.571677 2.093924 -0.867334
v -4.596421 2.116080 -0.914177
v -4.589173 2.100413 -0.881053
v -4.545613 2.093924 -0.867334
v -4.520869 2.116079 -0.914179
v -4.528117 2.100413 -0.881055
v -4.520869 0.849872 -2.142715
v -4.545613 0.867329 -2.093925
v -4.528116 0.862216 -2.108215
v -4.596421 0.849872 -2.142715
v -4.571677 0.867329 -2.093925
v -4.589173 0.862216 -2.108216
v -4.545613 0.442159 -2.222898
v -4.520869 0.483781 -2.253767
v -4.528116 0.454350 -2.231940
v -4.596421 0.483781 -2.253767
v -4.571677 0.442159 -2.222898
v -4.589173 0.454350 -2.231940
v -4.520869 0.000000 -2.301415
v -4.545613 0.000000 -2.266447
v -4.528116 0.000000 -2.276689
v -4.571677 0.000000 -2.266447
v -4.596421 0.000000 -2.301415
v -4.589173 0.000000 -2.276689
v -4.520868 -2.142714 -0.849874
v -4.545612 -2.093924 -0.867331
v -4.528116 -2.108214 -0.862218
v -4.596420 -2.142714 -0.849874
v -4.571676 -2.093924 -0.867331
v -4.589172 -2.108214 -0.862219
v -4.596420 -1.913557 -1.278598
v -4.571676 -1.884482 -1.259170
v -4.589172 -1.892998 -1.264861
v -4.545612 -1.884482 -1.259170
v -4.520868 -1.913557 -1.278597
v -4.528116 -1.892998 -1.264860
v -4.571676 -1.602620 -1.602620
v -4.596420 -1.627346 -1.627346
v -4.589172 -1.609862 -1.609862
v -4.520868 -1.627346 -1.627346
v -4.545612 -1.602620 -1.602620
v -4.528116 -1.609862 -1.609862
v -4.571676 -1.259170 -1.884482
v -4.596420 -1.251567 -1.935740
v -4.589173 -1.256943 -1.899495
v -4.520868 -1.251567 -1.935740
v -4.545612 -1.259170 -1.884482
v -4.528116 -1.256943 -1.899495
v -4.545612 -2.222898 -0.442161
v -4.520868 -2.253767 -0.483783
v -4.528116 -2.231939 -0.454352
v -4.571676 -2.222898 -0.442161
v -4.596420 -2.253767 -0.483783
v -4.589172 -2.231939 -0.454352
v -4.545613 -2.266447 0.000000
v -4.520869 -2.301415 0.000000
v -4.528116 -2.276689 0.000000
v -4.596420 -2.301415 0.000000
v -4.571676 -2.266447 0.000000
v -4.589172 -2.276689 0.000000
v -4.520869 -2.257194 0.448984
v -4.545613 -2.222898 0.442162
v -4.528116 -2.232943 0.444161
v -4.571676 -2.222898 0.442162
v -4.596420 -2.257194 0.448984
v -4.589172 -2.232943 0.444161
v -4.545613 -1.884482 1.259171
v -4.520869 -1.935740 1.251568
v -4.528116 -1.899495 1.256944
v -4.571676 -1.884482 1.259171
v -4.596420 -1.935740 1.251568
v -4.589172 -1.899495 1.256945
v -4.596420 -2.116079 0.914177
v -4.571676 -2.093924 0.867332
v -4.589172 -2.100413 0.881053
v -4.520869 -2.116080 0.914176
v -4.545613 -2.093924 0.867332
v -4.528116 -2.100413 0.881052
v -4.545613 -1.602620 1.602621
v -4.520869 -1.627346 1.627347
v -4.528116 -1.609862 1.609863
v -4.596420 -1.627346 1.627347
v -4.571676 -1.602620 1.602621
v -4.589172 -1.609862 1.609863
v -4.545613 -1.259170 1.884483
v -4.520869 -1.278597 1.913558
v -4.528116 -1.264860 1.892999
v -4.596421 -1.278597 1.913558
v -4.571677 -1.259170 1.884483
v -4.589173 -1.264860 1.892999
v -4.545613 -0.867331 2.093925
v -4.520869 -0.849874 2.142715
v -4.528116 -0.862218 2.108215
v -4.596420 -0.849874 2.142715
v -4.571676 -0.867331 2.093925
v -4.589173 -0.862218 2.108215
v -4.596420 0.000001 2.301416
v -4.571676 0.000001 2.266448
v -4.589173 0.000001 2.276690
v -4.545613 0.000001 2.266448
v -4.520869 0.000001 2.301416
v -4.528116 0.000001 2.276690
v -4.571676 -0.442161 2.222899
v -4.596420 -0.483783 2.253767
v -4.589173 -0.454352 2.231940
v -4.545613 -0.442161 2.222899
v -4.520869 -0.483783 2.253767
v -4.528116 -0.454352 2.231940
v -4.571676 -0.867332 -2.093924
v -4.596420 -0.914176 -2.116080
v -4.589173 -0.881052 -2.100413
v -4.545612 -0.867332 -2.093924
v -4.520868 -0.914176 -2.116080
v -4.528116 -0.881052 -2.100413
v -4.571676 -0.442162 -2.222898
v -4.596420 -0.448984 -2.257194
v -4.589173 -0.444160 -2.232943
v -4.520868 -0.448984 -2.257194
v -4.545612 -0.442162 -2.222898
v -4.528116 -0.444160 -2.232943
v -4.571677 2.222898 -0.442164
v -4.596421 2.257194 -0.448986
v -4.589173 2.232943 -0.444162
v -4.520869 2.257194 -0.448986
v -4.545613 2.222898 -0.442164
v -4.528117 2.232944 -0.444162
v -4.596421 2.301416 -0.000002
v -4.571677 2.266448 -0.000002
v -4.589173 2.276690 -0.000002
v -4.545613 2.266448 -0.000002
v -4.520869 2.301416 -0.000002
v -4.528116 2.276690 -0.000002
v -11.646042 0.511782 -2.394556
v -11.621298 0.470161 -2.363687
v -11.638795 0.482352 -2.372729
v -11.599467 0.470162 -2.363687
v -11.574723 0.511784 -2.394556
v -11.581971 0.482353 -2.372728
v -11.574723 -0.000000 -2.444962
v -11.599467 -0.000001 -2.409994
v -11.581971 -0.000000 -2.420236
v -11.621298 -0.000002 -2.409994
v -11.646042 -0.000002 -2.444962
v -11.638795 -0.000002 -2.420236
v -11.599467 -0.470167 -2.363686
v -11.574723 -0.476988 -2.397983
v -11.581971 -0.472165 -2.373731
v -11.646042 -0.476990 -2.397982
v -11.621298 -0.470168 -2.363686
v -11.638795 -0.472166 -2.373731
v -11.574723 -0.969109 -2.248700
v -11.599467 -0.922265 -2.226544
v -11.581971 -0.935985 -2.233033
v -11.621298 -0.922266 -2.226544
v -11.646042 -0.969111 -2.248699
v -11.638795 -0.935987 -2.233032
v -11.646042 0.904802 -2.275336
v -11.621298 0.922260 -2.226546
v -11.638795 0.917146 -2.240836
v -11.599467 0.922260 -2.226545
v -11.574723 0.904804 -2.275335
v -11.581971 0.917148 -2.240835
v -11.599467 -1.338922 -2.003837
v -11.574723 -1.331318 -2.055095
v -11.581971 -1.336694 -2.018850
v -11.646042 -1.331319 -2.055094
v -11.621298 -1.338922 -2.003836
v -11.638795 -1.336696 -2.018849
v -11.599467 -1.704124 -1.704123
v -11.574723 -1.728850 -1.728849
v -11.581971 -1.711366 -1.711365
v -11.646042 -1.728850 -1.728849
v -11.621298 -1.704124 -1.704123
v -11.638794 -1.711366 -1.711365
v -11.574723 -2.032912 -1.358348
v -11.599467 -2.003838 -1.338921
v -11.581971 -2.012353 -1.344610
v -11.646042 -2.032912 -1.358349
v -11.621298 -2.003837 -1.338921
v -11.638794 -2.012353 -1.344612
v -11.574723 -2.275335 -0.904806
v -11.599467 -2.226545 -0.922264
v -11.581970 -2.240835 -0.917151
v -11.621297 -2.226544 -0.922265
v -11.646042 -2.275334 -0.904808
v -11.638794 -2.240834 -0.917152
v -11.621299 2.363685 0.470164
v -11.646043 2.394554 0.511786
v -11.638795 2.372727 0.482355
v -11.599469 2.363685 0.470164
v -11.574725 2.394554 0.511786
v -11.581972 2.372727 0.482355
v -11.599469 2.409992 -0.000002
v -11.574725 2.444961 -0.000002
v -11.581972 2.420234 -0.000002
v -11.621299 2.409992 -0.000002
v -11.646043 2.444960 -0.000002
v -11.638795 2.420234 -0.000002
v -11.599468 2.363685 -0.470169
v -11.574724 2.397981 -0.476991
v -11.581972 2.373730 -0.472167
v -11.646043 2.397981 -0.476991
v -11.621299 2.363685 -0.470169
v -11.638795 2.373729 -0.472167
v -11.574724 2.248697 -0.969112
v -11.599468 2.226541 -0.922268
v -11.581972 2.233030 -0.935988
v -11.646042 2.248697 -0.969112
v -11.621298 2.226541 -0.922267
v -11.638795 2.233031 -0.935988
v -11.574724 2.055092 -1.331320
v -11.599468 2.003834 -1.338923
v -11.581972 2.018847 -1.336697
v -11.621299 2.003833 -1.338923
v -11.646043 2.055092 -1.331320
v -11.638795 2.018847 -1.336697
v -11.599468 1.704120 -1.704125
v -11.574724 1.728846 -1.728851
v -11.581972 1.711362 -1.711367
v -11.646043 1.728845 -1.728852
v -11.621299 1.704119 -1.704125
v -11.638795 1.711361 -1.711368
v -11.574723 1.358345 -2.032913
v -11.599467 1.338917 -2.003838
v -11.581971 1.344607 -2.012354
v -11.621298 1.338917 -2.003838
v -11.646042 1.358343 -2.032914
v -11.638795 1.344606 -2.012355
v -11.646043 2.275333 0.904805
v -11.621299 2.226543 0.922263
v -11.638795 2.240833 0.917150
v -11.574725 2.275333 0.904806
v -11.599469 2.226543 0.922263
v -11.581972 2.240833 0.917150
v -11.646043 2.032911 1.358347
v -11.621299 2.003836 1.338919
v -11.638795 2.012352 1.344609
v -11.599468 2.003836 1.338919
v -11.574724 2.032911 1.358346
v -11.581972 2.012352 1.344609
v -11.621298 -2.363688 0.470166
v -11.646042 -2.397984 0.476988
v -11.638794 -2.373733 0.472164
v -11.574723 -2.397984 0.476988
v -11.599467 -2.363687 0.470166
v -11.581971 -2.373732 0.472164
v -11.574723 -2.248701 0.969108
v -11.599467 -2.226545 0.922264
v -11.581971 -2.233034 0.935984
v -11.646042 -2.248700 0.969109
v -11.621298 -2.226545 0.922265
v -11.638794 -2.233033 0.935986
v -11.599467 -2.003838 1.338920
v -11.574723 -2.055096 1.331316
v -11.581971 -2.018851 1.336693
v -11.621298 -2.003837 1.338921
v -11.646042 -2.055095 1.331318
v -11.638795 -2.018851 1.336694
v -11.599467 -1.704124 1.704123
v -11.574723 -1.728850 1.728849
v -11.581971 -1.711366 1.711365
v -11.646042 -1.728850 1.728848
v -11.621298 -1.704124 1.704122
v -11.638795 -1.711366 1.711364
v -11.599467 -1.338922 2.003836
v -11.574723 -1.358348 2.032912
v -11.581971 -1.344611 2.012352
v -11.646042 -1.358350 2.032911
v -11.621298 -1.338922 2.003836
v -11.638795 -1.344612 2.012352
v -11.574723 -0.904807 2.275334
v -11.599467 -0.922265 2.226544
v -11.581971 -0.917151 2.240834
v -11.646042 -0.904809 2.275333
v -11.621298 -0.922266 2.226543
v -11.638795 -0.917153 2.240834
v -11.599467 -0.470167 2.363686
v -11.574723 -0.511788 2.394555
v -11.581971 -0.482357 2.372727
v -11.621298 -0.470167 2.363686
v -11.646042 -0.511790 2.394554
v -11.638795 -0.482359 2.372727
v -11.599468 -0.000000 2.409994
v -11.574724 0.000001 2.444962
v -11.581972 0.000000 2.420235
v -11.646043 -0.000001 2.444962
v -11.621299 -0.000001 2.409994
v -11.638795 -0.000001 2.420235
v -11.599468 0.470167 2.363686
v -11.574724 0.476989 2.397982
v -11.581972 0.472165 2.373731
v -11.646043 0.476987 2.397982
v -11.621299 0.470166 2.363686
v -11.638795 0.472164 2.373731
v -11.574724 0.969109 2.248698
v -11.599468 0.922265 2.226543
v -11.581972 0.935985 2.233032
v -11.646043 0.969108 2.248699
v -11.621299 0.922264 2.226543
v -11.638795 0.935984 2.233032
v -11.574724 1.331318 2.055094
v -11.599468 1.338921 2.003835
v -11.581972 1.336694 2.018848
v -11.621299 1.338920 2.003835
v -11.646043 1.331317 2.055094
v -11.638795 1.336693 2.018849
v -11.574724 1.728849 1.728847
v -11.599468 1.704123 1.704122
v -11.581972 1.711365 1.711363
v -11.621299 1.704123 1.704122
v -11.646043 1.728848 1.728848
v -11.638795 1.711364 1.711364
v -11.621297 -2.409995 -0.000000
v -11.646041 -2.444963 -0.000000
v -11.638793 -2.420237 -0.000000
v -11.574723 -2.444963 -0.000000
v -11.599467 -2.409995 -0.000000
v -11.581970 -2.420237 -0.000000
v -11.621297 -2.363687 -0.470166
v -11.646042 -2.394556 -0.511788
v -11.638794 -2.372728 -0.482357
v -11.599467 -2.363687 -0.470167
v -11.574723 -2.394556 -0.511788
v -11.581970 -2.372728 -0.482357
v -4.520869 1.641540 1.641538
v -4.545613 1.666266 1.666264
v -4.528116 1.659024 1.659022
v -4.571677 1.666266 1.666264
v -4.596421 1.641540 1.641538
v -4.589174 1.659024 1.659022
v -4.571677 1.309177 1.959320
v -4.596421 1.289750 1.930245
v -4.589173 1.303487 1.950804
v -4.520869 1.289750 1.930245
v -4.545613 1.309177 1.959320
v -4.528116 1.303487 1.950804
v -4.596421 0.888395 2.144773
v -4.571677 0.901777 2.177079
v -4.589173 0.897858 2.167617
v -4.545613 0.901777 2.177079
v -4.520869 0.888395 2.144773
v -4.528116 0.897858 2.167617
v -4.571677 0.459723 2.311175
v -4.596421 0.452901 2.276879
v -4.589173 0.457725 2.301130
v -4.520869 0.452901 2.276879
v -4.545613 0.459723 2.311175
v -4.528116 0.457725 2.301130
v -4.520869 1.930246 1.289749
v -4.545613 1.959321 1.309175
v -4.528116 1.950805 1.303486
v -4.571677 1.959321 1.309175
v -4.596421 1.930247 1.289747
v -4.589174 1.950805 1.303484
v -4.520869 2.144774 0.888394
v -4.545613 2.177080 0.901775
v -4.528117 2.167618 0.897856
v -4.571677 2.177081 0.901775
v -4.596421 2.144775 0.888392
v -4.589173 2.167619 0.897855
v -4.545613 2.311176 0.459720
v -4.520869 2.276880 0.452898
v -4.528117 2.301131 0.457722
v -4.596421 2.276880 0.452898
v -4.571677 2.311176 0.459720
v -4.589173 2.301131 0.457722
v -4.520869 1.289746 -1.930246
v -4.545613 1.309173 -1.959321
v -4.528116 1.303483 -1.950805
v -4.571676 1.309173 -1.959321
v -4.596420 1.289746 -1.930246
v -4.589173 1.303483 -1.950805
v -4.571677 1.666263 -1.666266
v -4.596421 1.641536 -1.641540
v -4.589173 1.659021 -1.659024
v -4.520869 1.641537 -1.641540
v -4.545613 1.666263 -1.666266
v -4.528116 1.659020 -1.659024
v -4.596420 1.930244 -1.289750
v -4.571676 1.959319 -1.309177
v -4.589173 1.950803 -1.303487
v -4.545613 1.959318 -1.309178
v -4.520869 1.930243 -1.289751
v -4.528116 1.950802 -1.303488
v -4.596421 2.144773 -0.888395
v -4.571677 2.177079 -0.901778
v -4.589173 2.167617 -0.897858
v -4.545613 2.177078 -0.901778
v -4.520869 2.144772 -0.888397
v -4.528117 2.167616 -0.897859
v -4.520869 0.888391 -2.144774
v -4.545613 0.901773 -2.177080
v -4.528116 0.897853 -2.167618
v -4.571677 0.901773 -2.177080
v -4.596421 0.888391 -2.144774
v -4.589173 0.897853 -2.167618
v -4.520869 0.452896 -2.276879
v -4.545613 0.459718 -2.311175
v -4.528116 0.457720 -2.301130
v -4.571677 0.459718 -2.311175
v -4.596421 0.452896 -2.276879
v -4.589173 0.457720 -2.301130
v -4.545613 0.000000 -2.356453
v -4.520869 0.000000 -2.321485
v -4.528116 0.000000 -2.346211
v -4.596421 0.000000 -2.321485
v -4.571677 0.000000 -2.356453
v -4.589173 0.000000 -2.346211
v -4.520868 -2.144773 -0.888393
v -4.545612 -2.177079 -0.901775
v -4.528116 -2.167617 -0.897856
v -4.571676 -2.177078 -0.901775
v -4.596420 -2.144773 -0.888394
v -4.589172 -2.167616 -0.897856
v -4.571676 -1.959319 -1.309175
v -4.596420 -1.930244 -1.289748
v -4.589172 -1.950803 -1.303485
v -4.520868 -1.930245 -1.289748
v -4.545612 -1.959319 -1.309175
v -4.528116 -1.950804 -1.303485
v -4.596420 -1.641538 -1.641538
v -4.571676 -1.666264 -1.666264
v -4.589172 -1.659022 -1.659022
v -4.545612 -1.666264 -1.666264
v -4.520868 -1.641538 -1.641538
v -4.528116 -1.659022 -1.659022
v -4.596420 -1.289748 -1.930244
v -4.571676 -1.309175 -1.959319
v -4.589173 -1.303485 -1.950804
v -4.545612 -1.309175 -1.959319
v -4.520868 -1.289748 -1.930244
v -4.528116 -1.303485 -1.950804
v -4.520868 -2.276879 -0.452899
v -4.545612 -2.311175 -0.459721
v -4.528116 -2.301130 -0.457723
v -4.571676 -2.311175 -0.459721
v -4.596420 -2.276879 -0.452899
v -4.589172 -2.301130 -0.457723
v -4.520869 -2.321486 0.000000
v -4.545613 -2.356453 0.000000
v -4.528116 -2.346212 0.000000
v -4.571676 -2.356453 0.000000
v -4.596420 -2.321486 0.000000
v -4.589172 -2.346212 0.000000
v -4.545613 -2.311175 0.459722
v -4.520869 -2.276879 0.452900
v -4.528116 -2.301130 0.457724
v -4.596420 -2.276879 0.452900
v -4.571676 -2.311175 0.459722
v -4.589172 -2.301130 0.457724
v -4.520869 -1.930245 1.289749
v -4.545613 -1.959319 1.309176
v -4.528116 -1.950804 1.303486
v -4.571676 -1.959319 1.309176
v -4.596420 -1.930244 1.289749
v -4.589172 -1.950803 1.303486
v -4.571676 -2.177079 0.901776
v -4.596420 -2.144773 0.888395
v -4.589172 -2.167617 0.897857
v -4.520869 -2.144773 0.888394
v -4.545613 -2.177079 0.901776
v -4.528116 -2.167617 0.897857
v -4.520869 -1.641538 1.641539
v -4.545613 -1.666264 1.666265
v -4.528116 -1.659022 1.659023
v -4.571676 -1.666264 1.666265
v -4.596420 -1.641538 1.641539
v -4.589172 -1.659022 1.659023
v -4.520869 -1.289748 1.930246
v -4.545613 -1.309175 1.959320
v -4.528116 -1.303485 1.950804
v -4.571677 -1.309175 1.959320
v -4.596421 -1.289748 1.930246
v -4.589173 -1.303485 1.950804
v -4.545613 -0.901775 2.177080
v -4.520869 -0.888393 2.144774
v -4.528116 -0.897856 2.167618
v -4.596420 -0.888393 2.144774
v -4.571676 -0.901775 2.177080
v -4.589173 -0.897856 2.167618
v -4.571676 0.000001 2.356455
v -4.596420 0.000001 2.321486
v -4.589173 0.000001 2.346213
v -4.520869 0.000001 2.321486
v -4.545613 0.000001 2.356455
v -4.528116 0.000001 2.346213
v -4.596420 -0.452899 2.276880
v -4.571676 -0.459721 2.311176
v -4.589173 -0.457722 2.301131
v -4.545613 -0.459721 2.311176
v -4.520869 -0.452899 2.276880
v -4.528116 -0.457722 2.301131
v -4.596420 -0.888394 -2.144773
v -4.571676 -0.901776 -2.177079
v -4.589173 -0.897856 -2.167616
v -4.545612 -0.901776 -2.177079
v -4.520868 -0.888394 -2.144773
v -4.528116 -0.897856 -2.167616
v -4.596420 -0.452899 -2.276878
v -4.571676 -0.459721 -2.311175
v -4.589173 -0.457723 -2.301130
v -4.545612 -0.459721 -2.311175
v -4.520868 -0.452899 -2.276878
v -4.528116 -0.457723 -2.301130
v -4.596421 2.276879 -0.452901
v -4.571677 2.311175 -0.459723
v -4.589173 2.301130 -0.457725
v -4.545613 2.311175 -0.459723
v -4.520869 2.276879 -0.452901
v -4.528117 2.301130 -0.457725
v -4.571677 2.356454 -0.000002
v -4.596421 2.321486 -0.000002
v -4.589173 2.346212 -0.000002
v -4.520869 2.321486 -0.000002
v -4.545613 2.356454 -0.000002
v -4.528116 2.346212 -0.000002
v -11.646042 0.480898 -2.417668
v -11.621298 0.487721 -2.451964
v -11.638795 0.485722 -2.441919
v -11.574723 0.480900 -2.417668
v -11.599467 0.487721 -2.451964
v -11.581971 0.485724 -2.441919
v -11.599467 -0.000001 -2.500000
v -11.574723 -0.000000 -2.465032
v -11.581971 -0.000000 -2.489758
v -11.646042 -0.000002 -2.465032
v -11.621298 -0.000002 -2.500000
v -11.638795 -0.000002 -2.489758
v -11.574723 -0.480904 -2.417667
v -11.599467 -0.487727 -2.451963
v -11.581971 -0.485728 -2.441918
v -11.621298 -0.487727 -2.451963
v -11.646042 -0.480906 -2.417667
v -11.638795 -0.485730 -2.441918
v -11.574723 -0.943327 -2.277393
v -11.599467 -0.956709 -2.309699
v -11.581971 -0.952790 -2.300237
v -11.621298 -0.956710 -2.309699
v -11.646042 -0.943329 -2.277392
v -11.638795 -0.952791 -2.300236
v -11.621298 0.956704 -2.309700
v -11.646042 0.943321 -2.277395
v -11.638795 0.952784 -2.300239
v -11.574723 0.943323 -2.277394
v -11.599467 0.956704 -2.309700
v -11.581971 0.952785 -2.300238
v -11.574723 -1.369499 -2.049600
v -11.599467 -1.388927 -2.078674
v -11.581971 -1.383236 -2.070158
v -11.621298 -1.388927 -2.078674
v -11.646042 -1.369500 -2.049599
v -11.638795 -1.383237 -2.070158
v -11.574723 -1.743042 -1.743041
v -11.599467 -1.767768 -1.767767
v -11.581970 -1.760526 -1.760525
v -11.621298 -1.767768 -1.767767
v -11.646042 -1.743042 -1.743041
v -11.638794 -1.760526 -1.760525
v -11.599467 -2.078675 -1.388926
v -11.574723 -2.049600 -1.369498
v -11.581970 -2.070159 -1.383235
v -11.621298 -2.078675 -1.388926
v -11.646042 -2.049600 -1.369499
v -11.638794 -2.070159 -1.383236
v -11.599467 -2.309700 -0.956708
v -11.574723 -2.277394 -0.943326
v -11.581970 -2.300238 -0.952788
v -11.646042 -2.277393 -0.943328
v -11.621297 -2.309699 -0.956709
v -11.638794 -2.300237 -0.952790
v -11.646043 2.417666 0.480902
v -11.621299 2.451962 0.487724
v -11.638795 2.441917 0.485726
v -11.599469 2.451962 0.487724
v -11.574725 2.417666 0.480902
v -11.581972 2.441917 0.485725
v -11.574725 2.465031 -0.000002
v -11.599469 2.499999 -0.000002
v -11.581972 2.489757 -0.000002
v -11.646043 2.465031 -0.000002
v -11.621299 2.499999 -0.000002
v -11.638795 2.489757 -0.000002
v -11.574724 2.417665 -0.480906
v -11.599468 2.451962 -0.487728
v -11.581972 2.441916 -0.485730
v -11.621299 2.451962 -0.487728
v -11.646043 2.417665 -0.480907
v -11.638795 2.441916 -0.485730
v -11.599468 2.309696 -0.956711
v -11.574724 2.277390 -0.943330
v -11.581972 2.300234 -0.952792
v -11.621298 2.309696 -0.956711
v -11.646042 2.277390 -0.943330
v -11.638795 2.300234 -0.952792
v -11.574724 2.049596 -1.369501
v -11.599468 2.078671 -1.388929
v -11.581972 2.070155 -1.383238
v -11.621299 2.078671 -1.388929
v -11.646043 2.049596 -1.369501
v -11.638795 2.070155 -1.383238
v -11.574724 1.743038 -1.743043
v -11.599468 1.767763 -1.767769
v -11.581972 1.760522 -1.760527
v -11.621299 1.767763 -1.767770
v -11.646043 1.743037 -1.743044
v -11.638795 1.760521 -1.760527
v -11.599467 1.388922 -2.078676
v -11.574723 1.369495 -2.049601
v -11.581971 1.383232 -2.070160
v -11.646042 1.369494 -2.049602
v -11.621298 1.388921 -2.078676
v -11.638795 1.383231 -2.070160
v -11.646043 2.277392 0.943325
v -11.621299 2.309698 0.956707
v -11.638795 2.300236 0.952787
v -11.574725 2.277392 0.943325
v -11.599469 2.309698 0.956707
v -11.581972 2.300236 0.952787
v -11.621299 2.078674 1.388924
v -11.646043 2.049598 1.369497
v -11.638795 2.070158 1.383234
v -11.574724 2.049599 1.369497
v -11.599468 2.078674 1.388924
v -11.581972 2.070158 1.383234
v -11.646042 -2.417668 0.480904
v -11.621298 -2.451964 0.487726
v -11.638794 -2.441919 0.485727
v -11.599467 -2.451964 0.487726
v -11.574723 -2.417668 0.480904
v -11.581971 -2.441919 0.485728
v -11.574723 -2.277394 0.943326
v -11.599467 -2.309700 0.956708
v -11.581971 -2.300238 0.952788
v -11.646042 -2.277393 0.943328
v -11.621298 -2.309700 0.956709
v -11.638794 -2.300237 0.952790
v -11.574723 -2.049600 1.369498
v -11.599467 -2.078675 1.388925
v -11.581971 -2.070159 1.383235
v -11.621298 -2.078675 1.388926
v -11.646042 -2.049600 1.369499
v -11.638795 -2.070159 1.383236
v -11.574723 -1.743042 1.743041
v -11.599467 -1.767768 1.767767
v -11.581971 -1.760526 1.760525
v -11.621298 -1.767768 1.767767
v -11.646042 -1.743042 1.743040
v -11.638795 -1.760526 1.760524
v -11.574723 -1.369499 2.049599
v -11.599467 -1.388926 2.078674
v -11.581971 -1.383236 2.070158
v -11.621298 -1.388927 2.078674
v -11.646042 -1.369500 2.049599
v -11.638795 -1.383237 2.070158
v -11.599467 -0.956709 2.309699
v -11.574723 -0.943327 2.277393
v -11.581971 -0.952789 2.300237
v -11.621298 -0.956710 2.309698
v -11.646042 -0.943328 2.277392
v -11.638795 -0.952791 2.300236
v -11.574723 -0.480903 2.417667
v -11.599467 -0.487726 2.451963
v -11.581971 -0.485727 2.441918
v -11.646042 -0.480905 2.417667
v -11.621298 -0.487727 2.451963
v -11.638795 -0.485729 2.441918
v -11.574724 0.000001 2.465032
v -11.599468 0.000000 2.500000
v -11.581972 0.000001 2.489758
v -11.621299 -0.000001 2.500000
v -11.646043 -0.000001 2.465032
v -11.638795 -0.000001 2.489758
v -11.574724 0.480905 2.417666
v -11.599468 0.487726 2.451962
v -11.581972 0.485729 2.441917
v -11.621299 0.487726 2.451963
v -11.646043 0.480903 2.417667
v -11.638795 0.485727 2.441918
v -11.599468 0.956709 2.309698
v -11.574724 0.943328 2.277391
v -11.581972 0.952790 2.300236
v -11.621299 0.956708 2.309698
v -11.646043 0.943326 2.277392
v -11.638795 0.952788 2.300236
v -11.574724 1.369499 2.049598
v -11.599468 1.388926 2.078673
v -11.581972 1.383236 2.070157
v -11.621299 1.388925 2.078673
v -11.646043 1.369498 2.049598
v -11.638795 1.383235 2.070158
v -11.599468 1.767767 1.767766
v -11.574724 1.743041 1.743039
v -11.581972 1.760525 1.760523
v -11.646043 1.743040 1.743040
v -11.621299 1.767767 1.767766
v -11.638795 1.760524 1.760524
v -11.646041 -2.465033 -0.000000
v -11.621297 -2.500001 -0.000000
v -11.638793 -2.489759 -0.000000
v -11.599467 -2.500001 -0.000000
v -11.574723 -2.465033 -0.000000
v -11.581970 -2.489759 -0.000000
v -11.621297 -2.451964 -0.487726
v -11.646042 -2.417668 -0.480904
v -11.638794 -2.441919 -0.485728
v -11.574723 -2.417668 -0.480904
v -11.599467 -2.451964 -0.487726
v -11.581970 -2.441919 -0.485728
v -2.332392 -0.494548 0.740144
v -2.332392 0.494549 0.740144
v -2.332392 0.873059 -0.173663
v -2.332392 -0.890163 0.000000
v -2.332392 -0.173662 -0.873059
v -2.332392 -0.873058 -0.173662
v -2.332392 -0.740143 -0.494548
v -2.332392 -0.822403 -0.340650
v -2.332392 -0.873058 0.173663
v -2.332392 -0.822403 0.340651
v -2.332392 0.000001 -0.890163
v -2.332392 0.340650 -0.822404
v -2.332392 0.173662 -0.873059
v -2.332392 -0.340650 -0.822403
v -2.332392 0.629441 0.629441
v -2.332392 0.740145 0.494548
v -2.332392 0.629440 -0.629441
v -2.332392 0.494548 -0.740144
v -2.332392 0.890164 -0.000000
v -2.332392 0.822404 0.340650
v -2.332392 0.873060 0.173662
v -2.332392 0.000001 0.890164
v -2.332392 0.173663 0.873059
v -2.332392 0.340652 0.822404
v -2.332392 0.822404 -0.340651
v -2.332392 0.740144 -0.494549
v -2.332392 -0.494548 -0.740143
v -2.332392 -0.629440 -0.629440
v -2.332392 -0.740143 0.494549
v -2.332392 -0.629440 0.629441
v -2.332392 -0.340650 0.822404
v -2.332392 -0.173661 0.873059
v 15.515738 0.340655 0.822406
v 15.515738 0.494553 0.740146
v 15.515738 0.740149 0.494550
v 15.515738 0.822408 0.340652
v 15.515738 -0.494544 0.740146
v 15.515738 -0.340646 0.822406
v 15.515738 0.890168 0.000002
v 15.515738 0.873063 -0.173661
v 15.515738 -0.629436 0.629443
v 15.515738 0.494552 -0.740142
v 15.515738 0.340654 -0.822402
v 15.515738 0.629445 0.629442
v 15.515738 -0.629436 -0.629438
v 15.515738 -0.740139 -0.494546
v 15.515738 -0.822399 0.340653
v 15.515738 -0.740139 0.494551
v 15.515738 0.822407 -0.340649
v 15.515738 -0.890159 0.000002
v 15.515738 -0.873055 0.173664
v 15.515738 0.000004 -0.890161
v 15.515738 -0.173658 -0.873057
v 15.515738 -0.873055 -0.173660
v 15.515738 -0.340646 -0.822401
v 15.515738 -0.822399 -0.340648
v 15.515738 0.173665 -0.873057
v 15.515738 -0.173658 0.873061
v 15.515738 0.000005 0.890166
v 15.515738 -0.494544 -0.740141
v 15.515738 0.740148 -0.494547
v 15.515738 0.629444 -0.629439
v 15.515738 0.873064 0.173664
v 15.515738 0.173667 0.873061
v -2.489366 -1.009703 1.511130
v -2.390152 -0.939347 1.405835
v -2.390152 0.939350 1.405834
v -2.489366 1.009706 1.511130
v -2.390153 1.658294 -0.329856
v -2.489366 1.782500 -0.354562
v -2.489366 -1.817419 0.000001
v -2.390152 -1.690781 0.000001
v -2.390152 -0.329854 -1.658293
v -2.489366 -0.354560 -1.782498
v -2.489366 -1.782498 -0.354560
v -2.390152 -1.658293 -0.329854
v -2.390152 -1.405833 -0.939347
v -2.489366 -1.511128 -1.009704
v -2.489366 -1.679076 -0.695496
v -2.390152 -1.562077 -0.647033
v -2.390152 -1.658293 0.329856
v -2.489366 -1.782498 0.354562
v -2.489366 -1.679076 0.695497
v -2.390152 -1.562078 0.647035
v -2.489366 0.000001 -1.817419
v -2.390152 0.000001 -1.690781
v -2.390152 0.647033 -1.562079
v -2.489366 0.695495 -1.679078
v -2.489366 0.354559 -1.782499
v -2.390152 0.329854 -1.658294
v -2.390152 -0.647033 -1.562078
v -2.489366 -0.695496 -1.679076
v -2.390152 1.195565 1.195563
v -2.489366 1.285112 1.285110
v -2.489366 1.511131 1.009704
v -2.390153 1.405836 0.939348
v -2.390152 1.195563 -1.195564
v -2.489366 1.285110 -1.285111
v -2.489366 1.009704 -1.511130
v -2.390152 0.939347 -1.405834
v -2.489366 1.817421 -0.000001
v -2.390153 1.690783 -0.000001
v -2.390153 1.562080 0.647034
v -2.489366 1.679079 0.695496
v -2.489366 1.782500 0.354560
v -2.390153 1.658295 0.329855
v -2.390152 0.000001 1.690783
v -2.489366 0.000002 1.817421
v -2.390152 0.329857 1.658294
v -2.489366 0.354563 1.782499
v -2.489366 0.695498 1.679077
v -2.390152 0.647036 1.562079
v -2.390153 1.562079 -0.647035
v -2.489366 1.679077 -0.695498
v -2.489366 1.511129 -1.009706
v -2.390153 1.405834 -0.939349
v -2.390152 -0.939347 -1.405833
v -2.489366 -1.009704 -1.511129
v -2.489366 -1.285109 -1.285109
v -2.390152 -1.195562 -1.195562
v -2.390152 -1.405833 0.939349
v -2.489366 -1.511128 1.009705
v -2.489366 -1.285109 1.285111
v -2.390152 -1.195562 1.195564
v -2.390152 -0.647033 1.562079
v -2.489366 -0.695495 1.679078
v -2.489366 -0.354560 1.782500
v -2.390152 -0.329854 1.658295
v 14.971172 0.599356 1.446963
v 14.971172 0.870128 1.302233
v 14.971172 1.302236 0.870124
v 14.971172 1.446966 0.599352
v 14.971172 -0.870118 1.302233
v 14.971172 -0.599346 1.446964
v 14.971172 1.566184 0.000001
v 14.971172 1.536090 -0.305545
v 14.971172 -1.107451 1.107458
v 14.971172 0.870125 -1.302229
v 14.971172 0.599353 -1.446960
v 14.971172 1.107461 1.107458
v 14.971172 -1.107451 -1.107453
v 14.971172 -1.302226 -0.870120
v 14.971172 -1.446957 0.599353
v 14.971172 -1.302226 0.870125
v 14.971172 1.446965 -0.599350
v 14.971172 -1.566175 0.000002
v 14.971172 -1.536081 0.305549
v 14.971172 0.000005 -1.566177
v 14.971172 -0.305542 -1.536083
v 14.971172 -1.536081 -0.305544
v 14.971172 -0.599346 -1.446959
v 14.971172 -1.446956 -0.599348
v 14.971172 0.305549 -1.536084
v 14.971172 -0.305542 1.536088
v 14.971172 0.000005 1.566182
v 14.971172 -0.870118 -1.302228
v 14.971172 1.302234 -0.870121
v 14.971172 1.107459 -1.107455
v 14.971172 1.536090 0.305548
v 14.971172 0.305551 1.536088
v 16.943054 0.599356 1.446963
v 16.943054 0.870128 1.302233
v 16.943054 1.302236 0.870124
v 16.943054 1.446966 0.599352
v 16.943054 -0.870118 1.302233
v 16.943054 -0.599346 1.446964
v 16.943054 1.566184 0.000001
v 16.943054 1.536090 -0.305545
v 16.943054 -1.107451 1.107458
v 16.943054 0.870125 -1.302229
v 16.943054 0.599353 -1.446960
v 16.943054 1.107461 1.107458
v 16.943054 -1.107451 -1.107453
v 16.943054 -1.302226 -0.870120
v 16.943054 -1.446957 0.599353
v 16.943054 -1.302226 0.870125
v 16.943054 1.446965 -0.599350
v 16.943054 -1.566175 0.000002
v 16.943054 -1.536081 0.305549
v 16.943054 0.000005 -1.566177
v 16.943054 -0.305542 -1.536083
v 16.943054 -1.536081 -0.305544
v 16.943054 -0.599346 -1.446959
v 16.943054 -1.446956 -0.599348
v 16.943054 0.305549 -1.536084
v 16.943054 -0.305542 1.536088
v 16.943054 0.000005 1.566182
v 16.943054 -0.870118 -1.302228
v 16.943054 1.302234 -0.870121
v 16.943054 1.107459 -1.107455
v 16.943054 1.536090 0.305548
v 16.943054 0.305551 1.536088
v -0.349266 -0.873058 0.173663
v 1.633859 -0.873058 0.173663
v 3.616985 -0.873057 0.173663
v 5.600111 -0.873057 0.173663
v 7.583236 -0.873056 0.173664
v 9.566361 -0.873056 0.173664
v 11.549487 -0.873055 0.173664
v 13.532613 -0.873055 0.173664
v 13.532613 -0.822400 0.340653
v 11.549487 -0.822400 0.340652
v 9.566361 -0.822400 0.340652
v 7.583236 -0.822401 0.340652
v 5.600110 -0.822401 0.340652
v 3.616984 -0.822402 0.340652
v 1.633859 -0.822402 0.340651
v -0.349266 -0.822403 0.340651
v -0.349266 0.000001 -0.890163
v 1.633859 0.000001 -0.890162
v 3.616985 0.000002 -0.890162
v 5.600111 0.000002 -0.890162
v 7.583236 0.000003 -0.890162
v 9.566361 0.000003 -0.890162
v 11.549487 0.000004 -0.890161
v 13.532613 0.000004 -0.890161
v 13.532613 -0.173658 -0.873057
v 11.549487 -0.173659 -0.873057
v 9.566361 -0.173659 -0.873057
v 7.583236 -0.173660 -0.873057
v 5.600110 -0.173660 -0.873058
v 3.616984 -0.173660 -0.873058
v 1.633859 -0.173661 -0.873058
v -0.349266 -0.173661 -0.873058
v -0.349266 0.629442 0.629441
v 1.633859 0.629442 0.629441
v 3.616985 0.629443 0.629441
v 5.600111 0.629443 0.629441
v 7.583236 0.629444 0.629442
v 9.566361 0.629444 0.629442
v 11.549487 0.629444 0.629442
v 13.532613 0.629445 0.629442
v 13.532613 0.740148 0.494550
v 11.549487 0.740148 0.494550
v 9.566361 0.740147 0.494549
v 7.583236 0.740147 0.494549
v 5.600110 0.740146 0.494549
v 3.616984 0.740146 0.494549
v 1.633859 0.740146 0.494549
v -0.349267 0.740145 0.494548
v -0.349266 0.000001 0.890164
v 1.633859 0.000002 0.890164
v 3.616985 0.000002 0.890164
v 5.600111 0.000003 0.890165
v 7.583236 0.000003 0.890165
v 9.566361 0.000003 0.890165
v 11.549487 0.000004 0.890165
v 13.532613 0.000004 0.890165
v 13.532613 0.173667 0.873061
v 11.549487 0.173666 0.873061
v 9.566361 0.173666 0.873061
v 7.583236 0.173665 0.873060
v 5.600110 0.173665 0.873060
v 3.616984 0.173664 0.873060
v 1.633859 0.173664 0.873060
v -0.349266 0.173663 0.873060
v -0.349266 -0.629439 0.629441
v 1.633859 -0.629439 0.629441
v 3.616985 -0.629439 0.629441
v 5.600111 -0.629438 0.629442
v 7.583236 -0.629438 0.629442
v 9.566361 -0.629437 0.629442
v 11.549487 -0.629437 0.629442
v 13.532613 -0.629436 0.629443
v 13.532613 -0.494544 0.740146
v 11.549487 -0.494545 0.740145
v 9.566361 -0.494545 0.740145
v 7.583236 -0.494546 0.740145
v 5.600110 -0.494546 0.740145
v 3.616984 -0.494547 0.740145
v 1.633859 -0.494547 0.740144
v -0.349266 -0.494547 0.740144
v 13.532613 -0.740140 0.494550
v 11.549487 -0.740140 0.494550
v 9.566361 -0.740140 0.494550
v 7.583236 -0.740141 0.494550
v 5.600110 -0.740141 0.494549
v 3.616984 -0.740142 0.494549
v 1.633859 -0.740142 0.494549
v -0.349266 -0.740143 0.494549
v -0.349266 0.173662 -0.873059
v 1.633859 0.173662 -0.873059
v 3.616985 0.173663 -0.873058
v 5.600111 0.173663 -0.873058
v 7.583236 0.173664 -0.873058
v 9.566361 0.173664 -0.873058
v 11.549487 0.173665 -0.873057
v 13.532613 0.173665 -0.873057
v 13.532613 0.340655 0.822405
v 11.549487 0.340655 0.822405
v 9.566361 0.340654 0.822405
v 7.583236 0.340654 0.822405
v 5.600110 0.340653 0.822405
v 3.616984 0.340653 0.822404
v 1.633859 0.340652 0.822404
v -0.349266 0.340652 0.822404
v -0.349266 -0.873058 -0.173661
v 1.633859 -0.873057 -0.173661
v 3.616985 -0.873057 -0.173661
v 5.600111 -0.873057 -0.173661
v 7.583236 -0.873056 -0.173661
v 9.566361 -0.873056 -0.173660
v 11.549487 -0.873055 -0.173660
v 13.532613 -0.873055 -0.173660
v 13.532613 -0.890159 0.000002
v 11.549487 -0.890160 0.000002
v 9.566361 -0.890160 0.000002
v 7.583236 -0.890161 0.000001
v 5.600110 -0.890161 0.000001
v 3.616984 -0.890161 0.000001
v 1.633859 -0.890162 0.000001
v -0.349266 -0.890162 0.000001
v 13.532613 0.822408 0.340652
v 11.549487 0.822407 0.340652
v 9.566361 0.822407 0.340652
v 7.583236 0.822407 0.340652
v 5.600110 0.822406 0.340651
v 3.616984 0.822406 0.340651
v 1.633859 0.822405 0.340651
v -0.349266 0.822405 0.340651
v -0.349267 0.740144 -0.494548
v 1.633859 0.740145 -0.494548
v 3.616984 0.740145 -0.494548
v 5.600110 0.740145 -0.494548
v 7.583236 0.740146 -0.494547
v 9.566361 0.740146 -0.494547
v 11.549487 0.740147 -0.494547
v 13.532613 0.740147 -0.494547
v 13.532613 0.629444 -0.629439
v 11.549487 0.629443 -0.629439
v 9.566361 0.629443 -0.629440
v 7.583236 0.629442 -0.629440
v 5.600110 0.629442 -0.629440
v 3.616984 0.629441 -0.629440
v 1.633859 0.629441 -0.629440
v -0.349266 0.629441 -0.629441
v -0.349266 0.822404 -0.340651
v 1.633859 0.822405 -0.340651
v 3.616985 0.822405 -0.340651
v 5.600111 0.822405 -0.340651
v 7.583236 0.822406 -0.340650
v 9.566361 0.822406 -0.340650
v 11.549487 0.822407 -0.340650
v 13.532613 0.822407 -0.340650
v -0.349266 0.494548 -0.740144
v 1.633859 0.494549 -0.740143
v 3.616985 0.494549 -0.740143
v 5.600111 0.494550 -0.740143
v 7.583236 0.494550 -0.740143
v 9.566361 0.494550 -0.740143
v 11.549487 0.494551 -0.740142
v 13.532613 0.494551 -0.740142
v 13.532613 0.340653 -0.822402
v 11.549487 0.340653 -0.822402
v 9.566361 0.340653 -0.822402
v 7.583236 0.340652 -0.822403
v 5.600110 0.340652 -0.822403
v 3.616984 0.340651 -0.822403
v 1.633859 0.340651 -0.822403
v -0.349266 0.340650 -0.822404
v -0.349267 0.873060 -0.173662
v 1.633859 0.873060 -0.173662
v 3.616984 0.873061 -0.173662
v 5.600110 0.873061 -0.173662
v 7.583236 0.873062 -0.173661
v 9.566361 0.873062 -0.173661
v 11.549487 0.873062 -0.173661
v 13.532613 0.873063 -0.173661
v 13.532613 -0.340647 -0.822401
v 11.549487 -0.340647 -0.822402
v 9.566361 -0.340647 -0.822402
v 7.583236 -0.340648 -0.822402
v 5.600110 -0.340648 -0.822402
v 3.616984 -0.340649 -0.822403
v 1.633859 -0.340649 -0.822403
v -0.349266 -0.340650 -0.822403
v -0.349266 -0.173661 0.873060
v 1.633859 -0.173661 0.873060
v 3.616985 -0.173660 0.873060
v 5.600111 -0.173660 0.873060
v 7.583236 -0.173659 0.873060
v 9.566361 -0.173659 0.873061
v 11.549487 -0.173658 0.873061
v 13.532613 -0.173658 0.873061
v -0.349266 -0.494547 -0.740143
v 1.633859 -0.494547 -0.740143
v 3.616985 -0.494547 -0.740142
v 5.600111 -0.494546 -0.740142
v 7.583236 -0.494546 -0.740142
v 9.566361 -0.494545 -0.740142
v 11.549487 -0.494545 -0.740142
v 13.532613 -0.494544 -0.740141
v 13.532613 -0.629436 -0.629438
v 11.549487 -0.629437 -0.629439
v 9.566361 -0.629437 -0.629439
v 7.583236 -0.629438 -0.629439
v 5.600110 -0.629438 -0.629439
v 3.616984 -0.629438 -0.629439
v 1.633859 -0.629439 -0.629440
v -0.349266 -0.629439 -0.629440
v 13.532613 -0.340646 0.822406
v 11.549487 -0.340647 0.822406
v 9.566361 -0.340647 0.822405
v 7.583236 -0.340648 0.822405
v 5.600110 -0.340648 0.822405
v 3.616984 -0.340649 0.822405
v 1.633859 -0.340649 0.822405
v -0.349266 -0.340649 0.822404
v -0.349266 0.494550 0.740144
v 1.633859 0.494550 0.740144
v 3.616985 0.494550 0.740145
v 5.600111 0.494551 0.740145
v 7.583236 0.494551 0.740145
v 9.566361 0.494552 0.740145
v 11.549487 0.494552 0.740145
v 13.532613 0.494553 0.740146
v -0.349266 -0.822402 -0.340650
v 1.633859 -0.822402 -0.340650
v 3.616985 -0.822402 -0.340649
v 5.600111 -0.822401 -0.340649
v 7.583236 -0.822401 -0.340649
v 9.566361 -0.822400 -0.340649
v 11.549487 -0.822400 -0.340649
v 13.532613 -0.822399 -0.340648
v -0.349267 0.873060 0.173662
v 1.633859 0.873061 0.173662
v 3.616984 0.873061 0.173663
v 5.600110 0.873062 0.173663
v 7.583236 0.873062 0.173663
v 9.566361 0.873062 0.173663
v 11.549487 0.873063 0.173663
v 13.532613 0.873063 0.173664
v 13.532613 0.890167 0.000001
v 11.549487 0.890167 0.000001
v 9.566361 0.890166 0.000001
v 7.583236 0.890166 0.000001
v 5.600110 0.890165 0.000000
v 3.616984 0.890165 0.000000
v 1.633859 0.890165 0.000000
v -0.349267 0.890164 -0.000000
v -0.349266 -0.740143 -0.494547
v 1.633859 -0.740142 -0.494547
v 3.616985 -0.740142 -0.494547
v 5.600111 -0.740141 -0.494547
v 7.583236 -0.740141 -0.494547
v 9.566361 -0.740140 -0.494546
v 11.549487 -0.740140 -0.494546
v 13.532613 -0.740140 -0.494546
v 15.033380 0.000000 -1.359640
v 17.308125 0.000001 -1.359639
v 15.033380 -0.265253 -1.333515
v 17.308125 -0.265252 -1.333514
v 15.033380 -0.520312 -1.256143
v 17.308125 -0.520312 -1.256143
v 15.033380 -0.755376 -1.130499
v 17.308125 -0.755375 -1.130499
v 15.033380 -0.961411 -0.961410
v 17.308125 -0.961410 -0.961410
v 15.033380 -1.130499 -0.755375
v 17.308125 -1.130499 -0.755375
v 15.033380 -1.256144 -0.520312
v 17.308125 -1.256143 -0.520311
v 15.033380 -1.333515 -0.265252
v 17.308125 -1.333515 -0.265252
v 15.033380 -1.359640 0.000000
v 17.308125 -1.359640 0.000001
v 15.033380 -1.333515 0.265252
v 17.308125 -1.333515 0.265253
v 15.033380 -1.256144 0.520312
v 17.308125 -1.256143 0.520312
v 15.033380 -1.130499 0.755376
v 17.308125 -1.130499 0.755376
v 15.033380 -0.961411 0.961411
v 17.308125 -0.961410 0.961411
v 15.033380 -0.755376 1.130499
v 17.308125 -0.755375 1.130500
v 15.033380 -0.520312 1.256144
v 17.308125 -0.520311 1.256144
v 15.033380 -0.265252 1.333515
v 17.308125 -0.265252 1.333515
v 15.033380 0.000001 1.359640
v 17.308125 0.000001 1.359641
v 15.033380 0.265253 1.333515
v 17.308125 0.265253 1.333515
v 15.033380 0.520312 1.256143
v 17.308125 0.520313 1.256144
v 15.033380 0.755376 1.130499
v 17.308125 0.755377 1.130499
v 15.033380 0.961412 0.961410
v 17.308125 0.961412 0.961411
v 15.033380 1.130500 0.755375
v 17.308125 1.130500 0.755376
v 15.033380 1.256144 0.520311
v 17.308125 1.256145 0.520311
v 15.033380 1.333515 0.265252
v 17.308125 1.333516 0.265252
v 15.033380 1.359640 -0.000001
v 17.308125 1.359640 -0.000001
v 15.033380 1.333515 -0.265254
v 17.308125 1.333515 -0.265253
v 15.033380 1.256143 -0.520313
v 17.308125 1.256143 -0.520312
v 15.033380 1.130499 -0.755377
v 17.308125 1.130499 -0.755376
v 15.033380 0.961410 -0.961412
v 17.308125 0.961410 -0.961411
v 15.033380 0.755374 -1.130500
v 17.308125 0.755374 -1.130499
v 15.033380 0.520310 -1.256144
v 17.308125 0.520310 -1.256144
v 15.033380 0.265250 -1.333515
v 17.308125 0.265251 -1.333515
v 15.033380 -0.000000 -2.033930
v 15.033380 -0.396800 -1.994849
v 17.308125 -0.396800 -1.994848
v 17.308125 0.000000 -2.033929
v 15.033380 -0.778352 -1.879107
v 17.308125 -0.778351 -1.879106
v 15.033380 -1.129991 -1.691151
v 17.308125 -1.129991 -1.691151
v 15.033380 -1.438206 -1.438206
v 17.308125 -1.438206 -1.438205
v 15.033380 -1.691152 -1.129991
v 17.308125 -1.691151 -1.129990
v 15.033380 -1.879107 -0.778351
v 17.308125 -1.879107 -0.778351
v 15.033380 -1.994849 -0.396800
v 17.308125 -1.994849 -0.396799
v 15.033380 -2.033931 -0.000000
v 17.308125 -2.033930 0.000001
v 15.033380 -1.994849 0.396800
v 17.308125 -1.994849 0.396801
v 15.033380 -1.879107 0.778351
v 17.308125 -1.879107 0.778352
v 15.033380 -1.691152 1.129991
v 17.308125 -1.691151 1.129992
v 15.033380 -1.438206 1.438206
v 17.308125 -1.438206 1.438207
v 15.033380 -1.129991 1.691151
v 17.308125 -1.129991 1.691152
v 15.033380 -0.778351 1.879107
v 17.308125 -0.778351 1.879107
v 15.033380 -0.396800 1.994849
v 17.308125 -0.396799 1.994850
v 15.033380 0.000001 2.033930
v 17.308125 0.000001 2.033931
v 15.033380 0.396801 1.994849
v 17.308125 0.396801 1.994849
v 15.033380 0.778353 1.879106
v 17.308125 0.778353 1.879107
v 15.033380 1.129992 1.691151
v 17.308125 1.129993 1.691151
v 15.033380 1.438208 1.438205
v 17.308125 1.438208 1.438206
v 15.033380 1.691152 1.129990
v 17.308125 1.691153 1.129991
v 15.033380 1.879108 0.778350
v 17.308125 1.879108 0.778351
v 15.033380 1.994850 0.396798
v 17.308125 1.994850 0.396799
v 15.033380 2.033931 -0.000002
v 17.308125 2.033931 -0.000001
v 15.033380 1.994849 -0.396802
v 17.308125 1.994849 -0.396801
v 15.033380 1.879106 -0.778353
v 17.308125 1.879107 -0.778353
v 15.033380 1.691150 -1.129993
v 17.308125 1.691151 -1.129993
v 15.033380 1.438204 -1.438208
v 17.308125 1.438205 -1.438207
v 15.033380 1.129989 -1.691153
v 17.308125 1.129989 -1.691152
v 15.033380 0.778349 -1.879108
v 17.308125 0.778349 -1.879107
v 15.033380 0.396797 -1.994849
v 17.308125 0.396797 -1.994849
v 15.333464 -0.227619 1.144318
v 15.238793 -0.227619 1.144318
v 15.586212 -0.227619 1.144318
v 15.491544 -0.227619 1.144318
v 15.838962 -0.227619 1.144318
v 15.744294 -0.227619 1.144318
v 16.091711 -0.227619 1.144318
v 15.997045 -0.227619 1.144318
v 16.344460 -0.227619 1.144318
v 16.249792 -0.227619 1.144318
v 16.597210 -0.227618 1.144318
v 16.502542 -0.227618 1.144318
v 16.849960 -0.227618 1.144318
v 16.755293 -0.227618 1.144318
v 17.102711 -0.227618 1.144318
v 17.008039 -0.227618 1.144318
v 15.333464 -0.446491 1.077924
v 15.238793 -0.446491 1.077924
v 15.586212 -0.446491 1.077924
v 15.491544 -0.446491 1.077924
v 15.838962 -0.446490 1.077924
v 15.744294 -0.446490 1.077924
v 16.091711 -0.446490 1.077924
v 15.997045 -0.446491 1.077924
v 16.344460 -0.446490 1.077924
v 16.249792 -0.446490 1.077924
v 16.597210 -0.446490 1.077924
v 16.502542 -0.446490 1.077924
v 16.849960 -0.446490 1.077924
v 16.755293 -0.446490 1.077924
v 17.102711 -0.446490 1.077924
v 17.008039 -0.446490 1.077924
v 15.333464 -0.648204 0.970106
v 15.238793 -0.648204 0.970106
v 15.586212 -0.648204 0.970106
v 15.491544 -0.648204 0.970106
v 15.838962 -0.648204 0.970106
v 15.744294 -0.648204 0.970106
v 16.091711 -0.648204 0.970106
v 15.997045 -0.648204 0.970106
v 16.344460 -0.648204 0.970106
v 16.249792 -0.648204 0.970106
v 16.597210 -0.648204 0.970106
v 16.502542 -0.648204 0.970106
v 16.849960 -0.648204 0.970106
v 16.755293 -0.648204 0.970106
v 17.102711 -0.648204 0.970106
v 17.008039 -0.648204 0.970106
v 15.333464 -0.825007 0.825007
v 15.238793 -0.825007 0.825007
v 15.586212 -0.825007 0.825007
v 15.491544 -0.825007 0.825007
v 15.838962 -0.825007 0.825007
v 15.744294 -0.825007 0.825007
v 16.091711 -0.825007 0.825008
v 15.997045 -0.825007 0.825008
v 16.344460 -0.825007 0.825008
v 16.249792 -0.825007 0.825008
v 16.597210 -0.825007 0.825008
v 16.502542 -0.825007 0.825008
v 16.849960 -0.825007 0.825008
v 16.755293 -0.825007 0.825008
v 17.102711 -0.825007 0.825008
v 17.008039 -0.825007 0.825008
v 15.333464 -0.970106 0.648204
v 15.238793 -0.970106 0.648204
v 15.586212 -0.970106 0.648204
v 15.491544 -0.970106 0.648204
v 15.838962 -0.970106 0.648204
v 15.744294 -0.970106 0.648204
v 16.091711 -0.970106 0.648204
v 15.997045 -0.970106 0.648204
v 16.344460 -0.970106 0.648204
v 16.249792 -0.970106 0.648204
v 16.597210 -0.970106 0.648204
v 16.502542 -0.970106 0.648204
v 16.849960 -0.970106 0.648205
v 16.755293 -0.970106 0.648204
v 17.102711 -0.970105 0.648205
v 17.008039 -0.970106 0.648205
v 15.333464 -1.077924 0.446491
v 15.238793 -1.077924 0.446491
v 15.586212 -1.077924 0.446491
v 15.491544 -1.077924 0.446491
v 15.838962 -1.077924 0.446491
v 15.744294 -1.077924 0.446491
v 16.091711 -1.077924 0.446491
v 15.997045 -1.077924 0.446491
v 16.344460 -1.077924 0.446491
v 16.249792 -1.077924 0.446491
v 16.597210 -1.077924 0.446491
v 16.502542 -1.077924 0.446491
v 16.849960 -1.077924 0.446491
v 16.755293 -1.077924 0.446491
v 17.102711 -1.077923 0.446491
v 17.008039 -1.077924 0.446491
v 15.333464 -1.144318 0.227619
v 15.238793 -1.144318 0.227619
v 15.586212 -1.144318 0.227619
v 15.491544 -1.144318 0.227619
v 15.838962 -1.144318 0.227619
v 15.744294 -1.144318 0.227619
v 16.091711 -1.144318 0.227619
v 15.997045 -1.144318 0.227619
v 16.344460 -1.144318 0.227619
v 16.249792 -1.144318 0.227619
v 16.597210 -1.144318 0.227619
v 16.502542 -1.144318 0.227619
v 16.849960 -1.144318 0.227619
v 16.755293 -1.144318 0.227619
v 17.102711 -1.144318 0.227619
v 17.008039 -1.144318 0.227619
v 15.333464 -1.166736 0.000000
v 15.238793 -1.166736 0.000000
v 15.586212 -1.166736 0.000000
v 15.491544 -1.166736 0.000000
v 15.838962 -1.166736 0.000000
v 15.744294 -1.166736 0.000000
v 16.091711 -1.166736 0.000000
v 15.997045 -1.166736 0.000000
v 16.344460 -1.166736 0.000000
v 16.249792 -1.166736 0.000000
v 16.597210 -1.166736 0.000000
v 16.502542 -1.166736 0.000000
v 16.849960 -1.166736 0.000001
v 16.755293 -1.166736 0.000001
v 17.102711 -1.166736 0.000001
v 17.008039 -1.166736 0.000001
v 15.333464 -1.144318 -0.227619
v 15.238793 -1.144318 -0.227619
v 15.586212 -1.144318 -0.227619
v 15.491544 -1.144318 -0.227619
v 15.838962 -1.144318 -0.227619
v 15.744294 -1.144318 -0.227619
v 16.091711 -1.144318 -0.227619
v 15.997045 -1.144318 -0.227619
v 16.344460 -1.144318 -0.227618
v 16.249792 -1.144318 -0.227619
v 16.597210 -1.144318 -0.227618
v 16.502542 -1.144318 -0.227618
v 16.849960 -1.144318 -0.227618
v 16.755293 -1.144318 -0.227618
v 17.102711 -1.144317 -0.227618
v 17.008039 -1.144318 -0.227618
v 15.333464 -1.077924 -0.446491
v 15.238793 -1.077924 -0.446491
v 15.586212 -1.077924 -0.446490
v 15.491544 -1.077924 -0.446491
v 15.838962 -1.077924 -0.446490
v 15.744294 -1.077924 -0.446490
v 16.091711 -1.077923 -0.446490
v 15.997045 -1.077923 -0.446490
v 16.344460 -1.077924 -0.446490
v 16.249792 -1.077924 -0.446490
v 16.597210 -1.077923 -0.446490
v 16.502542 -1.077923 -0.446490
v 16.849960 -1.077923 -0.446490
v 16.755293 -1.077923 -0.446490
v 17.102711 -1.077923 -0.446490
v 17.008039 -1.077923 -0.446490
v 15.333464 -0.970106 -0.648204
v 15.238793 -0.970106 -0.648204
v 15.586212 -0.970106 -0.648203
v 15.491544 -0.970106 -0.648204
v 15.838962 -0.970106 -0.648203
v 15.744294 -0.970106 -0.648203
v 16.091711 -0.970106 -0.648203
v 15.997045 -0.970106 -0.648203
v 16.344460 -0.970106 -0.648203
v 16.249792 -0.970106 -0.648203
v 16.597210 -0.970106 -0.648203
v 16.502542 -0.970106 -0.648203
v 16.849960 -0.970106 -0.648203
v 16.755293 -0.970106 -0.648203
v 17.102711 -0.970106 -0.648203
v 17.008039 -0.970106 -0.648203
v 15.333464 -0.825007 -0.825007
v 15.238793 -0.825007 -0.825007
v 15.586212 -0.825007 -0.825007
v 15.491544 -0.825007 -0.825007
v 15.838962 -0.825007 -0.825007
v 15.744294 -0.825007 -0.825007
v 16.091711 -0.825007 -0.825007
v 15.997045 -0.825007 -0.825007
v 16.344460 -0.825007 -0.825007
v 16.249792 -0.825007 -0.825007
v 16.597210 -0.825007 -0.825007
v 16.502542 -0.825007 -0.825007
v 16.849960 -0.825007 -0.825007
v 16.755293 -0.825007 -0.825007
v 17.102711 -0.825007 -0.825006
v 17.008039 -0.825007 -0.825007
v 15.333464 -0.648204 -0.970106
v 15.238793 -0.648204 -0.970106
v 15.586212 -0.648204 -0.970106
v 15.491544 -0.648204 -0.970106
v 15.838962 -0.648204 -0.970105
v 15.744294 -0.648204 -0.970105
v 16.091711 -0.648204 -0.970105
v 15.997045 -0.648204 -0.970105
v 16.344460 -0.648204 -0.970105
v 16.249792 -0.648204 -0.970105
v 16.597210 -0.648204 -0.970105
v 16.502542 -0.648204 -0.970105
v 16.849960 -0.648204 -0.970105
v 16.755293 -0.648204 -0.970105
v 17.102711 -0.648204 -0.970105
v 17.008039 -0.648204 -0.970105
v 15.333464 -0.446491 -1.077923
v 15.238793 -0.446491 -1.077923
v 15.586212 -0.446491 -1.077923
v 15.491544 -0.446491 -1.077923
v 15.838962 -0.446491 -1.077923
v 15.744294 -0.446491 -1.077923
v 16.091711 -0.446491 -1.077923
v 15.997045 -0.446491 -1.077923
v 16.344460 -0.446491 -1.077923
v 16.249792 -0.446491 -1.077923
v 16.597210 -0.446491 -1.077923
v 16.502542 -0.446491 -1.077923
v 16.849960 -0.446491 -1.077923
v 16.755293 -0.446491 -1.077923
v 17.102711 -0.446491 -1.077923
v 17.008039 -0.446491 -1.077923
v 15.333464 -0.227619 -1.144318
v 15.238793 -0.227619 -1.144318
v 15.238793 0.000000 -1.166736
v 15.333464 0.000000 -1.166736
v 15.586212 -0.227619 -1.144318
v 15.491544 -0.227619 -1.144318
v 15.491544 0.000000 -1.166736
v 15.586212 0.000000 -1.166736
v 15.838962 -0.227619 -1.144317
v 15.744294 -0.227619 -1.144317
v 15.744294 0.000000 -1.166736
v 15.838962 0.000000 -1.166736
v 16.091711 -0.227619 -1.144317
v 15.997045 -0.227619 -1.144317
v 15.997045 0.000000 -1.166736
v 16.091711 0.000000 -1.166736
v 16.344460 -0.227619 -1.144317
v 16.249792 -0.227619 -1.144317
v 16.249792 0.000000 -1.166736
v 16.344460 0.000000 -1.166736
v 16.597210 -0.227619 -1.144317
v 16.502542 -0.227619 -1.144317
v 16.502542 0.000000 -1.166736
v 16.597210 0.000000 -1.166736
v 16.849960 -0.227619 -1.144317
v 16.755293 -0.227619 -1.144317
v 16.755293 0.000000 -1.166736
v 16.849960 0.000000 -1.166736
v 17.102711 -0.227619 -1.144317
v 17.008039 -0.227619 -1.144317
v 17.008039 0.000001 -1.166736
v 17.102711 0.000001 -1.166736
v 15.333464 0.000000 -1.359640
v 15.238793 0.000000 -1.359640
v 15.586212 0.000000 -1.359640
v 15.491544 0.000000 -1.359640
v 15.838962 0.000000 -1.359640
v 15.744294 0.000000 -1.359640
v 16.091711 0.000000 -1.359640
v 15.997045 0.000000 -1.359640
v 16.344460 0.000000 -1.359640
v 16.249792 0.000000 -1.359640
v 16.597210 0.000001 -1.359640
v 16.502542 0.000000 -1.359640
v 16.849960 0.000001 -1.359639
v 16.755293 0.000001 -1.359639
v 17.102711 0.000001 -1.359639
v 17.008039 0.000001 -1.359639
v 17.102711 0.265251 -1.333515
v 17.008039 0.265251 -1.333515
v 16.849960 0.265251 -1.333515
v 16.755293 0.265251 -1.333515
v 16.597210 0.265251 -1.333515
v 16.502542 0.265251 -1.333515
v 16.344460 0.265251 -1.333515
v 16.249792 0.265251 -1.333515
v 16.091711 0.265251 -1.333515
v 15.997045 0.265251 -1.333515
v 15.838962 0.265251 -1.333515
v 15.744294 0.265250 -1.333515
v 15.586212 0.265251 -1.333515
v 15.491544 0.265250 -1.333515
v 15.333464 0.265250 -1.333515
v 15.238793 0.265250 -1.333515
v 17.008039 0.520310 -1.256144
v 17.102711 0.520310 -1.256144
v 16.755293 0.520310 -1.256144
v 16.849960 0.520310 -1.256144
v 16.502542 0.520310 -1.256144
v 16.597210 0.520310 -1.256144
v 16.249792 0.520310 -1.256144
v 16.344460 0.520310 -1.256144
v 15.997045 0.520310 -1.256144
v 16.091711 0.520310 -1.256144
v 15.744294 0.520310 -1.256144
v 15.838962 0.520310 -1.256144
v 15.491544 0.520310 -1.256144
v 15.586212 0.520310 -1.256144
v 15.238793 0.520310 -1.256144
v 15.333464 0.520310 -1.256144
v 17.008039 0.755374 -1.130500
v 17.102711 0.755374 -1.130499
v 16.755293 0.755374 -1.130500
v 16.849960 0.755374 -1.130500
v 16.502542 0.755374 -1.130500
v 16.597210 0.755374 -1.130500
v 16.249792 0.755374 -1.130500
v 16.344460 0.755374 -1.130500
v 15.997045 0.755374 -1.130500
v 16.091711 0.755374 -1.130500
v 15.744294 0.755374 -1.130500
v 15.838962 0.755374 -1.130500
v 15.491544 0.755374 -1.130500
v 15.586212 0.755374 -1.130500
v 15.238793 0.755374 -1.130500
v 15.333464 0.755374 -1.130500
v 17.008039 0.961410 -0.961411
v 17.102711 0.961410 -0.961411
v 16.755293 0.961410 -0.961411
v 16.849960 0.961410 -0.961411
v 16.502542 0.961410 -0.961411
v 16.597210 0.961410 -0.961411
v 16.249792 0.961410 -0.961411
v 16.344460 0.961410 -0.961411
v 15.997045 0.961410 -0.961411
v 16.091711 0.961410 -0.961411
v 15.744294 0.961410 -0.961411
v 15.838962 0.961410 -0.961411
v 15.491544 0.961410 -0.961412
v 15.586212 0.961410 -0.961412
v 15.238793 0.961410 -0.961412
v 15.333464 0.961410 -0.961412
v 17.008039 1.130499 -0.755376
v 17.102711 1.130499 -0.755376
v 16.755293 1.130499 -0.755377
v 16.849960 1.130499 -0.755376
v 16.502542 1.130499 -0.755377
v 16.597210 1.130499 -0.755377
v 16.249792 1.130499 -0.755377
v 16.344460 1.130499 -0.755377
v 15.997045 1.130499 -0.755377
v 16.091711 1.130499 -0.755377
v 15.744294 1.130499 -0.755377
v 15.838962 1.130499 -0.755377
v 15.491544 1.130499 -0.755377
v 15.586212 1.130499 -0.755377
v 15.238793 1.130499 -0.755377
v 15.333464 1.130499 -0.755377
v 17.008039 1.256143 -0.520313
v 17.102711 1.256143 -0.520313
v 16.755293 1.256143 -0.520313
v 16.849960 1.256143 -0.520313
v 16.502542 1.256143 -0.520313
v 16.597210 1.256143 -0.520313
v 16.249792 1.256143 -0.520313
v 16.344460 1.256143 -0.520313
v 15.997045 1.256143 -0.520313
v 16.091711 1.256143 -0.520313
v 15.744294 1.256143 -0.520313
v 15.838962 1.256143 -0.520313
v 15.491544 1.256143 -0.520313
v 15.586212 1.256143 -0.520313
v 15.238793 1.256143 -0.520313
v 15.333464 1.256143 -0.520313
v 17.008039 1.333515 -0.265253
v 17.102711 1.333515 -0.265253
v 16.755293 1.333515 -0.265254
v 16.849960 1.333515 -0.265254
v 16.502542 1.333515 -0.265254
v 16.597210 1.333515 -0.265254
v 16.249792 1.333515 -0.265254
v 16.344460 1.333515 -0.265254
v 15.997042 1.333515 -0.265254
v 16.091711 1.333515 -0.265254
v 15.744294 1.333515 -0.265254
v 15.838962 1.333515 -0.265254
v 15.491544 1.333515 -0.265254
v 15.586212 1.333515 -0.265254
v 15.238793 1.333515 -0.265254
v 15.333464 1.333515 -0.265254
v 17.008039 1.359640 -0.000001
v 17.102711 1.359640 -0.000001
v 16.755293 1.359640 -0.000001
v 16.849960 1.359640 -0.000001
v 16.502542 1.359640 -0.000001
v 16.597210 1.359640 -0.000001
v 16.249792 1.359640 -0.000001
v 16.344460 1.359640 -0.000001
v 15.997042 1.359640 -0.000001
v 16.091711 1.359640 -0.000001
v 15.744294 1.359640 -0.000001
v 15.838962 1.359640 -0.000001
v 15.491544 1.359640 -0.000001
v 15.586212 1.359640 -0.000001
v 15.238793 1.359640 -0.000001
v 15.333464 1.359640 -0.000001
v 17.008039 1.333516 0.265252
v 17.102711 1.333516 0.265252
v 16.755293 1.333516 0.265252
v 16.849960 1.333516 0.265252
v 16.502542 1.333515 0.265252
v 16.597210 1.333515 0.265252
v 16.249792 1.333515 0.265252
v 16.344460 1.333515 0.265252
v 15.997042 1.333515 0.265252
v 16.091711 1.333515 0.265252
v 15.744294 1.333515 0.265252
v 15.838962 1.333515 0.265252
v 15.491544 1.333515 0.265252
v 15.586212 1.333515 0.265252
v 15.238793 1.333515 0.265252
v 15.333464 1.333515 0.265252
v 17.008039 1.256145 0.520311
v 17.102711 1.256145 0.520311
v 16.755293 1.256145 0.520311
v 16.849960 1.256145 0.520311
v 16.502542 1.256145 0.520311
v 16.597210 1.256145 0.520311
v 16.249792 1.256144 0.520311
v 16.344460 1.256144 0.520311
v 15.997042 1.256144 0.520311
v 16.091711 1.256144 0.520311
v 15.744294 1.256144 0.520311
v 15.838962 1.256144 0.520311
v 15.491544 1.256144 0.520311
v 15.586212 1.256144 0.520311
v 15.238793 1.256144 0.520311
v 15.333464 1.256144 0.520311
v 17.008039 1.130500 0.755375
v 17.102711 1.130500 0.755375
v 16.755293 1.130500 0.755375
v 16.849960 1.130500 0.755375
v 16.502542 1.130500 0.755375
v 16.597210 1.130500 0.755375
v 16.249792 1.130500 0.755375
v 16.344460 1.130500 0.755375
v 15.997042 1.130500 0.755375
v 16.091711 1.130500 0.755375
v 15.744294 1.130500 0.755375
v 15.838962 1.130500 0.755375
v 15.491544 1.130500 0.755375
v 15.586212 1.130500 0.755375
v 15.238793 1.130500 0.755375
v 15.333464 1.130500 0.755375
v 17.008039 0.961412 0.961411
v 17.102711 0.961412 0.961411
v 16.755293 0.961412 0.961411
v 16.849960 0.961412 0.961411
v 16.502542 0.961412 0.961411
v 16.597210 0.961412 0.961411
v 16.249792 0.961412 0.961410
v 16.344460 0.961412 0.961410
v 15.997042 0.961412 0.961410
v 16.091711 0.961412 0.961410
v 15.744294 0.961412 0.961410
v 15.838962 0.961412 0.961410
v 15.491544 0.961412 0.961410
v 15.586212 0.961412 0.961410
v 15.238793 0.961412 0.961410
v 15.333464 0.961412 0.961410
v 17.008039 0.755377 1.130499
v 17.102711 0.755377 1.130499
v 16.755293 0.755377 1.130499
v 16.849960 0.755377 1.130499
v 16.502542 0.755377 1.130499
v 16.597210 0.755377 1.130499
v 16.249792 0.755377 1.130499
v 16.344460 0.755377 1.130499
v 15.997042 0.755377 1.130499
v 16.091711 0.755377 1.130499
v 15.744294 0.755377 1.130499
v 15.838962 0.755377 1.130499
v 15.491544 0.755377 1.130499
v 15.586212 0.755377 1.130499
v 15.238793 0.755377 1.130499
v 15.333464 0.755377 1.130499
v 17.008039 0.520313 1.256144
v 17.102711 0.520313 1.256144
v 16.755293 0.520313 1.256144
v 16.849960 0.520313 1.256144
v 16.502542 0.520313 1.256144
v 16.597210 0.520313 1.256144
v 16.249792 0.520313 1.256144
v 16.344460 0.520313 1.256144
v 15.997042 0.520313 1.256144
v 16.091711 0.520313 1.256144
v 15.744294 0.520313 1.256144
v 15.838962 0.520313 1.256144
v 15.491544 0.520312 1.256143
v 15.586212 0.520313 1.256143
v 15.238793 0.520312 1.256143
v 15.333464 0.520313 1.256143
v 17.008039 0.265253 1.333515
v 17.102711 0.265253 1.333515
v 16.755293 0.265253 1.333515
v 16.849960 0.265253 1.333515
v 16.502542 0.265253 1.333515
v 16.597210 0.265253 1.333515
v 16.249792 0.265253 1.333515
v 16.344460 0.265253 1.333515
v 15.997042 0.265253 1.333515
v 16.091711 0.265253 1.333515
v 15.744294 0.265253 1.333515
v 15.838962 0.265253 1.333515
v 15.491544 0.265253 1.333515
v 15.586212 0.265253 1.333515
v 15.238793 0.265253 1.333515
v 15.333464 0.265253 1.333515
v 17.008039 0.000001 1.359641
v 17.102711 0.000001 1.359641
v 16.755293 0.000001 1.359641
v 16.849960 0.000001 1.359641
v 16.502542 0.000001 1.359640
v 16.597210 0.000001 1.359640
v 16.249792 0.000001 1.359640
v 16.344460 0.000001 1.359640
v 15.997042 0.000001 1.359640
v 16.091711 0.000001 1.359640
v 15.744294 0.000001 1.359640
v 15.838962 0.000001 1.359640
v 15.491544 0.000001 1.359640
v 15.586212 0.000001 1.359640
v 15.238793 0.000001 1.359640
v 15.333464 0.000001 1.359640
v 17.008039 -0.265252 1.333515
v 17.102711 -0.265252 1.333515
v 16.755293 -0.265252 1.333515
v 16.849960 -0.265252 1.333515
v 16.502542 -0.265252 1.333515
v 16.597210 -0.265252 1.333515
v 16.249792 -0.265252 1.333515
v 16.344460 -0.265252 1.333515
v 15.997042 -0.265252 1.333515
v 16.091711 -0.265252 1.333515
v 15.744294 -0.265252 1.333515
v 15.838962 -0.265252 1.333515
v 15.491544 -0.265252 1.333515
v 15.586212 -0.265252 1.333515
v 15.238793 -0.265252 1.333515
v 15.333464 -0.265252 1.333515
v 17.008039 -0.520311 1.256144
v 17.102711 -0.520311 1.256144
v 16.755293 -0.520311 1.256144
v 16.849960 -0.520311 1.256144
v 16.502542 -0.520311 1.256144
v 16.597210 -0.520311 1.256144
v 16.249792 -0.520312 1.256144
v 16.344460 -0.520311 1.256144
v 15.997045 -0.520312 1.256144
v 16.091711 -0.520311 1.256144
v 15.744294 -0.520312 1.256144
v 15.838962 -0.520312 1.256144
v 15.491544 -0.520312 1.256144
v 15.586212 -0.520312 1.256144
v 15.238793 -0.520312 1.256144
v 15.333464 -0.520312 1.256144
v 17.008039 -0.755375 1.130500
v 17.102711 -0.755375 1.130500
v 16.755293 -0.755375 1.130500
v 16.849960 -0.755375 1.130500
v 16.502542 -0.755375 1.130500
v 16.597210 -0.755375 1.130500
v 16.249792 -0.755375 1.130500
v 16.344460 -0.755375 1.130500
v 15.997045 -0.755375 1.130500
v 16.091711 -0.755375 1.130500
v 15.744294 -0.755376 1.130500
v 15.838962 -0.755376 1.130500
v 15.491544 -0.755376 1.130499
v 15.586212 -0.755375 1.130499
v 15.238793 -0.755376 1.130499
v 15.333464 -0.755375 1.130499
v 17.008039 -0.961411 0.961411
v 17.102711 -0.961410 0.961411
v 16.755293 -0.961411 0.961411
v 16.849960 -0.961411 0.961411
v 16.502542 -0.961411 0.961411
v 16.597210 -0.961411 0.961411
v 16.249792 -0.961411 0.961411
v 16.344460 -0.961411 0.961411
v 15.997045 -0.961411 0.961411
v 16.091711 -0.961411 0.961411
v 15.744294 -0.961411 0.961411
v 15.838962 -0.961411 0.961411
v 15.491544 -0.961411 0.961411
v 15.586212 -0.961411 0.961411
v 15.238793 -0.961411 0.961411
v 15.333464 -0.961411 0.961411
v 17.008039 -1.130499 0.755376
v 17.102711 -1.130499 0.755376
v 16.755293 -1.130499 0.755376
v 16.849960 -1.130499 0.755376
v 16.502542 -1.130499 0.755376
v 16.597210 -1.130499 0.755376
v 16.249792 -1.130499 0.755376
v 16.344460 -1.130499 0.755376
v 15.997045 -1.130499 0.755376
v 16.091711 -1.130499 0.755376
v 15.744294 -1.130499 0.755376
v 15.838962 -1.130499 0.755376
v 15.491544 -1.130499 0.755376
v 15.586212 -1.130499 0.755376
v 15.238793 -1.130499 0.755376
v 15.333464 -1.130499 0.755376
v 17.008039 -1.256143 0.520312
v 17.102711 -1.256143 0.520312
v 16.755293 -1.256143 0.520312
v 16.849960 -1.256143 0.520312
v 16.502542 -1.256144 0.520312
v 16.597210 -1.256144 0.520312
v 16.249792 -1.256144 0.520312
v 16.344460 -1.256144 0.520312
v 15.997045 -1.256144 0.520312
v 16.091711 -1.256144 0.520312
v 15.744294 -1.256144 0.520312
v 15.838962 -1.256144 0.520312
v 15.491544 -1.256144 0.520312
v 15.586212 -1.256144 0.520312
v 15.238793 -1.256144 0.520312
v 15.333464 -1.256144 0.520312
v 17.008039 -1.333515 0.265253
v 17.102711 -1.333515 0.265253
v 16.755293 -1.333515 0.265253
v 16.849960 -1.333515 0.265253
v 16.502542 -1.333515 0.265253
v 16.597210 -1.333515 0.265253
v 16.249792 -1.333515 0.265253
v 16.344460 -1.333515 0.265253
v 15.997045 -1.333515 0.265253
v 16.091711 -1.333515 0.265253
v 15.744294 -1.333515 0.265253
v 15.838962 -1.333515 0.265253
v 15.491544 -1.333515 0.265253
v 15.586212 -1.333515 0.265253
v 15.238793 -1.333515 0.265252
v 15.333464 -1.333515 0.265252
v 17.008039 -1.359640 0.000001
v 17.102711 -1.359640 0.000001
v 16.755293 -1.359640 0.000001
v 16.849960 -1.359640 0.000001
v 16.502542 -1.359640 0.000001
v 16.597210 -1.359640 0.000001
v 16.249792 -1.359640 0.000000
v 16.344460 -1.359640 0.000000
v 15.997045 -1.359640 0.000000
v 16.091711 -1.359640 0.000000
v 15.744294 -1.359640 0.000000
v 15.838962 -1.359640 0.000000
v 15.491544 -1.359640 0.000000
v 15.586212 -1.359640 0.000000
v 15.238793 -1.359640 0.000000
v 15.333464 -1.359640 0.000000
v 17.008039 -1.333515 -0.265252
v 17.102711 -1.333515 -0.265252
v 16.755293 -1.333515 -0.265252
v 16.849960 -1.333515 -0.265252
v 16.502542 -1.333515 -0.265252
v 16.597210 -1.333515 -0.265252
v 16.249792 -1.333515 -0.265252
v 16.344460 -1.333515 -0.265252
v 15.997045 -1.333515 -0.265252
v 16.091711 -1.333515 -0.265252
v 15.744294 -1.333515 -0.265252
v 15.838962 -1.333515 -0.265252
v 15.491544 -1.333515 -0.265252
v 15.586212 -1.333515 -0.265252
v 15.238793 -1.333515 -0.265252
v 15.333464 -1.333515 -0.265252
v 17.008039 -1.256143 -0.520311
v 17.102711 -1.256143 -0.520311
v 16.755293 -1.256143 -0.520311
v 16.849960 -1.256143 -0.520311
v 16.502542 -1.256143 -0.520311
v 16.597210 -1.256143 -0.520311
v 16.249792 -1.256144 -0.520311
v 16.344460 -1.256144 -0.520311
v 15.997045 -1.256143 -0.520311
v 16.091711 -1.256143 -0.520311
v 15.744294 -1.256143 -0.520311
v 15.838962 -1.256143 -0.520311
v 15.491544 -1.256144 -0.520312
v 15.586212 -1.256144 -0.520312
v 15.238793 -1.256144 -0.520312
v 15.333464 -1.256144 -0.520312
v 17.008039 -1.130499 -0.755375
v 17.102711 -1.130499 -0.755375
v 16.755293 -1.130499 -0.755375
v 16.849960 -1.130499 -0.755375
v 16.502542 -1.130499 -0.755375
v 16.597210 -1.130499 -0.755375
v 16.249792 -1.130499 -0.755375
v 16.344460 -1.130499 -0.755375
v 15.997045 -1.130499 -0.755375
v 16.091711 -1.130499 -0.755375
v 15.744294 -1.130499 -0.755375
v 15.838962 -1.130499 -0.755375
v 15.491544 -1.130499 -0.755375
v 15.586212 -1.130499 -0.755375
v 15.238793 -1.130499 -0.755375
v 15.333464 -1.130499 -0.755375
v 17.008039 -0.961411 -0.961410
v 17.102711 -0.961410 -0.961410
v 16.755293 -0.961411 -0.961410
v 16.849960 -0.961411 -0.961410
v 16.502542 -0.961411 -0.961410
v 16.597210 -0.961411 -0.961410
v 16.249792 -0.961411 -0.961410
v 16.344460 -0.961411 -0.961410
v 15.997045 -0.961411 -0.961410
v 16.091711 -0.961411 -0.961410
v 15.744294 -0.961411 -0.961410
v 15.838962 -0.961411 -0.961410
v 15.491544 -0.961411 -0.961410
v 15.586212 -0.961411 -0.961410
v 15.238793 -0.961411 -0.961410
v 15.333464 -0.961411 -0.961410
v 17.008039 -0.755375 -1.130499
v 17.102711 -0.755375 -1.130499
v 16.755293 -0.755375 -1.130499
v 16.849960 -0.755375 -1.130499
v 16.502542 -0.755375 -1.130499
v 16.597210 -0.755375 -1.130499
v 16.249792 -0.755375 -1.130499
v 16.344460 -0.755375 -1.130499
v 15.997045 -0.755375 -1.130499
v 16.091711 -0.755375 -1.130499
v 15.744294 -0.755376 -1.130499
v 15.838962 -0.755376 -1.130499
v 15.491544 -0.755376 -1.130499
v 15.586212 -0.755375 -1.130499
v 15.238793 -0.755376 -1.130499
v 15.333464 -0.755375 -1.130499
v 17.008039 -0.520312 -1.256143
v 17.102711 -0.520312 -1.256143
v 16.755293 -0.520312 -1.256143
v 16.849960 -0.520312 -1.256143
v 16.502542 -0.520312 -1.256143
v 16.597210 -0.520312 -1.256143
v 16.249792 -0.520312 -1.256143
v 16.344460 -0.520312 -1.256143
v 15.997045 -0.520312 -1.256143
v 16.091711 -0.520312 -1.256143
v 15.744294 -0.520312 -1.256143
v 15.838962 -0.520312 -1.256143
v 15.491544 -0.520312 -1.256143
v 15.586212 -0.520312 -1.256143
v 15.238793 -0.520312 -1.256143
v 15.333464 -0.520312 -1.256143
v 17.008039 -0.265252 -1.333514
v 17.102711 -0.265252 -1.333514
v 16.755293 -0.265253 -1.333514
v 16.849960 -0.265253 -1.333514
v 16.502542 -0.265253 -1.333514
v 16.597210 -0.265253 -1.333514
v 16.249792 -0.265253 -1.333514
v 16.344460 -0.265253 -1.333514
v 15.997045 -0.265253 -1.333514
v 16.091711 -0.265253 -1.333514
v 15.744294 -0.265253 -1.333514
v 15.838962 -0.265253 -1.333514
v 15.491544 -0.265253 -1.333515
v 15.586212 -0.265253 -1.333515
v 15.238793 -0.265253 -1.333515
v 15.333464 -0.265253 -1.333515
v 17.008039 0.000001 1.166737
v 17.102711 0.000001 1.166737
v 16.755293 0.000001 1.166737
v 16.849960 0.000001 1.166737
v 16.502542 0.000001 1.166736
v 16.597210 0.000001 1.166736
v 16.249792 0.000001 1.166736
v 16.344460 0.000001 1.166736
v 15.997042 0.000001 1.166736
v 16.091711 0.000001 1.166736
v 15.744294 0.000001 1.166736
v 15.838962 0.000001 1.166736
v 15.491544 0.000000 1.166736
v 15.586212 0.000000 1.166736
v 15.238793 0.000000 1.166736
v 15.333464 0.000000 1.166736
v 17.008039 0.227620 1.144318
v 17.102711 0.227620 1.144318
v 16.755293 0.227620 1.144318
v 16.849960 0.227620 1.144318
v 16.502542 0.227620 1.144318
v 16.597210 0.227620 1.144318
v 16.249792 0.227620 1.144318
v 16.344460 0.227620 1.144318
v 15.997042 0.227620 1.144318
v 16.091711 0.227620 1.144318
v 15.744294 0.227619 1.144318
v 15.838962 0.227619 1.144318
v 15.491544 0.227619 1.144318
v 15.586212 0.227619 1.144318
v 15.238793 0.227619 1.144318
v 15.333464 0.227619 1.144318
v 17.008039 0.446491 1.077924
v 17.102711 0.446491 1.077924
v 16.755293 0.446491 1.077924
v 16.849960 0.446491 1.077924
v 16.502542 0.446491 1.077924
v 16.597210 0.446491 1.077924
v 16.249792 0.446491 1.077924
v 16.344460 0.446491 1.077924
v 15.997042 0.446491 1.077924
v 16.091711 0.446491 1.077924
v 15.744294 0.446491 1.077924
v 15.838962 0.446491 1.077924
v 15.491544 0.446491 1.077924
v 15.586212 0.446491 1.077924
v 15.238793 0.446491 1.077924
v 15.333464 0.446491 1.077924
v 17.008039 0.648205 0.970106
v 17.102711 0.648205 0.970106
v 16.755293 0.648205 0.970106
v 16.849960 0.648205 0.970106
v 16.502542 0.648205 0.970106
v 16.597210 0.648205 0.970106
v 16.249792 0.648205 0.970106
v 16.344460 0.648205 0.970106
v 15.997042 0.648205 0.970106
v 16.091711 0.648205 0.970106
v 15.744294 0.648205 0.970106
v 15.838962 0.648205 0.970106
v 15.491544 0.648205 0.970105
v 15.586212 0.648205 0.970105
v 15.238793 0.648205 0.970105
v 15.333464 0.648205 0.970105
v 17.008039 0.825008 0.825007
v 17.102711 0.825008 0.825007
v 16.755293 0.825008 0.825007
v 16.849960 0.825008 0.825007
v 16.502542 0.825008 0.825007
v 16.597210 0.825008 0.825007
v 16.249792 0.825008 0.825007
v 16.344460 0.825008 0.825007
v 15.997042 0.825008 0.825007
v 16.091711 0.825008 0.825007
v 15.744294 0.825008 0.825007
v 15.838962 0.825008 0.825007
v 15.491544 0.825008 0.825007
v 15.586212 0.825008 0.825007
v 15.238793 0.825008 0.825007
v 15.333464 0.825008 0.825007
v 17.008039 0.970106 0.648204
v 17.102711 0.970107 0.648204
v 16.755293 0.970106 0.648204
v 16.849960 0.970106 0.648204
v 16.502542 0.970106 0.648204
v 16.597210 0.970106 0.648204
v 16.249792 0.970106 0.648204
v 16.344460 0.970106 0.648204
v 15.997042 0.970106 0.648203
v 16.091711 0.970106 0.648204
v 15.744294 0.970106 0.648203
v 15.838962 0.970106 0.648203
v 15.491544 0.970106 0.648203
v 15.586212 0.970106 0.648203
v 15.238793 0.970106 0.648203
v 15.333464 0.970106 0.648203
v 17.008039 1.077924 0.446490
v 17.102711 1.077924 0.446490
v 16.755293 1.077924 0.446490
v 16.849960 1.077924 0.446490
v 16.502542 1.077924 0.446490
v 16.597210 1.077924 0.446490
v 16.249792 1.077924 0.446490
v 16.344460 1.077924 0.446490
v 15.997042 1.077924 0.446490
v 16.091711 1.077924 0.446490
v 15.744294 1.077924 0.446490
v 15.838962 1.077924 0.446490
v 15.491544 1.077924 0.446490
v 15.586212 1.077924 0.446490
v 15.238793 1.077924 0.446490
v 15.333464 1.077924 0.446490
v 17.008039 1.144318 0.227619
v 17.102711 1.144318 0.227619
v 16.755293 1.144318 0.227619
v 16.849960 1.144318 0.227619
v 16.502542 1.144318 0.227618
v 16.597210 1.144318 0.227618
v 16.249792 1.144318 0.227618
v 16.344460 1.144318 0.227618
v 15.997042 1.144318 0.227618
v 16.091711 1.144318 0.227618
v 15.744294 1.144318 0.227618
v 15.838962 1.144318 0.227618
v 15.491544 1.144318 0.227618
v 15.586212 1.144318 0.227618
v 15.238793 1.144318 0.227618
v 15.333464 1.144318 0.227618
v 17.008039 1.166737 -0.000000
v 17.102711 1.166737 -0.000000
v 16.755293 1.166737 -0.000001
v 16.849960 1.166737 -0.000001
v 16.502542 1.166737 -0.000001
v 16.597210 1.166737 -0.000001
v 16.249792 1.166736 -0.000001
v 16.344460 1.166736 -0.000001
v 15.997042 1.166736 -0.000001
v 16.091711 1.166736 -0.000001
v 15.744294 1.166736 -0.000001
v 15.838962 1.166736 -0.000001
v 15.491544 1.166736 -0.000001
v 15.586212 1.166736 -0.000001
v 15.238793 1.166736 -0.000001
v 15.333464 1.166736 -0.000001
v 17.008039 1.144318 -0.227620
v 17.102711 1.144318 -0.227620
v 16.755293 1.144318 -0.227620
v 16.849960 1.144318 -0.227620
v 16.502542 1.144318 -0.227620
v 16.597210 1.144318 -0.227620
v 16.249792 1.144318 -0.227620
v 16.344460 1.144318 -0.227620
v 15.997045 1.144318 -0.227620
v 16.091711 1.144318 -0.227620
v 15.744294 1.144318 -0.227620
v 15.838962 1.144318 -0.227620
v 15.491544 1.144318 -0.227620
v 15.586212 1.144318 -0.227620
v 15.238793 1.144318 -0.227620
v 15.333464 1.144318 -0.227620
v 17.008039 1.077923 -0.446491
v 17.102711 1.077924 -0.446491
v 16.755293 1.077923 -0.446491
v 16.849960 1.077923 -0.446491
v 16.502542 1.077923 -0.446491
v 16.597210 1.077923 -0.446491
v 16.249792 1.077923 -0.446491
v 16.344460 1.077923 -0.446491
v 15.997045 1.077923 -0.446492
v 16.091711 1.077923 -0.446491
v 15.744294 1.077923 -0.446492
v 15.838962 1.077923 -0.446492
v 15.491544 1.077923 -0.446492
v 15.586212 1.077923 -0.446492
v 15.238793 1.077923 -0.446492
v 15.333464 1.077923 -0.446492
v 17.008039 0.970105 -0.648205
v 17.102711 0.970105 -0.648205
v 16.755293 0.970105 -0.648205
v 16.849960 0.970105 -0.648205
v 16.502542 0.970105 -0.648205
v 16.597210 0.970105 -0.648205
v 16.249792 0.970105 -0.648205
v 16.344460 0.970105 -0.648205
v 15.997045 0.970105 -0.648205
v 16.091711 0.970105 -0.648205
v 15.744294 0.970105 -0.648205
v 15.838962 0.970105 -0.648205
v 15.491544 0.970105 -0.648205
v 15.586212 0.970105 -0.648205
v 15.238793 0.970105 -0.648205
v 15.333464 0.970105 -0.648205
v 17.008039 0.825006 -0.825007
v 17.102711 0.825007 -0.825007
v 16.755293 0.825006 -0.825007
v 16.849960 0.825006 -0.825007
v 16.502542 0.825006 -0.825007
v 16.597210 0.825006 -0.825007
v 16.249792 0.825006 -0.825008
v 16.344460 0.825006 -0.825008
v 15.997045 0.825006 -0.825008
v 16.091711 0.825006 -0.825008
v 15.744294 0.825006 -0.825008
v 15.838962 0.825006 -0.825008
v 15.491544 0.825006 -0.825008
v 15.586212 0.825006 -0.825008
v 15.238793 0.825006 -0.825008
v 15.333464 0.825006 -0.825008
v 17.008039 0.648203 -0.970106
v 17.102711 0.648203 -0.970106
v 16.755293 0.648203 -0.970106
v 16.849960 0.648203 -0.970106
v 16.502542 0.648203 -0.970106
v 16.597210 0.648203 -0.970106
v 16.249792 0.648203 -0.970106
v 16.344460 0.648203 -0.970106
v 15.997045 0.648203 -0.970106
v 16.091711 0.648203 -0.970106
v 15.744294 0.648203 -0.970106
v 15.838962 0.648203 -0.970106
v 15.491544 0.648203 -0.970106
v 15.586212 0.648203 -0.970106
v 15.238793 0.648203 -0.970106
v 15.333464 0.648203 -0.970106
v 17.008039 0.446489 -1.077924
v 17.102711 0.446489 -1.077924
v 16.755293 0.446489 -1.077924
v 16.849960 0.446489 -1.077924
v 16.502542 0.446489 -1.077924
v 16.597210 0.446489 -1.077924
v 16.249792 0.446489 -1.077924
v 16.344460 0.446489 -1.077924
v 15.997045 0.446489 -1.077924
v 16.091711 0.446489 -1.077924
v 15.744294 0.446489 -1.077924
v 15.838962 0.446489 -1.077924
v 15.491544 0.446489 -1.077924
v 15.586212 0.446489 -1.077924
v 15.238793 0.446489 -1.077924
v 15.333464 0.446489 -1.077924
v 17.102711 0.227617 -1.144318
v 17.008039 0.227617 -1.144318
v 16.849960 0.227617 -1.144318
v 16.755293 0.227617 -1.144318
v 16.597210 0.227617 -1.144318
v 16.502542 0.227617 -1.144318
v 16.344460 0.227617 -1.144318
v 16.249792 0.227617 -1.144318
v 16.091711 0.227617 -1.144318
v 15.997045 0.227617 -1.144318
v 15.838962 0.227617 -1.144318
v 15.744294 0.227617 -1.144318
v 15.586212 0.227617 -1.144318
v 15.491544 0.227617 -1.144318
v 15.333464 0.227617 -1.144318
v 15.238793 0.227617 -1.144318
v 15.295569 -0.516679 -2.390038
v 17.045935 -0.516679 -2.390037
v 15.295569 -2.390038 -0.516679
v 17.045935 -2.390038 -0.516679
v 15.295569 -2.390038 0.516679
v 17.045935 -2.390038 0.516680
v 15.295569 -0.516679 2.390038
v 17.045935 -0.516679 2.390038
v 15.295569 0.516680 2.390038
v 17.045935 0.516681 2.390038
v 15.295569 2.390038 0.516677
v 17.045935 2.390039 0.516678
v 15.295569 2.390038 -0.516682
v 17.045935 2.390038 -0.516681
v 15.295569 0.516676 -2.390038
v 17.045935 0.516676 -2.390038
v 17.292027 0.000000 -2.033929
v 15.049478 -0.000000 -2.033930
v 15.295569 -0.434142 -2.117948
v 17.045935 -0.434141 -2.117947
v 15.049479 -1.129991 -1.691151
v 15.322716 -1.129991 -1.691151
v 17.018789 -1.129991 -1.691151
v 17.292027 -1.129991 -1.691151
v 15.049479 -1.438206 -1.438206
v 15.322716 -1.438206 -1.438206
v 17.018789 -1.438206 -1.438205
v 17.292027 -1.438206 -1.438205
v 15.049479 -1.691152 -1.129991
v 15.322716 -1.691151 -1.129991
v 17.018789 -1.691151 -1.129990
v 17.292027 -1.691151 -1.129990
v 15.295569 -2.117948 -0.434142
v 17.045935 -2.117948 -0.434141
v 15.049478 -2.033931 -0.000000
v 17.292027 -2.033930 0.000001
v 15.295569 -2.117948 0.434142
v 17.045935 -2.117948 0.434142
v 15.049478 -1.691152 1.129991
v 15.322716 -1.691151 1.129991
v 17.018789 -1.691151 1.129991
v 17.292027 -1.691151 1.129992
v 15.049478 -1.438206 1.438206
v 15.322716 -1.438206 1.438206
v 17.018789 -1.438206 1.438206
v 17.292027 -1.438206 1.438207
v 15.049478 -1.129991 1.691151
v 15.322716 -1.129991 1.691151
v 17.018789 -1.129991 1.691152
v 17.292027 -1.129991 1.691152
v 15.295569 -0.434141 2.117948
v 17.045935 -0.434141 2.117948
v 15.049478 0.000001 2.033930
v 17.292027 0.000001 2.033931
v 15.295569 0.434143 2.117948
v 17.045935 0.434143 2.117948
v 15.049478 1.129992 1.691151
v 15.322716 1.129992 1.691151
v 17.018789 1.129993 1.691151
v 17.292025 1.129993 1.691151
v 15.049478 1.438208 1.438205
v 15.322716 1.438208 1.438205
v 17.018789 1.438208 1.438206
v 17.292025 1.438208 1.438206
v 15.049478 1.691152 1.129990
v 15.322716 1.691152 1.129990
v 17.018789 1.691153 1.129990
v 17.292025 1.691153 1.129991
v 15.295569 2.117949 0.434140
v 17.045935 2.117949 0.434140
v 15.049478 2.033931 -0.000002
v 17.292027 2.033931 -0.000001
v 15.295569 2.117948 -0.434144
v 17.045935 2.117948 -0.434143
v 15.049478 1.691150 -1.129993
v 15.322716 1.691151 -1.129993
v 17.018789 1.691151 -1.129993
v 17.292027 1.691151 -1.129993
v 15.049478 1.438204 -1.438208
v 15.322716 1.438205 -1.438208
v 17.018789 1.438205 -1.438207
v 17.292027 1.438205 -1.438207
v 15.049478 1.129989 -1.691153
v 15.322716 1.129989 -1.691153
v 17.018789 1.129989 -1.691152
v 17.292027 1.129989 -1.691152
v 15.295569 0.434139 -2.117948
v 17.045935 0.434139 -2.117948
v 15.213243 2.390038 0.516677
v 15.213243 2.390038 -0.516682
v 15.213243 -2.390038 0.516679
v 15.213243 -2.390038 -0.516679
v 15.213243 -0.516679 -2.390038
v 15.213243 0.516676 -2.390038
v 15.213243 -0.516679 2.390038
v 15.213243 0.516680 2.390038
v 15.213243 0.434139 -2.117948
v 15.186097 0.778349 -1.879108
v 15.186097 1.129989 -1.691153
v 15.186097 1.438204 -1.438208
v 15.186097 1.691151 -1.129993
v 15.186097 1.879106 -0.778353
v 15.213243 2.117948 -0.434144
v 15.213243 2.117949 0.434140
v 15.186097 1.879108 0.778350
v 15.186097 1.691152 1.129990
v 15.186097 1.438208 1.438205
v 15.186097 1.129992 1.691151
v 15.186097 0.778353 1.879106
v 15.213243 0.434143 2.117948
v 15.213243 -0.434141 2.117948
v 15.186097 -0.778351 1.879107
v 15.186097 -1.129991 1.691151
v 15.186097 -1.438206 1.438206
v 15.186097 -1.691151 1.129991
v 15.186097 -1.879107 0.778351
v 15.213243 -2.117948 0.434142
v 15.213243 -2.117948 -0.434142
v 15.186097 -1.879107 -0.778351
v 15.186097 -1.691151 -1.129991
v 15.186097 -1.438206 -1.438206
v 15.186097 -1.129991 -1.691151
v 15.186097 -0.778352 -1.879107
v 15.213243 -0.434142 -2.117948
v 17.128260 2.390039 0.516678
v 17.128260 0.516681 2.390038
v 17.128260 -0.516679 2.390038
v 17.128260 -2.390038 0.516680
v 17.128260 0.516676 -2.390038
v 17.128260 -0.516679 -2.390037
v 17.128260 -2.390038 -0.516679
v 17.128260 2.390038 -0.516681
v 17.128260 0.434139 -2.117948
v 17.155407 0.778349 -1.879107
v 17.155407 1.129989 -1.691152
v 17.155407 1.438205 -1.438207
v 17.155407 1.691151 -1.129993
v 17.155407 1.879106 -0.778353
v 17.128260 2.117948 -0.434143
v 17.128260 2.117949 0.434141
v 17.155407 1.879108 0.778351
v 17.155407 1.691153 1.129991
v 17.155407 1.438208 1.438206
v 17.155407 1.129993 1.691151
v 17.155407 0.778353 1.879107
v 17.128260 0.434143 2.117948
v 17.128260 -0.434141 2.117948
v 17.155407 -0.778351 1.879107
v 17.155407 -1.129991 1.691152
v 17.155407 -1.438206 1.438207
v 17.155407 -1.691151 1.129992
v 17.155407 -1.879107 0.778352
v 17.128260 -2.117948 0.434142
v 17.128260 -2.117948 -0.434141
v 17.155407 -1.879107 -0.778351
v 17.155407 -1.691151 -1.129990
v 17.155407 -1.438206 -1.438205
v 17.155407 -1.129991 -1.691151
v 17.155407 -0.778351 -1.879106
v 17.128260 -0.434141 -2.117947
v 15.254406 2.446390 0.533771
v 15.254406 2.446389 -0.533776
v 15.254406 -2.446390 0.533773
v 15.254406 -2.446390 -0.533773
v 15.254406 -0.533773 -2.446389
v 17.028885 -2.253993 -0.475410
v 15.312619 2.253993 -0.475413
v 15.312619 -2.253993 -0.475410
v 15.312619 -0.475410 2.253993
v 17.028885 -0.475410 -2.253992
v 17.028885 0.475407 -2.253993
v 15.312619 2.253994 0.475409
v 15.312619 -0.475410 -2.253993
v 15.312620 0.475407 -2.253993
v 17.028883 0.475412 2.253993
v 15.312619 0.475412 2.253993
v 17.028883 2.253993 -0.475412
v 15.254406 0.533770 -2.446390
v 15.312619 -2.253993 0.475410
v 17.028885 -2.253993 0.475411
v 17.028883 2.253994 0.475409
v 17.028883 -0.475410 2.253993
v 15.254406 -0.533773 2.446389
v 15.254406 0.533774 2.446389
v 15.254406 0.417045 -2.061597
v 15.254406 2.061596 -0.417050
v 15.254406 2.061597 0.417046
v 15.254406 0.417049 2.061596
v 15.254406 -0.417047 2.061596
v 15.254406 -2.061597 0.417048
v 15.254406 -2.061597 -0.417048
v 15.254406 -0.417048 -2.061596
v 15.196193 0.475412 2.253993
v 15.196193 -2.253993 0.475410
v 15.196193 0.475407 -2.253993
v 15.196193 -0.475410 -2.253993
v 15.196193 2.253994 0.475409
v 15.196193 2.253993 -0.475413
v 15.196193 -2.253993 -0.475410
v 15.196193 -0.475410 2.253993
v 17.087099 2.446391 0.533772
v 17.087099 0.533775 2.446389
v 17.087099 -0.533773 2.446390
v 17.087099 -2.446390 0.533774
v 17.087099 0.533770 -2.446390
v 17.087099 -0.533773 -2.446388
v 17.087099 -2.446389 -0.533773
v 17.087099 2.446390 -0.533775
v 17.087099 0.417045 -2.061596
v 17.087099 2.061596 -0.417049
v 17.087099 2.061597 0.417046
v 17.087099 0.417049 2.061597
v 17.087099 -0.417047 2.061597
v 17.087099 -2.061597 0.417048
v 17.087099 -2.061596 -0.417047
v 17.087099 -0.417047 -2.061595
v 17.145311 2.253993 -0.475412
v 17.145311 0.475412 2.253993
v 17.145311 -2.253993 0.475411
v 17.145311 0.475407 -2.253993
v 17.145311 -2.253993 -0.475410
v 17.145311 -0.475410 2.253993
v 17.145311 2.253994 0.475409
v 17.145311 -0.475410 -2.253992
v 15.276684 2.431745 0.529329
v 15.276684 2.431744 -0.529333
v 15.276684 -2.431745 0.529331
v 15.276684 -2.431745 -0.529331
v 15.276684 -0.529331 -2.431744
v 17.033314 -2.327620 -0.497744
v 15.308189 2.327620 -0.497747
v 15.308189 -2.180366 -0.453076
v 15.308189 -0.453076 2.180366
v 17.033314 -0.453076 -2.180365
v 17.033314 0.497742 -2.327620
v 15.308187 2.180367 0.453074
v 15.308189 -0.497745 -2.327620
v 15.308189 0.453073 -2.180366
v 17.033314 0.453077 2.180366
v 15.308189 0.497746 2.327620
v 17.033314 2.180366 -0.453078
v 15.276684 0.529327 -2.431744
v 15.308189 -2.327620 0.497745
v 17.033314 -2.180366 0.453076
v 17.033314 2.327621 0.497744
v 17.033314 -0.497744 2.327621
v 15.276684 -0.529330 2.431744
v 15.276684 0.529332 2.431744
v 15.276684 0.421487 -2.076242
v 15.276684 2.076242 -0.421492
v 15.276684 2.076242 0.421489
v 15.276684 0.421491 2.076241
v 15.276684 -0.421490 2.076241
v 15.276684 -2.076242 0.421490
v 15.276684 -2.076242 -0.421490
v 15.276684 -0.421490 -2.076241
v 15.200623 0.497746 2.327620
v 15.200623 -2.327620 0.497745
v 15.200623 0.497741 -2.327620
v 15.200623 -0.497745 -2.327620
v 15.200623 2.327621 0.497743
v 15.200623 2.327620 -0.497747
v 15.200623 -2.327620 -0.497745
v 15.200623 -0.497744 2.327620
v 17.109375 2.431745 0.529329
v 17.109375 0.529332 2.431744
v 17.109375 -0.529330 2.431745
v 17.109375 -2.431744 0.529331
v 17.109375 0.529327 -2.431744
v 17.109377 -0.529330 -2.431743
v 17.109377 -2.431744 -0.529330
v 17.109375 2.431744 -0.529333
v 17.109375 0.421487 -2.076242
v 17.109375 2.076242 -0.421492
v 17.109375 2.076243 0.421489
v 17.109375 0.421491 2.076242
v 17.109375 -0.421490 2.076242
v 17.109375 -2.076242 0.421491
v 17.109375 -2.076241 -0.421490
v 17.109375 -0.421490 -2.076241
v 17.140881 2.327620 -0.497747
v 17.140881 0.497746 2.327620
v 17.140881 -2.327620 0.497746
v 17.140881 0.497742 -2.327620
v 17.140881 -2.327620 -0.497744
v 17.140881 -0.497744 2.327620
v 17.140881 2.327621 0.497744
v 17.140881 -0.497745 -2.327619
v 15.232127 2.431745 0.529329
v 15.232127 2.431744 -0.529333
v 15.232127 -2.431745 0.529331
v 15.232129 -2.431745 -0.529331
v 15.232127 -0.529331 -2.431744
v 17.033314 -2.180366 -0.453075
v 15.308187 2.180366 -0.453078
v 15.308189 -2.327620 -0.497745
v 15.308189 -0.497744 2.327620
v 17.033314 -0.497745 -2.327619
v 17.033314 0.453073 -2.180366
v 15.308189 2.327621 0.497743
v 15.308189 -0.453076 -2.180366
v 15.308189 0.497742 -2.327620
v 17.033314 0.497746 2.327620
v 15.308189 0.453077 2.180366
v 17.033314 2.327620 -0.497747
v 15.232129 0.529327 -2.431744
v 15.308189 -2.180366 0.453076
v 17.033314 -2.327620 0.497745
v 17.033314 2.180367 0.453075
v 17.033314 -0.453075 2.180366
v 15.232127 -0.529330 2.431744
v 15.232127 0.529332 2.431744
v 15.232129 0.421487 -2.076242
v 15.232127 2.076242 -0.421492
v 15.232127 2.076242 0.421489
v 15.232127 0.421491 2.076241
v 15.232127 -0.421490 2.076241
v 15.232127 -2.076242 0.421490
v 15.232129 -2.076242 -0.421490
v 15.232127 -0.421490 -2.076241
v 15.200623 0.453077 2.180366
v 15.200623 -2.180366 0.453076
v 15.200623 0.453073 -2.180366
v 15.200623 -0.453076 -2.180366
v 15.200623 2.180367 0.453074
v 15.200623 2.180366 -0.453078
v 15.200623 -2.180366 -0.453076
v 15.200623 -0.453076 2.180366
v 17.064821 2.431745 0.529329
v 17.064821 0.529332 2.431744
v 17.064821 -0.529330 2.431745
v 17.064821 -2.431744 0.529331
v 17.064821 0.529327 -2.431744
v 17.064821 -0.529330 -2.431743
v 17.064821 -2.431744 -0.529330
v 17.064821 2.431744 -0.529333
v 17.064821 0.421487 -2.076242
v 17.064821 2.076242 -0.421492
v 17.064821 2.076243 0.421489
v 17.064821 0.421491 2.076242
v 17.064821 -0.421490 2.076242
v 17.064821 -2.076242 0.421491
v 17.064821 -2.076241 -0.421490
v 17.064821 -0.421490 -2.076241
v 17.140881 2.180366 -0.453077
v 17.140881 0.453077 2.180366
v 17.140881 -2.180366 0.453077
v 17.140881 0.453073 -2.180366
v 17.140881 -2.180366 -0.453075
v 17.140881 -0.453075 2.180366
v 17.140881 2.180367 0.453075
v 17.140881 -0.453076 -2.180365
v 17.018789 0.090754 -1.933798
v 17.018789 -0.090754 -1.933798
v 16.992512 0.000000 -2.033930
v 17.018789 0.000000 -1.937501
v 17.014366 0.000000 -1.991535
v 17.011093 -0.047219 -2.002569
v 17.011093 0.047220 -2.002569
v 15.348993 0.000000 -2.033930
v 15.322716 -0.090754 -1.933799
v 15.322716 0.090754 -1.933799
v 15.330411 -0.047219 -2.002569
v 15.327138 0.000000 -1.991535
v 15.322716 0.000000 -1.937501
v 15.330411 0.047219 -2.002570
v 15.322716 -1.933799 -0.090754
v 15.348993 -2.033931 0.000000
v 15.322716 -1.933799 0.090754
v 15.330411 -2.002570 -0.047219
v 15.327138 -1.991536 0.000000
v 15.330411 -2.002570 0.047219
v 15.322716 -1.937501 -0.000000
v 17.018789 -1.933799 0.090754
v 16.992512 -2.033930 0.000000
v 17.018789 -1.933799 -0.090753
v 17.011093 -2.002570 0.047220
v 17.014366 -1.991536 0.000000
v 17.011093 -2.002570 -0.047219
v 17.018789 -1.937501 0.000000
v 15.322716 0.090755 1.933799
v 15.322716 -0.090753 1.933799
v 15.348993 0.000001 2.033931
v 15.322716 0.000001 1.937501
v 15.327138 0.000001 1.991535
v 15.330411 -0.047219 2.002570
v 15.330411 0.047220 2.002570
v 17.018789 0.090755 1.933799
v 16.992512 0.000001 2.033931
v 17.018789 -0.090753 1.933799
v 17.011093 0.047220 2.002570
v 17.014366 0.000001 1.991536
v 17.011093 -0.047218 2.002570
v 17.018789 0.000001 1.937502
v 15.322716 1.933799 -0.090756
v 15.322716 1.933799 0.090752
v 15.348993 2.033931 -0.000002
v 15.322716 1.937502 -0.000002
v 15.327138 1.991536 -0.000002
v 15.330411 2.002570 0.047218
v 15.330411 2.002570 -0.047221
v 17.018789 1.933799 -0.090755
v 16.992512 2.033931 -0.000001
v 17.018789 1.933799 0.090753
v 17.011093 2.002571 -0.047221
v 17.014366 1.991536 -0.000001
v 17.011093 2.002570 0.047218
v 17.018789 1.937502 -0.000001
v 15.186097 -0.090754 -1.933799
v 15.159821 0.000000 -2.033930
v 15.186097 0.090754 -1.933799
v 15.178402 -0.047219 -2.002569
v 15.181675 0.000000 -1.991535
v 15.178402 0.047219 -2.002570
v 15.186097 0.000000 -1.937501
v 15.186097 1.933799 0.090752
v 15.186097 1.933799 -0.090756
v 15.159821 2.033931 -0.000002
v 15.186097 1.937502 -0.000002
v 15.181675 1.991536 -0.000002
v 15.178402 2.002570 -0.047221
v 15.178402 2.002570 0.047218
v 15.186097 -0.090753 1.933799
v 15.186097 0.090755 1.933799
v 15.159821 0.000001 2.033931
v 15.186097 0.000001 1.937501
v 15.181675 0.000001 1.991535
v 15.178402 0.047220 2.002570
v 15.178402 -0.047219 2.002570
v 15.186097 -1.933799 -0.090754
v 15.186097 -1.933799 0.090754
v 15.159821 -2.033931 0.000000
v 15.186097 -1.937501 -0.000000
v 15.181675 -1.991536 0.000000
v 15.178402 -2.002570 0.047219
v 15.178402 -2.002570 -0.047219
v 17.155407 -0.090754 -1.933798
v 17.155407 0.090754 -1.933798
v 17.181684 0.000000 -2.033930
v 17.155407 0.000000 -1.937501
v 17.159830 0.000000 -1.991535
v 17.163101 0.047220 -2.002569
v 17.163101 -0.047219 -2.002569
v 17.155407 1.933799 0.090753
v 17.181684 2.033931 -0.000001
v 17.155407 1.933799 -0.090755
v 17.163101 2.002570 0.047218
v 17.159830 1.991536 -0.000001
v 17.163101 2.002571 -0.047221
v 17.155407 1.937502 -0.000001
v 17.155407 -0.090753 1.933799
v 17.181684 0.000001 2.033931
v 17.155407 0.090755 1.933799
v 17.163101 -0.047218 2.002570
v 17.159830 0.000001 1.991536
v 17.163101 0.047220 2.002570
v 17.155407 0.000001 1.937502
v 17.155407 -1.933799 -0.090753
v 17.181684 -2.033930 0.000001
v 17.155407 -1.933799 0.090754
v 17.163101 -2.002570 -0.047219
v 17.159830 -1.991536 0.000001
v 17.163101 -2.002570 0.047220
v 17.155407 -1.937501 0.000000
v 17.018789 -1.912595 -0.306046
v 17.045067 -1.904095 -0.396800
v 17.011093 -1.971516 -0.357450
v 17.016438 -1.958176 -0.379766
v 17.007454 -1.967572 -0.399239
v 17.026485 -1.908345 -0.370218
v 15.296437 1.904095 -0.396802
v 15.322716 1.912595 -0.306048
v 15.315019 1.908345 -0.370221
v 15.325066 1.958176 -0.379769
v 15.330411 1.971516 -0.357452
v 15.334050 1.967572 -0.399242
v 15.322716 -1.912595 -0.306046
v 15.296439 -1.904095 -0.396800
v 15.315019 -1.908345 -0.370219
v 15.317532 -1.965451 -0.385226
v 15.311355 -1.980767 -0.403246
v 15.322716 -1.983254 -0.376685
v 15.296437 -0.396800 1.904095
v 15.322716 -0.306046 1.912595
v 15.311355 -0.403246 1.980767
v 15.317532 -0.385226 1.965451
v 15.322716 -0.376685 1.983254
v 15.315019 -0.370218 1.908345
v 17.018789 -0.306046 -1.912594
v 17.045067 -0.396800 -1.904094
v 17.026485 -0.370219 -1.908344
v 17.023973 -0.385226 -1.965450
v 17.030149 -0.403246 -1.980767
v 17.018789 -0.376685 -1.983254
v 17.018789 0.306043 -1.912594
v 17.045067 0.396797 -1.904095
v 17.011093 0.357448 -1.971516
v 17.016438 0.379764 -1.958176
v 17.007454 0.399237 -1.967572
v 17.026485 0.370216 -1.908345
v 15.296437 1.904096 0.396799
v 15.322716 1.912595 0.306045
v 15.311355 1.980768 0.403245
v 15.317532 1.965452 0.385224
v 15.322716 1.983255 0.376684
v 15.315019 1.908346 0.370217
v 15.322716 -0.306046 -1.912594
v 15.296439 -0.396800 -1.904095
v 15.330411 -0.357451 -1.971516
v 15.325066 -0.379767 -1.958176
v 15.334050 -0.399240 -1.967572
v 15.315019 -0.370219 -1.908345
v 15.296439 0.396797 -1.904095
v 15.322716 0.306043 -1.912595
v 15.311355 0.403243 -1.980768
v 15.317532 0.385223 -1.965451
v 15.322716 0.376682 -1.983254
v 15.315019 0.370216 -1.908345
v 17.018789 0.306047 1.912595
v 17.045065 0.396801 1.904095
v 17.026485 0.370220 1.908345
v 17.023973 0.385227 1.965451
v 17.030149 0.403247 1.980767
v 17.018789 0.376686 1.983255
v 15.296437 0.396801 1.904095
v 15.322716 0.306047 1.912595
v 15.315019 0.370220 1.908345
v 15.325066 0.379768 1.958176
v 15.330411 0.357452 1.971516
v 15.334050 0.399241 1.967572
v 17.018789 1.912595 -0.306048
v 17.045065 1.904095 -0.396801
v 17.026485 1.908345 -0.370220
v 17.023973 1.965451 -0.385227
v 17.030149 1.980767 -0.403247
v 17.018789 1.983254 -0.376687
v 15.296439 -1.904095 0.396800
v 15.322716 -1.912595 0.306046
v 15.315019 -1.908345 0.370219
v 15.325066 -1.958176 0.379767
v 15.330411 -1.971516 0.357451
v 15.334050 -1.967572 0.399240
v 17.018789 -1.912595 0.306047
v 17.045067 -1.904095 0.396801
v 17.026485 -1.908345 0.370219
v 17.023973 -1.965451 0.385226
v 17.030149 -1.980767 0.403246
v 17.018789 -1.983255 0.376686
v 17.018789 1.912595 0.306045
v 17.045065 1.904096 0.396799
v 17.011093 1.971517 0.357449
v 17.016438 1.958177 0.379766
v 17.007454 1.967573 0.399239
v 17.026485 1.908346 0.370218
v 17.018789 -0.306046 1.912595
v 17.045065 -0.396800 1.904095
v 17.011093 -0.357450 1.971516
v 17.016438 -0.379766 1.958176
v 17.007454 -0.399239 1.967573
v 17.026485 -0.370218 1.908345
v 15.212374 0.396797 -1.904095
v 15.186097 0.306043 -1.912595
v 15.159821 0.418779 -2.037405
v 15.193794 0.370216 -1.908345
v 15.185361 0.382140 -1.965755
v 15.178411 0.361764 -1.984626
v 15.182547 0.403239 -1.980751
v 15.212374 1.904095 -0.396802
v 15.159821 2.037405 -0.418784
v 15.186097 1.912595 -0.306048
v 15.182547 1.980750 -0.403244
v 15.185361 1.965755 -0.382145
v 15.178411 1.984626 -0.361769
v 15.193794 1.908345 -0.370221
v 15.212374 1.904096 0.396799
v 15.186097 1.912595 0.306045
v 15.159821 2.037405 0.418781
v 15.193794 1.908346 0.370217
v 15.185361 1.965756 0.382141
v 15.178411 1.984627 0.361765
v 15.182547 1.980752 0.403241
v 15.212374 0.396801 1.904095
v 15.159821 0.418783 2.037404
v 15.186097 0.306047 1.912595
v 15.182547 0.403243 1.980750
v 15.185361 0.382144 1.965755
v 15.178411 0.361768 1.984626
v 15.193794 0.370220 1.908345
v 15.212374 -0.396800 1.904095
v 15.186097 -0.306046 1.912595
v 15.159821 -0.418782 2.037404
v 15.193794 -0.370218 1.908345
v 15.185361 -0.382142 1.965755
v 15.178411 -0.361766 1.984625
v 15.182547 -0.403242 1.980750
v 15.212374 -1.904095 0.396800
v 15.159821 -2.037404 0.418782
v 15.186097 -1.912595 0.306046
v 15.182547 -1.980750 0.403242
v 15.185361 -1.965755 0.382143
v 15.178411 -1.984626 0.361767
v 15.193794 -1.908345 0.370219
v 15.212374 -1.904095 -0.396800
v 15.186097 -1.912595 -0.306046
v 15.159821 -2.037404 -0.418782
v 15.193794 -1.908345 -0.370219
v 15.185361 -1.965755 -0.382143
v 15.178411 -1.984626 -0.361767
v 15.182547 -1.980750 -0.403242
v 15.212374 -0.396800 -1.904095
v 15.159821 -0.418782 -2.037404
v 15.186097 -0.306046 -1.912594
v 15.182547 -0.403242 -1.980750
v 15.185361 -0.382143 -1.965755
v 15.178411 -0.361767 -1.984625
v 15.193794 -0.370219 -1.908345
v 17.129129 0.396797 -1.904095
v 17.181684 0.418779 -2.037404
v 17.155407 0.306044 -1.912594
v 17.158957 0.403240 -1.980750
v 17.156141 0.382140 -1.965755
v 17.163094 0.361764 -1.984625
v 17.147709 0.370216 -1.908345
v 17.129129 1.904095 -0.396801
v 17.155407 1.912595 -0.306047
v 17.181684 2.037405 -0.418784
v 17.147709 1.908345 -0.370220
v 17.156141 1.965755 -0.382144
v 17.163094 1.984626 -0.361768
v 17.158957 1.980750 -0.403244
v 17.129129 1.904096 0.396799
v 17.181684 2.037405 0.418781
v 17.155407 1.912595 0.306045
v 17.158957 1.980752 0.403241
v 17.156141 1.965756 0.382142
v 17.163094 1.984627 0.361766
v 17.147709 1.908346 0.370218
v 17.129129 0.396801 1.904095
v 17.155407 0.306047 1.912595
v 17.181684 0.418784 2.037405
v 17.147709 0.370220 1.908345
v 17.156141 0.382144 1.965755
v 17.163094 0.361768 1.984626
v 17.158957 0.403244 1.980750
v 17.129129 -0.396800 1.904095
v 17.181684 -0.418782 2.037405
v 17.155407 -0.306046 1.912595
v 17.158957 -0.403242 1.980751
v 17.156141 -0.382142 1.965755
v 17.163094 -0.361766 1.984626
v 17.147709 -0.370218 1.908345
v 17.129129 -1.904095 0.396801
v 17.155407 -1.912595 0.306047
v 17.181684 -2.037404 0.418783
v 17.147709 -1.908345 0.370219
v 17.156141 -1.965755 0.382143
v 17.163094 -1.984626 0.361768
v 17.158957 -1.980750 0.403243
v 17.129129 -1.904095 -0.396800
v 17.181684 -2.037404 -0.418782
v 17.155407 -1.912595 -0.306046
v 17.158957 -1.980750 -0.403242
v 17.156141 -1.965755 -0.382142
v 17.163094 -1.984626 -0.361766
v 17.147709 -1.908345 -0.370218
v 17.129129 -0.396800 -1.904094
v 17.155407 -0.306046 -1.912594
v 17.181684 -0.418782 -2.037404
v 17.147709 -0.370219 -1.908344
v 17.156141 -0.382143 -1.965754
v 17.163094 -0.361767 -1.984625
v 17.158957 -0.403242 -1.980750
v 17.129129 0.090317 -1.829517
v 17.155407 0.090754 -1.920667
v 17.155407 -0.090754 -1.920667
v 17.129129 -0.090317 -1.829517
v 17.147709 0.088693 -1.856387
v 17.147760 0.000000 -1.859805
v 17.155407 0.000000 -1.924370
v 17.147709 -0.088693 -1.856387
v 17.129129 0.000000 -1.833202
v 17.018789 -0.090754 -1.920667
v 17.018789 0.090754 -1.920667
v 17.045067 0.090317 -1.829517
v 17.045067 -0.090317 -1.829517
v 17.018789 0.000000 -1.924370
v 17.026434 0.000000 -1.859806
v 17.026485 0.088693 -1.856387
v 17.045067 0.000000 -1.833202
v 17.026485 -0.088693 -1.856387
v 17.045067 0.396797 -1.890085
v 17.045067 0.306481 -1.808227
v 17.018789 0.306043 -1.899463
v 17.045067 0.370435 -1.828418
v 17.029894 0.358533 -1.841550
v 17.026485 0.306262 -1.835049
v 17.026485 0.370126 -1.892932
v 15.212374 0.396797 -1.890086
v 15.212374 0.306480 -1.808227
v 15.186097 0.306043 -1.899464
v 15.212374 0.370435 -1.828419
v 15.197203 0.358532 -1.841551
v 15.193794 0.306262 -1.835050
v 15.193794 0.370126 -1.892933
v 15.296439 0.396797 -1.890086
v 15.322716 0.306043 -1.899464
v 15.296439 0.306480 -1.808227
v 15.315019 0.370126 -1.892932
v 15.311609 0.358532 -1.841550
v 15.315019 0.306262 -1.835049
v 15.296439 0.370434 -1.828418
v 15.322716 -0.090754 -1.920667
v 15.296439 -0.090317 -1.829517
v 15.296439 0.090317 -1.829517
v 15.322716 0.090754 -1.920668
v 15.315019 -0.088693 -1.856387
v 15.315069 0.000000 -1.859806
v 15.296439 0.000000 -1.833202
v 15.315019 0.088693 -1.856387
v 15.322716 0.000000 -1.924370
v 15.212374 1.890086 -0.396802
v 15.186097 1.899464 -0.306048
v 15.212374 1.808227 -0.306485
v 15.193794 1.892932 -0.370130
v 15.197203 1.841550 -0.358537
v 15.193794 1.835050 -0.306266
v 15.212374 1.828418 -0.370439
v 15.296437 1.890086 -0.396802
v 15.296437 1.808227 -0.306485
v 15.322716 1.899464 -0.306048
v 15.296437 1.828419 -0.370439
v 15.311609 1.841550 -0.358537
v 15.315019 1.835050 -0.306266
v 15.315019 1.892933 -0.370130
v 17.018789 1.899464 -0.306047
v 17.045065 1.808227 -0.306484
v 17.045065 1.890086 -0.396801
v 17.026485 1.835050 -0.306266
v 17.029894 1.841551 -0.358537
v 17.045065 1.828419 -0.370439
v 17.026485 1.892933 -0.370130
v 17.018789 1.920668 -0.090755
v 17.018789 1.920668 0.090753
v 17.045065 1.829518 0.090316
v 17.045065 1.829518 -0.090318
v 17.018789 1.924371 -0.000001
v 17.026434 1.859807 -0.000001
v 17.026485 1.856388 0.088692
v 17.045065 1.833203 -0.000001
v 17.026485 1.856388 -0.088694
v 15.212374 1.829518 -0.090319
v 15.186097 1.920668 -0.090756
v 15.186097 1.920668 0.090752
v 15.212374 1.829518 0.090315
v 15.193794 1.856388 -0.088695
v 15.193744 1.859807 -0.000002
v 15.186097 1.924370 -0.000002
v 15.193794 1.856388 0.088692
v 15.212374 1.833203 -0.000002
v 15.296437 1.829518 0.090315
v 15.322716 1.920668 0.090752
v 15.322716 1.920668 -0.090756
v 15.296437 1.829518 -0.090318
v 15.315019 1.856388 0.088692
v 15.315069 1.859807 -0.000002
v 15.322716 1.924370 -0.000002
v 15.315019 1.856388 -0.088695
v 15.296437 1.833203 -0.000002
v 17.018789 1.899464 0.306045
v 17.045065 1.890087 0.396799
v 17.045065 1.808228 0.306482
v 17.026485 1.892933 0.370127
v 17.029894 1.841551 0.358534
v 17.045065 1.828419 0.370436
v 17.026485 1.835050 0.306264
v 15.212374 1.890087 0.396799
v 15.212374 1.808228 0.306482
v 15.186097 1.899464 0.306045
v 15.212374 1.828419 0.370436
v 15.197203 1.841551 0.358534
v 15.193794 1.835050 0.306263
v 15.193794 1.892933 0.370127
v 15.296437 1.890087 0.396799
v 15.322716 1.899464 0.306045
v 15.296437 1.808228 0.306482
v 15.315019 1.892933 0.370127
v 15.311609 1.841551 0.358534
v 15.315019 1.835050 0.306263
v 15.296437 1.828419 0.370436
v 15.212374 0.396801 1.890085
v 15.186097 0.306047 1.899463
v 15.212374 0.306484 1.808227
v 15.193794 0.370129 1.892932
v 15.197203 0.358536 1.841550
v 15.193794 0.306266 1.835050
v 15.212374 0.370438 1.828418
v 15.322716 0.306047 1.899463
v 15.296437 0.396801 1.890085
v 15.296437 0.306484 1.808227
v 15.315019 0.370129 1.892932
v 15.311609 0.358536 1.841550
v 15.296437 0.370438 1.828418
v 15.315019 0.306266 1.835050
v 17.018789 0.306047 1.899464
v 17.045065 0.306484 1.808228
v 17.045065 0.396801 1.890086
v 17.026485 0.306266 1.835050
v 17.029894 0.358537 1.841551
v 17.045065 0.370439 1.828419
v 17.026485 0.370130 1.892933
v 17.018789 0.090755 1.920668
v 17.018789 -0.090753 1.920668
v 17.045065 -0.090316 1.829518
v 17.045065 0.090318 1.829518
v 17.018789 0.000001 1.924370
v 17.026434 0.000001 1.859807
v 17.026485 -0.088692 1.856388
v 17.045065 0.000001 1.833203
v 17.026485 0.088694 1.856388
v 15.212374 0.090318 1.829518
v 15.186097 0.090755 1.920668
v 15.186097 -0.090753 1.920668
v 15.212374 -0.090316 1.829518
v 15.193794 0.088694 1.856387
v 15.193744 0.000001 1.859806
v 15.186097 0.000001 1.924370
v 15.193794 -0.088692 1.856387
v 15.212374 0.000001 1.833202
v 15.322716 -0.090753 1.920668
v 15.322716 0.090755 1.920668
v 15.296437 0.090318 1.829518
v 15.296437 -0.090316 1.829518
v 15.322716 0.000001 1.924370
v 15.315069 0.000001 1.859806
v 15.315019 0.088694 1.856387
v 15.296437 0.000001 1.833202
v 15.315019 -0.088692 1.856387
v 17.018789 -0.306046 1.899464
v 17.045065 -0.396800 1.890086
v 17.045065 -0.306483 1.808228
v 17.026485 -0.370128 1.892933
v 17.029894 -0.358535 1.841551
v 17.045065 -0.370437 1.828419
v 17.026485 -0.306264 1.835050
v 15.212374 -0.396800 1.890086
v 15.212374 -0.306483 1.808227
v 15.186097 -0.306046 1.899463
v 15.212374 -0.370437 1.828418
v 15.197203 -0.358535 1.841550
v 15.193794 -0.306264 1.835050
v 15.193794 -0.370128 1.892932
v 15.296437 -0.396800 1.890086
v 15.322716 -0.306046 1.899463
v 15.296437 -0.306483 1.808227
v 15.315019 -0.370128 1.892932
v 15.311609 -0.358535 1.841551
v 15.315019 -0.306264 1.835050
v 15.296437 -0.370437 1.828419
v 15.212374 -1.890086 0.396800
v 15.186097 -1.899463 0.306046
v 15.212374 -1.808227 0.306483
v 15.193794 -1.892932 0.370128
v 15.197203 -1.841550 0.358535
v 15.193794 -1.835050 0.306265
v 15.212374 -1.828419 0.370437
v 15.296439 -1.890086 0.396800
v 15.296439 -1.808227 0.306483
v 15.322716 -1.899463 0.306046
v 15.296439 -1.828419 0.370437
v 15.311609 -1.841550 0.358535
v 15.315019 -1.835050 0.306265
v 15.315019 -1.892932 0.370128
v 17.018789 -1.899463 0.306047
v 17.045067 -1.808227 0.306484
v 17.045067 -1.890086 0.396801
v 17.026485 -1.835050 0.306265
v 17.029894 -1.841551 0.358536
v 17.045067 -1.828419 0.370438
v 17.026485 -1.892933 0.370129
v 17.018789 -1.920668 0.090754
v 17.018789 -1.920668 -0.090753
v 17.045067 -1.829518 -0.090316
v 17.045067 -1.829518 0.090317
v 17.018789 -1.924370 0.000000
v 17.026434 -1.859807 0.000001
v 17.026485 -1.856387 -0.088693
v 17.045067 -1.833203 0.000001
v 17.026485 -1.856387 0.088694
v 15.212374 -1.829518 0.090317
v 15.186097 -1.920668 0.090754
v 15.186097 -1.920668 -0.090754
v 15.212374 -1.829518 -0.090317
v 15.193794 -1.856387 0.088693
v 15.193744 -1.859807 0.000000
v 15.186097 -1.924370 -0.000000
v 15.193794 -1.856387 -0.088693
v 15.212374 -1.833203 0.000000
v 15.322716 -1.920668 -0.090754
v 15.322716 -1.920668 0.090754
v 15.296439 -1.829518 0.090317
v 15.296439 -1.829518 -0.090317
v 15.322716 -1.924370 -0.000000
v 15.315069 -1.859807 0.000000
v 15.315019 -1.856387 0.088693
v 15.296439 -1.833203 0.000000
v 15.315019 -1.856387 -0.088693
v 17.018789 -1.899463 -0.306046
v 17.045067 -1.890086 -0.396799
v 17.045067 -1.808227 -0.306483
v 17.026485 -1.892932 -0.370128
v 17.029894 -1.841550 -0.358535
v 17.045067 -1.828418 -0.370437
v 17.026485 -1.835050 -0.306264
v 15.212374 -1.890086 -0.396800
v 15.212374 -1.808227 -0.306483
v 15.186097 -1.899463 -0.306046
v 15.212374 -1.828418 -0.370437
v 15.197203 -1.841550 -0.358535
v 15.193794 -1.835050 -0.306265
v 15.193794 -1.892932 -0.370128
v 15.322716 -1.899463 -0.306046
v 15.296439 -1.808227 -0.306483
v 15.296439 -1.890086 -0.396800
v 15.315019 -1.835050 -0.306265
v 15.311609 -1.841550 -0.358535
v 15.296439 -1.828418 -0.370437
v 15.315019 -1.892932 -0.370128
v 15.212374 -0.396800 -1.890085
v 15.186097 -0.306046 -1.899463
v 15.212374 -0.306483 -1.808227
v 15.193794 -0.370128 -1.892932
v 15.197203 -0.358535 -1.841550
v 15.193794 -0.306265 -1.835049
v 15.212374 -0.370437 -1.828418
v 15.322716 -0.306046 -1.899463
v 15.296439 -0.396800 -1.890085
v 15.296439 -0.306483 -1.808227
v 15.315019 -0.370128 -1.892932
v 15.311609 -0.358535 -1.841550
v 15.296439 -0.370437 -1.828418
v 15.315019 -0.306265 -1.835049
v 17.018789 -0.306046 -1.899462
v 17.045067 -0.306483 -1.808226
v 17.045067 -0.396800 -1.890085
v 17.026485 -0.306264 -1.835049
v 17.029894 -0.358535 -1.841549
v 17.045067 -0.370437 -1.828418
v 17.026485 -0.370128 -1.892931
v 15.212374 0.090317 -1.829517
v 15.212374 -0.090317 -1.829517
v 15.186097 -0.090754 -1.920667
v 15.186097 0.090754 -1.920668
v 15.212374 0.000000 -1.833202
v 15.193744 0.000000 -1.859806
v 15.193794 -0.088693 -1.856387
v 15.186097 0.000000 -1.924370
v 15.193794 0.088693 -1.856387
v 17.129129 0.396797 -1.890085
v 17.155407 0.306044 -1.899463
v 17.129129 0.306481 -1.808227
v 17.147709 0.370126 -1.892932
v 17.144300 0.358533 -1.841550
v 17.147709 0.306262 -1.835049
v 17.129129 0.370435 -1.828418
v 17.129129 1.890086 -0.396801
v 17.129129 1.808227 -0.306484
v 17.155407 1.899464 -0.306047
v 17.129129 1.828419 -0.370439
v 17.144300 1.841551 -0.358537
v 17.147709 1.835050 -0.306266
v 17.147709 1.892933 -0.370130
v 17.129129 1.829518 -0.090318
v 17.129129 1.829518 0.090316
v 17.155407 1.920668 0.090753
v 17.155407 1.920668 -0.090755
v 17.129129 1.833203 -0.000001
v 17.147760 1.859807 -0.000001
v 17.147709 1.856388 0.088692
v 17.155407 1.924371 -0.000001
v 17.147709 1.856388 -0.088694
v 17.129129 1.890087 0.396799
v 17.155407 1.899464 0.306045
v 17.129129 1.808228 0.306482
v 17.147709 1.892933 0.370127
v 17.144300 1.841551 0.358534
v 17.147709 1.835050 0.306264
v 17.129129 1.828419 0.370436
v 17.129129 0.396801 1.890086
v 17.129129 0.306484 1.808228
v 17.155407 0.306047 1.899464
v 17.129129 0.370439 1.828419
v 17.144300 0.358537 1.841551
v 17.147709 0.306266 1.835050
v 17.147709 0.370130 1.892933
v 17.129129 0.090318 1.829518
v 17.129129 -0.090316 1.829518
v 17.155407 -0.090753 1.920668
v 17.155407 0.090755 1.920668
v 17.129129 0.000001 1.833203
v 17.147760 0.000001 1.859807
v 17.147709 -0.088692 1.856388
v 17.155407 0.000001 1.924370
v 17.147709 0.088694 1.856388
v 17.129129 -0.396800 1.890086
v 17.155407 -0.306046 1.899464
v 17.129129 -0.306483 1.808228
v 17.147709 -0.370128 1.892933
v 17.144300 -0.358535 1.841551
v 17.147709 -0.306264 1.835050
v 17.129129 -0.370437 1.828419
v 17.129129 -1.890086 0.396801
v 17.129129 -1.808227 0.306484
v 17.155407 -1.899463 0.306047
v 17.129129 -1.828419 0.370438
v 17.144300 -1.841551 0.358536
v 17.147709 -1.835050 0.306265
v 17.147709 -1.892933 0.370129
v 17.129129 -1.829518 0.090317
v 17.129129 -1.829518 -0.090316
v 17.155407 -1.920668 -0.090753
v 17.155407 -1.920668 0.090754
v 17.129129 -1.833203 0.000001
v 17.147760 -1.859807 0.000001
v 17.147709 -1.856387 -0.088693
v 17.155407 -1.924370 0.000000
v 17.147709 -1.856387 0.088694
v 17.129129 -1.890086 -0.396799
v 17.155407 -1.899463 -0.306046
v 17.129129 -1.808227 -0.306483
v 17.147709 -1.892932 -0.370128
v 17.144300 -1.841550 -0.358535
v 17.147709 -1.835050 -0.306264
v 17.129129 -1.828418 -0.370437
v 17.129129 -0.396800 -1.890085
v 17.129129 -0.306483 -1.808226
v 17.155407 -0.306046 -1.899462
v 17.129129 -0.370437 -1.828418
v 17.144300 -0.358535 -1.841549
v 17.147709 -0.306264 -1.835049
v 17.147709 -0.370128 -1.892931
v 15.307422 -0.885024 -2.412727
v 15.322716 -0.869691 -2.362180
v 15.307422 -0.917917 -2.339194
v 15.318236 -0.881014 -2.399508
v 15.316251 -0.907237 -2.380893
v 15.318236 -0.904273 -2.347511
v 15.307422 -0.915115 -2.383254
v 17.034082 -0.917917 -2.339193
v 17.018789 -0.869691 -2.362180
v 17.034082 -0.885024 -2.412727
v 17.023268 -0.904273 -2.347511
v 17.025253 -0.907237 -2.380893
v 17.023268 -0.881014 -2.399507
v 17.034082 -0.915115 -2.383253
v 15.307422 -2.412728 -0.885024
v 15.307422 -2.346847 -0.920238
v 15.322716 -2.362180 -0.869691
v 15.307422 -2.387081 -0.916276
v 15.316251 -2.382511 -0.907727
v 15.318236 -2.351338 -0.905433
v 15.318236 -2.397923 -0.880533
v 15.153700 -2.346847 -0.920238
v 15.160407 -2.412728 -0.885024
v 15.137148 -2.369572 -0.871933
v 15.158701 -2.385550 -0.915811
v 15.148475 -2.384073 -0.908201
v 15.146999 -2.401619 -0.881654
v 15.142255 -2.355034 -0.906555
v 17.181101 -2.412728 -0.885024
v 17.187805 -2.346847 -0.920238
v 17.204357 -2.369571 -0.871932
v 17.182802 -2.385549 -0.915811
v 17.193029 -2.384073 -0.908201
v 17.199247 -2.355034 -0.906554
v 17.194504 -2.401618 -0.881654
v 17.034082 -2.412728 -0.885024
v 17.018789 -2.362180 -0.869690
v 17.034082 -2.346847 -0.920238
v 17.023268 -2.397922 -0.880533
v 17.025253 -2.382511 -0.907727
v 17.023268 -2.351337 -0.905433
v 17.034082 -2.387080 -0.916275
v 15.153700 -2.462589 -0.538687
v 15.137148 -2.454647 -0.591477
v 15.160407 -2.497803 -0.604568
v 15.142255 -2.461794 -0.554613
v 15.148475 -2.486854 -0.569378
v 15.146999 -2.486694 -0.601198
v 15.158701 -2.492310 -0.563870
v 17.181101 -2.497803 -0.604568
v 17.204357 -2.454647 -0.591477
v 17.187805 -2.462589 -0.538687
v 17.194504 -2.486694 -0.601198
v 17.193029 -2.486854 -0.569377
v 17.199247 -2.461794 -0.554613
v 17.182802 -2.492310 -0.563870
v 15.153700 -2.462589 0.538688
v 15.160407 -2.497803 0.604569
v 15.137148 -2.454647 0.591477
v 15.158701 -2.492310 0.563870
v 15.148475 -2.486854 0.569378
v 15.146999 -2.486694 0.601199
v 15.142255 -2.461794 0.554614
v 17.181099 -2.497803 0.604569
v 17.187805 -2.462589 0.538688
v 17.204357 -2.454647 0.591478
v 17.182802 -2.492310 0.563871
v 17.193029 -2.486854 0.569379
v 17.199247 -2.461794 0.554614
v 17.194504 -2.486694 0.601199
v 15.307422 -2.346847 0.920239
v 15.307422 -2.412728 0.885024
v 15.322716 -2.362180 0.869691
v 15.307422 -2.387081 0.916276
v 15.316251 -2.382511 0.907727
v 15.318236 -2.397923 0.880533
v 15.318236 -2.351338 0.905434
v 15.153700 -2.346847 0.920239
v 15.137148 -2.369572 0.871933
v 15.160407 -2.412728 0.885024
v 15.142255 -2.355034 0.906555
v 15.148475 -2.384073 0.908201
v 15.146999 -2.401618 0.881654
v 15.158701 -2.385549 0.915811
v 17.187805 -2.346847 0.920239
v 17.181099 -2.412728 0.885025
v 17.204357 -2.369571 0.871934
v 17.182802 -2.385549 0.915812
v 17.193029 -2.384073 0.908202
v 17.194504 -2.401618 0.881655
v 17.199247 -2.355034 0.906555
v 17.034082 -2.412728 0.885025
v 17.034082 -2.346847 0.920239
v 17.018789 -2.362180 0.869691
v 17.034082 -2.387080 0.916276
v 17.025253 -2.382511 0.907728
v 17.023268 -2.351338 0.905434
v 17.023268 -2.397922 0.880534
v 15.307422 -0.885024 2.412728
v 15.307422 -0.920238 2.346847
v 15.322716 -0.869691 2.362180
v 15.307422 -0.916276 2.387080
v 15.316251 -0.907727 2.382511
v 15.318236 -0.905433 2.351338
v 15.318236 -0.880533 2.397923
v 15.160407 -0.885024 2.412728
v 15.137148 -0.871933 2.369572
v 15.153700 -0.920238 2.346847
v 15.146999 -0.881654 2.401619
v 15.148475 -0.908201 2.384073
v 15.142255 -0.906555 2.355034
v 15.158701 -0.915811 2.385550
v 17.181099 -0.885024 2.412728
v 17.187805 -0.920238 2.346847
v 17.204357 -0.871933 2.369572
v 17.182802 -0.915811 2.385550
v 17.193029 -0.908201 2.384073
v 17.199247 -0.906554 2.355034
v 17.194504 -0.881654 2.401619
v 17.034082 -0.885024 2.412728
v 17.018789 -0.869691 2.362181
v 17.034082 -0.920238 2.346847
v 17.023268 -0.880533 2.397923
v 17.025253 -0.907727 2.382512
v 17.023268 -0.905433 2.351339
v 17.034082 -0.916276 2.387081
v 15.160407 -0.604568 2.497803
v 15.153700 -0.538687 2.462589
v 15.137148 -0.591477 2.454647
v 15.158701 -0.563870 2.492310
v 15.148475 -0.569377 2.486854
v 15.142255 -0.554613 2.461793
v 15.146999 -0.601198 2.486694
v 17.181099 -0.604568 2.497803
v 17.204357 -0.591477 2.454647
v 17.187805 -0.538687 2.462589
v 17.194504 -0.601198 2.486694
v 17.193029 -0.569377 2.486854
v 17.199247 -0.554613 2.461794
v 17.182802 -0.563870 2.492310
v 15.160404 0.604570 2.497802
v 15.137148 0.591478 2.454646
v 15.153700 0.538689 2.462589
v 15.146999 0.601200 2.486693
v 15.148475 0.569379 2.486854
v 15.142255 0.554615 2.461793
v 15.158701 0.563872 2.492309
v 15.307422 0.885026 2.412727
v 15.322716 0.869692 2.362180
v 15.307422 0.920240 2.346846
v 15.318236 0.880535 2.397922
v 15.316251 0.907729 2.382511
v 15.318236 0.905435 2.351337
v 15.307422 0.916277 2.387080
v 15.160404 0.885026 2.412727
v 15.153700 0.920240 2.346846
v 15.137148 0.871935 2.369571
v 15.158701 0.915813 2.385549
v 15.148475 0.908203 2.384073
v 15.142255 0.906556 2.355033
v 15.146999 0.881656 2.401618
v 17.034082 0.917919 2.339194
v 17.018789 0.869693 2.362180
v 17.034082 0.885026 2.412728
v 17.023268 0.904274 2.347511
v 17.025253 0.907238 2.380893
v 17.023268 0.881016 2.399508
v 17.034082 0.915117 2.383254
v 15.307422 2.412729 0.885023
v 15.307422 2.339195 0.917916
v 15.322716 2.362181 0.869689
v 15.307422 2.383255 0.915114
v 15.316251 2.380895 0.907235
v 15.318236 2.347513 0.904271
v 15.318236 2.399509 0.881012
v 17.034082 2.339195 0.917916
v 17.034082 2.412729 0.885023
v 17.018789 2.362181 0.869690
v 17.034082 2.383255 0.915114
v 17.025253 2.380895 0.907236
v 17.023268 2.399509 0.881013
v 17.023268 2.347513 0.904271
v 15.307422 2.412727 -0.885027
v 15.322716 2.362180 -0.869694
v 15.307422 2.339193 -0.917920
v 15.318236 2.399507 -0.881017
v 15.316251 2.380893 -0.907239
v 15.318236 2.347511 -0.904275
v 15.307422 2.383254 -0.915118
v 17.034082 2.412727 -0.885027
v 17.034082 2.339193 -0.917919
v 17.018789 2.362180 -0.869693
v 17.034082 2.383253 -0.915117
v 17.025253 2.380893 -0.907239
v 17.023268 2.347511 -0.904275
v 17.023268 2.399507 -0.881016
v 15.322716 0.869688 -2.362181
v 15.307422 0.885021 -2.412729
v 15.307422 0.917914 -2.339195
v 15.318236 0.881011 -2.399508
v 15.316251 0.907234 -2.380895
v 15.307422 0.915112 -2.383255
v 15.318236 0.904270 -2.347512
v 17.034082 0.885021 -2.412728
v 17.018789 0.869688 -2.362180
v 17.034082 0.917914 -2.339194
v 17.023268 0.881011 -2.399508
v 17.025253 0.907234 -2.380894
v 17.023268 0.904270 -2.347512
v 17.034082 0.915112 -2.383255
v 15.059525 -0.458909 -2.017628
v 15.044295 -0.398511 -1.994330
v 15.050903 -0.415493 -2.001369
v 17.297209 -0.392639 -1.995258
v 17.281979 -0.458909 -2.017627
v 17.290600 -0.413772 -2.001640
v 15.059525 -0.739365 -1.932553
v 15.042969 -0.778352 -1.879107
v 15.050515 -0.766933 -1.894761
v 15.326181 -0.744453 -1.944588
v 15.322124 -0.778352 -1.879107
v 15.323557 -0.768423 -1.898286
v 17.018789 -0.745100 -1.951459
v 17.018789 -0.778351 -1.879106
v 17.018789 -0.761726 -1.915282
v 17.281979 -0.739365 -1.932552
v 17.298534 -0.778351 -1.879106
v 17.290989 -0.766933 -1.894760
v 15.057443 -1.937596 -0.740895
v 15.046288 -1.879107 -0.778351
v 15.050877 -1.896238 -0.767381
v 15.322716 -1.951460 -0.745100
v 15.322716 -1.879107 -0.778351
v 15.322716 -1.915283 -0.761726
v 17.015324 -1.944589 -0.744452
v 17.019381 -1.879107 -0.778351
v 17.017946 -1.898286 -0.768422
v 17.284061 -1.937596 -0.740894
v 17.295216 -1.854713 -0.770951
v 17.290628 -1.889092 -0.765212
v 15.046284 -1.995190 -0.393339
v 15.057443 -2.022672 -0.460439
v 15.050875 -2.003098 -0.414426
v 17.284061 -2.022671 -0.460438
v 17.295219 -1.994406 -0.398258
v 17.290628 -2.002868 -0.415866
v 15.057443 -2.022672 0.460439
v 15.046284 -1.994407 0.398258
v 15.050875 -2.002869 0.415867
v 17.295219 -1.995190 0.393340
v 17.284061 -2.022671 0.460440
v 17.290628 -2.003098 0.414426
v 15.046288 -1.879107 0.778351
v 15.057443 -1.937596 0.740895
v 15.050877 -1.896238 0.767381
v 15.326181 -1.944589 0.744452
v 15.322124 -1.879107 0.778351
v 15.323557 -1.898286 0.768422
v 17.018789 -1.951460 0.745101
v 17.018789 -1.879107 0.778352
v 17.018789 -1.915283 0.761726
v 17.284061 -1.937596 0.740895
v 17.295216 -1.879107 0.778352
v 17.290628 -1.896237 0.767381
v 15.057443 -0.740895 1.937596
v 15.046288 -0.778351 1.879107
v 15.050877 -0.767381 1.896237
v 15.322716 -0.745100 1.951460
v 15.322716 -0.778351 1.879107
v 15.322716 -0.761726 1.915283
v 17.015324 -0.744452 1.944589
v 17.019381 -0.778351 1.879107
v 17.017946 -0.768422 1.898287
v 17.284061 -0.740895 1.937597
v 17.295216 -0.778351 1.879107
v 17.290628 -0.767380 1.896239
v 15.046284 -0.393339 1.995190
v 15.057443 -0.460439 2.022672
v 15.050875 -0.414426 2.003098
v 17.284061 -0.460438 2.022672
v 17.295219 -0.398258 1.994408
v 17.290628 -0.415866 2.002869
v 15.057443 0.460440 2.022671
v 15.046284 0.398259 1.994406
v 15.050875 0.415867 2.002868
v 17.297209 0.392640 1.995259
v 17.281979 0.458910 2.017629
v 17.290600 0.413774 2.001642
v 15.046288 0.778353 1.879106
v 15.057443 0.740896 1.937596
v 15.050877 0.767382 1.896237
v 15.326181 0.744454 1.944588
v 15.322124 0.778353 1.879107
v 15.323557 0.768424 1.898286
v 17.018789 0.745102 1.951460
v 17.018789 0.778353 1.879107
v 17.018789 0.761727 1.915283
v 17.281979 0.739367 1.932554
v 17.298534 0.778353 1.879107
v 17.290989 0.766934 1.894761
v 15.059525 1.932555 0.739364
v 15.042969 1.879108 0.778350
v 15.050515 1.894762 0.766931
v 15.322716 1.951461 0.745099
v 15.322716 1.879108 0.778350
v 15.322716 1.915285 0.761725
v 17.015324 1.944590 0.744451
v 17.019381 1.879108 0.778351
v 17.017946 1.898287 0.768422
v 17.281979 1.932555 0.739364
v 17.298534 1.879108 0.778351
v 17.290989 1.894762 0.766932
v 15.059525 2.017630 0.458908
v 15.044295 1.995260 0.392637
v 15.050903 2.001642 0.413771
v 17.281979 2.017630 0.458908
v 17.297209 1.994331 0.398510
v 17.290600 2.001370 0.415491
v 15.059525 2.017628 -0.458911
v 15.044295 1.994330 -0.398513
v 15.050903 2.001369 -0.415494
v 17.297209 1.995259 -0.392640
v 17.281979 2.017629 -0.458911
v 17.290600 2.001642 -0.413774
v 15.059525 1.932553 -0.739367
v 15.044273 1.876280 -0.793737
v 15.050513 1.887347 -0.764686
v 15.326181 1.944588 -0.744455
v 15.322124 1.879106 -0.778353
v 15.323557 1.898286 -0.768425
v 17.018789 1.951459 -0.745102
v 17.018789 1.879106 -0.778353
v 17.018789 1.915283 -0.761727
v 17.281979 1.932553 -0.739367
v 17.298534 1.879107 -0.778353
v 17.290989 1.894761 -0.766934
v 15.059525 0.739363 -1.932554
v 15.042969 0.778349 -1.879108
v 15.050515 0.766930 -1.894762
v 15.322716 0.745098 -1.951461
v 15.322716 0.778349 -1.879108
v 15.322716 0.761724 -1.915284
v 17.015324 0.744450 -1.944589
v 17.019381 0.778349 -1.879107
v 17.017946 0.768420 -1.898286
v 17.281979 0.739363 -1.932553
v 17.298534 0.778349 -1.879107
v 17.290989 0.766930 -1.894761
v 15.059525 0.458906 -2.017629
v 15.044295 0.392636 -1.995259
v 15.050903 0.413770 -2.001642
v 17.281979 0.458907 -2.017628
v 17.297209 0.398508 -1.994330
v 17.290600 0.415490 -2.001369
v 15.201391 0.885021 -2.412729
v 15.176050 0.873460 -2.374615
v 15.186097 0.917821 -2.338889
v 15.188721 0.882916 -2.405789
v 15.187205 0.908011 -2.383458
v 15.177906 0.906109 -2.353576
v 15.195825 0.914284 -2.380526
v 15.201391 2.412727 -0.885027
v 15.186097 2.338887 -0.917827
v 15.176050 2.374614 -0.873466
v 15.195825 2.380525 -0.914290
v 15.187205 2.383456 -0.908017
v 15.177906 2.353575 -0.906115
v 15.188721 2.405787 -0.882922
v 15.201391 2.412729 0.885023
v 15.176050 2.374616 0.873461
v 15.186097 2.338889 0.917823
v 15.188721 2.405789 0.882917
v 15.187205 2.383458 0.908012
v 15.177906 2.353577 0.906111
v 15.195825 2.380526 0.914286
v 15.201391 -2.412728 0.885024
v 15.186097 -2.346847 0.920239
v 15.170802 -2.412728 0.885024
v 15.193744 -2.387081 0.916276
v 15.186097 -2.394959 0.911112
v 15.178450 -2.387081 0.916276
v 15.186097 -2.412728 0.885024
v 15.186097 -0.917825 -2.338887
v 15.176050 -0.873463 -2.374614
v 15.201391 -0.885025 -2.412727
v 15.177906 -0.906113 -2.353575
v 15.187206 -0.908015 -2.383457
v 15.188721 -0.882920 -2.405788
v 15.195825 -0.914288 -2.380525
v 15.201391 -2.412728 -0.885024
v 15.170802 -2.412728 -0.885024
v 15.186097 -2.346847 -0.920238
v 15.186097 -2.412728 -0.885024
v 15.186097 -2.394959 -0.911112
v 15.178450 -2.387081 -0.916276
v 15.193744 -2.387081 -0.916276
v 15.201391 -0.885024 2.412728
v 15.170802 -0.885024 2.412728
v 15.186097 -0.920238 2.346847
v 15.186097 -0.885024 2.412728
v 15.186097 -0.911112 2.394959
v 15.178450 -0.916276 2.387080
v 15.193744 -0.916276 2.387080
v 15.201391 0.885026 2.412727
v 15.186097 0.920240 2.346846
v 15.170802 0.885026 2.412727
v 15.193744 0.916277 2.387079
v 15.186097 0.911113 2.394958
v 15.178450 0.916277 2.387079
v 15.186097 0.885026 2.412727
v 17.165455 0.873460 -2.374615
v 17.140114 0.885021 -2.412728
v 17.155407 0.917821 -2.338888
v 17.152784 0.882916 -2.405789
v 17.154299 0.908011 -2.383457
v 17.145679 0.914285 -2.380526
v 17.163597 0.906109 -2.353576
v 17.165455 0.873465 2.374615
v 17.155407 0.917826 2.338888
v 17.140114 0.885026 2.412728
v 17.163597 0.906114 2.353576
v 17.154297 0.908016 2.383457
v 17.145679 0.914289 2.380526
v 17.152784 0.882921 2.405788
v 17.170700 -0.885024 2.412728
v 17.140114 -0.885024 2.412728
v 17.155407 -0.920238 2.346847
v 17.155407 -0.885024 2.412728
v 17.155407 -0.911111 2.394960
v 17.147760 -0.916275 2.387081
v 17.163055 -0.916275 2.387081
v 17.155407 -0.917824 -2.338887
v 17.140114 -0.885024 -2.412727
v 17.165455 -0.873463 -2.374614
v 17.145679 -0.914288 -2.380525
v 17.154299 -0.908014 -2.383456
v 17.152784 -0.882919 -2.405788
v 17.163597 -0.906112 -2.353575
v 17.170700 -2.412728 -0.885024
v 17.140114 -2.412728 -0.885024
v 17.155407 -2.346847 -0.920238
v 17.155407 -2.412728 -0.885024
v 17.155407 -2.394959 -0.911111
v 17.147760 -2.387080 -0.916275
v 17.163055 -2.387080 -0.916275
v 17.155407 -2.346847 0.920239
v 17.140114 -2.412728 0.885025
v 17.170700 -2.412728 0.885025
v 17.147760 -2.387080 0.916276
v 17.155407 -2.394959 0.911113
v 17.155407 -2.412728 0.885025
v 17.163055 -2.387080 0.916276
v 17.165455 2.374616 0.873462
v 17.140114 2.412729 0.885023
v 17.155407 2.338889 0.917823
v 17.152784 2.405790 0.882918
v 17.154299 2.383458 0.908013
v 17.145679 2.380527 0.914286
v 17.163597 2.353577 0.906111
v 17.165455 2.374614 -0.873465
v 17.155407 2.338887 -0.917826
v 17.140114 2.412727 -0.885026
v 17.163597 2.353575 -0.906114
v 17.154297 2.383456 -0.908016
v 17.145679 2.380525 -0.914289
v 17.152784 2.405788 -0.882921
v 15.191381 2.456367 0.536597
v 15.176050 2.459691 0.593005
v 15.201391 2.497804 0.604567
v 15.180549 2.461205 0.554332
v 15.188322 2.486606 0.569258
v 15.187627 2.490505 0.602394
v 15.198466 2.488154 0.562507
v 15.307422 2.497804 0.604567
v 15.322716 2.446985 0.590128
v 15.310131 2.456070 0.536708
v 15.317675 2.484214 0.600933
v 15.316824 2.483858 0.568673
v 15.319591 2.454703 0.552949
v 15.308776 2.490638 0.563159
v 15.201391 2.497803 -0.604571
v 15.176050 2.459690 -0.593009
v 15.192295 2.459886 -0.537502
v 15.187439 2.489775 -0.602212
v 15.188517 2.487349 -0.569453
v 15.181005 2.462964 -0.554787
v 15.198924 2.489914 -0.562962
v 15.310927 2.459683 -0.537808
v 15.325243 2.447706 -0.590254
v 15.307422 2.497803 -0.604571
v 15.321253 2.456870 -0.553562
v 15.317525 2.484773 -0.568935
v 15.318774 2.483825 -0.600771
v 15.308650 2.492294 -0.563686
v 15.201391 -2.497803 0.604568
v 15.170802 -2.497803 0.604569
v 15.186097 -2.486639 0.504980
v 15.186097 -2.497803 0.604568
v 15.186097 -2.502197 0.567131
v 15.178349 -2.500885 0.554472
v 15.193847 -2.500885 0.554472
v 15.325243 -2.447706 0.590251
v 15.307422 -2.497803 0.604568
v 15.310927 -2.459684 0.537806
v 15.318774 -2.483825 0.600768
v 15.317525 -2.484774 0.568933
v 15.308650 -2.492295 0.563684
v 15.321253 -2.456871 0.553560
v 15.186097 -2.484912 -0.501785
v 15.170802 -2.497803 -0.604568
v 15.201391 -2.497803 -0.604568
v 15.178229 -2.500379 -0.553547
v 15.186097 -2.501906 -0.566593
v 15.186097 -2.497803 -0.604568
v 15.193965 -2.500379 -0.553547
v 15.307422 -2.497803 -0.604568
v 15.322716 -2.446984 -0.590130
v 15.310131 -2.456069 -0.536709
v 15.317675 -2.484213 -0.600935
v 15.316824 -2.483856 -0.568675
v 15.319591 -2.454702 -0.552951
v 15.308776 -2.490636 -0.563160
v 15.201391 -0.604568 -2.497802
v 15.176050 -0.593007 -2.459690
v 15.192295 -0.537499 -2.459886
v 15.187439 -0.602209 -2.489774
v 15.188517 -0.569450 -2.487348
v 15.181005 -0.554785 -2.462964
v 15.198924 -0.562960 -2.489913
v 15.310927 -0.537806 -2.459683
v 15.325243 -0.590251 -2.447706
v 15.307422 -0.604568 -2.497802
v 15.321253 -0.553560 -2.456870
v 15.317525 -0.568933 -2.484772
v 15.318774 -0.600768 -2.483824
v 15.308650 -0.563684 -2.492293
v 17.016262 -2.447706 -0.590251
v 17.034082 -2.497803 -0.604568
v 17.030577 -2.459683 -0.537805
v 17.022730 -2.483825 -0.600767
v 17.023979 -2.484773 -0.568932
v 17.032854 -2.492294 -0.563683
v 17.020252 -2.456870 -0.553559
v 15.322716 -0.590130 2.446984
v 15.310131 -0.536709 2.456069
v 15.307422 -0.604568 2.497803
v 15.319591 -0.552951 2.454702
v 15.316824 -0.568675 2.483857
v 15.308776 -0.563160 2.490637
v 15.317675 -0.600934 2.484213
v 17.018789 -0.590130 -2.446983
v 17.031372 -0.536709 -2.456068
v 17.034082 -0.604568 -2.497802
v 17.021914 -0.552951 -2.454701
v 17.024679 -0.568675 -2.483855
v 17.032728 -0.563160 -2.490635
v 17.023829 -0.600935 -2.484211
v 17.016262 0.590248 -2.447706
v 17.034082 0.604565 -2.497803
v 17.030577 0.537803 -2.459683
v 17.022730 0.600765 -2.483825
v 17.023979 0.568929 -2.484773
v 17.032854 0.563680 -2.492295
v 17.020252 0.553556 -2.456870
v 15.322716 0.590127 -2.446984
v 15.310131 0.536706 -2.456069
v 15.307422 0.604565 -2.497804
v 15.319591 0.552948 -2.454702
v 15.316824 0.568672 -2.483857
v 15.308776 0.563157 -2.490637
v 15.317675 0.600931 -2.484213
v 17.018789 0.590132 2.446984
v 17.031372 0.536711 2.456069
v 17.034082 0.604570 2.497803
v 17.021914 0.552953 2.454702
v 17.024679 0.568677 2.483857
v 17.032728 0.563162 2.490637
v 17.023829 0.600936 2.484213
v 15.325243 0.590253 2.447706
v 15.307422 0.604570 2.497802
v 15.310927 0.537807 2.459683
v 15.318774 0.600769 2.483825
v 15.317525 0.568934 2.484773
v 15.308650 0.563685 2.492294
v 15.321253 0.553561 2.456870
v 17.018789 2.446984 -0.590132
v 17.031372 2.456069 -0.536711
v 17.034082 2.497803 -0.604570
v 17.021914 2.454702 -0.552953
v 17.024679 2.483856 -0.568677
v 17.032728 2.490637 -0.563162
v 17.023829 2.484212 -0.600937
v 15.191381 0.536595 -2.456366
v 15.176050 0.593003 -2.459691
v 15.201391 0.604565 -2.497804
v 15.180549 0.554331 -2.461204
v 15.188322 0.569256 -2.486605
v 15.187627 0.602392 -2.490505
v 15.198466 0.562506 -2.488154
v 17.018789 -2.446984 0.590131
v 17.031372 -2.456069 0.536710
v 17.034082 -2.497803 0.604569
v 17.021914 -2.454702 0.552952
v 17.024679 -2.483857 0.568676
v 17.032728 -2.490636 0.563161
v 17.023829 -2.484213 0.600935
v 17.016262 2.447707 0.590250
v 17.034082 2.497804 0.604567
v 17.030577 2.459684 0.537805
v 17.022730 2.483826 0.600767
v 17.023979 2.484774 0.568931
v 17.032854 2.492296 0.563682
v 17.020252 2.456872 0.553558
v 17.016262 -0.590251 2.447706
v 17.034082 -0.604568 2.497803
v 17.030577 -0.537805 2.459684
v 17.022730 -0.600767 2.483825
v 17.023979 -0.568932 2.484773
v 17.032854 -0.563683 2.492295
v 17.020252 -0.553559 2.456871
v 15.186097 -0.501784 2.484912
v 15.170802 -0.604568 2.497803
v 15.201391 -0.604568 2.497803
v 15.178229 -0.553547 2.500380
v 15.186097 -0.566592 2.501906
v 15.186097 -0.604568 2.497803
v 15.193965 -0.553547 2.500380
v 15.201391 0.604570 2.497802
v 15.170802 0.604570 2.497802
v 15.186097 0.504981 2.486638
v 15.186097 0.604570 2.497802
v 15.186097 0.567132 2.502196
v 15.178349 0.554473 2.500884
v 15.193847 0.554473 2.500884
v 17.149210 2.459887 0.537498
v 17.140114 2.497804 0.604567
v 17.165455 2.459691 0.593006
v 17.142580 2.489915 0.562958
v 17.152988 2.487350 0.569449
v 17.154064 2.489776 0.602208
v 17.160498 2.462965 0.554783
v 17.165455 0.593009 2.459690
v 17.140114 0.604570 2.497803
v 17.150124 0.536601 2.456366
v 17.153877 0.602397 2.490504
v 17.153183 0.569261 2.486604
v 17.143038 0.562511 2.488153
v 17.160955 0.554336 2.461204
v 17.155407 -0.504979 2.486639
v 17.140114 -0.604568 2.497803
v 17.170700 -0.604568 2.497803
v 17.147657 -0.554471 2.500885
v 17.155407 -0.567130 2.502197
v 17.155407 -0.604568 2.497803
v 17.163155 -0.554471 2.500885
v 17.170700 -2.497803 0.604569
v 17.140114 -2.497803 0.604569
v 17.155407 -2.484912 0.501786
v 17.155407 -2.497803 0.604569
v 17.155407 -2.501906 0.566594
v 17.147539 -2.500379 0.553548
v 17.163275 -2.500379 0.553548
v 17.149210 0.537496 -2.459887
v 17.140114 0.604565 -2.497803
v 17.165455 0.593004 -2.459690
v 17.142580 0.562956 -2.489914
v 17.152988 0.569447 -2.487349
v 17.154064 0.602206 -2.489776
v 17.160498 0.554781 -2.462964
v 17.165455 -0.593007 -2.459689
v 17.140114 -0.604568 -2.497802
v 17.150124 -0.536599 -2.456365
v 17.153877 -0.602396 -2.490503
v 17.153183 -0.569260 -2.486603
v 17.143038 -0.562509 -2.488153
v 17.160955 -0.554334 -2.461203
v 17.155407 -2.486639 -0.504979
v 17.140114 -2.497803 -0.604568
v 17.170700 -2.497803 -0.604568
v 17.147657 -2.500885 -0.554471
v 17.155407 -2.502197 -0.567130
v 17.155407 -2.497803 -0.604568
v 17.163157 -2.500885 -0.554471
v 17.165455 2.459690 -0.593009
v 17.140114 2.497803 -0.604570
v 17.150124 2.456366 -0.536601
v 17.153877 2.490504 -0.602398
v 17.153183 2.486604 -0.569262
v 17.143038 2.488154 -0.562511
v 17.160955 2.461204 -0.554336
v 16.998507 -2.027491 -0.468678
v 16.992241 -1.988882 -0.414434
v 16.994188 -2.001618 -0.426459
v 15.342997 2.027492 -0.468680
v 15.349263 1.988882 -0.414437
v 15.347316 2.001619 -0.426462
v 15.322716 -2.067212 -0.482171
v 15.324034 -2.037539 -0.415503
v 15.323101 -2.046175 -0.436388
v 15.322716 -0.482171 2.067212
v 15.324034 -0.415502 2.037539
v 15.323101 -0.436388 2.046174
v 17.018789 -0.482171 -2.067212
v 17.017471 -0.415503 -2.037539
v 17.018402 -0.436388 -2.046174
v 16.998507 0.468676 -2.027492
v 16.992241 0.414432 -1.988882
v 16.994188 0.426457 -2.001618
v 15.322716 2.067213 0.482169
v 15.324034 2.037540 0.415501
v 15.323101 2.046175 0.436386
v 15.342997 -0.468678 -2.027491
v 15.349263 -0.414435 -1.988882
v 15.347316 -0.426460 -2.001618
v 15.322716 0.482168 -2.067213
v 15.324034 0.415500 -2.037540
v 15.323101 0.436385 -2.046175
v 17.018789 0.482172 2.067213
v 17.017471 0.415504 2.037540
v 17.018402 0.436389 2.046175
v 15.342997 0.468679 2.027492
v 15.349263 0.414436 1.988882
v 15.347316 0.426461 2.001618
v 17.018789 2.067213 -0.482172
v 17.017471 2.037539 -0.415504
v 17.018402 2.046175 -0.436389
v 15.342997 -2.027492 0.468678
v 15.349263 -1.988883 0.414435
v 15.347316 -2.001618 0.426460
v 17.018789 -2.067213 0.482171
v 17.017471 -2.037539 0.415503
v 17.018402 -2.046174 0.436388
v 16.998507 2.027492 0.468677
v 16.992241 1.988883 0.414434
v 16.994188 2.001619 0.426459
v 16.998507 -0.468678 2.027492
v 16.992241 -0.414435 1.988883
v 16.994188 -0.426459 2.001619
v 17.018789 1.152420 -1.718484
v 16.990200 1.291382 -1.732171
v 16.990200 1.446949 -1.604501
v 17.018789 1.460635 -1.465539
v 15.322716 1.460635 -1.465540
v 15.351304 1.446949 -1.604501
v 15.351304 1.291382 -1.732171
v 15.322716 1.152420 -1.718485
v 17.018789 1.718485 1.152421
v 16.990200 1.732171 1.291383
v 16.990200 1.604501 1.446949
v 17.018789 1.465540 1.460636
v 15.322716 1.465539 1.460636
v 15.351304 1.604501 1.446949
v 15.351304 1.732171 1.291383
v 15.322716 1.718485 1.152421
v 17.018789 -1.152422 1.718484
v 16.990200 -1.291384 1.732170
v 16.990200 -1.446950 1.604500
v 17.018789 -1.460637 1.465538
v 15.322716 -1.460637 1.465538
v 15.351304 -1.446950 1.604500
v 15.351304 -1.291384 1.732170
v 15.322716 -1.152422 1.718484
v 17.018789 -1.718483 -1.152421
v 16.990200 -1.732170 -1.291383
v 16.990200 -1.604500 -1.446949
v 17.018789 -1.465538 -1.460636
v 15.322716 -1.465538 -1.460636
v 15.351304 -1.604500 -1.446950
v 15.351304 -1.732170 -1.291383
v 15.322716 -1.718483 -1.152422
v 16.990200 -1.106125 -1.855955
v 17.018789 -1.146659 -1.722333
v 15.322716 -1.146659 -1.722334
v 15.351157 -1.106125 -1.855955
v 16.990200 -1.855956 1.106125
v 17.018789 -1.722334 1.146659
v 15.322716 -1.722334 1.146659
v 15.351157 -1.855956 1.106125
v 16.990200 1.106127 1.855955
v 17.018789 1.146660 1.722334
v 15.322716 1.146660 1.722333
v 15.351157 1.106126 1.855955
v 16.990200 1.855955 -1.106127
v 17.018789 1.722333 -1.146660
v 15.322716 1.722333 -1.146661
v 15.351157 1.855955 -1.106127
v 15.377481 -0.104905 -2.157183
v 15.348950 -0.001775 -2.069161
v 16.992468 -0.001775 -2.069161
v 16.969080 -0.105479 -2.168710
v 16.992468 -2.069161 0.001775
v 16.969080 -2.168711 0.105480
v 15.377481 -2.157184 0.104905
v 15.348950 -2.069161 0.001775
v 16.992468 0.001776 2.069162
v 16.969080 0.105480 2.168711
v 15.377481 0.104906 2.157184
v 15.348950 0.001776 2.069162
v 16.992468 2.069162 -0.001776
v 16.969080 2.168712 -0.105481
v 15.377481 2.157184 -0.104907
v 15.348950 2.069162 -0.001777
v 16.992279 -2.021977 -0.426631
v 16.969988 -2.087032 -0.555403
v 16.983040 -2.033443 -0.730190
v 17.019421 -1.912202 -0.790547
v 15.322755 -1.912202 -0.790548
v 15.351789 -2.044437 -0.734233
v 15.352447 -2.123018 -0.552336
v 15.324073 -2.070635 -0.427699
v 15.322755 -0.790548 1.912202
v 15.351789 -0.734233 2.044437
v 15.352447 -0.552336 2.123018
v 15.324073 -0.427699 2.070635
v 16.992279 -0.426631 2.021978
v 16.969988 -0.555404 2.087032
v 16.983038 -0.730190 2.033443
v 17.019421 -0.790547 1.912203
v 16.992279 0.426629 -2.021977
v 16.969988 0.555401 -2.087032
v 16.983040 0.730188 -2.033443
v 17.019421 0.790546 -1.912203
v 15.322755 0.790545 -1.912203
v 15.351789 0.734230 -2.044438
v 15.352447 0.552333 -2.123019
v 15.324075 0.427696 -2.070635
v 15.322755 1.912203 0.790547
v 15.351789 2.044438 0.734232
v 15.352447 2.123019 0.552335
v 15.324075 2.070636 0.427698
v 16.992279 2.021978 0.426630
v 16.969988 2.087033 0.555403
v 16.983038 2.033443 0.730189
v 17.019421 1.912203 0.790547
v 15.322124 -0.795019 -1.910289
v 15.350860 -0.928641 -1.950823
v 17.018789 -0.795019 -1.910289
v 16.990200 -0.928640 -1.950822
v 15.349220 -0.416210 -2.024113
v 15.377622 -0.323042 -2.134308
v 16.982176 -0.323493 -2.169752
v 17.017427 -0.417277 -2.072769
v 15.322124 -1.910290 0.795019
v 15.350860 -1.950823 0.928640
v 17.018789 -1.910290 0.795019
v 16.990200 -1.950823 0.928641
v 15.349220 -2.024113 0.416210
v 15.377622 -2.134309 0.323042
v 16.982176 -2.169753 0.323494
v 17.017427 -2.072770 0.417278
v 15.322124 0.795020 1.910289
v 15.350860 0.928642 1.950823
v 17.018789 0.795020 1.910290
v 16.990200 0.928642 1.950823
v 15.349220 0.416211 2.024113
v 15.377622 0.323043 2.134308
v 16.982176 0.323494 2.169754
v 17.017427 0.417279 2.072771
v 15.322124 1.910289 -0.795021
v 15.350860 1.950823 -0.928643
v 17.018789 1.910289 -0.795021
v 16.990200 1.950823 -0.928642
v 15.349220 2.024113 -0.416212
v 15.377622 2.134309 -0.323044
v 16.982176 2.169753 -0.323495
v 17.017427 2.072771 -0.417279
vn 0.7298 -0.0000 -0.6836
vn 0.6857 -0.0000 -0.7279
vn 0.6857 -0.1420 -0.7139
vn 0.7298 -0.1334 -0.6705
vn 0.4482 0.8767 -0.1744
vn 0.4482 0.8259 -0.3421
vn 0.3701 0.8583 -0.3555
vn 0.3701 0.9111 -0.1812
vn 0.7298 0.1334 -0.6705
vn 0.6857 0.1420 -0.7139
vn 0.6857 -0.2785 -0.6725
vn 0.7298 -0.2616 -0.6316
vn 0.6857 -0.4044 -0.6052
vn 0.7298 -0.3798 -0.5684
vn 0.6857 -0.5147 -0.5147
vn 0.7298 -0.4834 -0.4834
vn 0.6857 -0.6052 -0.4044
vn 0.7298 -0.5684 -0.3798
vn -0.7298 -0.3798 -0.5684
vn -0.7298 -0.4834 -0.4834
vn -0.7298 -0.5684 -0.3798
vn -0.7298 -0.2616 -0.6316
vn -0.6857 -0.4044 -0.6052
vn -0.6857 -0.5147 -0.5147
vn -0.6857 -0.2785 -0.6725
vn -0.6857 -0.1420 -0.7139
vn -0.7298 -0.1334 -0.6705
vn -0.6857 -0.0000 -0.7279
vn -0.7298 -0.0000 -0.6836
vn -0.7298 0.1334 -0.6705
vn -0.6857 0.1420 -0.7139
vn -0.6857 -0.6052 -0.4044
vn -0.7298 -0.6316 -0.2616
vn 0.7298 -0.6316 -0.2616
vn 0.6857 -0.6725 -0.2785
vn -0.7298 -0.6705 -0.1334
vn 0.7298 -0.6705 -0.1334
vn 0.6857 -0.7139 -0.1420
vn -0.6857 -0.6725 -0.2785
vn -0.6857 -0.7139 -0.1420
vn -0.7298 -0.6836 -0.0000
vn 0.7298 -0.6836 -0.0000
vn -0.6857 -0.7279 -0.0000
vn -0.6857 -0.7139 0.1420
vn -0.7298 -0.6705 0.1334
vn 0.7298 -0.6705 0.1334
vn -0.7298 -0.6316 0.2616
vn 0.7298 -0.6316 0.2616
vn -0.6857 -0.6725 0.2785
vn 0.6857 -0.7139 0.1420
vn 0.6857 -0.6725 0.2785
vn 0.6857 -0.7279 -0.0000
vn -0.7298 0.2616 -0.6316
vn 0.7298 0.2616 -0.6316
vn -0.6857 0.2785 -0.6725
vn -0.7298 0.3798 -0.5684
vn 0.7298 0.3798 -0.5684
vn -0.6857 0.4044 -0.6052
vn 0.6857 0.2785 -0.6725
vn 0.6857 0.4044 -0.6052
vn -0.7298 0.4834 -0.4834
vn 0.7298 0.4834 -0.4834
vn 0.6857 0.5147 -0.5147
vn -0.6857 0.5147 -0.5147
vn -0.7298 0.5684 -0.3798
vn 0.7298 0.5684 -0.3798
vn 0.6857 0.6052 -0.4044
vn -0.7298 0.6316 -0.2616
vn 0.7298 0.6316 -0.2616
vn 0.6857 0.6725 -0.2785
vn -0.6857 0.6052 -0.4044
vn -0.6857 0.6725 -0.2785
vn -0.7298 0.6705 -0.1334
vn 0.7298 0.6705 -0.1334
vn -0.6857 0.7139 -0.1420
vn 0.6857 0.7139 -0.1420
vn -0.7298 0.6836 -0.0000
vn 0.7298 0.6836 -0.0000
vn -0.6857 0.7279 -0.0000
vn 0.6857 0.7279 -0.0000
vn 0.7298 0.6705 0.1334
vn 0.6857 0.7139 0.1420
vn 0.7298 0.6316 0.2616
vn 0.6857 0.6725 0.2785
vn -0.7298 0.6316 0.2616
vn -0.7298 0.6705 0.1334
vn -0.6857 0.7139 0.1420
vn -0.6857 0.6725 0.2785
vn 0.6857 0.6052 0.4044
vn 0.7298 0.5684 0.3798
vn -0.7298 0.5684 0.3798
vn -0.6857 0.6052 0.4044
vn -0.7298 0.4834 0.4834
vn 0.7298 0.4834 0.4834
vn 0.6857 0.5147 0.5147
vn -0.7298 0.3798 0.5684
vn 0.7298 0.3798 0.5684
vn 0.6857 0.4044 0.6052
vn -0.6857 0.5147 0.5147
vn -0.6857 0.4044 0.6052
vn -0.7298 0.2616 0.6316
vn 0.7298 0.2616 0.6316
vn -0.6857 0.2785 0.6725
vn -0.7298 0.1334 0.6705
vn 0.7298 0.1334 0.6705
vn -0.6857 0.1420 0.7139
vn 0.6857 0.2785 0.6725
vn 0.6857 0.1420 0.7139
vn 0.6857 -0.0000 0.7279
vn 0.7298 -0.0000 0.6836
vn -0.6857 -0.0000 0.7279
vn 0.6857 -0.1420 0.7139
vn 0.7298 -0.1334 0.6705
vn -0.6857 -0.1420 0.7139
vn -0.7298 -0.1334 0.6705
vn -0.7298 -0.0000 0.6836
vn 0.6857 -0.2785 0.6725
vn 0.7298 -0.2616 0.6316
vn -0.7298 -0.2616 0.6316
vn -0.6857 -0.2785 0.6725
vn -0.7298 -0.3798 0.5684
vn 0.7298 -0.3798 0.5684
vn 0.6857 -0.4044 0.6052
vn 0.6857 -0.5147 0.5147
vn 0.7298 -0.4834 0.4834
vn -0.7298 -0.4834 0.4834
vn -0.6857 -0.4044 0.6052
vn -0.6857 -0.5147 0.5147
vn -0.6857 -0.6052 0.4044
vn -0.7298 -0.5684 0.3798
vn 0.7298 -0.5684 0.3798
vn 0.6857 -0.6052 0.4044
vn 0.4482 0.8939 -0.0000
vn 0.3701 0.9290 -0.0000
vn -0.4482 0.3421 -0.8259
vn -0.4482 0.4966 -0.7433
vn -0.0000 0.5556 -0.8315
vn -0.0000 0.3827 -0.9239
vn -0.4482 0.6321 -0.6321
vn -0.0000 0.7071 -0.7071
vn -0.4482 0.7433 -0.4966
vn -0.0000 0.8315 -0.5556
vn 0.4482 0.6321 -0.6321
vn 0.4482 0.4966 -0.7433
vn 0.3701 0.5161 -0.7724
vn 0.3701 0.6569 -0.6569
vn 0.4482 0.3421 -0.8259
vn 0.4482 0.1744 -0.8767
vn 0.3701 0.1812 -0.9111
vn 0.3701 0.3555 -0.8583
vn 0.4482 -0.8939 -0.0000
vn 0.4482 -0.8767 0.1744
vn 0.3701 -0.9111 0.1812
vn 0.3701 -0.9290 -0.0000
vn 0.9984 -0.0193 -0.0538
vn 0.9886 -0.1253 -0.0838
vn -0.9984 0.0538 -0.0192
vn -0.9984 -0.0340 -0.0459
vn 0.4482 -0.8259 0.3421
vn 0.3701 -0.8583 0.3555
vn -0.2577 -0.8034 -0.5368
vn -0.2577 -0.6832 -0.6832
vn 0.2577 -0.6832 -0.6832
vn 0.2577 -0.8034 -0.5368
vn 0.9886 -0.1066 -0.1066
vn 0.4199 -0.5406 -0.7290
vn 0.3807 0.7427 -0.5508
vn -0.3807 0.7427 -0.5508
vn -0.4199 -0.5406 -0.7290
vn 0.4482 -0.6321 -0.6321
vn 0.4482 -0.7433 -0.4966
vn 0.3701 -0.7724 -0.5161
vn 0.3701 -0.6569 -0.6569
vn -0.9984 -0.0459 0.0340
vn -0.9984 -0.0193 -0.0538
vn -0.9989 0.0431 -0.0154
vn -0.9989 0.0273 0.0368
vn -0.9886 0.0837 -0.1253
vn 0.4482 -0.4966 -0.7433
vn 0.3701 -0.5161 -0.7724
vn 0.9984 -0.0340 -0.0459
vn 0.9984 0.0538 -0.0193
vn 0.4482 0.4966 0.7433
vn 0.4482 0.6321 0.6321
vn 0.3701 0.6569 0.6569
vn 0.3701 0.5161 0.7724
vn 0.4482 -0.3421 -0.8259
vn 0.3701 -0.3555 -0.8583
vn 0.4482 0.7433 0.4966
vn 0.4482 0.8259 0.3421
vn 0.3701 0.8583 0.3555
vn 0.3701 0.7724 0.5161
vn 0.4482 -0.1744 -0.8767
vn 0.3701 -0.1812 -0.9111
vn 0.7299 -0.2616 -0.6316
vn 0.9984 -0.0565 -0.0084
vn 0.9984 0.0244 -0.0517
vn 0.9984 0.0517 0.0244
vn 0.9984 0.0084 -0.0565
vn 0.9989 -0.0453 -0.0067
vn 0.9989 -0.0196 0.0414
vn -0.9984 0.0538 -0.0193
vn -0.9989 0.0154 0.0431
vn -0.9989 -0.0368 0.0273
vn -1.0000 -0.0000 -0.0000
vn -0.9474 0.3201 -0.0000
vn -0.9474 0.3139 -0.0624
vn -0.2577 -0.0000 -0.9662
vn -0.3807 -0.5508 -0.7427
vn 0.3807 -0.5508 -0.7427
vn 0.2577 -0.0000 -0.9662
vn -0.9984 0.0084 -0.0565
vn -0.9886 0.1066 -0.1066
vn 0.9267 0.0733 0.3685
vn 0.9267 -0.0000 0.3757
vn 0.7031 -0.0000 0.7111
vn 0.7031 0.1387 0.6974
vn 0.9886 -0.0294 -0.1479
vn -0.2577 -0.1885 -0.9477
vn 0.2577 -0.1885 -0.9477
vn -0.4482 -0.4966 0.7433
vn -0.4482 -0.6321 0.6321
vn -0.0000 -0.7071 0.7071
vn -0.0000 -0.5556 0.8315
vn -0.9886 0.0838 -0.1253
vn -0.9474 -0.2661 0.1778
vn -0.9474 -0.2263 0.2263
vn -0.4482 0.8259 0.3421
vn -0.4482 0.7433 0.4966
vn -0.0000 0.8315 0.5556
vn -0.0000 0.9239 0.3827
vn -0.3807 -0.3954 0.8359
vn -0.2577 0.1885 0.9477
vn 0.2577 0.1885 0.9477
vn 0.3807 -0.3953 0.8359
vn -0.9474 -0.0624 0.3139
vn -0.9474 -0.0000 0.3201
vn -0.4482 -0.7433 0.4966
vn -0.0000 -0.8315 0.5556
vn 0.4717 -0.8648 0.1720
vn 0.4717 -0.8818 -0.0000
vn 0.4274 -0.9041 -0.0000
vn 0.4274 -0.8867 0.1764
vn 0.2577 0.9662 -0.0000
vn 0.2577 0.9477 -0.1885
vn -0.2577 0.9477 -0.1885
vn -0.2577 0.9662 -0.0000
vn -0.4482 -0.8259 0.3421
vn -0.0000 -0.9239 0.3827
vn -0.4482 0.6321 0.6321
vn -0.0000 0.7071 0.7071
vn -0.2577 0.6832 -0.6832
vn -0.3807 0.1357 -0.9147
vn 0.3807 0.1357 -0.9147
vn 0.2577 0.6832 -0.6832
vn -0.3807 0.8359 0.3953
vn 0.3807 0.8359 0.3954
vn 0.4482 -0.0000 -0.8939
vn 0.3701 -0.0000 -0.9290
vn -0.4482 -0.8767 0.1744
vn -0.0000 -0.9808 0.1951
vn -0.4482 0.4966 0.7433
vn -0.0000 0.5556 0.8315
vn 0.9989 -0.0067 0.0453
vn 0.9989 0.0414 0.0196
vn -0.4199 -0.8545 0.3057
vn -0.3807 0.3115 0.8706
vn 0.3807 0.3115 0.8706
vn 0.4199 -0.8545 0.3058
vn -0.4482 0.3421 0.8259
vn -0.0000 0.3827 0.9239
vn -0.2577 -0.0000 0.9662
vn 0.2577 -0.0000 0.9662
vn -0.9474 0.1778 0.2661
vn -0.9474 0.2263 0.2263
vn 0.4717 -0.1720 -0.8648
vn 0.4717 -0.0000 -0.8818
vn 0.4274 -0.0000 -0.9041
vn 0.4274 -0.1764 -0.8867
vn -0.3807 -0.9147 -0.1357
vn -0.4199 -0.1332 0.8978
vn 0.4199 -0.1332 0.8978
vn 0.3807 -0.9147 -0.1357
vn -0.9984 -0.0244 0.0517
vn -0.9984 0.0565 0.0084
vn -0.4482 -0.3421 0.8259
vn -0.0000 -0.3827 0.9239
vn -0.2577 -0.9477 0.1885
vn -0.2577 -0.9662 -0.0000
vn 0.2577 -0.9662 -0.0000
vn 0.2577 -0.9477 0.1885
vn -0.9886 0.1066 0.1066
vn -0.9886 0.1253 0.0838
vn 0.4482 -0.3421 0.8259
vn 0.4482 -0.1744 0.8767
vn 0.3701 -0.1812 0.9111
vn 0.3701 -0.3555 0.8583
vn -0.3807 0.5508 0.7427
vn -0.4199 0.7290 -0.5406
vn 0.4199 0.7290 -0.5406
vn 0.3807 0.5508 0.7427
vn -0.4482 -0.1744 0.8767
vn -0.0000 -0.1951 0.9808
vn -0.3807 -0.8706 0.3115
vn -0.2577 -0.5368 0.8034
vn 0.2577 -0.5368 0.8034
vn 0.3807 -0.8706 0.3115
vn 0.4482 -0.4966 0.7433
vn 0.3701 -0.5161 0.7724
vn -0.4482 -0.0000 -0.8939
vn -0.4482 0.1744 -0.8767
vn -0.0000 0.1951 -0.9808
vn -0.0000 -0.0000 -1.0000
vn -0.9989 -0.0414 -0.0196
vn -0.9990 0.0067 -0.0453
vn -0.4482 0.1744 0.8767
vn -0.0000 0.1951 0.9808
vn 0.9984 -0.0538 0.0193
vn 0.9984 0.0340 0.0459
vn 0.9990 0.0368 -0.0273
vn 0.9990 -0.0154 -0.0431
vn 0.3808 -0.8706 0.3115
vn 0.4482 -0.6321 0.6321
vn 0.3701 -0.6569 0.6569
vn -0.4482 -0.1744 -0.8767
vn -0.0000 -0.1951 -0.9808
vn -0.4482 -0.0000 0.8939
vn -0.0000 -0.0000 1.0000
vn -0.9886 -0.0000 0.1507
vn -0.9886 0.0294 0.1479
vn 0.3807 -0.3115 -0.8706
vn -0.3807 -0.3115 -0.8706
vn 0.4482 -0.7433 0.4966
vn 0.3701 -0.7724 0.5161
vn 0.4482 0.3421 0.8259
vn 0.3701 0.3555 0.8583
vn -0.9474 0.2661 0.1778
vn -0.9474 0.2957 0.1225
vn 0.4717 0.4899 0.7332
vn 0.4717 0.3374 0.8147
vn 0.4274 0.3460 0.8353
vn 0.4274 0.5023 0.7517
vn -0.4482 -0.3421 -0.8259
vn -0.0000 -0.3827 -0.9239
vn -0.9474 0.2957 -0.1225
vn -0.2577 0.8034 0.5368
vn 0.2577 0.8034 0.5368
vn -0.4482 0.8259 -0.3421
vn -0.4482 0.8767 -0.1744
vn -0.0000 0.9808 -0.1951
vn -0.0000 0.9239 -0.3827
vn 0.4482 0.1744 0.8767
vn 0.3701 0.1812 0.9111
vn 0.3808 -0.9147 -0.1357
vn 0.4482 -0.0000 0.8939
vn 0.3701 -0.0000 0.9290
vn -0.4482 -0.4966 -0.7433
vn -0.0000 -0.5556 -0.8315
vn -0.2577 -0.6832 0.6832
vn 0.2577 -0.6832 0.6832
vn -0.4482 -0.6321 -0.6321
vn -0.0000 -0.7071 -0.7071
vn -0.9474 0.2661 -0.1778
vn -0.9474 0.2263 -0.2263
vn -0.3807 -0.7427 0.5508
vn -0.4199 0.5406 0.7290
vn 0.4199 0.5406 0.7290
vn 0.3807 -0.7427 0.5508
vn 0.4482 0.8767 0.1744
vn 0.3701 0.9111 0.1812
vn 0.9984 -0.0517 -0.0244
vn 0.9984 -0.0084 0.0565
vn 0.9989 0.0453 0.0067
vn 0.9989 0.0196 -0.0414
vn 0.4482 -0.8259 -0.3421
vn 0.3701 -0.8583 -0.3555
vn 0.3807 0.3954 -0.8359
vn 0.4199 0.8204 0.3880
vn -0.4199 0.8204 0.3880
vn -0.3808 0.3954 -0.8359
vn 0.4482 -0.8767 -0.1744
vn 0.3701 -0.9111 -0.1812
vn -0.3807 -0.1357 0.9147
vn 0.3807 -0.1357 0.9147
vn -0.4482 -0.8939 -0.0000
vn -0.4482 -0.8767 -0.1744
vn -0.0000 -0.9808 -0.1951
vn -0.0000 -1.0000 -0.0000
vn -0.4199 0.8978 0.1332
vn 0.4199 0.8977 0.1332
vn 0.3808 -0.1357 0.9147
vn -0.3807 -0.8359 -0.3953
vn 0.3807 -0.8359 -0.3954
vn -0.4482 -0.8259 -0.3421
vn -0.0000 -0.9239 -0.3827
vn -0.4482 0.8767 0.1744
vn -0.0000 0.9808 0.1951
vn 0.4482 0.7433 -0.4966
vn 0.3701 0.7724 -0.5161
vn -0.9474 -0.0000 -0.3201
vn -0.9474 -0.0624 -0.3139
vn -0.4482 -0.7433 -0.4966
vn -0.0000 -0.8315 -0.5556
vn -0.4482 0.8939 -0.0000
vn -0.0000 1.0000 -0.0000
vn -0.9474 -0.1225 -0.2957
vn 0.9474 0.1778 -0.2661
vn 0.9474 0.2263 -0.2263
vn -0.9474 -0.2263 -0.2263
vn -0.9474 -0.2661 -0.1778
vn 0.9267 0.3124 0.2087
vn 0.9267 0.2656 0.2656
vn 0.7031 0.5028 0.5028
vn 0.7031 0.5913 0.3951
vn 0.9474 -0.0000 -0.3201
vn 0.9474 0.0624 -0.3139
vn 0.9474 -0.3139 0.0624
vn 0.9474 -0.3201 -0.0000
vn 0.9474 -0.1225 -0.2957
vn 0.9474 -0.0624 -0.3139
vn 0.9474 0.3139 -0.0624
vn 0.9474 0.3201 -0.0000
vn 0.9474 -0.2661 0.1778
vn 0.9474 -0.2957 0.1225
vn -0.9474 0.1778 -0.2661
vn 0.9474 0.2661 0.1778
vn 0.9474 0.2263 0.2263
vn 0.9474 0.0624 0.3139
vn 0.9474 -0.0000 0.3201
vn 0.9474 0.2957 0.1225
vn -0.9474 -0.2957 0.1225
vn 0.9474 0.1225 0.2957
vn -0.9474 0.1225 -0.2957
vn -0.9474 0.0624 -0.3139
vn 0.9474 0.1778 0.2661
vn -0.9474 0.3139 0.0624
vn -0.9474 -0.1778 0.2661
vn -0.9474 -0.2957 -0.1225
vn -0.9474 -0.1778 -0.2661
vn 0.9474 -0.2263 0.2263
vn -0.9474 -0.1225 0.2957
vn -0.9474 -0.3139 0.0624
vn -0.9474 -0.3139 -0.0624
vn -0.9474 -0.3201 -0.0000
vn 0.9474 -0.1778 0.2661
vn -0.9474 0.0624 0.3139
vn -0.9474 0.1225 0.2957
vn 0.9474 -0.1225 0.2957
vn 0.9474 -0.3139 -0.0624
vn 0.9474 -0.0624 0.3139
vn 0.9474 0.1225 -0.2957
vn 0.9474 -0.2263 -0.2263
vn 0.9474 -0.1778 -0.2661
vn 0.9474 -0.2661 -0.1778
vn 0.9474 -0.2957 -0.1225
vn 0.9474 0.3139 0.0624
vn 0.9474 0.2957 -0.1225
vn 0.9474 0.2661 -0.1778
vn 0.4199 0.8545 -0.3057
vn -0.4199 0.8545 -0.3058
vn -0.4199 0.3880 -0.8204
vn -0.3808 -0.8359 -0.3954
vn 0.4199 0.3880 -0.8204
vn 0.9984 -0.0459 0.0340
vn 0.9989 0.0273 0.0368
vn 0.9989 0.0431 -0.0154
vn 0.9984 0.0538 -0.0192
vn 0.9989 -0.0368 0.0273
vn 0.9989 0.0154 0.0431
vn 0.9267 0.3685 0.0733
vn 0.9267 0.3471 0.1438
vn 0.7031 0.6570 0.2721
vn 0.7031 0.6974 0.1387
vn 0.9267 -0.0733 0.3685
vn 0.9267 -0.1438 0.3471
vn 0.7031 -0.2721 0.6570
vn 0.7031 -0.1387 0.6974
vn -0.4199 0.3058 0.8545
vn -0.3807 0.8706 -0.3115
vn 0.3807 0.8706 -0.3115
vn 0.4199 0.3058 0.8545
vn 0.9267 -0.1438 -0.3471
vn 0.9267 -0.0733 -0.3685
vn 0.7031 -0.1387 -0.6974
vn 0.7031 -0.2721 -0.6570
vn 0.9267 0.2087 -0.3124
vn 0.9267 0.2656 -0.2656
vn 0.7031 0.5028 -0.5028
vn 0.7031 0.3951 -0.5913
vn 0.9267 0.3124 -0.2087
vn 0.9267 0.3471 -0.1438
vn 0.7031 0.6570 -0.2721
vn 0.7031 0.5913 -0.3951
vn 0.9886 0.1479 -0.0294
vn 0.9886 0.1508 -0.0000
vn 0.9267 -0.3124 0.2087
vn 0.9267 -0.3471 0.1438
vn 0.7031 -0.6570 0.2721
vn 0.7031 -0.5913 0.3951
vn 0.9267 -0.3471 -0.1438
vn 0.9267 -0.3124 -0.2087
vn 0.7031 -0.5913 -0.3951
vn 0.7031 -0.6570 -0.2721
vn 0.4717 0.6235 -0.6235
vn 0.4717 0.7332 -0.4899
vn 0.4274 0.7517 -0.5023
vn 0.4274 0.6393 -0.6393
vn 0.9267 -0.2656 0.2656
vn 0.7031 -0.5028 0.5028
vn -0.9235 -0.3763 0.0748
vn -0.9235 -0.3545 0.1468
vn 0.9267 0.0733 -0.3685
vn 0.9267 0.1438 -0.3471
vn 0.7031 0.2721 -0.6570
vn 0.7031 0.1387 -0.6974
vn 0.4717 0.8648 -0.1720
vn 0.4717 0.8818 -0.0000
vn 0.4274 0.9041 -0.0000
vn 0.4274 0.8867 -0.1764
vn 0.9267 0.2087 0.3124
vn 0.7031 0.3951 0.5913
vn 0.9267 -0.0000 -0.3757
vn 0.7031 -0.0000 -0.7111
vn 0.4717 -0.7332 -0.4899
vn 0.4717 -0.6235 -0.6235
vn 0.4274 -0.6393 -0.6393
vn 0.4274 -0.7517 -0.5023
vn 0.4717 0.3374 -0.8147
vn 0.4717 0.4899 -0.7332
vn 0.4274 0.5023 -0.7517
vn 0.4274 0.3460 -0.8353
vn 0.9267 0.1438 0.3471
vn 0.7031 0.2721 0.6570
vn 0.9886 -0.1479 0.0294
vn 0.9886 -0.1508 -0.0000
vn 0.9267 -0.3685 -0.0733
vn 0.7031 -0.6974 -0.1387
vn 0.4717 -0.0000 0.8818
vn 0.4717 -0.1720 0.8648
vn 0.4274 -0.1764 0.8867
vn 0.4274 -0.0000 0.9041
vn 0.9267 -0.3685 0.0733
vn 0.7031 -0.6974 0.1387
vn -0.2577 0.5368 -0.8034
vn 0.2577 0.5368 -0.8034
vn 0.9267 -0.2087 -0.3124
vn 0.7031 -0.3951 -0.5913
vn 0.9267 -0.3757 -0.0000
vn 0.7031 -0.7111 -0.0000
vn 0.9267 0.3685 -0.0733
vn 0.7031 0.6974 -0.1387
vn 0.3548 0.3578 0.8638
vn 0.3548 0.1824 0.9170
vn 0.3548 0.8638 -0.3578
vn 0.3548 0.9170 -0.1824
vn 0.3548 -0.0000 0.9349
vn 0.3548 0.9349 -0.0000
vn 0.3548 -0.1824 0.9170
vn 0.3548 -0.7774 -0.5194
vn 0.3548 -0.6611 -0.6611
vn 0.3548 -0.3578 0.8638
vn 0.3548 -0.5194 0.7774
vn 0.3548 -0.8638 -0.3578
vn 0.3548 -0.5194 -0.7774
vn 0.3548 -0.6611 0.6611
vn 0.3548 -0.9349 -0.0000
vn 0.3548 -0.9170 -0.1824
vn 0.3548 -0.3578 -0.8638
vn 0.3548 -0.7774 0.5194
vn 0.3548 -0.1824 -0.9170
vn 0.3548 -0.8638 0.3578
vn 0.3548 -0.9170 0.1824
vn 0.3548 -0.0000 -0.9349
vn 0.3548 0.1824 -0.9170
vn 0.3548 0.9170 0.1824
vn 0.3548 0.8638 0.3578
vn 0.3548 0.5194 -0.7774
vn 0.3548 0.6611 -0.6611
vn 0.3548 0.6611 0.6611
vn 0.3548 0.5194 0.7774
vn 0.3548 0.3578 -0.8638
vn 0.3548 0.7774 0.5194
vn 0.3548 0.7774 -0.5194
vn 0.4717 0.6235 0.6235
vn 0.4717 0.7332 0.4899
vn 0.4717 0.8147 0.3374
vn 0.4717 0.1720 -0.8648
vn 0.4717 -0.8147 -0.3374
vn 0.4717 -0.8648 -0.1720
vn 0.4717 -0.8147 0.3374
vn 0.4717 -0.7332 0.4899
vn 0.4717 -0.6235 0.6235
vn 0.4717 -0.4899 0.7332
vn 0.4717 0.1720 0.8648
vn 0.4717 -0.3374 0.8147
vn 0.4717 -0.4899 -0.7332
vn 0.4717 -0.3374 -0.8147
vn 0.4717 0.8147 -0.3374
vn 0.4717 0.8648 0.1720
vn 0.9267 0.3757 -0.0000
vn 0.7031 0.7111 -0.0000
vn 0.7299 0.3798 0.5684
vn 0.9886 0.0838 -0.1253
vn -0.9911 -0.0943 -0.0943
vn -0.9886 0.0838 0.1253
vn -0.9911 0.1308 -0.0260
vn -0.9911 0.1334 -0.0000
vn -0.9886 -0.1508 -0.0000
vn -0.9886 -0.1479 0.0294
vn 0.9911 -0.0943 -0.0943
vn 0.9911 -0.1109 -0.0741
vn 0.9886 0.1253 0.0837
vn 0.9886 0.1066 0.1066
vn -0.9886 -0.1066 0.1066
vn -0.9886 -0.0838 0.1253
vn -0.9911 -0.1308 0.0260
vn -0.9911 -0.1334 -0.0000
vn -0.9886 0.1508 -0.0000
vn -0.9886 0.1479 -0.0294
vn -0.3807 0.9147 0.1357
vn -0.4199 0.1332 -0.8978
vn 0.4199 0.1332 -0.8978
vn 0.3807 0.9147 0.1357
vn -0.4199 -0.3058 -0.8545
vn 0.4199 -0.3058 -0.8545
vn -0.9989 -0.0273 -0.0368
vn -0.9989 -0.0431 0.0154
vn -0.9886 0.1393 0.0577
vn -0.9886 0.1479 0.0294
vn 0.9886 0.0294 0.1478
vn 0.9886 -0.0000 0.1507
vn -0.9911 0.1109 0.0741
vn -0.9911 0.0943 0.0943
vn -0.9886 -0.1066 -0.1066
vn -0.9886 -0.1254 -0.0838
vn -0.4199 -0.8204 -0.3880
vn 0.3807 -0.3954 0.8359
vn 0.4199 -0.8204 -0.3880
vn -0.9886 -0.1393 -0.0577
vn 0.9984 -0.0244 0.0517
vn -0.9984 0.0244 -0.0516
vn -0.9984 -0.0565 -0.0084
vn -0.9984 -0.0538 0.0193
vn -0.9886 -0.0000 -0.1507
vn -0.9886 -0.0294 -0.1479
vn -0.9984 0.0340 0.0459
vn -0.9989 -0.0154 -0.0431
vn -0.9989 0.0368 -0.0273
vn -0.9984 -0.0084 0.0565
vn -0.9984 -0.0517 -0.0244
vn -0.9989 0.0196 -0.0414
vn -0.9989 0.0453 0.0067
vn -0.9886 -0.1479 -0.0294
vn -0.9911 -0.0260 -0.1308
vn -0.9911 -0.0000 -0.1334
vn 0.9984 0.0459 -0.0340
vn -0.9886 -0.0294 0.1479
vn 0.9911 0.0943 0.0943
vn 0.9911 0.1109 0.0741
vn -0.9984 0.0459 -0.0340
vn -0.9886 0.1507 -0.0000
vn 0.9886 -0.0838 -0.1253
vn 0.9911 -0.0741 0.1109
vn 0.9990 0.0154 0.0431
vn 0.9886 0.0577 -0.1393
vn 0.9886 0.0837 -0.1253
vn -0.9911 0.0741 -0.1109
vn -0.9911 0.0943 -0.0943
vn -0.9886 -0.0837 0.1253
vn 0.9911 -0.0943 0.0943
vn 0.9886 0.1066 -0.1066
vn 0.9886 0.1253 -0.0837
vn -0.9886 -0.1253 -0.0838
vn -0.9984 0.0517 0.0244
vn -0.9989 -0.0196 0.0414
vn -0.9989 -0.0453 -0.0067
vn 0.9984 0.0565 0.0084
vn 0.9989 0.0067 -0.0453
vn 0.9989 -0.0414 -0.0196
vn -0.9886 -0.1253 0.0838
vn 0.9886 0.1253 0.0838
vn -0.9990 0.0414 0.0196
vn -0.9990 -0.0067 0.0453
vn 0.9911 -0.1334 -0.0000
vn 0.9911 -0.1308 0.0260
vn 0.9886 0.1507 -0.0000
vn -0.9886 0.0577 -0.1393
vn -0.9886 0.0294 -0.1478
vn 0.9886 0.1393 -0.0577
vn -0.9990 0.0196 -0.0414
vn 0.9911 -0.0000 0.1334
vn 0.9911 0.0260 0.1308
vn 0.9886 -0.0000 -0.1508
vn -0.9886 -0.0000 -0.1508
vn 0.9984 0.0193 0.0538
vn -0.9984 0.0244 -0.0517
vn 0.4199 -0.1332 0.8977
vn -0.3807 0.3954 -0.8359
vn 0.9886 -0.1478 0.0294
vn 0.9886 -0.1507 -0.0000
vn -0.9984 0.0193 0.0538
vn 0.9886 -0.0837 0.1253
vn -0.4199 0.3057 0.8545
vn 0.4199 -0.7290 0.5406
vn 0.3808 -0.5508 -0.7427
vn -0.4199 -0.7290 0.5407
vn -0.3808 0.3115 0.8706
vn -0.3808 0.7427 -0.5508
vn 0.9886 -0.1066 0.1066
vn 0.9886 -0.0838 0.1254
vn 0.9984 -0.0538 0.0192
vn 0.9886 0.0294 0.1479
vn 0.9886 -0.0000 0.1508
vn -0.4199 -0.3880 0.8204
vn 0.4199 -0.3880 0.8204
vn 0.9886 -0.0000 -0.1507
vn -0.4199 -0.8977 -0.1332
vn 0.4199 -0.8978 -0.1332
vn 0.4199 -0.8977 -0.1332
vn -0.2577 0.6832 0.6832
vn -0.3808 0.9147 0.1357
vn 0.2577 0.6832 0.6832
vn 0.3808 0.8359 0.3954
vn -0.3807 0.8359 0.3954
vn 0.9886 0.1254 0.0838
vn -0.4199 0.1332 -0.8977
vn 0.4199 -0.3057 -0.8545
vn 0.9990 -0.0273 -0.0368
vn 0.9989 -0.0431 0.0154
vn 0.9886 0.0838 -0.1254
vn 0.9989 -0.0273 -0.0368
vn 0.9886 0.1479 0.0294
vn 0.9886 0.1393 0.0577
vn -0.9989 -0.0067 0.0453
vn -0.9989 0.0414 0.0196
vn -0.9886 -0.0577 -0.1393
vn -0.9886 -0.0838 -0.1253
vn -0.9886 0.0577 0.1393
vn -0.2659 0.9640 -0.0000
vn -0.2659 0.9455 -0.1881
vn 0.2659 0.9455 -0.1881
vn 0.2659 0.9640 -0.0000
vn 0.9886 0.1254 -0.0838
vn -0.9911 -0.1109 -0.0741
vn -0.9886 -0.0577 0.1393
vn 0.9886 0.0837 0.1253
vn 0.9886 0.0577 0.1393
vn -0.9886 0.0294 0.1478
vn 0.9886 -0.1393 -0.0577
vn -0.2659 0.1881 0.9455
vn 0.2659 0.1881 0.9455
vn -0.2659 -0.5356 0.8015
vn 0.2659 -0.5356 0.8015
vn -0.2659 0.6816 -0.6816
vn -0.2659 0.5356 -0.8015
vn 0.2659 0.5356 -0.8015
vn 0.2659 0.6816 -0.6816
vn 0.9990 0.0414 0.0196
vn 0.9990 -0.0067 0.0453
vn 0.9886 -0.0577 -0.1393
vn 0.4199 0.8978 0.1332
vn 0.9886 0.0294 -0.1479
vn 0.9911 0.0943 -0.0943
vn 0.9886 -0.1253 0.0837
vn -0.2659 -0.1881 -0.9455
vn 0.2659 -0.1881 -0.9455
vn -0.2659 -0.9455 0.1881
vn 0.2659 -0.9455 0.1881
vn -0.2659 -0.0000 -0.9640
vn 0.2659 -0.0000 -0.9640
vn -0.2659 0.8015 0.5356
vn 0.2659 0.8015 0.5356
vn -0.2659 -0.9640 -0.0000
vn 0.2659 -0.9640 -0.0000
vn -0.9886 0.0294 -0.1479
vn 0.2659 0.6816 0.6816
vn -0.2659 0.6816 0.6816
vn -0.2659 -0.6816 0.6816
vn 0.2659 -0.6816 0.6816
vn -0.9886 0.1393 -0.0577
vn -0.9886 0.1253 -0.0838
vn -0.2659 -0.8015 -0.5356
vn 0.2659 -0.8015 -0.5356
vn 0.2659 0.6816 -0.6817
vn -0.2659 -0.6816 -0.6816
vn 0.2659 -0.6816 -0.6816
vn -0.2577 0.5368 0.8034
vn 0.2577 0.5368 0.8034
vn -0.9911 0.0260 0.1308
vn -0.9886 -0.0294 -0.1478
vn -0.9886 -0.1393 0.0577
vn 0.9886 -0.1254 0.0838
vn 0.9886 -0.1393 0.0577
vn 0.2659 -0.0000 0.9640
vn -0.2659 -0.0000 0.9640
vn -0.9911 -0.0741 0.1109
vn -0.9911 -0.0000 0.1334
vn -0.9886 0.1478 -0.0294
vn -0.9886 -0.1253 -0.0837
vn -0.9886 -0.0000 0.1508
vn -0.9989 0.0067 -0.0453
vn 0.9911 0.0741 -0.1109
vn 0.9886 -0.0577 0.1393
vn -0.9911 -0.0943 0.0943
vn 0.9886 0.1254 0.0837
vn -0.9886 0.1254 -0.0838
vn 0.9911 -0.0000 -0.1333
vn 0.9911 -0.0260 -0.1308
vn 0.9886 -0.0294 0.1479
vn -0.9886 0.1254 0.0838
vn 0.9911 0.1334 -0.0000
vn 0.9886 -0.1479 -0.0294
vn -0.2577 0.9477 0.1885
vn 0.2577 0.9477 0.1885
vn 0.2577 0.1885 -0.9477
vn -0.2577 0.1885 -0.9477
vn -0.2577 0.3698 -0.8927
vn 0.2577 0.3698 -0.8927
vn -0.2577 0.8927 -0.3698
vn 0.2577 0.8927 -0.3698
vn -0.2577 -0.8927 -0.3698
vn 0.2577 -0.8927 -0.3698
vn -0.2577 -0.9477 -0.1885
vn 0.2577 -0.9477 -0.1885
vn -0.2577 -0.5368 -0.8034
vn -0.2577 -0.3698 -0.8927
vn 0.2577 -0.3698 -0.8927
vn 0.2577 -0.5368 -0.8034
vn -0.2577 -0.8927 0.3698
vn 0.2577 -0.8927 0.3698
vn -0.2577 -0.1885 0.9477
vn -0.2577 -0.3698 0.8927
vn 0.2577 -0.3698 0.8927
vn 0.2577 -0.1885 0.9477
vn -0.2577 0.8927 0.3698
vn 0.2577 0.8927 0.3698
vn -0.2577 -0.8034 0.5368
vn 0.2577 -0.8034 0.5368
vn 0.2577 0.3698 0.8927
vn -0.2577 0.3698 0.8927
vn -0.2577 0.8034 -0.5368
vn 0.2577 0.8034 -0.5368
vn -0.4199 -0.7290 0.5406
vn 0.9886 0.0294 -0.1478
vn 0.9886 -0.0838 0.1253
vn 0.9989 -0.0154 -0.0431
vn 0.9911 0.1308 -0.0260
vn 0.9989 0.0368 -0.0273
vn 0.9911 -0.0000 -0.1334
vn 0.9990 -0.0414 -0.0196
vn 0.9990 0.0067 -0.0453
vn 0.9886 0.0838 0.1253
vn 0.9163 0.2386 0.3217
vn 0.9351 0.2846 -0.2111
vn -0.9163 -0.3962 -0.0588
vn -0.9351 -0.0520 0.3505
vn -0.9163 0.1713 -0.3621
vn -0.9351 0.3203 0.1515
vn -0.9351 -0.2846 0.2111
vn -0.9163 -0.2386 -0.3217
vn 0.9351 0.3505 0.0520
vn 0.9163 -0.0588 0.3962
vn 0.9351 0.1515 -0.3203
vn 0.9163 -0.3621 -0.1713
vn 0.9351 -0.3203 -0.1515
vn 0.9163 -0.1713 0.3621
vn 0.9351 -0.1515 0.3204
vn 0.9163 0.3621 0.1713
vn 0.9351 0.2111 0.2846
vn 0.9163 -0.3217 0.2386
vn 0.9351 0.3336 -0.1194
vn 0.9163 -0.1349 -0.3771
vn 0.9351 -0.2846 0.2111
vn 0.9163 -0.2386 -0.3217
vn 0.9351 0.1194 0.3336
vn 0.9163 0.3771 -0.1349
vn 0.9351 -0.1194 -0.3337
vn 0.9163 -0.3771 0.1349
vn 0.9163 0.0588 -0.3962
vn 0.9351 -0.3505 -0.0520
vn 0.9351 -0.3337 0.1194
vn 0.9163 0.1349 0.3771
vn 0.9351 -0.0520 0.3505
vn 0.9163 -0.3962 -0.0588
vn 0.9351 0.0520 -0.3505
vn 0.9163 0.3962 0.0588
vn -0.9351 -0.3336 0.1194
vn -0.9163 0.1349 0.3771
vn 0.9351 0.3203 0.1515
vn 0.9163 0.1713 -0.3621
vn -0.9351 -0.2111 -0.2846
vn -0.9163 0.3217 -0.2386
vn -0.9163 0.0588 -0.3962
vn -0.9351 -0.3505 -0.0520
vn -0.9351 -0.1515 0.3203
vn -0.9163 0.3621 0.1713
vn 0.9351 -0.2111 -0.2846
vn 0.9163 0.3217 -0.2386
vn 0.9351 0.1515 -0.3204
vn -0.9163 -0.1350 -0.3772
vn -0.9351 0.3337 -0.1194
vn -0.9163 0.3962 0.0588
vn -0.7770 0.4451 0.4451
vn -0.7770 0.5234 0.3497
vn -0.7770 0.4451 -0.4451
vn -0.7770 0.3497 -0.5234
vn -0.9163 0.3771 -0.1349
vn -0.7770 -0.4451 -0.4451
vn -0.7770 -0.5234 -0.3497
vn -0.9163 -0.1349 -0.3771
vn -0.9163 -0.3217 0.2386
vn -0.7770 -0.6295 -0.0000
vn -0.7770 -0.6174 0.1228
vn -0.9163 -0.3621 -0.1713
vn -0.9163 -0.0588 0.3962
vn -0.7770 -0.4451 0.4451
vn -0.7770 -0.3497 0.5234
vn -0.9163 0.2386 0.3217
vn -0.7770 -0.0000 0.6295
vn -0.7770 0.1228 0.6174
vn -0.9163 -0.1713 0.3621
vn -0.9163 -0.3771 0.1349
vn -0.7770 -0.1228 -0.6174
vn -0.7770 -0.0000 -0.6295
vn -0.7770 0.6174 -0.1228
vn -0.7770 0.6295 -0.0000
vn 0.7770 0.4451 0.4451
vn 0.7770 0.5234 0.3497
vn 0.7770 0.4451 -0.4451
vn 0.7770 0.3497 -0.5234
vn 0.7770 -0.4451 -0.4451
vn 0.7770 -0.5234 -0.3498
vn 0.7770 -0.6295 -0.0000
vn 0.7770 -0.6174 0.1228
vn 0.7770 -0.4451 0.4451
vn 0.7770 -0.3497 0.5234
vn 0.7770 -0.0000 0.6295
vn 0.7770 0.1228 0.6174
vn 0.7770 -0.1228 -0.6174
vn 0.7770 -0.0000 -0.6295
vn 0.7770 0.6174 -0.1228
vn 0.7770 0.6295 -0.0000
vn 0.7770 0.4451 0.4452
vn -0.9163 0.3621 0.1712
vn -0.9163 -0.3771 0.1350
vn -0.9163 -0.3621 -0.1712
vn -0.9351 0.0520 -0.3505
vn -0.7993 -0.4249 -0.4249
vn -0.7993 -0.4996 -0.3338
vn -0.7993 -0.4249 0.4249
vn -0.7993 -0.3338 0.4996
vn -0.9351 0.1194 0.3336
vn -0.7993 0.4249 0.4249
vn -0.7993 0.4996 0.3338
vn -0.9351 0.2111 0.2846
vn -0.7993 0.6009 -0.0000
vn -0.7993 0.5894 -0.1172
vn -0.9351 0.1515 -0.3203
vn -0.9351 0.3505 0.0520
vn -0.7993 0.4249 -0.4249
vn -0.7993 0.3338 -0.4996
vn -0.9351 0.2846 -0.2111
vn -0.7993 -0.0000 -0.6009
vn -0.7993 -0.1172 -0.5893
vn -0.9351 -0.3203 -0.1515
vn -0.9351 -0.1194 -0.3336
vn -0.7993 0.1172 0.5893
vn -0.7993 -0.0000 0.6009
vn -0.7993 -0.5893 0.1172
vn -0.7993 -0.6009 -0.0000
vn 0.7993 -0.4249 -0.4249
vn 0.7993 -0.4996 -0.3338
vn 0.7993 -0.4249 0.4249
vn 0.7993 -0.3338 0.4996
vn 0.7993 0.4249 0.4249
vn 0.7993 0.4996 0.3338
vn 0.7993 0.6009 -0.0000
vn 0.7993 0.5893 -0.1172
vn 0.7993 0.4249 -0.4249
vn 0.7993 0.3338 -0.4996
vn 0.7993 -0.0000 -0.6009
vn 0.7993 -0.1172 -0.5894
vn 0.9351 -0.1194 -0.3336
vn 0.7993 0.1172 0.5894
vn 0.7993 -0.0000 0.6009
vn 0.7993 -0.5894 0.1172
vn 0.9351 -0.1515 0.3203
vn 0.7993 -0.6009 -0.0000
vn 0.9351 0.1194 0.3337
vn 0.7993 0.5894 -0.1172
vn -0.7993 -0.5894 0.1172
vn -0.7993 -0.1172 -0.5894
vn -0.9351 -0.3337 0.1194
vn -0.7770 0.2409 0.5816
vn -0.7770 0.3497 0.5234
vn -0.7770 0.5816 0.2409
vn -0.7770 0.5234 -0.3497
vn -0.7770 0.2409 -0.5816
vn -0.7770 0.1228 -0.6174
vn -0.7770 -0.5816 -0.2409
vn -0.7770 -0.6174 -0.1228
vn -0.7770 -0.5816 0.2409
vn -0.7770 -0.5234 0.3497
vn -0.7770 -0.1228 0.6174
vn -0.7770 -0.2409 0.5816
vn -0.7770 -0.3497 -0.5234
vn -0.7770 -0.2409 -0.5816
vn -0.7770 0.5816 -0.2409
vn -0.7770 0.6174 0.1228
vn 0.7770 0.2409 0.5816
vn 0.7770 0.3497 0.5234
vn 0.7770 0.5816 0.2409
vn 0.7770 0.5234 -0.3497
vn 0.7770 0.2409 -0.5816
vn 0.7770 0.1228 -0.6174
vn 0.7770 -0.5234 -0.3497
vn 0.7770 -0.5816 -0.2409
vn 0.7770 -0.6174 -0.1228
vn 0.7770 -0.5816 0.2409
vn 0.7770 -0.5234 0.3497
vn 0.7770 -0.1228 0.6174
vn 0.7770 -0.2409 0.5816
vn 0.7770 -0.3497 -0.5234
vn 0.7770 -0.2409 -0.5816
vn 0.7770 0.5816 -0.2409
vn 0.7770 0.6174 0.1228
vn 0.7770 0.5234 -0.3498
vn 0.7770 0.4451 -0.4452
vn 0.7770 0.5234 0.3498
vn 0.7770 -0.5234 0.3498
vn -0.7770 -0.3498 -0.5234
vn -0.7770 -0.4452 -0.4451
vn -0.7770 0.5234 -0.3498
vn -0.7770 0.4451 -0.4452
vn -0.7770 -0.5234 0.3498
vn -0.7770 -0.3498 0.5234
vn -0.7770 0.5234 0.3498
vn -0.7770 0.4451 0.4452
vn 0.9267 -0.2656 -0.2656
vn 0.7031 -0.5028 -0.5028
vn 0.4274 0.6393 0.6393
vn 0.4274 0.7517 0.5023
vn 0.4274 0.8353 0.3460
vn 0.9267 -0.2087 0.3124
vn 0.7031 -0.3951 0.5913
vn 0.4274 0.8353 -0.3460
vn 0.4274 -0.6393 0.6393
vn 0.4274 -0.5023 0.7517
vn 0.4274 0.1764 -0.8867
vn 0.4274 -0.8353 -0.3460
vn 0.4274 -0.8353 0.3460
vn 0.4274 -0.7517 0.5023
vn 0.4274 -0.3460 -0.8353
vn 0.4274 -0.8867 -0.1764
vn 0.4274 0.1764 0.8867
vn 0.4274 -0.5023 -0.7517
vn 0.4274 0.8867 0.1764
vn 0.4274 -0.3460 0.8353
vn -0.9235 -0.0000 -0.3837
vn -0.9235 -0.0748 -0.3763
vn -0.9235 0.2713 0.2713
vn -0.9235 0.3190 0.2131
vn -0.9235 -0.0000 0.3837
vn -0.9235 0.0748 0.3763
vn -0.9235 -0.2713 0.2713
vn -0.9235 -0.2131 0.3190
vn -0.9235 -0.3190 0.2131
vn -0.9235 0.0748 -0.3763
vn -0.9235 0.1468 0.3545
vn -0.9235 -0.3763 -0.0748
vn -0.9235 -0.3837 -0.0000
vn -0.9235 0.3545 0.1468
vn -0.9235 0.3190 -0.2131
vn -0.9235 0.2713 -0.2713
vn -0.9235 0.3545 -0.1468
vn -0.9235 0.2131 -0.3190
vn -0.9235 0.1468 -0.3545
vn -0.9235 0.3763 -0.0748
vn -0.9235 -0.1468 -0.3545
vn -0.9235 -0.0748 0.3763
vn -0.9235 -0.2131 -0.3190
vn -0.9235 -0.2713 -0.2713
vn -0.9235 -0.1468 0.3545
vn -0.9235 0.2131 0.3190
vn -0.9235 -0.3545 -0.1468
vn -0.9235 0.3763 0.0748
vn -0.9235 0.3837 -0.0000
vn -0.9235 -0.3190 -0.2131
vn -0.8798 0.3361 -0.3361
vn -0.8798 0.2641 -0.3952
vn -0.8798 0.4753 -0.0000
vn -0.8798 0.4662 -0.0927
vn -0.8798 -0.3952 0.2641
vn -0.8798 -0.3361 0.3361
vn -0.8798 0.1819 -0.4391
vn -0.8798 0.4391 -0.1819
vn -0.8798 -0.2641 0.3952
vn -0.8798 0.0927 -0.4662
vn -0.8798 0.3952 -0.2641
vn -0.8798 -0.1819 0.4391
vn -0.8798 -0.0000 -0.4753
vn -0.8798 -0.0927 0.4662
vn -0.8798 -0.0927 -0.4662
vn -0.8798 -0.0000 0.4753
vn -0.8798 -0.1819 -0.4391
vn -0.8798 0.0927 0.4662
vn -0.8798 -0.2641 -0.3952
vn -0.8798 -0.4662 0.0927
vn -0.8798 -0.4391 0.1819
vn -0.8798 0.1819 0.4391
vn -0.8798 -0.3361 -0.3361
vn -0.8798 0.2641 0.3952
vn -0.8798 -0.3952 -0.2641
vn -0.8798 0.3361 0.3361
vn -0.8798 -0.4391 -0.1819
vn -0.8798 0.3952 0.2641
vn -0.8798 -0.4662 -0.0927
vn -0.8798 0.4391 0.1819
vn -0.8798 -0.4753 -0.0000
vn -0.8798 0.4662 0.0927
vn -0.1218 0.9578 -0.2602
vn -0.6807 -0.6769 -0.2801
vn -0.1573 -0.7955 -0.5852
vn -0.2092 -0.9761 0.0590
vn -0.6804 -0.7164 -0.1544
vn 0.5732 -0.6819 -0.4544
vn -0.1488 -0.8270 -0.5421
vn -0.2694 -0.7895 -0.5515
vn 0.3935 -0.8505 -0.3489
vn 0.5765 -0.8031 -0.1505
vn 0.0145 -0.9987 0.0490
vn -0.0941 -0.9956 0.0003
vn 0.4100 -0.3387 0.8468
vn 0.4493 -0.8934 0.0002
vn -0.6838 -0.7166 0.1373
vn -0.2152 -0.9759 -0.0353
vn -0.1638 -0.7945 0.5848
vn 0.0941 -0.9956 -0.0003
vn 0.2092 -0.9761 -0.0590
vn -0.4100 -0.3388 -0.8468
vn -0.4493 -0.8934 -0.0002
vn -0.6807 -0.2801 0.6769
vn -0.1573 -0.5852 0.7955
vn -0.2092 0.0590 0.9761
vn -0.6804 -0.1544 0.7164
vn 0.1638 -0.5848 0.7945
vn 0.6838 -0.1373 0.7166
vn 0.2152 0.0353 0.9759
vn -0.0941 0.0003 0.9956
vn 0.4100 0.8468 0.3388
vn 0.4493 0.0002 0.8934
vn -0.6838 0.1373 0.7166
vn -0.2152 -0.0353 0.9759
vn -0.1638 0.5848 0.7945
vn -0.6857 0.2786 0.6725
vn 0.1642 -0.0127 0.9864
vn 0.6770 0.1595 0.7184
vn 0.6781 0.2810 0.6792
vn 0.1219 0.5330 0.8373
vn 0.0938 -0.0004 0.9956
vn -0.4038 -0.8465 0.3470
vn -0.4497 -0.0004 0.8932
vn -0.9696 0.2341 0.0710
vn 0.1323 0.8359 0.5327
vn 0.6857 0.6725 0.2786
vn 0.6833 0.7175 0.1354
vn 0.1707 0.9852 0.0163
vn -0.0000 -0.2903 0.9569
vn -0.9696 0.2341 -0.0710
vn 0.1642 0.9864 0.0126
vn 0.6770 0.7184 -0.1596
vn 0.6781 0.6792 -0.2810
vn 0.1218 0.8373 -0.5330
vn 0.0930 0.9957 0.0003
vn -0.4038 0.3470 0.8465
vn -0.4500 0.8930 0.0002
vn -0.9696 0.0710 -0.2341
vn 0.1323 0.5327 -0.8359
vn 0.6833 0.1354 -0.7175
vn 0.1707 0.0163 -0.9852
vn -0.0000 0.9569 0.2903
vn -0.0000 -0.4714 -0.8819
vn -0.6832 -0.0002 -0.7302
vn -0.6833 -0.1354 -0.7175
vn 0.6770 -0.1595 -0.7185
vn 0.6832 0.0002 -0.7302
vn 0.6781 -0.2810 -0.6792
vn -0.6837 -0.7297 0.0001
vn 0.6837 -0.7297 -0.0001
vn 0.6803 -0.7165 0.1543
vn 0.6807 -0.6769 0.2801
vn -0.6837 0.0002 0.7297
vn 0.6837 -0.0002 0.7297
vn -0.6781 0.6792 0.2810
vn -0.6770 0.7184 0.1595
vn -0.6832 0.7302 -0.0002
vn 0.6832 0.7302 0.0002
vn -0.6972 0.7046 -0.1322
vn -0.7176 0.6578 -0.2291
vn -0.7205 0.5748 -0.3878
vn -0.6781 0.2810 -0.6792
vn -0.6770 0.1595 -0.7184
vn 0.6857 0.6725 -0.2786
vn 0.0930 0.0003 -0.9957
vn 0.1642 0.0127 -0.9864
vn -0.4038 0.8465 -0.3470
vn -0.4500 0.0002 -0.8930
vn -0.9696 -0.0710 -0.2341
vn 0.4472 -0.8876 -0.1101
vn -0.4519 -0.8872 -0.0933
vn -0.4291 -0.8863 -0.1743
vn 0.4290 -0.8863 -0.1743
vn 0.0095 0.9383 0.3458
vn -0.0000 0.9383 0.3458
vn 0.2923 0.5719 -0.7664
vn 0.2923 0.8633 -0.4114
vn -0.2923 0.8633 -0.4114
vn -0.2929 0.5709 -0.7670
vn 0.3124 0.8411 0.4416
vn 0.0744 0.8615 -0.5023
vn -0.0894 0.7958 -0.5990
vn -0.2017 0.9627 -0.1804
vn -0.2886 -0.4213 0.8598
vn -0.5311 -0.2320 0.8149
vn 0.6088 -0.3441 0.7148
vn -0.9980 0.0361 -0.0513
vn -0.9993 0.0364 -0.0007
vn -0.9983 0.0582 0.0039
vn -0.9971 0.0561 -0.0507
vn 0.8887 -0.3427 0.3044
vn 0.6371 -0.4081 0.6539
vn 0.0103 -0.8095 0.5871
vn -0.6232 -0.4141 0.6634
vn -0.8049 -0.3974 0.4406
vn 0.4186 0.3557 0.8356
vn -0.0401 0.8593 0.5099
vn -0.2484 0.0551 0.9671
vn -1.0000 -0.0012 -0.0005
vn -0.0000 0.9987 -0.0503
vn 0.2923 0.7664 0.5719
vn 0.2923 0.4114 0.8633
vn -0.2923 0.4114 0.8633
vn -0.2929 0.7670 0.5709
vn 0.3124 -0.4416 0.8411
vn 0.0744 0.5023 0.8615
vn -0.0889 0.5989 0.7959
vn -0.2017 0.1804 0.9627
vn -1.0000 0.0005 -0.0013
vn -0.9980 0.0513 0.0361
vn -0.9993 0.0007 0.0364
vn -0.9983 -0.0039 0.0582
vn -0.9971 0.0507 0.0561
vn -0.8205 -0.3154 0.4767
vn -0.0401 -0.5099 0.8593
vn -0.9065 0.0198 0.4217
vn -0.9277 0.0342 0.3717
vn -0.0030 -0.9581 -0.2864
vn -0.0147 -0.9986 0.0504
vn -1.0000 0.0012 0.0005
vn 0.2923 -0.5719 0.7664
vn 0.2923 -0.8633 0.4114
vn -0.2923 -0.8633 0.4114
vn -0.2929 -0.5709 0.7670
vn 0.3124 -0.8411 -0.4416
vn 0.0740 -0.8615 0.5023
vn -0.0889 -0.7959 0.5989
vn -0.2017 -0.9627 0.1804
vn 0.5311 -0.2320 -0.8149
vn -0.6088 -0.3441 -0.7148
vn 0.1969 -0.6975 -0.6891
vn -0.9980 -0.0361 0.0513
vn -0.9993 -0.0364 0.0007
vn -0.9983 -0.0582 -0.0039
vn -0.9971 -0.0561 0.0507
vn 0.8887 0.3427 -0.3044
vn 0.6371 0.4081 -0.6539
vn 0.0103 0.8095 -0.5871
vn -0.6232 0.4141 -0.6634
vn -0.7660 0.3979 -0.5049
vn 0.4276 -0.3462 -0.8351
vn -0.0401 -0.8593 -0.5099
vn 0.4472 -0.1101 0.8876
vn -0.4519 -0.0933 0.8872
vn -0.4291 -0.1743 0.8863
vn 0.4290 -0.1743 0.8863
vn -0.0000 0.3458 -0.9383
vn 0.9975 -0.0673 -0.0236
vn 0.2923 -0.7664 -0.5719
vn 0.2923 -0.4114 -0.8633
vn -0.2923 -0.4114 -0.8633
vn -0.2929 -0.7670 -0.5709
vn 0.3124 0.4416 -0.8411
vn 0.0744 -0.5023 -0.8615
vn -0.0894 -0.5990 -0.7958
vn -0.2017 -0.1804 -0.9627
vn 0.1218 -0.9578 -0.2602
vn 0.3571 -0.7817 -0.5112
vn -0.4186 -0.8356 -0.3557
vn -0.6165 -0.6842 -0.3896
vn 0.6160 -0.5844 -0.5283
vn -0.1219 0.5330 -0.8373
vn -0.2923 0.2351 -0.9270
vn -0.0490 0.9395 -0.3391
vn -0.0399 0.8288 -0.5582
vn 0.1089 -0.2886 -0.9512
vn -0.1727 0.9848 -0.0195
vn -0.0930 0.9957 -0.0003
vn 0.4500 0.8930 -0.0002
vn 0.9696 0.2340 -0.0710
vn 0.1218 0.2602 -0.9578
vn -0.1219 0.8373 0.5330
vn -0.2923 0.9270 0.2351
vn -0.0490 0.3391 0.9395
vn -0.0982 0.5929 0.7993
vn 0.4276 -0.8351 0.3462
vn -0.1218 -0.9578 0.2602
vn -0.4276 0.8351 0.3462
vn -0.2923 -0.2351 0.9270
vn -0.0487 -0.9395 0.3391
vn -0.0982 -0.7992 0.5929
vn 0.1573 -0.7955 0.5851
vn -0.4276 -0.3462 0.8351
vn -0.2923 -0.9270 -0.2351
vn -0.0487 -0.3391 -0.9395
vn -0.0000 -0.9569 0.2903
vn -0.1707 -0.0163 -0.9852
vn -0.0930 -0.0003 -0.9957
vn 0.4500 -0.0002 -0.8930
vn 0.4186 0.8356 -0.3557
vn 0.1218 -0.5330 -0.8373
vn 0.9980 0.0513 -0.0360
vn 0.9993 0.0007 -0.0363
vn 0.9983 -0.0039 -0.0582
vn 0.9971 0.0507 -0.0560
vn 1.0000 -0.0000 -0.0000
vn -0.4234 -0.1767 0.8885
vn 0.9696 0.0710 -0.2340
vn 0.2923 0.2351 -0.9270
vn 0.0680 0.9358 -0.3458
vn 0.0044 0.8306 -0.5568
vn -0.0000 -0.2903 -0.9569
vn 0.9982 0.0600 -0.0043
vn -0.0000 -0.9569 -0.2903
vn -0.9983 -0.0070 -0.0584
vn -0.9965 0.0399 -0.0740
vn -0.9971 0.0507 -0.0561
vn -0.9983 -0.0039 -0.0582
vn 0.8163 -0.3653 0.4476
vn 0.3571 0.7817 0.5112
vn 0.9065 -0.0198 0.4217
vn 0.9277 -0.0342 0.3717
vn 0.4234 -0.8886 0.1767
vn 0.9696 0.2340 0.0710
vn 0.2923 0.9270 0.2351
vn 0.0680 0.3458 0.9358
vn -0.0000 0.9569 -0.2903
vn -0.0000 -0.8819 0.4714
vn 0.0228 -0.8355 -0.5490
vn 0.0244 -0.3645 -0.9309
vn 0.0676 -0.3458 -0.9359
vn 0.2923 -0.9270 -0.2351
vn -0.0987 -0.5930 -0.7991
vn -0.9983 0.0584 -0.0070
vn -0.9965 0.0740 0.0399
vn -0.9971 0.0561 0.0507
vn -0.9983 0.0582 -0.0039
vn -0.9991 0.0390 -0.0138
vn 0.9983 0.0584 0.0070
vn 0.9965 0.0740 -0.0399
vn 0.9971 0.0561 -0.0507
vn 0.9983 0.0582 0.0039
vn -0.1218 0.2602 0.9578
vn -0.0000 0.2903 -0.9569
vn -0.9991 -0.0138 -0.0390
vn 0.2923 -0.2351 0.9270
vn 0.0676 -0.9359 0.3458
vn -0.0000 -0.7730 -0.6344
vn 0.2071 -0.2758 0.9386
vn -0.0000 0.2903 0.9569
vn 0.9980 -0.0361 -0.0513
vn 0.9993 -0.0364 -0.0007
vn 0.9983 -0.0582 0.0039
vn 0.9971 -0.0561 -0.0507
vn -0.9983 -0.0584 0.0070
vn -0.9965 -0.0740 -0.0399
vn -0.9971 -0.0561 -0.0507
vn -0.9983 -0.0582 0.0039
vn 0.0849 0.8606 -0.5022
vn -1.0000 -0.0027 -0.0022
vn 0.5311 0.8149 -0.2320
vn -0.6088 0.7148 -0.3441
vn 0.1969 0.6891 -0.6974
vn 0.8163 0.3653 -0.4476
vn 0.9065 0.0198 -0.4217
vn 0.9277 0.0342 -0.3717
vn 0.0017 0.2880 -0.9576
vn -0.9991 0.0138 0.0390
vn -0.1909 0.9455 0.2639
vn 0.9991 -0.0138 0.0390
vn -0.1909 -0.2639 0.9455
vn 0.9848 -0.0505 0.1664
vn 0.0700 0.9617 -0.2649
vn 0.4555 -0.0999 0.8846
vn -0.4544 -0.0741 0.8877
vn 0.4291 -0.1743 0.8863
vn -0.9991 -0.0390 0.0138
vn 0.0849 -0.5022 -0.8606
vn 0.4473 0.8876 0.1101
vn -0.4519 0.8872 0.0933
vn -0.4291 0.8863 0.1743
vn 0.4291 0.8863 0.1743
vn 0.0700 0.2649 0.9617
vn 0.2072 0.2758 -0.9386
vn 0.1432 -0.9498 -0.2780
vn 0.4038 -0.8465 -0.3470
vn -0.2886 -0.8598 -0.4213
vn -0.5311 -0.8149 -0.2320
vn 0.6088 -0.7148 -0.3441
vn -0.2886 0.8598 0.4213
vn -0.9803 0.0115 0.1971
vn -0.9690 0.1636 0.1850
vn 0.8163 0.4476 0.3653
vn 0.3571 0.5112 -0.7817
vn 0.9065 0.4217 0.0198
vn 0.9277 0.3717 0.0342
vn 0.4473 0.1101 -0.8876
vn -0.4519 0.0933 -0.8872
vn -0.4291 0.1743 -0.8863
vn 0.4291 0.1743 -0.8863
vn -0.2642 0.0965 -0.9596
vn -0.4234 0.8886 0.1767
vn 0.0845 -0.8606 0.5022
vn -0.2886 0.4213 -0.8598
vn -0.8205 0.4767 0.3154
vn -0.9803 0.1971 -0.0115
vn -0.9690 0.1850 -0.1636
vn 0.0849 0.5022 0.8606
vn 0.0398 0.3815 -0.9235
vn -0.0987 0.7992 -0.5930
vn -0.2059 -0.9426 0.2629
vn 0.8163 -0.4476 -0.3653
vn 0.3571 -0.5112 0.7817
vn 0.9065 -0.4217 -0.0198
vn 0.9277 -0.3717 -0.0342
vn 0.5311 0.2320 0.8149
vn -0.6088 0.3441 0.7148
vn 0.1969 0.6975 0.6891
vn -0.8205 0.3154 -0.4767
vn -0.9803 -0.0115 -0.1971
vn -0.9690 -0.1636 -0.1850
vn -0.8205 -0.4767 -0.3154
vn -0.9065 -0.4217 0.0198
vn -0.9277 -0.3717 0.0342
vn -0.1642 -0.0127 -0.9864
vn 0.1433 0.2780 -0.9498
vn 0.9991 0.0138 -0.0390
vn -0.1642 0.9864 -0.0126
vn 0.3253 -0.2611 -0.9089
vn 0.3253 0.9089 -0.2611
vn 0.1909 -0.2639 -0.9455
vn -0.9848 -0.0505 0.1664
vn -0.9848 0.0505 0.1664
vn 0.9985 0.0056 -0.0545
vn 0.9968 -0.0448 -0.0659
vn 0.9971 -0.0507 -0.0561
vn 0.9983 0.0039 -0.0582
vn 0.3253 0.2611 0.9089
vn -0.1323 -0.5327 -0.8359
vn 0.9985 -0.0545 -0.0056
vn 0.9968 -0.0659 0.0448
vn 0.9971 -0.0561 0.0507
vn 0.9983 -0.0582 -0.0039
vn 0.9968 -0.0659 -0.0448
vn 0.9985 -0.0545 0.0056
vn 0.9985 -0.0056 0.0545
vn 0.9968 0.0448 0.0659
vn 0.9971 0.0507 0.0561
vn 0.9983 -0.0039 0.0582
vn 0.9968 -0.0448 0.0659
vn 0.9985 0.0056 0.0545
vn 0.9983 0.0039 0.0582
vn 0.9971 -0.0507 0.0561
vn 0.9991 -0.0390 -0.0138
vn 0.9985 0.0545 0.0056
vn 0.9968 0.0659 -0.0448
vn 0.9968 0.0659 0.0448
vn 0.9985 0.0545 -0.0056
vn 0.9983 0.0582 -0.0039
vn 0.9971 0.0561 0.0507
vn -0.2292 0.7893 -0.5697
vn -0.9848 -0.1664 -0.0505
vn 0.1436 0.9498 -0.2781
vn 0.9848 -0.1664 -0.0505
vn -0.9985 -0.0056 -0.0545
vn -0.9968 0.0448 -0.0659
vn 0.1436 0.2781 0.9498
vn -0.9985 -0.0545 0.0056
vn -0.9968 -0.0659 -0.0448
vn -0.4545 -0.1682 -0.8747
vn -0.9985 0.0056 0.0545
vn -0.9968 -0.0448 0.0659
vn -0.9971 -0.0507 0.0561
vn -0.9983 0.0039 0.0582
vn 0.4038 0.3470 -0.8465
vn -0.9985 0.0545 -0.0056
vn -0.9968 0.0659 0.0448
vn 0.1436 -0.9498 0.2781
vn -0.9968 -0.0448 -0.0659
vn -0.9985 0.0056 -0.0545
vn -0.9983 0.0039 -0.0582
vn -0.9971 -0.0507 -0.0561
vn -0.1436 0.2781 -0.9498
vn -0.1433 0.2780 0.9498
vn 0.4234 -0.1767 -0.8885
vn 0.4545 -0.1682 0.8747
vn -0.1433 0.9498 -0.2780
vn -0.4472 0.1101 0.8876
vn 0.4519 0.0933 0.8872
vn 0.4291 0.1743 0.8863
vn -0.4290 0.1743 0.8863
vn 0.4555 0.8846 0.0999
vn -0.4544 0.8877 0.0741
vn -0.4290 0.8863 0.1743
vn -0.4555 0.8846 -0.0999
vn 0.4544 0.8877 -0.0741
vn 0.4290 0.8863 -0.1743
vn -0.4291 0.8863 -0.1743
vn 0.4555 0.0999 -0.8846
vn -0.4544 0.0741 -0.8877
vn -0.4290 0.1743 -0.8863
vn -0.4473 0.8876 -0.1101
vn 0.4519 0.8872 -0.0933
vn 0.4291 0.8863 -0.1743
vn 0.4555 -0.8846 -0.0999
vn -0.4544 -0.8877 -0.0741
vn 0.4291 -0.8863 -0.1743
vn -0.4555 -0.8846 0.0999
vn 0.4544 -0.8877 0.0740
vn 0.4291 -0.8863 0.1743
vn -0.4291 -0.8863 0.1743
vn -0.4472 -0.8876 0.1101
vn 0.4519 -0.8872 0.0933
vn -0.4290 -0.8863 0.1743
vn -0.4555 0.0999 0.8846
vn 0.4544 0.0741 0.8877
vn 0.2072 -0.9386 -0.2758
vn -0.4473 -0.1101 -0.8876
vn 0.4519 -0.0933 -0.8872
vn 0.4291 -0.1743 -0.8863
vn -0.4291 -0.1743 -0.8863
vn -0.4555 -0.0999 -0.8846
vn 0.4544 -0.0741 -0.8877
vn 0.4290 -0.1743 -0.8863
vn 0.2072 0.9386 0.2758
vn 0.3253 -0.9089 0.2611
vn 0.2484 -0.9671 -0.0551
vn 0.0030 0.9581 -0.2864
vn -0.1436 -0.9498 -0.2781
vn -0.0030 0.2864 -0.9581
vn -0.0017 0.9576 -0.2880
vn -0.0017 -0.9576 0.2880
vn 0.2059 0.9426 0.2629
vn 0.2059 -0.2629 0.9426
vn 0.9991 0.0390 0.0138
vn -0.0700 0.2649 -0.9617
vn -0.9848 -0.1664 0.0505
vn -0.3253 0.2611 -0.9088
vn -0.2072 -0.9386 0.2758
vn -0.3253 0.9089 0.2611
vn -0.2072 -0.2758 -0.9386
vn -0.3253 -0.9089 -0.2610
vn -0.2072 0.9386 -0.2758
vn -0.3253 -0.2611 0.9088
vn -0.2071 0.2758 0.9386
vn 0.0030 0.2864 0.9581
vn 0.2642 0.0965 0.9596
vn 0.4545 0.8747 0.1682
vn -0.0017 0.2880 0.9576
vn -0.0700 -0.9617 -0.2649
vn -0.2484 0.9671 -0.0551
vn 0.2484 0.0551 -0.9671
vn 0.0017 -0.9576 -0.2880
vn -0.4186 0.3557 -0.8356
vn -0.2059 -0.2629 -0.9426
vn 0.9696 -0.0710 -0.2340
vn 0.9848 -0.1664 0.0505
vn 0.9696 0.0710 0.2340
vn -0.4661 -0.0618 -0.8826
vn -0.4291 0.0861 -0.8992
vn 0.4290 0.0861 -0.8992
vn 0.4661 -0.0618 -0.8826
vn -0.9982 -0.0000 0.0601
vn -0.5493 0.8356 -0.0000
vn -0.9982 0.0600 -0.0000
vn -0.9982 -0.0000 -0.0601
vn 0.9982 -0.0000 -0.0601
vn 0.9982 -0.0601 -0.0000
vn 0.9982 -0.0000 0.0601
vn 0.9802 -0.0000 -0.1982
vn 0.5493 0.8356 -0.0000
vn 0.9802 -0.1982 -0.0000
vn -0.9982 0.0601 -0.0000
vn -0.9982 -0.0600 -0.0000
vn -0.9982 -0.0000 0.0600
vn -0.9982 -0.0601 -0.0000
vn 0.4662 0.0618 -0.8825
vn 0.4291 -0.0861 -0.8992
vn -0.4290 -0.0861 -0.8992
vn -0.4661 0.0618 -0.8826
vn 0.4662 -0.0618 -0.8825
vn -0.4661 -0.0618 -0.8825
vn -0.4291 0.8992 -0.0861
vn -0.4661 0.8826 0.0618
vn 0.4661 0.8826 0.0618
vn 0.4291 0.8992 -0.0861
vn -0.4661 0.8826 -0.0618
vn -0.4291 0.8992 0.0861
vn 0.4291 0.8992 0.0861
vn 0.4661 0.8826 -0.0618
vn 0.4661 0.8825 0.0618
vn -0.4290 0.8992 -0.0861
vn 0.4291 -0.0861 0.8992
vn 0.4661 0.0618 0.8825
vn -0.4661 0.0618 0.8826
vn -0.4290 -0.0861 0.8992
vn -0.4291 0.0861 0.8992
vn -0.4661 -0.0618 0.8825
vn 0.4662 -0.0618 0.8825
vn 0.4291 0.0861 0.8992
vn 0.4290 -0.0861 0.8992
vn 0.4661 0.0618 0.8826
vn -0.4290 0.0861 0.8992
vn -0.4661 -0.0618 0.8826
vn 0.4291 -0.8992 -0.0861
vn 0.4661 -0.8825 0.0618
vn -0.4661 -0.8825 0.0618
vn -0.4291 -0.8992 -0.0861
vn -0.4291 -0.8992 0.0861
vn -0.4661 -0.8826 -0.0618
vn 0.4661 -0.8826 -0.0618
vn 0.4290 -0.8992 0.0861
vn -0.4661 -0.8826 0.0618
vn 0.4290 -0.8992 -0.0861
vn 0.4661 -0.8826 0.0618
vn 0.4661 -0.8825 -0.0618
vn 0.4291 -0.8992 0.0861
vn -0.4661 -0.8825 -0.0618
vn -0.4291 -0.0861 -0.8992
vn 0.4661 0.0618 -0.8826
vn 0.4290 -0.0861 -0.8992
vn 0.4661 0.8825 -0.0618
vn -0.4290 0.8992 0.0861
vn 0.9968 0.0448 -0.0659
vn 0.9985 -0.0056 -0.0545
vn 0.9971 0.0507 -0.0561
vn 0.9983 -0.0584 -0.0070
vn 0.9965 -0.0740 0.0399
vn -0.9968 0.0448 0.0659
vn -0.9985 -0.0056 0.0545
vn -0.9971 0.0507 0.0560
vn -0.0401 0.5099 -0.8593
vn -0.9065 -0.0198 -0.4217
vn -0.9277 -0.0342 -0.3717
vn 0.9980 -0.0513 0.0360
vn 0.9993 -0.0007 0.0364
vn 0.9971 -0.0507 0.0560
vn -0.9065 0.4217 -0.0198
vn -0.9277 0.3717 -0.0342
vn -0.6165 -0.3896 0.6843
vn 0.6160 -0.5283 0.5844
vn -0.5311 0.2320 -0.8150
vn 0.6088 0.3441 -0.7148
vn 0.2642 0.9596 -0.0965
vn 0.9983 -0.0070 0.0584
vn 0.9965 0.0399 0.0740
vn -0.9968 -0.0659 0.0448
vn -0.9985 -0.0545 -0.0056
vn -0.9983 0.0070 0.0584
vn -0.9965 -0.0399 0.0740
vn -0.9980 -0.0513 -0.0361
vn -0.9993 -0.0007 -0.0363
vn -0.9971 -0.0507 -0.0560
vn 0.9980 0.0361 0.0513
vn 0.9993 0.0364 0.0007
vn -0.9968 0.0659 -0.0448
vn -0.9985 0.0545 0.0056
vn -0.9803 -0.1971 0.0115
vn -0.9690 -0.1850 0.1636
vn 0.9983 0.0070 -0.0584
vn 0.9986 -0.0000 -0.0537
vn 0.9659 -0.0000 -0.2591
vn 0.9803 0.0116 -0.1971
vn -0.9659 -0.0000 -0.2591
vn -0.9986 -0.0000 -0.0537
vn -0.9659 -0.2591 -0.0000
vn -0.9986 -0.0537 -0.0000
vn 0.9803 -0.1971 -0.0116
vn 0.9659 -0.2591 -0.0000
vn 0.9986 -0.0537 -0.0000
vn -0.9986 -0.0000 0.0537
vn -0.9659 -0.0000 0.2591
vn 0.9803 -0.0116 0.1971
vn 0.9659 -0.0000 0.2590
vn 0.9986 -0.0000 0.0537
vn -0.9986 0.0537 -0.0000
vn -0.9659 0.2591 -0.0000
vn 0.9803 0.1971 0.0116
vn 0.9659 0.2591 -0.0000
vn 0.9986 0.0537 -0.0000
vn 0.9601 -0.0100 -0.2796
vn 0.9659 -0.0000 -0.2590
vn 0.9601 0.0100 -0.2796
vn 0.9601 0.2796 0.0100
vn 0.9601 0.2796 -0.0100
vn 0.9659 -0.0000 0.2591
vn 0.9601 -0.0100 0.2796
vn 0.9601 0.0100 0.2796
vn 0.9601 -0.2796 -0.0100
vn 0.9601 -0.2796 0.0100
vn -0.9601 -0.0100 -0.2796
vn -0.9601 0.0100 -0.2796
vn -0.9601 0.2796 0.0100
vn -0.9601 0.2796 -0.0100
vn -0.9601 -0.0100 0.2796
vn -0.9601 0.0100 0.2796
vn -0.9601 -0.2796 -0.0100
vn -0.9601 -0.2796 0.0100
vn 0.9178 -0.3896 0.0769
vn 0.9529 -0.1652 0.2542
vn -0.9529 0.1652 0.2542
vn -0.9178 0.3896 0.0769
vn -0.6160 0.5283 0.5844
vn 0.6165 0.3896 0.6842
vn -0.9402 -0.0797 0.3312
vn -0.9236 -0.1737 0.3419
vn -0.7656 0.3847 0.5156
vn -0.6466 0.3856 0.6583
vn -0.0114 0.8025 0.5965
vn 0.6315 0.3919 0.6690
vn 0.9063 0.3129 0.2839
vn -0.5311 0.8149 0.2320
vn -0.9236 0.3419 0.1737
vn -0.9402 0.3312 0.0797
vn -0.7656 0.5156 -0.3847
vn -0.6466 0.6582 -0.3856
vn -0.0114 0.5965 -0.8025
vn 0.6315 0.6690 -0.3919
vn 0.9064 0.2839 -0.3129
vn 0.9402 0.3312 -0.0796
vn 0.9236 0.3418 -0.1737
vn 0.9690 0.1636 -0.1850
vn 0.9965 -0.0399 -0.0740
vn 0.9178 -0.0769 -0.3896
vn 0.9529 -0.2542 -0.1652
vn -0.9236 0.1737 -0.3419
vn -0.9402 0.0797 -0.3312
vn -0.8085 -0.3880 -0.4425
vn -0.6466 -0.3856 -0.6582
vn -0.0114 -0.8025 -0.5965
vn 0.6315 -0.3919 -0.6690
vn 0.9063 -0.3129 -0.2839
vn -0.9178 0.0769 -0.3896
vn -0.9529 0.2542 -0.1652
vn 0.6165 0.6842 -0.3896
vn -0.6160 0.5844 -0.5283
vn -0.9236 -0.3418 -0.1737
vn -0.9402 -0.3311 -0.0797
vn -0.8085 -0.4425 0.3880
vn -0.6466 -0.6583 0.3856
vn -0.0114 -0.5965 0.8025
vn 0.6315 -0.6690 0.3919
vn 0.9063 -0.2839 0.3130
vn 0.9402 -0.3311 0.0796
vn 0.9236 -0.3418 0.1736
vn 0.9690 -0.1636 0.1850
vn 0.5311 -0.8149 0.2320
vn 0.1969 -0.6890 0.6975
vn -0.9529 -0.2542 0.1652
vn -0.9178 -0.0769 0.3896
vn -0.6160 -0.5844 0.5283
vn 0.6165 -0.6842 0.3896
vn 0.9402 0.0797 0.3311
vn 0.9236 0.1737 0.3418
vn 0.9690 0.1850 0.1636
vn -0.9529 -0.1652 -0.2542
vn -0.9178 -0.3896 -0.0768
vn -0.6160 -0.5283 -0.5843
vn 0.6165 -0.3896 -0.6842
vn 0.9402 -0.0797 -0.3312
vn 0.9236 -0.1737 -0.3418
vn 0.9690 -0.1850 -0.1636
vn 0.9178 0.3896 -0.0769
vn 0.9529 0.1652 -0.2542
vn -0.6165 0.3896 -0.6842
vn 0.6160 0.5283 -0.5844
vn 0.9178 0.0769 0.3895
vn 0.9529 0.2542 0.1652
vn -0.6165 0.6842 0.3896
vn 0.6160 0.5844 0.5283
vn 0.9481 -0.2907 -0.1290
vn 0.9391 -0.1968 -0.2816
vn 0.9535 -0.0384 -0.2991
vn 0.9391 0.2816 0.1968
vn 0.9481 0.1290 0.2907
vn 0.9535 0.2991 0.0384
vn 0.9481 0.1290 -0.2907
vn 0.9391 0.2816 -0.1968
vn 0.9535 0.2991 -0.0384
vn 0.9391 -0.1968 0.2816
vn 0.9481 -0.2907 0.1290
vn 0.9535 -0.0384 0.2991
vn 0.9481 0.2907 0.1290
vn 0.9391 0.1968 0.2816
vn 0.6088 0.7148 0.3441
vn 0.9535 0.0384 0.2991
vn 0.9391 -0.2816 -0.1968
vn 0.9481 -0.1290 -0.2907
vn 0.9535 -0.2991 -0.0384
vn 0.9481 -0.1290 0.2908
vn 0.9391 -0.2816 0.1968
vn 0.9535 -0.2991 0.0384
vn 0.9391 0.1968 -0.2816
vn 0.9481 0.2907 -0.1290
vn 0.9535 0.0384 -0.2991
vn -0.9391 -0.1968 -0.2816
vn -0.9481 -0.2907 -0.1290
vn -0.9534 -0.0384 -0.2991
vn -0.9481 0.1290 0.2907
vn -0.9391 0.2816 0.1968
vn -0.9534 0.2991 0.0384
vn -0.9391 0.2816 -0.1968
vn -0.9481 0.1290 -0.2907
vn -0.9534 0.2991 -0.0384
vn -0.9481 -0.2907 0.1290
vn -0.9391 -0.1968 0.2816
vn -0.6088 -0.7148 0.3441
vn -0.9534 -0.0384 0.2991
vn -0.9391 0.1968 0.2816
vn -0.9481 0.2907 0.1290
vn -0.9534 0.0384 0.2991
vn -0.9481 -0.1290 -0.2908
vn -0.9391 -0.2816 -0.1968
vn -0.9534 -0.2991 -0.0384
vn -0.9391 -0.2816 0.1968
vn -0.9481 -0.1290 0.2907
vn -0.9534 -0.2991 0.0384
vn -0.9481 0.2907 -0.1290
vn -0.9391 0.1968 -0.2816
vn -0.9534 0.0384 -0.2991
vn -0.9360 0.0235 -0.3512
vn -0.9366 -0.0000 -0.3503
vn -0.4678 -0.0000 -0.8839
vn -0.9983 -0.0000 -0.0577
vn -0.9360 -0.0235 -0.3511
vn 0.9983 -0.0000 -0.0576
vn 0.9366 -0.0000 -0.3503
vn 0.9360 -0.0235 -0.3512
vn 0.9360 0.0235 -0.3511
vn 0.4678 -0.0000 -0.8839
vn 0.4153 -0.6109 -0.6740
vn 0.8924 -0.3030 -0.3343
vn 0.9247 -0.3708 -0.0862
vn 0.9246 -0.0489 -0.3778
vn 0.4154 -0.6109 -0.6740
vn -0.9247 -0.3708 -0.0862
vn -0.8924 -0.3030 -0.3343
vn -0.4154 -0.6109 -0.6740
vn -0.9246 -0.0489 -0.3778
vn -0.4678 -0.0000 -0.8838
vn -0.9360 0.0235 -0.3511
vn 0.9247 0.0862 0.3708
vn 0.8924 0.3343 0.3030
vn 0.4153 0.6740 0.6109
vn 0.9246 0.3778 0.0489
vn -0.4153 0.6740 0.6109
vn -0.8924 0.3343 0.3030
vn -0.9247 0.0862 0.3708
vn -0.9246 0.3779 0.0489
vn 0.8925 0.3343 0.3030
vn 0.4154 0.6740 0.6109
vn 0.9983 0.0577 -0.0000
vn 0.9366 0.3503 -0.0000
vn 0.9360 0.3511 -0.0235
vn 0.9360 0.3511 0.0235
vn 0.4678 0.8838 -0.0000
vn -0.9360 0.3512 0.0235
vn -0.9366 0.3503 -0.0000
vn -0.4678 0.8839 -0.0000
vn -0.9983 0.0577 -0.0000
vn -0.9360 0.3512 -0.0235
vn 0.9247 0.0862 -0.3708
vn 0.8924 0.3343 -0.3030
vn 0.9246 0.3778 -0.0489
vn 0.4154 0.6740 -0.6109
vn 0.4153 0.6740 -0.6109
vn -0.9247 0.0862 -0.3708
vn -0.8924 0.3343 -0.3030
vn -0.4153 0.6740 -0.6109
vn -0.9246 0.3779 -0.0489
vn 0.9247 -0.3708 0.0862
vn 0.8924 -0.3030 0.3343
vn 0.4154 -0.6109 0.6740
vn 0.9246 -0.0489 0.3778
vn -0.9247 -0.3708 0.0862
vn -0.8924 -0.3030 0.3343
vn -0.9246 -0.0489 0.3779
vn -0.4153 -0.6109 0.6740
vn 0.4153 -0.6109 0.6740
vn 0.9983 -0.0000 0.0576
vn 0.9366 -0.0000 0.3503
vn 0.9360 0.0235 0.3511
vn 0.9360 -0.0235 0.3511
vn 0.4678 -0.0000 0.8838
vn 0.9983 -0.0000 0.0577
vn -0.9983 -0.0000 0.0577
vn -0.9366 -0.0000 0.3503
vn -0.9360 -0.0235 0.3512
vn -0.9360 0.0235 0.3512
vn -0.4678 -0.0000 0.8839
vn 0.9247 0.3708 0.0862
vn 0.8924 0.3030 0.3343
vn 0.9246 0.0489 0.3778
vn 0.4154 0.6109 0.6740
vn 0.4153 0.6109 0.6740
vn -0.9247 0.3708 0.0862
vn -0.8924 0.3030 0.3343
vn -0.4153 0.6109 0.6740
vn -0.9246 0.0489 0.3779
vn 0.9247 -0.0862 -0.3708
vn 0.8924 -0.3343 -0.3030
vn 0.4154 -0.6740 -0.6109
vn 0.9246 -0.3778 -0.0489
vn -0.4154 -0.6740 -0.6109
vn -0.8925 -0.3343 -0.3030
vn -0.9247 -0.0862 -0.3708
vn -0.9246 -0.3778 -0.0489
vn 0.4153 -0.6740 -0.6109
vn 0.9983 -0.0577 -0.0000
vn 0.9366 -0.3503 -0.0000
vn 0.9360 -0.3512 0.0235
vn 0.9360 -0.3512 -0.0235
vn 0.4678 -0.8839 -0.0000
vn 0.9360 -0.3511 0.0235
vn 0.4678 -0.8838 -0.0000
vn 0.9360 -0.3511 -0.0235
vn -0.9983 -0.0577 -0.0000
vn -0.9366 -0.3503 -0.0000
vn -0.9360 -0.3511 -0.0235
vn -0.9360 -0.3511 0.0235
vn -0.4678 -0.8838 -0.0000
vn 0.9247 -0.0862 0.3708
vn 0.8924 -0.3343 0.3030
vn 0.9246 -0.3778 0.0489
vn 0.4153 -0.6740 0.6109
vn 0.4154 -0.6740 0.6109
vn -0.9246 -0.3778 0.0489
vn -0.8924 -0.3343 0.3030
vn -0.9247 -0.0862 0.3708
vn -0.4153 -0.6740 0.6109
vn 0.9247 0.3708 -0.0862
vn 0.8924 0.3030 -0.3343
vn 0.4153 0.6109 -0.6740
vn 0.9246 0.0489 -0.3778
vn -0.9247 0.3708 -0.0862
vn -0.8925 0.3030 -0.3343
vn -0.9246 0.0489 -0.3778
vn -0.4154 0.6109 -0.6740
vn 0.9246 0.0489 -0.3779
vn 0.4678 -0.0000 -0.8838
vn 0.9360 -0.0235 -0.3511
vn 0.9983 -0.0000 -0.0577
vn -0.4153 -0.6109 -0.6740
vn -0.4154 0.6740 0.6109
vn -0.9246 0.3778 0.0489
vn -0.4678 0.8838 -0.0000
vn -0.9360 0.3511 -0.0235
vn -0.9360 0.3511 0.0235
vn -0.4154 0.6740 -0.6109
vn -0.9246 0.3778 -0.0489
vn -0.4154 -0.6109 0.6740
vn -0.9246 -0.0489 0.3778
vn -0.9360 -0.0235 0.3511
vn -0.8925 0.3030 0.3343
vn -0.4154 0.6109 0.6740
vn -0.9246 0.0489 0.3778
vn -0.4154 -0.6740 0.6109
vn -0.8924 0.3030 -0.3343
vn 0.8085 -0.3880 0.4425
vn 0.6466 -0.3856 0.6582
vn 0.0114 -0.8025 0.5965
vn -0.6315 -0.3919 0.6690
vn -0.9063 -0.3130 0.2839
vn 0.8887 -0.3044 -0.3427
vn 0.6371 -0.6539 -0.4081
vn 0.0103 -0.5871 -0.8095
vn -0.6232 -0.6634 -0.4141
vn -0.7660 -0.5049 -0.3978
vn 0.8085 -0.4425 -0.3880
vn 0.6466 -0.6583 -0.3855
vn 0.0115 -0.5965 -0.8025
vn -0.6315 -0.6690 -0.3919
vn -0.9063 -0.2839 -0.3129
vn -0.0147 0.9986 -0.0504
vn 0.7656 0.3847 -0.5156
vn 0.6466 0.3856 -0.6583
vn 0.0114 0.8025 -0.5965
vn -0.6315 0.3919 -0.6690
vn -0.9063 0.3130 -0.2839
vn 0.8887 0.3044 0.3427
vn 0.6371 0.6539 0.4081
vn 0.0103 0.5871 0.8095
vn -0.6232 0.6634 0.4141
vn -0.8049 0.4406 0.3974
vn 0.8085 0.4425 0.3880
vn 0.6466 0.6583 0.3856
vn 0.0115 0.5965 0.8025
vn -0.6315 0.6690 0.3919
vn -0.9063 0.2839 0.3130
vn -0.8887 -0.3045 0.3427
vn -0.6371 -0.6539 0.4081
vn -0.0103 -0.5871 0.8095
vn 0.6232 -0.6634 0.4141
vn 0.8049 -0.4406 0.3974
vn -0.8887 -0.3427 -0.3045
vn -0.6371 -0.4081 -0.6539
vn -0.0103 -0.8095 -0.5871
vn 0.6232 -0.4141 -0.6634
vn 0.8049 -0.3974 -0.4406
vn -0.8887 0.3044 -0.3427
vn -0.6371 0.6539 -0.4081
vn -0.0103 0.5871 -0.8095
vn 0.6232 0.6634 -0.4141
vn 0.7660 0.5049 -0.3978
vn -0.8887 0.3427 0.3045
vn -0.6371 0.4081 0.6539
vn -0.0103 0.8095 0.5871
vn 0.6232 0.4141 0.6634
vn 0.7660 0.3978 0.5049
vn -0.9802 0.1982 -0.0000
vn 0.9802 0.1982 -0.0000
vn 0.9982 0.0601 -0.0000
vn 0.9110 -0.4125 -0.0000
vn 0.5494 -0.8356 -0.0000
vn -0.5493 -0.8356 -0.0000
vn -0.9109 -0.4125 -0.0000
vn -0.9802 -0.1982 -0.0000
vn -0.9802 -0.0000 -0.1982
vn -0.9110 -0.0000 -0.4125
vn -0.5493 -0.0000 -0.8356
vn 0.5494 -0.0000 -0.8356
vn 0.9109 -0.0000 -0.4125
vn 0.9802 -0.0000 0.1982
vn -0.9802 -0.0000 0.1982
vn -0.9109 0.4125 -0.0000
vn 0.5494 0.8356 -0.0000
vn 0.9110 0.4125 -0.0000
vn -0.9109 -0.0000 0.4125
vn -0.5493 -0.0000 0.8356
vn 0.5494 -0.0000 0.8356
vn 0.9110 -0.0000 0.4125
vn 0.5493 -0.0000 0.8356
vn -0.9110 -0.0000 0.4125
vn -0.9110 0.4125 -0.0000
vn 0.9802 -0.1981 -0.0000
vn 0.5493 -0.0000 -0.8356
vn 0.9110 -0.0000 -0.4125
vn -0.9110 -0.4125 -0.0000
vn 0.5493 -0.8356 -0.0000
vn 0.7051 -0.4747 -0.5268
vn 0.9883 -0.1392 -0.0623
vn 0.7361 -0.6767 -0.0175
vn -0.7361 -0.6767 -0.0174
vn -0.9883 -0.1391 -0.0623
vn -0.7051 -0.4747 -0.5268
vn 0.7648 -0.5147 -0.3875
vn 0.7649 -0.0363 -0.6432
vn 0.9890 -0.0699 -0.1307
vn -0.6713 -0.1411 -0.7277
vn -0.5765 -0.6454 -0.5011
vn -0.9539 -0.2112 -0.2134
vn 0.5766 -0.6453 -0.5011
vn 0.6713 -0.1411 -0.7276
vn 0.9539 -0.2112 -0.2134
vn -0.7648 -0.5147 -0.3875
vn -0.9890 -0.0699 -0.1307
vn -0.7648 -0.0363 -0.6432
vn -0.6713 -0.5215 0.5266
vn -0.9539 -0.2942 0.0601
vn -0.5765 -0.8150 0.0581
vn 0.5766 -0.8150 0.0581
vn 0.9538 -0.2942 0.0602
vn 0.6713 -0.5215 0.5267
vn -0.6713 -0.5215 -0.5267
vn -0.5765 -0.8150 -0.0581
vn -0.9539 -0.2942 -0.0601
vn 0.5765 -0.8150 -0.0581
vn 0.6713 -0.5215 -0.5267
vn 0.9538 -0.2942 -0.0602
vn 0.7649 -0.0363 0.6432
vn 0.7648 -0.5147 0.3875
vn 0.9889 -0.0699 0.1308
vn -0.6713 -0.1411 0.7277
vn -0.9538 -0.2112 0.2135
vn -0.5765 -0.6454 0.5011
vn 0.6713 -0.1411 0.7276
vn 0.5765 -0.6453 0.5012
vn 0.9539 -0.2112 0.2134
vn -0.7649 -0.5147 0.3875
vn -0.7649 -0.0363 0.6432
vn -0.9889 -0.0699 0.1308
vn 0.7648 -0.3875 0.5147
vn 0.7648 -0.6432 0.0363
vn 0.9890 -0.1307 0.0699
vn -0.5765 -0.5011 0.6453
vn -0.9538 -0.2134 0.2113
vn -0.6713 -0.7276 0.1410
vn 0.5765 -0.5011 0.6454
vn 0.6713 -0.7276 0.1411
vn 0.9538 -0.2135 0.2112
vn -0.7648 -0.3875 0.5147
vn -0.9890 -0.1307 0.0699
vn -0.7648 -0.6432 0.0363
vn -0.5765 0.0581 0.8150
vn -0.6713 0.5266 0.5215
vn -0.9538 0.0601 0.2942
vn 0.5765 0.0581 0.8150
vn 0.9539 0.0601 0.2942
vn 0.6713 0.5266 0.5216
vn -0.5766 -0.0581 0.8150
vn -0.9538 -0.0601 0.2942
vn -0.6713 -0.5266 0.5215
vn 0.7648 0.3875 0.5146
vn 0.9890 0.1307 0.0699
vn 0.7648 0.6432 0.0363
vn -0.5766 0.5011 0.6453
vn -0.6713 0.7276 0.1410
vn -0.9538 0.2134 0.2113
vn -0.7361 0.6767 0.0175
vn -0.9883 0.1391 0.0623
vn -0.7051 0.4747 0.5268
vn 0.7051 0.5268 0.4747
vn 0.7361 0.0175 0.6767
vn 0.9883 0.0622 0.1391
vn -0.7362 0.0175 0.6766
vn -0.7051 0.5268 0.4746
vn -0.9883 0.0622 0.1392
vn 0.7051 0.5268 -0.4747
vn 0.9883 0.0622 -0.1391
vn 0.7361 0.0175 -0.6766
vn -0.7051 0.5268 -0.4746
vn -0.7361 0.0175 -0.6766
vn -0.9883 0.0622 -0.1392
vn 0.9883 0.1392 -0.0623
vn 0.7051 0.4747 -0.5268
vn 0.7361 0.6767 -0.0175
vn -0.7051 0.4747 -0.5267
vn -0.9883 0.1391 -0.0623
vn -0.7361 0.6767 -0.0174
vn -0.3761 0.6314 -0.6782
vn -0.9294 0.2252 -0.2925
vn -0.6224 0.7610 -0.1830
vn -0.3761 0.6781 -0.6314
vn -0.6225 0.1830 -0.7610
vn -0.9294 0.2925 -0.2252
vn -0.3761 0.6782 0.6313
vn -0.9294 0.2925 0.2252
vn -0.6224 0.1830 0.7610
vn 0.1313 -0.7819 0.6094
vn -0.0000 -0.1864 0.9825
vn -0.1313 -0.7818 0.6096
vn -0.6224 -0.7610 -0.1830
vn -0.9294 -0.2252 -0.2925
vn -0.3761 -0.6313 -0.6782
vn 0.1313 -0.7819 -0.6094
vn -0.1313 -0.7818 -0.6096
vn -0.0000 -0.1864 -0.9825
vn 0.1313 -0.6095 0.7818
vn -0.1313 -0.6095 0.7819
vn -0.0000 -0.9825 0.1864
vn 0.1313 0.6095 0.7818
vn -0.0000 0.9825 0.1864
vn -0.1313 0.6095 0.7818
vn 0.9294 0.2252 -0.2925
vn 0.3761 0.6314 -0.6781
vn 0.6224 0.7610 -0.1830
vn 0.9294 0.2253 0.2925
vn 0.6224 0.7610 0.1830
vn 0.3762 0.6313 0.6782
vn -0.1313 -0.6094 0.7819
vn 0.6224 -0.7610 -0.1830
vn 0.3761 -0.6314 -0.6782
vn 0.9294 -0.2252 -0.2925
vn 0.1313 -0.7818 -0.6095
vn -0.1313 -0.7818 -0.6095
vn -0.1313 -0.7818 0.6095
vn 0.1313 -0.7819 0.6095
vn 0.9294 0.2925 0.2252
vn 0.3761 0.6782 0.6314
vn 0.6225 0.1830 0.7610
vn 0.9294 0.2925 -0.2252
vn 0.6225 0.1830 -0.7609
vn 0.3761 0.6781 -0.6315
vn -0.5870 0.5659 -0.5789
vn -0.9315 0.3549 -0.0792
vn -0.3687 0.9167 -0.1542
vn 0.7453 0.6638 -0.0627
vn 0.9901 0.1335 -0.0426
vn 0.7856 0.3760 -0.4913
vn -0.4127 0.9032 0.1176
vn -0.9315 0.3560 0.0749
vn -0.6009 0.5696 0.5607
vn 0.7641 0.4134 0.4952
vn 0.9831 0.1764 0.0491
vn 0.7291 0.6831 0.0431
vn 0.0983 -0.9922 0.0762
vn -0.0984 -0.9922 0.0762
vn -0.0001 -0.9701 -0.2428
vn 0.9831 -0.1764 -0.0491
vn 0.7291 -0.6831 -0.0430
vn 0.7641 -0.4134 -0.4952
vn -0.0000 -0.9673 0.2536
vn -0.1026 -0.9925 -0.0659
vn 0.1026 -0.9925 -0.0659
vn 0.7453 -0.6638 0.0627
vn 0.9901 -0.1335 0.0426
vn 0.7856 -0.3760 0.4913
vn -0.4128 0.1176 -0.9032
vn -0.9315 0.0749 -0.3560
vn -0.6009 0.5607 -0.5697
vn 0.7642 0.4952 -0.4134
vn 0.9831 0.0491 -0.1764
vn 0.7291 0.0431 -0.6830
vn -0.9831 -0.1764 0.0491
vn -0.7291 -0.6831 0.0430
vn -0.7642 -0.4134 0.4951
vn 0.9901 0.0425 0.1335
vn 0.7856 0.4914 0.3760
vn 0.7453 0.0627 0.6638
vn -0.9902 0.0425 -0.1334
vn -0.7856 0.4913 -0.3762
vn -0.7453 0.0627 -0.6638
vn -0.9831 -0.0491 -0.1764
vn -0.7290 -0.0430 -0.6831
vn -0.7642 -0.4952 -0.4134
vn 0.9901 -0.0425 -0.1335
vn 0.7856 -0.4914 -0.3760
vn 0.7453 -0.0627 -0.6637
vn -0.9901 -0.0425 0.1334
vn -0.7856 -0.4914 0.3761
vn -0.7452 -0.0627 0.6638
vn 0.9831 -0.0491 0.1764
vn 0.7291 -0.0430 0.6830
vn 0.7642 -0.4952 0.4134
vn -0.9901 0.1334 0.0425
vn -0.7856 0.3760 0.4914
vn -0.7453 0.6638 0.0627
vn -0.5870 -0.5789 -0.5659
vn -0.9315 -0.0792 -0.3549
vn -0.3688 -0.1543 -0.9166
vn -0.9901 -0.1334 -0.0426
vn -0.7856 -0.3760 -0.4914
vn -0.7453 -0.6638 -0.0627
vn -0.9831 0.1764 -0.0491
vn -0.7291 0.6831 -0.0430
vn -0.7642 0.4134 -0.4951
vn -0.9831 0.0491 0.1764
vn -0.7290 0.0430 0.6832
vn -0.7642 0.4952 0.4134
vn -0.0000 0.2536 0.9673
vn -0.1025 -0.0659 0.9925
vn 0.1025 -0.0659 0.9925
vn 0.0984 0.0763 0.9922
vn -0.0984 0.0762 0.9922
vn -0.0000 -0.2428 0.9701
vn 0.6010 0.5696 -0.5607
vn 0.4127 0.9032 -0.1176
vn 0.9315 0.3560 -0.0750
vn 0.9316 -0.0792 0.3548
vn 0.3687 -0.1542 0.9167
vn 0.5870 -0.5789 0.5660
vn -0.0000 0.2428 0.9701
vn -0.0984 -0.0763 0.9922
vn 0.0984 -0.0762 0.9922
vn 0.1026 -0.9925 0.0659
vn -0.1026 -0.9925 0.0659
vn -0.0000 -0.9673 -0.2536
vn 0.6010 -0.5607 -0.5696
vn 0.4127 -0.1176 -0.9032
vn 0.9315 -0.0749 -0.3560
vn 0.9316 0.0792 -0.3549
vn 0.3687 0.1542 -0.9166
vn 0.5870 0.5789 -0.5659
vn -0.0000 -0.9701 0.2429
vn -0.0984 -0.9922 -0.0763
vn 0.0984 -0.9922 -0.0762
vn 0.9315 0.3549 0.0792
vn 0.3688 0.9166 0.1543
vn 0.5870 0.5659 0.5790
vn 0.9926 0.0343 -0.1166
vn 0.7978 0.1740 -0.5773
vn -0.9899 0.0460 -0.1338
vn -0.7872 0.1790 -0.5901
vn -0.0049 0.9972 -0.0743
vn -0.0114 0.7200 -0.6939
vn -0.9926 0.1165 -0.0343
vn -0.7978 0.5773 -0.1741
vn -0.0114 0.6939 -0.7200
vn -0.0049 0.0743 -0.9972
vn -0.0107 0.9803 -0.1973
vn -0.0033 0.6196 -0.7849
vn -0.0026 0.6340 0.7733
vn -0.0104 0.9870 0.1602
vn -0.0049 0.0743 0.9972
vn -0.0114 0.6939 0.7200
vn 0.2869 0.0439 0.9570
vn 0.6970 0.3827 0.6064
vn -0.9594 0.0819 0.2701
vn -0.6547 0.2194 0.7234
vn 0.9895 0.0473 0.1367
vn 0.8038 0.1744 0.5688
vn -0.9593 -0.0819 0.2701
vn -0.6546 -0.2195 0.7234
vn 0.0119 -0.9944 0.1053
vn 0.0485 -0.6503 0.7582
vn -0.9895 -0.0473 0.1367
vn -0.8038 -0.1744 0.5688
vn 0.7000 -0.6041 -0.3809
vn 0.2754 -0.9602 -0.0477
vn 0.9923 -0.0354 0.1190
vn 0.8141 -0.1692 0.5556
vn -0.0000 -0.7730 0.6344
vn -0.0000 -0.0980 0.9952
vn 0.9895 -0.1367 0.0473
vn 0.8038 -0.5688 0.1744
vn -0.9923 -0.1189 0.0354
vn -0.8141 -0.5556 0.1692
vn 0.2144 -0.8224 -0.5269
vn 0.0401 -0.9988 -0.0294
vn -0.9895 -0.1367 -0.0473
vn -0.8038 -0.5688 -0.1744
vn 0.0463 -0.9975 0.0526
vn 0.2313 -0.8107 0.5379
vn 0.9593 -0.2701 -0.0819
vn 0.6547 -0.7233 -0.2194
vn -0.0114 -0.7200 -0.6939
vn -0.0049 -0.9972 -0.0743
vn -0.0000 -0.0980 -0.9952
vn -0.0026 0.7733 -0.6340
vn -0.0104 0.1602 -0.9870
vn -0.9974 -0.0704 0.0170
vn -0.9646 -0.2567 0.0598
vn -0.9813 -0.1920 0.0115
vn -0.9360 -0.2704 0.2253
vn 0.9813 0.0123 0.1922
vn 0.9278 0.2524 0.2749
vn -0.9949 0.0199 -0.0993
vn -0.9245 0.0919 -0.3699
vn -0.9974 0.0169 0.0701
vn -0.9651 0.0595 0.2551
vn -0.9813 0.0115 0.1920
vn -0.9360 0.2253 0.2704
vn 0.9648 0.2629 0.0015
vn 0.9125 0.3414 -0.2254
vn 0.9813 -0.1166 0.1531
vn 0.9308 -0.3537 0.0924
vn 0.9949 0.0199 0.0993
vn 0.9246 0.0919 0.3697
vn 0.9674 0.1088 0.2289
vn 0.9409 0.2788 0.1925
vn 0.9813 -0.1920 -0.0116
vn 0.9361 -0.2704 -0.2251
vn -0.9813 0.1166 0.1531
vn -0.9308 0.3537 0.0924
vn 0.9974 -0.0701 -0.0169
vn 0.9651 -0.2551 -0.0595
vn -0.9948 -0.0200 0.0998
vn -0.9236 -0.0924 0.3722
vn -0.9974 -0.0170 -0.0703
vn -0.9646 -0.0598 -0.2568
vn 0.9648 0.0021 0.2628
vn 0.9203 -0.1975 0.3376
vn -0.9277 -0.2525 0.2749
vn -0.9813 -0.0123 0.1922
vn 0.9673 0.1088 -0.2289
vn 0.9409 0.2787 -0.1925
vn 0.9974 0.0704 0.0170
vn 0.9646 0.2567 0.0598
vn 0.9648 0.0015 -0.2629
vn 0.9125 -0.2254 -0.3413
vn -0.0107 -0.1973 -0.9803
vn -0.0033 -0.7849 -0.6196
vn -0.9948 0.0998 0.0200
vn -0.9236 0.3721 0.0924
vn 0.9974 -0.0170 0.0704
vn 0.9646 -0.0598 0.2568
vn -0.9277 -0.2750 -0.2525
vn -0.9813 -0.1922 -0.0123
vn 0.9949 0.0993 -0.0199
vn 0.9245 0.3698 -0.0919
vn -0.9308 -0.3537 0.0924
vn -0.9813 -0.1166 0.1531
vn -0.9974 0.0704 -0.0170
vn -0.9646 0.2567 -0.0598
vn -0.9813 -0.1531 0.1166
vn -0.9308 -0.0924 0.3538
vn -0.9949 -0.0993 -0.0199
vn -0.9245 -0.3699 -0.0919
vn 0.9974 0.0169 -0.0701
vn 0.9651 0.0595 -0.2550
vn -0.9308 -0.0924 -0.3538
vn -0.9813 -0.1531 -0.1166
vn 0.9813 -0.1531 0.1167
vn 0.9308 -0.0924 0.3538
vn 0.9948 -0.0999 0.0200
vn 0.9236 -0.3721 0.0923
vn 0.9803 -0.1466 -0.1325
vn 0.8984 -0.0542 -0.4358
vn 0.9674 -0.1088 -0.2289
vn 0.9409 -0.2788 -0.1925
vn 0.9236 -0.0924 -0.3720
vn 0.9948 -0.0200 -0.0999
vn 0.9813 -0.1922 0.0123
vn 0.9277 -0.2749 0.2524
vn 0.9899 -0.0460 -0.1338
vn 0.7872 -0.1790 -0.5902
vn -0.9926 -0.0343 -0.1165
vn -0.7978 -0.1741 -0.5772
vn 0.9203 0.1975 -0.3376
vn 0.9648 -0.0021 -0.2628
vn 0.9923 -0.1190 -0.0354
vn 0.8141 -0.5556 -0.1692
vn -0.9594 -0.2701 -0.0819
vn -0.6546 -0.7234 -0.2194
vn 0.0119 -0.1053 -0.9944
vn 0.0485 -0.7581 -0.6503
vn 0.2868 -0.9570 0.0439
vn 0.6971 -0.6064 0.3826
vn -0.9594 -0.2701 0.0819
vn -0.6546 -0.7234 0.2195
vn 0.9593 -0.2701 0.0819
vn 0.6547 -0.7234 0.2194
vn 0.0485 -0.7582 0.6502
vn 0.0119 -0.1053 0.9944
vn -0.0000 -0.9952 0.0980
vn -0.0000 -0.6344 0.7730
vn 0.9593 -0.0819 0.2701
vn 0.6546 -0.2194 0.7234
vn 0.0463 0.0526 0.9975
vn 0.2313 0.5379 0.8107
vn 0.2144 -0.5269 0.8224
vn 0.0401 -0.0294 0.9988
vn -0.9926 0.0343 0.1166
vn -0.7978 0.1741 0.5772
vn -0.0000 0.6344 0.7730
vn -0.0000 0.9952 0.0980
vn 0.9926 0.1166 0.0343
vn 0.7978 0.5773 0.1740
vn -0.9899 0.1338 0.0460
vn -0.7872 0.5902 0.1790
vn 0.9408 0.1925 0.2788
vn 0.9674 0.2289 0.1087
vn 0.9899 0.1339 -0.0460
vn 0.7872 0.5902 -0.1790
vn 0.9204 0.3377 0.1973
vn 0.9648 0.2628 -0.0021
vn 0.9674 0.2289 -0.1087
vn 0.9409 0.1925 -0.2788
vn 0.8550 0.1487 -0.4968
vn 0.9543 0.0862 -0.2861
vn -0.8604 0.1455 -0.4884
vn -0.9547 0.0857 -0.2850
vn 0.8604 0.4885 -0.1454
vn 0.9547 0.2850 -0.0858
vn -0.7295 0.6531 -0.2032
vn -0.9641 0.2532 -0.0795
vn 0.8550 0.4968 0.1487
vn 0.9543 0.2860 0.0862
vn -0.8604 0.4885 0.1455
vn -0.9547 0.2850 0.0857
vn 0.8604 0.1455 0.4885
vn 0.9547 0.0857 0.2850
vn -0.9446 0.0953 0.3141
vn -0.9794 0.0586 0.1930
vn 0.9446 -0.0953 0.3141
vn 0.9795 -0.0586 0.1930
vn -0.9464 -0.0934 0.3092
vn -0.9796 -0.0583 0.1924
vn 0.9464 -0.3092 0.0934
vn 0.9796 -0.1925 0.0583
vn -0.9446 -0.3141 0.0953
vn -0.9794 -0.1930 0.0586
vn 0.9793 -0.1912 -0.0671
vn 0.9834 -0.1729 -0.0546
vn -0.9464 -0.3092 -0.0934
vn -0.9796 -0.1925 -0.0583
vn 0.8604 -0.1455 -0.4884
vn 0.9547 -0.0857 -0.2850
vn -0.8550 -0.1487 -0.4969
vn -0.9543 -0.0862 -0.2861
vn -0.9409 0.2788 -0.1925
vn -0.9673 0.1087 -0.2289
vn -0.9666 0.2196 -0.1317
vn -0.9565 0.2237 -0.1871
vn -0.9648 0.2628 0.0021
vn -0.9203 0.3377 -0.1974
vn -0.9125 0.3414 0.2255
vn -0.9648 0.2629 -0.0015
vn -0.9408 0.1925 0.2788
vn -0.9674 0.2289 0.1087
vn -0.0485 -0.7582 0.6502
vn -0.0119 -0.1053 0.9944
vn -0.6970 -0.6064 -0.3827
vn -0.2869 -0.9570 -0.0439
vn -0.2754 -0.9602 0.0477
vn -0.7000 -0.6041 0.3809
vn -0.9674 -0.1087 -0.2289
vn -0.9409 -0.2788 -0.1925
vn -0.0119 -0.1053 -0.9944
vn -0.0485 -0.7582 -0.6502
vn -0.9125 0.2254 -0.3414
vn -0.9648 -0.0015 -0.2629
vn -0.9648 0.0021 -0.2628
vn -0.9203 -0.1975 -0.3376
vn -0.0119 -0.9944 0.1053
vn -0.0485 -0.6502 0.7582
vn -0.2754 0.0477 0.9601
vn -0.7000 0.3809 0.6041
vn -0.6971 -0.3827 0.6064
vn -0.2868 -0.0439 0.9570
vn -0.0485 0.6502 0.7582
vn -0.0119 0.9944 0.1053
vn -0.5060 -0.2499 -0.8255
vn -0.9361 -0.1034 -0.3362
vn -0.4902 0.8340 0.2534
vn -0.9366 0.3350 0.1032
vn -0.5060 0.8255 -0.2499
vn -0.9361 0.3362 -0.1034
vn -0.4902 0.2534 -0.8340
vn -0.9366 0.1032 -0.3349
vn 0.0049 0.9972 -0.0743
vn 0.0114 0.7200 -0.6939
vn 0.0104 0.9870 -0.1602
vn 0.0026 0.6340 -0.7733
vn 0.0114 0.7200 0.6939
vn 0.0049 0.9972 0.0743
vn 0.0033 -0.7849 0.6196
vn 0.0107 -0.1973 0.9803
vn -0.0401 0.0294 0.9988
vn -0.2144 0.5269 0.8224
vn -0.2313 -0.8107 -0.5379
vn -0.0463 -0.9975 -0.0526
vn 0.0114 -0.7200 -0.6939
vn 0.0049 -0.9972 -0.0743
vn 0.0104 -0.1602 -0.9870
vn 0.0026 -0.7733 -0.6340
vn 0.0033 0.7849 -0.6196
vn 0.0107 0.1973 -0.9803
vn -0.0401 -0.9988 0.0294
vn -0.2144 -0.8224 0.5269
vn 0.0049 0.0743 0.9972
vn 0.0114 0.6939 0.7200
vn 0.0033 0.6196 0.7849
vn 0.0107 0.9803 0.1973
vn 0.0114 0.6939 -0.7200
vn 0.0049 0.0743 -0.9972
vn 0.4902 -0.2533 -0.8340
vn 0.9366 -0.1032 -0.3349
vn 0.4902 0.2534 0.8340
vn 0.9366 0.1032 0.3349
vn 0.5060 0.8255 0.2498
vn 0.9361 0.3362 0.1034
vn 0.4902 0.8340 -0.2534
vn 0.9366 0.3350 -0.1032
vn 0.5060 0.2499 -0.8255
vn 0.9361 0.1034 -0.3362
vn -0.9986 -0.0519 0.0069
vn -0.9291 -0.1554 0.3357
vn -0.9971 -0.0111 -0.0753
vn -0.9977 -0.0064 -0.0675
vn 1.0000 -0.0053 -0.0029
vn 0.9997 -0.0198 -0.0108
vn 0.9986 0.0519 0.0068
vn 0.9291 0.1554 0.3357
vn 0.9971 0.0111 -0.0752
vn 0.9977 0.0064 -0.0674
vn -1.0000 0.0053 -0.0029
vn -0.9997 0.0197 -0.0108
vn 0.9993 -0.0145 0.0353
vn 0.9668 -0.0892 0.2395
vn 0.9993 0.0353 0.0145
vn 0.9668 0.2395 0.0892
vn 0.9997 -0.0108 0.0197
vn 1.0000 -0.0029 0.0053
vn -0.9977 -0.0675 0.0064
vn -0.9971 -0.0752 0.0112
vn -0.9993 0.0353 -0.0145
vn -0.9668 0.2395 -0.0892
vn -0.9997 -0.0108 -0.0197
vn -1.0000 -0.0029 -0.0053
vn 0.9977 -0.0675 -0.0063
vn 0.9971 -0.0753 -0.0112
vn -0.9986 -0.0068 -0.0519
vn -0.9291 -0.3357 -0.1554
vn -0.9971 0.0752 -0.0111
vn -0.9977 0.0675 -0.0064
vn 1.0000 0.0029 -0.0053
vn 0.9997 0.0108 -0.0197
vn 0.9993 0.0145 -0.0354
vn 0.9668 0.0892 -0.2395
vn 0.9997 0.0198 0.0108
vn 1.0000 0.0053 0.0029
vn -0.9977 0.0064 0.0675
vn -0.9971 0.0111 0.0752
vn 0.9986 0.0068 -0.0519
vn 0.9291 0.3357 -0.1554
vn 0.9993 -0.0353 -0.0145
vn 0.9668 -0.2395 -0.0892
vn -0.9993 -0.0353 0.0145
vn -0.9668 -0.2395 0.0892
vn -0.9997 0.0108 0.0197
vn -1.0000 0.0029 0.0053
vn 0.9977 0.0675 0.0064
vn 0.9971 0.0753 0.0111
vn 0.9986 -0.0068 0.0519
vn 0.9291 -0.3357 0.1554
vn -0.9993 0.0145 0.0352
vn -0.9668 0.0892 0.2395
vn 0.9986 -0.0519 -0.0069
vn 0.9291 -0.1554 -0.3357
vn 0.9971 -0.0111 0.0753
vn 0.9977 -0.0064 0.0674
vn -1.0000 -0.0053 0.0029
vn -0.9997 -0.0197 0.0108
vn -0.9993 -0.0145 -0.0353
vn -0.9668 -0.0892 -0.2396
vn -0.9986 0.0519 -0.0068
vn -0.9290 0.1554 -0.3358
vn -0.9986 0.0068 0.0519
vn -0.9291 0.3357 0.1554
vn -1.0000 -0.0005 0.0013
vn 0.0095 -0.9383 -0.3458
vn -0.0000 -0.3458 0.9383
vn -0.0000 0.6344 -0.7730
vn 0.9982 -0.0600 0.0043
vn -0.0000 -0.9383 -0.3458
vn -0.0000 0.7730 0.6344
vn 0.0095 -0.3458 0.9383
vn 0.9982 0.0043 0.0600
vn 0.9982 -0.0043 -0.0600
vn -0.0000 0.8819 -0.4714
vn -0.0147 0.0504 0.9986
vn -0.0000 0.4714 0.8819
vn 0.0008 0.9987 -0.0503
vn 0.0008 0.0503 0.9987
vn -1.0000 0.0013 -0.0007
vn -1.0000 0.0007 0.0013
vn 0.0008 -0.9987 0.0503
vn -1.0000 -0.0013 0.0007
vn 0.0137 -0.3470 0.9378
vn -0.0000 -0.0503 -0.9987
vn -1.0000 0.0022 -0.0027
vn 0.0137 0.3470 -0.9378
vn 0.0137 -0.9378 -0.3470
vn -0.0147 -0.0504 -0.9986
vn -1.0000 0.0027 0.0022
vn 0.0008 -0.0503 -0.9987
vn 0.9975 0.0673 0.0236
vn -1.0000 -0.0007 -0.0013
vn 0.0095 0.3458 -0.9383
vn -0.0000 0.0503 0.9987
vn 0.0137 0.9378 0.3470
vn -1.0000 -0.0022 0.0027
vn 0.9975 0.0236 -0.0673
vn 0.9975 -0.0236 0.0673
vn -0.0000 -0.9987 0.0503
vn 0.9605 0.1764 -0.2150
vn -0.9605 0.1764 -0.2150
vn 0.9605 0.2150 0.1764
vn -0.9605 0.2150 0.1764
vn 0.9605 -0.1764 0.2150
vn -0.9605 -0.1764 0.2150
vn 0.9605 -0.2150 -0.1764
vn -0.9605 -0.2150 -0.1764
vn -0.0000 0.0980 0.9952
vn -0.0000 0.9952 -0.0980
vn -0.0025 0.6717 -0.7408
vn -0.0025 -0.7408 -0.6717
vn -0.0025 -0.6717 0.7408
vn -0.0025 0.7408 0.6717
vn 0.9555 -0.2943 -0.0180
vn -0.9599 -0.2582 -0.1089
vn -0.9599 -0.1089 0.2582
vn 0.9555 -0.0180 0.2944
vn 0.9555 0.0180 -0.2944
vn -0.9599 0.1089 -0.2582
vn -0.9599 0.2582 0.1089
vn 0.9555 0.2943 0.0180
vn -0.9605 -0.1324 -0.2446
vn 0.9605 -0.1311 -0.2453
vn -0.0175 -0.7426 -0.6695
vn 0.0025 -0.4182 -0.9084
vn 0.0236 -0.9068 0.4208
vn -0.9605 -0.2446 0.1324
vn 0.9605 -0.2453 0.1311
vn -0.0175 -0.6695 0.7426
vn 0.0025 -0.9084 0.4182
vn 0.0236 0.4208 0.9068
vn -0.9605 0.1324 0.2446
vn 0.9605 0.1311 0.2453
vn -0.0175 0.7426 0.6695
vn 0.0025 0.4182 0.9084
vn 0.0236 0.9068 -0.4208
vn -0.9605 0.2446 -0.1324
vn 0.9605 0.2453 -0.1311
vn -0.0175 0.6695 -0.7426
vn 0.0025 0.9084 -0.4182
vn 0.0236 -0.4208 -0.9068
vn -0.9611 0.2745 -0.0301
vn 0.9557 0.2882 0.0595
vn 0.9557 0.0595 -0.2882
vn -0.9611 -0.0301 -0.2745
vn 0.9557 -0.0595 0.2882
vn -0.9611 0.0301 0.2745
vn -0.9611 -0.2745 0.0301
vn 0.9557 -0.2882 -0.0595
vt 0.150672 1.169374
vt 0.206322 1.169386
vt 0.206328 1.188390
vt 0.150678 1.188378
vt 1.335121 0.332875
vt 1.335102 0.302292
vt 1.337539 0.302292
vt 1.337557 0.332875
vt 0.150678 1.150015
vt 0.206328 1.150028
vt 0.805099 0.959811
vt 0.787523 0.949056
vt 0.797756 0.937638
vt 0.812703 0.946784
vt 0.824630 0.967219
vt 0.829312 0.953084
vt 0.845362 0.970996
vt 0.846943 0.956296
vt 0.206344 1.206310
vt 0.150694 1.206297
vt 0.866502 0.970996
vt 0.864921 0.956296
vt 0.206371 1.222456
vt 0.150721 1.222443
vt 0.206407 1.236208
vt 0.150757 1.236196
vt 0.092952 1.249822
vt 0.037302 1.249822
vt 0.037344 1.236134
vt 0.092993 1.236134
vt 0.906765 0.959811
vt 0.887235 0.967219
vt 0.882552 0.953084
vt 0.899161 0.946784
vt 0.395370 1.007156
vt 0.395400 1.018851
vt 0.365373 1.018844
vt 0.365343 1.007149
vt 0.944670 0.285799
vt 0.944705 0.274158
vt 0.974732 0.274158
vt 0.974697 0.285799
vt 0.395347 0.993425
vt 0.365320 0.993418
vt 0.074660 0.904374
vt 0.094190 0.911782
vt 0.086587 0.924809
vt 0.069978 0.918509
vt 0.053927 0.900597
vt 0.052346 0.915297
vt 0.032788 0.900597
vt 0.034369 0.915297
vt 0.395333 0.978186
vt 0.365306 0.978179
vt 0.012055 0.904374
vt 0.016737 0.918509
vt 0.395328 0.962024
vt 0.365302 0.962018
vt 0.395333 0.945562
vt 0.365306 0.945555
vt -0.007475 0.911782
vt 0.000129 0.924809
vt 0.656239 1.218168
vt 0.696875 1.218177
vt 0.696870 1.237536
vt 0.656233 1.237526
vt 0.696875 1.256540
vt 0.656239 1.256531
vt 1.246554 -0.411403
vt 1.246554 -0.392044
vt 1.230502 -0.393492
vt 1.230502 -0.409955
vt 1.242430 -0.430390
vt 1.226995 -0.426102
vt 1.234340 -0.448275
vt 1.220115 -0.441312
vt 0.696892 1.274459
vt 0.656255 1.274450
vt 1.222596 -0.464371
vt 1.210127 -0.455000
vt 0.696918 1.290605
vt 0.656281 1.290596
vt 1.207648 -0.478060
vt 1.197416 -0.466642
vt 0.696954 1.304358
vt 0.656317 1.304348
vt 1.190072 -0.488815
vt 1.182468 -0.475788
vt 0.302781 1.249822
vt 0.262145 1.249822
vt 0.262186 1.236134
vt 0.302823 1.236134
vt 1.034974 0.262522
vt 1.035005 0.274217
vt 1.004978 0.274210
vt 1.004948 0.262515
vt 0.763961 0.285799
vt 0.763996 0.274158
vt 0.794023 0.274158
vt 0.793988 0.285799
vt 0.764024 0.260469
vt 0.794050 0.260469
vt 1.170542 -0.496223
vt 1.165859 -0.482088
vt 0.764043 0.245259
vt 0.794070 0.245259
vt 1.149809 -0.500000
vt 1.148228 -0.485300
vt 0.302855 1.220037
vt 0.262218 1.220037
vt 0.262241 1.202152
vt 0.302878 1.202152
vt 0.126714 0.936226
vt 0.138459 0.952322
vt 0.124234 0.959285
vt 0.114246 0.945596
vt 0.111767 0.922537
vt 0.101534 0.933955
vt 0.944733 0.260469
vt 0.974760 0.260469
vt 0.944752 0.245259
vt 0.974779 0.245259
vt 0.944762 0.229112
vt 0.974788 0.229112
vt 0.146548 0.970207
vt 0.131113 0.974495
vt 0.150672 0.989194
vt 0.134620 0.990642
vt 0.944762 0.212649
vt 0.974788 0.212649
vt 0.944752 0.196503
vt 0.974779 0.196503
vt 0.150672 1.008553
vt 0.134620 1.007105
vt 0.302889 1.163807
vt 0.262252 1.163807
vt 0.262241 1.144820
vt 0.302878 1.144820
vt 0.302889 1.183165
vt 0.262252 1.183165
vt 1.088407 -0.488815
vt 1.107937 -0.496223
vt 1.112619 -0.482088
vt 1.096010 -0.475788
vt 1.128670 -0.500000
vt 1.130251 -0.485300
vt 0.764053 0.229112
vt 0.794079 0.229112
vt 0.764053 0.212649
vt 0.794079 0.212649
vt 0.975460 1.115824
vt 0.967371 1.097939
vt 0.982806 1.093651
vt 0.989685 1.108861
vt 0.987205 1.131920
vt 0.999673 1.122549
vt 1.002152 1.145609
vt 1.012385 1.134190
vt 1.467990 -0.394998
vt 1.427354 -0.394998
vt 1.427365 -0.413984
vt 1.468002 -0.413984
vt 1.467968 -0.377112
vt 1.427331 -0.377112
vt 1.070833 0.087641
vt 1.082578 0.071545
vt 1.095046 0.080916
vt 1.085059 0.094604
vt 1.097525 0.057856
vt 1.107758 0.069275
vt 1.004844 0.181293
vt 1.004825 0.196503
vt 0.974798 0.196503
vt 0.974817 0.181293
vt 1.004815 0.212649
vt 1.004871 0.167604
vt 0.974845 0.167604
vt 1.115102 0.047101
vt 1.122705 0.060128
vt 1.004907 0.155963
vt 0.974880 0.155963
vt 1.134632 0.039693
vt 1.139314 0.053828
vt 1.467935 -0.361016
vt 1.427299 -0.361016
vt 1.467894 -0.347327
vt 1.427257 -0.347327
vt 1.019729 1.156364
vt 1.027332 1.143337
vt 1.039259 1.163772
vt 1.043941 1.149637
vt 1.059992 1.167549
vt 1.061573 1.152849
vt 0.697003 1.290596
vt 0.737639 1.290605
vt 0.737675 1.304358
vt 0.697038 1.304348
vt 1.081131 1.167549
vt 1.079550 1.152849
vt 0.696976 1.274450
vt 0.737613 1.274459
vt 1.155365 0.035916
vt 1.156946 0.050616
vt 1.176504 0.035916
vt 1.174923 0.050616
vt 1.197237 0.039693
vt 1.192555 0.053828
vt 0.696960 1.256531
vt 0.737596 1.256540
vt 1.216767 0.047101
vt 1.209164 0.060128
vt 0.696954 1.237526
vt 0.737591 1.237536
vt 1.101864 1.163772
vt 1.097182 1.149637
vt 1.121394 1.156364
vt 1.113790 1.143337
vt 1.138970 1.145609
vt 1.128738 1.134190
vt 0.696960 1.218168
vt 0.737596 1.218177
vt 1.034933 0.217390
vt 1.034938 0.233552
vt 1.004911 0.233545
vt 1.004907 0.217384
vt 1.034938 0.200928
vt 1.004911 0.200921
vt 1.034952 0.184796
vt 1.004925 0.184789
vt 1.153918 1.131920
vt 1.141449 1.122549
vt 1.034974 0.169616
vt 1.004948 0.169609
vt 1.165662 1.115824
vt 1.151437 1.108861
vt 0.696976 1.199199
vt 0.737613 1.199208
vt 0.697003 1.181348
vt 0.737639 1.181358
vt 1.234343 0.057856
vt 1.249291 0.071545
vt 1.236823 0.080916
vt 1.224111 0.069275
vt 1.261035 0.087641
vt 1.246810 0.094604
vt 1.377132 1.181201
vt 1.377109 1.196382
vt 1.347083 1.196375
vt 1.347105 1.181195
vt 1.377095 1.212514
vt 1.347069 1.212507
vt 1.377162 1.167556
vt 1.347136 1.167549
vt 1.269125 0.105526
vt 1.253690 0.109814
vt 0.603298 1.199669
vt 0.591554 1.215765
vt 0.579086 1.206394
vt 0.589073 1.192706
vt 0.611388 1.181784
vt 0.595953 1.177496
vt 0.789387 1.183595
vt 0.830024 1.183604
vt 0.829997 1.201455
vt 0.789360 1.201445
vt 0.789423 1.167549
vt 0.830059 1.167558
vt 0.405007 0.927899
vt 0.413096 0.910013
vt 0.427321 0.916976
vt 0.420442 0.932186
vt 0.424841 0.893917
vt 0.437309 0.903288
vt 1.316936 1.181201
vt 1.316913 1.196382
vt 1.286886 1.196375
vt 1.286909 1.181195
vt 1.316966 1.167556
vt 1.286939 1.167549
vt 1.468029 -0.368109
vt 1.468002 -0.381798
vt 1.498028 -0.381798
vt 1.498056 -0.368109
vt 0.439788 0.880228
vt 0.450021 0.891647
vt 1.468048 -0.352899
vt 1.498075 -0.352899
vt 0.457365 0.869473
vt 0.464968 0.882500
vt 0.682589 0.265162
vt 0.723226 0.265162
vt 0.723258 0.281258
vt 0.682621 0.281258
vt 0.682566 0.247277
vt 0.723203 0.247277
vt 0.615512 1.162797
vt 0.599460 1.161349
vt 0.615512 1.143438
vt 0.599460 1.144886
vt 1.469927 1.149881
vt 1.469908 1.134671
vt 1.499934 1.134671
vt 1.499953 1.149881
vt 1.469880 1.120982
vt 1.499907 1.120982
vt 1.273249 0.124513
vt 1.257197 0.125961
vt 1.273249 0.143872
vt 1.257197 0.142424
vt 0.601183 0.265162
vt 0.641819 0.265162
vt 0.641852 0.281258
vt 0.601215 0.281258
vt 0.601160 0.247277
vt 0.641797 0.247277
vt 1.177876 1.078952
vt 1.173752 1.097939
vt 1.158317 1.093651
vt 1.161824 1.077504
vt 1.177876 1.059593
vt 1.161824 1.061041
vt 1.242272 -0.242044
vt 1.242252 -0.257254
vt 1.272279 -0.257254
vt 1.272298 -0.242044
vt 1.242225 -0.270942
vt 1.272251 -0.270942
vt 1.242281 -0.225897
vt 1.272308 -0.225897
vt 1.173752 1.040606
vt 1.158317 1.044894
vt 1.207648 -0.325387
vt 1.190072 -0.314632
vt 1.182468 -0.327659
vt 1.197416 -0.336806
vt 1.170542 -0.307224
vt 1.165859 -0.321359
vt 0.911524 1.272561
vt 0.952161 1.272551
vt 0.952188 1.290437
vt 0.911552 1.290447
vt 0.911507 1.253575
vt 0.952144 1.253564
vt -0.063957 0.989194
vt -0.059833 0.970207
vt -0.044398 0.974495
vt -0.047905 0.990642
vt -0.063957 1.008553
vt -0.047905 1.007105
vt 1.469964 0.803342
vt 1.469945 0.788132
vt 1.499971 0.788132
vt 1.499990 0.803342
vt 1.469973 0.819488
vt 1.500000 0.819488
vt 1.469973 0.835951
vt 1.500000 0.835951
vt -0.059833 1.027539
vt -0.044398 1.023252
vt 0.752741 0.844054
vt 0.760831 0.826168
vt 0.775056 0.833131
vt 0.768176 0.848341
vt 0.748617 0.863040
vt 0.764669 0.864488
vt 0.206412 1.183179
vt 0.262062 1.183165
vt 0.262079 1.202152
vt 0.206429 1.202166
vt 0.206407 1.163821
vt 0.262057 1.163807
vt 0.262107 1.220037
vt 0.206457 1.220051
vt 0.262145 1.236134
vt 0.206494 1.236147
vt 0.752741 0.901386
vt 0.748617 0.882399
vt 0.764669 0.880951
vt 0.768177 0.897098
vt 1.469917 0.774443
vt 1.499944 0.774443
vt 0.395400 0.900604
vt 0.395370 0.914250
vt 0.365343 0.914243
vt 0.365373 0.900597
vt 0.760831 0.919271
vt 0.775056 0.912308
vt -0.051743 0.952322
vt -0.037518 0.959285
vt -0.039999 0.936226
vt -0.027530 0.945596
vt 0.656317 1.165302
vt 0.696954 1.165312
vt 0.696918 1.181358
vt 0.656281 1.181348
vt 0.952226 1.306533
vt 0.911589 1.306543
vt 1.234340 -0.355172
vt 1.222596 -0.339076
vt 1.210127 -0.348447
vt 1.220115 -0.362135
vt 1.035005 0.155970
vt 1.004978 0.155963
vt 1.242430 -0.373057
vt 1.226995 -0.377345
vt 0.696892 1.199208
vt 0.656255 1.199199
vt -0.025051 0.922537
vt -0.014819 0.933955
vt 0.395347 0.929430
vt 0.365320 0.929423
vt 0.772575 0.935367
vt 0.785044 0.925996
vt 0.150694 1.131046
vt 0.206344 1.131059
vt 0.150721 1.113196
vt 0.206371 1.113208
vt 0.150757 1.097150
vt 0.206407 1.097162
vt 0.206412 1.144834
vt 0.262062 1.144820
vt 0.206429 1.126948
vt 0.262079 1.126935
vt 0.772575 0.810072
vt 0.785044 0.819443
vt 0.787523 0.796383
vt 0.797755 0.807802
vt 1.469945 0.867308
vt 1.469964 0.852098
vt 1.499990 0.852098
vt 1.499971 0.867308
vt -0.051743 1.045425
vt -0.037518 1.038461
vt -0.039999 1.061521
vt -0.027530 1.052150
vt 0.911507 1.215229
vt 0.952144 1.215219
vt 0.952138 1.234206
vt 0.911501 1.234216
vt 0.911524 1.197344
vt 0.952161 1.197334
vt 1.149809 -0.303447
vt 1.128670 -0.303447
vt 1.130250 -0.318147
vt 1.148228 -0.318147
vt 1.107937 -0.307224
vt 1.112619 -0.321359
vt 1.242252 -0.178077
vt 1.242272 -0.193287
vt 1.272298 -0.193287
vt 1.272279 -0.178077
vt 1.242281 -0.209434
vt 1.272308 -0.209434
vt 1.138970 0.992936
vt 1.153918 1.006625
vt 1.141449 1.015996
vt 1.128738 1.004354
vt 1.165662 1.022721
vt 1.151437 1.029684
vt 0.601160 0.189944
vt 0.641797 0.189944
vt 0.641786 0.208931
vt 0.601149 0.208931
vt 0.601183 0.172059
vt 0.641819 0.172059
vt 1.261035 0.180744
vt 1.249291 0.196840
vt 1.236823 0.187470
vt 1.246810 0.173781
vt 1.234344 0.210529
vt 1.224111 0.199111
vt 1.469908 1.213847
vt 1.469927 1.198637
vt 1.499953 1.198637
vt 1.499934 1.213847
vt 1.469936 1.182491
vt 1.499963 1.182491
vt 1.216767 0.221284
vt 1.209163 0.208257
vt 1.469880 1.227536
vt 1.499907 1.227536
vt 0.576607 1.076781
vt 0.591554 1.090470
vt 0.579086 1.099841
vt 0.566374 1.088199
vt 0.559030 1.066026
vt 0.551426 1.079053
vt 0.682589 0.172059
vt 0.723225 0.172059
vt 0.723203 0.189944
vt 0.682566 0.189944
vt 0.682621 0.155963
vt 0.723258 0.155963
vt 0.518767 0.858288
vt 0.539500 0.862065
vt 0.534818 0.876200
vt 0.517186 0.872988
vt 0.559030 0.869473
vt 0.551426 0.882500
vt 1.468029 -0.288933
vt 1.468048 -0.304142
vt 1.498075 -0.304142
vt 1.498056 -0.288933
vt 1.468002 -0.275244
vt 1.498028 -0.275244
vt 1.483988 -0.054075
vt 1.484019 -0.042434
vt 1.453993 -0.042442
vt 1.453961 -0.054083
vt 0.576606 0.880228
vt 0.566374 0.891647
vt 1.483964 -0.067764
vt 1.453938 -0.067772
vt 0.591554 0.893917
vt 0.579086 0.903288
vt 1.033725 1.292844
vt 1.074362 1.292854
vt 1.074399 1.306543
vt 1.033763 1.306533
vt 1.033698 1.276748
vt 1.074334 1.276758
vt 0.539500 1.058618
vt 0.534818 1.072753
vt 0.518767 1.054841
vt 0.517186 1.069541
vt 1.498048 -0.407127
vt 1.498071 -0.393439
vt 1.468045 -0.393446
vt 1.468021 -0.407135
vt 1.498103 -0.381798
vt 1.468076 -0.381805
vt 1.197237 0.228692
vt 1.192555 0.214557
vt 1.176504 0.232469
vt 1.174923 0.217769
vt 1.074450 1.292844
vt 1.115087 1.292854
vt 1.115124 1.306543
vt 1.074487 1.306533
vt 1.074422 1.276748
vt 1.115059 1.276758
vt 1.101864 0.974773
vt 1.121394 0.982181
vt 1.113790 0.995208
vt 1.097181 0.988908
vt 1.081131 0.970996
vt 1.079550 0.985696
vt 1.483183 0.180203
vt 1.483206 0.193892
vt 1.453179 0.193884
vt 1.453156 0.180196
vt 1.483238 0.205533
vt 1.453211 0.205525
vt 1.483168 0.164993
vt 1.453141 0.164986
vt 1.059992 0.970996
vt 1.061573 0.985696
vt 1.483163 0.148846
vt 1.453137 0.148839
vt 1.039259 0.974773
vt 1.043941 0.988908
vt 1.074405 1.258862
vt 1.115042 1.258873
vt 1.074399 1.239876
vt 1.115036 1.239886
vt 1.155365 0.232469
vt 1.156946 0.217769
vt 1.134632 0.228692
vt 1.139314 0.214557
vt 1.115102 0.221284
vt 1.122705 0.208257
vt 1.074405 1.220517
vt 1.115042 1.220527
vt 1.097525 0.210529
vt 1.107758 0.199111
vt 1.074422 1.201530
vt 1.115059 1.201540
vt 1.498048 -0.471094
vt 1.498033 -0.454947
vt 1.468007 -0.454955
vt 1.468021 -0.471102
vt 1.498028 -0.438484
vt 1.468002 -0.438492
vt 1.082578 0.196840
vt 1.095046 0.187470
vt 1.498071 -0.486304
vt 1.468045 -0.486311
vt 0.439788 1.076781
vt 0.457365 1.066026
vt 0.464968 1.079053
vt 0.450021 1.088199
vt 0.424841 1.090470
vt 0.437309 1.099841
vt 1.033698 1.201530
vt 1.074334 1.201540
vt 1.074317 1.220527
vt 1.033681 1.220517
vt 1.033725 1.183645
vt 1.074362 1.183655
vt 0.615512 0.946885
vt 0.615512 0.966244
vt 0.599460 0.964796
vt 0.599460 0.948333
vt 0.611388 0.985231
vt 0.595953 0.980943
vt 1.483988 -0.146941
vt 1.483964 -0.131731
vt 1.453938 -0.131738
vt 1.453961 -0.146948
vt 1.483950 -0.115584
vt 1.453923 -0.115591
vt 1.484019 -0.160629
vt 1.453993 -0.160637
vt 0.603298 1.003116
vt 0.589073 0.996153
vt 0.591554 1.019212
vt 0.579086 1.009841
vt 0.944635 0.274158
vt 0.914644 0.285799
vt 0.914608 0.274158
vt 1.033763 1.167549
vt 1.074399 1.167559
vt 1.371714 0.226314
vt 1.412351 0.226314
vt 1.412392 0.240003
vt 1.371755 0.240003
vt 0.413096 1.106566
vt 0.427321 1.113529
vt 0.405007 1.124451
vt 0.420442 1.128739
vt 1.004871 0.274158
vt 1.004907 0.285799
vt 0.974880 0.285799
vt 0.974845 0.274158
vt 1.498103 -0.499992
vt 1.468076 -0.500000
vt 1.070833 0.180744
vt 1.085058 0.173781
vt 1.062744 0.162859
vt 1.078179 0.158571
vt 1.074487 1.167549
vt 1.115124 1.167559
vt 1.115087 1.183655
vt 1.074450 1.183645
vt 1.467935 -0.486311
vt 1.427299 -0.486311
vt 1.427257 -0.500000
vt 1.467894 -0.500000
vt 0.975460 1.022721
vt 0.987204 1.006625
vt 0.999673 1.015996
vt 0.989685 1.029684
vt 0.967371 1.040606
vt 0.982806 1.044894
vt 0.763996 0.167604
vt 0.763961 0.155963
vt 0.793988 0.155963
vt 0.794023 0.167604
vt 1.483238 0.087338
vt 1.483206 0.101027
vt 1.453179 0.101019
vt 1.453211 0.087330
vt 0.963247 1.059593
vt 0.979298 1.061041
vt 0.764024 0.181293
vt 0.794050 0.181293
vt 1.044138 -0.448275
vt 1.055882 -0.464371
vt 1.068351 -0.455000
vt 1.058363 -0.441312
vt 1.070830 -0.478060
vt 1.081063 -0.466642
vt 0.302823 1.110838
vt 0.262186 1.110838
vt 0.262145 1.097150
vt 0.302781 1.097150
vt 0.302855 1.126935
vt 0.262218 1.126935
vt 0.138459 1.045425
vt 0.126715 1.061521
vt 0.114246 1.052150
vt 0.124234 1.038461
vt 0.146548 1.027539
vt 0.131113 1.023252
vt 0.944733 0.181293
vt 0.944705 0.167604
vt 0.974732 0.167604
vt 0.974760 0.181293
vt 0.944670 0.155963
vt 0.974697 0.155963
vt 0.959123 0.844053
vt 0.963247 0.863040
vt 0.947195 0.864488
vt 0.943687 0.848341
vt 0.963247 0.882399
vt 0.947195 0.880951
vt 0.093026 1.126935
vt 0.037376 1.126935
vt 0.037344 1.110838
vt 0.092994 1.110838
vt 0.093048 1.144820
vt 0.037398 1.144820
vt 0.037302 1.097150
vt 0.092952 1.097150
vt 0.478973 0.281258
vt 0.423323 0.281258
vt 0.423356 0.265162
vt 0.479006 0.265162
vt 0.939289 0.810072
vt 0.951033 0.826168
vt 0.936808 0.833131
vt 0.926820 0.819443
vt 1.464136 0.240308
vt 1.464105 0.253996
vt 1.434078 0.253989
vt 1.434110 0.240300
vt 0.924341 0.796383
vt 0.914109 0.807801
vt 1.464081 0.269206
vt 1.434054 0.269199
vt 0.111767 1.075209
vt 0.101534 1.063791
vt 0.094190 1.085965
vt 0.086587 1.072938
vt 0.560412 0.265162
vt 0.519775 0.265162
vt 0.519797 0.247277
vt 0.560434 0.247277
vt 0.560380 0.281258
vt 0.519743 0.281258
vt 1.031924 -0.411403
vt 1.036049 -0.430390
vt 1.051484 -0.426102
vt 1.047976 -0.409955
vt 1.483183 0.116237
vt 1.453156 0.116229
vt 1.483168 0.132383
vt 1.453141 0.132376
vt 1.031924 -0.392044
vt 1.047976 -0.393492
vt 1.036049 -0.373057
vt 1.051484 -0.377345
vt 0.560446 0.228290
vt 0.519809 0.228290
vt 0.519809 0.208931
vt 0.560446 0.208931
vt 0.074660 1.093373
vt 0.053927 1.097150
vt 0.052346 1.082450
vt 0.069978 1.079238
vt 1.464067 0.285353
vt 1.464062 0.301816
vt 1.434035 0.301808
vt 1.434040 0.285345
vt 0.906764 0.785628
vt 0.899161 0.798655
vt 0.887234 0.778220
vt 0.882552 0.792355
vt 0.479039 0.228290
vt 0.423389 0.228290
vt 0.423389 0.208931
vt 0.479039 0.208931
vt 0.479028 0.247277
vt 0.423378 0.247277
vt 0.423378 0.189944
vt 0.479028 0.189944
vt 0.423356 0.172059
vt 0.479006 0.172059
vt 0.845362 0.774443
vt 0.866501 0.774443
vt 0.864920 0.789143
vt 0.846943 0.789143
vt 0.824629 0.778220
vt 0.829312 0.792355
vt 0.423323 0.155963
vt 0.478973 0.155963
vt 1.464067 0.317963
vt 1.464081 0.333173
vt 1.434054 0.333165
vt 1.434040 0.317955
vt 1.464105 0.346861
vt 1.434078 0.346854
vt 1.464136 0.358503
vt 1.434110 0.358495
vt 0.805099 0.785628
vt 0.812703 0.798655
vt 1.469917 0.880997
vt 1.499944 0.880997
vt 0.206457 1.110852
vt 0.262107 1.110838
vt 0.206494 1.097164
vt 0.262145 1.097150
vt -0.007475 1.085965
vt -0.025051 1.075209
vt -0.014819 1.063791
vt 0.000129 1.072938
vt 0.911552 1.181248
vt 0.952188 1.181237
vt 0.911589 1.167559
vt 0.952226 1.167549
vt 1.088407 -0.314632
vt 1.096010 -0.327659
vt 1.070830 -0.325387
vt 1.081063 -0.336806
vt 1.242225 -0.164388
vt 1.272251 -0.164388
vt 1.055882 -0.339076
vt 1.068351 -0.348447
vt 0.560412 0.172059
vt 0.519775 0.172059
vt 0.519743 0.155963
vt 0.560380 0.155963
vt 1.044138 -0.355172
vt 1.058363 -0.362135
vt 0.560434 0.189944
vt 0.519797 0.189944
vt 0.012055 1.093373
vt 0.016738 1.079238
vt 0.032788 1.097150
vt 0.034369 1.082450
vt 1.002152 0.992936
vt 1.019729 0.982181
vt 1.027332 0.995208
vt 1.012385 1.004354
vt 0.093060 1.163807
vt 0.037410 1.163807
vt 0.093060 1.183165
vt 0.037410 1.183165
vt 0.959123 0.901386
vt 0.943687 0.897098
vt 0.951033 0.919271
vt 0.936808 0.912308
vt 0.939289 0.935367
vt 0.926820 0.925996
vt 0.093048 1.202152
vt 0.037398 1.202152
vt 0.924341 0.949056
vt 0.914109 0.937637
vt 0.093026 1.220037
vt 0.037376 1.220037
vt 0.764043 0.196503
vt 0.794070 0.196503
vt 0.963247 1.078952
vt 0.979299 1.077504
vt 1.467990 -0.452330
vt 1.427354 -0.452330
vt 1.427331 -0.470215
vt 1.467968 -0.470215
vt 1.468002 -0.433343
vt 1.427365 -0.433343
vt 1.058620 0.143872
vt 1.058620 0.124513
vt 1.074672 0.125961
vt 1.074672 0.142424
vt 1.062744 0.105526
vt 1.078179 0.109814
vt 1.004815 0.229112
vt 1.004825 0.245259
vt 0.974798 0.245259
vt 0.405007 1.181784
vt 0.400883 1.162797
vt 0.416935 1.161349
vt 0.420442 1.177496
vt 0.413096 1.199669
vt 0.427321 1.192706
vt 0.424841 1.215765
vt 0.437309 1.206394
vt 1.371648 0.153987
vt 1.412285 0.153987
vt 1.412285 0.173346
vt 1.371648 0.173346
vt 1.371659 0.135001
vt 1.412296 0.135001
vt 0.539500 1.051064
vt 0.518767 1.054841
vt 0.517186 1.040141
vt 0.534818 1.036929
vt 0.497628 1.054841
vt 0.499209 1.040141
vt 0.944588 0.196503
vt 0.944579 0.212649
vt 0.914552 0.212649
vt 0.914562 0.196503
vt 0.944579 0.229112
vt 0.914552 0.229112
vt 0.944607 0.181293
vt 0.914581 0.181293
vt 0.476895 1.051064
vt 0.481577 1.036929
vt 0.944635 0.167604
vt 0.914608 0.167604
vt 0.457365 1.043656
vt 0.464968 1.030629
vt 1.371682 0.117115
vt 1.412318 0.117115
vt 1.371714 0.101019
vt 1.412351 0.101019
vt 0.439788 1.229454
vt 0.450021 1.218035
vt 0.457365 1.240209
vt 0.464968 1.227182
vt 0.476895 1.247617
vt 0.481577 1.233482
vt 1.371755 0.087330
vt 1.412392 0.087331
vt 0.497628 1.251394
vt 0.499209 1.236694
vt 0.789387 1.292843
vt 0.830024 1.292852
vt 0.830059 1.306604
vt 0.789423 1.306595
vt 1.377132 1.274108
vt 1.377162 1.285803
vt 1.347136 1.285796
vt 1.347105 1.274101
vt 0.518767 1.251394
vt 0.517186 1.236694
vt 1.377109 1.260377
vt 1.347083 1.260370
vt 0.539500 1.247617
vt 0.534818 1.233482
vt 1.377095 1.245138
vt 1.347069 1.245131
vt 0.559030 1.240209
vt 0.551426 1.227182
vt 1.377091 1.228976
vt 1.347064 1.228970
vt 0.576606 1.229454
vt 0.566374 1.218035
vt 0.789344 1.220414
vt 0.829981 1.220424
vt 0.829975 1.239782
vt 0.789338 1.239773
vt 0.829981 1.258786
vt 0.789344 1.258777
vt 0.400883 0.966244
vt 0.400883 0.946885
vt 0.416935 0.948333
vt 0.416935 0.964796
vt 0.405007 0.985231
vt 0.420442 0.980943
vt 0.413096 1.003116
vt 0.427321 0.996153
vt 0.829997 1.276706
vt 0.789360 1.276696
vt 0.424841 1.019212
vt 0.437309 1.009841
vt 0.439788 1.032901
vt 0.450021 1.021483
vt 1.316913 1.260377
vt 1.316936 1.274108
vt 1.286909 1.274101
vt 1.286886 1.260370
vt 1.316966 1.285803
vt 1.286939 1.285796
vt 0.914644 0.155963
vt 1.336023 0.785628
vt 1.353599 0.796383
vt 1.343367 0.807801
vt 1.328419 0.798655
vt 1.316493 0.778220
vt 1.311811 0.792355
vt 1.412500 0.087331
vt 1.453137 0.087330
vt 1.453095 0.101019
vt 1.412458 0.101019
vt 0.830108 1.292843
vt 0.870744 1.292852
vt 0.870780 1.306604
vt 0.830143 1.306595
vt 1.151332 0.720953
vt 1.131802 0.728361
vt 1.127120 0.714226
vt 1.143728 0.707926
vt 1.111069 0.732138
vt 1.109488 0.717438
vt 1.286837 1.274108
vt 1.286868 1.285803
vt 1.256841 1.285796
vt 1.256811 1.274101
vt 0.914552 0.155963
vt 0.914517 0.167604
vt 0.884490 0.167604
vt 0.884525 0.155963
vt 1.089930 0.732138
vt 1.091511 0.717438
vt 1.286815 1.260377
vt 1.256788 1.260370
vt 1.069197 0.728361
vt 1.073879 0.714226
vt 1.286801 1.245138
vt 1.256774 1.245131
vt 1.049667 0.720953
vt 1.057270 0.707926
vt 1.286796 1.228976
vt 1.256769 1.228970
vt 1.286801 1.212514
vt 1.256774 1.212507
vt 1.032090 0.710198
vt 1.042323 0.698779
vt 0.830065 1.220414
vt 0.870702 1.220424
vt 0.870696 1.239782
vt 0.830059 1.239773
vt 0.870702 1.258786
vt 0.830065 1.258777
vt 1.234358 0.785628
vt 1.253888 0.778220
vt 1.258570 0.792355
vt 1.241961 0.798655
vt 1.274621 0.774443
vt 1.276202 0.789143
vt 1.295760 0.774443
vt 1.294179 0.789143
vt 0.870718 1.276706
vt 0.830081 1.276696
vt 1.316899 1.245138
vt 1.286872 1.245131
vt 1.316894 1.228976
vt 1.286868 1.228970
vt 1.316899 1.212514
vt 1.286872 1.212507
vt 1.216781 0.796383
vt 1.227014 0.807801
vt 1.201834 0.810072
vt 1.214302 0.819443
vt 0.830081 1.201445
vt 0.870718 1.201455
vt 0.830108 1.183595
vt 0.870744 1.183604
vt 1.017143 0.696509
vt 1.029611 0.687138
vt 1.005399 0.680413
vt 1.019624 0.673450
vt 1.286837 1.181201
vt 1.286815 1.196382
vt 1.256788 1.196375
vt 1.256811 1.181195
vt 1.286868 1.167556
vt 1.256841 1.167549
vt 0.997309 0.662528
vt 1.012744 0.658240
vt 1.499935 1.107294
vt 1.499963 1.120982
vt 1.469936 1.120982
vt 1.469909 1.107294
vt 0.993185 0.643541
vt 1.009237 0.642093
vt 0.830143 1.167549
vt 0.870780 1.167558
vt 0.641886 0.265162
vt 0.682523 0.265162
vt 0.682555 0.281258
vt 0.641918 0.281258
vt 1.190089 0.826168
vt 1.204314 0.833131
vt 1.182000 0.844053
vt 1.197435 0.848341
vt 1.177876 0.863040
vt 1.193928 0.864488
vt 0.641863 0.247277
vt 0.682500 0.247277
vt 1.177876 0.882399
vt 1.193928 0.880951
vt 0.641852 0.228290
vt 0.682489 0.228290
vt 0.993185 0.624182
vt 1.009237 0.625630
vt 0.997309 0.605195
vt 1.012744 0.609483
vt 1.005398 0.587310
vt 1.019623 0.594273
vt 0.641852 0.208931
vt 0.682489 0.208931
vt 1.499907 1.059474
vt 1.499907 1.075937
vt 1.469880 1.075937
vt 1.469880 1.059474
vt 1.499916 1.092084
vt 1.469890 1.092084
vt 1.253888 0.974773
vt 1.274621 0.970996
vt 1.276202 0.985696
vt 1.258570 0.988908
vt 1.234358 0.982181
vt 1.241961 0.995208
vt 0.560512 0.208931
vt 0.560501 0.189944
vt 0.601137 0.189944
vt 0.601149 0.228290
vt 0.560512 0.228290
vt 0.457365 0.672920
vt 0.476895 0.665512
vt 0.481577 0.679647
vt 0.464968 0.685947
vt 0.497628 0.661735
vt 0.499209 0.676435
vt 1.498028 -0.213735
vt 1.498038 -0.197589
vt 1.468011 -0.197589
vt 1.468002 -0.213735
vt 1.498028 -0.230199
vt 1.468002 -0.230199
vt 1.498038 -0.246345
vt 1.468011 -0.246345
vt 0.518767 0.661735
vt 0.517186 0.676435
vt 0.539500 0.665512
vt 0.534818 0.679647
vt 1.498057 -0.261555
vt 1.468030 -0.261555
vt 0.601138 0.247277
vt 0.560501 0.247277
vt 0.601115 0.265162
vt 0.560478 0.265162
vt 1.216781 0.992936
vt 1.227014 1.004354
vt 1.201834 1.006625
vt 1.214302 1.015996
vt 1.499935 1.028117
vt 1.499916 1.043327
vt 1.469890 1.043327
vt 1.469909 1.028117
vt 1.017143 0.571214
vt 1.029611 0.580585
vt 1.032090 0.557525
vt 1.042323 0.568943
vt 0.641863 0.189944
vt 0.682500 0.189944
vt 0.641886 0.172059
vt 0.682522 0.172059
vt 1.190089 0.919271
vt 1.182000 0.901386
vt 1.197435 0.897098
vt 1.204314 0.912308
vt 1.201834 0.935367
vt 1.214302 0.925996
vt 1.468058 -0.320289
vt 1.498085 -0.320289
vt 1.468058 -0.336752
vt 1.498085 -0.336752
vt 0.497628 0.858288
vt 0.499209 0.872988
vt 0.476895 0.862065
vt 0.481577 0.876200
vt 0.682555 0.208931
vt 0.723192 0.208931
vt 0.723192 0.228290
vt 0.682555 0.228290
vt 0.603298 1.106566
vt 0.611388 1.124451
vt 0.595953 1.128739
vt 0.589073 1.113529
vt 1.469936 1.166028
vt 1.499963 1.166028
vt 1.269125 0.162859
vt 1.253690 0.158571
vt 0.641786 0.228290
vt 1.216781 0.949056
vt 1.227014 0.937637
vt 0.641918 0.155963
vt 0.682555 0.155963
vt 1.234358 0.959811
vt 1.241961 0.946784
vt 1.115174 1.292844
vt 1.155811 1.292854
vt 1.155848 1.306543
vt 1.115212 1.306533
vt 1.049667 0.546770
vt 1.057270 0.559797
vt 1.069197 0.539362
vt 1.073879 0.553497
vt 1.483988 0.064127
vt 1.484019 0.075768
vt 1.453993 0.075761
vt 1.453961 0.064119
vt 1.499963 1.014429
vt 1.469936 1.014429
vt 1.190089 1.022721
vt 1.204314 1.029684
vt 1.182000 1.040606
vt 1.197435 1.044894
vt 0.601083 0.281258
vt 0.560446 0.281258
vt 0.993001 1.292844
vt 1.033638 1.292854
vt 1.033675 1.306543
vt 0.993038 1.306533
vt 0.559030 0.672920
vt 0.551426 0.685947
vt 0.576606 0.683675
vt 0.566374 0.695094
vt 1.498085 -0.275244
vt 1.468058 -0.275244
vt 1.494206 0.465064
vt 1.494238 0.476705
vt 1.464211 0.476697
vt 1.464179 0.465056
vt 1.494182 0.451375
vt 1.464156 0.451368
vt 0.591554 0.697364
vt 0.579086 0.706735
vt 0.959123 1.097939
vt 0.951033 1.115824
vt 0.936808 1.108861
vt 0.943687 1.093651
vt 0.963247 1.078952
vt 0.947195 1.077504
vt 1.155899 1.292844
vt 1.196536 1.292854
vt 1.196573 1.306543
vt 1.155936 1.306533
vt 1.155871 1.276748
vt 1.196508 1.276758
vt 1.121394 0.785628
vt 1.138970 0.796383
vt 1.128738 0.807801
vt 1.113790 0.798655
vt 1.153918 0.810072
vt 1.141449 0.819443
vt 1.494182 0.333173
vt 1.494206 0.346861
vt 1.464179 0.346854
vt 1.464156 0.333165
vt 1.494238 0.358503
vt 1.464211 0.358495
vt 1.269125 -0.033694
vt 1.261035 -0.015809
vt 1.246810 -0.022772
vt 1.253690 -0.037982
vt 1.273249 -0.052681
vt 1.257197 -0.054129
vt 0.952276 1.292844
vt 0.992913 1.292854
vt 0.992950 1.306543
vt 0.952313 1.306533
vt 0.952248 1.276748
vt 0.992885 1.276758
vt 1.167593 0.300851
vt 1.185170 0.311606
vt 1.174937 0.323025
vt 1.159990 0.313878
vt 1.200117 0.325295
vt 1.187649 0.334666
vt 1.464081 0.451375
vt 1.464105 0.465064
vt 1.434078 0.465056
vt 1.434054 0.451368
vt 1.464136 0.476705
vt 1.434110 0.476697
vt 1.464067 0.436165
vt 1.434040 0.436158
vt 1.211862 0.341391
vt 1.197637 0.348354
vt 0.166724 0.990642
vt 0.166724 1.007105
vt 0.154796 1.027539
vt 0.170232 1.023252
vt 0.093083 1.206349
vt 0.149152 1.206363
vt 0.149179 1.222459
vt 0.093110 1.222445
vt 0.093066 1.188463
vt 0.149135 1.188477
vt 1.335121 0.364057
vt 1.337557 0.364057
vt 0.149217 1.236148
vt 0.093148 1.236134
vt 0.423257 0.281258
vt 0.367188 0.281258
vt 0.367220 0.265162
vt 0.423289 0.265162
vt 0.154796 0.970207
vt 0.162886 0.952322
vt 0.177111 0.959285
vt 0.170232 0.974495
vt 1.272308 -0.164388
vt 1.272336 -0.178077
vt 1.302362 -0.178077
vt 1.302335 -0.164388
vt 0.174630 0.936226
vt 0.187099 0.945596
vt 1.272355 -0.193287
vt 1.302381 -0.193287
vt 1.148063 0.293443
vt 1.143381 0.307578
vt 1.127330 0.289666
vt 1.125749 0.304366
vt 0.519709 0.265162
vt 0.479072 0.265162
vt 0.479094 0.247277
vt 0.519731 0.247277
vt 0.519676 0.281258
vt 0.479039 0.281258
vt 1.249291 0.000287
vt 1.234343 0.013976
vt 1.224111 0.002558
vt 1.236823 -0.009083
vt 1.302391 -0.164388
vt 1.302419 -0.178077
vt 1.332445 -0.178077
vt 1.332418 -0.164388
vt 1.302438 -0.193287
vt 1.332464 -0.193287
vt 1.081131 0.774443
vt 1.101864 0.778220
vt 1.097181 0.792355
vt 1.079550 0.789143
vt 0.763927 0.265162
vt 0.723291 0.265162
vt 0.723313 0.247277
vt 0.763950 0.247277
vt 0.763895 0.281258
vt 0.723258 0.281258
vt 0.939289 1.131920
vt 0.924341 1.145609
vt 0.914109 1.134190
vt 0.926820 1.122549
vt 0.906765 1.156364
vt 0.899161 1.143337
vt 0.723324 0.228290
vt 0.763961 0.228290
vt 0.887234 1.163772
vt 0.882552 1.149637
vt 0.723324 0.208931
vt 0.763961 0.208931
vt 1.039258 0.778220
vt 1.059991 0.774443
vt 1.061572 0.789143
vt 1.043941 0.792355
vt 1.302447 -0.209434
vt 1.332474 -0.209434
vt 1.302447 -0.225897
vt 1.332474 -0.225897
vt 1.302438 -0.242044
vt 1.332464 -0.242044
vt 1.019729 0.785628
vt 1.027332 0.798655
vt 1.302419 -0.257254
vt 1.332445 -0.257254
vt 1.002152 0.796383
vt 1.012385 0.807802
vt 0.763950 0.189944
vt 0.723313 0.189944
vt 0.723290 0.172059
vt 0.763927 0.172059
vt 0.866501 1.167549
vt 0.845362 1.167549
vt 0.846943 1.152849
vt 0.864920 1.152849
vt 0.824629 1.163772
vt 0.829312 1.149637
vt 0.763895 0.155963
vt 1.498057 -0.182379
vt 1.468030 -0.182379
vt 1.498085 -0.168690
vt 1.468058 -0.168690
vt 0.424841 0.697364
vt 0.439788 0.683676
vt 0.450021 0.695094
vt 0.437309 0.706735
vt 0.601115 0.172059
vt 0.560478 0.172059
vt 0.560446 0.155963
vt 0.601083 0.155963
vt 1.295760 0.970996
vt 1.316493 0.974773
vt 1.311811 0.988908
vt 1.294179 0.985696
vt 1.336023 0.982181
vt 1.328419 0.995208
vt 0.748702 1.167549
vt 0.789338 1.167558
vt 0.789303 1.183604
vt 0.748666 1.183595
vt 1.353600 0.992936
vt 1.343367 1.004354
vt 0.789276 1.201455
vt 0.748639 1.201445
vt 0.405007 0.731346
vt 0.413096 0.713460
vt 0.427321 0.720424
vt 0.420442 0.735633
vt 1.347064 1.167556
vt 1.347034 1.181201
vt 1.317007 1.181195
vt 1.317037 1.167549
vt 1.347011 1.196382
vt 1.316985 1.196375
vt 0.805099 1.156364
vt 0.787523 1.145609
vt 0.797755 1.134190
vt 0.812703 1.143337
vt 0.870829 1.183595
vt 0.911465 1.183604
vt 0.911439 1.201455
vt 0.870802 1.201445
vt 0.870864 1.167549
vt 0.911501 1.167558
vt 0.967371 0.844054
vt 0.975460 0.826168
vt 0.989685 0.833131
vt 0.982806 0.848341
vt 0.987204 0.810072
vt 0.999673 0.819443
vt 1.256739 1.181201
vt 1.256716 1.196382
vt 1.226690 1.196375
vt 1.226712 1.181195
vt 1.256769 1.167556
vt 1.226743 1.167549
vt 1.302391 -0.270942
vt 1.332418 -0.270942
vt 1.134632 0.032140
vt 1.115102 0.024731
vt 1.122705 0.011704
vt 1.139314 0.018004
vt 1.155365 0.035916
vt 1.156946 0.021216
vt 0.615596 1.165302
vt 0.656233 1.165312
vt 0.656197 1.181358
vt 0.615560 1.181348
vt 0.519709 0.172059
vt 0.479072 0.172059
vt 0.479039 0.155963
vt 0.519676 0.155963
vt 1.021660 0.341391
vt 1.033404 0.325295
vt 1.045872 0.334666
vt 1.035885 0.348354
vt 1.048352 0.311606
vt 1.058584 0.323025
vt 1.272336 -0.257254
vt 1.272308 -0.270942
vt 1.302335 -0.270942
vt 1.302362 -0.257254
vt 1.226671 1.167556
vt 1.226641 1.181201
vt 1.196614 1.181195
vt 1.196645 1.167549
vt 0.247418 0.900597
vt 0.268557 0.900597
vt 0.266976 0.915297
vt 0.248999 0.915297
vt 0.289290 0.904374
vt 0.284608 0.918509
vt 1.186156 -0.303447
vt 1.242225 -0.303434
vt 1.242189 -0.287388
vt 1.186120 -0.287401
vt 0.423289 0.172059
vt 0.367220 0.172059
vt 0.367188 0.155963
vt 0.423257 0.155963
vt 1.242163 -0.269538
vt 1.186093 -0.269551
vt 1.242146 -0.250569
vt 1.186077 -0.250582
vt 0.308820 0.911782
vt 0.326396 0.922537
vt 0.316164 0.933955
vt 0.301216 0.924809
vt 1.226618 1.196382
vt 1.196591 1.196375
vt 1.226604 1.212514
vt 1.196578 1.212507
vt 1.009446 0.378263
vt 1.013570 0.359277
vt 1.029005 0.363564
vt 1.025498 0.379711
vt 0.615534 1.199199
vt 0.656171 1.199208
vt 0.656154 1.218177
vt 0.615517 1.218168
vt 1.097525 0.013976
vt 1.082578 0.000287
vt 1.095046 -0.009083
vt 1.107758 0.002558
vt 1.256703 1.212514
vt 1.226676 1.212507
vt 1.070833 -0.015809
vt 1.085059 -0.022772
vt 1.256698 1.228976
vt 1.226671 1.228970
vt 0.963247 0.882399
vt 0.963247 0.863040
vt 0.979298 0.864488
vt 0.979299 0.880951
vt 0.870786 1.220414
vt 0.911422 1.220424
vt 0.911417 1.239782
vt 0.870780 1.239773
vt 0.772575 1.131920
vt 0.760831 1.115824
vt 0.775056 1.108861
vt 0.785044 1.122549
vt 1.346997 1.212514
vt 1.316971 1.212507
vt 1.346992 1.228976
vt 1.316966 1.228970
vt 1.346997 1.245138
vt 1.316971 1.245131
vt 0.752741 1.097939
vt 0.768177 1.093651
vt 0.748617 1.078952
vt 0.764669 1.077504
vt 1.347011 1.260377
vt 1.316984 1.260370
vt 0.748617 1.059593
vt 0.764669 1.061041
vt 1.347034 1.274108
vt 1.317007 1.274101
vt 0.752741 1.040606
vt 0.768176 1.044894
vt 1.347064 1.285803
vt 1.317037 1.285796
vt 0.854316 0.285799
vt 0.854351 0.274158
vt 0.884377 0.274158
vt 0.884342 0.285799
vt 0.760831 1.022721
vt 0.775056 1.029684
vt 1.467894 -0.194655
vt 1.427257 -0.194655
vt 1.427299 -0.208344
vt 1.467935 -0.208344
vt 0.870829 1.292843
vt 0.911465 1.292852
vt 0.911501 1.306604
vt 0.870864 1.306595
vt 1.019729 0.959811
vt 1.002152 0.949056
vt 1.012385 0.937638
vt 1.027332 0.946784
vt 0.987204 0.935367
vt 0.999673 0.925996
vt 1.256739 1.274108
vt 1.256769 1.285803
vt 1.226743 1.285796
vt 1.226712 1.274101
vt 0.854316 0.155963
vt 0.854280 0.167604
vt 0.824254 0.167604
vt 0.824289 0.155963
vt 0.975460 0.919271
vt 0.989685 0.912308
vt 1.256716 1.260377
vt 1.226690 1.260370
vt 0.967371 0.901386
vt 0.982806 0.897098
vt 1.256703 1.245138
vt 1.226676 1.245131
vt 1.062744 -0.033694
vt 1.058620 -0.052681
vt 1.074672 -0.054129
vt 1.078179 -0.037982
vt 0.615517 1.256531
vt 0.656154 1.256540
vt 0.656171 1.274459
vt 0.615534 1.274450
vt 0.615512 1.237526
vt 0.656149 1.237536
vt 1.021660 0.434494
vt 1.013570 0.416609
vt 1.029005 0.412321
vt 1.035885 0.427531
vt 1.009446 0.397622
vt 1.025498 0.396174
vt 1.226600 1.228976
vt 1.196573 1.228970
vt 1.226604 1.245138
vt 1.196578 1.245131
vt 0.341344 0.936226
vt 0.328875 0.945596
vt 0.353088 0.952322
vt 0.338863 0.959285
vt 0.361178 0.970207
vt 0.345743 0.974495
vt 1.226618 1.260377
vt 1.196591 1.260370
vt 0.365302 0.989194
vt 0.349250 0.990642
vt 1.226641 1.274108
vt 1.196614 1.274101
vt 0.365302 1.008553
vt 0.349250 1.007105
vt 1.226671 1.285803
vt 1.196645 1.285796
vt 0.361178 1.027539
vt 0.345742 1.023252
vt 0.824197 0.155963
vt 0.824162 0.167604
vt 0.794136 0.167604
vt 0.794171 0.155963
vt 0.824135 0.181293
vt 0.794108 0.181293
vt 0.353088 1.045425
vt 0.338863 1.038462
vt 1.273315 0.076947
vt 1.329384 0.076947
vt 1.329352 0.093044
vt 1.273283 0.093044
vt 1.273357 0.063259
vt 1.329426 0.063259
vt 1.329329 0.110929
vt 1.273260 0.110929
vt 1.329318 0.129916
vt 1.273249 0.129916
vt 0.341344 1.061521
vt 0.326396 1.075210
vt 0.316164 1.063791
vt 0.328875 1.052150
vt 0.824116 0.196503
vt 0.794089 0.196503
vt 0.824106 0.212649
vt 0.824106 0.229112
vt 0.308820 1.085965
vt 0.301216 1.072938
vt 0.289290 1.093373
vt 0.284607 1.079238
vt 0.824116 0.245259
vt 0.794089 0.245259
vt 0.824135 0.260469
vt 0.794108 0.260469
vt 0.268557 1.097150
vt 0.266976 1.082450
vt 1.273260 0.168261
vt 1.329329 0.168261
vt 1.329352 0.186146
vt 1.273283 0.186146
vt 1.273249 0.149274
vt 1.329318 0.149274
vt 1.329384 0.202243
vt 1.273315 0.202243
vt 1.329426 0.215931
vt 1.273357 0.215931
vt 0.247417 1.097150
vt 0.226685 1.093373
vt 0.231367 1.079238
vt 0.248998 1.082450
vt 0.824162 0.274158
vt 0.824197 0.285799
vt 0.794171 0.285799
vt 0.794136 0.274158
vt 1.200118 0.450590
vt 1.185170 0.464279
vt 1.174937 0.452861
vt 1.187649 0.441219
vt 1.211862 0.434494
vt 1.197637 0.427531
vt 0.302955 1.236134
vt 0.343592 1.236134
vt 0.343633 1.249822
vt 0.302997 1.249822
vt 0.302923 1.220037
vt 0.343560 1.220037
vt 1.197237 -0.156860
vt 1.216767 -0.149452
vt 1.209163 -0.136425
vt 1.192555 -0.142725
vt 1.176504 -0.160637
vt 1.174923 -0.145937
vt 0.854253 0.260469
vt 0.854280 0.274158
vt 0.824254 0.274158
vt 0.824226 0.260469
vt 0.824289 0.285799
vt 1.165662 0.919271
vt 1.153918 0.935367
vt 1.141449 0.925996
vt 1.151437 0.912308
vt 1.138970 0.949056
vt 1.128738 0.937637
vt 1.467935 -0.333639
vt 1.427299 -0.333639
vt 1.467968 -0.317542
vt 1.427331 -0.317542
vt 0.887234 0.974773
vt 0.906764 0.982181
vt 0.899161 0.995208
vt 0.882552 0.988908
vt 0.866501 0.970996
vt 0.864920 0.985696
vt 0.854378 0.181293
vt 0.854351 0.167604
vt 0.884377 0.167604
vt 0.884405 0.181293
vt 0.884342 0.155963
vt 0.854397 0.196503
vt 0.884424 0.196503
vt 0.845362 0.970996
vt 0.846943 0.985696
vt 0.854407 0.212649
vt 0.884434 0.212649
vt 0.824629 0.974773
vt 0.829312 0.988908
vt 0.805099 0.982181
vt 0.812703 0.995208
vt 0.854407 0.229112
vt 0.884434 0.229112
vt 0.854397 0.245259
vt 0.884424 0.245259
vt 0.787523 0.992936
vt 0.797755 1.004354
vt 1.468002 -0.261312
vt 1.427365 -0.261312
vt 1.427365 -0.280670
vt 1.468002 -0.280670
vt 1.467990 -0.242325
vt 1.427354 -0.242325
vt 1.101864 0.967219
vt 1.079550 0.956296
vt 1.097182 0.953084
vt 1.061573 0.956296
vt 0.854234 0.196503
vt 0.854224 0.212649
vt 0.824197 0.212649
vt 0.824207 0.196503
vt 0.854224 0.229112
vt 0.824197 0.229112
vt 0.854253 0.181293
vt 0.824226 0.181293
vt 1.039259 0.967219
vt 1.043941 0.953084
vt 1.467968 -0.224440
vt 1.427331 -0.224440
vt 0.772575 1.006625
vt 0.785044 1.015996
vt 0.854378 0.260469
vt 0.884405 0.260469
vt 0.497628 0.858288
vt 0.476895 0.854511
vt 0.481577 0.840376
vt 0.499209 0.843588
vt 0.457365 0.847103
vt 0.464968 0.834076
vt 0.384344 1.220037
vt 0.343707 1.220037
vt 0.343730 1.202152
vt 0.384366 1.202152
vt 0.384312 1.236134
vt 0.343675 1.236134
vt 1.368547 1.131920
vt 1.353599 1.145609
vt 1.343367 1.134190
vt 1.356079 1.122549
vt 1.380291 1.115824
vt 1.366066 1.108861
vt 0.914489 0.181293
vt 0.884463 0.181293
vt 0.914470 0.196503
vt 0.884444 0.196503
vt 1.388381 1.097939
vt 1.372946 1.093651
vt 0.914461 0.212649
vt 1.336023 1.156364
vt 1.328419 1.143337
vt 0.914461 0.229112
vt 1.316493 1.163772
vt 1.311811 1.149637
vt 0.384378 1.183165
vt 0.343741 1.183165
vt 0.343741 1.163807
vt 0.384378 1.163807
vt 0.539500 0.854511
vt 0.518767 0.858288
vt 0.517186 0.843588
vt 0.534818 0.840376
vt 0.559030 0.847103
vt 0.551426 0.834076
vt 0.343730 1.144820
vt 0.384366 1.144820
vt 0.576607 0.836348
vt 0.566374 0.824930
vt 0.343707 1.126935
vt 0.384344 1.126935
vt 1.295760 1.167549
vt 1.274621 1.167549
vt 1.276202 1.152849
vt 1.294179 1.152849
vt 1.253888 1.163772
vt 1.258570 1.149637
vt 0.343675 1.110838
vt 0.384312 1.110838
vt 0.914489 0.260469
vt 0.914517 0.274158
vt 0.884490 0.274158
vt 0.884463 0.260469
vt 0.914470 0.245259
vt 0.884444 0.245259
vt 1.207814 0.624182
vt 1.207814 0.643541
vt 1.191762 0.642093
vt 1.191762 0.625630
vt 1.203690 0.605195
vt 1.188255 0.609483
vt 1.412426 0.210218
vt 1.453063 0.210218
vt 1.453095 0.226314
vt 1.412458 0.226314
vt 1.412404 0.192333
vt 1.453040 0.192333
vt 1.388381 0.901386
vt 1.380291 0.919271
vt 1.366066 0.912308
vt 1.372946 0.897098
vt 1.392505 0.882399
vt 1.376453 0.880951
vt 0.944607 0.260469
vt 0.914581 0.260469
vt 0.944588 0.245259
vt 0.914562 0.245259
vt 1.392505 0.863040
vt 1.376453 0.864488
vt 1.388381 0.844053
vt 1.372946 0.848341
vt 1.412392 0.173346
vt 1.453029 0.173346
vt 1.412392 0.153987
vt 1.453029 0.153987
vt 1.203690 0.662528
vt 1.188255 0.658240
vt 1.195600 0.680413
vt 1.181375 0.673450
vt 1.183856 0.696509
vt 1.171388 0.687138
vt 1.412404 0.135001
vt 1.453040 0.135001
vt 1.168908 0.710198
vt 1.158676 0.698779
vt 1.412426 0.117115
vt 1.453063 0.117115
vt 1.380291 0.826168
vt 1.366066 0.833131
vt 1.368547 0.810072
vt 1.356079 0.819443
vt 0.576607 1.032901
vt 0.559030 1.043656
vt 0.551426 1.030629
vt 0.566374 1.021483
vt 1.371659 0.192333
vt 1.412296 0.192333
vt 1.412318 0.210218
vt 1.371682 0.210218
vt 0.400883 1.143438
vt 0.416935 1.144886
vt 1.004844 0.260469
vt 0.974817 0.260469
vt 1.368547 0.935367
vt 1.356079 0.925996
vt 1.453137 0.240003
vt 1.412500 0.240003
vt 1.353599 0.949056
vt 1.343367 0.937637
vt 1.115212 1.167549
vt 1.155848 1.167559
vt 1.155811 1.183655
vt 1.115174 1.183645
vt 1.183856 0.571214
vt 1.195600 0.587310
vt 1.181375 0.594273
vt 1.171388 0.580585
vt 0.914552 0.285799
vt 0.884525 0.285799
vt 1.484019 -0.042427
vt 1.483988 -0.028738
vt 1.453961 -0.028746
vt 1.453993 -0.042434
vt 1.168908 0.557525
vt 1.158676 0.568943
vt 1.483964 -0.013528
vt 1.453938 -0.013536
vt 1.216781 1.145609
vt 1.201834 1.131920
vt 1.214302 1.122549
vt 1.227014 1.134190
vt 1.234358 1.156364
vt 1.241961 1.143337
vt 0.993001 1.183645
vt 1.033638 1.183655
vt 1.033610 1.201540
vt 0.992973 1.201530
vt 0.993038 1.167549
vt 1.033675 1.167559
vt 0.615512 0.769691
vt 0.611388 0.788678
vt 0.595953 0.784390
vt 0.599460 0.768243
vt 0.603298 0.806563
vt 0.589073 0.799600
vt 1.494206 0.372199
vt 1.494182 0.387408
vt 1.464156 0.387401
vt 1.464179 0.372191
vt 1.494238 0.358510
vt 1.464211 0.358503
vt 0.591554 0.822659
vt 0.579086 0.813289
vt 0.924341 0.992936
vt 0.914109 1.004354
vt 0.939289 1.006625
vt 0.926820 1.015996
vt 1.155899 1.183645
vt 1.196536 1.183655
vt 1.196508 1.201540
vt 1.155871 1.201530
vt 1.155936 1.167549
vt 1.196573 1.167559
vt 1.173752 0.901386
vt 1.158317 0.897098
vt 1.161824 0.880951
vt 1.494238 0.240308
vt 1.494206 0.253996
vt 1.464179 0.253989
vt 1.464211 0.240300
vt 1.494182 0.269206
vt 1.464156 0.269199
vt 1.494168 0.285353
vt 1.464141 0.285345
vt 1.177876 0.863040
vt 1.161824 0.864488
vt 1.494163 0.301816
vt 1.464136 0.301808
vt 1.173752 0.844053
vt 1.158317 0.848341
vt 1.155854 1.220517
vt 1.196491 1.220527
vt 1.196485 1.239886
vt 1.155848 1.239876
vt 0.951033 1.022721
vt 0.959123 1.040606
vt 0.943687 1.044894
vt 0.936808 1.029684
vt 1.494168 0.403555
vt 1.494163 0.420018
vt 1.464136 0.420011
vt 1.464141 0.403548
vt 0.615512 0.750332
vt 0.599460 0.751780
vt 0.611388 0.731345
vt 0.595953 0.735633
vt 0.992956 1.220517
vt 1.033593 1.220527
vt 1.033587 1.239886
vt 0.992950 1.239876
vt 1.190089 1.115824
vt 1.182000 1.097939
vt 1.197435 1.093651
vt 1.204314 1.108861
vt 1.483950 0.002618
vt 1.453923 0.002611
vt 1.483945 0.019082
vt 1.453918 0.019074
vt 1.131802 0.539362
vt 1.151332 0.546770
vt 1.143728 0.559797
vt 1.127120 0.553497
vt 1.115130 1.220517
vt 1.155766 1.220527
vt 1.155761 1.239886
vt 1.115124 1.239876
vt 1.115147 1.201530
vt 1.155783 1.201540
vt 1.316493 0.967219
vt 1.295760 0.970996
vt 1.294179 0.956296
vt 1.311811 0.953084
vt 1.336023 0.959811
vt 1.328419 0.946784
vt 1.483945 -0.099121
vt 1.453918 -0.099128
vt 1.483950 -0.082974
vt 1.453923 -0.082981
vt 1.274621 0.970996
vt 1.276202 0.956296
vt 0.611388 0.927898
vt 0.595953 0.932186
vt 0.603298 0.910013
vt 0.589073 0.916976
vt 1.033675 1.239876
vt 1.074312 1.239886
vt 1.074317 1.258873
vt 1.033681 1.258862
vt 0.476895 1.058618
vt 0.497628 1.054841
vt 0.499209 1.069541
vt 0.481577 1.072753
vt 1.498033 -0.422337
vt 1.468007 -0.422345
vt 1.253888 0.967219
vt 1.258570 0.953084
vt 1.115130 1.258862
vt 1.155766 1.258873
vt 1.155783 1.276758
vt 1.115147 1.276748
vt 1.089930 0.535585
vt 1.111069 0.535585
vt 1.109488 0.550285
vt 1.091511 0.550285
vt 1.483950 0.035228
vt 1.483964 0.050438
vt 1.453938 0.050431
vt 1.453923 0.035221
vt 1.193928 1.061041
vt 1.193928 1.077504
vt 0.992973 1.276748
vt 1.033610 1.276758
vt 0.992956 1.258862
vt 1.033593 1.258873
vt 0.603298 0.713460
vt 0.589073 0.720423
vt 1.494168 0.436165
vt 1.464141 0.436158
vt 0.963247 1.059593
vt 0.947195 1.061041
vt 1.155854 1.258862
vt 1.196491 1.258873
vt 1.165662 0.826168
vt 1.151437 0.833131
vt 1.494168 0.317963
vt 1.464141 0.317955
vt 1.273249 -0.072040
vt 1.257197 -0.070592
vt 1.269125 -0.091026
vt 1.253690 -0.086739
vt 0.952231 1.258862
vt 0.992868 1.258873
vt 0.952226 1.239876
vt 0.992862 1.239886
vt 1.219951 0.359276
vt 1.204516 0.363564
vt 1.224075 0.378263
vt 1.208023 0.379711
vt 0.952231 1.220517
vt 0.992868 1.220527
vt 1.464062 0.420018
vt 1.434035 0.420011
vt 1.464067 0.403555
vt 1.434040 0.403548
vt 1.224075 0.397622
vt 1.208023 0.396174
vt 1.464081 0.387409
vt 1.434054 0.387401
vt 0.174630 1.061521
vt 0.162886 1.045425
vt 0.177111 1.038461
vt 0.187099 1.052150
vt 0.189578 1.075209
vt 0.199811 1.063791
vt 0.093066 1.150118
vt 0.149135 1.150132
vt 0.149129 1.169491
vt 0.093060 1.169477
vt 0.093083 1.131131
vt 0.149152 1.131145
vt 0.093110 1.113246
vt 0.149179 1.113260
vt 0.093148 1.097150
vt 0.149217 1.097164
vt 0.207154 1.085965
vt 0.214758 1.072938
vt 1.464136 0.358510
vt 1.464105 0.372199
vt 1.434078 0.372191
vt 1.434110 0.358503
vt 1.219951 0.416609
vt 1.204516 0.412321
vt 0.952276 1.183645
vt 0.992913 1.183655
vt 0.992885 1.201540
vt 0.952248 1.201530
vt 0.952313 1.167549
vt 0.992950 1.167559
vt 1.234343 -0.138697
vt 1.249291 -0.125008
vt 1.236823 -0.115637
vt 1.224111 -0.127278
vt 1.261035 -0.108912
vt 1.246810 -0.101948
vt 0.343633 1.097150
vt 0.384270 1.097150
vt 0.384270 1.249822
vt 1.392505 1.078952
vt 1.376453 1.077504
vt 0.748666 1.292843
vt 0.789303 1.292852
vt 0.789338 1.306604
vt 0.748702 1.306595
vt 0.439788 0.836348
vt 0.450021 0.824930
vt 0.424841 0.822659
vt 0.437309 0.813289
vt 0.413096 0.806563
vt 0.427321 0.799600
vt 0.748639 1.276696
vt 0.789276 1.276706
vt 0.405007 0.788678
vt 0.420442 0.784390
vt 0.748623 1.258777
vt 0.789260 1.258786
vt 1.392505 1.059593
vt 1.376453 1.061041
vt 1.388381 1.040606
vt 1.372946 1.044894
vt 1.380291 1.022721
vt 1.366066 1.029684
vt 0.748617 1.239773
vt 0.789254 1.239782
vt 1.368547 1.006625
vt 1.356079 1.015996
vt 0.748623 1.220414
vt 0.789260 1.220424
vt 0.400883 0.769691
vt 0.400883 0.750332
vt 0.416935 0.751780
vt 0.416935 0.768243
vt 1.082578 -0.125008
vt 1.097525 -0.138696
vt 1.107758 -0.127278
vt 1.095046 -0.115637
vt 1.070833 -0.108911
vt 1.085058 -0.101948
vt 0.302923 1.126935
vt 0.343560 1.126935
vt 0.343537 1.144820
vt 0.302900 1.144820
vt 0.302955 1.110838
vt 0.343592 1.110838
vt 1.106191 0.486219
vt 1.085458 0.482442
vt 1.090141 0.468307
vt 1.107772 0.471519
vt 1.065928 0.475034
vt 1.073532 0.462007
vt 1.048352 0.464279
vt 1.058584 0.452861
vt 0.302997 1.097150
vt 0.343633 1.097150
vt 1.033404 0.450590
vt 1.045873 0.441219
vt 0.615560 1.290596
vt 0.656197 1.290605
vt 0.656233 1.304358
vt 0.615596 1.304348
vt 1.062744 -0.091026
vt 1.078179 -0.086738
vt 1.058620 -0.072039
vt 1.074672 -0.070592
vt 1.127330 0.486219
vt 1.125749 0.471519
vt 0.343526 1.163807
vt 0.302889 1.163807
vt 1.148063 0.482442
vt 1.143381 0.468307
vt 0.343526 1.183165
vt 1.115102 -0.149452
vt 1.134632 -0.156860
vt 1.139314 -0.142725
vt 1.122705 -0.136425
vt 1.155365 -0.160637
vt 1.156946 -0.145937
vt 0.343537 1.202152
vt 0.302900 1.202152
vt 1.167593 0.475034
vt 1.159990 0.462007
vt 0.854234 0.245259
vt 0.824207 0.245259
vt 1.121394 0.959811
vt 1.113790 0.946784
vt 1.467990 -0.299657
vt 1.427354 -0.299657
vt 1.186120 -0.178153
vt 1.242189 -0.178141
vt 1.186156 -0.164401
vt 1.186093 -0.194300
vt 1.242163 -0.194287
vt 1.186077 -0.212219
vt 1.242146 -0.212206
vt 1.186072 -0.231223
vt 1.242141 -0.231210
vt 0.870786 1.258777
vt 0.911422 1.258786
vt 0.911439 1.276706
vt 0.870802 1.276696
vt 0.423312 0.189944
vt 0.367243 0.189944
vt 0.423323 0.208931
vt 0.367254 0.208931
vt 0.226685 0.904374
vt 0.231367 0.918509
vt 0.207155 0.911782
vt 0.214758 0.924809
vt 0.189578 0.922537
vt 0.199811 0.933955
vt 0.423323 0.228290
vt 0.367254 0.228290
vt 1.272364 -0.209434
vt 1.272364 -0.225897
vt 1.302391 -0.225897
vt 1.302391 -0.209434
vt 1.272355 -0.242044
vt 1.302381 -0.242044
vt 1.085458 0.293443
vt 1.106191 0.289666
vt 1.107772 0.304366
vt 1.090140 0.307578
vt 0.519743 0.228290
vt 0.479106 0.228290
vt 0.479106 0.208931
vt 0.519743 0.208931
vt 1.216767 0.024731
vt 1.197237 0.032140
vt 1.192555 0.018004
vt 1.209163 0.011704
vt 1.176504 0.035916
vt 1.174923 0.021216
vt 0.479094 0.189944
vt 0.519731 0.189944
vt 1.065928 0.300851
vt 1.073532 0.313878
vt 0.423312 0.247277
vt 0.367243 0.247277
vt 0.601215 0.155963
vt 0.641852 0.155963
vt 0.697038 1.165302
vt 0.737675 1.165312
vt 1.034952 0.248791
vt 1.004925 0.248784
vt 1.246589 -0.445401
vt 1.246632 -0.474154
vt 1.248649 -0.474153
vt 1.248606 -0.445400
vt 1.246689 -0.500000
vt 1.248706 -0.500000
vt 1.273390 0.063259
vt 1.273330 0.037332
vt 1.275347 0.037331
vt 1.275407 0.063258
vt 1.215461 0.724841
vt 1.215511 0.698995
vt 1.217947 0.698995
vt 1.217897 0.724841
vt 1.215546 0.670242
vt 1.215563 0.639688
vt 1.217999 0.639688
vt 1.217982 0.670242
vt 0.714426 0.777944
vt 0.714426 0.809127
vt 0.711990 0.809127
vt 0.711990 0.777944
vt 0.133366 -0.132902
vt 0.169865 -0.132902
vt 0.173248 -0.129727
vt 0.133025 -0.129727
vt -0.026551 0.141744
vt -0.012584 0.172624
vt -0.017346 0.171811
vt -0.029291 0.145402
vt 0.714445 0.839710
vt 0.712008 0.839710
vt 0.819631 -0.207727
vt 0.819643 -0.230605
vt 0.822832 -0.230612
vt 0.822820 -0.207734
vt 0.097569 -0.139423
vt 0.096558 -0.136370
vt 0.812153 -0.163486
vt 0.812153 -0.178942
vt 0.815342 -0.178942
vt 0.815342 -0.163487
vt 0.714599 0.670576
vt 0.714533 0.692625
vt 0.712097 0.692625
vt 0.712163 0.670576
vt 0.700566 0.396640
vt 0.684585 0.374737
vt 0.702404 0.361345
vt 0.720896 0.386689
vt 0.007694 0.200415
vt 0.005001 0.202439
vt 1.215461 0.523023
vt 1.215397 0.500872
vt 1.217833 0.500872
vt 1.217897 0.523023
vt 0.122162 0.634000
vt 0.156212 0.634000
vt 0.153570 0.637718
vt 0.124804 0.637719
vt 0.623208 0.982154
vt 0.623155 0.956226
vt 0.625592 0.956226
vt 0.625644 0.982153
vt 1.215511 0.549031
vt 1.217947 0.549031
vt 0.292372 0.550684
vt 0.305402 0.521875
vt 0.308735 0.522801
vt 0.295444 0.552187
vt 1.335014 0.449376
vt 1.335066 0.423449
vt 1.337503 0.423449
vt 1.337450 0.449376
vt 1.215546 0.577895
vt 1.217982 0.577895
vt 0.033502 -0.170783
vt 0.063849 -0.152214
vt 0.059396 -0.150466
vt 0.033443 -0.166347
vt 0.623089 0.934177
vt 0.625525 0.934177
vt 0.003917 0.580951
vt 0.024257 0.599578
vt 0.009633 0.615896
vt -0.013902 0.594343
vt 0.459142 0.333670
vt 0.435225 0.348305
vt 0.420601 0.331987
vt 0.448276 0.315053
vt -0.037675 0.181762
vt -0.051349 0.151530
vt 0.603307 -0.243227
vt 0.620884 -0.253982
vt 0.638265 -0.234586
vt 0.616223 -0.221098
vt 1.475231 1.289622
vt 1.475213 1.321975
vt 1.472023 1.321974
vt 1.472042 1.289621
vt 0.392289 0.400717
vt 0.379259 0.429526
vt 0.374761 0.431174
vt 0.389217 0.399214
vt 0.853721 -0.496970
vt 0.882368 -0.500000
vt 0.883540 -0.436220
vt 0.868458 -0.434624
vt 0.007694 -0.194418
vt 0.005001 -0.192394
vt 1.475231 1.257861
vt 1.472042 1.257859
vt 1.224249 0.486219
vt 1.224182 0.464170
vt 1.226199 0.464170
vt 1.226266 0.486219
vt 0.435283 0.352741
vt 0.411206 0.374790
vt 0.408514 0.372767
vt 0.563044 -0.428595
vt 0.541905 -0.428595
vt 0.539219 -0.453565
vt 0.565730 -0.453565
vt 1.273286 -0.112635
vt 1.273330 -0.138562
vt 1.275347 -0.138562
vt 1.275303 -0.112635
vt 1.479566 0.984018
vt 1.479546 0.950087
vt 1.482217 0.950087
vt 1.482237 0.984019
vt 0.635831 -0.392966
vt 0.620884 -0.406655
vt 0.638265 -0.426050
vt 0.657011 -0.408884
vt 1.224130 0.438243
vt 1.226147 0.438243
vt 0.892799 0.398432
vt 0.892799 0.426819
vt 0.760833 0.426819
vt 0.760833 0.398432
vt 1.475244 0.913292
vt 1.475244 0.945646
vt 1.472055 0.945646
vt 1.472055 0.913292
vt 1.224094 0.409434
vt 1.226111 0.409434
vt 1.417531 0.492064
vt 1.417598 0.514113
vt 1.415581 0.514113
vt 1.415514 0.492064
vt 0.884861 -0.202644
vt 0.884861 -0.229545
vt 0.888050 -0.229539
vt 0.888050 -0.202638
vt 1.486178 0.222848
vt 1.486158 0.188917
vt 1.488829 0.188917
vt 1.488849 0.222848
vt 1.215563 0.608506
vt 1.217999 0.608506
vt 1.224075 0.378851
vt 1.226093 0.378851
vt 1.417650 0.540040
vt 1.415633 0.540040
vt 0.254117 0.599578
vt 0.274457 0.580951
vt 0.292276 0.594343
vt 0.268740 0.615896
vt 0.952184 -0.199131
vt 0.952184 -0.185428
vt 0.948995 -0.185423
vt 0.948995 -0.199126
vt 1.417686 0.568849
vt 1.415669 0.568849
vt 1.479545 0.915491
vt 1.482217 0.915491
vt 0.659789 -0.320639
vt 0.659789 -0.339998
vt 0.687056 -0.342457
vt 0.687056 -0.318179
vt 0.837175 0.642420
vt 0.867605 0.642406
vt 0.867605 0.763258
vt 0.837175 0.763272
vt 0.859195 -0.176000
vt 0.859195 -0.162296
vt 0.856006 -0.162301
vt 0.856006 -0.176004
vt 0.495053 0.627917
vt 0.528449 0.634000
vt 0.525065 0.637175
vt 0.496853 0.632036
vt 1.417650 0.690006
vt 1.417598 0.715933
vt 1.415581 0.715933
vt 1.415633 0.690006
vt 1.486158 0.154321
vt 1.488829 0.154321
vt 1.389489 1.199844
vt 1.389489 1.232198
vt 1.386300 1.232198
vt 1.386300 1.199844
vt 0.435283 0.598660
vt 0.463595 0.615984
vt 0.461953 0.618797
vt 0.433073 0.601126
vt 0.469118 -0.267671
vt 0.457374 -0.283767
vt 0.449284 -0.301652
vt 0.445160 -0.320639
vt 0.445160 -0.339998
vt 0.449284 -0.358984
vt 0.457374 -0.376870
vt 0.469118 -0.392966
vt 0.484065 -0.406655
vt 0.501642 -0.417410
vt 0.521172 -0.424818
vt 0.583777 -0.424818
vt 0.603307 -0.417410
vt 0.647575 -0.376870
vt 0.655665 -0.358984
vt 0.655665 -0.301652
vt 0.647575 -0.283767
vt 0.635831 -0.267671
vt 0.583777 -0.235819
vt 0.563044 -0.232042
vt 0.541905 -0.232042
vt 0.521172 -0.235819
vt 0.501642 -0.243227
vt 0.484065 -0.253982
vt 0.623208 1.132120
vt 0.623244 1.103311
vt 0.625680 1.103311
vt 0.625644 1.132120
vt 0.935084 -0.215118
vt 0.935084 -0.229986
vt 0.937756 -0.229988
vt 0.937756 -0.215120
vt 1.417686 0.661197
vt 1.415669 0.661197
vt 0.895526 -0.229545
vt 0.895526 -0.202644
vt 0.892337 -0.202638
vt 0.892337 -0.229540
vt 0.623156 1.158047
vt 0.625592 1.158047
vt 1.246554 -0.383665
vt 1.246562 -0.414846
vt 1.248580 -0.414846
vt 1.248571 -0.383664
vt 0.522806 0.658183
vt 0.490161 0.652237
vt 0.844752 -0.230612
vt 0.844739 -0.206149
vt 0.842068 -0.206143
vt 0.842081 -0.230606
vt 1.417705 0.599432
vt 1.415688 0.599432
vt 0.153569 0.313683
vt 0.124804 0.313683
vt 0.122545 0.292675
vt 0.155829 0.292675
vt 0.900925 -0.199287
vt 0.900925 -0.170521
vt 0.898254 -0.170517
vt 0.898254 -0.199282
vt 0.714533 0.894446
vt 0.714600 0.916495
vt 0.712163 0.916495
vt 0.712097 0.894446
vt 1.246562 -0.353053
vt 1.248580 -0.353053
vt 1.417705 0.630614
vt 1.415688 0.630614
vt 0.562499 0.634000
vt 0.595895 0.627917
vt 0.596906 0.630970
vt 0.562840 0.637175
vt 0.844752 -0.177383
vt 0.842081 -0.177378
vt 0.714481 0.868519
vt 0.712044 0.868519
vt 0.623244 1.010962
vt 0.625680 1.010962
vt 0.681884 -0.294368
vt 0.671739 -0.271939
vt -0.004227 0.768603
vt 0.024411 0.768573
vt 0.024411 0.889425
vt -0.004226 0.889455
vt 1.246589 -0.324189
vt 1.248606 -0.324189
vt 0.591730 -0.211808
vt 0.834597 -0.180833
vt 0.834597 -0.207734
vt 0.837786 -0.207739
vt 0.837786 -0.180838
vt 1.273286 0.008523
vt 1.273258 -0.022060
vt 1.275275 -0.022061
vt 1.275303 0.008522
vt 0.623262 1.041545
vt 0.625698 1.041545
vt 0.913714 -0.206035
vt 0.913714 -0.230612
vt 0.916385 -0.230605
vt 0.916385 -0.206029
vt 0.623262 1.072728
vt 0.625698 1.072728
vt 0.834560 -0.164264
vt 0.834560 -0.179133
vt 0.837749 -0.179135
vt 0.837749 -0.164266
vt 1.246632 -0.298182
vt 1.248649 -0.298182
vt 0.849047 -0.176316
vt 0.849034 -0.200779
vt 0.851705 -0.200773
vt 0.851718 -0.176310
vt 0.827126 -0.179765
vt 0.827114 -0.202643
vt 0.830303 -0.202636
vt 0.830315 -0.179759
vt 1.246689 -0.276030
vt 1.248706 -0.276030
vt 0.565729 -0.207071
vt 0.539219 -0.207071
vt 0.941519 -0.168447
vt 0.941519 -0.183316
vt 0.944190 -0.183318
vt 0.944190 -0.168449
vt 1.335102 0.394640
vt 1.337539 0.394640
vt 0.274457 0.370450
vt 0.254117 0.351823
vt 0.268740 0.335505
vt 0.292276 0.357058
vt 0.714481 0.718553
vt 0.712044 0.718553
vt 0.928137 -0.215120
vt 0.928137 -0.229988
vt 0.930808 -0.229986
vt 0.930808 -0.215118
vt 0.714445 0.747361
vt 0.712008 0.747361
vt 0.827126 -0.229544
vt 0.830315 -0.229537
vt 1.224075 0.347668
vt 1.224094 0.317085
vt 1.226111 0.317085
vt 1.226093 0.347668
vt 0.962896 -0.169062
vt 0.962895 -0.182765
vt 0.965567 -0.182761
vt 0.965567 -0.169058
vt 1.389470 1.168112
vt 1.386281 1.168112
vt 1.224130 0.288276
vt 1.226147 0.288276
vt 1.273258 -0.083826
vt 1.275275 -0.083826
vt 1.335066 0.273483
vt 1.335014 0.247556
vt 1.337450 0.247556
vt 1.337503 0.273483
vt 0.447938 -0.251753
vt 0.433210 -0.271939
vt 1.224182 0.262349
vt 1.226199 0.262349
vt 1.273249 -0.053243
vt 1.275266 -0.053243
vt 0.423065 -0.294368
vt 1.224249 0.240300
vt 1.226266 0.240300
vt 0.436855 -0.031003
vt 0.432731 -0.012016
vt 0.374917 -0.017231
vt 0.381262 -0.046447
vt 0.817353 0.073999
vt 0.834929 0.084755
vt 0.807544 0.131674
vt 0.780498 0.115125
vt 0.761174 -0.438253
vt 0.779090 -0.458946
vt 0.829166 -0.414605
vt 0.819734 -0.403711
vt 0.436855 0.026329
vt 0.444945 0.044214
vt 0.393710 0.069293
vt 0.381262 0.041773
vt 0.590878 0.084755
vt 0.608455 0.073999
vt 0.645309 0.115125
vt 0.618264 0.131674
vt 0.456689 0.060311
vt 0.471637 0.073999
vt 0.434782 0.115125
vt 0.411782 0.094061
vt 0.489213 -0.089428
vt 0.471637 -0.078673
vt 0.434782 -0.119799
vt 0.461828 -0.136348
vt 0.623402 0.060311
vt 0.635147 0.044214
vt 0.686381 0.069293
vt 0.668310 0.094061
vt 0.969118 0.060311
vt 0.980863 0.044214
vt 1.032097 0.069294
vt 1.014026 0.094061
vt 0.571348 -0.096837
vt 0.550615 -0.100613
vt 0.556310 -0.153559
vt 0.588212 -0.147747
vt 0.635147 -0.048888
vt 0.623402 -0.064985
vt 0.668310 -0.098735
vt 0.686381 -0.073967
vt 0.529476 -0.100613
vt 0.523782 -0.153559
vt 0.782571 -0.031003
vt 0.778447 -0.012016
vt 0.720633 -0.017231
vt 0.726978 -0.046447
vt 0.988952 0.026329
vt 0.993076 0.007342
vt 1.050891 0.012557
vt 1.044545 0.041773
vt 0.608455 -0.078673
vt 0.645309 -0.119799
vt 0.936594 0.084755
vt 0.954171 0.073999
vt 0.991025 0.115125
vt 0.963980 0.131674
vt 0.790661 -0.048888
vt 0.739426 -0.073967
vt 0.590878 -0.089428
vt 0.618264 -0.136348
vt 0.988952 -0.031003
vt 0.980863 -0.048888
vt 1.032097 -0.073967
vt 1.044545 -0.046447
vt 0.802405 -0.064984
vt 0.757498 -0.098735
vt 0.802405 0.060311
vt 0.757498 0.094061
vt 0.917064 0.092163
vt 0.933928 0.143073
vt 0.854459 0.092163
vt 0.837595 0.143073
vt 0.643236 0.026329
vt 0.698829 0.041773
vt 0.936594 -0.089428
vt 0.917064 -0.096837
vt 0.933928 -0.147747
vt 0.963980 -0.136348
vt 0.817353 -0.078673
vt 0.780498 -0.119799
vt 0.778447 0.007343
vt 0.720633 0.012557
vt 0.782571 0.026329
vt 0.790661 0.044214
vt 0.739426 0.069294
vt 0.726978 0.041773
vt 0.647360 0.007343
vt 0.705175 0.012557
vt 0.896331 -0.100613
vt 0.875192 -0.100613
vt 0.869498 -0.153559
vt 0.902026 -0.153559
vt 0.647360 -0.012016
vt 0.705175 -0.017231
vt 0.571348 0.092163
vt 0.588212 0.143073
vt 0.969118 -0.064985
vt 0.954171 -0.078673
vt 0.991025 -0.119799
vt 1.014026 -0.098735
vt 0.643236 -0.031003
vt 0.698829 -0.046447
vt 0.432731 0.007343
vt 0.374917 0.012557
vt 0.489213 0.084755
vt 0.508743 0.092163
vt 0.491879 0.143073
vt 0.461828 0.131674
vt 0.854459 -0.096837
vt 0.837595 -0.147747
vt 0.529476 0.095940
vt 0.523782 0.148885
vt 0.834929 -0.089428
vt 0.807544 -0.136348
vt 0.550615 0.095940
vt 0.556310 0.148885
vt 0.508743 -0.096837
vt 0.491879 -0.147747
vt 0.875192 0.095940
vt 0.869498 0.148885
vt 0.896331 0.095940
vt 0.902026 0.148885
vt 0.993076 -0.012016
vt 1.050891 -0.017231
vt 0.456689 -0.064984
vt 0.411782 -0.098735
vt 0.444945 -0.048888
vt 0.393710 -0.073967
vt 0.681884 -0.366268
vt 0.513218 -0.211808
vt 0.488726 -0.221098
vt 0.513219 -0.448829
vt 0.417893 -0.318179
vt 0.942042 -0.198229
vt 0.942042 -0.213077
vt 0.944713 -0.213079
vt 0.944713 -0.198231
vt 0.923337 -0.182976
vt 0.923337 -0.168107
vt 0.920148 -0.168105
vt 0.920148 -0.182973
vt 0.616223 -0.439538
vt 1.482179 1.296828
vt 1.482199 1.328852
vt 1.479528 1.328850
vt 1.479508 1.296827
vt 0.466684 -0.234586
vt 0.930808 -0.199256
vt 0.930808 -0.184409
vt 0.927619 -0.184407
vt 0.927619 -0.199254
vt 0.657011 -0.251753
vt 0.958619 -0.183522
vt 0.958619 -0.169785
vt 0.955948 -0.169788
vt 0.955948 -0.183525
vt 0.466684 -0.426050
vt 0.488726 -0.439538
vt 0.433210 -0.388698
vt 0.447938 -0.408884
vt 0.591730 -0.448829
vt 0.417893 -0.342457
vt 0.423065 -0.366268
vt 0.316105 0.488872
vt 0.316105 0.462529
vt 0.339045 0.460460
vt 0.339045 0.490941
vt 0.295537 -0.194418
vt 0.315814 -0.222209
vt 0.317722 -0.218131
vt 0.300381 -0.194364
vt 0.671739 -0.388698
vt 0.915867 -0.200346
vt 0.915867 -0.177362
vt 0.912678 -0.177370
vt 0.912678 -0.200354
vt -0.037138 -0.282772
vt -0.031048 -0.254737
vt -0.053107 -0.248609
vt -0.060078 -0.280703
vt 0.740105 -0.389360
vt 0.748010 -0.414757
vt 0.812803 -0.391341
vt 0.808641 -0.377970
vt 0.911109 -0.497854
vt 0.938842 -0.490614
vt 0.913272 -0.431278
vt 0.898672 -0.435090
vt 0.915866 -0.175087
vt 0.915866 -0.161384
vt 0.912678 -0.161379
vt 0.912678 -0.175082
vt 0.943416 -0.241732
vt 0.915965 -0.233642
vt 0.901228 -0.295987
vt 0.915680 -0.300247
vt 0.805187 -0.252052
vt 0.782591 -0.268460
vt 0.831009 -0.314318
vt 0.842906 -0.305680
vt 0.763924 -0.288589
vt 0.749905 -0.311666
vt 0.813801 -0.337066
vt 0.821182 -0.324916
vt 0.063849 -0.452953
vt 0.033502 -0.434384
vt 0.031292 -0.436850
vt 0.062207 -0.455767
vt 1.005762 -0.442023
vt 1.019781 -0.418945
vt 0.955885 -0.393546
vt 0.948504 -0.405696
vt 1.021676 -0.315855
vt 1.008512 -0.292359
vt 0.949952 -0.326901
vt 0.956883 -0.339271
vt 0.190382 0.768647
vt 0.216155 0.768603
vt 0.216155 0.889455
vt 0.190382 0.889499
vt 0.987095 -0.462152
vt 0.938677 -0.416293
vt -0.462615 1.277722
vt -0.447724 1.277715
vt -0.447724 1.499929
vt -0.462615 1.499936
vt 0.858577 -0.232758
vt 0.830844 -0.239997
vt 0.856414 -0.299333
vt 0.871014 -0.295522
vt 0.275194 0.768558
vt 0.306191 0.768558
vt 0.306191 0.889410
vt 0.275194 0.889410
vt 0.801071 -0.476040
vt 0.840739 -0.423605
vt 0.887318 -0.230612
vt 0.886146 -0.294392
vt 0.892702 0.504488
vt 0.892642 0.524560
vt 0.760675 0.524560
vt 0.760736 0.504488
vt 0.928974 0.642421
vt 0.957556 0.642450
vt 0.957556 0.763302
vt 0.928974 0.763273
vt 0.826270 -0.488880
vt 0.854006 -0.430365
vt 0.239382 -0.152213
vt 0.269729 -0.170783
vt 0.271939 -0.168317
vt 0.241024 -0.149400
vt 1.029581 -0.341252
vt 0.961045 -0.352642
vt 0.085809 0.768558
vt 0.116211 0.768573
vt 0.116211 0.889425
vt 0.085809 0.889410
vt 1.028615 -0.393807
vt 0.960536 -0.380311
vt 0.754357 -0.173957
vt 0.754347 -0.203790
vt 0.757536 -0.203794
vt 0.757546 -0.173961
vt 0.968615 -0.254571
vt 0.928947 -0.307006
vt 1.031924 -0.367573
vt 0.962278 -0.366499
vt 0.741070 -0.336805
vt 0.809150 -0.350301
vt 0.644896 1.007642
vt 0.644916 1.040424
vt 1.356755 0.298972
vt 1.356774 0.331754
vt 0.644916 1.073849
vt 1.356774 0.365178
vt 0.644896 1.106631
vt 0.692887 0.685370
vt 0.692958 0.661735
vt 0.644858 1.137511
vt 0.644801 1.165302
vt 0.692831 0.713161
vt 1.237037 0.492064
vt 1.237106 0.515809
vt 0.692958 0.925336
vt 0.692887 0.901701
vt 0.692773 0.776823
vt 0.692792 0.744041
vt 1.237160 0.543686
vt 0.692831 0.873910
vt 1.237197 0.574625
vt 0.692792 0.843030
vt 0.692773 0.810248
vt 1.237216 0.607438
vt 1.237216 0.640861
vt 1.356755 0.397960
vt 1.356716 0.428840
vt 1.237159 0.704433
vt 1.237106 0.732138
vt 0.644801 0.948971
vt 0.644857 0.976762
vt 1.237197 0.673613
vt 1.356660 0.456632
vt 0.644730 0.925336
vt 1.356660 0.240300
vt 1.356716 0.268091
vt -0.057314 1.151886
vt -0.044284 1.123077
vt -0.030548 1.129800
vt -0.042410 1.156026
vt -0.063957 1.182469
vt -0.048458 1.183867
vt -0.063957 1.213651
vt -0.048458 1.212253
vt -0.057314 1.244234
vt -0.042410 1.240094
vt 1.329426 0.151631
vt 1.332763 0.120599
vt 1.348038 0.123381
vt 1.345000 0.151631
vt 1.332763 0.182663
vt 1.348038 0.179881
vt 1.342647 0.212503
vt 1.357036 0.207045
vt 1.358698 0.240003
vt 1.371648 0.232079
vt 1.421042 0.635572
vt 1.417705 0.604540
vt 1.433279 0.604540
vt 1.436317 0.632790
vt 1.430926 0.665412
vt 1.445315 0.659954
vt 1.446977 0.692912
vt 1.459927 0.684988
vt 1.468579 0.717016
vt 1.479591 0.706931
vt 0.006346 1.123077
vt 0.025263 1.097150
vt 0.037302 1.106198
vt 0.020081 1.129800
vt -0.006684 1.151886
vt 0.008219 1.156026
vt -0.013327 1.182469
vt 0.002172 1.183867
vt -0.013327 1.213651
vt 0.002172 1.212253
vt 0.025263 1.298970
vt 0.006346 1.273043
vt 0.020081 1.266320
vt 0.037302 1.289922
vt 0.053286 0.754325
vt 0.087336 0.754325
vt 0.054812 0.768558
vt -0.025366 1.097150
vt -0.013327 1.106198
vt -0.006684 1.244234
vt 0.008219 1.240094
vt 0.908342 0.397034
vt 0.908342 0.428217
vt 1.421042 0.573508
vt 1.436317 0.576290
vt 1.430926 0.543668
vt 1.445315 0.549126
vt 1.446977 0.516168
vt 1.459927 0.524092
vt 1.468579 0.492064
vt 1.479591 0.502149
vt 0.866150 0.628175
vt 0.900200 0.628175
vt 0.898601 0.642406
vt 1.342647 0.090759
vt 1.357036 0.096217
vt 1.358698 0.063259
vt 1.371648 0.071183
vt -0.025366 1.298970
vt -0.044284 1.273043
vt -0.030548 1.266320
vt -0.013327 1.289922
vt 0.273667 0.754325
vt 0.307717 0.754325
vt 0.737761 -0.363039
vt 0.807407 -0.364112
vt 0.405778 0.098573
vt 0.386861 0.072646
vt 1.207814 0.638958
vt 1.207814 0.609170
vt 0.429855 0.120622
vt 0.458167 0.137946
vt 0.489625 0.149879
vt 0.523021 0.155963
vt 1.327371 0.363360
vt 1.327371 0.333572
vt 0.405778 -0.103247
vt 0.429855 -0.125296
vt 0.386861 -0.077320
vt 0.373831 -0.048511
vt 0.367188 0.013254
vt 0.367188 -0.017928
vt 0.373831 0.043838
vt 0.458167 -0.142620
vt 0.489625 -0.154553
vt 0.523021 -0.160637
vt 0.693231 0.072646
vt 0.674313 0.098573
vt 0.706261 0.043837
vt 0.712904 0.013254
vt 0.712904 -0.017928
vt 0.693231 -0.077320
vt 0.706261 -0.048511
vt 0.615512 1.072031
vt 0.615512 1.042243
vt 0.650236 -0.125296
vt 0.674313 -0.103247
vt 0.621925 -0.142620
vt 0.557071 -0.160637
vt 0.590467 -0.154553
vt 0.650236 0.120623
vt 0.722176 0.778642
vt 0.722176 0.808430
vt 0.590466 0.149879
vt 0.557071 0.155963
vt 0.621925 0.137946
vt 0.902787 -0.160637
vt 0.936183 -0.154553
vt 0.967641 -0.142620
vt 0.995952 -0.125296
vt 1.020029 -0.103247
vt 1.051977 0.043837
vt 1.038947 0.072646
vt 1.020029 0.098573
vt 0.995952 0.120623
vt 0.967641 0.137946
vt 0.803883 0.137946
vt 0.775571 0.120623
vt 0.751494 0.098573
vt 0.732577 0.072646
vt 0.719547 0.043837
vt 0.712904 0.013254
vt 0.712904 -0.017928
vt 0.719547 -0.048511
vt 0.732577 -0.077320
vt 0.751494 -0.103247
vt 0.803883 -0.142620
vt 0.835341 -0.154553
vt 0.868737 -0.160637
vt 0.775571 -0.125296
vt 0.835341 0.149879
vt 0.868737 0.155963
vt 0.902787 0.155963
vt 0.936183 0.149879
vt 1.058620 0.013254
vt 1.058620 -0.017928
vt 1.038947 -0.077320
vt 1.051977 -0.048511
vt 0.408553 -0.222153
vt 0.388276 -0.249944
vt 0.434361 -0.198518
vt 0.374308 -0.280824
vt 0.367188 -0.313606
vt 0.367188 -0.347030
vt 0.374308 -0.379813
vt 0.670588 -0.198518
vt 0.640241 -0.179948
vt 0.606521 -0.167157
vt 0.570724 -0.160637
vt 0.534225 -0.160637
vt 0.498428 -0.167157
vt 0.464708 -0.179948
vt 0.696396 -0.222152
vt 0.716673 -0.249944
vt 0.498428 -0.493479
vt 0.534225 -0.500000
vt 0.570724 -0.500000
vt 0.606521 -0.493479
vt 0.640241 -0.480688
vt 0.670588 -0.462119
vt 0.696396 -0.438484
vt 0.716673 -0.410693
vt 0.730641 -0.379813
vt 0.737761 -0.347030
vt 0.737761 -0.313606
vt 0.730641 -0.280824
vt 0.464708 -0.480688
vt 0.434361 -0.462119
vt 0.388276 -0.410693
vt 0.408553 -0.438484
vt 0.205662 -0.139423
vt 0.203862 -0.135304
vt 1.314564 0.568849
vt 1.314528 0.540040
vt 1.314476 0.514113
vt 1.376512 -0.160637
vt 1.376452 -0.138587
vt 1.275408 -0.160611
vt 1.376408 -0.112660
vt 1.376452 0.037306
vt 1.376512 0.063233
vt 1.349811 -0.499977
vt 1.349753 -0.474130
vt 1.349711 -0.445377
vt 1.349684 -0.414823
vt 1.327371 0.240300
vt 1.327304 0.262349
vt 1.327252 0.288276
vt 1.327216 0.317085
vt 1.327197 0.347668
vt 1.327197 0.378851
vt 1.327216 0.409434
vt 1.327252 0.438243
vt 1.327304 0.464170
vt 1.327371 0.486219
vt 1.314564 0.661197
vt 1.314583 0.630614
vt 1.314583 0.599432
vt 1.314528 0.690006
vt 1.314476 0.715933
vt 1.349753 -0.298158
vt 1.349811 -0.276007
vt 1.349711 -0.324166
vt 1.349684 -0.353030
vt 1.349675 -0.383641
vt 1.376408 0.008497
vt 1.376380 -0.022086
vt 1.376380 -0.083852
vt 1.376371 -0.053268
vt -0.011568 0.661785
vt 0.019890 0.661752
vt 0.019890 0.754342
vt -0.011568 0.754375
vt -0.039880 0.661833
vt -0.039880 0.754423
vt -0.063957 0.661894
vt -0.063957 0.754484
vt 0.372571 0.661785
vt 0.400883 0.661833
vt 0.400883 0.754423
vt 0.372571 0.754375
vt 0.180501 0.661833
vt 0.208813 0.661785
vt 0.208813 0.754375
vt 0.180502 0.754423
vt 0.964961 0.535634
vt 0.993185 0.535680
vt 0.993185 0.628270
vt 0.964961 0.628223
vt 0.933564 0.535602
vt 0.933564 0.628191
vt 0.900200 0.535585
vt 1.009339 0.513536
vt 1.009273 0.535585
vt 0.908168 0.535585
vt 0.908235 0.513536
vt 1.009392 0.487609
vt 0.908287 0.487609
vt 1.009428 0.458800
vt 0.908323 0.458800
vt 1.009446 0.428217
vt 1.009428 0.366451
vt 1.009446 0.397034
vt 0.908323 0.366451
vt 1.009392 0.337642
vt 0.908287 0.337643
vt 1.009340 0.311715
vt 0.908235 0.311715
vt 1.009273 0.289666
vt 0.908168 0.289666
vt 0.087336 0.661735
vt 0.120732 0.661752
vt 0.120732 0.754342
vt 0.053286 0.661735
vt 0.152190 0.661785
vt 0.152190 0.754375
vt 0.180501 0.661833
vt 0.180501 0.754423
vt 0.748617 0.535736
vt 0.772806 0.535678
vt 0.772806 0.628267
vt 0.748617 0.628325
vt 0.801205 0.535632
vt 0.801205 0.628222
vt 0.832724 0.535601
vt 0.832724 0.628190
vt 0.866150 0.535585
vt 0.240271 0.661752
vt 0.240271 0.754342
vt 0.273667 0.661735
vt 0.307717 0.661735
vt 0.341113 0.661752
vt 0.341113 0.754342
vt 1.433977 0.268091
vt 1.434015 0.298972
vt 0.722118 0.976762
vt 0.722157 1.007642
vt 1.433921 0.240300
vt 0.721990 0.925336
vt 0.722062 0.948971
vt 1.314457 0.673612
vt 1.314420 0.704432
vt 1.433977 0.428840
vt 1.433921 0.456632
vt 1.314476 0.640861
vt 1.314366 0.732137
vt 0.722157 1.106631
vt 0.722118 1.137511
vt 1.434035 0.365178
vt 1.434015 0.397960
vt 1.314457 0.574625
vt 1.314476 0.607437
vt 0.615532 0.843030
vt 0.615512 0.810248
vt 0.615512 0.776824
vt 0.615570 0.873910
vt 1.314420 0.543685
vt 0.615532 0.744041
vt 0.615570 0.713161
vt 0.615626 0.901701
vt 1.314366 0.515808
vt 0.615698 0.925336
vt 1.314298 0.492064
vt 0.615626 0.685370
vt 0.722062 1.165302
vt 0.615698 0.661735
vt 0.722176 1.073849
vt 1.434035 0.331754
vt 0.722176 1.040424
vt 1.453773 -0.035919
vt 1.453782 -0.003107
vt 1.376522 -0.003124
vt 1.376512 -0.035936
vt 1.453782 -0.069343
vt 1.376522 -0.069360
vt 1.453810 0.027833
vt 1.376550 0.027815
vt 1.453856 0.055710
vt 1.376596 0.055692
vt 1.453918 0.079454
vt 1.376657 0.079437
vt 1.427257 -0.500000
vt 1.427186 -0.476365
vt 1.349925 -0.476365
vt 1.349997 -0.500000
vt 1.469765 0.889531
vt 1.469775 0.922956
vt 1.392515 0.922975
vt 1.392505 0.889551
vt 1.469805 0.955738
vt 1.392544 0.955757
vt 1.469853 0.986618
vt 1.392592 0.986637
vt 1.469917 1.014409
vt 1.392656 1.014429
vt 1.453856 -0.132914
vt 1.453810 -0.102094
vt 1.376550 -0.102112
vt 1.376596 -0.132932
vt 1.453918 -0.160619
vt 1.376657 -0.160637
vt 1.469775 0.856749
vt 1.392515 0.856768
vt 1.469805 0.825869
vt 1.392544 0.825888
vt 1.427091 -0.318705
vt 1.427130 -0.287825
vt 1.349869 -0.287825
vt 1.349831 -0.318705
vt 1.427186 -0.260034
vt 1.349925 -0.260034
vt 1.427257 -0.236399
vt 1.349997 -0.236399
vt 1.392505 1.230760
vt 1.392561 1.202969
vt 1.469822 1.202969
vt 1.469766 1.230760
vt 1.392600 1.172089
vt 1.392619 1.139307
vt 1.469880 1.139307
vt 1.469860 1.172089
vt 1.392619 1.105882
vt 1.469880 1.105882
vt 1.392600 1.073100
vt 1.469860 1.073100
vt 1.392561 1.042220
vt 1.469822 1.042220
vt 1.469917 0.774443
vt 1.469853 0.798078
vt 1.392592 0.798097
vt 1.392656 0.774462
vt 1.392505 1.014429
vt 1.469766 1.014429
vt 1.427072 -0.351487
vt 1.349811 -0.351487
vt 1.427072 -0.384912
vt 1.349811 -0.384912
vt 1.427130 -0.448574
vt 1.427091 -0.417694
vt 1.349831 -0.417694
vt 1.349869 -0.448574
vt -0.033671 -0.319296
vt -0.033671 -0.285871
vt -0.037138 -0.319608
vt 0.451086 0.637415
vt 0.486843 0.652701
vt 0.450263 0.638825
vt 0.744739 0.457728
vt 0.737081 0.422472
vt 0.738752 0.422008
vt 0.746476 0.457571
vt 0.899802 -0.200779
vt 0.899802 -0.229545
vt 0.902473 -0.229540
vt 0.902473 -0.200775
vt -0.037400 0.389263
vt -0.052421 0.422472
vt -0.054091 0.422008
vt -0.038940 0.388509
vt 0.679741 0.576611
vt 0.698659 0.550684
vt 0.701731 0.552187
vt 0.682434 0.578635
vt 0.130765 0.286114
vt 0.172466 0.286114
vt 0.172637 0.287705
vt 0.130594 0.287705
vt 0.948472 -0.169062
vt 0.948472 -0.182765
vt 0.951661 -0.182761
vt 0.951661 -0.169058
vt 0.952184 -0.214283
vt 0.952184 -0.200580
vt 0.948995 -0.200576
vt 0.948995 -0.214279
vt 0.216348 0.278120
vt 0.249360 0.265598
vt 0.252713 0.265460
vt 0.213871 0.280194
vt 0.088766 0.323484
vt 0.057308 0.335417
vt 0.055666 0.332604
vt 0.087755 0.320432
vt 0.016668 -0.058335
vt -0.012818 -0.031332
vt -0.014168 -0.032346
vt 0.015561 -0.059571
vt 0.920143 -0.184543
vt 0.920143 -0.199412
vt 0.923332 -0.199409
vt 0.923332 -0.184541
vt 0.053870 -0.081099
vt 0.050517 -0.080961
vt 0.028996 0.352741
vt 0.024257 0.351823
vt -0.012584 0.011875
vt -0.026551 0.042755
vt -0.029291 0.039097
vt -0.017346 0.012688
vt 0.655664 0.598660
vt 0.655723 0.603096
vt -0.033671 0.075538
vt -0.033671 0.108962
vt -0.037138 0.109275
vt -0.037138 0.075225
vt 0.631806 0.617731
vt 0.670346 0.619414
vt 0.642672 0.636348
vt -0.026551 -0.253089
vt 0.716187 0.520227
vt 0.721798 0.494391
vt 0.744739 0.496460
vt 0.738245 0.526355
vt 0.723600 0.388509
vt 0.363309 0.111343
vt 0.363309 0.073155
vt 0.365047 0.072999
vt 0.365047 0.111500
vt 1.389470 1.263930
vt 1.386281 1.263930
vt 0.097569 -0.465744
vt 0.099369 -0.469863
vt 0.819643 -0.180826
vt 0.822832 -0.180833
vt 0.354580 0.032969
vt 0.356845 0.035237
vt 0.315773 0.562139
vt 0.330794 0.528929
vt 0.332465 0.529393
vt 0.317313 0.562892
vt 0.169865 0.261931
vt 0.205662 0.255410
vt 0.209657 0.257920
vt 0.170206 0.265106
vt 0.295316 0.593041
vt 1.479566 0.881560
vt 1.482237 0.881560
vt 0.463595 0.335417
vt 0.210553 -0.115103
vt 0.175508 -0.108719
vt 0.081064 0.651171
vt 0.122545 0.658727
vt 0.119390 0.659775
vt 0.080557 0.652701
vt 0.316049 -0.031332
vt 0.286562 -0.058335
vt 0.287670 -0.059571
vt 0.317398 -0.032347
vt 0.044800 0.637415
vt 0.043977 0.638825
vt 0.011055 0.618680
vt 0.063849 -0.058120
vt 0.033502 -0.039551
vt 0.031292 -0.042017
vt 0.064737 -0.062481
vt 0.369149 0.457011
vt 0.346209 0.454942
vt 0.352702 0.425046
vt 0.007694 -0.015916
vt 0.005001 -0.017940
vt 0.003917 0.370450
vt -0.013902 0.357058
vt 0.009633 0.335505
vt 0.249360 -0.081099
vt 0.252713 -0.080961
vt 0.004919 0.374791
vt -0.013998 0.400718
vt -0.017070 0.399214
vt 0.169864 -0.077432
vt 0.133366 -0.077432
vt 0.133025 -0.080607
vt 0.170206 -0.080607
vt -0.027028 0.429526
vt -0.030362 0.428600
vt -0.051349 0.032969
vt -0.037675 0.002737
vt 0.849047 -0.229544
vt 0.851718 -0.229539
vt 1.475263 0.881560
vt 1.472075 0.881560
vt 0.097569 -0.070911
vt 0.093574 -0.073420
vt -0.052420 0.528929
vt -0.037399 0.562139
vt -0.038939 0.562893
vt -0.054091 0.529393
vt -0.037525 0.184833
vt -0.053614 0.149262
vt -0.016942 0.593041
vt 0.238494 -0.062482
vt 0.209657 -0.073420
vt 0.216348 -0.093621
vt -0.013998 0.550684
vt 0.004919 0.576611
vt -0.017070 0.552188
vt 0.028996 0.598660
vt -0.035985 -0.210754
vt -0.012818 -0.179002
vt -0.014168 -0.177988
vt -0.037525 -0.210001
vt 0.528449 0.317401
vt 0.495053 0.323484
vt 0.494042 0.320432
vt 0.528107 0.314226
vt 0.133366 -0.472265
vt 0.129983 -0.475440
vt 0.562499 0.317401
vt 0.565883 0.314226
vt 0.338052 -0.208180
vt 0.318200 -0.180972
vt 0.959131 -0.214280
vt 0.959132 -0.200577
vt 0.956460 -0.200580
vt 0.956460 -0.214283
vt 1.475213 1.227913
vt 1.472023 1.227911
vt 0.305402 0.429526
vt 0.292372 0.400718
vt 0.295444 0.399214
vt 0.308735 0.428600
vt 0.392289 0.550684
vt 0.411206 0.576611
vt 0.406362 0.576664
vt 0.390381 0.554761
vt 0.007694 -0.410749
vt 0.002850 -0.410803
vt 0.273454 0.374790
vt 0.249377 0.352741
vt -0.012584 -0.382958
vt -0.014491 -0.387035
vt 0.851724 -0.175890
vt 0.851724 -0.162153
vt 0.848535 -0.162158
vt 0.848535 -0.175895
vt 0.064737 0.246981
vt 0.093574 0.257919
vt 0.086883 0.278120
vt 0.053870 0.265598
vt 0.711689 0.521875
vt 0.718332 0.491292
vt 0.761828 -0.201932
vt 0.761840 -0.230608
vt 0.764511 -0.230612
vt 0.764499 -0.201936
vt 0.189608 0.323484
vt 0.156212 0.317401
vt 0.190619 0.320432
vt 0.956460 -0.216636
vt 0.956460 -0.230339
vt 0.959131 -0.230342
vt 0.959131 -0.216639
vt 0.122162 0.317401
vt 0.934572 -0.168128
vt 0.934572 -0.182997
vt 0.937243 -0.182999
vt 0.937243 -0.168131
vt 0.727528 1.097851
vt 0.727528 1.130204
vt 0.724339 1.130204
vt 0.724339 1.097851
vt 0.865643 -0.229545
vt 0.865643 -0.200779
vt 0.862972 -0.200775
vt 0.862972 -0.229540
vt 0.727509 1.066118
vt 0.724320 1.066118
vt 0.238494 0.246981
vt 0.727509 1.161937
vt 0.724320 1.161937
vt 0.930290 -0.183125
vt 0.930290 -0.167669
vt 0.927619 -0.167669
vt 0.927619 -0.183124
vt 0.329782 -0.253089
vt 0.333115 -0.252163
vt 0.336902 -0.285871
vt 0.340369 -0.285559
vt 0.273454 0.576611
vt 0.336902 -0.319296
vt 0.340369 -0.322394
vt 0.249377 0.598660
vt 0.329782 -0.352078
vt 0.334279 -0.350430
vt 0.221066 0.615984
vt 0.222708 0.618797
vt 0.315814 -0.382958
vt 0.295537 -0.410749
vt 0.298230 -0.412773
vt 0.318887 -0.384462
vt 0.312045 0.491292
vt 0.944713 -0.229986
vt 0.944713 -0.215118
vt 0.942042 -0.215120
vt 0.942042 -0.229988
vt 0.269729 -0.434384
vt 0.269787 -0.438820
vt 0.189608 0.627917
vt 0.190619 0.630970
vt 0.935084 -0.198365
vt 0.935084 -0.213234
vt 0.937755 -0.213232
vt 0.937756 -0.198363
vt 0.239382 -0.452953
vt 0.243834 -0.454701
vt 0.771987 -0.175137
vt 0.771987 -0.163080
vt 0.768798 -0.163086
vt 0.768798 -0.175143
vt 0.778940 -0.175138
vt 0.778940 -0.163081
vt 0.776269 -0.163086
vt 0.776269 -0.175143
vt 0.856000 -0.200779
vt 0.856013 -0.229544
vt 0.858684 -0.229539
vt 0.858671 -0.200773
vt 0.920666 -0.215120
vt 0.920666 -0.229988
vt 0.923855 -0.229986
vt 0.923855 -0.215117
vt 0.205662 -0.070911
vt 0.205662 -0.465744
vt 0.169865 -0.472265
vt 0.170206 -0.475440
vt 0.206673 -0.468797
vt 0.057308 0.615984
vt 0.088766 0.627917
vt 0.087755 0.630970
vt 0.055666 0.618797
vt 0.963413 -0.201483
vt 0.963413 -0.215186
vt 0.966084 -0.215190
vt 0.966084 -0.201487
vt -0.027028 0.521875
vt -0.030362 0.522801
vt 0.856013 -0.176315
vt 0.858684 -0.176310
vt 1.486519 0.915491
vt 1.486540 0.881560
vt 1.489210 0.881560
vt 1.489190 0.915491
vt 0.388543 0.590056
vt 0.370052 0.564713
vt -0.012584 -0.222209
vt -0.015656 -0.220705
vt 0.963413 -0.215733
vt 0.963413 -0.229436
vt 0.966084 -0.229432
vt 0.966084 -0.215729
vt 1.486519 0.950087
vt 1.489190 0.950087
vt 0.033502 0.224050
vt 0.031292 0.226516
vt 1.486539 0.984018
vt 1.489210 0.984018
vt 0.812147 -0.202643
vt 0.812160 -0.229544
vt 0.815349 -0.229537
vt 0.815336 -0.202636
vt 0.959137 -0.199131
vt 0.959137 -0.185428
vt 0.956466 -0.185424
vt 0.956466 -0.199127
vt 0.086883 -0.093621
vt 0.092677 -0.490064
vt 0.127723 -0.496448
vt 0.372616 0.460109
vt 1.482179 1.262866
vt 1.479508 1.262865
vt -0.060078 -0.321677
vt -0.061816 -0.283333
vt -0.061816 -0.321834
vt -0.060672 0.460460
vt -0.060672 0.490941
vt -0.061816 0.493831
vt -0.061816 0.457571
vt 0.600786 0.299165
vt 0.568142 0.293218
vt 0.565271 0.291627
vt 0.604104 0.298701
vt -0.051943 -0.359132
vt -0.053614 -0.359596
vt 0.525677 0.659775
vt 1.055322 0.191720
vt 1.055322 0.227119
vt 1.052133 0.227119
vt 1.052133 0.191720
vt -0.034821 -0.396987
vt -0.037525 -0.395166
vt 0.418450 0.617444
vt 0.417342 0.618680
vt 0.700253 0.592026
vt 0.701603 0.593041
vt 0.673606 0.618680
vt -0.014969 -0.424195
vt -0.014168 -0.427179
vt -0.016942 0.358360
vt 0.011055 0.332721
vt 0.640684 0.638825
vt 0.016669 -0.453168
vt 0.015561 -0.454404
vt 0.565100 0.658183
vt 0.603597 0.651170
vt 0.604104 0.652701
vt 0.565271 0.659775
vt 0.130765 -0.108719
vt 0.172637 -0.107128
vt 0.130594 -0.107128
vt 0.089867 -0.116169
vt 0.089360 -0.114639
vt 1.040337 0.227119
vt 1.040358 0.261839
vt 1.037169 0.261839
vt 1.037148 0.227119
vt 0.800890 -0.203360
vt 0.800904 -0.172061
vt 0.798233 -0.172056
vt 0.798219 -0.203354
vt 0.743105 -0.230088
vt 0.743094 -0.200746
vt 0.739905 -0.200742
vt 0.739916 -0.230084
vt 0.018820 -0.150029
vt 0.048530 -0.131849
vt 0.050518 -0.129373
vt 0.015561 -0.150763
vt 0.873114 -0.200051
vt 0.873114 -0.170617
vt 0.869925 -0.170622
vt 0.869925 -0.200056
vt -0.053614 -0.245571
vt 0.233574 0.313987
vt 0.234397 0.312576
vt 0.267318 0.332721
vt 0.724342 1.064518
vt 0.724320 1.027599
vt 0.726991 1.027599
vt 0.727013 1.064518
vt 1.055343 0.261839
vt 1.052154 0.261839
vt 1.381976 1.243044
vt 1.381998 1.277888
vt 1.379327 1.277886
vt 1.379305 1.243043
vt 1.055343 0.157000
vt 1.052154 0.157000
vt 0.734665 1.045281
vt 0.734687 1.082200
vt 0.732016 1.082200
vt 0.731994 1.045281
vt 0.672498 0.333957
vt 0.673605 0.332721
vt 0.701603 0.358360
vt 1.381976 1.206092
vt 1.379305 1.206091
vt 0.869919 -0.200875
vt 0.869919 -0.230309
vt 0.873108 -0.230314
vt 0.873108 -0.200880
vt 0.734665 1.007640
vt 0.731994 1.007640
vt 0.639861 0.313987
vt 0.640684 0.312576
vt 1.381998 1.168451
vt 1.379327 1.168450
vt 0.417342 0.332721
vt 0.450264 0.312576
vt 0.791266 -0.172398
vt 0.791252 -0.199015
vt 0.793923 -0.199010
vt 0.793937 -0.172393
vt 0.786956 -0.204945
vt 0.786970 -0.175511
vt 0.783781 -0.175504
vt 0.783767 -0.204938
vt 0.750058 -0.198888
vt 0.750070 -0.164179
vt 0.747399 -0.164175
vt 0.747387 -0.198884
vt 0.786970 -0.229976
vt 0.783781 -0.229970
vt 0.880061 -0.200056
vt 0.880061 -0.168758
vt 0.877390 -0.168754
vt 0.877390 -0.200052
vt 0.344471 0.457571
vt 0.352196 0.422008
vt 0.791266 -0.230313
vt 0.793937 -0.230308
vt 0.779472 -0.204945
vt 0.779485 -0.175511
vt 0.776296 -0.175504
vt 0.776283 -0.204938
vt 0.750070 -0.230088
vt 0.747399 -0.230085
vt 0.779485 -0.229976
vt 0.776296 -0.229970
vt 0.743215 1.209212
vt 0.743162 1.178609
vt 0.746351 1.178610
vt 0.746404 1.209212
vt 0.905201 -0.174572
vt 0.905201 -0.199720
vt 0.908390 -0.199712
vt 0.908390 -0.174565
vt -0.053614 0.035237
vt -0.037525 -0.000333
vt 1.337806 -0.199889
vt 1.337827 -0.167121
vt 1.334638 -0.167123
vt 1.334617 -0.199891
vt 0.893972 -0.200052
vt 0.893972 -0.168754
vt 0.891301 -0.168758
vt 0.891301 -0.200056
vt 1.047846 0.227119
vt 1.047825 0.261839
vt 1.044636 0.261839
vt 1.044657 0.227119
vt 0.089360 -0.095695
vt 1.047846 0.191720
vt 1.044657 0.191720
vt -0.060078 0.073156
vt -0.061816 0.072999
vt 0.213871 -0.095695
vt 1.047825 0.157000
vt 1.044636 0.157000
vt 0.340756 -0.210000
vt 0.317398 -0.177987
vt 0.724320 0.989957
vt 0.726991 0.989957
vt 0.197310 0.651170
vt 0.233574 0.637415
vt 0.234397 0.638825
vt 0.197817 0.652701
vt 0.051341 -0.474384
vt 0.050518 -0.475794
vt 0.340189 0.493830
vt 0.594095 0.319366
vt -0.033671 0.460110
vt -0.037731 0.462529
vt 0.761839 -0.170032
vt 0.764510 -0.170035
vt 0.312045 0.460109
vt 1.482199 1.228271
vt 1.479528 1.228269
vt 0.525848 0.293218
vt 0.525677 0.291627
vt -0.012818 0.215831
vt -0.014168 0.216845
vt 0.487350 0.300231
vt 0.486843 0.298701
vt 0.754358 -0.230607
vt 0.757547 -0.230612
vt 0.133366 0.261931
vt 0.133025 0.265106
vt 0.239382 0.242620
vt 1.475263 0.977378
vt 1.472075 0.977378
vt 0.627353 0.335417
vt 0.595895 0.323484
vt 0.628995 0.332604
vt 0.239382 -0.058120
vt 0.372616 0.491292
vt 0.369149 0.491604
vt 0.655664 0.352741
vt 0.657874 0.350275
vt 0.269729 -0.039551
vt 0.271939 -0.042017
vt 0.379259 0.521875
vt 0.375925 0.522801
vt 0.698659 0.400718
vt 0.679741 0.374790
vt 0.295537 -0.015916
vt 0.298230 -0.017940
vt -0.033671 0.491292
vt -0.037731 0.488872
vt 0.711689 0.429526
vt 0.715022 0.428600
vt 0.315814 0.011875
vt 0.320577 0.012688
vt 0.718332 0.460109
vt 0.721798 0.459797
vt 0.336902 0.075537
vt 0.329782 0.042755
vt 0.332522 0.039097
vt 0.340369 0.075225
vt 0.063849 0.242620
vt 0.097569 0.255410
vt 0.336902 0.108962
vt 0.340369 0.109274
vt 0.320577 0.171811
vt 0.332522 0.145402
vt 0.354580 0.151530
vt 0.340906 0.181762
vt 0.197310 0.300231
vt 0.158984 0.291627
vt 0.197817 0.298701
vt 0.329782 0.141744
vt 0.016669 0.242834
vt 0.015561 0.244070
vt 0.722060 0.562138
vt 0.723600 0.562892
vt 0.315815 0.172624
vt 0.213364 -0.488998
vt 0.172465 -0.496448
vt 0.172637 -0.498039
vt 0.213871 -0.490528
vt 0.316049 0.215831
vt 0.340756 0.184833
vt 0.317399 0.216845
vt 0.050518 0.265460
vt 0.081063 0.300231
vt 0.044799 0.313987
vt 0.043976 0.312576
vt 0.080556 0.298701
vt 0.295537 0.200415
vt 0.298230 0.202439
vt 0.119390 0.291627
vt 0.269729 0.224050
vt 0.271939 0.226516
vt 0.627353 0.615984
vt 0.746476 0.493830
vt 0.738752 0.529393
vt 0.172465 -0.101615
vt 0.130765 -0.101615
vt 0.130594 -0.103206
vt 0.172636 -0.103206
vt 1.347650 -0.200409
vt 1.347672 -0.163491
vt 1.345001 -0.163491
vt 1.344979 -0.200409
vt 0.340906 0.002737
vt 1.486178 0.120390
vt 1.488849 0.120390
vt 0.251890 -0.130783
vt 0.252713 -0.129373
vt 0.213871 -0.114639
vt 1.481730 0.618794
vt 1.481751 0.582696
vt 1.484940 0.582696
vt 1.484919 0.618794
vt 1.488840 -0.054004
vt 1.488829 -0.014957
vt 1.486158 -0.014957
vt 1.486169 -0.054004
vt 0.390000 1.049358
vt 0.390068 1.018851
vt 0.393257 1.018852
vt 0.393189 1.049359
vt 0.389919 1.119361
vt 0.389950 1.083297
vt 0.393139 1.083297
vt 0.393108 1.119362
vt 1.481751 0.691698
vt 1.481730 0.655600
vt 1.484919 0.655600
vt 1.484940 0.691698
vt 0.389919 1.192297
vt 0.389908 1.156166
vt 0.393097 1.156167
vt 0.393108 1.192298
vt 0.724379 0.718363
vt 0.724441 0.687761
vt 0.727630 0.687761
vt 0.727568 0.718363
vt 0.724315 0.788466
vt 0.724337 0.752367
vt 0.727525 0.752367
vt 0.727504 0.788466
vt 0.390000 1.257064
vt 0.389950 1.226367
vt 0.393139 1.226367
vt 0.393189 1.257065
vt 0.724337 0.861370
vt 0.724315 0.825271
vt 0.727504 0.825271
vt 0.727526 0.861370
vt 0.743162 1.035603
vt 0.743215 1.001599
vt 0.746404 1.001599
vt 0.746351 1.035603
vt 0.743130 1.071701
vt 0.746319 1.071702
vt 0.743119 1.108506
vt 0.746308 1.108507
vt 1.492020 0.588217
vt 1.491997 0.626514
vt 1.489326 0.626514
vt 1.489349 0.588217
vt 1.481794 0.548692
vt 1.481856 0.518089
vt 1.485045 0.518089
vt 1.484983 0.548692
vt 0.743286 0.970996
vt 0.746475 0.970997
vt 0.724519 0.952002
vt 0.724441 0.925976
vt 0.727630 0.925976
vt 0.727709 0.952002
vt 0.741841 0.757888
vt 0.741829 0.796186
vt 0.739158 0.796186
vt 0.739170 0.757889
vt 0.724379 0.895374
vt 0.727568 0.895374
vt 0.734794 0.942073
vt 0.734877 0.969684
vt 0.732206 0.969684
vt 0.732123 0.942073
vt 0.741875 0.873531
vt 0.741931 0.909606
vt 0.739260 0.909607
vt 0.739204 0.873531
vt 0.724519 0.661735
vt 0.727708 0.661735
vt 0.734683 0.873531
vt 0.734729 0.909606
vt 0.732057 0.909606
vt 0.732012 0.873531
vt 0.734660 0.835233
vt 0.731989 0.835233
vt 0.734660 0.796186
vt 0.731989 0.796186
vt 1.481856 0.756305
vt 1.481794 0.725702
vt 1.484983 0.725702
vt 1.485045 0.756305
vt 0.734728 0.721813
vt 0.734683 0.757888
vt 0.732012 0.757888
vt 0.732057 0.721813
vt 0.734794 0.689346
vt 0.732123 0.689346
vt 0.742006 0.942073
vt 0.742098 0.969684
vt 0.739427 0.969684
vt 0.739335 0.942073
vt 0.741841 0.835233
vt 0.739170 0.835234
vt 0.743130 1.144605
vt 0.746319 1.144606
vt 0.743286 1.235237
vt 0.746475 1.235238
vt 1.492131 0.519674
vt 1.492065 0.552141
vt 1.489394 0.552141
vt 1.489460 0.519674
vt 1.488840 0.023376
vt 1.486169 0.023375
vt 1.491997 0.665562
vt 1.489326 0.665562
vt 1.488999 -0.160636
vt 1.488927 -0.128270
vt 1.486256 -0.128271
vt 1.486328 -0.160637
vt 1.492020 0.703859
vt 1.492065 0.739934
vt 1.489394 0.739934
vt 1.489349 0.703859
vt 0.741931 0.689346
vt 0.741875 0.721813
vt 0.739204 0.721814
vt 0.739260 0.689347
vt 0.742006 0.661735
vt 0.739335 0.661736
vt 1.488873 -0.092265
vt 1.486202 -0.092266
vt 1.488873 0.059520
vt 1.488927 0.092088
vt 1.486256 0.092087
vt 1.486202 0.059520
vt 1.488999 0.119827
vt 1.486328 0.119826
vt 1.492131 0.772401
vt 1.489460 0.772401
vt 0.390068 1.283210
vt 0.393257 1.283211
vt 0.330794 0.422472
vt 0.332465 0.422008
vt 0.340189 0.457571
vt 0.877390 -0.200657
vt 0.877390 -0.230090
vt 0.880579 -0.230085
vt 0.880579 -0.200651
vt -0.060078 0.111344
vt -0.061816 0.111500
vt 0.346209 0.493674
vt 0.353867 0.528929
vt 0.352196 0.529393
vt 0.344471 0.493830
vt 0.390695 0.359375
vt 0.389345 0.358360
vt 0.807857 -0.203360
vt 0.807872 -0.172061
vt 0.805201 -0.172056
vt 0.805186 -0.203354
vt 1.040337 0.191719
vt 1.037148 0.191719
vt 0.368888 0.389263
vt 0.367348 0.388509
vt 0.734687 0.970721
vt 0.732016 0.970721
vt 1.040358 0.157000
vt 1.037169 0.157000
vt 0.155829 0.658727
vt 0.158984 0.659775
vt 0.089360 -0.490528
vt 0.771987 -0.200873
vt 0.772001 -0.175841
vt 0.768812 -0.175848
vt 0.768798 -0.200880
vt 0.355174 -0.246035
vt 0.356845 -0.245571
vt 0.363309 -0.283489
vt 0.365047 -0.283333
vt 0.367348 0.562892
vt 0.363309 -0.324464
vt 0.365047 -0.321834
vt 0.724342 0.953039
vt 0.727013 0.953039
vt 0.315773 0.389263
vt 0.317313 0.388509
vt 0.356338 -0.356558
vt 0.356845 -0.359596
vt 0.389345 0.593041
vt 0.295316 0.358360
vt 0.339216 -0.394413
vt 0.316049 -0.426165
vt 0.317398 -0.427179
vt 0.340756 -0.395167
vt 0.089360 0.280194
vt 0.284411 -0.455138
vt 0.287670 -0.454404
vt 0.356845 0.149262
vt 0.254701 -0.473318
vt 0.252713 -0.475794
vt 0.887020 -0.200052
vt 0.887020 -0.168754
vt 0.884349 -0.168758
vt 0.884349 -0.200056
vt 0.743105 -0.168104
vt 0.739916 -0.168100
vt 1.347650 -0.238051
vt 1.344979 -0.238051
vt 1.337827 -0.270040
vt 1.337806 -0.234640
vt 1.334617 -0.234642
vt 1.334638 -0.270041
vt 0.807872 -0.229976
vt 0.805201 -0.229971
vt 0.130594 -0.498039
vt 0.286562 0.242834
vt 0.287670 0.244070
vt 0.906755 -0.203238
vt 0.906754 -0.229978
vt 0.909426 -0.229972
vt 0.909426 -0.203231
vt 0.286562 -0.151999
vt 0.287670 -0.150763
vt 0.800905 -0.229976
vt 0.798234 -0.229971
vt 0.340756 -0.000334
vt 0.772001 -0.230307
vt 0.768811 -0.230313
vt 0.267318 0.618680
vt 1.347672 -0.274970
vt 1.345001 -0.274970
vt 0.830284 -0.179133
vt 0.830284 -0.164264
vt 0.827095 -0.164266
vt 0.827095 -0.179135
vt 0.952184 -0.230338
vt 0.952184 -0.216635
vt 0.948995 -0.216639
vt 0.948995 -0.230342
vt 0.221066 0.335417
vt 0.222708 0.332604
vt 0.822813 -0.178817
vt 0.822813 -0.163948
vt 0.819624 -0.163946
vt 0.819624 -0.178814
vt -0.026551 -0.352078
vt -0.029884 -0.353004
vt 0.122483 0.312107
vt 0.120646 0.295019
vt 0.839893 -0.179758
vt 0.839893 -0.163328
vt 0.954322 -0.200317
vt 0.954322 -0.215459
vt -0.034583 0.002028
vt -0.018048 0.010121
vt -0.031769 0.040457
vt -0.049710 0.035473
vt 0.932946 -0.230606
vt 0.932946 -0.214176
vt -0.049711 0.149026
vt -0.031769 0.144042
vt 0.939381 -0.183941
vt 0.939381 -0.167510
vt 0.946852 -0.215469
vt 0.946852 -0.230612
vt 0.253693 0.349206
vt 0.265587 0.335933
vt 0.291808 0.359946
vt 0.277315 0.370838
vt 0.846392 -0.161130
vt 0.846392 -0.176310
vt 0.284567 -0.452222
vt 0.272673 -0.438950
vt 0.939899 -0.214171
vt 0.939899 -0.197740
vt -0.011785 -0.424338
vt 0.002708 -0.413446
vt 0.939899 -0.214181
vt 0.939899 -0.230612
vt 0.918005 -0.167481
vt 0.918005 -0.183912
vt 0.317826 0.460404
vt 0.336485 0.458721
vt 0.336485 0.492680
vt 0.317826 0.490997
vt 0.925475 -0.183941
vt 0.925475 -0.200348
vt 0.335515 -0.352822
vt 0.353456 -0.357806
vt 0.939899 -0.214181
vt 0.817480 -0.163322
vt 0.817480 -0.179753
vt 0.155890 0.639295
vt 0.157728 0.656382
vt 0.120646 0.656382
vt 0.122484 0.639295
vt 0.910534 -0.161110
vt 0.910534 -0.176252
vt 0.361168 -0.322300
vt 0.342510 -0.320617
vt 0.954322 -0.185155
vt 0.954322 -0.200297
vt 0.024681 0.602196
vt 0.012787 0.615468
vt 0.766654 -0.161883
vt 0.766654 -0.175206
vt -0.058111 0.458721
vt -0.039453 0.460404
vt 0.946852 -0.185154
vt 0.946852 -0.200296
vt 0.961275 -0.215450
vt 0.961275 -0.200307
vt 0.060370 -0.147975
vt 0.051532 -0.132833
vt 0.925475 -0.200348
vt 0.925475 -0.183917
vt 0.012787 0.335934
vt 0.024681 0.349206
vt 0.953805 -0.183931
vt 0.953805 -0.168788
vt 0.001059 0.370839
vt -0.013434 0.359946
vt 0.954322 -0.200307
vt 0.954322 -0.185164
vt 0.406220 0.579307
vt 0.391727 0.590200
vt 0.939899 -0.197764
vt 0.939899 -0.214171
vt 0.173146 -0.110680
vt 0.171308 -0.127767
vt 0.946334 -0.183941
vt 0.946334 -0.167510
vt 0.206474 -0.134172
vt 0.211916 -0.117742
vt 0.018663 -0.152945
vt 0.030558 -0.166217
vt 0.925993 -0.214181
vt 0.925993 -0.230612
vt 0.371126 0.561964
vt 0.387661 0.553870
vt 0.817480 -0.179758
vt 0.817480 -0.162679
vt 0.967710 -0.183932
vt 0.967710 -0.168789
vt 0.320443 -0.219023
vt 0.336978 -0.210929
vt 0.774125 -0.175191
vt 0.774125 -0.161868
vt 0.355584 0.423798
vt 0.373526 0.428782
vt 0.925993 -0.230606
vt 0.925993 -0.214175
vt 0.367008 0.458788
vt 0.348350 0.457105
vt -0.032284 -0.252345
vt -0.050225 -0.247361
vt 0.932428 -0.167505
vt 0.932428 -0.183936
vt 0.451277 0.316036
vt 0.460116 0.331179
vt 0.824951 -0.179758
vt 0.824951 -0.163328
vt 0.968228 -0.215459
vt 0.968228 -0.200317
vt 0.130085 -0.494487
vt 0.131923 -0.477400
vt 0.925475 -0.166860
vt 0.925475 -0.183939
vt 0.096757 -0.470994
vt 0.091314 -0.487425
vt 0.315016 -0.180829
vt 0.300523 -0.191721
vt 0.953805 -0.168761
vt 0.953805 -0.183941
vt 0.061934 -0.063124
vt 0.053096 -0.078267
vt 0.946852 -0.214176
vt 0.946852 -0.197769
vt 0.563942 0.312266
vt 0.565780 0.295179
vt 0.832422 -0.179753
vt 0.832422 -0.163322
vt 0.494241 0.633167
vt 0.460939 0.620535
vt 0.810010 -0.203165
vt 0.810022 -0.230612
vt 0.431709 0.602649
vt 0.832459 -0.207213
vt 0.832482 -0.229977
vt 0.834620 -0.230612
vt 0.832459 -0.179766
vt 0.387320 0.398285
vt 0.882723 -0.203165
vt 0.882723 -0.230612
vt 0.406851 0.371517
vt 0.752209 -0.203399
vt 0.752219 -0.230084
vt 0.432339 0.348175
vt 0.752219 -0.172961
vt 0.630009 0.330867
vt 0.659239 0.348752
vt 0.817493 -0.207205
vt 0.817505 -0.229970
vt 0.684727 0.372094
vt 0.817505 -0.179759
vt 0.703287 0.397531
vt 0.717081 0.428028
vt 1.391627 1.232118
vt 1.391608 1.264494
vt 0.723939 0.459604
vt 0.723939 0.492614
vt 1.391608 1.167549
vt 1.391627 1.199924
vt 0.717422 0.522619
vt 0.703628 0.553116
vt 0.824976 -0.203165
vt 0.824989 -0.230612
vt 0.684097 0.579884
vt 0.824989 -0.180400
vt 0.630832 0.620222
vt 0.597530 0.632855
vt 0.729667 1.130124
vt 0.729647 1.162500
vt 0.563051 0.639135
vt 0.729667 1.097931
vt 0.527005 0.639135
vt 0.729647 1.065555
vt 0.658609 0.603226
vt 0.897664 -0.230612
vt 0.897664 -0.203165
vt 0.596707 0.318234
vt 0.918005 -0.199712
vt 0.918005 -0.176262
vt 0.527896 0.312266
vt 1.477351 1.227540
vt 1.477370 1.258095
vt 0.493417 0.318546
vt 1.477370 1.289699
vt 1.477351 1.322709
vt 0.367008 0.491798
vt 1.469936 0.977942
vt 1.469917 0.945566
vt 0.373867 0.523373
vt 1.469917 0.913372
vt 1.469936 0.880997
vt 0.817493 -0.230596
vt 0.817480 -0.203149
vt -0.018967 0.398285
vt 0.815349 -0.179759
vt 0.817493 -0.180385
vt -0.032420 0.428029
vt 0.839930 -0.207225
vt 0.839930 -0.179779
vt 0.890193 -0.230599
vt 0.890193 -0.203152
vt 0.054652 0.620535
vt 0.759690 -0.230094
vt 0.759680 -0.203409
vt 0.087131 0.632855
vt 0.759690 -0.172971
vt 0.824976 -0.229985
vt 0.824964 -0.207221
vt 0.310794 0.523373
vt 0.297341 0.553116
vt 0.824976 -0.179774
vt 1.384137 1.264494
vt 1.384157 1.232118
vt 0.310794 0.428028
vt 1.384157 1.199924
vt 1.384137 1.167549
vt 0.297341 0.398285
vt 0.832459 -0.230596
vt 0.832447 -0.203149
vt 0.223722 0.330867
vt 0.832459 -0.180385
vt 0.191243 0.318546
vt 0.722176 1.162500
vt 0.722196 1.130124
vt 0.087130 0.318546
vt 0.722196 1.097931
vt 0.054652 0.330867
vt 0.722176 1.065555
vt 0.890193 -0.203152
vt 0.890193 -0.230599
vt 0.155890 0.312107
vt 0.910534 -0.176280
vt 0.910534 -0.199730
vt 0.277315 0.580563
vt 1.469899 1.258092
vt 1.469880 1.227536
vt 0.253693 0.602195
vt 0.223722 0.620535
vt 1.469899 1.289696
vt 0.191243 0.632855
vt 1.469880 1.322705
vt 1.477388 0.945566
vt 1.477407 0.977942
vt 0.001059 0.580563
vt -0.018967 0.553116
vt 1.477407 0.880997
vt 1.477388 0.913372
vt -0.032420 0.523373
vt -0.039453 0.490997
vt 0.904617 -0.230600
vt 0.904617 -0.201289
vt -0.031943 -0.353576
vt -0.017212 -0.386144
vt 0.860815 -0.201286
vt 0.860828 -0.176936
vt 0.170417 -0.477400
vt 0.207297 -0.470682
vt 0.766643 -0.201551
vt 0.766654 -0.169045
vt -0.039279 -0.284549
vt -0.039279 -0.319801
vt 0.860828 -0.201289
vt 0.860828 -0.230600
vt 0.860828 -0.230597
vt 0.242861 -0.457192
vt 0.766654 -0.230094
vt 1.490993 0.119827
vt 1.490972 0.154401
vt 0.061193 -0.457504
vt 1.484323 1.262791
vt 1.484323 1.296596
vt 0.003338 -0.191144
vt -0.017553 -0.219777
vt 1.491333 0.950007
vt 1.491354 0.984582
vt 0.273303 -0.166794
vt 1.484343 1.227539
vt 1.491333 0.915571
vt 0.242038 -0.147663
vt 1.484343 1.329227
vt 0.853862 -0.230597
vt 0.853849 -0.201286
vt 0.335174 -0.251591
vt 1.491354 0.880997
vt 0.853862 -0.176936
vt 0.342510 -0.285365
vt 0.911570 -0.204946
vt 0.911570 -0.229988
vt 0.095934 -0.134485
vt 0.846883 -0.205635
vt 0.846896 -0.176324
vt 0.132814 -0.127767
vt 0.896110 -0.171031
vt 0.896110 -0.200342
vt 0.846896 -0.229985
vt 1.484381 0.880997
vt 1.484360 0.915571
vt 0.320784 -0.385390
vt 1.490972 0.188837
vt 0.029927 -0.438373
vt 1.484360 0.950007
vt 0.299893 -0.414023
vt 1.490993 0.223412
vt 1.484381 0.984582
vt 1.477370 1.296592
vt 1.477370 1.262787
vt -0.039279 0.109468
vt -0.039279 0.075032
vt 1.477390 1.227536
vt 1.477390 1.329224
vt 0.918523 -0.229972
vt 0.918523 -0.204929
vt 0.003338 -0.019190
vt 0.839930 -0.205621
vt 0.839944 -0.229971
vt 0.029927 -0.043539
vt 1.484019 0.188837
vt 1.484019 0.154401
vt 0.170417 0.267066
vt 0.132814 0.267066
vt 1.484040 0.223412
vt 0.095060 0.260189
vt 0.897664 -0.201301
vt 0.061934 0.247624
vt 0.029927 0.228039
vt 0.759701 -0.169036
vt 0.759690 -0.201542
vt 0.003338 0.203689
vt -0.018048 0.174378
vt 0.759701 -0.230085
vt 1.484040 0.119827
vt 0.208171 0.260189
vt 0.846896 -0.201301
vt 0.846910 -0.230612
vt 0.241297 -0.063125
vt 0.273303 -0.043540
vt 0.846910 -0.176951
vt 0.299893 -0.019190
vt 0.903063 -0.200354
vt 0.903063 -0.171043
vt 0.321279 0.010121
vt 1.477407 0.915571
vt 1.477428 0.880997
vt 0.335000 0.040457
vt 0.342510 0.075031
vt 1.477407 0.950007
vt 0.342510 0.109467
vt 1.477428 0.984582
vt 0.335000 0.144042
vt 0.865619 -0.176316
vt 0.867781 -0.201301
vt 0.867757 -0.176951
vt 0.299893 0.203689
vt 0.273304 0.228039
vt 0.867781 -0.230612
vt 0.241297 0.247624
vt 0.853862 -0.201301
vt 0.853876 -0.230612
vt 0.321279 0.174378
vt 1.484401 0.984582
vt 1.484381 0.950007
vt 0.170417 -0.082567
vt 0.208171 -0.075690
vt 1.484381 0.915571
vt 0.132814 -0.082567
vt 1.484401 0.880997
vt 0.095060 -0.075690
vt 0.839944 -0.176310
vt 0.903063 -0.174513
vt 0.452101 0.635677
vt 0.488798 0.649598
vt 0.781623 -0.230612
vt 0.781609 -0.205467
vt 0.419814 0.615921
vt 0.781623 -0.175222
vt 0.875252 -0.200366
vt 0.875252 -0.230612
vt 0.370785 0.390191
vt 0.789108 -0.230612
vt 0.789094 -0.205467
vt 0.392358 0.360624
vt 0.789108 -0.175222
vt 0.420445 0.334903
vt 0.774125 -0.200351
vt 0.774139 -0.175206
vt 0.671133 0.335480
vt 0.638847 0.315724
vt 0.867781 -0.200354
vt 0.867781 -0.230599
vt 0.699220 0.361202
vt 1.057482 0.155963
vt 1.057460 0.191640
vt 0.735022 0.423044
vt 0.719822 0.389437
vt 1.057460 0.227199
vt 1.057482 0.262876
vt 0.742598 0.494296
vt 0.742598 0.457921
vt 0.875252 -0.200341
vt 0.875252 -0.170096
vt 0.720163 0.561210
vt 0.735363 0.527603
vt 0.745244 -0.230612
vt 0.745232 -0.201137
vt 0.698590 0.590777
vt 1.339966 -0.270939
vt 1.339945 -0.234563
vt 0.602973 0.649285
vt 0.639670 0.635365
vt 1.339945 -0.199655
vt 0.564889 0.656223
vt 1.339966 -0.165984
vt 0.525168 0.656223
vt 0.745244 -0.167595
vt 0.670503 0.616498
vt 0.774139 -0.230596
vt 0.602149 0.301804
vt 1.042476 0.227199
vt 1.042497 0.262876
vt 0.526059 0.295179
vt 1.042476 0.191639
vt 0.487975 0.302116
vt 1.042497 0.155963
vt 1.042518 0.191640
vt 1.042497 0.155963
vt 0.348350 0.493480
vt 1.042497 0.262876
vt 1.042518 0.227199
vt 0.355925 0.528357
vt -0.035502 0.390191
vt 0.910534 -0.200336
vt 0.910534 -0.174495
vt -0.050362 0.423044
vt 0.774139 -0.205452
vt 0.774152 -0.230596
vt 0.774152 -0.175206
vt 0.045814 0.635677
vt 0.882723 -0.230599
vt 0.882723 -0.200354
vt 0.081688 0.649285
vt 0.781623 -0.205452
vt 0.781637 -0.230596
vt 0.781637 -0.175206
vt 0.313876 0.561210
vt 0.328735 0.528357
vt 0.766668 -0.175222
vt 0.766654 -0.200366
vt 0.875252 -0.200366
vt 0.328735 0.423044
vt 1.049989 0.191640
vt 1.050011 0.155963
vt 0.313876 0.390191
vt 1.050011 0.262876
vt 1.049989 0.227199
vt 0.232560 0.315724
vt 0.867781 -0.170108
vt 0.196686 0.302116
vt 0.737761 -0.201127
vt 0.737773 -0.230602
vt 0.081688 0.302116
vt 1.332474 -0.234567
vt 1.332495 -0.270942
vt 0.045813 0.315724
vt 1.332474 -0.199658
vt 1.332495 -0.165987
vt 0.157728 0.295019
vt 0.737773 -0.167586
vt 0.291808 0.591455
vt 0.766668 -0.230612
vt 0.232560 0.635677
vt 0.265587 0.615468
vt 1.035026 0.262876
vt 1.035005 0.227199
vt 0.196686 0.649285
vt 1.035005 0.191639
vt 1.035026 0.155963
vt -0.035502 0.561210
vt -0.013434 0.591455
vt 1.049968 0.155963
vt 1.049989 0.191640
vt -0.058111 0.492680
vt -0.050362 0.528357
vt 1.049989 0.227199
vt 1.049968 0.262876
vt -0.033747 -0.394238
vt -0.049884 -0.358560
vt 0.882205 -0.168244
vt 0.882205 -0.200354
vt 0.212740 -0.487113
vt 0.172255 -0.494487
vt 0.803042 -0.203867
vt 0.803057 -0.230597
vt -0.057937 -0.321484
vt -0.057937 -0.282866
vt 0.796090 -0.171758
vt 0.796075 -0.203867
vt 0.803057 -0.171758
vt 0.251699 -0.472334
vt 0.911570 -0.230595
vt 0.911570 -0.203161
vt 0.796090 -0.230597
vt 0.052355 -0.472647
vt 0.729851 1.007560
vt 0.729874 0.969684
vt -0.034088 -0.211683
vt -0.011155 -0.180252
vt 0.722176 1.027679
vt 0.722176 0.989877
vt 0.285198 -0.153522
vt 1.342858 -0.162454
vt 1.342836 -0.200329
vt 0.722199 0.952002
vt 0.250876 -0.132520
vt 1.342836 -0.238131
vt 0.722199 1.065555
vt 0.353115 -0.246607
vt 0.889158 -0.168244
vt 0.889158 -0.200354
vt 1.342858 -0.276007
vt 0.361168 -0.283683
vt 0.745244 -0.199269
vt 0.745256 -0.230603
vt 0.090491 -0.118054
vt 0.789108 -0.198502
vt 0.789122 -0.230612
vt 0.130976 -0.110680
vt 0.882205 -0.200354
vt 0.882205 -0.168244
vt 0.745256 -0.163660
vt 0.789122 -0.171772
vt 0.337319 -0.393484
vt 1.377162 1.206166
vt 1.377184 1.167549
vt 0.018033 -0.451645
vt 0.729851 1.045361
vt 0.314386 -0.424915
vt 1.377162 1.243276
vt 0.729874 1.083237
vt 1.377184 1.279022
vt -0.057937 0.073349
vt -0.057937 0.111151
vt 0.729129 0.989877
vt 0.729129 1.027679
vt 0.729152 0.952002
vt 0.729152 1.065555
vt -0.011155 -0.030082
vt 0.796075 -0.230597
vt 0.796060 -0.198488
vt 0.018033 -0.056812
vt 0.796075 -0.171758
vt 0.130976 0.284154
vt 0.172255 0.284154
vt 0.736804 1.007560
vt 0.736804 1.045361
vt 0.089617 0.276620
vt 0.736826 1.083237
vt 0.018033 0.241311
vt 0.053096 0.262766
vt 0.889158 -0.200342
vt 0.889158 -0.168232
vt -0.034583 0.182472
vt -0.011155 0.214581
vt 0.803028 -0.203882
vt 0.803042 -0.171772
vt 0.803042 -0.230612
vt 0.213614 0.276620
vt 0.736826 0.969684
vt 0.285197 -0.056812
vt 0.250135 -0.078267
vt 0.896110 -0.200342
vt 0.896110 -0.168232
vt 0.314386 -0.030082
vt 0.752209 -0.230612
vt 0.752196 -0.199279
vt 0.337814 0.002027
vt 0.752209 -0.163670
vt 0.361168 0.073348
vt 0.352941 0.035473
vt 1.384137 1.167552
vt 1.384115 1.206169
vt 0.361168 0.111150
vt 1.384115 1.243279
vt 0.352941 0.149026
vt 1.384137 1.279025
vt 0.285198 0.241311
vt 0.314386 0.214581
vt 0.810010 -0.230612
vt 0.809995 -0.203882
vt 0.250135 0.262766
vt 0.810010 -0.171772
vt 0.337814 0.182472
vt 0.904617 -0.203178
vt 0.904617 -0.230612
vt 0.213614 -0.092120
vt 0.172254 -0.099654
vt 1.349788 -0.200329
vt 1.349811 -0.162453
vt 0.130976 -0.099654
vt 1.349788 -0.238131
vt 0.089617 -0.092120
vt 1.349811 -0.276007
vt 0.875252 -0.168232
vt 0.875252 -0.200342
vt 0.946852 -0.200307
vt 0.946852 -0.215449
vt 0.918005 -0.183923
vt 0.918005 -0.200354
vt 0.946334 -0.168799
vt 0.946852 -0.230606
vt 0.946852 -0.214176
vt 0.781078 -0.175192
vt 0.781078 -0.161869
vt 0.853862 -0.161131
vt 0.853862 -0.176273
vt 0.954322 -0.215460
vt 0.954322 -0.230602
vt 0.918005 -0.161120
vt 0.932428 -0.183941
vt 0.932428 -0.166862
vt 0.961275 -0.200307
vt 0.961275 -0.215450
vt 0.918523 -0.214181
vt 0.918523 -0.230612
vt 0.960757 -0.183932
vt 0.960757 -0.168752
vt 0.960757 -0.168799
vt 0.960757 -0.183941
vt 0.932946 -0.200354
vt 0.932946 -0.183947
vt 0.810010 -0.162678
vt 0.810010 -0.179757
vt 0.925475 -0.167487
vt 0.961275 -0.200307
vt 0.961275 -0.185164
vt 0.853862 -0.176300
vt 0.853862 -0.161121
vt 0.932946 -0.214176
vt 0.774125 -0.161883
vt 0.774125 -0.175206
vt 0.954322 -0.230602
vt 0.954322 -0.215459
vt 0.968228 -0.230602
vt 0.968228 -0.215460
vt 0.932946 -0.197745
vt 0.961275 -0.215469
vt 0.961275 -0.230612
vt 0.832422 -0.163322
vt 0.961275 -0.230612
vt 0.961275 -0.215469
vt 0.861333 -0.176263
vt 0.861333 -0.161121
vt 0.939381 -0.167505
vt 0.939381 -0.183936
vt 0.525466 0.661735
vt 0.486219 0.654586
vt 0.741024 1.178224
vt 0.740991 1.144367
vt 0.449249 0.640562
vt 0.741076 1.208693
vt 0.415977 0.620203
vt 1.479717 0.518607
vt 1.479795 0.492694
vt 1.481934 0.492064
vt 0.387682 0.594291
vt 1.479655 0.549076
vt 0.350137 0.421436
vt 0.365450 0.387580
vt 1.479717 0.755787
vt 1.479655 0.725317
vt 0.387682 0.357110
vt 0.387862 1.049746
vt 0.387929 1.019371
vt 0.415978 0.331198
vt 0.387811 1.083537
vt 0.449249 0.310839
vt 0.387780 1.119444
vt 0.641698 0.310839
vt 0.674970 0.331198
vt 0.722302 0.688278
vt 0.722380 0.662366
vt 0.703266 0.357111
vt 0.722240 0.718748
vt 0.725497 0.387580
vt 0.722198 0.752604
vt 0.740811 0.421436
vt 0.722176 0.788546
vt 0.748617 0.457378
vt 0.748617 0.494023
vt 0.722198 0.861133
vt 0.722176 0.825191
vt 0.740811 0.529965
vt 0.722240 0.894989
vt 0.725497 0.563821
vt 0.722302 0.925459
vt 0.703266 0.594291
vt 0.722380 0.951371
vt 0.641698 0.640562
vt 0.604729 0.654586
vt 0.740991 1.071780
vt 0.741024 1.035839
vt 0.565482 0.661735
vt 0.740981 1.108426
vt 0.674970 0.620203
vt 0.741076 1.001983
vt 0.741147 0.971513
vt 0.604729 0.296815
vt 0.387929 1.282581
vt 0.387861 1.256549
vt 0.565482 0.289666
vt 0.387811 1.225985
vt 0.525466 0.289666
vt 0.387780 1.192064
vt 0.486219 0.296815
vt 0.387770 1.156089
vt 0.342330 0.457378
vt 1.479613 0.691461
vt 0.342330 0.494023
vt 1.479591 0.655520
vt 0.365450 0.563821
vt 0.350137 0.529965
vt 1.479591 0.618874
vt 1.479613 0.582933
vt 0.748462 1.144369
vt 0.748494 1.178225
vt -0.018605 0.357111
vt 0.009690 0.331198
vt 0.748547 1.208695
vt -0.040837 0.387580
vt 0.748617 1.234608
vt -0.056150 0.421436
vt 1.487188 0.518607
vt 1.487126 0.549076
vt -0.063957 0.457378
vt 1.487126 0.725317
vt 1.487188 0.755787
vt 0.042962 0.640562
vt 0.009691 0.620203
vt 0.395400 1.019373
vt 0.395332 1.049748
vt 0.079932 0.654586
vt 0.395282 1.083538
vt 0.119179 0.661735
vt 0.395251 1.119446
vt 0.159195 0.661735
vt 0.729851 0.662366
vt 0.729773 0.688278
vt 0.334524 0.529965
vt 0.319210 0.563821
vt 0.729711 0.718748
vt 0.342330 0.494023
vt 0.729669 0.752604
vt 0.342330 0.457378
vt 0.729647 0.788546
vt 0.334524 0.421436
vt 0.729647 0.825191
vt 0.729669 0.861133
vt 0.296979 0.357111
vt 0.319210 0.387580
vt 0.729711 0.894989
vt 0.268683 0.331198
vt 0.729773 0.925459
vt 0.235411 0.310839
vt 0.729851 0.951371
vt 0.198442 0.296815
vt 0.748495 1.035841
vt 0.748462 1.071782
vt 0.079932 0.296815
vt 0.119179 0.289666
vt 0.748451 1.108428
vt 0.042962 0.310839
vt 0.748547 1.001985
vt 0.159195 0.289666
vt 0.748617 0.971515
vt 0.395332 1.256551
vt 0.395400 1.282583
vt 0.296979 0.594291
vt 0.395282 1.225986
vt 0.268683 0.620203
vt 0.395251 1.192065
vt 0.235411 0.640562
vt 0.395241 1.156091
vt 0.198442 0.654586
vt 1.487084 0.691461
vt -0.018605 0.594291
vt 1.487062 0.655520
vt -0.040837 0.563821
vt 1.487084 0.582933
vt 1.487062 0.618874
vt -0.056150 0.529965
vt -0.063957 0.494024
vt 1.494163 0.703622
vt 1.494208 0.739550
vt -0.039422 -0.396095
vt -0.015831 -0.428429
vt 0.736827 0.873294
vt 0.736872 0.909221
vt 0.253727 -0.477532
vt 0.289035 -0.455927
vt 1.494273 0.771884
vt -0.055672 -0.360168
vt 0.736937 0.941555
vt 0.737020 0.969053
vt 0.172848 -0.500000
vt 0.214496 -0.492413
vt 1.491070 -0.127882
vt 1.491016 -0.092024
vt -0.063957 -0.283140
vt -0.063957 -0.322027
vt 1.494273 0.520192
vt 1.494208 0.552526
vt 0.130383 -0.500000
vt 1.490983 -0.053919
vt -0.055672 -0.244999
vt 1.491141 -0.160115
vt 0.736871 0.722198
vt 0.736827 0.758125
vt 0.358903 -0.360168
vt 0.367188 -0.322027
vt 1.494163 0.588454
vt 1.494140 0.626594
vt 0.049504 -0.477532
vt 0.088735 -0.492413
vt 1.490972 -0.015032
vt 1.490983 0.023143
vt -0.015831 -0.176738
vt -0.039422 -0.209072
vt 0.743984 0.835153
vt 0.744018 0.873293
vt 0.319061 -0.176738
vt 0.289035 -0.149240
vt 0.743973 0.796265
vt 0.253727 -0.127635
vt 0.744074 0.909221
vt 0.342653 -0.209072
vt 1.491016 0.059139
vt 0.014196 -0.149240
vt 0.744018 0.722197
vt 0.743984 0.758125
vt 0.214495 -0.112754
vt 0.172848 -0.105167
vt 0.744149 0.941555
vt 0.358903 -0.244999
vt 1.491069 0.091573
vt 0.049504 -0.127635
vt 0.734877 0.661735
vt 0.737020 0.662366
vt 0.736937 0.689864
vt 0.367188 -0.283140
vt 1.491141 0.119199
vt 0.088735 -0.112754
vt 0.744074 0.689863
vt 0.130383 -0.105167
vt 0.744149 0.662365
vt 0.736804 0.796266
vt 0.342653 -0.396095
vt 1.494140 0.665482
vt 0.014196 -0.455927
vt 0.736804 0.835153
vt 0.319061 -0.428429
vt 1.484030 0.023142
vt 1.484019 -0.015034
vt -0.063957 0.111694
vt -0.063957 0.072806
vt 1.484031 -0.053921
vt -0.055673 0.149834
vt 1.484063 0.059138
vt -0.055673 0.034665
vt 1.484117 0.091572
vt -0.039422 -0.001262
vt 1.484188 0.119197
vt -0.015831 -0.033596
vt 0.737121 0.689865
vt 0.737196 0.662367
vt 0.014196 -0.061094
vt 1.487188 0.665482
vt 1.487188 0.626594
vt 0.172848 0.289666
vt 0.130383 0.289666
vt 1.487211 0.703622
vt 0.088735 0.282079
vt 1.487255 0.739550
vt 0.049504 0.267198
vt 1.487321 0.771884
vt 0.014196 0.245593
vt 1.484063 -0.092026
vt 1.484117 -0.127883
vt -0.015831 0.218095
vt -0.039422 0.185761
vt 1.484188 -0.160116
vt 1.487210 0.588454
vt 0.214496 0.282079
vt 1.487255 0.552526
vt 0.253727 0.267198
vt 0.737121 0.909222
vt 0.737066 0.873295
vt 0.214495 -0.097580
vt 0.253727 -0.082699
vt 0.737196 0.941556
vt 0.289035 -0.061094
vt 0.737287 0.969054
vt 0.319061 -0.033596
vt 0.729919 0.722198
vt 0.729984 0.689864
vt 0.342653 -0.001262
vt 0.729851 0.796266
vt 0.729874 0.758125
vt 0.358903 0.034665
vt 0.367188 0.072806
vt 0.729851 0.835153
vt 0.367188 0.111693
vt 0.729874 0.873294
vt 0.358903 0.149834
vt 0.729919 0.909221
vt 0.342653 0.185761
vt 1.489543 0.492064
vt 1.487321 0.520192
vt 1.487404 0.492694
vt 0.319061 0.218095
vt 0.289035 0.245593
vt 0.729984 0.941555
vt 0.737031 0.835155
vt 0.172847 -0.105167
vt 0.737020 0.796267
vt 0.130383 -0.105167
vt 0.737031 0.758126
vt 0.737066 0.722199
vt 0.049503 -0.082699
vt 0.088735 -0.097580
vt 0.812160 -0.179765
vt 0.990596 -0.271666
vt 0.940520 -0.316006
vt -0.030000 0.768647
vt -0.030000 0.889499
vt 0.365229 0.768603
vt 0.391003 0.768647
vt 0.391003 0.889499
vt 0.365230 0.889455
vt 0.964499 -0.478559
vt 0.926780 -0.424932
vt 0.244792 0.768573
vt 0.244792 0.889425
vt 0.892642 0.300691
vt 0.892702 0.320763
vt 0.760736 0.320763
vt 0.760675 0.300691
vt 0.898601 0.763258
vt 0.892750 0.480885
vt 0.760784 0.480885
vt 0.892750 0.344366
vt 0.892783 0.370591
vt 0.760816 0.370591
vt 0.760784 0.344366
vt 0.808483 0.642449
vt 0.808483 0.763301
vt 0.892783 0.454660
vt 0.760817 0.454660
vt 0.054812 0.889410
vt 0.782630 0.642490
vt 0.782630 0.763342
vt -0.051918 0.768702
vt -0.051918 0.889554
vt 0.983249 0.642493
vt 0.983249 0.763345
vt 0.336592 0.768573
vt 0.336592 0.889425
vt 0.760610 0.642543
vt 0.760610 0.763395
vt 0.144848 0.768603
vt 0.144848 0.889455
vt -0.342765 1.277722
vt -0.327861 1.277715
vt -0.327861 1.499930
vt -0.342765 1.499937
vt -0.271219 1.277786
vt -0.260483 1.277758
vt -0.260483 1.499973
vt -0.271219 1.500000
vt -0.218943 1.277715
vt -0.203761 1.277715
vt -0.203761 1.499929
vt -0.218943 1.499929
vt -0.500000 1.277785
vt -0.489265 1.277758
vt -0.489265 1.499973
vt -0.500000 1.500000
vt -0.476641 1.277737
vt -0.476641 1.499951
vt -0.312679 1.277716
vt -0.312679 1.499930
vt -0.233833 1.277722
vt -0.233833 1.499937
vt -0.432542 1.277715
vt -0.417652 1.277722
vt -0.417652 1.499937
vt -0.432542 1.499929
vt -0.076580 1.277737
vt -0.063957 1.277758
vt -0.063957 1.499972
vt -0.076580 1.499951
vt -0.162220 1.277758
vt -0.149596 1.277737
vt -0.149596 1.499952
vt -0.162220 1.499973
vt -0.135570 1.277722
vt -0.135570 1.499936
vt -0.297802 1.277723
vt -0.283803 1.277737
vt -0.283803 1.499951
vt -0.297802 1.499937
vt -0.120679 1.277715
vt -0.120679 1.499929
vt -0.356818 1.277736
vt -0.356818 1.499951
vt -0.271219 1.277758
vt -0.271219 1.499972
vt -0.188870 1.277722
vt -0.188870 1.499937
vt -0.380266 1.277783
vt -0.369481 1.277757
vt -0.369481 1.499971
vt -0.380266 1.499997
vt -0.174844 1.277737
vt -0.162220 1.277758
vt -0.162220 1.499973
vt -0.174844 1.499951
vt -0.247860 1.277737
vt -0.247860 1.499952
vt -0.403625 1.277737
vt -0.403625 1.499951
vt -0.105497 1.277715
vt -0.090607 1.277722
vt -0.090607 1.499937
vt -0.105497 1.499929
vt -0.391002 1.277759
vt -0.391002 1.499973
vt -0.380266 1.277786
vt -0.380266 1.500000
vt 0.027609 0.900569
vt 0.000967 0.900597
vt 0.737761 -0.418460
vt 0.751911 -0.443717
vt 0.942886 -0.500000
vt 0.970465 -0.487042
vt 0.305111 0.900555
vt 0.276274 0.900555
vt 0.994754 -0.469406
vt 0.952317 0.774443
vt 0.925727 0.774416
vt 0.771169 -0.465960
vt 0.794796 -0.484334
vt 1.017775 -0.286895
vt 0.998516 -0.264652
vt 0.748648 0.373520
vt 0.748617 0.349122
vt 0.247991 0.900569
vt 0.748663 0.425830
vt 0.748663 0.399421
vt 0.868634 0.774402
vt 0.840325 0.774415
vt 0.748648 0.451731
vt 0.813632 0.774441
vt 0.748617 0.476129
vt 1.031924 -0.312151
vt 0.897470 0.774402
vt 0.113012 0.900569
vt 0.084729 0.900555
vt 0.974890 -0.246277
vt 0.947803 -0.232477
vt 0.774932 -0.261206
vt 0.754868 -0.282843
vt 0.799221 -0.243570
vt 0.333394 0.900569
vt 0.360036 0.900597
vt 0.055892 0.900555
vt 0.221349 0.900597
vt 1.014818 -0.447769
vt 0.139655 0.900597
vt 0.170621 0.768647
vt 0.170621 0.889499
vt 1.031924 -0.225913
vt 1.031924 -0.239816
vt 1.034886 -0.253453
vt 1.040696 -0.266298
vt 1.049131 -0.277858
vt 1.059866 -0.287690
vt 1.072490 -0.295414
vt 1.086516 -0.300735
vt 1.101407 -0.303447
vt 1.116589 -0.303447
vt 1.131480 -0.300735
vt 1.145506 -0.295414
vt 1.158129 -0.287690
vt 1.168865 -0.277858
vt 1.177300 -0.266298
vt 1.183110 -0.253453
vt 1.186072 -0.239817
vt 1.186072 -0.225913
vt 1.183110 -0.212277
vt 1.177300 -0.199432
vt 1.168865 -0.187871
vt 1.158130 -0.178040
vt 1.145506 -0.170316
vt 1.131480 -0.164995
vt 1.116589 -0.162282
vt 1.101407 -0.162282
vt 1.086516 -0.164995
vt 1.072490 -0.170316
vt 1.059867 -0.178040
vt 1.049131 -0.187871
vt 1.040696 -0.199431
vt 1.034886 -0.212277
vt -0.391001 -0.499956
vt -0.380266 -0.499929
vt -0.380266 -0.277715
vt -0.391001 -0.277742
vt -0.380266 -0.055501
vt -0.391002 -0.055528
vt -0.380266 0.166714
vt -0.391002 0.166687
vt -0.380266 0.388928
vt -0.391002 0.388901
vt -0.380266 0.611143
vt -0.391002 0.611115
vt -0.380266 0.833357
vt -0.391002 0.833330
vt -0.380266 1.055571
vt -0.391002 1.055544
vt -0.369481 -0.499959
vt -0.356818 -0.499979
vt -0.356818 -0.277765
vt -0.369481 -0.277744
vt -0.356818 -0.055550
vt -0.369481 -0.055530
vt -0.356818 0.166664
vt -0.369481 0.166685
vt -0.356818 0.388879
vt -0.369481 0.388899
vt -0.356818 0.611093
vt -0.369481 0.611113
vt -0.356818 0.833308
vt -0.369481 0.833328
vt -0.356818 1.055522
vt -0.369481 1.055542
vt -0.120680 -0.500000
vt -0.105497 -0.500000
vt -0.105497 -0.277786
vt -0.120680 -0.277786
vt -0.105497 -0.055571
vt -0.120680 -0.055571
vt -0.105497 0.166643
vt -0.120680 0.166643
vt -0.105497 0.388857
vt -0.120680 0.388858
vt -0.105497 0.611072
vt -0.120679 0.611072
vt -0.105497 0.833286
vt -0.120679 0.833286
vt -0.105497 1.055501
vt -0.120679 1.055501
vt -0.090607 -0.499993
vt -0.076581 -0.499978
vt -0.076580 -0.277763
vt -0.090607 -0.277778
vt -0.076580 -0.055549
vt -0.090607 -0.055564
vt -0.076580 0.166665
vt -0.090607 0.166651
vt -0.076580 0.388880
vt -0.090607 0.388865
vt -0.076580 0.611094
vt -0.090607 0.611079
vt -0.076580 0.833308
vt -0.090607 0.833294
vt -0.076580 1.055523
vt -0.090607 1.055508
vt -0.403625 -0.499978
vt -0.403625 -0.277763
vt -0.403625 -0.055549
vt -0.403625 0.166665
vt -0.403625 0.388880
vt -0.403625 0.611094
vt -0.403625 0.833308
vt -0.403625 1.055523
vt -0.188870 -0.499993
vt -0.174844 -0.499978
vt -0.174844 -0.277763
vt -0.188870 -0.277778
vt -0.174844 -0.055549
vt -0.188870 -0.055564
vt -0.174844 0.166665
vt -0.188870 0.166651
vt -0.174844 0.388880
vt -0.188870 0.388865
vt -0.174844 0.611094
vt -0.188870 0.611079
vt -0.174844 0.833308
vt -0.188870 0.833294
vt -0.174844 1.055523
vt -0.188870 1.055508
vt -0.247860 -0.499978
vt -0.233833 -0.499992
vt -0.233833 -0.277778
vt -0.247860 -0.277763
vt -0.233833 -0.055564
vt -0.247860 -0.055549
vt -0.233833 0.166651
vt -0.247860 0.166665
vt -0.233833 0.388865
vt -0.247860 0.388880
vt -0.233833 0.611079
vt -0.247860 0.611094
vt -0.233833 0.833294
vt -0.247860 0.833308
vt -0.233833 1.055508
vt -0.247860 1.055523
vt -0.447724 -0.500000
vt -0.432542 -0.500000
vt -0.432542 -0.277786
vt -0.447724 -0.277786
vt -0.432542 -0.055571
vt -0.447724 -0.055571
vt -0.432542 0.166643
vt -0.447724 0.166643
vt -0.432542 0.388857
vt -0.447724 0.388857
vt -0.432542 0.611072
vt -0.447724 0.611072
vt -0.432542 0.833286
vt -0.447724 0.833286
vt -0.432542 1.055500
vt -0.447724 1.055500
vt -0.417651 -0.499992
vt -0.417652 -0.277778
vt -0.417652 -0.055564
vt -0.417652 0.166651
vt -0.417652 0.388865
vt -0.417652 0.611079
vt -0.417652 0.833294
vt -0.417652 1.055508
vt -0.489265 -0.499956
vt -0.476641 -0.499978
vt -0.476641 -0.277763
vt -0.489265 -0.277742
vt -0.476641 -0.055549
vt -0.489265 -0.055528
vt -0.476641 0.166665
vt -0.489265 0.166687
vt -0.476641 0.388879
vt -0.489265 0.388901
vt -0.476641 0.611094
vt -0.489265 0.611115
vt -0.476641 0.833308
vt -0.489265 0.833330
vt -0.476641 1.055522
vt -0.489265 1.055544
vt -0.312679 -0.500000
vt -0.297802 -0.499992
vt -0.297802 -0.277778
vt -0.312679 -0.277785
vt -0.297802 -0.055564
vt -0.312679 -0.055571
vt -0.297802 0.166651
vt -0.312679 0.166643
vt -0.297802 0.388865
vt -0.312679 0.388858
vt -0.297802 0.611079
vt -0.312679 0.611072
vt -0.297802 0.833294
vt -0.312679 0.833287
vt -0.297802 1.055508
vt -0.312679 1.055501
vt -0.260483 -0.499956
vt -0.260483 -0.277742
vt -0.260483 -0.055528
vt -0.260483 0.166687
vt -0.260483 0.388901
vt -0.260483 0.611115
vt -0.260483 0.833330
vt -0.260483 1.055544
vt -0.162220 -0.499956
vt -0.162220 -0.277742
vt -0.162220 -0.055528
vt -0.162220 0.166687
vt -0.162220 0.388901
vt -0.162220 0.611115
vt -0.162220 0.833330
vt -0.162220 1.055544
vt -0.380266 -0.499933
vt -0.380266 -0.277718
vt -0.380266 -0.055504
vt -0.380266 0.166711
vt -0.380266 0.388925
vt -0.380266 0.611139
vt -0.380266 0.833354
vt -0.380266 1.055568
vt -0.203761 -0.500000
vt -0.203761 -0.277786
vt -0.203761 -0.055571
vt -0.203761 0.166643
vt -0.203761 0.388857
vt -0.203761 0.611072
vt -0.203761 0.833286
vt -0.203761 1.055501
vt -0.283803 -0.499978
vt -0.271219 -0.499958
vt -0.271219 -0.277743
vt -0.283803 -0.277764
vt -0.271219 -0.055529
vt -0.283803 -0.055549
vt -0.271219 0.166686
vt -0.283803 0.166665
vt -0.271219 0.388900
vt -0.283803 0.388879
vt -0.271219 0.611115
vt -0.283803 0.611094
vt -0.271219 0.833329
vt -0.283803 0.833308
vt -0.271219 1.055543
vt -0.283803 1.055523
vt -0.342765 -0.499993
vt -0.342765 -0.277779
vt -0.342765 -0.055564
vt -0.342765 0.166650
vt -0.342765 0.388865
vt -0.342765 0.611079
vt -0.342765 0.833294
vt -0.342765 1.055508
vt -0.135570 -0.499992
vt -0.135570 -0.277778
vt -0.135570 -0.055564
vt -0.135570 0.166651
vt -0.135570 0.388865
vt -0.135570 0.611079
vt -0.135570 0.833293
vt -0.135570 1.055508
vt -0.149597 -0.499978
vt -0.149597 -0.277763
vt -0.149596 -0.055549
vt -0.149596 0.166665
vt -0.149596 0.388880
vt -0.149596 0.611094
vt -0.149596 0.833309
vt -0.149596 1.055523
vt -0.162220 -0.277742
vt -0.162220 -0.055528
vt -0.162220 0.166687
vt -0.162220 0.388901
vt -0.162220 0.611115
vt -0.162220 0.833330
vt -0.162220 1.055544
vt -0.063957 -0.499956
vt -0.063957 -0.277742
vt -0.063957 -0.055528
vt -0.063957 0.166687
vt -0.063957 0.388901
vt -0.063957 0.611115
vt -0.063957 0.833330
vt -0.063957 1.055544
vt -0.218943 -0.500000
vt -0.218943 -0.277786
vt -0.218943 -0.055571
vt -0.218943 0.166643
vt -0.218943 0.388858
vt -0.218943 0.611072
vt -0.218943 0.833286
vt -0.218943 1.055501
vt -0.327861 -0.500000
vt -0.327861 -0.277786
vt -0.327861 -0.055571
vt -0.327861 0.166643
vt -0.327861 0.388858
vt -0.327861 0.611072
vt -0.327861 0.833286
vt -0.327861 1.055501
vt -0.462615 -0.499993
vt -0.462615 -0.277778
vt -0.462615 -0.055564
vt -0.462615 0.166650
vt -0.462615 0.388865
vt -0.462615 0.611079
vt -0.462615 0.833293
vt -0.462615 1.055508
vt -0.500000 -0.499929
vt -0.500000 -0.277715
vt -0.500000 -0.055501
vt -0.500000 0.166714
vt -0.500000 0.388928
vt -0.500000 0.611142
vt -0.500000 0.833357
vt -0.500000 1.055571
vt -0.271219 -0.499929
vt -0.271219 -0.277715
vt -0.271219 -0.055501
vt -0.271219 0.166714
vt -0.271219 0.388928
vt -0.271219 0.611143
vt -0.271219 0.833357
vt -0.271219 1.055571
vt 0.968750 0.972208
vt 0.968750 0.997607
vt 0.968750 0.965274
vt 0.812500 0.500000
vt 0.812500 0.502837
vt 0.780983 0.502837
vt 0.781250 0.500000
vt 0.906250 0.996461
vt 0.906250 1.000000
vt 0.875000 1.000000
vt 0.875000 0.996461
vt 0.843750 1.000000
vt 0.843750 0.996461
vt 0.812500 0.997163
vt 0.812500 1.000000
vt 0.781250 1.000000
vt 0.781369 0.997163
vt 0.750000 0.503539
vt 0.780980 0.502839
vt 0.782638 0.527792
vt 0.750000 0.527792
vt 0.718750 0.500000
vt 0.718631 0.502837
vt 0.687500 0.502837
vt 0.687500 0.500000
vt 0.656250 0.503539
vt 0.687500 0.502837
vt 0.687500 0.533568
vt 0.656250 0.533568
vt 0.750000 0.996461
vt 0.719020 0.997161
vt 0.717362 0.972208
vt 0.750000 0.972208
vt 0.562500 0.500000
vt 0.562500 0.502837
vt 0.530983 0.502837
vt 0.531250 0.500000
vt 0.656250 0.996461
vt 0.656250 1.000000
vt 0.625000 1.000000
vt 0.625000 0.996461
vt 0.593750 1.000000
vt 0.593750 0.996461
vt 0.562500 0.997163
vt 0.562500 1.000000
vt 0.531250 1.000000
vt 0.531369 0.997163
vt 0.500000 0.503539
vt 0.530980 0.502839
vt 0.532638 0.527792
vt 0.500000 0.527792
vt 0.468750 0.500000
vt 0.468631 0.502837
vt 0.437500 0.502837
vt 0.437500 0.500000
vt 0.469071 0.997601
vt 0.468750 1.000000
vt 0.437500 1.000000
vt 0.437500 0.997892
vt 0.500000 0.996461
vt 0.469074 0.997597
vt 0.467362 0.972208
vt 0.500000 0.972208
vt 0.308360 0.505747
vt 0.308360 0.531360
vt 0.285390 0.531360
vt 0.285390 0.505747
vt 0.406250 0.996461
vt 0.406250 1.000000
vt 0.375000 1.000000
vt 0.375000 0.996461
vt 0.343750 1.000000
vt 0.343750 0.996461
vt 0.312500 0.997892
vt 0.312500 1.000000
vt 0.281250 1.000000
vt 0.281390 0.997601
vt 0.312500 0.966432
vt 0.312500 0.997892
vt 0.312500 0.966432
vt 0.214610 0.505747
vt 0.214610 0.531360
vt 0.191640 0.531360
vt 0.191640 0.505747
vt 0.219071 0.997601
vt 0.218750 1.000000
vt 0.187500 1.000000
vt 0.187500 0.997892
vt 0.250000 0.996461
vt 0.219074 0.997597
vt 0.217362 0.972208
vt 0.250000 0.972208
vt 0.058360 0.505747
vt 0.058360 0.531360
vt 0.035390 0.531360
vt 0.035390 0.505747
vt 0.156250 0.996461
vt 0.156250 1.000000
vt 0.125000 1.000000
vt 0.125000 0.996461
vt 0.093750 1.000000
vt 0.093750 0.996461
vt 0.062500 0.997892
vt 0.062500 1.000000
vt 0.031250 1.000000
vt 0.031390 0.997601
vt 0.062500 0.966432
vt 0.062500 0.997892
vt 0.188604 0.398223
vt 0.160867 0.383397
vt 0.206018 0.383397
vt 0.233756 0.398223
vt 0.156250 0.936403
vt 0.156250 0.563598
vt 0.593738 0.410435
vt 0.562438 0.407352
vt 0.597185 0.407352
vt 0.628485 0.410435
vt 0.781299 0.407352
vt 0.750000 0.410435
vt 0.750000 0.490000
vt 0.796822 0.485388
vt 0.250000 0.410435
vt 0.281299 0.407353
vt 0.296822 0.485388
vt 0.250000 0.490000
vt 0.811396 0.398223
vt 0.841844 0.471731
vt 0.311396 0.398223
vt 0.341844 0.471731
vt 0.839133 0.383397
vt 0.883337 0.449553
vt 0.339133 0.383397
vt 0.383337 0.449553
vt 0.863444 0.363445
vt 0.919706 0.419706
vt 0.363445 0.363445
vt 0.419706 0.419706
vt 0.883397 0.339133
vt 0.949553 0.383337
vt 0.383397 0.339133
vt 0.449553 0.383337
vt 0.898222 0.311396
vt 0.971731 0.341844
vt 0.398222 0.311396
vt 0.471731 0.341844
vt 0.907352 0.281299
vt 0.985388 0.296822
vt 0.407352 0.281299
vt 0.485388 0.296822
vt 0.910435 0.250000
vt 0.990000 0.250000
vt 0.410435 0.250000
vt 0.490000 0.250000
vt 0.907352 0.218701
vt 0.985388 0.203178
vt 0.407352 0.218700
vt 0.485388 0.203178
vt 0.898222 0.188604
vt 0.971731 0.158156
vt 0.398222 0.188604
vt 0.471731 0.158156
vt 0.883397 0.160867
vt 0.949553 0.116663
vt 0.383397 0.160867
vt 0.449553 0.116663
vt 0.863445 0.136555
vt 0.919706 0.080294
vt 0.363445 0.136555
vt 0.419706 0.080294
vt 0.839133 0.116603
vt 0.883337 0.050447
vt 0.339133 0.116603
vt 0.383337 0.050447
vt 0.811396 0.101777
vt 0.841844 0.028269
vt 0.311396 0.101777
vt 0.341844 0.028269
vt 0.781299 0.092648
vt 0.796822 0.014612
vt 0.281299 0.092648
vt 0.296822 0.014612
vt 0.750000 0.089565
vt 0.750000 0.010000
vt 0.250000 0.089565
vt 0.250000 0.010000
vt 0.718701 0.092648
vt 0.703178 0.014612
vt 0.218701 0.092648
vt 0.203178 0.014612
vt 0.688604 0.101778
vt 0.658156 0.028269
vt 0.188604 0.101778
vt 0.158156 0.028269
vt 0.660867 0.116603
vt 0.616663 0.050447
vt 0.160867 0.116603
vt 0.116663 0.050447
vt 0.636555 0.136556
vt 0.580294 0.080294
vt 0.136555 0.136556
vt 0.080294 0.080294
vt 0.616603 0.160867
vt 0.550447 0.116663
vt 0.116603 0.160867
vt 0.050447 0.116663
vt 0.601777 0.188604
vt 0.528269 0.158156
vt 0.101777 0.188604
vt 0.028269 0.158156
vt 0.592648 0.218701
vt 0.514611 0.203179
vt 0.092648 0.218701
vt 0.014611 0.203179
vt 0.589565 0.250000
vt 0.510000 0.250000
vt 0.089565 0.250000
vt 0.010000 0.250000
vt 0.592648 0.281299
vt 0.514612 0.296822
vt 0.092648 0.281299
vt 0.014612 0.296822
vt 0.601778 0.311396
vt 0.528269 0.341844
vt 0.101778 0.311396
vt 0.028269 0.341844
vt 0.616603 0.339133
vt 0.550447 0.383337
vt 0.116603 0.339133
vt 0.050447 0.383337
vt 0.636556 0.363445
vt 0.580295 0.419706
vt 0.136555 0.363445
vt 0.080295 0.419706
vt 0.660867 0.383397
vt 0.616663 0.449553
vt 0.116663 0.449553
vt 0.688604 0.398223
vt 0.658156 0.471731
vt 0.158156 0.471731
vt 0.718701 0.407352
vt 0.703179 0.485389
vt 0.218701 0.407352
vt 0.203179 0.485389
vt 0.181707 0.363445
vt 0.161755 0.339133
vt 0.181707 0.363445
vt 0.146929 0.311396
vt 0.161755 0.339133
vt 0.137799 0.281299
vt 0.146929 0.311396
vt 0.134716 0.250000
vt 0.137799 0.218701
vt 0.146929 0.188604
vt 0.161754 0.160867
vt 0.146929 0.188604
vt 0.181707 0.136556
vt 0.161754 0.160867
vt 0.206018 0.116603
vt 0.233755 0.101778
vt 0.206018 0.116603
vt 0.263852 0.092648
vt 0.295151 0.089565
vt 0.263852 0.092648
vt 0.326451 0.092648
vt 0.295151 0.089565
vt 0.356547 0.101777
vt 0.326451 0.092648
vt 0.384284 0.116603
vt 0.356547 0.101777
vt 0.408596 0.136555
vt 0.384284 0.116603
vt 0.428548 0.160867
vt 0.408596 0.136555
vt 0.443374 0.188604
vt 0.428548 0.160867
vt 0.452504 0.218700
vt 0.443374 0.188604
vt 0.455586 0.250000
vt 0.452504 0.218700
vt 0.452503 0.281299
vt 0.455586 0.250000
vt 0.443374 0.311396
vt 0.428548 0.339133
vt 0.443374 0.311396
vt 0.408596 0.363445
vt 0.428548 0.339133
vt 0.384284 0.383397
vt 0.408596 0.363445
vt 0.356547 0.398223
vt 0.384284 0.383397
vt 0.326451 0.407353
vt 0.356547 0.398223
vt 0.315960 0.410435
vt 0.347259 0.407353
vt 0.326451 0.407353
vt 0.295151 0.410435
vt 0.649293 0.410435
vt 0.617994 0.407352
vt 0.652741 0.407352
vt 0.684040 0.410435
vt 0.233756 0.398223
vt 0.263852 0.407352
vt 0.284661 0.407352
vt 0.319408 0.407352
vt 0.350707 0.410435
vt 0.371515 0.410435
vt 0.340216 0.407352
vt 0.374963 0.407352
vt 0.406262 0.410435
vt 0.427071 0.410435
vt 0.395772 0.407352
vt 0.430519 0.407352
vt 0.461818 0.410435
vt 0.482626 0.410435
vt 0.451327 0.407352
vt 0.486074 0.407352
vt 0.517374 0.410435
vt 0.538182 0.410435
vt 0.506883 0.407352
vt 0.541630 0.407352
vt 0.572929 0.410435
vt 0.704849 0.410435
vt 0.673549 0.407352
vt 0.377356 0.398223
vt 0.347259 0.407353
vt 0.382006 0.407353
vt 0.412103 0.398223
vt 0.432911 0.398223
vt 0.402815 0.407352
vt 0.437562 0.407352
vt 0.467658 0.398223
vt 0.488467 0.398223
vt 0.458370 0.407352
vt 0.493117 0.407352
vt 0.523214 0.398223
vt 0.544022 0.398223
vt 0.513926 0.407353
vt 0.548673 0.407353
vt 0.578769 0.398223
vt 0.599578 0.398223
vt 0.569481 0.407353
vt 0.604228 0.407353
vt 0.634325 0.398223
vt 0.655133 0.398223
vt 0.625037 0.407353
vt 0.659784 0.407352
vt 0.689880 0.398223
vt 0.710689 0.398223
vt 0.680592 0.407352
vt 0.715339 0.407352
vt 0.745436 0.398223
vt 0.766245 0.398223
vt 0.736148 0.407352
vt 0.405093 0.383397
vt 0.439840 0.383397
vt 0.460648 0.383397
vt 0.432911 0.398223
vt 0.495395 0.383397
vt 0.516204 0.383397
vt 0.523214 0.398223
vt 0.550951 0.383397
vt 0.571759 0.383397
vt 0.544022 0.398223
vt 0.578769 0.398223
vt 0.606506 0.383397
vt 0.627315 0.383397
vt 0.634325 0.398223
vt 0.662062 0.383397
vt 0.682871 0.383397
vt 0.717618 0.383397
vt 0.738426 0.383397
vt 0.745436 0.398223
vt 0.773173 0.383397
vt 0.793982 0.383397
vt 0.766245 0.398223
vt 0.429404 0.363445
vt 0.405093 0.383397
vt 0.439840 0.383397
vt 0.464151 0.363445
vt 0.484960 0.363445
vt 0.519707 0.363445
vt 0.540515 0.363445
vt 0.550951 0.383397
vt 0.575262 0.363445
vt 0.596071 0.363445
vt 0.606506 0.383397
vt 0.630818 0.363445
vt 0.651627 0.363445
vt 0.662062 0.383397
vt 0.686373 0.363445
vt 0.707182 0.363445
vt 0.682871 0.383397
vt 0.741929 0.363445
vt 0.762738 0.363445
vt 0.797485 0.363445
vt 0.818293 0.363445
vt 0.793982 0.383397
vt 0.449357 0.339133
vt 0.429404 0.363445
vt 0.484104 0.339133
vt 0.504912 0.339133
vt 0.539659 0.339133
vt 0.560468 0.339133
vt 0.540515 0.363445
vt 0.575262 0.363445
vt 0.595215 0.339133
vt 0.616023 0.339133
vt 0.596071 0.363445
vt 0.630818 0.363445
vt 0.650770 0.339133
vt 0.671579 0.339133
vt 0.651626 0.363445
vt 0.706326 0.339133
vt 0.727134 0.339133
vt 0.707182 0.363445
vt 0.761881 0.339133
vt 0.782690 0.339133
vt 0.797485 0.363445
vt 0.817437 0.339133
vt 0.838245 0.339133
vt 0.818293 0.363445
vt 0.464182 0.311396
vt 0.484104 0.339133
vt 0.498929 0.311396
vt 0.519738 0.311396
vt 0.504912 0.339133
vt 0.554485 0.311396
vt 0.575293 0.311396
vt 0.560468 0.339133
vt 0.610040 0.311396
vt 0.630849 0.311396
vt 0.665596 0.311396
vt 0.686405 0.311396
vt 0.706326 0.339133
vt 0.721152 0.311396
vt 0.741960 0.311396
vt 0.776707 0.311396
vt 0.797516 0.311396
vt 0.782690 0.339133
vt 0.817437 0.339133
vt 0.832263 0.311396
vt 0.853071 0.311396
vt 0.838245 0.339133
vt 0.473312 0.281299
vt 0.464182 0.311396
vt 0.498929 0.311396
vt 0.508059 0.281299
vt 0.528868 0.281299
vt 0.563615 0.281299
vt 0.584423 0.281299
vt 0.619170 0.281299
vt 0.639979 0.281299
vt 0.665596 0.311396
vt 0.674726 0.281299
vt 0.695534 0.281299
vt 0.686404 0.311396
vt 0.721152 0.311396
vt 0.730281 0.281299
vt 0.751090 0.281299
vt 0.741960 0.311396
vt 0.785837 0.281299
vt 0.806645 0.281299
vt 0.797516 0.311396
vt 0.832263 0.311396
vt 0.841392 0.281299
vt 0.862201 0.281299
vt 0.853071 0.311396
vt 0.476395 0.250000
vt 0.473312 0.281299
vt 0.511142 0.250000
vt 0.531950 0.250000
vt 0.566697 0.250000
vt 0.587506 0.250000
vt 0.584423 0.281299
vt 0.622253 0.250000
vt 0.643061 0.250000
vt 0.639979 0.281299
vt 0.677808 0.250000
vt 0.698617 0.250000
vt 0.733364 0.250000
vt 0.754172 0.250000
vt 0.751090 0.281299
vt 0.788919 0.250000
vt 0.809728 0.250000
vt 0.844475 0.250000
vt 0.865283 0.250000
vt 0.473312 0.218700
vt 0.508059 0.218700
vt 0.528868 0.218700
vt 0.563615 0.218701
vt 0.584423 0.218701
vt 0.622253 0.250000
vt 0.619170 0.218701
vt 0.639979 0.218701
vt 0.674726 0.218701
vt 0.695534 0.218701
vt 0.730281 0.218701
vt 0.751090 0.218701
vt 0.788919 0.250000
vt 0.785837 0.218701
vt 0.806645 0.218701
vt 0.841392 0.218701
vt 0.862201 0.218701
vt 0.865283 0.250000
vt 0.464182 0.188604
vt 0.473312 0.218700
vt 0.498929 0.188604
vt 0.519738 0.188604
vt 0.528868 0.218701
vt 0.554485 0.188604
vt 0.575293 0.188604
vt 0.584423 0.218701
vt 0.619170 0.218701
vt 0.610040 0.188604
vt 0.630849 0.188604
vt 0.674726 0.218701
vt 0.665596 0.188604
vt 0.686404 0.188604
vt 0.721152 0.188604
vt 0.741960 0.188604
vt 0.776707 0.188604
vt 0.797516 0.188604
vt 0.832263 0.188604
vt 0.853071 0.188604
vt 0.862201 0.218701
vt 0.449357 0.160867
vt 0.498929 0.188604
vt 0.484104 0.160867
vt 0.504912 0.160867
vt 0.554485 0.188604
vt 0.539659 0.160867
vt 0.560468 0.160867
vt 0.610040 0.188604
vt 0.595215 0.160867
vt 0.616023 0.160867
vt 0.630849 0.188604
vt 0.665596 0.188604
vt 0.650770 0.160867
vt 0.671579 0.160867
vt 0.706326 0.160867
vt 0.727134 0.160867
vt 0.741960 0.188604
vt 0.761881 0.160867
vt 0.782690 0.160867
vt 0.797516 0.188604
vt 0.817437 0.160867
vt 0.838246 0.160867
vt 0.853071 0.188604
vt 0.429405 0.136555
vt 0.449357 0.160867
vt 0.484104 0.160867
vt 0.464152 0.136555
vt 0.484960 0.136555
vt 0.504912 0.160867
vt 0.519707 0.136555
vt 0.540516 0.136555
vt 0.595215 0.160867
vt 0.575263 0.136555
vt 0.596071 0.136555
vt 0.616023 0.160867
vt 0.650770 0.160867
vt 0.630818 0.136555
vt 0.651627 0.136555
vt 0.706326 0.160867
vt 0.686374 0.136555
vt 0.707182 0.136555
vt 0.727134 0.160867
vt 0.761881 0.160867
vt 0.741929 0.136555
vt 0.762738 0.136555
vt 0.797485 0.136555
vt 0.818294 0.136555
vt 0.405093 0.116603
vt 0.429405 0.136555
vt 0.464152 0.136555
vt 0.439840 0.116603
vt 0.460648 0.116603
vt 0.495395 0.116603
vt 0.516204 0.116603
vt 0.550951 0.116603
vt 0.571760 0.116603
vt 0.606507 0.116603
vt 0.627315 0.116603
vt 0.686374 0.136555
vt 0.662062 0.116603
vt 0.682871 0.116603
vt 0.717618 0.116603
vt 0.738426 0.116603
vt 0.773173 0.116603
vt 0.793982 0.116603
vt 0.818294 0.136555
vt 0.377356 0.101777
vt 0.405093 0.116603
vt 0.439840 0.116603
vt 0.412103 0.101777
vt 0.432911 0.101777
vt 0.460648 0.116603
vt 0.495395 0.116603
vt 0.467658 0.101777
vt 0.488467 0.101777
vt 0.516204 0.116603
vt 0.550951 0.116603
vt 0.523214 0.101778
vt 0.544022 0.101777
vt 0.606507 0.116603
vt 0.578769 0.101778
vt 0.599578 0.101777
vt 0.634325 0.101777
vt 0.655133 0.101778
vt 0.717618 0.116603
vt 0.689880 0.101777
vt 0.710689 0.101777
vt 0.738426 0.116603
vt 0.745436 0.101777
vt 0.766245 0.101777
vt 0.347259 0.092648
vt 0.377356 0.101777
vt 0.382006 0.092648
vt 0.402815 0.092648
vt 0.432911 0.101778
vt 0.467658 0.101777
vt 0.437562 0.092648
vt 0.458370 0.092648
vt 0.523214 0.101777
vt 0.493117 0.092648
vt 0.513926 0.092648
vt 0.578769 0.101777
vt 0.548673 0.092648
vt 0.569481 0.092648
vt 0.634325 0.101778
vt 0.604228 0.092648
vt 0.625037 0.092648
vt 0.655133 0.101777
vt 0.689880 0.101777
vt 0.659784 0.092648
vt 0.680593 0.092648
vt 0.715340 0.092648
vt 0.736148 0.092648
vt 0.315960 0.089565
vt 0.382006 0.092648
vt 0.350707 0.089565
vt 0.371515 0.089565
vt 0.402815 0.092648
vt 0.406262 0.089565
vt 0.427071 0.089565
vt 0.461818 0.089565
vt 0.482626 0.089565
vt 0.517374 0.089565
vt 0.538182 0.089565
vt 0.572929 0.089565
vt 0.593738 0.089565
vt 0.628485 0.089565
vt 0.649293 0.089565
vt 0.680593 0.092648
vt 0.684040 0.089565
vt 0.704849 0.089565
vt 0.736148 0.092648
vt 0.284660 0.092648
vt 0.315960 0.089565
vt 0.350707 0.089565
vt 0.319408 0.092648
vt 0.340216 0.092648
vt 0.374963 0.092648
vt 0.395772 0.092648
vt 0.427071 0.089565
vt 0.430519 0.092648
vt 0.451327 0.092648
vt 0.486074 0.092648
vt 0.506883 0.092648
vt 0.541630 0.092648
vt 0.562438 0.092648
vt 0.628485 0.089565
vt 0.597185 0.092648
vt 0.617994 0.092648
vt 0.649293 0.089565
vt 0.652741 0.092648
vt 0.673549 0.092648
vt 0.704849 0.089565
vt 0.254564 0.101778
vt 0.284660 0.092648
vt 0.319408 0.092648
vt 0.289311 0.101778
vt 0.310119 0.101778
vt 0.340216 0.092648
vt 0.374963 0.092648
vt 0.344866 0.101778
vt 0.365675 0.101778
vt 0.395772 0.092648
vt 0.430519 0.092648
vt 0.400422 0.101778
vt 0.421230 0.101778
vt 0.455977 0.101778
vt 0.476786 0.101778
vt 0.506883 0.092648
vt 0.511533 0.101778
vt 0.532341 0.101778
vt 0.562438 0.092648
vt 0.597185 0.092648
vt 0.567088 0.101778
vt 0.587897 0.101778
vt 0.622644 0.101778
vt 0.643452 0.101778
vt 0.673549 0.092648
vt 0.226827 0.116603
vt 0.289311 0.101778
vt 0.261574 0.116603
vt 0.282382 0.116603
vt 0.310119 0.101778
vt 0.344866 0.101778
vt 0.317129 0.116603
vt 0.337938 0.116603
vt 0.365675 0.101778
vt 0.372685 0.116603
vt 0.393493 0.116603
vt 0.421230 0.101778
vt 0.455977 0.101778
vt 0.428240 0.116603
vt 0.449049 0.116603
vt 0.476786 0.101778
vt 0.511533 0.101778
vt 0.483796 0.116603
vt 0.504604 0.116603
vt 0.539351 0.116603
vt 0.560160 0.116603
vt 0.587897 0.101778
vt 0.622644 0.101778
vt 0.594907 0.116603
vt 0.615716 0.116603
vt 0.643452 0.101778
vt 0.202515 0.136556
vt 0.226827 0.116603
vt 0.237262 0.136556
vt 0.258071 0.136556
vt 0.292818 0.136556
vt 0.313626 0.136556
vt 0.348373 0.136556
vt 0.369182 0.136556
vt 0.428240 0.116603
vt 0.403929 0.136556
vt 0.424737 0.136556
vt 0.483796 0.116603
vt 0.459484 0.136556
vt 0.480293 0.136556
vt 0.515040 0.136556
vt 0.535848 0.136556
vt 0.570595 0.136556
vt 0.591404 0.136556
vt 0.182563 0.160867
vt 0.202515 0.136556
vt 0.237262 0.136556
vt 0.217310 0.160867
vt 0.238118 0.160867
vt 0.272866 0.160867
vt 0.293674 0.160867
vt 0.348373 0.136556
vt 0.328421 0.160867
vt 0.349230 0.160867
vt 0.369182 0.136556
vt 0.383977 0.160867
vt 0.404785 0.160867
vt 0.424737 0.136556
vt 0.459484 0.136556
vt 0.439532 0.160867
vt 0.460341 0.160867
vt 0.480293 0.136556
vt 0.495088 0.160867
vt 0.515896 0.160867
vt 0.550643 0.160867
vt 0.571452 0.160867
vt 0.591404 0.136556
vt 0.167737 0.188604
vt 0.202484 0.188604
vt 0.223293 0.188604
vt 0.238118 0.160867
vt 0.272866 0.160867
vt 0.258040 0.188604
vt 0.278848 0.188604
vt 0.313595 0.188604
vt 0.334404 0.188604
vt 0.349230 0.160867
vt 0.383977 0.160867
vt 0.369151 0.188604
vt 0.389960 0.188604
vt 0.404785 0.160867
vt 0.439532 0.160867
vt 0.424707 0.188604
vt 0.445515 0.188604
vt 0.460341 0.160867
vt 0.480262 0.188604
vt 0.501071 0.188604
vt 0.535818 0.188604
vt 0.556626 0.188604
vt 0.158608 0.218701
vt 0.193355 0.218701
vt 0.214163 0.218701
vt 0.248910 0.218701
vt 0.269719 0.218701
vt 0.304466 0.218701
vt 0.325274 0.218701
vt 0.360021 0.218701
vt 0.380830 0.218701
vt 0.415577 0.218701
vt 0.436385 0.218701
vt 0.445515 0.188604
vt 0.471132 0.218701
vt 0.491941 0.218701
vt 0.535818 0.188604
vt 0.526688 0.218701
vt 0.547496 0.218701
vt 0.155525 0.250000
vt 0.193355 0.218701
vt 0.190272 0.250000
vt 0.211080 0.250000
vt 0.248910 0.218701
vt 0.245827 0.250000
vt 0.266636 0.250000
vt 0.304466 0.218701
vt 0.301383 0.250000
vt 0.322191 0.250000
vt 0.356938 0.250000
vt 0.377747 0.250000
vt 0.380830 0.218701
vt 0.412494 0.250000
vt 0.433302 0.250000
vt 0.436385 0.218701
vt 0.468050 0.250000
vt 0.488858 0.250000
vt 0.491941 0.218701
vt 0.526688 0.218701
vt 0.523605 0.250000
vt 0.544414 0.250000
vt 0.547496 0.218701
vt 0.158608 0.281299
vt 0.193355 0.281299
vt 0.214163 0.281299
vt 0.211080 0.250000
vt 0.245827 0.250000
vt 0.248910 0.281299
vt 0.269719 0.281299
vt 0.301383 0.250000
vt 0.304466 0.281299
vt 0.325274 0.281299
vt 0.360021 0.281299
vt 0.380830 0.281299
vt 0.377747 0.250000
vt 0.412494 0.250000
vt 0.415577 0.281299
vt 0.436385 0.281299
vt 0.468049 0.250000
vt 0.471132 0.281299
vt 0.491941 0.281299
vt 0.488858 0.250000
vt 0.526688 0.281299
vt 0.547496 0.281299
vt 0.544414 0.250000
vt 0.167737 0.311396
vt 0.202484 0.311396
vt 0.223293 0.311396
vt 0.258040 0.311396
vt 0.278848 0.311396
vt 0.269719 0.281299
vt 0.304466 0.281299
vt 0.313596 0.311396
vt 0.334404 0.311396
vt 0.325274 0.281299
vt 0.369151 0.311396
vt 0.389960 0.311396
vt 0.424707 0.311396
vt 0.445515 0.311396
vt 0.436385 0.281299
vt 0.480262 0.311396
vt 0.501071 0.311396
vt 0.535818 0.311396
vt 0.556626 0.311396
vt 0.182563 0.339133
vt 0.167737 0.311396
vt 0.202484 0.311396
vt 0.217310 0.339133
vt 0.238119 0.339133
vt 0.223293 0.311396
vt 0.272866 0.339133
vt 0.293674 0.339133
vt 0.313596 0.311396
vt 0.328421 0.339133
vt 0.349230 0.339133
vt 0.369151 0.311396
vt 0.383977 0.339133
vt 0.404785 0.339133
vt 0.389960 0.311396
vt 0.424707 0.311396
vt 0.439532 0.339133
vt 0.460341 0.339133
vt 0.495088 0.339133
vt 0.515896 0.339133
vt 0.550643 0.339133
vt 0.571452 0.339133
vt 0.202515 0.363445
vt 0.237262 0.363445
vt 0.258071 0.363445
vt 0.292818 0.363445
vt 0.313626 0.363445
vt 0.348373 0.363445
vt 0.369182 0.363445
vt 0.383977 0.339133
vt 0.403929 0.363445
vt 0.424738 0.363445
vt 0.404785 0.339133
vt 0.439532 0.339133
vt 0.459485 0.363445
vt 0.480293 0.363445
vt 0.495088 0.339133
vt 0.515040 0.363445
vt 0.535849 0.363445
vt 0.570596 0.363445
vt 0.591404 0.363445
vt 0.571452 0.339133
vt 0.226827 0.383397
vt 0.202515 0.363445
vt 0.237262 0.363445
vt 0.261574 0.383397
vt 0.282382 0.383397
vt 0.292818 0.363445
vt 0.317130 0.383397
vt 0.337938 0.383397
vt 0.313626 0.363445
vt 0.348373 0.363445
vt 0.372685 0.383397
vt 0.393494 0.383397
vt 0.369182 0.363445
vt 0.428241 0.383397
vt 0.449049 0.383397
vt 0.424738 0.363445
vt 0.459485 0.363445
vt 0.483796 0.383397
vt 0.504605 0.383397
vt 0.515040 0.363445
vt 0.539352 0.383397
vt 0.560160 0.383397
vt 0.594907 0.383397
vt 0.615716 0.383397
vt 0.254564 0.398223
vt 0.289311 0.398223
vt 0.310120 0.398223
vt 0.317130 0.383397
vt 0.344867 0.398223
vt 0.365675 0.398223
vt 0.337938 0.383397
vt 0.400422 0.398223
vt 0.421231 0.398223
vt 0.455978 0.398223
vt 0.476786 0.398223
vt 0.483796 0.383397
vt 0.511533 0.398223
vt 0.532342 0.398223
vt 0.504605 0.383397
vt 0.539352 0.383397
vt 0.567089 0.398223
vt 0.587897 0.398223
vt 0.622645 0.398223
vt 0.643453 0.398223
vt 0.382006 0.407353
vt 0.402815 0.407352
vt 0.371515 0.410435
vt 0.437562 0.407352
vt 0.427071 0.410435
vt 0.513926 0.407352
vt 0.482626 0.410435
vt 0.517373 0.410435
vt 0.538182 0.410435
vt 0.593738 0.410435
vt 0.628485 0.410435
vt 0.659784 0.407352
vt 0.649293 0.410435
vt 0.684040 0.410435
vt 0.340216 0.407352
vt 0.395772 0.407352
vt 0.421231 0.398223
vt 0.486074 0.407352
vt 0.567089 0.398223
vt 0.597185 0.407352
vt 0.617994 0.407352
vt 0.673549 0.407352
vt 0.643453 0.398223
vt 0.704849 0.410435
vt 0.736148 0.407352
vt 1.000000 0.996461
vt 0.969074 0.997597
vt 0.967362 0.972208
vt 1.000000 0.972208
vt 0.964610 0.505747
vt 0.964610 0.531360
vt 0.941640 0.531360
vt 0.941640 0.505747
vt 0.031250 0.942178
vt 0.031250 0.960656
vt 0.031250 0.960656
vt 0.532661 0.930568
vt 0.532382 0.563887
vt 0.532382 0.563887
vt 0.062500 0.563597
vt 0.062500 0.936533
vt 0.062500 0.936533
vt 0.125000 0.936403
vt 0.125000 0.563597
vt 0.218313 0.936112
vt 0.187500 0.936403
vt 0.187500 0.563467
vt 0.217289 0.569433
vt 0.781250 0.526370
vt 0.781250 0.564929
vt 0.781250 0.561100
vt 0.781250 0.533568
vt 0.274103 0.563597
vt 0.257147 0.563597
vt 0.218750 0.560309
vt 0.218750 0.554446
vt 0.218750 0.548583
vt 0.218750 0.542720
vt 0.218750 0.536856
vt 0.218750 0.526370
vt 0.218750 0.570035
vt 0.781250 0.963144
vt 0.781250 0.957281
vt 0.781250 0.951417
vt 0.781250 0.945554
vt 0.781250 0.939691
vt 0.781250 0.937830
vt 0.781250 0.967322
vt 0.217328 0.569368
vt 0.250000 0.569373
vt 0.000000 0.569373
vt 0.000000 0.930627
vt 0.000000 0.930627
vt 0.406250 0.936403
vt 0.375000 0.936403
vt 0.375000 0.563597
vt 0.406250 0.563597
vt 0.468313 0.936112
vt 0.437500 0.936403
vt 0.437500 0.563467
vt 0.467289 0.569433
vt 0.467328 0.569368
vt 0.500000 0.569373
vt 0.524103 0.563597
vt 0.507147 0.563597
vt 0.507147 0.563598
vt 0.524103 0.563597
vt 0.471640 0.563597
vt 0.496076 0.563597
vt 0.031250 0.963144
vt 0.031250 0.957281
vt 0.031250 0.951417
vt 0.031250 0.945554
vt 0.031250 0.939691
vt 0.031250 0.937830
vt 0.031250 0.966268
vt 0.742304 0.925513
vt 0.725309 0.928391
vt 0.725078 0.575702
vt 0.742265 0.575671
vt 0.717328 0.569368
vt 0.750000 0.569373
vt 0.656250 0.936403
vt 0.625000 0.936403
vt 0.625000 0.563597
vt 0.656250 0.563597
vt 0.718313 0.936113
vt 0.687500 0.936403
vt 0.687500 0.563468
vt 0.717289 0.569433
vt 0.718750 0.938900
vt 0.718750 0.966432
vt 0.718750 0.973630
vt 0.718750 0.935071
vt 0.774103 0.563597
vt 0.757147 0.563597
vt 0.757147 0.563597
vt 0.718750 0.560309
vt 0.718750 0.554446
vt 0.718750 0.548583
vt 0.718750 0.542719
vt 0.718750 0.536856
vt 0.718750 0.526370
vt 0.718750 0.570034
vt 0.781250 0.942178
vt 0.781250 0.960656
vt 0.781250 0.960656
vt 0.812500 0.563597
vt 0.812500 0.936533
vt 0.812500 0.936533
vt 0.062500 0.936533
vt 0.032711 0.930567
vt 0.032711 0.930567
vt 0.906250 0.936403
vt 0.875000 0.936403
vt 0.875000 0.563597
vt 0.906250 0.563597
vt 0.968313 0.936113
vt 0.937500 0.936403
vt 0.937500 0.563467
vt 0.967289 0.569433
vt 0.031250 0.527792
vt 0.031250 0.502393
vt 0.031250 0.534726
vt 0.031250 0.930037
vt 0.031250 0.973630
vt 0.031250 0.966432
vt 0.031250 0.936403
vt 0.062500 0.502108
vt 0.093750 0.503539
vt 0.093750 0.533568
vt 0.062500 0.533568
vt 0.093750 0.563597
vt 0.125000 0.500000
vt 0.125000 0.503539
vt 0.093750 0.503539
vt 0.093750 0.500000
vt 0.156250 0.500000
vt 0.156250 0.503539
vt 0.187500 0.533568
vt 0.187500 0.502108
vt 0.187500 0.533568
vt 0.218611 0.502401
vt 0.250000 0.503539
vt 0.250000 0.527792
vt 0.217362 0.527792
vt 0.191640 0.994253
vt 0.191640 0.968640
vt 0.214610 0.968640
vt 0.214610 0.994253
vt 0.281250 0.527792
vt 0.281250 0.502393
vt 0.281250 0.534726
vt 0.312500 0.502108
vt 0.343750 0.503539
vt 0.343750 0.533568
vt 0.312500 0.533568
vt 0.343750 0.563597
vt 0.312500 0.563597
vt 0.375000 0.500000
vt 0.375000 0.503539
vt 0.343750 0.500000
vt 0.406250 0.500000
vt 0.406250 0.503539
vt 0.406250 0.533568
vt 0.437500 0.533568
vt 0.437500 0.563467
vt 0.468632 0.502837
vt 0.500000 0.503539
vt 0.467362 0.527792
vt 0.468750 0.972208
vt 0.468750 0.997607
vt 0.468750 0.965274
vt 0.531368 0.997163
vt 0.532638 0.972208
vt 0.593750 0.503539
vt 0.593750 0.533568
vt 0.562500 0.533568
vt 0.593750 0.563598
vt 0.562500 0.563597
vt 0.625000 0.500000
vt 0.625000 0.503539
vt 0.593750 0.500000
vt 0.656250 0.500000
vt 0.687500 0.563468
vt 0.718632 0.502838
vt 0.717362 0.527792
vt 0.719017 0.997163
vt 0.718750 1.000000
vt 0.687500 1.000000
vt 0.687500 0.997163
vt 0.781368 0.997163
vt 0.782638 0.972208
vt 0.812500 0.502837
vt 0.843750 0.503539
vt 0.843750 0.533568
vt 0.812500 0.533568
vt 0.843750 0.563597
vt 0.875000 0.500000
vt 0.875000 0.503539
vt 0.843750 0.500000
vt 0.906250 0.500000
vt 0.906250 0.503539
vt 0.937500 0.533568
vt 0.937500 0.502108
vt 0.968610 0.502401
vt 1.000000 0.503539
vt 1.000000 0.527792
vt 0.967362 0.527792
vt 0.969071 0.997601
vt 0.968750 1.000000
vt 0.937500 1.000000
vt 0.937500 0.997892
vt 0.975897 0.936403
vt 0.992853 0.936403
vt 0.992853 0.936403
vt 0.975897 0.936403
vt 0.750000 1.000000
vt 0.719023 0.997163
vt 0.530977 0.502837
vt 0.500000 0.500000
vt 0.808360 0.563597
vt 0.786007 0.563597
vt 0.785463 0.563597
vt 0.808360 0.563597
vt 0.781250 0.963144
vt 0.781250 0.963144
vt 0.781250 0.963144
vt 0.781250 0.966409
vt 0.781250 0.970394
vt 0.035390 0.994253
vt 0.035390 0.968640
vt 0.058360 0.968640
vt 0.058360 0.994253
vt 0.093750 0.936403
vt 0.125000 0.966432
vt 0.093750 0.966432
vt 0.125000 0.936403
vt 0.125000 0.533568
vt 0.093750 0.563597
vt 0.156250 0.966432
vt 0.156250 0.533568
vt 0.187500 0.997892
vt 0.187500 0.966432
vt 0.187500 0.966432
vt 1.000000 0.930627
vt 0.967673 0.936312
vt 0.967673 0.936312
vt 0.785390 0.527921
vt 0.808360 0.527921
vt 0.808360 0.530206
vt 0.785390 0.530206
vt 0.992853 0.563597
vt 0.975897 0.563597
vt 0.975897 0.563598
vt 0.992853 0.563597
vt 0.500000 0.930627
vt 0.532672 0.930632
vt 0.528360 0.936403
vt 0.503924 0.936403
vt 0.250000 0.500000
vt 0.218613 0.502399
vt 0.218750 0.500000
vt 0.750000 0.500000
vt 0.718633 0.502837
vt 0.468750 0.536856
vt 0.468750 0.536856
vt 0.468750 0.536856
vt 0.468750 0.533591
vt 0.468750 0.529606
vt 0.714610 0.963070
vt 0.691640 0.963070
vt 0.691640 0.939764
vt 0.714610 0.939764
vt 0.285390 0.968640
vt 0.308360 0.968640
vt 0.308360 0.994253
vt 0.285390 0.994253
vt 0.343750 0.936403
vt 0.312500 0.936533
vt 0.375000 0.966432
vt 0.343750 0.966432
vt 0.375000 0.533568
vt 0.406250 0.966432
vt 0.437500 0.997892
vt 0.437500 0.966432
vt 0.843750 0.966432
vt 0.812500 0.966432
vt 0.843750 0.936403
vt 0.906250 0.533568
vt 0.937500 0.563467
vt 0.242853 0.563598
vt 0.225897 0.563597
vt 0.225897 0.563597
vt 0.242853 0.563597
vt 0.035917 0.936403
vt 0.058448 0.936403
vt 0.058380 0.936403
vt 0.035437 0.936402
vt 0.257147 0.936403
vt 0.274103 0.936403
vt 0.274103 0.936403
vt 0.218750 0.972208
vt 0.218750 0.997607
vt 0.218750 0.965274
vt 0.812500 0.997163
vt 0.812500 0.973553
vt 0.812500 0.966432
vt 0.785917 0.936402
vt 0.808448 0.936403
vt 0.808380 0.936403
vt 0.785437 0.936403
vt 0.562500 0.997163
vt 0.562500 0.966432
vt 0.593750 0.966432
vt 0.593750 0.936403
vt 0.562500 0.936533
vt 0.625000 0.966432
vt 0.625000 0.936403
vt 0.625000 0.533568
vt 0.625000 0.563597
vt 0.593750 0.563597
vt 0.656250 0.966432
vt 0.687500 0.997163
vt 0.687500 0.966432
vt 0.781250 0.560309
vt 0.781250 0.560309
vt 0.781250 0.560309
vt 0.781250 0.560309
vt 0.781250 0.562073
vt 0.781250 0.563781
vt 0.187500 0.939764
vt 0.187500 0.966432
vt 0.687500 0.502837
vt 0.687500 0.526447
vt 0.725897 0.936403
vt 0.742853 0.936403
vt 0.742853 0.936403
vt 0.725897 0.936403
vt 0.742853 0.563597
vt 0.725897 0.563597
vt 0.725897 0.563597
vt 0.742853 0.563597
vt 0.785390 0.536930
vt 0.808360 0.536930
vt 0.808360 0.560236
vt 0.785390 0.560236
vt 0.156250 0.936403
vt 0.812890 0.997163
vt 0.875000 0.966432
vt 0.875000 0.936403
vt 0.875000 0.533568
vt 0.875000 0.563597
vt 0.906250 0.966432
vt 0.937500 0.997892
vt 0.937500 0.966432
vt 0.031687 0.563888
vt 0.968750 0.938900
vt 0.968750 0.966432
vt 0.968750 0.973630
vt 0.968750 0.935071
vt 0.032672 0.930632
vt 0.028360 0.936403
vt 0.003924 0.936403
vt 0.281250 0.560309
vt 0.281250 0.554446
vt 0.281250 0.548583
vt 0.281250 0.542719
vt 0.281250 0.536856
vt 0.281250 0.533445
vt 0.281250 0.562073
vt 0.062500 0.560236
vt 0.191640 0.936403
vt 0.213994 0.936403
vt 0.214537 0.936403
vt 0.214610 0.963070
vt 0.191640 0.963070
vt 0.191640 0.939764
vt 0.214610 0.939764
vt 0.312500 0.936533
vt 0.312500 0.939764
vt 0.285917 0.936403
vt 0.308448 0.936403
vt 0.308380 0.936403
vt 0.285437 0.936403
vt 0.437500 0.936403
vt 0.437500 0.939764
vt 0.437500 0.966432
vt 0.437500 0.502837
vt 0.437500 0.526447
vt 0.437500 0.533568
vt 0.531250 0.527792
vt 0.531250 0.502833
vt 0.531250 0.526446
vt 0.531250 0.533519
vt 0.535390 0.527921
vt 0.558360 0.527921
vt 0.558360 0.530206
vt 0.535390 0.530206
vt 0.558360 0.563597
vt 0.536007 0.563597
vt 0.535463 0.563597
vt 0.714083 0.563597
vt 0.691552 0.563598
vt 0.691620 0.563598
vt 0.714563 0.563597
vt 0.781250 0.527792
vt 0.781250 0.502833
vt 0.781250 0.526446
vt 0.781250 0.533519
vt 0.812500 0.560236
vt 0.812500 0.533568
vt 0.937500 0.936403
vt 0.937500 0.939764
vt 0.937500 0.966432
vt 0.941640 0.936403
vt 0.963994 0.936403
vt 0.964537 0.936403
vt 0.941640 0.936403
vt 0.558360 0.994711
vt 0.535390 0.994711
vt 0.535390 0.977191
vt 0.558360 0.977191
vt 0.968750 0.502403
vt 0.968750 0.527792
vt 0.968750 0.534927
vt 0.781250 0.539344
vt 0.781250 0.557822
vt 0.781250 0.557822
vt 0.535917 0.936403
vt 0.558448 0.936403
vt 0.558380 0.936403
vt 0.535437 0.936403
vt 0.906250 0.936403
vt 0.687500 0.997163
vt 0.687500 0.973553
vt 0.531250 0.942178
vt 0.531250 0.960656
vt 0.531250 0.960656
vt 0.312500 0.560236
vt 0.218750 0.502403
vt 0.218750 0.527792
vt 0.218750 0.534927
vt 0.281250 0.563781
vt 0.562500 0.526447
vt 0.031250 0.963144
vt 0.031250 0.965689
vt 0.031250 0.970394
vt 0.535390 0.536930
vt 0.558360 0.536930
vt 0.558360 0.560236
vt 0.535390 0.560236
vt 0.031250 0.526370
vt 0.031250 0.564930
vt 0.031250 0.561100
vt 0.031250 0.533568
vt 0.312500 0.997892
vt 0.714610 0.972079
vt 0.691640 0.972079
vt 0.691640 0.969794
vt 0.714610 0.969794
vt 0.532328 0.563688
vt 0.503924 0.563597
vt 0.529770 0.563597
vt 0.250000 0.930627
vt 0.282672 0.930632
vt 0.278360 0.936403
vt 0.253924 0.936403
vt 0.441640 0.936402
vt 0.463993 0.936402
vt 0.464537 0.936403
vt 0.441640 0.936403
vt 0.281250 0.942178
vt 0.281250 0.960656
vt 0.281250 0.960656
vt 0.035390 0.536930
vt 0.058360 0.536930
vt 0.058360 0.560236
vt 0.035390 0.560236
vt 0.718750 0.939691
vt 0.718750 0.945554
vt 0.718750 0.951417
vt 0.718750 0.957280
vt 0.718750 0.963144
vt 0.718750 0.967380
vt 0.718750 0.937927
vt 0.691640 0.527921
vt 0.714610 0.527921
vt 0.714610 0.530206
vt 0.691640 0.530206
vt 0.500000 1.000000
vt 0.469078 0.997601
vt 0.531250 0.963144
vt 0.531250 0.966409
vt 0.531250 0.970394
vt 0.308360 0.563597
vt 0.286007 0.563598
vt 0.285463 0.563597
vt 0.308360 0.563597
vt 0.062500 0.997892
vt 0.656250 0.936403
vt 1.000000 1.000000
vt 0.969078 0.997601
vt 0.282327 0.563688
vt 0.253924 0.563597
vt 0.279770 0.563597
vt 0.187500 0.563467
vt 0.156250 0.563597
vt 0.468750 0.502839
vt 0.468750 0.527792
vt 0.468750 0.533522
vt 0.468750 0.526446
vt 0.062500 0.997892
vt 0.750000 0.930627
vt 0.782672 0.930632
vt 0.778360 0.936403
vt 0.753924 0.936403
vt 0.058360 0.563597
vt 0.036007 0.563597
vt 0.035463 0.563597
vt 0.058360 0.563598
vt 0.218750 0.938900
vt 0.218750 0.966432
vt 0.218750 0.973631
vt 0.218750 0.935070
vt 0.312500 0.997892
vt 0.032327 0.563688
vt 0.003924 0.563597
vt 0.029770 0.563598
vt 0.721640 0.563597
vt 0.746076 0.563598
vt 0.062500 0.502108
vt 0.062500 0.500000
vt 0.062500 0.502108
vt 0.030929 0.502399
vt 0.031250 0.500000
vt 0.281250 0.963144
vt 0.281250 0.963144
vt 0.281250 0.965689
vt 0.281250 0.970393
vt 0.214083 0.563597
vt 0.191552 0.563597
vt 0.191620 0.563598
vt 0.214563 0.563597
vt 0.312500 0.500000
vt 0.312500 0.502108
vt 0.280929 0.502399
vt 0.281250 0.500000
vt 0.718750 0.560309
vt 0.718750 0.567632
vt 0.718750 0.562170
vt 0.441640 0.536930
vt 0.464610 0.536930
vt 0.464610 0.560236
vt 0.441640 0.560236
vt 0.558360 0.972079
vt 0.535390 0.972079
vt 0.535390 0.969794
vt 0.558360 0.969794
vt 0.968750 0.560309
vt 0.968750 0.560309
vt 0.968750 0.560309
vt 0.968750 0.567632
vt 0.968750 0.562170
vt 0.691640 0.536930
vt 0.714610 0.536930
vt 0.714610 0.560236
vt 0.691640 0.560236
vt 0.808360 0.972079
vt 0.785390 0.972079
vt 0.785390 0.969794
vt 0.808360 0.969793
vt 0.718750 0.972208
vt 0.718750 0.997167
vt 0.718750 0.973554
vt 0.718750 0.966481
vt 0.535390 0.505289
vt 0.558360 0.505289
vt 0.558360 0.522809
vt 0.535390 0.522809
vt 0.441640 0.505289
vt 0.464610 0.505289
vt 0.464610 0.522809
vt 0.441640 0.522809
vt 0.007147 0.533568
vt 0.024103 0.533568
vt 0.007147 0.533568
vt 0.218750 0.560309
vt 0.218750 0.560309
vt 0.218750 0.560309
vt 0.218750 0.560309
vt 0.218750 0.567631
vt 0.218750 0.562170
vt 0.937500 0.500000
vt 0.906250 0.503539
vt 0.757147 0.533568
vt 0.774103 0.533568
vt 0.774103 0.533568
vt 0.757147 0.533568
vt 0.725897 0.533568
vt 0.742853 0.533568
vt 0.742853 0.533568
vt 0.562500 0.502837
vt 0.507147 0.533568
vt 0.524103 0.533568
vt 0.524103 0.533568
vt 0.507147 0.533568
vt 0.475897 0.533568
vt 0.492853 0.533568
vt 0.492853 0.533568
vt 0.475897 0.533568
vt 0.964083 0.563597
vt 0.941552 0.563598
vt 0.941620 0.563597
vt 0.964563 0.563597
vt 0.437500 0.502837
vt 0.257147 0.533568
vt 0.274103 0.533568
vt 0.274103 0.533568
vt 0.225897 0.533568
vt 0.242853 0.533568
vt 0.242853 0.533568
vt 0.225897 0.533568
vt 0.187500 0.500000
vt 0.187096 0.502108
vt 0.785390 0.505289
vt 0.808360 0.505289
vt 0.808360 0.522809
vt 0.785390 0.522809
vt 1.000000 0.500000
vt 0.968613 0.502399
vt 0.968750 0.500000
vt 0.058360 0.963070
vt 0.035390 0.963070
vt 0.035390 0.939764
vt 0.058360 0.939764
vt 0.187500 0.997892
vt 0.187500 0.563467
vt 0.187500 0.560236
vt 0.437500 0.997892
vt 0.968750 0.963144
vt 0.968750 0.963144
vt 0.968750 0.963144
vt 0.968750 0.970394
vt 0.968750 0.965804
vt 0.558360 0.963070
vt 0.535390 0.963070
vt 0.535390 0.939764
vt 0.558360 0.939764
vt 0.808360 0.994711
vt 0.785390 0.994711
vt 0.785390 0.977191
vt 0.808360 0.977191
vt 0.687500 0.560236
vt 0.562500 0.997163
vt 0.562500 0.973553
vt 0.562500 0.966432
vt 0.992853 0.966432
vt 0.975897 0.966432
vt 0.992853 0.966432
vt 0.218750 0.963144
vt 0.218750 0.963144
vt 0.218750 0.963144
vt 0.218750 0.963144
vt 0.218750 0.970394
vt 0.218750 0.965804
vt 0.937500 0.997892
vt 0.812890 0.997163
vt 0.937500 0.997892
vt 0.742853 0.966432
vt 0.725897 0.966432
vt 0.725897 0.966432
vt 0.742853 0.966432
vt 0.781367 0.997163
vt 0.718750 0.963144
vt 0.718750 0.963144
vt 0.718750 0.970394
vt 0.718750 0.966408
vt 0.687500 0.997163
vt 0.562500 0.997163
vt 0.808360 0.963070
vt 0.785390 0.963070
vt 0.785390 0.939764
vt 0.808360 0.939764
vt 0.492853 0.966432
vt 0.475897 0.966432
vt 0.475897 0.966432
vt 0.492853 0.966432
vt 0.531367 0.997163
vt 0.437500 0.997892
vt 0.280926 0.502403
vt 0.282638 0.527792
vt 0.691640 0.936403
vt 0.713993 0.936403
vt 0.714537 0.936403
vt 0.691640 0.936403
vt 0.242853 0.966432
vt 0.225897 0.966432
vt 0.225897 0.966432
vt 0.242853 0.966432
vt 0.281387 0.997601
vt 0.250000 1.000000
vt 0.468750 0.963144
vt 0.468750 0.970394
vt 0.468750 0.965804
vt 0.187500 0.997892
vt 0.000000 0.503539
vt 0.030926 0.502403
vt 0.032638 0.527792
vt 0.000000 0.527792
vt 0.024103 0.966432
vt 0.007147 0.966432
vt 0.007147 0.966432
vt 0.024103 0.966432
vt 0.281250 0.536856
vt 0.281250 0.536856
vt 0.281250 0.529606
vt 0.281250 0.534196
vt 0.218750 0.536856
vt 0.218750 0.536856
vt 0.218750 0.534311
vt 0.218750 0.529606
vt 0.718750 0.533591
vt 0.718750 0.529606
vt 0.781250 0.536856
vt 0.781250 0.536856
vt 0.781250 0.529606
vt 0.781250 0.533593
vt 0.968750 0.536856
vt 0.968750 0.536856
vt 0.968750 0.536856
vt 0.968750 0.534311
vt 0.968750 0.529606
vt 0.812500 0.939764
vt 0.218750 0.557822
vt 0.218750 0.539344
vt 0.218750 0.539344
vt 0.218750 0.557822
vt 0.812500 0.526447
vt 0.531250 0.539344
vt 0.531250 0.557822
vt 0.531250 0.557822
vt 0.968750 0.960656
vt 0.968750 0.942178
vt 0.968750 0.942178
vt 0.062500 0.939764
vt 0.281250 0.539344
vt 0.281250 0.557822
vt 0.968750 0.557822
vt 0.968750 0.539344
vt 0.968750 0.539344
vt 0.031250 0.539344
vt 0.031250 0.557822
vt 0.468750 0.960656
vt 0.468750 0.942178
vt 0.468750 0.960656
vt 0.468750 0.557822
vt 0.468750 0.539344
vt 0.218750 0.960656
vt 0.218750 0.942178
vt 0.218750 0.942178
vt 0.031250 0.560309
vt 0.031250 0.562073
vt 0.031250 0.563781
vt 0.718750 0.557822
vt 0.718750 0.539344
vt 0.718750 0.960656
vt 0.718750 0.942179
vt 0.718750 0.942179
vt 0.718750 0.960656
vt 0.308360 0.963070
vt 0.285390 0.963070
vt 0.285390 0.939764
vt 0.308360 0.939764
vt 0.562500 0.939764
vt 0.531250 0.560309
vt 0.531250 0.560309
vt 0.531250 0.560309
vt 0.531250 0.562073
vt 0.531250 0.563781
vt 0.468750 0.560309
vt 0.468750 0.560309
vt 0.468750 0.567632
vt 0.468750 0.562170
vt 0.468750 0.542720
vt 0.468750 0.548583
vt 0.468750 0.554446
vt 0.468750 0.532678
vt 0.968750 0.542719
vt 0.968750 0.548583
vt 0.968750 0.554446
vt 0.968750 0.533733
vt 0.312500 0.936533
vt 0.031250 0.536856
vt 0.031250 0.536856
vt 0.031250 0.536856
vt 0.031250 0.529606
vt 0.031250 0.534196
vt 0.281250 0.957281
vt 0.281250 0.951417
vt 0.281250 0.945554
vt 0.281250 0.939691
vt 0.281250 0.937830
vt 0.281250 0.966268
vt 0.968750 0.939691
vt 0.968750 0.945554
vt 0.968750 0.951417
vt 0.968750 0.957280
vt 0.968750 0.966555
vt 0.968750 0.937927
vt 0.468750 0.939691
vt 0.468750 0.945554
vt 0.468750 0.951417
vt 0.468750 0.957281
vt 0.468750 0.966555
vt 0.468750 0.937927
vt 0.531250 0.997161
vt 0.531250 0.972208
vt 0.531250 0.966478
vt 0.531250 0.973554
vt 0.781250 0.997161
vt 0.781250 0.972208
vt 0.781250 0.966478
vt 0.781250 0.973554
vt 0.218610 0.502399
vt 0.187500 0.502108
vt 0.031389 0.997599
vt 0.000000 0.996461
vt 0.000000 0.972208
vt 0.032638 0.972208
vt 0.464083 0.563597
vt 0.441552 0.563597
vt 0.441620 0.563597
vt 0.464563 0.563597
vt 0.281250 0.997597
vt 0.281250 0.972208
vt 0.281250 0.965073
vt 0.968610 0.502399
vt 0.937500 0.502108
vt 0.691640 0.505289
vt 0.714610 0.505289
vt 0.714610 0.522809
vt 0.691640 0.522809
vt 0.281250 0.939691
vt 0.281250 0.939691
vt 0.281250 0.932368
vt 0.468750 0.939691
vt 0.468750 0.937927
vt 0.468750 0.936219
vt 0.531250 0.939691
vt 0.531250 0.939691
vt 0.531250 0.932369
vt 0.531250 0.937830
vt 0.718750 0.939691
vt 0.718750 0.936219
vt 0.031250 0.939691
vt 0.031250 0.932368
vt 0.968750 0.939691
vt 0.968750 0.939691
vt 0.968750 0.937927
vt 0.968750 0.936219
vt 0.781250 0.939691
vt 0.781250 0.932368
vt 0.218750 0.939691
vt 0.218750 0.939691
vt 0.218750 0.939691
vt 0.218750 0.939691
vt 0.218750 0.937927
vt 0.218750 0.936219
vt 0.218750 0.542719
vt 0.218750 0.548583
vt 0.218750 0.554446
vt 0.218750 0.562170
vt 0.218750 0.533732
vt 0.781250 0.554446
vt 0.781250 0.548583
vt 0.781250 0.542720
vt 0.781250 0.532620
vt 0.781250 0.562073
vt 0.531250 0.536856
vt 0.531250 0.536856
vt 0.531250 0.536856
vt 0.531250 0.529606
vt 0.531250 0.533592
vt 0.218750 0.945554
vt 0.218750 0.951417
vt 0.218750 0.957280
vt 0.218750 0.966555
vt 0.218750 0.937927
vt 0.031250 0.997597
vt 0.031250 0.972208
vt 0.031250 0.965073
vt 0.531250 0.957281
vt 0.531250 0.951417
vt 0.531250 0.945554
vt 0.531250 0.967322
vt 0.718750 0.532678
vt 0.031250 0.554446
vt 0.031250 0.548583
vt 0.031250 0.542720
vt 0.031250 0.533445
vt 0.281389 0.997599
vt 0.282638 0.972208
vt 0.441640 0.527921
vt 0.464610 0.527921
vt 0.464610 0.530206
vt 0.441640 0.530206
vt 0.718750 0.502839
vt 0.718750 0.527792
vt 0.718750 0.533522
vt 0.718750 0.526446
vt 0.187096 0.502108
vt 0.941640 0.968640
vt 0.964610 0.968640
vt 0.964610 0.994253
vt 0.941640 0.994253
vt 0.714610 0.994711
vt 0.691640 0.994711
vt 0.691640 0.977191
vt 0.714610 0.977191
vt 0.441640 0.968640
vt 0.464610 0.968640
vt 0.464610 0.994253
vt 0.441640 0.994253
vt 0.992887 0.960656
vt 0.975863 0.960656
vt 0.975863 0.942178
vt 0.992887 0.942178
vt 0.007113 0.539344
vt 0.024137 0.539344
vt 0.024137 0.557822
vt 0.007113 0.557822
vt 0.975863 0.539344
vt 0.992887 0.539344
vt 0.992887 0.557822
vt 0.975863 0.557822
vt 0.274137 0.960656
vt 0.257113 0.960656
vt 0.257113 0.942178
vt 0.274137 0.942178
vt 0.242887 0.960656
vt 0.225863 0.960656
vt 0.225863 0.942178
vt 0.242887 0.942178
vt 0.257113 0.539344
vt 0.274137 0.539344
vt 0.274137 0.557822
vt 0.257113 0.557822
vt 0.475863 0.539344
vt 0.492887 0.539344
vt 0.492887 0.557822
vt 0.475863 0.557822
vt 0.524137 0.960656
vt 0.507113 0.960656
vt 0.507113 0.942178
vt 0.524137 0.942178
vt 0.492887 0.960656
vt 0.475863 0.960656
vt 0.475863 0.942178
vt 0.492887 0.942178
vt 0.507113 0.539344
vt 0.524137 0.539344
vt 0.524137 0.557822
vt 0.507113 0.557822
vt 0.725863 0.539344
vt 0.742887 0.539344
vt 0.742887 0.557822
vt 0.725863 0.557822
vt 0.774137 0.960656
vt 0.757113 0.960656
vt 0.757113 0.942178
vt 0.774137 0.942178
vt 0.742887 0.960656
vt 0.725863 0.960656
vt 0.725863 0.942178
vt 0.742887 0.942178
vt 0.757113 0.539344
vt 0.774137 0.539344
vt 0.774137 0.557822
vt 0.757113 0.557822
vt 0.024137 0.960656
vt 0.007113 0.960656
vt 0.007113 0.942178
vt 0.024137 0.942178
vt 0.225863 0.539344
vt 0.242887 0.539344
vt 0.242887 0.557822
vt 0.225863 0.557822
vt 0.687500 0.939764
vt 0.975897 0.533568
vt 0.992853 0.533568
vt 0.992853 0.533568
vt 0.975897 0.533568
vt 0.757147 0.936403
vt 0.774103 0.936402
vt 0.774103 0.936402
vt 0.757147 0.936403
vt 0.562500 0.560236
vt 0.524103 0.966432
vt 0.507147 0.966432
vt 0.507147 0.966432
vt 0.524103 0.966432
vt 1.000000 0.569373
vt 0.967328 0.569368
vt 0.971640 0.563597
vt 0.996076 0.563597
vt 0.937500 0.502108
vt 0.475897 0.936403
vt 0.492853 0.936403
vt 0.492853 0.936403
vt 0.221640 0.563597
vt 0.246076 0.563597
vt 0.437500 0.560236
vt 0.781250 0.930037
vt 0.781250 0.973630
vt 0.781250 0.966432
vt 0.781250 0.936403
vt 0.281250 0.526370
vt 0.281250 0.564930
vt 0.281250 0.561100
vt 0.281250 0.533568
vt 0.941640 0.536930
vt 0.964610 0.536930
vt 0.964610 0.560236
vt 0.941640 0.560236
vt 0.030922 0.502399
vt 0.000000 0.500000
vt 0.031387 0.997601
vt 0.000000 1.000000
vt 0.531250 0.554446
vt 0.531250 0.548583
vt 0.531250 0.542719
vt 0.531250 0.532620
vt 0.464610 0.963070
vt 0.441640 0.963070
vt 0.441640 0.939764
vt 0.464610 0.939764
vt 0.780977 0.502837
vt 0.507147 0.936402
vt 0.524103 0.936402
vt 0.524103 0.936403
vt 0.507147 0.936402
vt 0.774103 0.966432
vt 0.757147 0.966432
vt 0.757147 0.966432
vt 0.774103 0.966432
vt 0.285390 0.536930
vt 0.308360 0.536930
vt 0.308360 0.560236
vt 0.285390 0.560236
vt 0.492853 0.563597
vt 0.475897 0.563597
vt 0.475897 0.563597
vt 0.468633 0.502837
vt 0.024103 0.563598
vt 0.007147 0.563597
vt 0.007147 0.563597
vt 0.024103 0.563597
vt 0.225897 0.936403
vt 0.242853 0.936403
vt 0.225897 0.936403
vt 0.280922 0.502399
vt 0.191640 0.536930
vt 0.214610 0.536930
vt 0.214610 0.560236
vt 0.191640 0.560236
vt 0.274103 0.966432
vt 0.257147 0.966432
vt 0.257147 0.966432
vt 0.274103 0.966432
vt 0.964610 0.963070
vt 0.941640 0.963070
vt 0.941640 0.939764
vt 0.964610 0.939764
vt 0.782327 0.563689
vt 0.750000 0.569373
vt 0.753924 0.563597
vt 0.779770 0.563597
vt 0.007147 0.936403
vt 0.000000 0.936403
vt 0.003924 0.936403
vt 0.996076 0.936403
vt 0.999674 0.936403
vt 1.000000 0.936403
vt 0.003924 0.936403
vt 0.000326 0.936403
vt -0.003849 0.936403
vt 0.996076 0.563597
vt 0.999674 0.563597
vt 1.003849 0.563597
vt 1.000000 0.563597
vt 0.000326 0.563597
vt 0.000000 0.563597
vt 0.750000 0.563597
vt 0.753849 0.563598
vt 0.750000 0.563598
vt 0.746076 0.563598
vt 0.746076 0.936403
vt 0.750000 0.936403
vt 0.746151 0.936403
vt 0.500000 0.563597
vt 0.496076 0.563597
vt 0.503849 0.563597
vt 0.496076 0.936403
vt 0.500000 0.936403
vt 0.496151 0.936402
vt 0.503924 0.936403
vt 0.250000 0.563597
vt 0.246076 0.563597
vt 0.253849 0.563597
vt 0.246076 0.936403
vt 0.250000 0.936403
vt 0.246151 0.936403
vt 0.996076 0.533568
vt 0.999674 0.533568
vt 1.000000 0.533568
vt 0.003924 0.533568
vt 0.000326 0.533568
vt -0.003849 0.533568
vt 0.000000 0.533568
vt 0.003924 0.533568
vt 0.250000 0.533568
vt 0.253924 0.533568
vt 0.246076 0.533568
vt 0.246151 0.533568
vt 0.500000 0.533568
vt 0.503924 0.533568
vt 0.496076 0.533568
vt 0.496152 0.533568
vt 0.750000 0.533568
vt 0.753924 0.533568
vt 0.746076 0.533568
vt 0.746151 0.533568
vt 1.000000 0.966432
vt 0.996076 0.966432
vt 0.003924 0.966432
vt 0.000326 0.966432
vt 0.000000 0.966432
vt 0.996076 0.966432
vt 0.999674 0.966432
vt 1.003849 0.966432
vt 0.253924 0.966432
vt 0.250000 0.966432
vt 0.246076 0.966432
vt 0.253849 0.966432
vt 0.246076 0.966432
vt 0.503924 0.966432
vt 0.500000 0.966432
vt 0.500000 0.966432
vt 0.496076 0.966432
vt 0.503848 0.966432
vt 0.496076 0.966432
vt 0.753924 0.966432
vt 0.750000 0.966432
vt 0.746076 0.966432
vt 0.753849 0.966432
vt 0.746076 0.966432
vt 0.780901 0.936403
vt 0.782661 0.930568
vt 0.782382 0.563887
vt 0.218750 0.563597
vt 0.219099 0.563597
vt 0.221640 0.563597
vt 0.218750 0.533568
vt 0.218750 0.569963
vt 0.781250 0.563597
vt 0.781024 0.563218
vt 0.781250 0.561100
vt 0.781250 0.542719
vt 0.781250 0.548583
vt 0.781250 0.554446
vt 0.781250 0.564971
vt 0.531250 0.561100
vt 0.531024 0.563218
vt 0.531250 0.563597
vt 0.531250 0.542720
vt 0.531250 0.548583
vt 0.531250 0.554446
vt 0.531250 0.564971
vt 0.531250 0.526370
vt 0.968750 0.936403
vt 0.968976 0.936782
vt 0.970230 0.936403
vt 0.024103 0.936403
vt 0.028360 0.936403
vt 0.030901 0.936403
vt 0.032661 0.930568
vt 0.032382 0.563887
vt 0.281024 0.563218
vt 0.281250 0.563597
vt 0.281250 0.542720
vt 0.281250 0.564971
vt 0.969099 0.563597
vt 0.968750 0.563597
vt 0.968750 0.533568
vt 0.968750 0.569963
vt 0.968750 0.526370
vt 0.031250 0.561101
vt 0.031024 0.563218
vt 0.031250 0.563598
vt 0.031250 0.542719
vt 0.031250 0.548583
vt 0.031250 0.564971
vt 0.468750 0.936403
vt 0.468976 0.936783
vt 0.470230 0.936403
vt 0.468750 0.938900
vt 0.467673 0.936312
vt 0.468750 0.563597
vt 0.469099 0.563597
vt 0.468750 0.533568
vt 0.468750 0.569962
vt 0.468750 0.526370
vt 0.218750 0.936403
vt 0.218976 0.936782
vt 0.220230 0.936403
vt 0.217673 0.936312
vt 0.220230 0.936403
vt 0.718750 0.563597
vt 0.719099 0.563597
vt 0.718750 0.533568
vt 0.718750 0.569962
vt 0.718750 0.936403
vt 0.718976 0.936783
vt 0.720230 0.936403
vt 0.717673 0.936312
vt 0.746076 0.936403
vt 0.280901 0.936403
vt 0.281250 0.936403
vt 0.281250 0.930037
vt 0.281250 0.973630
vt 0.281250 0.966432
vt 0.530901 0.936403
vt 0.531250 0.936403
vt 0.531250 0.930037
vt 0.531250 0.973631
vt 0.531250 0.966432
vt 0.030943 0.533568
vt 0.028596 0.533568
vt 0.031250 0.533666
vt 0.219057 0.533568
vt 0.221404 0.533568
vt 0.280943 0.533568
vt 0.278596 0.533568
vt 0.281250 0.533666
vt 0.469057 0.533568
vt 0.471404 0.533568
vt 0.531250 0.533568
vt 0.530943 0.533568
vt 0.528596 0.533568
vt 0.531250 0.533666
vt 0.719057 0.533568
vt 0.721404 0.533568
vt 0.780943 0.533568
vt 0.778596 0.533568
vt 0.781250 0.533666
vt 0.969057 0.533568
vt 0.971404 0.533568
vt 0.030943 0.966432
vt 0.028596 0.966432
vt 0.219057 0.966432
vt 0.221404 0.966432
vt 0.218750 0.966334
vt 0.280943 0.966432
vt 0.278596 0.966432
vt 0.278596 0.966432
vt 0.468750 0.966432
vt 0.469057 0.966432
vt 0.468750 0.966432
vt 0.471404 0.966432
vt 0.468750 0.973630
vt 0.468750 0.966334
vt 0.530943 0.966432
vt 0.528596 0.966432
vt 0.528596 0.966432
vt 0.719057 0.966432
vt 0.721404 0.966432
vt 0.718750 0.966334
vt 0.780943 0.966432
vt 0.778596 0.966432
vt 0.968750 0.966432
vt 0.969057 0.966432
vt 0.971404 0.966432
vt 0.968750 0.966334
vt 0.006780 0.966432
vt 0.000000 0.960656
vt 0.006780 0.966432
vt 0.993220 0.966432
vt 1.000000 0.966432
vt 1.000000 0.960656
vt 1.000000 0.964751
vt 0.993220 0.936403
vt 0.007147 0.936403
vt 0.006780 0.936403
vt 0.000000 0.936403
vt 0.000000 0.942178
vt 0.000000 0.938083
vt 0.006780 0.936403
vt 0.993220 0.936403
vt 1.000000 0.942178
vt 0.030147 0.937216
vt 0.023914 0.936403
vt 0.024103 0.936403
vt 0.030147 0.534382
vt 0.023914 0.533568
vt 0.023914 0.533568
vt 0.030147 0.562784
vt 0.031250 0.557822
vt 0.023914 0.563598
vt 0.023914 0.563598
vt 0.993220 0.563597
vt 1.000000 0.557822
vt 1.000000 0.561917
vt 0.006780 0.563597
vt 0.000000 0.557822
vt 0.006780 0.563597
vt 0.219853 0.534382
vt 0.218750 0.539344
vt 0.226086 0.533568
vt 0.226086 0.533568
vt 0.219853 0.562784
vt 0.226086 0.563597
vt 0.226086 0.936403
vt 0.219853 0.937216
vt 0.218750 0.942178
vt 0.250000 0.936823
vt 0.243220 0.936403
vt 0.256780 0.936403
vt 0.250000 0.942178
vt 0.256780 0.936402
vt 0.243220 0.533568
vt 0.250000 0.533988
vt 0.250000 0.539344
vt 0.256780 0.533568
vt 0.256780 0.563597
vt 0.250000 0.563177
vt 0.250000 0.557822
vt 0.256780 0.563597
vt 0.243220 0.563597
vt 0.243220 0.563597
vt 0.280147 0.937216
vt 0.273914 0.936403
vt 0.273914 0.936403
vt 0.280147 0.534382
vt 0.273914 0.533568
vt 0.273914 0.533568
vt 0.280147 0.562784
vt 0.273914 0.563597
vt 0.273914 0.563597
vt 0.469853 0.534382
vt 0.468750 0.539344
vt 0.476086 0.533568
vt 0.469853 0.562784
vt 0.476086 0.563597
vt 0.476086 0.936403
vt 0.469853 0.937216
vt 0.468750 0.936403
vt 0.468750 0.942178
vt 0.476086 0.936403
vt 0.500000 0.936823
vt 0.493220 0.936403
vt 0.506780 0.936403
vt 0.500000 0.942178
vt 0.493220 0.936403
vt 0.493220 0.533568
vt 0.500000 0.533988
vt 0.500000 0.539344
vt 0.493220 0.533568
vt 0.506780 0.533568
vt 0.500000 0.563177
vt 0.506780 0.563597
vt 0.493220 0.563597
vt 0.500000 0.557822
vt 0.493220 0.563597
vt 0.530147 0.937216
vt 0.523914 0.936403
vt 0.530147 0.534382
vt 0.523914 0.533568
vt 0.530147 0.562784
vt 0.523914 0.563597
vt 0.719853 0.534382
vt 0.718750 0.539344
vt 0.726086 0.533568
vt 0.719853 0.562784
vt 0.726086 0.563597
vt 0.726086 0.563597
vt 0.726086 0.936403
vt 0.719853 0.937216
vt 0.718750 0.942178
vt 0.726086 0.936403
vt 0.750000 0.936823
vt 0.743220 0.936403
vt 0.756780 0.936403
vt 0.750000 0.942178
vt 0.756780 0.936403
vt 0.743220 0.533568
vt 0.750000 0.533988
vt 0.750000 0.539344
vt 0.756780 0.533568
vt 0.750000 0.563177
vt 0.756780 0.563597
vt 0.743220 0.563598
vt 0.750000 0.557822
vt 0.743220 0.563598
vt 0.756780 0.563597
vt 0.780147 0.937216
vt 0.773914 0.936403
vt 0.781250 0.942178
vt 0.781250 0.539344
vt 0.780147 0.534382
vt 0.773914 0.533568
vt 0.773914 0.563597
vt 0.780147 0.562784
vt 0.781250 0.563597
vt 0.773914 0.563597
vt 0.969853 0.534382
vt 0.968750 0.539344
vt 0.976086 0.533568
vt 0.968750 0.533568
vt 0.969853 0.562784
vt 0.976086 0.563597
vt 0.968750 0.563597
vt 0.976086 0.936403
vt 0.969853 0.937216
vt 0.968750 0.936403
vt 0.968750 0.942178
vt 0.000000 0.539344
vt 0.000000 0.535249
vt 0.006780 0.533568
vt 0.993220 0.533568
vt 1.000000 0.539344
vt 0.993220 0.533568
vt 0.030147 0.965618
vt 0.023914 0.966432
vt 0.023914 0.966432
vt 0.219853 0.965618
vt 0.226086 0.966432
vt 0.218750 0.960656
vt 0.250000 0.960656
vt 0.250000 0.966012
vt 0.243220 0.966432
vt 0.256780 0.966432
vt 0.256780 0.966432
vt 0.243220 0.966432
vt 0.280147 0.965618
vt 0.273914 0.966432
vt 0.273914 0.966432
vt 0.469853 0.965618
vt 0.476086 0.966432
vt 0.476086 0.966432
vt 0.500000 0.960656
vt 0.500000 0.966012
vt 0.493220 0.966432
vt 0.506780 0.966432
vt 0.530147 0.965618
vt 0.531250 0.960656
vt 0.523914 0.966432
vt 0.719853 0.965618
vt 0.726086 0.966432
vt 0.718750 0.960656
vt 0.726086 0.966432
vt 0.750000 0.960656
vt 0.750000 0.966012
vt 0.743220 0.966432
vt 0.756780 0.966432
vt 0.756780 0.966432
vt 0.743220 0.966432
vt 0.780147 0.965618
vt 0.773914 0.966432
vt 0.968750 0.960656
vt 0.969853 0.965618
vt 0.968750 0.966432
vt 0.976086 0.966432
vt 0.968750 0.966432
vt 0.976086 0.966432
vt 0.031273 0.930511
vt 0.031250 0.936509
vt 0.032414 0.563854
vt 0.031250 0.561100
vt 0.468750 0.938900
vt 0.468750 0.935071
vt 0.218750 0.957281
vt 0.218750 0.951417
vt 0.218750 0.945554
vt 0.218750 0.935029
vt 0.218727 0.569489
vt 0.218750 0.563491
vt 0.281273 0.930511
vt 0.281250 0.936509
vt 0.282414 0.563854
vt 0.281250 0.561100
vt 0.282661 0.930568
vt 0.282382 0.563887
vt 0.468750 0.554446
vt 0.468750 0.542719
vt 0.468750 0.570034
vt 0.468750 0.935029
vt 0.468727 0.569487
vt 0.468750 0.563491
vt 0.531273 0.930511
vt 0.531250 0.936509
vt 0.532414 0.563854
vt 0.531250 0.561100
vt 0.531250 0.561100
vt 0.242304 0.925513
vt 0.225309 0.928391
vt 0.225078 0.575702
vt 0.242265 0.575671
vt 0.718750 0.957281
vt 0.718750 0.951417
vt 0.718750 0.945554
vt 0.718750 0.935029
vt 0.718727 0.569487
vt 0.718750 0.563491
vt 0.781273 0.930511
vt 0.781250 0.936509
vt 0.782414 0.563854
vt 0.779770 0.563597
vt 0.781250 0.561100
vt 0.531250 0.564930
vt 0.968750 0.554446
vt 0.968750 0.548583
vt 0.968750 0.542719
vt 0.968750 0.570035
vt 0.968750 0.957281
vt 0.968750 0.951417
vt 0.968750 0.945554
vt 0.968750 0.935029
vt 0.968727 0.569489
vt 0.968750 0.563491
vt 0.003924 0.533568
vt 0.028596 0.533568
vt 0.031250 0.945554
vt 0.031250 0.951417
vt 0.031250 0.957281
vt 0.031250 0.929965
vt 0.217586 0.936146
vt 0.218750 0.938900
vt 0.281250 0.929965
vt 0.467587 0.936146
vt 0.468750 0.938900
vt 0.531250 0.929965
vt 0.717587 0.936146
vt 0.718750 0.938900
vt 0.781250 0.945554
vt 0.781250 0.957280
vt 0.781250 0.929965
vt 0.967587 0.936146
vt 0.968750 0.938899
vt 0.971404 0.966432
vt 0.721404 0.966432
vt 0.528596 0.966432
vt 0.471404 0.966432
vt 0.246076 0.966432
vt 0.003924 0.966432
vt 0.006780 0.936403
vt 0.006780 0.563597
vt 0.023914 0.563598
vt 0.743220 0.966432
vt 0.273914 0.966432
vt 0.243220 0.966432
vt 0.006780 0.966432
vt 0.219078 0.997601
vt 0.941640 0.563597
vt 0.938083 0.563124
vt 0.937500 0.560236
vt 0.937500 0.563597
vt 0.941640 0.563597
vt 0.937500 0.560236
vt 0.938083 0.936876
vt 0.937500 0.939764
vt 0.937500 0.936403
vt 0.937500 0.939764
vt 0.812500 0.560236
vt 0.811917 0.563124
vt 0.812500 0.560236
vt 0.812500 0.527546
vt 0.811917 0.524678
vt 0.812500 0.523004
vt 0.808360 0.524559
vt 0.812500 0.972453
vt 0.811917 0.975322
vt 0.808360 0.975441
vt 0.812500 0.976996
vt 0.812500 0.972454
vt 0.808360 0.936403
vt 0.811917 0.936876
vt 0.812500 0.939764
vt 0.812500 0.936403
vt 0.808360 0.936403
vt 0.812500 0.939764
vt 0.781250 0.523004
vt 0.781833 0.524678
vt 0.781250 0.527546
vt 0.785390 0.524559
vt 0.781250 0.523004
vt 0.785390 0.975441
vt 0.781833 0.975323
vt 0.781250 0.972454
vt 0.781250 0.976996
vt 0.785390 0.975441
vt 0.781250 0.976996
vt 0.718750 0.527546
vt 0.718167 0.524678
vt 0.718750 0.523004
vt 0.714610 0.524559
vt 0.718750 0.523004
vt 0.714610 0.524559
vt 0.718750 0.972453
vt 0.718167 0.975322
vt 0.714610 0.975441
vt 0.718750 0.976996
vt 0.714610 0.975441
vt 0.718750 0.976996
vt 0.687500 0.560236
vt 0.688083 0.563124
vt 0.687500 0.563598
vt 0.691640 0.563598
vt 0.687500 0.560236
vt 0.687500 0.523004
vt 0.688083 0.524678
vt 0.687500 0.527546
vt 0.691640 0.524559
vt 0.687500 0.523004
vt 0.687500 0.972453
vt 0.688083 0.975322
vt 0.687500 0.976996
vt 0.691640 0.975441
vt 0.687500 0.972454
vt 0.687500 0.976996
vt 0.691640 0.975441
vt 0.687500 0.939764
vt 0.688083 0.936876
vt 0.691640 0.936403
vt 0.687500 0.939764
vt 0.691640 0.936403
vt 0.562500 0.560236
vt 0.561917 0.563124
vt 0.558360 0.563597
vt 0.558360 0.524559
vt 0.561917 0.524678
vt 0.562500 0.527546
vt 0.562500 0.523004
vt 0.562500 0.972453
vt 0.561917 0.975322
vt 0.558360 0.975441
vt 0.562500 0.976996
vt 0.562500 0.972454
vt 0.558360 0.936403
vt 0.561917 0.936876
vt 0.562500 0.939764
vt 0.562500 0.936403
vt 0.558360 0.936403
vt 0.562500 0.936403
vt 0.531250 0.527546
vt 0.531833 0.524678
vt 0.535390 0.524559
vt 0.531250 0.523004
vt 0.535390 0.975441
vt 0.531833 0.975323
vt 0.531250 0.972454
vt 0.531250 0.976996
vt 0.464610 0.524559
vt 0.468167 0.524678
vt 0.468750 0.527546
vt 0.468750 0.523004
vt 0.464610 0.524559
vt 0.441640 0.563597
vt 0.438083 0.563124
vt 0.437500 0.560236
vt 0.437500 0.563597
vt 0.437500 0.563597
vt 0.437500 0.527546
vt 0.438083 0.524677
vt 0.441640 0.524559
vt 0.437500 0.523004
vt 0.441640 0.524559
vt 0.437500 0.523004
vt 0.438083 0.936876
vt 0.437500 0.939764
vt 0.441640 0.936403
vt 0.437500 0.939764
vt 0.312500 0.560236
vt 0.311917 0.563124
vt 0.312500 0.560236
vt 0.312500 0.563598
vt 0.312500 0.939764
vt 0.311917 0.936876
vt 0.312500 0.936403
vt 0.308360 0.936403
vt 0.312500 0.939764
vt 0.308360 0.936403
vt 0.191640 0.563597
vt 0.188083 0.563124
vt 0.187500 0.563597
vt 0.191640 0.563597
vt 0.187500 0.560236
vt 0.187500 0.939764
vt 0.188083 0.936876
vt 0.191640 0.936403
vt 0.058360 0.563597
vt 0.061917 0.563124
vt 0.062500 0.560236
vt 0.058360 0.936403
vt 0.061917 0.936876
vt 0.062500 0.939764
vt 0.062500 0.936403
vt 0.058360 0.533568
vt 0.061917 0.533460
vt 0.062500 0.535706
vt 0.062500 0.531200
vt 0.058360 0.533568
vt 0.187500 0.535706
vt 0.188083 0.533460
vt 0.191640 0.533568
vt 0.187500 0.531200
vt 0.191640 0.533568
vt 0.308360 0.533568
vt 0.311917 0.533460
vt 0.312500 0.535706
vt 0.312500 0.531200
vt 0.312500 0.531200
vt 0.687500 0.535249
vt 0.688093 0.533568
vt 0.691640 0.533568
vt 0.687500 0.531887
vt 0.687500 0.535249
vt 0.937500 0.531200
vt 0.938083 0.533460
vt 0.937500 0.535706
vt 0.941640 0.533568
vt 0.941640 0.533568
vt 0.808360 0.533568
vt 0.811907 0.533568
vt 0.812500 0.535249
vt 0.812500 0.531887
vt 0.812500 0.535249
vt 0.812500 0.531887
vt 0.558360 0.533568
vt 0.561907 0.533568
vt 0.562500 0.535249
vt 0.562500 0.531887
vt 0.437500 0.535249
vt 0.438093 0.533568
vt 0.441640 0.533568
vt 0.437500 0.531887
vt 0.437500 0.535249
vt 0.058360 0.966432
vt 0.061917 0.966540
vt 0.062500 0.968800
vt 0.062500 0.964294
vt 0.058360 0.966432
vt 0.437500 0.968800
vt 0.438083 0.966540
vt 0.441640 0.966432
vt 0.437500 0.964294
vt 0.437500 0.968800
vt 0.441640 0.966432
vt 0.558360 0.966432
vt 0.561907 0.966432
vt 0.562500 0.968113
vt 0.562500 0.964751
vt 0.558360 0.966432
vt 0.562500 0.964751
vt 0.937500 0.964294
vt 0.938083 0.966540
vt 0.937500 0.968800
vt 0.941640 0.966432
vt 0.937500 0.968800
vt 0.941640 0.966432
vt 0.808360 0.966432
vt 0.811907 0.966432
vt 0.812500 0.968113
vt 0.812500 0.964751
vt 0.812500 0.964751
vt 0.687500 0.964751
vt 0.688093 0.966432
vt 0.687500 0.968113
vt 0.691640 0.966432
vt 0.687500 0.968113
vt 0.691640 0.966432
vt 0.308360 0.966432
vt 0.311917 0.966540
vt 0.312500 0.968800
vt 0.312500 0.964294
vt 0.187500 0.968800
vt 0.188083 0.966540
vt 0.191640 0.966432
vt 0.187500 0.964294
vt 0.187500 0.968800
vt 0.191640 0.966432
vt 0.187500 0.964294
vt 0.281250 0.531478
vt 0.281832 0.533581
vt 0.281250 0.536285
vt 0.285393 0.533568
vt 0.281250 0.531478
vt 0.281250 0.536287
vt 0.285393 0.533568
vt 0.285427 0.563597
vt 0.281850 0.563166
vt 0.281250 0.560533
vt 0.281328 0.563597
vt 0.281250 0.564860
vt 0.214604 0.533568
vt 0.218169 0.533610
vt 0.218750 0.536387
vt 0.218750 0.531579
vt 0.214604 0.533568
vt 0.218750 0.536387
vt 0.218750 0.530646
vt 0.218750 0.563978
vt 0.218162 0.563265
vt 0.218750 0.561887
vt 0.214577 0.563597
vt 0.218685 0.563597
vt 0.218750 0.560506
vt 0.214577 0.563597
vt 0.714610 0.533568
vt 0.718339 0.533568
vt 0.718750 0.535271
vt 0.718750 0.531865
vt 0.714610 0.533568
vt 0.718750 0.535271
vt 0.718750 0.531670
vt 0.714577 0.563597
vt 0.718162 0.563265
vt 0.718685 0.563597
vt 0.718750 0.560506
vt 0.718750 0.563978
vt 0.718750 0.561887
vt 0.781250 0.531839
vt 0.781649 0.533568
vt 0.781250 0.535297
vt 0.785390 0.533568
vt 0.781250 0.535297
vt 0.785427 0.563597
vt 0.781850 0.563166
vt 0.781250 0.560533
vt 0.781328 0.563597
vt 0.785427 0.563597
vt 0.781250 0.560533
vt 0.781250 0.564860
vt 0.964604 0.533568
vt 0.968169 0.533610
vt 0.968750 0.536387
vt 0.968750 0.531579
vt 0.968750 0.536387
vt 0.968750 0.530646
vt 0.968750 0.563978
vt 0.968162 0.563265
vt 0.968750 0.561887
vt 0.964577 0.563597
vt 0.968685 0.563597
vt 0.968750 0.560506
vt 0.785423 0.936403
vt 0.781838 0.936735
vt 0.781315 0.936403
vt 0.781250 0.939494
vt 0.781250 0.936022
vt 0.781250 0.938113
vt 0.531328 0.563597
vt 0.531850 0.563166
vt 0.535427 0.563597
vt 0.531250 0.560534
vt 0.531250 0.564860
vt 0.968672 0.936403
vt 0.968150 0.936834
vt 0.964573 0.936403
vt 0.968750 0.939466
vt 0.968750 0.935140
vt 0.964573 0.936403
vt 0.035423 0.936403
vt 0.031838 0.936735
vt 0.031315 0.936403
vt 0.031250 0.939494
vt 0.035423 0.936403
vt 0.031250 0.936022
vt 0.031250 0.938113
vt 0.031328 0.563597
vt 0.031849 0.563166
vt 0.035427 0.563597
vt 0.031250 0.560534
vt 0.031250 0.564860
vt 0.035427 0.563597
vt 0.468672 0.936403
vt 0.468151 0.936834
vt 0.464573 0.936403
vt 0.468750 0.939467
vt 0.468750 0.935140
vt 0.464573 0.936403
vt 0.468750 0.939466
vt 0.464577 0.563597
vt 0.468162 0.563265
vt 0.468685 0.563597
vt 0.468750 0.560506
vt 0.464577 0.563597
vt 0.468750 0.563978
vt 0.468750 0.561887
vt 0.218672 0.936403
vt 0.218150 0.936834
vt 0.214573 0.936403
vt 0.218750 0.939466
vt 0.218750 0.935140
vt 0.218750 0.939466
vt 0.031250 0.531478
vt 0.031832 0.533581
vt 0.031250 0.536285
vt 0.035393 0.533568
vt 0.031250 0.531478
vt 0.031250 0.536287
vt 0.718672 0.936403
vt 0.718151 0.936834
vt 0.714573 0.936403
vt 0.718750 0.939467
vt 0.718750 0.935140
vt 0.285423 0.936403
vt 0.281838 0.936735
vt 0.281315 0.936403
vt 0.281250 0.939494
vt 0.281250 0.936022
vt 0.281250 0.938113
vt 0.535423 0.936403
vt 0.531838 0.936735
vt 0.531315 0.936403
vt 0.531250 0.939494
vt 0.535423 0.936403
vt 0.531250 0.936022
vt 0.531250 0.938113
vt 0.531250 0.531839
vt 0.531649 0.533568
vt 0.531250 0.535297
vt 0.535390 0.533568
vt 0.531250 0.531839
vt 0.531250 0.535297
vt 0.464610 0.533568
vt 0.468339 0.533568
vt 0.468750 0.535271
vt 0.468750 0.531865
vt 0.464610 0.533568
vt 0.468750 0.535271
vt 0.468750 0.531670
vt 0.281250 0.963613
vt 0.281831 0.966390
vt 0.281250 0.969354
vt 0.285396 0.966432
vt 0.281250 0.963612
vt 0.281250 0.968421
vt 0.464607 0.966432
vt 0.468168 0.966419
vt 0.468750 0.968522
vt 0.468750 0.963713
vt 0.464607 0.966432
vt 0.468750 0.963715
vt 0.531250 0.964729
vt 0.531661 0.966432
vt 0.531250 0.968330
vt 0.535390 0.966432
vt 0.531250 0.968135
vt 0.714610 0.966432
vt 0.718351 0.966432
vt 0.718750 0.968161
vt 0.718750 0.964703
vt 0.714610 0.966432
vt 0.718750 0.964703
vt 0.031250 0.963613
vt 0.031831 0.966390
vt 0.031250 0.969354
vt 0.035396 0.966432
vt 0.031250 0.963612
vt 0.031250 0.968421
vt 0.035396 0.966432
vt 0.964607 0.966432
vt 0.968168 0.966419
vt 0.968750 0.968522
vt 0.968750 0.963713
vt 0.964607 0.966432
vt 0.968750 0.968522
vt 0.968750 0.963715
vt 0.781250 0.964729
vt 0.781661 0.966432
vt 0.781250 0.968330
vt 0.785390 0.966432
vt 0.781250 0.968135
vt 0.214607 0.966432
vt 0.218168 0.966419
vt 0.218750 0.968522
vt 0.218750 0.963713
vt 0.214607 0.966432
vt 0.218750 0.963715
vt 0.058360 0.563597
vt 0.218750 0.560506
vt 0.218750 0.536387
vt 0.968750 0.560506
vt 0.938659 0.936403
vt 0.781817 0.503764
vt 0.531874 0.996233
vt 0.688659 0.936403
vt 0.531817 0.503764
vt 0.281877 0.996210
vt 0.561894 0.996233
vt 0.687500 0.563598
vt 0.438106 0.996228
vt 0.718183 0.996236
vt 0.438106 0.503767
vt 0.561341 0.563597
vt 0.188659 0.936403
vt 0.468191 0.996214
vt 0.468126 0.503767
vt 0.061894 0.996228
vt 0.061341 0.563597
vt 0.031877 0.996210
vt 0.311341 0.563597
vt 0.718126 0.503767
vt 0.561894 0.503767
vt 0.438659 0.936403
vt 0.688106 0.503767
vt 0.811341 0.563597
vt 0.811894 0.503767
vt 0.688106 0.996233
vt 0.811894 0.996338
vt 0.938106 0.996228
vt 0.781874 0.996233
vt 0.968191 0.996214
vt 0.311894 0.996228
vt 0.218191 0.996214
vt 0.188106 0.996228
vt 0.061894 0.503772
vt 0.031809 0.503786
vt 0.218123 0.503790
vt 0.188106 0.503650
vt 0.311894 0.503772
vt 0.281809 0.503786
vt 0.968123 0.503790
vt 0.938106 0.503772
vt 0.058360 0.533568
vt 0.468750 0.939466
vt 0.562500 0.939764
vt 0.781250 0.939494
vt 0.691640 0.966432
vt 0.191640 0.966432
vt 0.781911 0.936403
vt 0.781250 0.932541
vt 0.782711 0.930567
vt 0.812500 0.936533
vt 0.811329 0.936181
vt 0.783349 0.930895
vt 0.783349 0.936403
vt 0.811329 0.936403
vt 0.782245 0.563597
vt 0.781687 0.563888
vt 0.218089 0.563597
vt 0.218750 0.567458
vt 0.188671 0.563819
vt 0.216651 0.569105
vt 0.216651 0.563597
vt 0.188671 0.563597
vt 0.217755 0.936403
vt 0.781289 0.563597
vt 0.532245 0.563597
vt 0.531289 0.563597
vt 0.531687 0.563888
vt 0.533349 0.936403
vt 0.561329 0.936403
vt 0.561329 0.936181
vt 0.533349 0.930895
vt 0.532711 0.930567
vt 0.967755 0.936403
vt 0.968711 0.936403
vt 0.966651 0.563597
vt 0.938671 0.563597
vt 0.938671 0.563819
vt 0.966651 0.569105
vt 0.031911 0.936403
vt 0.031250 0.932542
vt 0.061329 0.936181
vt 0.033349 0.930895
vt 0.033349 0.936403
vt 0.061329 0.936403
vt 0.032245 0.563597
vt 0.282245 0.563597
vt 0.281289 0.563597
vt 0.312500 0.563597
vt 0.281687 0.563888
vt 0.283349 0.936403
vt 0.311329 0.936403
vt 0.311329 0.936181
vt 0.283349 0.930895
vt 0.282711 0.930567
vt 0.968089 0.563597
vt 0.968750 0.567458
vt 0.031289 0.563597
vt 0.467755 0.936403
vt 0.468711 0.936403
vt 0.466651 0.563597
vt 0.438671 0.563597
vt 0.438671 0.563819
vt 0.466651 0.569105
vt 0.468089 0.563597
vt 0.468750 0.567459
vt 0.218711 0.936403
vt 0.718089 0.563597
vt 0.718750 0.567459
vt 0.688671 0.563819
vt 0.716651 0.569105
vt 0.716651 0.563597
vt 0.688671 0.563598
vt 0.717755 0.936403
vt 0.718711 0.936403
vt 0.281911 0.936403
vt 0.281250 0.932542
vt 0.531911 0.936403
vt 0.531250 0.932542
vt 1.000000 0.569373
vt 0.967328 0.569368
vt 0.032661 0.930568
vt 0.562500 0.936533
vt 0.593750 0.563598
vt 0.782661 0.930568
vt 0.406250 0.563597
vt 0.492304 0.925513
vt 0.475309 0.928391
vt 0.475078 0.575702
vt 0.492265 0.575671
vt 0.429761 0.930119
vt 0.413989 0.930119
vt 0.413989 0.569849
vt 0.429761 0.569783
vt 0.687500 0.563468
vt 0.968313 0.936113
vt 0.937500 0.563467
vt 0.117261 0.930119
vt 0.101489 0.930119
vt 0.101489 0.569881
vt 0.117261 0.569881
vt 0.554763 0.928511
vt 0.540433 0.925642
vt 0.539390 0.570099
vt 0.554815 0.569954
vt 0.375000 0.563597
vt 0.687500 0.936403
vt 0.929761 0.930119
vt 0.913989 0.930119
vt 0.913989 0.569849
vt 0.929762 0.569783
vt 0.617261 0.930119
vt 0.601488 0.930119
vt 0.601489 0.569881
vt 0.617261 0.569881
vt 0.054763 0.928511
vt 0.040433 0.925642
vt 0.039390 0.570099
vt 0.054815 0.569954
vt 0.804763 0.928511
vt 0.790433 0.925642
vt 0.789390 0.570099
vt 0.804815 0.569954
vt 0.992304 0.925513
vt 0.975309 0.928391
vt 0.975078 0.575702
vt 0.992265 0.575671
vt 0.875000 0.936403
vt 0.179761 0.930119
vt 0.163989 0.930119
vt 0.163989 0.569849
vt 0.179761 0.569784
vt 0.304763 0.928511
vt 0.290433 0.925642
vt 0.289390 0.570099
vt 0.304815 0.569954
vt 0.782711 0.930567
vt 0.812500 0.936533
vt 0.679761 0.930119
vt 0.663989 0.930119
vt 0.663989 0.569849
vt 0.679762 0.569784
vt 0.367261 0.930119
vt 0.351489 0.930119
vt 0.351489 0.569881
vt 0.367261 0.569881
vt 0.125000 0.936403
vt 0.500000 0.930627
vt 0.867262 0.930119
vt 0.851488 0.930119
vt 0.851489 0.569881
vt 0.867262 0.569881
vt 0.000000 0.925513
vt 0.000000 0.575671
s 1
g module3_3body
usemtl 3body
f 1/1/1 4/2/2 7/3/3 2/4/4
f 1298/5/5 1300/6/6 1162/7/7 1161/8/8
f 3/9/9 5/10/10 4/2/2 1/1/1
f 4/11/2 5/12/10 200/13/9 6/14/1
f 7/15/3 4/11/2 6/14/1 8/16/4
f 9/17/11 7/15/3 8/16/4 10/18/12
f 2/4/4 7/3/3 9/19/11 12/20/12
f 11/21/13 9/17/11 10/18/12 21/22/14
f 12/20/12 9/19/11 11/23/13 13/24/14
f 13/24/14 11/23/13 16/25/15 14/26/16
f 14/27/16 16/28/15 17/29/17 15/30/18
f 17/31/17 16/32/15 18/33/16 20/34/18
f 16/32/15 11/21/13 21/22/14 18/33/16
f 22/35/19 19/36/20 18/37/16 21/38/14
f 19/39/20 59/40/21 20/41/18 18/42/16
f 24/43/22 22/35/19 21/38/14 10/44/12
f 23/45/23 43/46/24 19/47/20 22/48/19
f 25/49/25 23/45/23 22/48/19 24/50/22
f 27/51/26 25/49/25 24/50/22 26/52/27
f 26/53/27 24/43/22 10/44/12 8/54/4
f 30/55/28 27/51/26 26/52/27 28/56/29
f 28/57/29 26/53/27 8/54/4 6/58/1
f 29/59/30 28/57/29 6/58/1 200/60/9
f 31/61/31 30/55/28 28/56/29 29/62/30
f 31/63/31 33/64/10 32/65/2 30/66/28
f 30/66/28 32/65/2 35/67/3 27/68/26
f 32/69/2 33/70/10 111/71/9 34/72/1
f 35/73/3 32/69/2 34/72/1 36/74/4
f 37/75/11 35/73/3 36/74/4 38/76/12
f 27/68/26 35/67/3 37/77/11 25/78/25
f 39/79/13 37/75/11 38/76/12 40/80/14
f 25/78/25 37/77/11 39/81/13 23/82/23
f 41/83/15 39/79/13 40/80/14 44/84/16
f 23/82/23 39/81/13 41/85/15 43/86/24
f 42/87/17 41/83/15 44/84/16 46/88/18
f 43/89/24 41/90/15 42/91/17 55/92/32
f 96/93/19 45/94/20 44/95/16 40/96/14
f 45/97/20 47/98/21 46/99/18 44/100/16
f 47/98/21 49/101/33 48/102/34 46/99/18
f 51/103/35 42/87/17 46/88/18 48/104/34
f 49/101/33 77/105/36 50/106/37 48/102/34
f 52/107/38 51/103/35 48/104/34 50/108/37
f 53/109/39 51/110/35 52/111/38 54/112/40
f 55/92/32 42/91/17 51/110/35 53/109/39
f 53/113/39 54/114/40 58/115/36 56/116/33
f 55/117/32 53/113/39 56/116/33 59/118/21
f 59/40/21 56/119/33 57/120/34 20/41/18
f 56/119/33 58/121/36 60/122/37 57/120/34
f 43/46/24 55/117/32 59/118/21 19/47/20
f 58/121/36 61/123/41 63/124/42 60/122/37
f 54/114/40 62/125/43 61/126/41 58/115/36
f 62/125/43 67/127/44 64/128/45 61/126/41
f 61/123/41 64/129/45 65/130/46 63/124/42
f 64/129/45 66/131/47 335/132/48 65/130/46
f 67/127/44 68/133/49 66/134/47 64/128/45
f 67/135/44 69/136/50 71/137/51 68/138/49
f 62/139/43 72/140/52 69/136/50 67/135/44
f 71/141/51 69/142/50 70/143/46 409/144/48
f 69/142/50 72/145/52 73/146/42 70/143/46
f 72/145/52 52/107/38 50/108/37 73/146/42
f 54/112/40 52/111/38 72/140/52 62/139/43
f 77/105/36 74/147/41 73/148/42 50/106/37
f 74/147/41 76/149/45 70/150/46 73/148/42
f 75/151/43 413/152/44 76/153/45 74/154/41
f 78/155/40 75/151/43 74/154/41 77/156/36
f 79/157/39 78/155/40 77/156/36 49/158/33
f 78/159/40 80/160/38 81/161/52 75/162/43
f 79/163/39 82/164/35 80/160/38 78/159/40
f 81/165/52 80/166/38 83/167/37 85/168/42
f 80/166/38 82/169/35 86/170/34 83/167/37
f 87/171/33 84/172/36 83/173/37 86/174/34
f 84/172/36 422/175/41 85/130/42 83/173/37
f 89/176/21 87/171/33 86/174/34 88/177/18
f 82/169/35 91/178/17 88/179/18 86/170/34
f 443/180/20 89/176/21 88/177/18 90/181/16
f 91/178/17 92/182/15 90/183/16 88/179/18
f 93/184/32 91/185/17 82/164/35 79/163/39
f 94/186/24 92/187/15 91/185/17 93/184/32
f 93/188/32 79/157/39 49/158/33 47/189/21
f 94/190/24 93/188/32 47/189/21 45/191/20
f 95/192/23 94/190/24 45/191/20 96/193/19
f 95/194/23 98/195/13 92/196/15 94/197/24
f 97/198/25 95/192/23 96/193/19 1088/199/22
f 97/200/25 100/201/11 98/195/13 95/194/23
f 92/182/15 98/202/13 99/203/14 90/183/16
f 98/202/13 100/204/11 101/205/12 99/203/14
f 100/204/11 102/206/3 103/207/4 101/205/12
f 105/208/26 102/209/3 100/201/11 97/200/25
f 102/206/3 104/210/2 450/211/1 103/207/4
f 107/212/28 104/213/2 102/209/3 105/208/26
f 105/214/26 97/198/25 1088/199/22 106/215/27
f 107/216/28 105/214/26 106/215/27 109/217/29
f 108/218/31 107/216/28 109/217/29 110/219/30
f 108/220/31 118/221/10 104/213/2 107/212/28
f 109/222/29 106/223/27 36/224/4 34/225/1
f 110/226/30 109/222/29 34/225/1 111/227/9
f 112/228/53 110/226/30 111/227/9 113/229/54
f 115/230/55 108/218/31 110/219/30 112/231/53
f 114/232/56 112/228/53 113/229/54 195/233/57
f 116/234/58 115/230/55 112/231/53 114/235/56
f 115/236/55 117/237/59 118/221/10 108/220/31
f 116/238/58 119/239/60 117/237/59 115/236/55
f 118/240/10 117/241/59 120/242/54 122/243/9
f 117/241/59 119/244/60 123/245/57 120/242/54
f 125/246/56 121/247/53 120/248/54 123/249/57
f 121/247/53 451/250/30 122/251/9 120/248/54
f 126/252/61 125/246/56 123/249/57 124/253/62
f 119/244/60 150/254/63 124/255/62 123/245/57
f 127/256/58 128/257/55 121/258/53 125/259/56
f 129/260/64 127/256/58 125/259/56 126/261/61
f 127/262/58 130/263/60 131/264/59 128/265/55
f 129/266/64 132/267/63 130/263/60 127/262/58
f 131/268/59 130/269/60 133/270/57 134/271/54
f 130/269/60 132/272/63 136/273/62 133/270/57
f 135/274/56 497/275/53 134/276/54 133/277/57
f 137/278/61 135/274/56 133/277/57 136/279/62
f 140/280/65 137/281/61 136/282/62 138/283/66
f 132/272/63 141/284/67 138/285/66 136/273/62
f 515/286/68 140/280/65 138/283/66 139/287/69
f 141/284/67 142/288/70 139/289/69 138/285/66
f 143/290/71 141/291/67 132/292/63 129/293/64
f 144/294/72 142/295/70 141/291/67 143/290/71
f 143/296/71 129/260/64 126/261/61 145/297/65
f 144/298/72 143/296/71 145/297/65 146/299/68
f 146/300/68 145/301/65 147/302/66 148/303/69
f 145/301/65 126/304/61 124/305/62 147/302/66
f 150/254/63 149/306/67 147/307/66 124/255/62
f 149/306/67 151/308/70 148/309/69 147/307/66
f 152/310/71 149/311/67 150/312/63 153/313/64
f 154/314/72 151/315/70 149/311/67 152/310/71
f 152/316/71 153/317/64 157/318/61 155/319/65
f 154/320/72 152/316/71 155/319/65 158/321/68
f 158/322/68 155/323/65 156/324/66 160/325/69
f 155/323/65 157/326/61 194/327/62 156/324/66
f 159/328/73 158/322/68 160/325/69 161/329/74
f 566/330/75 154/320/72 158/321/68 159/331/73
f 163/332/67 162/333/70 160/334/69 156/335/66
f 162/333/70 164/336/76 161/337/74 160/334/69
f 165/338/72 162/339/70 163/340/67 166/341/71
f 167/342/75 164/343/76 162/339/70 165/338/72
f 165/344/72 166/345/71 169/346/65 168/347/68
f 167/348/75 165/344/72 168/347/68 171/349/73
f 168/350/68 169/351/65 185/352/66 170/353/69
f 171/354/73 168/350/68 170/353/69 173/355/74
f 172/356/77 171/354/73 173/355/74 174/357/78
f 214/358/79 167/348/75 171/349/73 172/359/77
f 175/360/76 177/361/80 174/362/78 173/363/74
f 176/364/70 175/360/76 173/363/74 170/365/69
f 178/366/74 175/367/76 176/368/70 180/369/69
f 179/370/78 177/371/80 175/367/76 178/366/74
f 180/369/69 176/368/70 183/372/67 181/373/66
f 181/373/66 183/372/67 184/374/63 182/375/62
f 184/376/63 183/377/67 185/378/66 186/379/62
f 183/377/67 176/364/70 170/365/69 185/378/66
f 169/351/65 188/380/61 186/381/62 185/352/66
f 188/382/61 189/383/56 187/384/57 186/385/62
f 202/386/60 184/376/63 186/379/62 187/387/57
f 166/345/71 190/388/64 188/389/61 169/346/65
f 190/388/64 191/390/58 189/391/56 188/389/61
f 190/392/64 192/393/63 193/394/60 191/395/58
f 166/341/71 163/340/67 192/396/63 190/397/64
f 193/398/60 192/399/63 194/400/62 195/401/57
f 192/399/63 163/332/67 156/335/66 194/400/62
f 157/402/61 114/232/56 195/233/57 194/403/62
f 196/404/59 193/398/60 195/401/57 113/405/54
f 191/395/58 193/394/60 196/406/59 197/407/55
f 33/70/10 196/404/59 113/405/54 111/71/9
f 197/407/55 196/406/59 33/64/10 31/63/31
f 197/408/55 31/61/31 29/62/30 198/409/53
f 191/390/58 197/408/55 198/409/53 189/391/56
f 198/410/53 29/59/30 200/60/9 199/411/54
f 189/383/56 198/410/53 199/411/54 187/384/57
f 201/412/59 202/386/60 187/387/57 199/413/54
f 5/12/10 201/412/59 199/413/54 200/13/9
f 203/414/54 201/415/59 5/10/10 3/9/9
f 204/416/57 202/417/60 201/415/59 203/414/54
f 182/418/62 184/419/63 202/417/60 204/416/57
f 205/420/81 207/421/82 177/371/80 179/370/78
f 206/422/83 208/423/84 207/421/82 205/420/81
f 177/361/80 207/424/82 209/425/81 174/362/78
f 207/424/82 208/426/84 210/427/83 209/425/81
f 212/428/85 211/429/86 209/430/81 210/431/83
f 211/429/86 172/356/77 174/357/78 209/430/81
f 213/432/87 214/358/79 172/359/77 211/433/86
f 215/434/88 213/432/87 211/433/86 212/435/85
f 213/436/87 216/437/82 217/438/80 214/439/79
f 215/440/88 218/441/84 216/437/82 213/436/87
f 217/442/80 216/443/82 219/444/81 221/445/78
f 216/443/82 218/446/84 220/447/83 219/444/81
f 223/448/85 222/449/86 219/450/81 220/451/83
f 222/449/86 224/452/77 221/453/78 219/450/81
f 227/454/88 225/455/87 222/456/86 223/457/85
f 225/455/87 226/458/79 224/459/77 222/456/86
f 225/460/87 228/461/82 229/462/80 226/463/79
f 227/464/88 230/465/84 228/461/82 225/460/87
f 229/466/80 228/467/82 231/468/81 233/469/78
f 228/467/82 230/470/84 234/471/83 231/468/81
f 236/472/85 232/473/86 231/474/81 234/475/83
f 232/473/86 562/476/77 233/477/78 231/474/81
f 230/470/84 261/478/89 235/479/90 234/471/83
f 237/480/91 236/472/85 234/475/83 235/481/90
f 238/482/88 239/483/87 232/484/86 236/485/85
f 240/486/92 238/482/88 236/485/85 237/487/91
f 238/488/88 241/489/84 242/490/82 239/491/87
f 240/492/92 243/493/89 241/489/84 238/488/88
f 242/494/82 241/495/84 244/496/83 245/497/81
f 241/495/84 243/498/89 247/499/90 244/496/83
f 246/500/85 553/501/86 245/502/81 244/503/83
f 248/504/91 246/500/85 244/503/83 247/505/90
f 251/506/93 248/507/91 247/508/90 249/509/94
f 243/498/89 252/510/95 249/511/94 247/499/90
f 982/512/96 251/506/93 249/509/94 250/513/97
f 252/510/95 253/514/98 250/515/97 249/511/94
f 254/516/99 252/517/95 243/518/89 240/519/92
f 255/520/100 253/521/98 252/517/95 254/516/99
f 254/522/99 240/486/92 237/487/91 256/523/93
f 255/524/100 254/522/99 256/523/93 257/525/96
f 257/526/96 256/527/93 258/528/94 259/529/97
f 256/527/93 237/530/91 235/531/90 258/528/94
f 261/478/89 260/532/95 258/533/94 235/479/90
f 260/532/95 262/534/98 259/535/97 258/533/94
f 263/536/99 260/537/95 261/538/89 264/539/92
f 265/540/100 262/541/98 260/537/95 263/536/99
f 263/542/99 264/543/92 268/544/91 266/545/93
f 265/546/100 263/542/99 266/545/93 269/547/96
f 269/548/96 266/549/93 267/550/94 270/551/97
f 266/549/93 268/552/91 394/553/90 267/550/94
f 271/554/101 269/548/96 270/551/97 273/555/102
f 274/556/103 265/546/100 269/547/96 271/557/101
f 272/558/104 271/554/101 273/555/102 359/559/105
f 275/560/106 274/556/103 271/557/101 272/561/104
f 274/562/103 276/563/107 262/541/98 265/540/100
f 275/564/106 278/565/108 276/563/107 274/562/103
f 262/534/98 276/566/107 277/567/102 259/535/97
f 276/566/107 278/568/108 279/569/105 277/567/102
f 278/568/108 280/570/109 283/571/110 279/569/105
f 282/572/111 280/573/109 278/565/108 275/564/106
f 280/570/109 281/574/112 285/575/113 283/571/110
f 400/576/114 281/577/112 280/573/109 282/572/111
f 287/578/115 284/579/116 283/580/110 285/581/113
f 284/579/116 979/582/104 279/583/105 283/580/110
f 281/574/112 312/584/117 286/585/118 285/575/113
f 288/586/119 287/578/115 285/581/113 286/587/118
f 289/588/114 290/589/111 284/590/116 287/591/115
f 291/592/120 289/588/114 287/591/115 288/593/119
f 289/594/114 292/595/112 293/596/109 290/597/111
f 291/598/120 294/599/117 292/595/112 289/594/114
f 293/600/109 292/601/112 295/602/113 297/603/110
f 292/601/112 294/604/117 298/605/118 295/602/113
f 299/606/119 296/607/115 295/608/113 298/609/118
f 296/607/115 971/610/116 297/611/110 295/608/113
f 302/612/121 299/606/119 298/609/118 300/613/122
f 294/604/117 303/614/123 300/615/122 298/605/118
f 303/614/123 304/616/124 301/617/125 300/615/122
f 897/618/126 302/39/121 300/619/122 301/620/125
f 305/621/127 303/622/123 294/599/117 291/598/120
f 306/623/128 304/624/124 303/625/123 305/626/127
f 305/627/127 291/592/120 288/593/119 307/628/121
f 306/629/128 305/627/127 307/628/121 308/630/126
f 308/631/126 307/632/121 309/633/122 310/634/125
f 307/635/121 288/586/119 286/587/118 309/636/122
f 312/584/117 311/637/123 309/638/122 286/585/118
f 311/637/123 313/639/124 310/640/125 309/638/122
f 314/641/127 311/642/123 312/643/117 315/644/120
f 316/645/128 313/646/124 311/647/123 314/648/127
f 314/649/127 315/650/120 319/651/119 317/652/121
f 316/653/128 314/649/127 317/652/121 320/654/126
f 320/655/126 317/656/121 318/657/122 322/658/125
f 317/659/121 319/660/119 355/661/118 318/662/122
f 412/663/129 316/653/128 320/654/126 321/664/130
f 321/665/130 320/655/126 322/658/125 323/666/131
f 325/667/123 324/668/124 322/669/125 318/670/122
f 324/668/124 326/671/132 323/672/131 322/669/125
f 327/673/128 324/674/124 325/675/123 328/676/127
f 329/677/129 326/678/132 324/674/124 327/673/128
f 327/679/128 328/680/127 332/681/121 330/682/126
f 329/683/129 327/679/128 330/682/126 333/684/130
f 333/685/130 330/686/126 331/687/125 334/688/131
f 330/686/126 332/689/121 346/690/122 331/687/125
f 66/131/47 333/685/130 334/688/131 335/132/48
f 68/133/49 329/683/129 333/684/130 66/134/47
f 337/691/124 336/692/132 334/693/131 331/694/125
f 336/692/132 338/695/51 335/696/48 334/693/131
f 339/697/131 336/698/132 337/699/124 341/700/125
f 340/701/48 338/702/51 336/698/132 339/697/131
f 341/700/125 337/699/124 344/703/123 342/704/122
f 342/705/122 344/706/123 345/707/117 343/708/118
f 345/709/117 344/710/123 346/711/122 347/712/118
f 344/710/123 337/691/124 331/694/125 346/711/122
f 332/713/121 349/714/119 347/715/118 346/716/122
f 371/717/112 345/709/117 347/712/118 348/718/113
f 349/714/119 350/719/115 348/720/113 347/715/118
f 328/680/127 351/721/120 349/722/119 332/681/121
f 351/721/120 352/723/114 350/724/115 349/722/119
f 351/725/120 353/726/117 354/727/112 352/728/114
f 328/729/127 325/730/123 353/726/117 351/725/120
f 354/731/112 353/732/117 355/733/118 356/734/113
f 353/732/117 325/667/123 318/670/122 355/733/118
f 319/660/119 357/735/115 356/736/113 355/661/118
f 357/735/115 360/737/116 358/738/110 356/736/113
f 361/739/109 354/731/112 356/734/113 358/740/110
f 360/737/116 272/558/104 359/559/105 358/738/110
f 362/741/108 361/739/109 358/740/110 359/742/105
f 363/743/111 361/744/109 362/745/108 364/746/106
f 352/728/114 354/727/112 361/744/109 363/743/111
f 363/747/111 364/748/106 366/749/104 365/750/116
f 352/723/114 363/747/111 365/750/116 350/724/115
f 365/751/116 366/752/104 368/753/105 367/754/110
f 350/719/115 365/751/116 367/754/110 348/720/113
f 369/755/109 371/717/112 348/718/113 367/756/110
f 370/757/108 369/755/109 367/756/110 368/758/105
f 372/759/110 369/760/109 370/761/108 374/762/105
f 373/763/113 371/764/112 369/760/109 372/759/110
f 374/762/105 370/761/108 377/765/107 375/766/102
f 375/766/102 377/765/107 379/767/98 376/768/97
f 379/769/98 377/770/107 378/771/102 381/772/97
f 377/770/107 370/757/108 368/758/105 378/771/102
f 380/773/95 379/769/98 381/772/97 383/774/94
f 376/768/97 379/767/98 380/775/95 389/776/94
f 399/777/101 382/778/96 381/779/97 378/780/102
f 382/778/96 384/781/93 383/782/94 381/779/97
f 384/781/93 386/783/91 385/784/90 383/782/94
f 387/785/89 380/773/95 383/774/94 385/786/90
f 386/787/91 212/428/85 210/431/83 385/788/90
f 208/426/84 387/785/89 385/786/90 210/427/83
f 388/789/90 387/790/89 208/423/84 206/422/83
f 389/791/94 380/792/95 387/790/89 388/789/90
f 391/793/99 390/794/92 386/795/91 384/796/93
f 390/794/92 215/434/88 212/435/85 386/795/91
f 390/797/92 392/798/89 218/441/84 215/440/88
f 391/799/99 393/800/95 392/798/89 390/797/92
f 218/446/84 392/801/89 394/802/90 220/447/83
f 392/801/89 393/803/95 267/804/94 394/802/90
f 268/805/91 223/448/85 220/451/83 394/806/90
f 393/803/95 395/807/98 270/808/97 267/804/94
f 397/809/100 395/810/98 393/811/95 391/812/99
f 395/807/98 396/813/107 273/814/102 270/808/97
f 398/815/103 396/816/107 395/810/98 397/809/100
f 397/817/100 391/793/99 384/796/93 382/818/96
f 398/819/103 397/817/100 382/818/96 399/820/101
f 364/748/106 398/819/103 399/820/101 366/749/104
f 364/746/106 362/745/108 396/816/107 398/815/103
f 366/752/104 399/777/101 378/780/102 368/753/105
f 396/813/107 362/741/108 359/742/105 273/814/102
f 343/708/118 345/707/117 371/764/112 373/763/113
f 400/821/114 282/822/111 360/823/116 357/824/115
f 282/822/111 275/560/106 272/561/104 360/823/116
f 315/650/120 400/821/114 357/824/115 319/651/119
f 315/644/120 312/643/117 281/577/112 400/576/114
f 401/825/46 403/826/50 338/702/51 340/701/48
f 402/827/42 404/828/52 403/826/50 401/825/46
f 338/695/51 403/829/50 65/830/46 335/696/48
f 403/829/50 404/831/52 63/832/42 65/830/46
f 404/831/52 405/833/38 60/834/37 63/832/42
f 407/835/37 405/836/38 404/828/52 402/827/42
f 405/833/38 406/837/35 57/838/34 60/834/37
f 408/839/34 406/840/35 405/836/38 407/835/37
f 15/30/18 17/29/17 406/840/35 408/839/34
f 406/837/35 17/31/17 20/34/18 57/838/34
f 68/138/49 71/137/51 326/678/132 329/677/129
f 326/671/132 71/141/51 409/144/48 323/672/131
f 410/841/47 321/665/130 323/666/131 409/842/48
f 76/149/45 410/841/47 409/842/48 70/150/46
f 411/843/49 412/663/129 321/664/130 410/844/47
f 413/152/44 411/843/49 410/844/47 76/153/45
f 411/845/49 414/846/51 416/847/132 412/848/129
f 413/849/44 417/850/50 414/846/51 411/845/49
f 416/851/132 414/852/51 415/853/48 916/854/131
f 414/852/51 417/855/50 418/856/46 415/853/48
f 417/855/50 81/165/52 85/168/42 418/856/46
f 75/162/43 81/161/52 417/850/50 413/849/44
f 422/175/41 419/857/45 418/124/46 85/130/42
f 419/857/45 420/858/47 415/859/48 418/124/46
f 421/860/44 913/861/49 420/862/47 419/863/45
f 423/864/43 421/860/44 419/863/45 422/865/41
f 424/866/40 423/864/43 422/865/41 84/867/36
f 423/868/43 425/869/52 426/870/50 421/871/44
f 424/872/40 427/873/38 425/869/52 423/868/43
f 426/874/50 425/875/52 428/876/42 430/877/46
f 425/875/52 427/878/38 431/879/37 428/876/42
f 432/880/36 429/881/41 428/882/42 431/883/37
f 429/881/41 901/884/45 430/885/46 428/882/42
f 434/886/33 432/880/36 431/883/37 433/887/34
f 427/878/38 436/888/35 433/889/34 431/879/37
f 466/890/21 434/886/33 433/887/34 435/891/18
f 436/888/35 437/892/17 435/893/18 433/889/34
f 438/894/39 436/895/35 427/873/38 424/872/40
f 439/896/32 437/897/17 436/895/35 438/894/39
f 438/898/39 424/866/40 84/867/36 87/899/33
f 439/900/32 438/898/39 87/899/33 89/901/21
f 440/902/24 439/900/32 89/901/21 443/903/20
f 440/904/24 442/905/15 437/897/17 439/896/32
f 441/906/23 440/902/24 443/903/20 444/907/19
f 441/908/23 461/909/13 442/910/15 440/911/24
f 444/912/19 443/913/20 90/914/16 99/915/14
f 446/916/25 441/906/23 444/907/19 445/917/22
f 445/918/22 444/912/19 99/915/14 101/919/12
f 448/920/26 446/916/25 445/917/22 447/921/27
f 447/922/27 445/918/22 101/919/12 103/923/4
f 452/924/28 448/920/26 447/921/27 449/925/29
f 449/926/29 447/922/27 103/923/4 450/927/1
f 451/250/30 449/926/29 450/927/1 122/251/9
f 453/928/31 452/924/28 449/925/29 451/929/30
f 453/930/31 455/931/10 454/932/2 452/933/28
f 452/933/28 454/932/2 457/934/3 448/935/26
f 454/936/2 455/937/10 498/938/9 456/939/1
f 457/940/3 454/936/2 456/939/1 458/941/4
f 459/942/11 457/940/3 458/941/4 460/943/12
f 448/935/26 457/934/3 459/944/11 446/945/25
f 461/946/13 459/942/11 460/943/12 462/947/14
f 446/945/25 459/944/11 461/909/13 441/908/23
f 442/948/15 461/946/13 462/947/14 464/949/16
f 495/950/22 463/951/19 462/952/14 460/953/12
f 463/951/19 465/954/20 464/955/16 462/952/14
f 465/689/20 466/890/21 435/891/18 464/956/16
f 437/892/17 442/948/15 464/949/16 435/893/18
f 467/957/24 468/958/32 466/959/21 465/960/20
f 469/961/23 467/957/24 465/960/20 463/962/19
f 467/963/24 470/964/15 471/965/17 468/966/32
f 469/967/23 472/968/13 470/969/15 467/970/24
f 471/971/17 470/972/15 473/973/16 475/974/18
f 470/972/15 472/975/13 476/976/14 473/973/16
f 477/977/19 474/978/20 473/979/16 476/980/14
f 474/981/20 870/982/21 475/983/18 473/984/16
f 472/975/13 479/985/11 478/986/12 476/976/14
f 480/987/22 477/977/19 476/980/14 478/988/12
f 479/985/11 482/989/3 481/990/4 478/986/12
f 483/991/27 480/987/22 478/988/12 481/992/4
f 482/989/3 487/993/2 484/994/1 481/990/4
f 485/995/29 483/991/27 481/992/4 484/996/1
f 1041/997/30 485/995/29 484/996/1 486/998/9
f 487/993/2 488/999/10 486/1000/9 484/994/1
f 490/1001/31 488/1002/10 487/1003/2 489/1004/28
f 489/1004/28 487/1003/2 482/1005/3 492/1006/26
f 490/1007/31 489/1008/28 491/1009/29 496/1010/30
f 489/1008/28 492/1011/26 493/1012/27 491/1009/29
f 492/1011/26 494/1013/25 495/1014/22 493/1012/27
f 492/1006/26 482/1005/3 479/1015/11 494/1016/25
f 494/1013/25 469/961/23 463/962/19 495/1014/22
f 494/1016/25 479/1015/11 472/968/13 469/967/23
f 493/1017/27 495/950/22 460/953/12 458/1018/4
f 491/1019/29 493/1017/27 458/1018/4 456/1020/1
f 496/1021/30 491/1019/29 456/1020/1 498/1022/9
f 499/1023/55 490/1007/31 496/1010/30 497/1024/53
f 497/275/53 496/1021/30 498/1022/9 134/276/54
f 455/937/10 131/268/59 134/271/54 498/938/9
f 500/1025/58 499/1023/55 497/1024/53 135/1026/56
f 499/1027/55 501/1028/59 488/1002/10 490/1001/31
f 500/1029/58 502/1030/60 501/1028/59 499/1027/55
f 488/999/10 501/1031/59 503/1032/54 486/1000/9
f 501/1031/59 502/1033/60 505/1034/57 503/1032/54
f 506/1035/56 504/1036/53 503/1037/54 505/1038/57
f 504/1036/53 1041/997/30 486/998/9 503/1037/54
f 509/1039/61 506/1035/56 505/1038/57 507/1040/62
f 502/1033/60 510/1041/63 507/1042/62 505/1034/57
f 663/1043/65 509/1044/61 507/1045/62 508/1046/66
f 510/1041/63 511/1047/67 508/1048/66 507/1042/62
f 512/1049/64 510/1050/63 502/1030/60 500/1029/58
f 513/1051/71 511/1052/67 510/1053/63 512/1054/64
f 512/1055/64 500/1025/58 135/1026/56 137/1056/61
f 513/1057/71 512/1055/64 137/1056/61 140/1058/65
f 514/1059/72 513/1057/71 140/1058/65 515/1060/68
f 514/1061/72 517/1062/70 511/1052/67 513/1051/71
f 516/1063/75 514/1059/72 515/1060/68 555/1064/73
f 516/1065/75 519/1066/76 517/1062/70 514/1061/72
f 511/1047/67 517/1067/70 518/1068/69 508/1048/66
f 517/1067/70 519/1069/76 521/1070/74 518/1068/69
f 519/1069/76 520/1071/80 522/1072/78 521/1070/74
f 551/1073/79 520/1074/80 519/1066/76 516/1065/75
f 525/1075/77 523/1076/73 521/1077/74 522/1078/78
f 523/1076/73 524/1079/68 518/1080/69 521/1077/74
f 526/1081/75 527/1082/72 524/1083/68 523/1084/73
f 528/1085/79 526/1081/75 523/1084/73 525/1086/77
f 526/463/75 529/1087/76 530/1088/70 527/1089/72
f 528/1090/79 531/1091/80 529/1087/76 526/463/75
f 530/1092/70 529/1093/76 532/1094/74 533/1095/69
f 529/1093/76 531/1096/80 535/1097/78 532/1094/74
f 534/1098/73 652/1099/68 533/1100/69 532/1101/74
f 536/1102/77 534/1098/73 532/1101/74 535/1103/78
f 539/1104/86 536/1102/77 535/1103/78 537/1105/81
f 531/1096/80 540/1106/82 537/1107/81 535/1097/78
f 540/1106/82 541/1108/84 538/1109/83 537/1107/81
f 637/1110/85 539/1104/86 537/1105/81 538/1111/83
f 542/1112/87 540/1113/82 531/1091/80 528/1090/79
f 543/1114/88 541/1115/84 540/1113/82 542/1112/87
f 542/1116/87 528/1085/79 525/1086/77 544/1117/86
f 543/1118/88 542/1116/87 544/1117/86 545/1119/85
f 545/1120/85 544/1121/86 546/1122/81 547/1123/83
f 544/1121/86 525/1075/77 522/1078/78 546/1122/81
f 520/1071/80 548/1124/82 546/1125/81 522/1072/78
f 548/1124/82 549/1126/84 547/1127/83 546/1125/81
f 550/1128/87 548/1129/82 520/1074/80 551/1073/79
f 552/1130/88 549/1131/84 548/1129/82 550/1128/87
f 550/1132/87 551/1133/79 554/1134/77 553/1135/86
f 552/1136/88 550/1132/87 553/1135/86 246/1137/85
f 553/501/86 554/1138/77 556/1139/78 245/502/81
f 551/1133/79 516/1063/75 555/1064/73 554/1134/77
f 554/1138/77 555/1140/73 557/1141/74 556/1139/78
f 558/1142/80 242/494/82 245/497/81 556/1143/78
f 559/1144/76 558/1142/80 556/1143/78 557/1145/74
f 560/1146/79 558/1147/80 559/1148/76 561/1149/75
f 239/491/87 242/490/82 558/1147/80 560/1146/79
f 560/1150/79 561/1151/75 563/1152/73 562/1153/77
f 239/483/87 560/1150/79 562/1153/77 232/484/86
f 562/476/77 563/1154/73 564/1155/74 233/477/78
f 563/1154/73 146/300/68 148/303/69 564/1155/74
f 561/1151/75 144/298/72 146/299/68 563/1152/73
f 565/1156/76 229/466/80 233/469/78 564/1157/74
f 151/308/70 565/1156/76 564/1157/74 148/309/69
f 566/1090/75 565/1158/76 151/315/70 154/314/72
f 226/463/79 229/462/80 565/1158/76 566/1090/75
f 226/458/79 566/330/75 159/331/73 224/459/77
f 561/1149/75 559/1148/76 142/295/70 144/294/72
f 142/288/70 559/1144/76 557/1145/74 139/289/69
f 555/1140/73 515/286/68 139/287/69 557/1141/74
f 567/1159/92 552/1136/88 246/1137/85 248/1160/91
f 567/1161/92 569/1162/89 549/1131/84 552/1130/88
f 568/1163/99 567/1159/92 248/1160/91 251/1164/93
f 568/1165/99 570/1166/95 569/1167/89 567/1168/92
f 549/1126/84 569/1169/89 571/1170/90 547/1127/83
f 569/1169/89 570/1171/95 572/1172/94 571/1170/90
f 574/1173/93 573/1174/91 571/1175/90 572/1176/94
f 573/1177/91 545/1120/85 547/1123/83 571/1178/90
f 575/1179/92 543/1118/88 545/1119/85 573/1180/91
f 576/1181/99 575/1179/92 573/1180/91 574/1182/93
f 575/1183/92 577/1184/89 541/1115/84 543/1114/88
f 576/1185/99 578/1186/95 577/1187/89 575/1188/92
f 541/1108/84 577/1189/89 579/1190/90 538/1109/83
f 577/1189/89 578/1191/95 581/1192/94 579/1190/90
f 580/1193/91 637/1110/85 538/1111/83 579/1194/90
f 583/1195/93 580/1196/91 579/1197/90 581/1198/94
f 584/1199/96 583/1195/93 581/1198/94 582/1200/97
f 578/1191/95 993/1201/98 582/1202/97 581/1192/94
f 585/1203/99 586/1204/92 580/1205/91 583/1206/93
f 587/1207/100 585/1203/99 583/1206/93 584/1208/96
f 585/1209/99 588/1210/95 589/1211/89 586/1212/92
f 587/1213/100 590/1214/98 588/1210/95 585/1209/99
f 589/1215/89 588/1216/95 591/1217/94 593/1218/90
f 588/1216/95 590/1219/98 592/1220/97 591/1217/94
f 596/1221/96 594/1222/93 591/1223/94 592/1224/97
f 594/1222/93 595/1225/91 593/1226/90 591/1223/94
f 597/1227/99 598/1228/92 595/1229/91 594/1230/93
f 599/1231/100 597/1227/99 594/1230/93 596/1232/96
f 597/1233/99 600/1234/95 601/1235/89 598/1236/92
f 599/1237/100 602/1238/98 600/1234/95 597/1233/99
f 601/1239/89 600/1240/95 603/1241/94 605/1242/90
f 600/1240/95 602/1243/98 606/1244/97 603/1241/94
f 608/1245/96 604/1246/93 603/1247/94 606/1248/97
f 604/1246/93 620/1249/91 605/1250/90 603/1247/94
f 609/1251/101 608/1245/96 606/1248/97 607/1252/102
f 602/1243/98 1004/1253/107 607/1254/102 606/1244/97
f 610/133/100 611/127/99 604/1255/93 608/1256/96
f 612/1257/103 610/133/100 608/1256/96 609/1258/101
f 610/1259/100 613/1260/96 615/1261/93 611/1262/99
f 612/1263/103 614/1264/101 613/1260/96 610/1259/100
f 1295/1265/133 1298/5/5 1161/8/8 1160/1266/134
f 611/1262/99 615/1261/93 616/1267/91 618/1268/92
f 618/1269/92 616/1270/91 617/1271/85 619/1272/88
f 618/1273/92 619/1274/88 621/1275/85 620/1276/91
f 611/127/99 618/1273/92 620/1276/91 604/1255/93
f 620/1277/91 621/1278/85 623/1279/83 605/1280/90
f 619/1274/88 1085/1281/87 622/1282/86 621/1275/85
f 621/1278/85 622/1283/86 624/1284/81 623/1279/83
f 625/1285/84 601/1239/89 605/1242/90 623/1286/83
f 626/1287/82 625/1285/84 623/1286/83 624/1288/81
f 627/1289/88 625/1290/84 626/1291/82 628/1292/87
f 598/1293/92 601/1294/89 625/1290/84 627/1289/88
f 627/1295/88 628/1296/87 630/1297/86 629/1298/85
f 598/1228/92 627/1295/88 629/1298/85 595/1229/91
f 595/1299/91 629/1300/85 631/1301/83 593/1302/90
f 629/1300/85 630/1303/86 632/1304/81 631/1301/83
f 634/1305/82 633/1306/84 631/1307/83 632/1308/81
f 633/1306/84 589/1215/89 593/1218/90 631/1307/83
f 635/1309/88 633/1310/84 634/1311/82 636/1312/87
f 586/1313/92 589/1314/89 633/1310/84 635/1309/88
f 635/1315/88 636/1316/87 539/1317/86 637/1318/85
f 586/1204/92 635/1315/88 637/1318/85 580/1205/91
f 636/1316/87 638/1319/79 536/1320/77 539/1317/86
f 636/1312/87 634/1311/82 640/1321/80 638/1322/79
f 638/1319/79 639/1323/75 534/1324/73 536/1320/77
f 638/1322/79 640/1321/80 641/1325/76 639/1326/75
f 641/1327/76 640/1328/80 642/1329/78 644/1330/74
f 640/1328/80 634/1305/82 632/1308/81 642/1329/78
f 630/1303/86 643/1331/77 642/1332/78 632/1304/81
f 643/1331/77 645/1333/73 644/1334/74 642/1332/78
f 645/1333/73 647/1335/68 646/1336/69 644/1334/74
f 649/1337/70 641/1327/76 644/1330/74 646/1338/69
f 647/1335/68 682/1339/65 648/1340/66 646/1336/69
f 650/1341/67 649/1337/70 646/1338/69 648/1342/66
f 651/1343/72 649/1344/70 650/1345/67 653/1346/71
f 639/1326/75 641/1325/76 649/1344/70 651/1343/72
f 651/1347/72 653/1348/71 655/1349/65 652/1350/68
f 639/1323/75 651/1347/72 652/1350/68 534/1324/73
f 653/1348/71 654/1351/64 656/1352/61 655/1349/65
f 653/1346/71 650/1345/67 676/493/63 654/1353/64
f 652/1099/68 655/1354/65 657/1355/66 533/1100/69
f 655/1354/65 656/1356/61 658/1357/62 657/1355/66
f 660/1358/63 659/1359/67 657/1360/66 658/1361/62
f 659/1359/67 530/1092/70 533/1095/69 657/1360/66
f 661/1362/71 659/1363/67 660/1364/63 662/1365/64
f 527/1089/72 530/1088/70 659/1363/67 661/1362/71
f 661/1366/71 662/1367/64 509/1368/61 663/1369/65
f 527/1082/72 661/1366/71 663/1369/65 524/1083/68
f 524/1079/68 663/1043/65 508/1046/66 518/1080/69
f 662/1367/64 664/1370/58 506/1371/56 509/1368/61
f 662/1372/64 660/1373/63 666/1374/60 664/1375/58
f 664/1370/58 665/1376/55 504/1377/53 506/1371/56
f 664/1375/58 666/1374/60 667/1378/59 665/1379/55
f 667/1380/59 666/1381/60 668/1382/57 669/1383/54
f 666/1381/60 660/1358/63 658/1361/62 668/1382/57
f 656/1384/61 670/1385/56 668/1386/57 658/1387/62
f 670/1385/56 671/1388/53 669/1389/54 668/1386/57
f 672/1390/58 673/1391/55 671/1392/53 670/1393/56
f 654/1351/64 672/1390/58 670/1393/56 656/1352/61
f 672/1394/58 674/1395/60 675/1396/59 673/1397/55
f 654/1398/64 676/1399/63 674/1395/60 672/1394/58
f 675/1400/59 674/1401/60 677/1402/57 678/1403/54
f 674/1401/60 676/1404/63 680/1405/62 677/1402/57
f 679/1406/56 713/1407/53 678/1408/54 677/1409/57
f 681/1410/61 679/1406/56 677/1409/57 680/1411/62
f 682/1339/65 681/1412/61 680/1413/62 648/1340/66
f 676/1404/63 650/1341/67 648/1342/66 680/1405/62
f 683/1414/64 684/1415/58 679/1416/56 681/1417/61
f 685/1418/71 683/1414/64 681/1417/61 682/1419/65
f 683/1420/64 686/1421/63 687/1422/60 684/1423/58
f 685/1424/71 688/1425/67 686/1426/63 683/1427/64
f 687/1428/60 686/1429/63 689/1430/62 691/1431/57
f 686/1429/63 688/1432/67 690/1433/66 689/1430/62
f 693/1434/65 692/1435/61 689/1436/62 690/1437/66
f 692/1438/61 694/1439/56 691/1440/57 689/1441/62
f 697/1442/71 695/1443/64 692/1444/61 693/1445/65
f 695/1443/64 696/1446/58 694/1447/56 692/1444/61
f 695/1448/64 698/1449/61 700/1450/56 696/1451/58
f 697/1452/71 699/1453/65 698/1454/61 695/1455/64
f 696/1451/58 700/1450/56 701/1456/53 703/1457/55
f 703/1457/55 701/1456/53 702/1458/30 704/1459/31
f 703/1460/55 704/1461/31 706/1462/30 705/1463/53
f 696/1446/58 703/1460/55 705/1463/53 694/1447/56
f 694/1439/56 705/1464/53 707/1465/54 691/1440/57
f 705/1464/53 706/1466/30 708/1467/9 707/1465/54
f 710/1468/10 709/1469/59 707/1470/54 708/1471/9
f 709/1469/59 687/1428/60 691/1431/57 707/1470/54
f 711/1472/55 709/1473/59 710/1474/10 712/1475/31
f 684/1423/58 687/1422/60 709/1473/59 711/1472/55
f 711/1476/55 712/1477/31 714/1478/30 713/1479/53
f 684/1415/58 711/1476/55 713/1479/53 679/1416/56
f 713/1407/53 714/1480/30 716/1481/9 678/1408/54
f 712/1477/31 756/1482/28 715/1483/29 714/1478/30
f 714/1480/30 715/1484/29 717/1485/1 716/1481/9
f 719/1486/2 718/1487/10 716/1488/9 717/1489/1
f 718/1487/10 675/1400/59 678/1403/54 716/1488/9
f 720/1490/31 718/1491/10 719/1492/2 721/1493/28
f 673/1397/55 675/1396/59 718/1491/10 720/1490/31
f 720/1494/31 721/1495/28 724/1496/29 722/1497/30
f 673/1391/55 720/1494/31 722/1497/30 671/1392/53
f 671/1388/53 722/1498/30 723/1499/9 669/1389/54
f 722/1498/30 724/1500/29 725/1501/1 723/1499/9
f 724/1500/29 726/1502/27 728/1503/4 725/1501/1
f 721/1495/28 727/1504/26 726/1505/27 724/1496/29
f 727/1504/26 730/1506/25 729/1507/22 726/1505/27
f 726/1502/27 729/1508/22 731/1509/12 728/1503/4
f 730/1506/25 733/1510/23 732/1511/19 729/1507/22
f 729/1508/22 732/1512/19 734/1513/14 731/1509/12
f 733/1510/23 738/1514/24 735/1515/20 732/1511/19
f 732/1512/19 735/1516/20 736/1517/16 734/1513/14
f 735/1518/20 737/1519/21 860/1520/18 736/1521/16
f 738/1514/24 739/1522/32 737/1523/21 735/1515/20
f 738/1524/24 740/1525/15 741/1526/17 739/1527/32
f 733/1528/23 742/1529/13 740/1530/15 738/1531/24
f 741/1532/17 740/1533/15 743/1534/16 745/1535/18
f 740/1533/15 742/1536/13 746/1537/14 743/1534/16
f 747/1538/19 744/1539/20 743/1540/16 746/1541/14
f 744/1542/20 1042/1543/21 745/1544/18 743/1545/16
f 742/1536/13 749/1546/11 748/1547/12 746/1537/14
f 750/1548/22 747/1538/19 746/1541/14 748/1549/12
f 749/1546/11 752/1550/3 751/1551/4 748/1547/12
f 753/1552/27 750/1548/22 748/1549/12 751/1553/4
f 752/1550/3 719/1486/2 717/1489/1 751/1551/4
f 715/1484/29 753/1552/27 751/1553/4 717/1485/1
f 754/1554/26 755/1555/25 750/1556/22 753/1557/27
f 756/1482/28 754/1554/26 753/1557/27 715/1483/29
f 754/1558/26 757/1559/3 759/1560/11 755/1561/25
f 756/1562/28 760/1563/2 757/1559/3 754/1558/26
f 759/1564/11 757/1565/3 758/1566/4 768/1567/12
f 757/1565/3 760/1568/2 761/1569/1 758/1566/4
f 760/1568/2 710/1468/10 708/1471/9 761/1569/1
f 712/1475/31 710/1474/10 760/1563/2 756/1562/28
f 706/1466/30 762/1570/29 761/1571/1 708/1467/9
f 762/1570/29 764/1572/27 758/1573/4 761/1571/1
f 704/1461/31 763/1574/28 762/1575/29 706/1462/30
f 763/1574/28 765/1576/26 764/1577/27 762/1575/29
f 765/1576/26 767/1578/25 766/1579/22 764/1577/27
f 764/1572/27 766/1580/22 768/1581/12 758/1573/4
f 767/1578/25 770/1582/23 769/1583/19 766/1579/22
f 766/1580/22 769/1584/19 771/1585/14 768/1581/12
f 770/1582/23 773/1586/24 772/1587/20 769/1583/19
f 769/1584/19 772/1588/20 774/1589/16 771/1585/14
f 773/1586/24 778/1590/32 775/1591/21 772/1587/20
f 772/1592/20 775/1593/21 776/1594/18 774/1595/16
f 775/1593/21 777/1596/33 1049/1597/34 776/1594/18
f 778/1590/32 779/1598/39 777/1599/33 775/1591/21
f 778/1600/32 780/1601/21 782/1602/33 779/1603/39
f 773/1604/24 781/1605/20 780/1601/21 778/1600/32
f 779/1603/39 782/1602/33 783/1606/36 785/1607/40
f 785/1607/40 783/1606/36 784/1608/41 786/1609/43
f 785/1610/40 786/1611/43 789/1612/41 787/1613/36
f 779/1598/39 785/1610/40 787/1613/36 777/1599/33
f 777/1596/33 787/1614/36 788/1615/37 1049/1597/34
f 787/1614/36 789/1616/41 790/150/42 788/1615/37
f 789/1616/41 791/1617/45 793/148/46 790/150/42
f 786/1611/43 792/1618/44 791/1619/45 789/1612/41
f 792/1618/44 797/1620/49 794/1621/47 791/1619/45
f 791/1617/45 794/1622/47 795/1623/48 793/148/46
f 794/1622/47 796/1624/130 809/1625/131 795/1623/48
f 797/1620/49 798/1626/129 796/1627/130 794/1621/47
f 797/1628/49 799/1629/47 801/1630/130 798/1631/129
f 792/1632/44 800/1633/45 799/1629/47 797/1628/49
f 798/1631/129 801/1630/130 802/1634/126 804/1635/128
f 804/1635/128 802/1634/126 803/1636/121 805/1637/127
f 804/1638/128 805/1639/127 807/1640/121 806/1641/126
f 798/1626/129 804/1638/128 806/1641/126 796/1627/130
f 806/1642/126 807/1643/121 810/1644/122 808/1645/125
f 796/1624/130 806/1642/126 808/1645/125 809/1625/131
f 811/1646/124 813/1647/132 809/1648/131 808/1649/125
f 812/1650/123 811/1646/124 808/1649/125 810/1651/122
f 814/1652/128 811/1653/124 812/1654/123 815/1655/127
f 816/1656/129 813/1657/132 811/1653/124 814/1652/128
f 814/1658/128 815/1659/127 819/1660/121 817/1661/126
f 816/1662/129 814/1658/128 817/1661/126 818/1663/130
f 818/1664/130 817/1665/126 820/1666/125 822/1667/131
f 817/1665/126 819/1518/121 821/1668/122 820/1666/125
f 824/1669/123 823/1670/124 820/1671/125 821/1672/122
f 823/1670/124 825/1673/132 822/1674/131 820/1671/125
f 826/1675/128 823/1676/124 824/187/123 827/186/127
f 828/1677/129 825/1678/132 823/1676/124 826/1675/128
f 826/1679/128 827/1680/127 831/1681/121 829/1682/126
f 828/1683/129 826/1679/128 829/1682/126 832/1684/130
f 832/1685/130 829/1686/126 830/1687/125 833/1688/131
f 829/1686/126 831/1542/121 936/1689/122 830/1687/125
f 834/1690/47 832/1685/130 833/1688/131 835/1691/48
f 836/1692/49 828/1683/129 832/1684/130 834/1693/47
f 837/1694/45 834/1690/47 835/1691/48 839/1695/46
f 838/1696/44 836/1692/49 834/1693/47 837/1697/45
f 843/1698/43 838/1696/44 837/1697/45 840/1699/41
f 840/1700/41 837/1694/45 839/1695/46 841/1701/42
f 842/1702/36 840/1700/41 841/1701/42 859/1703/37
f 844/1704/40 843/1698/43 840/1699/41 842/1705/36
f 843/1706/43 845/1707/52 846/1708/50 838/1709/44
f 844/1710/40 847/1711/38 845/1707/52 843/1706/43
f 846/1712/50 845/546/52 848/1713/42 850/1714/46
f 845/546/52 847/556/38 851/1715/37 848/1713/42
f 852/1716/36 849/1717/41 848/1718/42 851/1719/37
f 849/1717/41 1058/1720/45 850/1721/46 848/1718/42
f 854/1722/33 852/1716/36 851/1719/37 853/1723/34
f 847/556/38 855/1724/35 853/1725/34 851/1715/37
f 1042/1543/21 854/1722/33 853/1723/34 745/1544/18
f 855/1724/35 741/1532/17 745/1535/18 853/1725/34
f 856/1726/39 855/1727/35 847/1711/38 844/1710/40
f 739/1527/32 741/1526/17 855/1727/35 856/1726/39
f 856/1728/39 844/1704/40 842/1705/36 857/1729/33
f 739/1522/32 856/1728/39 857/1729/33 737/1523/21
f 737/1519/21 857/1730/33 858/1731/34 860/1520/18
f 857/1730/33 842/1702/36 859/1703/37 858/1731/34
f 862/1732/38 861/1733/35 858/1734/34 859/1735/37
f 861/1733/35 863/1736/17 860/1737/18 858/1734/34
f 864/1738/39 861/1739/35 862/1740/38 865/1741/40
f 866/1742/32 863/1743/17 861/1739/35 864/1738/39
f 864/1744/39 865/1745/40 869/1746/36 867/1747/33
f 866/1748/32 864/1744/39 867/1747/33 870/1749/21
f 870/982/21 867/1750/33 868/1751/34 475/983/18
f 867/1750/33 869/1752/36 871/1753/37 868/1751/34
f 1029/1754/24 866/1748/32 870/1749/21 474/1755/20
f 869/1752/36 872/1756/41 873/1695/42 871/1753/37
f 865/1745/40 875/1757/43 872/1758/41 869/1746/36
f 872/1756/41 874/1759/45 905/1701/46 873/1695/42
f 875/1757/43 876/1760/44 874/1761/45 872/1758/41
f 875/1762/43 877/1763/52 878/1764/50 876/1765/44
f 865/1741/40 862/1740/38 877/1763/52 875/1762/43
f 878/1766/50 877/1767/52 841/1768/42 839/1769/46
f 877/1767/52 862/1732/38 859/1735/37 841/1768/42
f 879/1770/51 878/1766/50 839/1769/46 835/1771/48
f 876/1765/44 878/1764/50 879/1772/51 881/1773/49
f 880/1774/132 879/1770/51 835/1771/48 833/1775/131
f 881/1773/49 879/1772/51 880/1776/132 883/1777/129
f 881/1778/49 883/1779/129 885/1780/130 882/1781/47
f 876/1760/44 881/1778/49 882/1781/47 874/1761/45
f 883/1779/129 884/1782/128 886/1783/126 885/1780/130
f 883/1777/129 880/1776/132 1028/1784/124 884/1785/128
f 885/1786/130 886/1787/126 889/1788/125 887/1789/131
f 882/1790/47 885/1786/130 887/1789/131 888/1791/48
f 890/1792/132 892/1793/51 888/1794/48 887/1795/131
f 891/1796/124 890/1792/132 887/1795/131 889/1797/125
f 893/1798/129 890/1799/132 891/1800/124 894/1801/128
f 895/1802/49 892/1803/51 890/1799/132 893/1798/129
f 893/1804/129 894/1805/128 897/1806/126 896/1807/130
f 895/1808/49 893/1804/129 896/1807/130 899/1809/47
f 896/1810/130 897/618/126 301/620/125 898/1811/131
f 899/1812/47 896/1810/130 898/1811/131 900/1813/48
f 901/884/45 899/1812/47 900/1813/48 430/885/46
f 902/1814/44 895/1808/49 899/1809/47 901/1815/45
f 903/1816/43 902/1814/44 901/1815/45 429/1817/41
f 902/1818/44 904/1819/50 892/1803/51 895/1802/49
f 903/1820/43 906/1821/52 904/1819/50 902/1818/44
f 892/1793/51 904/1822/50 905/1823/46 888/1794/48
f 904/1822/50 906/1824/52 873/1825/42 905/1823/46
f 906/1824/52 907/1826/38 871/1827/37 873/1825/42
f 909/1828/40 907/1829/38 906/1821/52 903/1820/43
f 907/1826/38 908/1830/35 868/1831/34 871/1827/37
f 910/1832/39 908/1833/35 907/1829/38 909/1828/40
f 909/1834/40 903/1816/43 429/1817/41 432/1835/36
f 910/1836/39 909/1834/40 432/1835/36 434/1837/33
f 468/958/32 910/1836/39 434/1837/33 466/959/21
f 468/966/32 471/965/17 908/1833/35 910/1832/39
f 908/1830/35 471/971/17 475/974/18 868/1831/34
f 874/1759/45 882/1790/47 888/1791/48 905/1701/46
f 912/1838/132 911/1839/51 900/1840/48 898/1841/131
f 911/1839/51 426/874/50 430/877/46 900/1840/48
f 913/1842/49 911/1843/51 912/1844/132 914/1845/129
f 421/871/44 426/870/50 911/1843/51 913/1842/49
f 913/861/49 914/1846/129 915/1847/130 420/862/47
f 914/1846/129 306/629/128 308/630/126 915/1847/130
f 914/1845/129 912/1844/132 304/624/124 306/623/128
f 420/858/47 915/1848/130 916/1849/131 415/859/48
f 915/1848/130 308/631/126 310/634/125 916/1849/131
f 313/639/124 416/851/132 916/854/131 310/640/125
f 304/616/124 912/1838/132 898/1841/131 301/617/125
f 894/1805/128 917/1850/127 302/1851/121 897/1806/126
f 894/1801/128 891/1800/124 919/1852/123 917/1853/127
f 917/1850/127 918/1854/120 299/1855/119 302/1851/121
f 917/1856/127 919/1857/123 920/1858/117 918/1859/120
f 920/1860/117 919/1861/123 921/1862/122 923/1863/118
f 919/1861/123 891/1796/124 889/1797/125 921/1862/122
f 886/1787/126 922/1864/121 921/1865/122 889/1788/125
f 922/1866/121 925/1867/119 923/1868/118 921/1869/122
f 967/1870/112 920/1860/117 923/1863/118 924/1871/113
f 925/1867/119 926/1872/115 924/1873/113 923/1868/118
f 927/1874/120 928/1875/114 926/1876/115 925/1877/119
f 929/1878/127 927/1874/120 925/1877/119 922/1879/121
f 927/1880/120 930/1881/117 931/1882/112 928/1883/114
f 929/1884/127 932/1885/123 930/1881/117 927/1880/120
f 931/1886/112 930/1887/117 933/1888/118 934/1889/113
f 930/1887/117 932/1890/123 936/1891/122 933/1888/118
f 935/1892/119 937/1893/115 934/1894/113 933/1895/118
f 831/1896/121 935/1892/119 933/1895/118 936/1897/122
f 932/1890/123 1028/1898/124 830/1899/125 936/1891/122
f 827/1680/127 938/1900/120 935/1901/119 831/1681/121
f 938/1900/120 939/1902/114 937/1903/115 935/1901/119
f 938/1904/120 940/1905/117 941/1906/112 939/1907/114
f 827/1908/127 824/1909/123 940/1905/117 938/1904/120
f 941/1063/112 940/1910/117 942/1911/118 944/1912/113
f 940/1910/117 824/1669/123 821/1672/122 942/1911/118
f 819/1913/121 943/1914/119 942/1915/118 821/1916/122
f 943/1914/119 945/1917/115 944/1918/113 942/1915/118
f 945/1917/115 948/1919/116 946/1920/110 944/1918/113
f 949/1921/109 941/1063/112 944/1912/113 946/1922/110
f 948/1919/116 1001/1923/104 947/1924/105 946/1920/110
f 950/1925/108 949/1921/109 946/1922/110 947/1926/105
f 951/1927/111 949/1928/109 950/1929/108 952/1930/106
f 939/1907/114 941/1906/112 949/1928/109 951/1927/111
f 951/1931/111 952/1932/106 954/1933/104 953/1934/116
f 939/1902/114 951/1931/111 953/1934/116 937/1903/115
f 953/1935/116 954/1936/104 956/1937/105 955/1938/110
f 937/1893/115 953/1935/116 955/1938/110 934/1894/113
f 957/1939/109 931/1886/112 934/1889/113 955/1940/110
f 958/1941/108 957/1939/109 955/1940/110 956/1942/105
f 959/1943/111 957/1944/109 958/1945/108 960/1946/106
f 928/1883/114 931/1882/112 957/1944/109 959/1943/111
f 959/1947/111 960/1948/106 962/1949/104 961/1950/116
f 928/1875/114 959/1947/111 961/1950/116 926/1876/115
f 926/1872/115 961/1951/116 963/1952/110 924/1873/113
f 961/1951/116 962/1953/104 964/1954/105 963/1952/110
f 966/1955/108 965/1956/109 963/1957/110 964/1958/105
f 965/1956/109 967/1870/112 924/1871/113 963/1957/110
f 968/1959/111 965/1960/109 966/1961/108 969/1962/106
f 970/1963/114 967/1964/112 965/1960/109 968/1959/111
f 968/1965/111 969/1966/106 972/1967/104 971/1968/116
f 970/1969/114 968/1965/111 971/1968/116 296/1970/115
f 971/610/116 972/1971/104 974/1972/105 297/611/110
f 972/1971/104 973/1973/101 975/1974/102 974/1972/105
f 969/1966/106 983/1975/103 973/1976/101 972/1967/104
f 976/1977/108 293/600/109 297/603/110 974/1978/105
f 977/1979/107 976/1977/108 974/1978/105 975/1980/102
f 978/1981/106 976/1982/108 977/1983/107 980/1984/103
f 290/597/111 293/596/109 976/1982/108 978/1981/106
f 978/1985/106 980/1986/103 981/1987/101 979/1988/104
f 290/589/111 978/1985/106 979/1988/104 284/590/116
f 980/1986/103 255/524/100 257/525/96 981/1987/101
f 980/1984/103 977/1983/107 253/521/98 255/520/100
f 979/582/104 981/1989/101 277/1990/102 279/583/105
f 981/1989/101 257/526/96 259/529/97 277/1990/102
f 253/514/98 977/1979/107 975/1980/102 250/515/97
f 973/1973/101 982/512/96 250/513/97 975/1974/102
f 983/1975/103 984/1991/100 982/1992/96 973/1976/101
f 983/1993/103 985/1994/107 987/1995/98 984/1996/100
f 969/1962/106 966/1961/108 985/1994/107 983/1993/103
f 987/1997/98 985/1998/107 986/1999/102 988/2000/97
f 985/1998/107 966/1955/108 964/1958/105 986/1999/102
f 570/1171/95 987/1997/98 988/2000/97 572/1172/94
f 984/1996/100 987/1995/98 570/1166/95 568/1165/99
f 990/2001/101 989/2002/96 988/2003/97 986/2004/102
f 989/2002/96 574/1173/93 572/1176/94 988/2003/97
f 992/316/103 991/320/100 989/2005/96 990/2006/101
f 991/320/100 576/1181/99 574/1182/93 989/2005/96
f 991/2007/100 993/2008/98 578/1186/95 576/1185/99
f 992/2009/103 994/2010/107 993/2008/98 991/2007/100
f 993/1201/98 994/2011/107 995/2012/102 582/1202/97
f 994/2011/107 958/1941/108 956/1942/105 995/2012/102
f 960/1946/106 958/1945/108 994/2010/107 992/2009/103
f 996/2013/101 584/1199/96 582/1200/97 995/2014/102
f 954/1936/104 996/2013/101 995/2014/102 956/1937/105
f 952/1932/106 997/2015/103 996/2016/101 954/1933/104
f 997/2015/103 587/1207/100 584/1208/96 996/2016/101
f 997/2017/103 998/2018/107 590/1214/98 587/1213/100
f 952/1930/106 950/1929/108 998/2018/107 997/2017/103
f 590/1219/98 998/2019/107 999/2020/102 592/1220/97
f 998/2019/107 950/1925/108 947/1926/105 999/2020/102
f 1001/1923/104 1000/2021/101 999/2022/102 947/1924/105
f 1000/2021/101 596/1221/96 592/1224/97 999/2022/102
f 1002/2023/103 599/1231/100 596/1232/96 1000/2024/101
f 1003/2025/106 1002/2023/103 1000/2024/101 1001/2026/104
f 1002/2027/103 1004/2028/107 602/1238/98 599/1237/100
f 1003/2029/106 1005/2030/108 1004/2028/107 1002/2027/103
f 1004/1253/107 1005/2031/108 1007/2032/105 607/1254/102
f 1005/2031/108 1006/2033/109 1009/2034/110 1007/2032/105
f 1027/2035/111 1006/2036/109 1005/2030/108 1003/2029/106
f 1008/2037/104 609/1251/101 607/1252/102 1007/2038/105
f 1011/2039/116 1008/2037/104 1007/2038/105 1009/2040/110
f 1006/2033/109 1024/2041/112 1010/2042/113 1009/2034/110
f 1012/2043/115 1011/2039/116 1009/2040/110 1010/2044/113
f 1013/2045/111 1014/2046/106 1008/2047/104 1011/2048/116
f 1015/2049/114 1013/2045/111 1011/2048/116 1012/2050/115
f 1013/2051/111 1016/2052/116 1018/2053/104 1014/2054/106
f 1015/2055/114 1017/2056/115 1016/2052/116 1013/2051/111
f 1014/2054/106 1018/2053/104 614/1264/101 612/1263/103
f 1020/2057/120 1019/2058/119 1017/2056/115 1015/2055/114
f 805/2059/127 803/2060/121 1019/2058/119 1020/2057/120
f 1020/2061/120 1015/2049/114 1012/2050/115 1021/2062/119
f 805/1639/127 1020/2061/120 1021/2062/119 807/1640/121
f 807/2063/121 1021/2064/119 1022/2065/118 810/2066/122
f 1021/2064/119 1012/2043/115 1010/2044/113 1022/2065/118
f 1024/2041/112 1023/2067/117 1022/2068/118 1010/2042/113
f 1023/2067/117 812/1650/123 810/1651/122 1022/2068/118
f 1025/2069/120 1023/2070/117 1024/2071/112 1026/2072/114
f 815/2073/127 812/2074/123 1023/2070/117 1025/2069/120
f 1025/2075/120 1026/2076/114 945/2077/115 943/2078/119
f 815/1659/127 1025/2075/120 943/2078/119 819/1660/121
f 1026/2076/114 1027/2079/111 948/2080/116 945/2077/115
f 1026/2072/114 1024/2071/112 1006/2036/109 1027/2035/111
f 1027/2079/111 1003/2025/106 1001/2026/104 948/2080/116
f 1014/2046/106 612/1257/103 609/1258/101 1008/2047/104
f 960/1948/106 992/316/103 990/2006/101 962/1949/104
f 962/1953/104 990/2001/101 986/2004/102 964/1954/105
f 984/1991/100 568/1163/99 251/1164/93 982/1992/96
f 918/1854/120 970/1969/114 296/1970/115 299/1855/119
f 918/1859/120 920/1858/117 967/1964/112 970/1963/114
f 884/1785/128 1028/1784/124 932/2081/123 929/2082/127
f 1028/1898/124 880/1774/132 833/1775/131 830/1899/125
f 884/1782/128 929/1878/127 922/1879/121 886/1783/126
f 1029/2083/24 1031/1654/15 863/1743/17 866/1742/32
f 1030/2084/23 1029/1754/24 474/1755/20 477/2085/19
f 1030/2086/23 1032/2087/13 1031/2088/15 1029/2089/24
f 863/1736/17 1031/2090/15 736/2091/16 860/1737/18
f 1031/2090/15 1032/2092/13 734/2093/14 736/2091/16
f 1032/2092/13 1033/2094/11 731/2095/12 734/2093/14
f 1035/2096/25 1033/2097/11 1032/2087/13 1030/2086/23
f 1033/2094/11 1034/2098/3 728/2099/4 731/2095/12
f 1036/2100/26 1034/2101/3 1033/2097/11 1035/2096/25
f 1035/2102/25 1030/2084/23 477/2085/19 480/2103/22
f 1036/2104/26 1035/2102/25 480/2103/22 483/2105/27
f 1037/2106/28 1036/2104/26 483/2105/27 485/2107/29
f 1037/2108/28 1039/2109/2 1034/2101/3 1036/2100/26
f 1038/2110/31 1037/2106/28 485/2107/29 1041/2111/30
f 1038/2112/31 1040/2113/10 1039/2109/2 1037/2108/28
f 1039/2114/2 1040/2115/10 723/2116/9 725/2117/1
f 1034/2098/3 1039/2114/2 725/2117/1 728/2099/4
f 1040/2115/10 667/1380/59 669/1383/54 723/2116/9
f 665/1379/55 667/1378/59 1040/2113/10 1038/2112/31
f 665/1376/55 1038/2110/31 1041/2111/30 504/1377/53
f 1043/2118/39 1044/2119/40 852/2120/36 854/2121/33
f 1045/2122/32 1043/2118/39 854/2121/33 1042/2123/21
f 1043/2124/39 1046/2125/35 1047/2126/38 1044/2127/40
f 1045/2128/32 1048/2129/17 1046/2125/35 1043/2124/39
f 1047/2130/38 1046/2131/35 1049/2132/34 788/2133/37
f 1046/2131/35 1048/2134/17 776/2135/18 1049/2132/34
f 1048/2134/17 1050/2136/15 774/2137/16 776/2135/18
f 1052/2138/24 1050/2139/15 1048/2129/17 1045/2128/32
f 1050/2136/15 1051/2140/13 771/2141/14 774/2137/16
f 1053/2142/23 1051/2143/13 1050/2144/15 1052/2145/24
f 1052/2146/24 1045/2122/32 1042/2123/21 744/2147/20
f 1053/2148/23 1052/2146/24 744/2147/20 747/2149/19
f 755/1555/25 1053/2148/23 747/2149/19 750/1556/22
f 755/1561/25 759/1560/11 1051/2143/13 1053/2142/23
f 1051/2140/13 759/1564/11 768/1567/12 771/2141/14
f 1054/2150/52 1047/2130/38 788/2133/37 790/2151/42
f 1044/2127/40 1047/2126/38 1054/2152/52 1056/2153/43
f 1055/2154/50 1054/2150/52 790/2151/42 793/2155/46
f 1056/2153/43 1054/2152/52 1055/2156/50 1057/139/44
f 1056/2157/43 1057/2158/44 1058/2159/45 849/2160/41
f 1044/2119/40 1056/2157/43 849/2160/41 852/2120/36
f 1057/2158/44 1059/2161/49 1060/2162/47 1058/2159/45
f 1057/139/44 1055/2156/50 1061/2163/51 1059/2164/49
f 1059/2161/49 816/1662/129 818/1663/130 1060/2162/47
f 1059/2164/49 1061/2163/51 813/1657/132 816/1656/129
f 813/1647/132 1061/2165/51 795/2166/48 809/1648/131
f 1061/2165/51 1055/2154/50 793/2155/46 795/2166/48
f 1058/1720/45 1060/2167/47 1062/2168/48 850/1721/46
f 1060/2167/47 818/1664/130 822/1667/131 1062/2168/48
f 825/1673/132 1063/2169/51 1062/2170/48 822/1674/131
f 1063/2169/51 846/1712/50 850/1714/46 1062/2170/48
f 836/2171/49 1063/2172/51 825/1678/132 828/1677/129
f 838/1709/44 846/1708/50 1063/2172/51 836/2171/49
f 786/1609/43 784/1608/41 800/1633/45 792/1632/44
f 770/2173/23 1064/2174/19 781/805/20 773/2175/24
f 767/2176/25 1065/2177/22 1064/2174/19 770/2173/23
f 765/2178/26 1066/2179/27 1065/2177/22 767/2176/25
f 763/2180/28 1067/2181/29 1066/2179/27 765/2178/26
f 704/1459/31 702/1458/30 1067/2181/29 763/2180/28
f 727/2182/26 752/2183/3 749/2184/11 730/2185/25
f 721/1493/28 719/1492/2 752/2183/3 727/2182/26
f 730/2185/25 749/2184/11 742/1529/13 733/1528/23
f 1070/2186/72 1068/2187/68 699/1453/65 697/1452/71
f 1072/2188/75 1069/2189/73 1068/2187/68 1070/2186/72
f 1070/2190/72 697/1442/71 693/1445/65 1071/2191/68
f 1072/2192/75 1070/2190/72 1071/2191/68 1074/2193/73
f 1073/2194/79 1072/2192/75 1074/2193/73 1076/2195/77
f 1073/2196/79 1086/2197/77 1069/2189/73 1072/2188/75
f 1076/2198/77 1074/2199/73 1075/2200/74 1077/2201/78
f 1074/2199/73 1071/2202/68 1084/2203/69 1075/2200/74
f 622/1283/86 1076/2198/77 1077/2201/78 624/1284/81
f 1085/1281/87 1073/2194/79 1076/2195/77 622/1282/86
f 1079/2204/76 1078/2205/80 1077/2206/78 1075/2207/74
f 1078/2205/80 626/1287/82 624/1288/81 1077/2206/78
f 1080/2208/79 1078/2209/80 1079/2210/76 1081/2211/75
f 628/1292/87 626/1291/82 1078/2209/80 1080/2208/79
f 1080/2212/79 1081/2213/75 645/2214/73 643/2215/77
f 628/1296/87 1080/2212/79 643/2215/77 630/1297/86
f 1081/2213/75 1082/2216/72 647/2217/68 645/2214/73
f 1081/2211/75 1079/2210/76 1083/2218/70 1082/2219/72
f 1082/2216/72 685/1418/71 682/1419/65 647/2217/68
f 1082/2219/72 1083/2218/70 688/1425/67 685/1424/71
f 688/1432/67 1083/2220/70 1084/2221/69 690/1433/66
f 1083/2220/70 1079/2204/76 1075/2207/74 1084/2221/69
f 1071/2202/68 693/1434/65 690/1437/66 1084/2203/69
f 1085/2222/87 1087/2223/86 1086/2197/77 1073/2196/79
f 619/1272/88 617/1271/85 1087/2223/86 1085/2222/87
f 128/265/55 131/264/59 455/931/10 453/930/31
f 128/257/55 453/928/31 451/929/30 121/258/53
f 104/210/2 118/240/10 122/243/9 450/211/1
f 412/848/129 416/847/132 313/646/124 316/645/128
f 264/543/92 227/454/88 223/457/85 268/544/91
f 264/2224/92 261/2225/89 230/465/84 227/464/88
f 224/452/77 159/328/73 161/329/74 221/453/78
f 164/336/76 217/442/80 221/445/78 161/337/74
f 214/439/79 217/438/80 164/343/76 167/342/75
f 153/317/64 116/234/58 114/235/56 157/318/61
f 153/2226/64 150/2227/63 119/239/60 116/238/58
f 106/223/27 1088/2228/22 38/2229/12 36/224/4
f 1088/2228/22 96/93/19 40/96/14 38/2229/12
f 1361/2230/135 1359/2231/136 1480/2232/137 1481/2233/138
f 1359/2231/136 1355/2234/139 1478/2235/140 1480/2232/137
f 1355/2236/139 1358/2237/141 1479/2238/142 1478/2239/140
f 1304/2240/143 1305/2241/144 1165/2242/145 1164/2243/146
f 1308/2244/147 1285/2245/148 1155/2246/149 1166/2247/150
f 1305/2241/144 1308/2244/147 1166/2247/150 1165/2242/145
f 1339/2248/151 1337/2249/152 1181/2250/153 1182/2251/154
f 1337/2249/152 1313/2260/159 1169/2261/160 1181/2250/153
f 1292/2272/170 1294/2273/171 1159/2274/172 1158/2275/173
f 1290/2282/179 1292/2283/170 1158/2284/173 1157/2285/180
f 1332/2290/183 1333/2291/184 1179/2292/185 1178/2293/186
f 1288/2294/187 1290/2282/179 1157/2285/180 1156/2295/188
f 1336/2300/189 1311/2301/190 1168/2302/191 1180/2303/192
f 1284/2304/193 1288/2294/187 1156/2295/188 1154/2305/194
f 1333/2291/184 1336/2310/189 1180/2311/192 1179/2292/185
f 2861/2334/214 2859/2335/215 2774/2336/216 2775/2337/217
f 1383/2342/221 1381/2343/222 1491/2344/223 1492/2345/224
f 1353/2353/228 1351/2354/229 1476/2355/230 1477/2356/231
f 1381/2343/222 1379/2365/238 1490/2366/239 1491/2344/223
f 1250/2367/240 1245/2368/241 2823/2369/242 2834/2370/243
f 1379/2365/238 1375/2375/248 1488/2376/249 1490/2366/239
f 1351/2377/229 1349/2378/250 1475/2379/251 1476/2380/230
f 1285/2245/148 1281/2389/258 1153/2390/259 1155/2246/149
f 1375/2375/248 1378/2391/260 1489/2392/261 1488/2376/249
f 1349/2378/250 1345/2393/262 1473/2394/263 1475/2379/251
f 1281/2389/258 1284/2304/193 1154/2305/194 1153/2390/259
f 1345/2393/262 1348/2403/270 1474/2404/271 1473/2394/263
f 1270/2411/276 1272/2412/277 2837/2413/278 2826/2414/279
f 1392/2423/286 1383/2424/221 1492/2425/224 1496/2426/287
f 1121/2437/205 1122/2438/205 1124/2439/205 1125/2440/205 1126/2441/205 1127/2442/205 1151/2443/205 1152/2444/205 1150/2445/205 1149/2446/205 1137/2447/205 1138/2350/205 1139/2349/205 1140/2448/205 1141/2449/205 1142/2362/205 1143/2361/205 1144/2450/205 1145/2451/205 1146/2408/205 1147/2407/205 1148/2452/205 1136/2453/205 1135/2454/205 1128/2323/205 1129/2322/205 1130/2455/205 1131/2456/205 1132/2457/205 1133/2458/205 1134/2459/205 1123/2460/205
f 1322/2461/294 1323/2462/295 1174/2463/296 1173/2464/297
f 1388/2469/302 1392/2423/286 1496/2426/287 1494/2470/303
f 1320/2475/308 1322/2461/294 1173/2464/297 1172/2476/309
f 1400/2477/310 1363/2478/311 1482/2479/312 1500/2480/313
f 1348/2403/270 1389/2487/316 1495/2488/317 1474/2404/271
f 1318/2497/323 1320/2498/308 1172/2499/309 1171/2500/324
f 1398/2501/325 1400/2477/310 1500/2480/313 1499/2502/326
f 1389/2487/316 1385/2503/327 1493/2504/328 1495/2488/317
f 1316/2511/333 1318/2497/323 1171/2500/324 1170/2512/334
f 1330/2513/335 1332/2290/183 1178/2293/186 1177/2514/336
f 1385/2503/327 1388/2469/302 1494/2470/303 1493/2504/328
f 1217/2517/339 1220/2518/340 2863/2519/341 2820/2520/342
f 1313/2260/159 1316/2511/333 1170/2512/334 1169/2261/160
f 1396/2521/343 1398/2501/325 1499/2502/326 1498/2522/344
f 1402/2528/348 1404/2529/349 1502/2530/350 1501/2531/351
f 1328/2532/352 1330/2513/335 1177/2514/336 1176/2533/353
f 1326/2538/355 1328/2532/352 1176/2533/353 1175/2539/356
f 1394/2544/357 1396/2521/343 1498/2522/344 1497/2545/358
f 1358/2237/141 1402/2528/348 1501/2531/351 1479/2238/142
f 1323/2462/295 1326/2538/355 1175/2539/356 1174/2463/296
f 1368/2554/361 1394/2544/357 1497/2545/358 1484/2555/362
f 1311/2301/190 1309/2562/369 1167/2563/370 1168/2302/191
f 1294/2273/171 1341/2568/375 1183/2569/376 1159/2274/172
f 1309/2562/369 1295/1265/133 1160/1266/134 1167/2563/370
f 1344/2574/381 1339/2248/151 1182/2251/154 1184/2575/382
f 1373/2578/385 1371/2579/386 1486/2580/387 1487/2581/388
f 1341/2568/375 1344/2574/381 1184/2575/382 1183/2569/376
f 1371/2579/386 1369/2588/394 1485/2589/395 1486/2580/387
f 1408/2590/396 1353/2353/228 1477/2356/231 1504/2591/397
f 1302/2592/398 1304/2593/143 1164/2594/146 1163/2595/399
f 1378/2391/260 1373/2578/385 1487/2581/388 1489/2392/261
f 1369/2588/394 1365/2598/402 1483/2599/403 1485/2589/395
f 1404/2529/349 1405/2600/404 1503/2601/405 1502/2530/350
f 1365/2598/402 1368/2603/361 1484/2604/362 1483/2599/403
f 1405/2600/404 1408/2590/396 1504/2591/397 1503/2601/405
f 1300/6/6 1302/2592/398 1163/2595/399 1162/7/7
f 1363/2478/311 1361/2230/135 1481/2233/138 1482/2479/312
f 182/2605/62 204/2606/57 1306/2607/407 1303/2608/408
f 780/2609/21 781/2610/20 1367/2611/409 1366/2612/410
f 2848/2613/411 2845/2614/412 2767/2615/413 2768/2616/414
f 3/2617/9 1/2618/1 1282/2619/415 1286/2620/416
f 402/2621/42 401/2622/46 1338/2623/417 1340/2624/418
f 2/2625/4 12/2626/12 1287/2627/419 1283/2628/420
f 179/2629/78 178/2630/74 1297/2631/421 1296/2632/422
f 340/2633/48 339/2634/131 1315/2635/423 1314/2636/424
f 700/2637/56 698/2638/61 1356/2639/364 1360/2640/425
f 389/2641/94 388/2642/90 1335/2643/426 1334/2644/427
f 372/2645/110 374/2646/105 1327/2647/428 1325/2648/429
f 388/2642/90 206/2649/83 1312/2650/430 1335/2643/426
f 801/2651/130 799/2652/47 1376/2653/431 1380/2654/226
f 699/2655/65 1068/2656/68 1401/2657/345 1357/2658/363
f 374/2646/105 375/2659/102 1329/2660/432 1327/2647/428
f 702/2661/30 701/2662/53 1362/2663/433 1364/2664/434
f 802/2665/126 801/2651/130 1380/2654/226 1382/2666/227
f 375/2659/102 376/2667/97 1331/2668/435 1329/2660/432
f 1086/2669/77 1087/2670/86 1407/2671/436 1406/2672/206
f 803/2673/121 802/2665/126 1382/2666/227 1384/2674/437
f 782/2675/33 780/2609/21 1366/2612/410 1370/2676/438
f 698/2638/61 699/2655/65 1357/2658/363 1356/2639/364
f 1067/2677/29 702/2661/30 1364/2664/434 1399/2678/400
f 376/2667/97 389/2641/94 1334/2644/427 1331/2668/435
f 781/2610/20 1064/2679/19 1393/2680/439 1367/2611/409
f 401/2622/46 340/2633/48 1314/2636/424 1338/2623/417
f 339/2634/131 341/2681/125 1317/2682/440 1315/2635/423
f 615/2683/93 613/2684/96 1346/2685/274 1350/2686/275
f 1019/2687/119 803/2673/121 1384/2674/437 1391/2688/441
f 799/2652/47 800/2689/45 1377/2690/442 1376/2653/431
f 784/2691/41 783/2692/36 1372/2693/443 1374/2694/444
f 341/2681/125 342/2695/122 1319/2696/445 1317/2682/440
f 614/2697/101 1018/2698/104 1390/2699/446 1347/2700/447
f 342/2695/122 343/2701/118 1321/2702/448 1319/2696/445
f 407/2703/37 402/2621/42 1340/2624/418 1343/2704/449
f 617/2705/85 616/2706/91 1352/2707/337 1354/2708/338
f 800/2689/45 784/2691/41 1374/2694/444 1377/2690/442
f 373/2709/113 372/2645/110 1325/2648/429 1324/2710/450
f 343/2701/118 373/2709/113 1324/2710/450 1321/2702/448
f 203/2711/54 3/2617/9 1286/2620/416 1307/2712/451
f 1087/2670/86 617/2705/85 1354/2708/338 1407/2671/436
f 13/2713/14 14/2714/16 1291/2715/452 1289/2716/453
f 1018/2698/104 1016/2717/116 1386/2718/237 1390/2699/446
f 14/2714/16 15/2719/18 1293/2720/454 1291/2715/452
f 1017/2721/115 1019/2687/119 1391/2688/441 1387/2722/236
f 616/2706/91 615/2683/93 1350/2686/275 1352/2707/337
f 15/2719/18 408/2723/34 1342/2724/455 1293/2720/454
f 206/2649/83 205/2725/81 1310/2726/456 1312/2650/430
f 783/2692/36 782/2675/33 1370/2676/438 1372/2693/443
f 701/2662/53 700/2637/56 1360/2640/425 1362/2663/433
f 12/2626/12 13/2713/14 1289/2716/453 1287/2627/419
f 1064/2679/19 1065/2727/22 1395/2728/406 1393/2680/439
f 204/2606/57 203/2711/54 1307/2712/451 1306/2607/407
f 1065/2727/22 1066/2729/27 1397/2730/401 1395/2728/406
f 1069/2731/73 1086/2669/77 1406/2672/206 1403/2732/207
f 1016/2717/116 1017/2721/115 1387/2722/236 1386/2718/237
f 1066/2729/27 1067/2677/29 1399/2678/400 1397/2730/401
f 613/2684/96 614/2697/101 1347/2700/447 1346/2685/274
f 178/2630/74 180/2733/69 1299/2734/457 1297/2631/421
f 408/2723/34 407/2703/37 1343/2704/449 1342/2724/455
f 1068/2656/68 1069/2731/73 1403/2732/207 1401/2657/345
f 180/2733/69 181/2735/66 1301/2736/458 1299/2734/457
f 205/2725/81 179/2629/78 1296/2632/422 1310/2726/456
f 181/2735/66 182/2605/62 1303/2608/408 1301/2736/458
f 2858/2789/470 2855/2790/471 2772/2791/472 2773/2792/473
f 2880/2793/474 2877/2794/475 2783/2795/476 2784/2796/477
f 2843/2801/482 2825/2802/483 2757/2803/484 2766/2804/485
f 2852/2805/486 2849/2806/487 2769/2807/488 2770/2808/489
f 2868/2809/490 2865/2810/491 2777/2811/492 2778/2812/493
f 2873/2817/496 2836/2818/497 2762/2819/498 2781/2820/499
f 2832/2821/500 2829/2822/501 2759/2823/502 2760/2824/503
f 1227/2825/504 1230/2826/505 2867/2827/506 2850/2828/507
f 2876/2829/508 2873/2817/496 2781/2820/499 2782/2830/509
f 2953/2831/249 2952/2832/261 2803/2833/510 2799/2834/511
f 2842/2835/512 2839/2836/513 2764/2837/514 2765/2838/515
f 1276/2839/516 1277/2840/517 2853/2841/518 2822/2842/519
f 2845/2614/412 2819/2843/520 2754/2844/521 2767/2615/413
f 2855/2790/471 2848/2613/411 2768/2616/414 2772/2791/472
f 2838/2845/522 2842/2835/512 2765/2838/515 2763/2846/523
f 1237/2847/524 1240/2848/525 2871/2849/526 2830/2850/527
f 1233/2851/528 1231/2852/529 2851/2853/530 2840/2854/531
f 2864/2855/532 2861/2334/214 2775/2337/217 2776/2856/533
f 2828/2861/536 2832/2821/500 2760/2824/503 2758/2862/537
f 1257/2863/538 1260/2864/539 2879/2865/540 2860/2866/541
f 2836/2818/497 2833/2867/542 2761/2868/543 2762/2819/498
f 2869/2873/546 2843/2801/482 2766/2804/485 2779/2874/547
f 2833/2867/542 2824/2875/548 2756/2876/549 2761/2868/543
f 2865/2810/491 2821/2877/550 2755/2878/551 2777/2811/492
f 1176/2533/353 1177/2514/336 1540/2879/552 1568/2880/553
f 1161/8/8 1162/7/7 1538/2881/554 1567/2882/555
f 1175/2539/356 1176/2533/353 1568/2880/553 1566/2883/556
f 1160/1266/134 1161/8/8 1567/2882/555 1550/2884/557
f 1174/2463/296 1175/2539/356 1566/2883/556 1548/2885/558
f 1158/2275/173 1159/2274/172 1565/2886/559 1564/2887/560
f 1172/2476/309 1173/2464/297 1549/2888/561 1563/2889/562
f 1159/2274/172 1183/2569/376 1560/2890/563 1565/2886/559
f 1157/2285/180 1158/2284/173 1564/2891/560 1562/2892/564
f 1171/2500/324 1172/2499/309 1563/2893/562 1561/2894/565
f 1184/2575/382 1182/2251/154 1556/2895/566 1559/2896/567
f 1156/2295/188 1157/2285/180 1562/2892/564 1558/2897/568
f 1170/2512/334 1171/2500/324 1561/2894/565 1557/2898/569
f 1183/2569/376 1184/2575/382 1559/2896/567 1560/2890/563
f 1154/2305/194 1156/2295/188 1558/2897/568 1552/2899/570
f 1169/2261/160 1170/2512/334 1557/2898/569 1554/2900/571
f 1182/2251/154 1181/2250/153 1555/2901/572 1556/2895/566
f 1155/2246/149 1153/2390/259 1553/2902/573 1547/2903/574
f 1168/2302/191 1167/2563/370 1551/2904/575 1546/2905/576
f 1181/2250/153 1169/2261/160 1554/2900/571 1555/2901/572
f 1153/2390/259 1154/2305/194 1552/2899/570 1553/2902/573
f 1167/2563/370 1160/1266/134 1550/2884/557 1551/2904/575
f 1173/2464/297 1174/2463/296 1548/2885/558 1549/2888/561
f 1164/2243/146 1165/2242/145 1545/2906/577 1541/2907/578
f 1178/2293/186 1179/2292/185 1543/2908/579 1539/2909/580
f 1166/2247/150 1155/2246/149 1547/2903/574 1544/2910/581
f 1180/2303/192 1168/2302/191 1546/2905/576 1542/2911/582
f 1165/2242/145 1166/2247/150 1544/2910/581 1545/2906/577
f 1179/2292/185 1180/2311/192 1542/2912/582 1543/2908/579
f 1163/2595/399 1164/2594/146 1541/2913/578 1537/2914/583
f 1177/2514/336 1178/2293/186 1539/2909/580 1540/2879/552
f 1162/7/7 1163/2595/399 1537/2914/583 1538/2881/554
f 2854/2989/600 2858/2789/470 2773/2792/473 2771/2990/601
f 1/2618/1 2/2625/4 1283/2628/420 1282/2619/415
f 1569/3063/310 1570/3064/325 1412/2597/401 1409/2596/400
f 1571/3065/311 1569/3063/310 1409/2596/400 1413/2755/434
f 1570/3064/325 1572/3066/343 1416/2602/406 1412/2597/401
f 1572/3066/343 1573/3067/357 1418/2741/439 1416/2602/406
f 1573/3067/357 1574/3068/361 1420/2770/409 1418/2741/439
f 1574/3068/361 1575/3069/402 1422/2771/410 1420/2770/409
f 1576/3070/404 1577/3071/349 1426/2325/207 1423/2324/206
f 1577/3071/349 1578/3072/348 1428/2523/345 1426/2325/207
f 1578/3072/348 1579/3073/141 1430/2556/363 1428/2523/345
f 1579/3073/141 1580/3074/139 1432/2557/364 1430/2556/363
f 1581/3075/136 1582/3076/135 1436/2739/433 1433/2738/425
f 1582/3076/135 1571/3065/311 1413/2755/434 1436/2739/433
f 1580/3074/139 1581/3075/136 1433/2738/425 1432/2557/364
f 1583/3077/396 1576/3070/404 1423/2324/206 1437/2760/436
f 1584/3078/228 1583/3077/396 1437/2760/436 1439/2516/338
f 1585/3079/248 1586/3080/238 1444/2351/226 1441/2740/431
f 1586/3080/238 1587/3081/222 1446/2352/227 1444/2351/226
f 1587/3081/222 1588/3082/221 1448/2769/437 1446/2352/227
f 1588/3082/221 1589/3083/286 1450/2750/441 1448/2769/437
f 1590/3084/302 1591/3085/327 1454/2364/237 1451/2363/236
f 1591/3085/327 1592/3086/316 1456/2780/446 1454/2364/237
f 1592/3086/316 1593/3087/270 1458/2737/447 1456/2780/446
f 1593/3087/270 1594/3088/262 1460/2409/274 1458/2737/447
f 1595/3089/250 1596/3090/229 1464/2515/337 1461/2410/275
f 1596/3090/229 1584/3078/228 1439/2516/338 1464/2515/337
f 1594/3088/262 1595/3089/250 1461/2410/275 1460/2409/274
f 1589/3083/286 1590/3084/302 1451/2363/236 1450/2750/441
f 1597/3091/260 1585/3079/248 1441/2740/431 1465/2766/442
f 1598/3092/385 1597/3091/260 1465/2766/442 1467/2765/444
f 1599/3093/394 1600/3094/386 1472/2768/443 1469/2767/438
f 1600/3094/386 1598/3092/385 1467/2765/444 1472/2768/443
f 1575/3069/402 1599/3093/394 1469/2767/438 1422/2771/410
f 1186/3097/101 1185/3098/96 1473/2394/263 1474/2404/271
f 1185/3098/96 1187/3099/93 1475/2379/251 1473/2394/263
f 1187/3100/93 1188/3101/91 1476/2355/230 1475/3102/251
f 1188/3101/91 1189/3103/85 1477/2356/231 1476/2355/230
f 1191/3104/65 1190/3105/61 1478/2239/140 1479/2238/142
f 1190/3106/61 1192/3107/56 1480/2232/137 1478/2235/140
f 1192/3107/56 1193/3108/53 1481/2233/138 1480/2232/137
f 1193/3108/53 1194/3109/30 1482/2479/312 1481/2233/138
f 1196/3110/20 1195/3111/21 1483/2599/403 1484/2604/362
f 1195/3111/21 1197/3112/33 1485/2589/395 1483/2599/403
f 1197/3112/33 1198/3113/36 1486/2580/387 1485/2589/395
f 1198/3113/36 1199/3114/41 1487/2581/388 1486/2580/387
f 1201/3115/45 1200/3116/47 1488/2376/249 1489/2392/261
f 1200/3116/47 1202/3117/130 1490/2366/239 1488/2376/249
f 1202/3117/130 1203/3118/126 1491/2344/223 1490/2366/239
f 1203/3118/126 1204/3119/121 1492/2345/224 1491/2344/223
f 1206/3120/115 1205/3121/116 1493/2504/328 1494/2470/303
f 1205/3121/116 1207/3122/104 1495/2488/317 1493/2504/328
f 1207/3122/104 1186/3097/101 1474/2404/271 1495/2488/317
f 1208/3123/119 1206/3120/115 1494/2470/303 1496/2426/287
f 1204/3124/121 1208/3123/119 1496/2426/287 1492/2425/224
f 1199/3114/41 1201/3115/45 1489/2392/261 1487/2581/388
f 1209/3125/19 1196/3126/20 1484/2555/362 1497/2545/358
f 1210/3127/22 1209/3125/19 1497/2545/358 1498/2522/344
f 1211/3128/27 1210/3127/22 1498/2522/344 1499/2502/326
f 1212/3129/29 1211/3128/27 1499/2502/326 1500/2480/313
f 1194/3109/30 1212/3129/29 1500/2480/313 1482/2479/312
f 1213/3130/68 1191/3104/65 1479/2238/142 1501/2531/351
f 1214/3131/73 1213/3130/68 1501/2531/351 1502/2530/350
f 1216/3132/86 1215/3133/77 1503/2601/405 1504/2591/397
f 1215/3133/77 1214/3131/73 1502/2530/350 1503/2601/405
f 1189/3103/85 1216/3132/86 1504/2591/397 1477/2356/231
f 1218/3134/97 1219/3135/102 1506/3136/335 1505/3137/183
f 1222/3138/94 1218/3134/97 1505/3137/183 1507/3139/184
f 1224/3140/90 1222/3138/94 1507/3139/184 1508/3141/189
f 1226/3142/83 1224/3143/90 1508/3144/189 1509/3145/190
f 1228/3146/62 1229/3147/66 1511/3148/398 1510/3149/143
f 1232/3150/57 1228/3151/62 1510/3152/143 1512/3153/144
f 1234/3154/54 1232/3150/57 1512/3153/144 1513/3155/147
f 1236/3156/9 1234/3154/54 1513/3155/147 1514/2977/148
f 1238/3157/18 1239/3158/16 1516/3159/170 1515/3160/171
f 1242/3161/34 1238/3157/18 1515/3160/171 1517/3162/375
f 1244/3163/37 1242/3161/34 1517/3162/375 1518/3164/381
f 1246/3165/42 1244/3163/37 1518/3164/381 1519/2967/151
f 1248/3166/48 1249/3167/46 1521/2966/152 1520/3168/159
f 1252/3169/131 1248/3166/48 1520/3168/159 1522/3170/333
f 1254/3171/125 1252/3169/131 1522/3170/333 1523/3172/323
f 1256/3173/122 1254/3171/125 1523/3172/323 1524/3174/308
f 1258/3175/110 1259/3176/113 1526/3177/295 1525/2960/355
f 1262/3178/105 1258/3175/110 1525/2960/355 1527/2959/352
f 1219/3135/102 1262/3178/105 1527/2959/352 1506/3136/335
f 1259/3176/113 1263/3179/118 1528/3180/294 1526/3177/295
f 1263/3179/118 1256/3181/122 1524/3182/308 1528/3180/294
f 1249/3167/46 1246/3165/42 1519/2967/151 1521/2966/152
f 1239/3183/16 1265/3184/14 1529/3185/179 1516/3186/170
f 1265/3184/14 1267/3187/12 1530/3188/187 1529/3185/179
f 1267/3187/12 1269/3189/4 1531/3190/193 1530/3188/187
f 1269/3189/4 1271/3191/1 1532/2976/258 1531/3190/193
f 1271/3191/1 1236/3156/9 1514/2977/148 1532/2976/258
f 1229/3147/66 1273/3192/69 1533/3193/6 1511/3148/398
f 1273/3192/69 1275/3194/74 1534/2987/5 1533/3193/6
f 1278/3195/78 1279/3196/81 1536/3197/369 1535/2988/133
f 1275/3194/74 1278/3195/78 1535/2988/133 1534/2987/5
f 1279/3196/81 1226/3142/83 1509/3145/190 1536/3197/369
f 1120/3198/66 1119/3199/69 1538/2881/554 1537/2914/583
f 1118/3200/602 1117/3201/102 1540/2879/552 1539/2909/580
f 1116/3202/62 1120/3198/66 1537/2914/583 1541/2913/578
f 1115/3203/90 1114/3204/94 1543/2908/579 1542/2912/582
f 1113/3205/54 1112/3206/57 1545/2906/577 1544/2910/581
f 1111/3207/83 1115/3208/90 1542/2911/582 1546/2905/576
f 1110/3209/9 1113/3205/54 1544/2910/581 1547/2903/574
f 1114/3204/94 1118/3200/602 1539/2909/580 1543/2908/579
f 1112/3206/57 1116/3210/62 1541/2907/578 1545/2906/577
f 1109/3211/113 1108/3212/118 1549/2888/561 1548/2885/558
f 1107/3213/78 1106/3214/81 1551/2904/575 1550/2884/557
f 1105/3215/4 1104/3216/1 1553/2902/573 1552/2899/570
f 1103/3217/48 1102/3218/46 1555/2901/572 1554/2900/571
f 1106/3214/81 1111/3207/83 1546/2905/576 1551/2904/575
f 1104/3216/1 1110/3209/9 1547/2903/574 1553/2902/573
f 1102/3218/46 1101/3219/42 1556/2895/566 1555/2901/572
f 1100/3220/131 1103/3217/48 1554/2900/571 1557/2898/569
f 1099/3221/195 1105/3215/4 1552/2899/570 1558/2897/568
f 1098/3222/37 1097/3223/34 1560/2890/563 1559/2896/567
f 1096/3224/125 1100/3220/131 1557/2898/569 1561/2894/565
f 1095/3225/14 1099/3221/195 1558/2897/568 1562/2892/564
f 1101/3219/42 1098/3222/37 1559/2896/567 1556/2895/566
f 1094/3226/122 1096/3224/125 1561/2894/565 1563/2893/562
f 1093/3227/16 1095/3225/14 1562/2892/564 1564/2891/560
f 1097/3223/34 1092/3228/18 1565/2886/559 1560/2890/563
f 1108/3212/118 1094/3229/122 1563/2889/562 1549/2888/561
f 1092/3228/18 1093/3230/16 1564/2887/560 1565/2886/559
f 1091/3231/110 1109/3211/113 1548/2885/558 1566/2883/556
f 1090/3232/74 1107/3213/78 1550/2884/557 1567/2882/555
f 1089/3233/105 1091/3231/110 1566/2883/556 1568/2880/553
f 1119/3199/69 1090/3232/74 1567/2882/555 1538/2881/554
f 1117/3201/102 1089/3233/105 1568/2880/553 1540/2879/552
f 1410/3234/29 1411/3235/27 1570/3236/325 1569/3237/310
f 1414/3238/30 1410/3234/29 1569/3237/310 1571/3239/311
f 1411/3235/27 1415/3240/22 1572/3241/343 1570/3236/325
f 1415/3240/22 1417/3242/19 1573/3243/357 1572/3241/343
f 1417/3242/19 1419/3244/20 1574/3245/361 1573/3243/357
f 1419/3246/20 1421/3247/21 1575/3248/402 1574/3249/361
f 1424/3250/77 1425/3251/73 1577/3252/349 1576/3253/404
f 1425/3251/73 1427/3254/68 1578/3255/348 1577/3252/349
f 1427/3254/68 1429/3256/65 1579/3257/141 1578/3255/348
f 1429/3256/65 1431/3258/61 1580/3259/139 1579/3257/141
f 1434/3260/56 1435/3261/53 1582/3262/135 1581/3263/136
f 1435/3261/53 1414/3238/30 1571/3239/311 1582/3262/135
f 1431/3264/61 1434/3260/56 1581/3263/136 1580/3265/139
f 1438/3266/86 1424/3250/77 1576/3253/404 1583/3267/396
f 1440/3268/85 1438/3266/86 1583/3267/396 1584/3269/228
f 1442/3270/47 1443/3271/130 1586/3272/238 1585/3273/248
f 1443/3271/130 1445/3274/126 1587/3275/222 1586/3272/238
f 1445/3274/126 1447/3276/121 1588/3277/221 1587/3275/222
f 1447/3278/121 1449/3279/119 1589/3280/286 1588/3281/221
f 1452/3282/115 1453/3283/116 1591/3284/327 1590/3285/302
f 1453/3283/116 1455/3286/104 1592/3287/316 1591/3284/327
f 1455/3286/104 1457/3288/101 1593/3289/270 1592/3287/316
f 1457/3288/101 1459/3290/96 1594/3291/262 1593/3289/270
f 1462/3292/93 1463/3293/91 1596/3294/229 1595/3295/250
f 1463/3293/91 1440/3268/85 1584/3269/228 1596/3294/229
f 1459/3290/96 1462/3296/93 1595/3297/250 1594/3291/262
f 1449/3279/119 1452/3282/115 1590/3285/302 1589/3280/286
f 1466/3298/45 1442/3270/47 1585/3273/248 1597/3299/260
f 1468/3300/41 1466/3298/45 1597/3299/260 1598/3301/385
f 1470/3302/33 1471/3303/36 1600/3304/386 1599/3305/394
f 1471/3303/36 1468/3300/41 1598/3301/385 1600/3304/386
f 1421/3247/21 1470/3302/33 1599/3305/394 1575/3248/402
f 2872/5085/1039 2869/2873/546 2779/2874/547 2780/5086/1040
f 1221/5087/584 1217/2517/339 2820/2520/342 2846/5088/1041
f 1225/5089/586 1223/5090/585 2847/5091/1042 2856/5092/1043
f 2818/5093/1044 2876/2829/508 2782/2830/509 2753/5094/1045
f 1274/5095/598 1276/2839/516 2822/2842/519 2866/5096/1046
f 1255/5097/593 1253/5098/592 2875/5099/1047 2817/5100/1048
f 1235/2978/587 1233/2851/528 2840/2854/531 2841/5101/1049
f 2776/2856/533 2754/2844/521 2819/2843/520 2864/2855/532
f 1241/5102/588 1237/2847/524 2830/2850/527 2831/5103/1050
f 1251/5104/591 1247/5105/590 2835/5106/1051 2874/5107/1052
f 2821/2877/550 2854/2989/600 2771/2990/601 2755/2878/551
f 2824/2875/548 2828/2861/536 2758/2862/537 2756/2876/549
f 1268/5108/597 1270/2411/276 2826/2414/279 2844/5109/1053
f 1245/2368/241 1243/5110/589 2827/5111/1054 2823/2369/242
f 2825/2802/483 2838/2845/522 2763/2846/523 2757/2803/484
f 1243/5110/589 1241/5102/588 2831/5103/1050 2827/5111/1054
f 2829/2822/501 2872/5085/1039 2780/5086/1040 2759/2823/502
f 1247/5105/590 1250/2367/240 2834/2370/243 2835/5106/1051
f 1272/2412/277 1235/2978/587 2841/5101/1049 2837/2413/278
f 1261/2961/594 1257/2863/538 2860/2866/541 2862/5112/1055
f 2839/2836/513 2852/2805/486 2770/2808/489 2764/2837/514
f 1266/5113/596 1268/5108/597 2844/5109/1053 2870/5114/1056
f 1223/5115/585 1221/5087/584 2846/5088/1041 2847/5116/1042
f 1231/2852/529 1227/5117/504 2850/5118/507 2851/2853/530
f 2849/2806/487 2868/2809/490 2778/2812/493 2769/2807/488
f 1277/2840/517 1280/5119/599 2857/5120/1057 2853/2841/518
f 1280/5119/599 1225/5089/586 2856/5092/1043 2857/5120/1057
f 2859/2335/215 2880/2793/474 2784/2796/477 2774/2336/216
f 1220/2518/340 1261/2961/594 2862/5112/1055 2863/2519/341
f 1230/2826/505 1274/5095/598 2866/5096/1046 2867/2827/506
f 1240/5121/525 1266/5113/596 2870/5114/1056 2871/5122/526
f 1253/5098/592 1251/5104/591 2874/5107/1052 2875/5099/1047
f 1260/2864/539 1264/5123/595 2878/5124/1058 2879/2865/540
f 2877/2794/475 2818/5093/1044 2753/5094/1045 2783/2795/476
f 2969/5125/326 2968/5126/313 2804/5127/1059 2805/5128/1060
f 2985/5129/230 2984/5130/251 2796/5131/1061 2787/5132/1062
f 3001/5133/317 3000/5134/328 2811/5135/1063 2816/5136/1064
f 3017/5137/224 3016/5138/223 2793/5139/1065 2789/5140/1066
f 3025/5141/239 2953/2831/249 2799/2834/511 2800/5142/1067
f 2968/5126/313 3040/5143/312 2809/5144/1068 2804/5127/1059
f 3041/5145/271 3001/5133/317 2816/5136/1064 2785/5146/1069
f 3057/5147/388 3056/5148/387 2806/5149/1070 2802/5150/1071
f 3065/5151/231 2985/5152/230 2787/5153/1062 2788/5154/1072
f 3081/5155/140 3080/5156/142 2813/5157/1073 2814/5158/1074
f 3080/5156/142 3096/5159/351 2801/5160/1075 2813/5157/1073
f 3105/5161/138 3104/5162/137 2794/5163/1076 2795/5164/1077
f 3096/5159/351 3120/5165/350 2792/5166/1078 2801/5160/1075
f 3121/5167/344 2969/5125/326 2805/5128/1060 2807/5168/1079
f 3104/5162/137 3081/5169/140 2814/5170/1074 2794/5163/1076
f 3000/5134/328 3136/5171/303 2810/5172/1080 2811/5135/1063
f 3145/5173/362 3144/5174/358 2812/5175/1081 2797/5176/1082
f 3153/5177/287 3017/5178/224 2789/5179/1066 2790/5180/1083
f 2984/5130/251 3168/5181/263 2786/5182/1084 2796/5131/1061
f 3040/5143/312 3105/5161/138 2795/5164/1077 2809/5144/1068
f 3016/5138/223 3025/5141/239 2800/5142/1067 2793/5139/1065
f 3056/5148/387 3176/5183/395 2808/5184/1085 2806/5149/1070
f 3185/5185/405 3184/5186/397 2815/5187/1086 2791/5188/1087
f 2952/2832/261 3057/5147/388 2802/5150/1071 2803/2833/510
f 3168/5181/263 3041/5145/271 2785/5146/1069 2786/5182/1084
f 3136/5171/303 3153/5177/287 2790/5180/1083 2810/5172/1080
f 3176/5183/395 3200/5189/403 2798/5190/1088 2808/5184/1085
f 3184/5186/397 3065/5151/231 2788/5154/1072 2815/5187/1086
f 3120/5165/350 3185/5185/405 2791/5188/1087 2792/5166/1078
f 3144/5174/358 3121/5167/344 2807/5168/1079 2812/5175/1081
f 3200/5189/403 3145/5191/362 2797/5192/1082 2798/5190/1088
f 1264/5123/595 1255/5233/593 2817/5234/1048 2878/5124/1058
f 2794/5163/1076 2814/5170/1074 2910/5170/1089 2890/5163/1090
f 2792/5166/1078 2791/5188/1087 2887/5188/1091 2888/5166/1092
f 2793/5139/1065 2800/5142/1067 2896/5142/1093 2889/5139/1094
f 2795/5164/1077 2794/5163/1076 2890/5163/1090 2891/5164/1095
f 2801/5160/1075 2792/5166/1078 2888/5166/1092 2897/5160/1096
f 2789/5140/1066 2793/5139/1065 2889/5139/1094 2885/5140/1097
f 2809/5144/1068 2795/5164/1077 2891/5164/1095 2905/5144/1098
f 2813/5157/1073 2801/5160/1075 2897/5160/1096 2909/5157/1099
f 2790/5180/1083 2789/5179/1066 2885/5179/1097 2886/5180/1100
f 2804/5127/1059 2809/5144/1068 2905/5144/1098 2900/5127/1101
f 2810/5172/1080 2790/5180/1083 2886/5180/1100 2906/5172/1102
f 2805/5128/1060 2804/5127/1059 2900/5127/1101 2901/5128/1103
f 2811/5135/1063 2810/5172/1080 2906/5172/1102 2907/5135/1104
f 2807/5168/1079 2805/5128/1060 2901/5128/1103 2903/5168/1105
f 2816/5136/1064 2811/5135/1063 2907/5135/1104 2912/5136/1106
f 2812/5175/1081 2807/5168/1079 2903/5168/1105 2908/5175/1107
f 2799/2834/511 2803/2833/510 2899/2833/1108 2895/2834/1109
f 2785/5146/1069 2816/5136/1064 2912/5136/1106 2881/5146/1110
f 2797/5176/1082 2812/5175/1081 2908/5175/1107 2893/5176/1111
f 2786/5182/1084 2785/5146/1069 2881/5146/1110 2882/5182/1112
f 2798/5190/1088 2797/5192/1082 2893/5192/1111 2894/5190/1113
f 2796/5131/1061 2786/5182/1084 2882/5182/1112 2892/5131/1114
f 2808/5184/1085 2798/5190/1088 2894/5190/1113 2904/5184/1115
f 2787/5132/1062 2796/5131/1061 2892/5131/1114 2883/5132/1116
f 2806/5149/1070 2808/5184/1085 2904/5184/1115 2902/5149/1117
f 2788/5154/1072 2787/5153/1062 2883/5153/1116 2884/5154/1118
f 2802/5150/1071 2806/5149/1070 2902/5149/1117 2898/5150/1119
f 2815/5187/1086 2788/5154/1072 2884/5154/1118 2911/5187/1120
f 2803/2833/510 2802/5150/1071 2898/5150/1119 2899/2833/1108
f 2814/5158/1074 2813/5157/1073 2909/5157/1099 2910/5158/1089
f 2791/5188/1087 2815/5187/1086 2911/5187/1120 2887/5188/1091
f 2800/5142/1067 2799/2834/511 2895/2834/1109 2896/5142/1093
f 2896/5142/1093 2895/2834/1109 2927/2834/51 2928/5142/132
f 2941/5235/67 2929/5236/70 2920/5237/76 2919/5238/80 2943/5239/82 2916/5240/84 2915/5241/89 2924/5242/95 2914/5243/98 2913/5244/107 2944/5245/108 2939/5246/109 2938/5247/112 2918/5248/117 2917/5249/123 2921/5250/124 2928/5251/132 2927/5252/51 2931/5253/50 2930/5254/52 2934/5255/38 2936/5256/35 2926/5257/17 2925/5258/15 2940/5259/13 2935/5260/11 2933/5261/3 2932/5262/2 2937/5263/10 2923/5264/59 2922/5265/60 2942/5266/63
f 2887/5188/1091 2911/5187/1120 2943/5187/82 2919/5188/80
f 2910/5158/1089 2909/5157/1099 2941/5157/67 2942/5158/63
f 2899/2833/1108 2898/5150/1119 2930/5150/52 2931/2833/50
f 2911/5187/1120 2884/5154/1118 2916/5154/84 2943/5187/82
f 2898/5150/1119 2902/5149/1117 2934/5149/38 2930/5150/52
f 2884/5154/1118 2883/5153/1116 2915/5153/89 2916/5154/84
f 2902/5149/1117 2904/5184/1115 2936/5184/35 2934/5149/38
f 2883/5132/1116 2892/5131/1114 2924/5131/95 2915/5132/89
f 2904/5184/1115 2894/5190/1113 2926/5190/17 2936/5184/35
f 2892/5131/1114 2882/5182/1112 2914/5182/98 2924/5131/95
f 2894/5190/1113 2893/5192/1111 2925/5192/15 2926/5190/17
f 2882/5182/1112 2881/5146/1110 2913/5146/107 2914/5182/98
f 2893/5176/1111 2908/5175/1107 2940/5175/13 2925/5176/15
f 2881/5146/1110 2912/5136/1106 2944/5136/108 2913/5146/107
f 2908/5175/1107 2903/5168/1105 2935/5168/11 2940/5175/13
f 2895/2834/1109 2899/2833/1108 2931/2833/50 2927/2834/51
f 2912/5136/1106 2907/5135/1104 2939/5135/109 2944/5136/108
f 2903/5168/1105 2901/5128/1103 2933/5128/3 2935/5168/11
f 2907/5135/1104 2906/5172/1102 2938/5172/112 2939/5135/109
f 2901/5128/1103 2900/5127/1101 2932/5127/2 2933/5128/3
f 2906/5172/1102 2886/5180/1100 2918/5180/117 2938/5172/112
f 2900/5127/1101 2905/5144/1098 2937/5144/10 2932/5127/2
f 2886/5180/1100 2885/5179/1097 2917/5179/123 2918/5180/117
f 2909/5157/1099 2897/5160/1096 2929/5160/70 2941/5157/67
f 2905/5144/1098 2891/5164/1095 2923/5164/59 2937/5144/10
f 2885/5140/1097 2889/5139/1094 2921/5139/124 2917/5140/123
f 2897/5160/1096 2888/5166/1092 2920/5166/76 2929/5160/70
f 2891/5164/1095 2890/5163/1090 2922/5163/60 2923/5164/59
f 2889/5139/1094 2896/5142/1093 2928/5142/132 2921/5139/124
f 2888/5166/1092 2887/5188/1091 2919/5188/80 2920/5166/76
f 2890/5163/1090 2910/5170/1089 2942/5170/63 2922/5163/60
f 2759/5267/502 2780/5268/1040 3152/5269/362 3193/5270/403
f 3193/5270/403 3152/5269/362 3151/5271/362 3194/5272/403
f 3194/5272/403 3151/5271/362 3150/5273/362 3195/5274/403
f 3195/5274/403 3150/5273/362 3149/5275/362 3196/5276/403
f 3196/5276/403 3149/5275/362 3148/5277/362 3197/5278/403
f 3197/5278/403 3148/5277/362 3147/5279/362 3198/5280/403
f 3198/5280/403 3147/5279/362 3146/5281/362 3199/5282/403
f 3199/5282/403 3146/5281/362 3145/5191/362 3200/5189/403
f 2779/5283/547 2766/5284/485 3128/5285/344 3137/5286/358
f 3137/5286/358 3128/5285/344 3127/5287/344 3138/5288/358
f 3138/5288/358 3127/5287/344 3126/5289/344 3139/5290/358
f 3139/5290/358 3126/5289/344 3125/5291/344 3140/5292/358
f 3140/5292/358 3125/5291/344 3124/5293/344 3141/5294/358
f 3141/5294/358 3124/5293/344 3123/5295/344 3142/5296/358
f 3142/5296/358 3123/5295/344 3122/5297/344 3143/5298/358
f 3143/5298/358 3122/5297/344 3121/5167/344 3144/5174/358
f 2755/5299/551 2771/5300/601 3192/5301/405 3113/5302/350
f 3113/5302/350 3192/5301/405 3191/5303/405 3114/5304/350
f 3114/5304/350 3191/5303/405 3190/5305/405 3115/5306/350
f 3115/5306/350 3190/5305/405 3189/5307/405 3116/5308/350
f 3116/5308/350 3189/5307/405 3188/5309/405 3117/5310/350
f 3117/5310/350 3188/5309/405 3187/5311/405 3118/5312/350
f 3118/5312/350 3187/5311/405 3186/5313/405 3119/5314/350
f 3119/5314/350 3186/5313/405 3185/5185/405 3120/5165/350
f 2773/5315/473 2772/5316/472 3072/5317/231 3177/5318/397
f 3177/5318/397 3072/5317/231 3071/5319/231 3178/5320/397
f 3178/5320/397 3071/5319/231 3070/5321/231 3179/5322/397
f 3179/5322/397 3070/5321/231 3069/5323/231 3180/5324/397
f 3180/5324/397 3069/5323/231 3068/5325/231 3181/5326/397
f 3181/5326/397 3068/5325/231 3067/5327/231 3182/5328/397
f 3182/5328/397 3067/5327/231 3066/5329/231 3183/5330/397
f 3183/5330/397 3066/5329/231 3065/5151/231 3184/5186/397
f 2760/5331/503 2759/5267/502 3193/5270/403 3169/5332/395
f 3169/5332/395 3193/5270/403 3194/5272/403 3170/5333/395
f 3170/5333/395 3194/5272/403 3195/5274/403 3171/5334/395
f 3171/5334/395 3195/5274/403 3196/5276/403 3172/5335/395
f 3172/5335/395 3196/5276/403 3197/5278/403 3173/5336/395
f 3173/5336/395 3197/5278/403 3198/5280/403 3174/5337/395
f 3174/5337/395 3198/5280/403 3199/5282/403 3175/5338/395
f 3175/5338/395 3199/5282/403 3200/5189/403 3176/5183/395
f 2784/5339/477 2783/5340/476 3160/5341/287 3129/5342/303
f 3129/5342/303 3160/5341/287 3159/5343/287 3130/5344/303
f 3130/5344/303 3159/5343/287 3158/5345/287 3131/5346/303
f 3131/5346/303 3158/5345/287 3157/5347/287 3132/5348/303
f 3132/5348/303 3157/5347/287 3156/5349/287 3133/5350/303
f 3133/5350/303 3156/5349/287 3155/5351/287 3134/5352/303
f 3134/5352/303 3155/5351/287 3154/5353/287 3135/5354/303
f 3135/5354/303 3154/5353/287 3153/5177/287 3136/5171/303
f 2754/5355/521 2776/5356/533 3048/5357/271 3161/5358/263
f 3161/5358/263 3048/5357/271 3047/5359/271 3162/5360/263
f 3162/5360/263 3047/5359/271 3046/5361/271 3163/5362/263
f 3163/5362/263 3046/5361/271 3045/5363/271 3164/5364/263
f 3164/5364/263 3045/5363/271 3044/5365/271 3165/5366/263
f 3165/5366/263 3044/5365/271 3043/5367/271 3166/5368/263
f 3166/5368/263 3043/5367/271 3042/5369/271 3167/5370/263
f 3167/5370/263 3042/5369/271 3041/5145/271 3168/5181/263
f 2761/5371/543 2756/5372/549 3064/5373/388 2945/5374/261
f 2945/5374/261 3064/5373/388 3063/5375/388 2946/5376/261
f 2946/5376/261 3063/5375/388 3062/5377/388 2947/5378/261
f 2947/5378/261 3062/5377/388 3061/5379/388 2948/5380/261
f 2948/5380/261 3061/5379/388 3060/5381/388 2949/5382/261
f 2949/5382/261 3060/5381/388 3059/5383/388 2950/5384/261
f 2950/5384/261 3059/5383/388 3058/5385/388 2951/5386/261
f 2951/5386/261 3058/5385/388 3057/5147/388 2952/2832/261
f 2771/5300/601 2773/5315/473 3177/5318/397 3192/5301/405
f 3192/5301/405 3177/5318/397 3178/5320/397 3191/5303/405
f 3191/5303/405 3178/5320/397 3179/5322/397 3190/5305/405
f 3190/5305/405 3179/5322/397 3180/5324/397 3189/5307/405
f 3189/5307/405 3180/5324/397 3181/5326/397 3188/5309/405
f 3188/5309/405 3181/5326/397 3182/5328/397 3187/5311/405
f 3187/5311/405 3182/5328/397 3183/5330/397 3186/5313/405
f 3186/5313/405 3183/5330/397 3184/5186/397 3185/5185/405
f 2758/5387/537 2760/5331/503 3169/5332/395 3049/5388/387
f 3049/5388/387 3169/5332/395 3170/5333/395 3050/5389/387
f 3050/5389/387 3170/5333/395 3171/5334/395 3051/5390/387
f 3051/5390/387 3171/5334/395 3172/5335/395 3052/5391/387
f 3052/5391/387 3172/5335/395 3173/5336/395 3053/5392/387
f 3053/5392/387 3173/5336/395 3174/5337/395 3054/5393/387
f 3054/5393/387 3174/5337/395 3175/5338/395 3055/5394/387
f 3055/5394/387 3175/5338/395 3176/5183/395 3056/5148/387
f 2782/5395/509 2781/5396/499 3032/5397/239 3009/5398/223
f 3009/5398/223 3032/5397/239 3031/5399/239 3010/5400/223
f 3010/5400/223 3031/5399/239 3030/5401/239 3011/5402/223
f 3011/5402/223 3030/5401/239 3029/5403/239 3012/5404/223
f 3012/5404/223 3029/5403/239 3028/5405/239 3013/5406/223
f 3013/5406/223 3028/5405/239 3027/5407/239 3014/5408/223
f 3014/5408/223 3027/5407/239 3026/5409/239 3015/5410/223
f 3015/5410/223 3026/5409/239 3025/5141/239 3016/5138/223
f 2765/5411/515 2764/5412/514 3112/5413/138 3033/5414/312
f 3033/5414/312 3112/5413/138 3111/5415/138 3034/5416/312
f 3034/5416/312 3111/5415/138 3110/5417/138 3035/5418/312
f 3035/5418/312 3110/5417/138 3109/5419/138 3036/5420/312
f 3036/5420/312 3109/5419/138 3108/5421/138 3037/5422/312
f 3037/5422/312 3108/5421/138 3107/5423/138 3038/5424/312
f 3038/5424/312 3107/5423/138 3106/5425/138 3039/5426/312
f 3039/5426/312 3106/5425/138 3105/5161/138 3040/5143/312
f 2767/5427/413 2754/5355/521 3161/5358/263 2977/5428/251
f 2977/5428/251 3161/5358/263 3162/5360/263 2978/5429/251
f 2978/5429/251 3162/5360/263 3163/5362/263 2979/5430/251
f 2979/5430/251 3163/5362/263 3164/5364/263 2980/5431/251
f 2980/5431/251 3164/5364/263 3165/5366/263 2981/5432/251
f 2981/5432/251 3165/5366/263 3166/5368/263 2982/5433/251
f 2982/5433/251 3166/5368/263 3167/5370/263 2983/5434/251
f 2983/5434/251 3167/5370/263 3168/5181/263 2984/5130/251
f 2783/5340/476 2753/5435/1045 3024/5436/224 3160/5341/287
f 3160/5341/287 3024/5436/224 3023/5437/224 3159/5343/287
f 3159/5343/287 3023/5437/224 3022/5438/224 3158/5345/287
f 3158/5345/287 3022/5438/224 3021/5439/224 3157/5347/287
f 3157/5347/287 3021/5439/224 3020/5440/224 3156/5349/287
f 3156/5349/287 3020/5440/224 3019/5441/224 3155/5351/287
f 3155/5351/287 3019/5441/224 3018/5442/224 3154/5353/287
f 3154/5353/287 3018/5442/224 3017/5178/224 3153/5177/287
f 2780/5443/1040 2779/5283/547 3137/5286/358 3152/5444/362
f 3152/5444/362 3137/5286/358 3138/5288/358 3151/5445/362
f 3151/5445/362 3138/5288/358 3139/5290/358 3150/5446/362
f 3150/5446/362 3139/5290/358 3140/5292/358 3149/5447/362
f 3149/5447/362 3140/5292/358 3141/5294/358 3148/5448/362
f 3148/5448/362 3141/5294/358 3142/5296/358 3147/5449/362
f 3147/5449/362 3142/5296/358 3143/5298/358 3146/5450/362
f 3146/5450/362 3143/5298/358 3144/5174/358 3145/5173/362
f 2774/5451/216 2784/5339/477 3129/5342/303 2993/5452/328
f 2993/5452/328 3129/5342/303 3130/5344/303 2994/5453/328
f 2994/5453/328 3130/5344/303 3131/5346/303 2995/5454/328
f 2995/5454/328 3131/5346/303 3132/5348/303 2996/5455/328
f 2996/5455/328 3132/5348/303 3133/5350/303 2997/5456/328
f 2997/5456/328 3133/5350/303 3134/5352/303 2998/5457/328
f 2998/5457/328 3134/5352/303 3135/5354/303 2999/5458/328
f 2999/5458/328 3135/5354/303 3136/5171/303 3000/5134/328
f 2770/5459/489 2769/5460/488 3088/5461/140 3097/5462/137
f 3097/5462/137 3088/5461/140 3087/5463/140 3098/5464/137
f 3098/5464/137 3087/5463/140 3086/5465/140 3099/5466/137
f 3099/5466/137 3086/5465/140 3085/5467/140 3100/5468/137
f 3100/5468/137 3085/5467/140 3084/5469/140 3101/5470/137
f 3101/5470/137 3084/5469/140 3083/5471/140 3102/5472/137
f 3102/5472/137 3083/5471/140 3082/5473/140 3103/5474/137
f 3103/5474/137 3082/5473/140 3081/5169/140 3104/5162/137
f 2766/5284/485 2757/5475/484 2976/5476/326 3128/5285/344
f 3128/5285/344 2976/5476/326 2975/5477/326 3127/5287/344
f 3127/5287/344 2975/5477/326 2974/5478/326 3126/5289/344
f 3126/5289/344 2974/5478/326 2973/5479/326 3125/5291/344
f 3125/5291/344 2973/5479/326 2972/5480/326 3124/5293/344
f 3124/5293/344 2972/5480/326 2971/5481/326 3123/5295/344
f 3123/5295/344 2971/5481/326 2970/5482/326 3122/5297/344
f 3122/5297/344 2970/5482/326 2969/5125/326 3121/5167/344
f 2777/5483/492 2755/5299/551 3113/5302/350 3089/5484/351
f 3089/5484/351 3113/5302/350 3114/5304/350 3090/5485/351
f 3090/5485/351 3114/5304/350 3115/5306/350 3091/5486/351
f 3091/5486/351 3115/5306/350 3116/5308/350 3092/5487/351
f 3092/5487/351 3116/5308/350 3117/5310/350 3093/5488/351
f 3093/5488/351 3117/5310/350 3118/5312/350 3094/5489/351
f 3094/5489/351 3118/5312/350 3119/5314/350 3095/5490/351
f 3095/5490/351 3119/5314/350 3120/5165/350 3096/5159/351
f 2764/5412/514 2770/5459/489 3097/5462/137 3112/5413/138
f 3112/5413/138 3097/5462/137 3098/5464/137 3111/5415/138
f 3111/5415/138 3098/5464/137 3099/5466/137 3110/5417/138
f 3110/5417/138 3099/5466/137 3100/5468/137 3109/5419/138
f 3109/5419/138 3100/5468/137 3101/5470/137 3108/5421/138
f 3108/5421/138 3101/5470/137 3102/5472/137 3107/5423/138
f 3107/5423/138 3102/5472/137 3103/5474/137 3106/5425/138
f 3106/5425/138 3103/5474/137 3104/5162/137 3105/5161/138
f 2778/5491/493 2777/5483/492 3089/5484/351 3073/5492/142
f 3073/5492/142 3089/5484/351 3090/5485/351 3074/5493/142
f 3074/5493/142 3090/5485/351 3091/5486/351 3075/5494/142
f 3075/5494/142 3091/5486/351 3092/5487/351 3076/5495/142
f 3076/5495/142 3092/5487/351 3093/5488/351 3077/5496/142
f 3077/5496/142 3093/5488/351 3094/5489/351 3078/5497/142
f 3078/5497/142 3094/5489/351 3095/5490/351 3079/5498/142
f 3079/5498/142 3095/5490/351 3096/5159/351 3080/5156/142
f 2769/5435/488 2778/5491/493 3073/5492/142 3088/5499/140
f 3088/5499/140 3073/5492/142 3074/5493/142 3087/5500/140
f 3087/5500/140 3074/5493/142 3075/5494/142 3086/5501/140
f 3086/5501/140 3075/5494/142 3076/5495/142 3085/5502/140
f 3085/5502/140 3076/5495/142 3077/5496/142 3084/5503/140
f 3084/5503/140 3077/5496/142 3078/5497/142 3083/5504/140
f 3083/5504/140 3078/5497/142 3079/5498/142 3082/5505/140
f 3082/5505/140 3079/5498/142 3080/5156/142 3081/5155/140
f 2772/5316/472 2768/5506/414 2992/5507/230 3072/5317/231
f 3072/5317/231 2992/5507/230 2991/5508/230 3071/5319/231
f 3071/5319/231 2991/5508/230 2990/5509/230 3070/5321/231
f 3070/5321/231 2990/5509/230 2989/5510/230 3069/5323/231
f 3069/5323/231 2989/5510/230 2988/5511/230 3068/5325/231
f 3068/5325/231 2988/5511/230 2987/5512/230 3067/5327/231
f 3067/5327/231 2987/5512/230 2986/5513/230 3066/5329/231
f 3066/5329/231 2986/5513/230 2985/5152/230 3065/5151/231
f 2756/5372/549 2758/5387/537 3049/5388/387 3064/5373/388
f 3064/5373/388 3049/5388/387 3050/5389/387 3063/5375/388
f 3063/5375/388 3050/5389/387 3051/5390/387 3062/5377/388
f 3062/5377/388 3051/5390/387 3052/5391/387 3061/5379/388
f 3061/5379/388 3052/5391/387 3053/5392/387 3060/5381/388
f 3060/5381/388 3053/5392/387 3054/5393/387 3059/5383/388
f 3059/5383/388 3054/5393/387 3055/5394/387 3058/5385/388
f 3058/5385/388 3055/5394/387 3056/5148/387 3057/5147/388
f 2776/5356/533 2775/5514/217 3008/5515/317 3048/5357/271
f 3048/5357/271 3008/5515/317 3007/5516/317 3047/5359/271
f 3047/5359/271 3007/5516/317 3006/5517/317 3046/5361/271
f 3046/5361/271 3006/5517/317 3005/5518/317 3045/5363/271
f 3045/5363/271 3005/5518/317 3004/5519/317 3044/5365/271
f 3044/5365/271 3004/5519/317 3003/5520/317 3043/5367/271
f 3043/5367/271 3003/5520/317 3002/5521/317 3042/5369/271
f 3042/5369/271 3002/5521/317 3001/5133/317 3041/5145/271
f 2763/5522/523 2765/5411/515 3033/5414/312 2961/5523/313
f 2961/5523/313 3033/5414/312 3034/5416/312 2962/5524/313
f 2962/5524/313 3034/5416/312 3035/5418/312 2963/5525/313
f 2963/5525/313 3035/5418/312 3036/5420/312 2964/5526/313
f 2964/5526/313 3036/5420/312 3037/5422/312 2965/5527/313
f 2965/5527/313 3037/5422/312 3038/5424/312 2966/5528/313
f 2966/5528/313 3038/5424/312 3039/5426/312 2967/5529/313
f 2967/5529/313 3039/5426/312 3040/5143/312 2968/5126/313
f 2781/5396/499 2762/5530/498 2960/5531/249 3032/5397/239
f 3032/5397/239 2960/5531/249 2959/5532/249 3031/5399/239
f 3031/5399/239 2959/5532/249 2958/5533/249 3030/5401/239
f 3030/5401/239 2958/5533/249 2957/5534/249 3029/5403/239
f 3029/5403/239 2957/5534/249 2956/5535/249 3028/5405/239
f 3028/5405/239 2956/5535/249 2955/5536/249 3027/5407/239
f 3027/5407/239 2955/5536/249 2954/5537/249 3026/5409/239
f 3026/5409/239 2954/5537/249 2953/2831/249 3025/5141/239
f 2753/5538/1045 2782/5395/509 3009/5398/223 3024/5539/224
f 3024/5539/224 3009/5398/223 3010/5400/223 3023/5540/224
f 3023/5540/224 3010/5400/223 3011/5402/223 3022/5541/224
f 3022/5541/224 3011/5402/223 3012/5404/223 3021/5542/224
f 3021/5542/224 3012/5404/223 3013/5406/223 3020/5543/224
f 3020/5543/224 3013/5406/223 3014/5408/223 3019/5544/224
f 3019/5544/224 3014/5408/223 3015/5410/223 3018/5545/224
f 3018/5545/224 3015/5410/223 3016/5138/223 3017/5137/224
f 2775/5514/217 2774/5451/216 2993/5452/328 3008/5515/317
f 3008/5515/317 2993/5452/328 2994/5453/328 3007/5516/317
f 3007/5516/317 2994/5453/328 2995/5454/328 3006/5517/317
f 3006/5517/317 2995/5454/328 2996/5455/328 3005/5518/317
f 3005/5518/317 2996/5455/328 2997/5456/328 3004/5519/317
f 3004/5519/317 2997/5456/328 2998/5457/328 3003/5520/317
f 3003/5520/317 2998/5457/328 2999/5458/328 3002/5521/317
f 3002/5521/317 2999/5458/328 3000/5134/328 3001/5133/317
f 2768/5546/414 2767/5427/413 2977/5428/251 2992/5547/230
f 2992/5547/230 2977/5428/251 2978/5429/251 2991/5548/230
f 2991/5548/230 2978/5429/251 2979/5430/251 2990/5549/230
f 2990/5549/230 2979/5430/251 2980/5431/251 2989/5550/230
f 2989/5550/230 2980/5431/251 2981/5432/251 2988/5551/230
f 2988/5551/230 2981/5432/251 2982/5433/251 2987/5552/230
f 2987/5552/230 2982/5433/251 2983/5434/251 2986/5553/230
f 2986/5553/230 2983/5434/251 2984/5130/251 2985/5129/230
f 2757/5475/484 2763/5522/523 2961/5523/313 2976/5476/326
f 2976/5476/326 2961/5523/313 2962/5524/313 2975/5477/326
f 2975/5477/326 2962/5524/313 2963/5525/313 2974/5478/326
f 2974/5478/326 2963/5525/313 2964/5526/313 2973/5479/326
f 2973/5479/326 2964/5526/313 2965/5527/313 2972/5480/326
f 2972/5480/326 2965/5527/313 2966/5528/313 2971/5481/326
f 2971/5481/326 2966/5528/313 2967/5529/313 2970/5482/326
f 2970/5482/326 2967/5529/313 2968/5126/313 2969/5125/326
f 2762/5530/498 2761/5371/543 2945/5374/261 2960/5531/249
f 2960/5531/249 2945/5374/261 2946/5376/261 2959/5532/249
f 2959/5532/249 2946/5376/261 2947/5378/261 2958/5533/249
f 2958/5533/249 2947/5378/261 2948/5380/261 2957/5534/249
f 2957/5534/249 2948/5380/261 2949/5382/261 2956/5535/249
f 2956/5535/249 2949/5382/261 2950/5384/261 2955/5536/249
f 2955/5536/249 2950/5384/261 2951/5386/261 2954/5537/249
f 2954/5537/249 2951/5386/261 2952/2832/261 2953/2831/249
g module3_Material.078
usemtl Material.078
f 1092/2252/18 1097/2253/34 1842/2254/155 1836/2255/156
f 1414/2256/30 1435/2257/53 1818/2258/157 1794/2259/158
f 1691/2262/161 1698/2263/162 1700/2264/163 1695/2265/164
f 1093/2266/16 1092/2252/18 1836/2255/156 1829/2267/165
f 2022/2268/166 1637/2269/167 1640/2270/168 2025/2271/169
f 1712/2276/174 1689/2277/175 2072/2278/176 2097/2279/177
f 1435/2257/53 1434/2280/56 1886/2281/178 1818/2258/157
f 1234/2286/54 1236/2287/9 1673/2288/181 1668/2289/182
f 1239/2296/16 1238/2297/18 1694/2298/156 1701/2299/165
f 1099/2306/195 1095/2307/14 1823/2308/196 1812/2309/197
f 1664/2312/198 1658/2313/199 2043/2314/200 2049/2315/201
f 1677/2316/158 1671/2317/202 2054/2318/203 2060/2319/204
f 1794/2259/158 1818/2258/157 2201/2320/203 2177/2321/204
f 1129/2322/205 1128/2323/205 1423/2324/206 1426/2325/207
f 1683/2326/208 1676/2327/209 1674/2328/210 1679/2329/211
f 1190/2330/61 1191/2331/65 1656/2332/212 1650/2333/213
f 1105/2338/4 1099/2306/195 1812/2309/197 1805/2339/218
f 1776/2340/219 1683/2326/208 1679/2329/211 1778/2341/220
f 1193/2346/53 1192/2347/56 1647/2348/225 1671/2317/202
f 1139/2349/205 1138/2350/205 1444/2351/226 1446/2352/227
f 1958/2357/232 1952/2358/233 1950/2359/234 1955/2360/235
f 1143/2361/205 1142/2362/205 1451/2363/236 1454/2364/237
f 1791/2371/244 1784/2372/245 1782/2373/246 1787/2374/247
f 1649/2381/252 1655/2382/253 1659/2383/254 1653/2384/255
f 1868/2385/256 1862/2386/246 1860/2387/245 1865/2388/257
f 1772/2395/197 1707/2396/196 2090/2397/264 2157/2398/265
f 2018/2399/266 1635/2400/267 1631/2401/268 2016/2402/269
f 1952/2358/233 1946/2405/272 1944/2406/273 1950/2359/234
f 1147/2407/205 1146/2408/205 1460/2409/274 1461/2410/275
f 1704/2415/280 2087/2416/281 2091/2417/282 1706/2418/283
f 1185/2419/96 1186/2420/101 1614/2421/284 1607/2422/285
f 1862/2386/246 1857/2427/247 1854/2428/244 1860/2387/245
f 1725/2429/288 1718/2430/289 1716/2431/290 1721/2432/291
f 1188/2433/91 1187/2434/93 1605/2435/292 1629/2436/293
f 1941/2465/298 2324/2466/299 2321/2467/300 1938/2468/301
f 1754/2471/304 1748/2472/305 1746/2473/306 1752/2474/307
f 1607/2422/285 1614/2421/284 1997/2481/314 1992/2482/315
f 1830/2483/163 1835/2484/164 1838/2485/161 1832/2486/162
f 1751/2489/318 1766/2490/319 2151/2491/320 2136/2492/321
f 1934/2493/304 1928/2494/305 1926/2495/306 1931/2496/322
f 1207/2505/104 1205/2506/116 1758/2507/329 1620/2508/330
f 1835/2484/164 1841/2509/331 1845/2510/332 1838/2485/161
f 1136/2453/205 1148/2452/205 1464/2515/337 1439/2516/338
f 1130/2455/205 1129/2322/205 1426/2325/207 1428/2523/345
f 1635/2524/267 1628/2525/346 1626/2526/347 1631/2527/268
f 1824/2534/354 1830/2535/163 1832/2536/162 1826/2537/280
f 1764/2540/298 2147/2541/299 2150/2542/300 1767/2543/301
f 1928/2546/305 1922/2547/359 1920/2548/360 1926/2549/306
f 1748/2550/305 1742/2551/359 1740/2552/360 1746/2553/306
f 1132/2457/205 1131/2456/205 1430/2556/363 1432/2557/364
f 1980/2558/365 2363/2559/366 2366/2560/367 1983/2561/368
f 1737/2564/371 1727/2565/372 2112/2566/373 2120/2567/374
f 1811/2570/377 2196/2571/378 2198/2572/379 1815/2573/380
f 1742/2551/359 1731/2576/383 1728/2577/384 1740/2552/360
f 1917/2582/383 2300/2583/389 2297/2584/390 1914/2585/391
f 1733/2586/392 1725/2429/288 1721/2432/291 1736/2587/393
f 1122/2438/205 1121/2437/205 1409/2596/400 1412/2597/401
f 1124/2439/205 1122/2438/205 1412/2597/401 1416/2602/406
f 1131/2456/205 1130/2455/205 1428/2523/345 1430/2556/363
f 1146/2408/205 1145/2451/205 1458/2737/447 1460/2409/274
f 1133/2458/205 1132/2457/205 1432/2557/364 1433/2738/425
f 1148/2452/205 1147/2407/205 1461/2410/275 1464/2515/337
f 1134/2459/205 1133/2458/205 1433/2738/425 1436/2739/433
f 1138/2350/205 1137/2447/205 1441/2740/431 1444/2351/226
f 1125/2440/205 1124/2439/205 1416/2602/406 1418/2741/439
f 1841/2742/331 2226/2743/459 2228/2744/460 1845/2745/332
f 1713/2746/365 2096/2747/366 2093/2748/367 1710/2749/368
f 1142/2362/205 1141/2449/205 1450/2750/441 1451/2363/236
f 1806/2751/220 1811/2752/377 1815/2753/380 1808/2754/219
f 1121/2437/205 1123/2460/205 1413/2755/434 1409/2596/400
f 2073/2756/460 1688/2757/332 1685/2758/331 2070/2759/459
f 1135/2454/205 1136/2453/205 1439/2516/338 1437/2760/436
f 2295/2761/461 1910/2762/462 1907/2763/393 2292/2764/463
f 1149/2446/205 1150/2445/205 1467/2765/444 1465/2766/442
f 1137/2447/205 1149/2446/205 1465/2766/442 1441/2740/431
f 1123/2460/205 1134/2459/205 1436/2739/433 1413/2755/434
f 1152/2444/205 1151/2443/205 1469/2767/438 1472/2768/443
f 1140/2448/205 1139/2349/205 1446/2352/227 1448/2769/437
f 1126/2441/205 1125/2440/205 1418/2741/439 1420/2770/409
f 1150/2445/205 1152/2444/205 1472/2768/443 1467/2765/444
f 1141/2449/205 1140/2448/205 1448/2769/437 1450/2750/441
f 1127/2442/205 1126/2441/205 1420/2770/409 1422/2771/410
f 1151/2443/205 1127/2442/205 1422/2771/410 1469/2767/438
f 1686/2772/155 1709/2773/464 2094/2774/465 2069/2775/466
f 1103/2776/48 1100/2777/131 1913/2778/372 1908/2779/371
f 1144/2450/205 1143/2361/205 1454/2364/237 1456/2780/446
f 1128/2323/205 1135/2454/205 1437/2760/436 1423/2324/206
f 1145/2451/205 1144/2450/205 1456/2780/446 1458/2737/447
f 1698/2781/162 1704/2782/280 1706/2783/283 1700/2784/163
f 1820/2785/467 1796/2786/181 2181/2787/468 2205/2788/469
f 2055/2797/478 1670/2798/479 1667/2799/480 2052/2800/481
f 1107/2813/78 1090/2814/74 1859/2815/494 1853/2816/495
f 1192/2347/56 1190/2330/61 1650/2333/213 1647/2348/225
f 1101/2857/42 1102/2858/46 1905/2859/534 1977/2860/535
f 1670/2869/479 1646/2870/544 1644/2871/545 1667/2872/480
f 1505/2915/183 1506/2916/335 1220/2917/340 1217/2918/339
f 1507/2919/184 1505/2915/183 1217/2918/339 1221/2920/584
f 1508/2921/189 1507/2919/184 1221/2920/584 1223/2922/585
f 1509/2923/190 1508/2921/189 1223/2922/585 1225/2924/586
f 1510/2925/143 1511/2926/398 1230/2927/505 1227/2928/504
f 1512/2929/144 1510/2925/143 1227/2928/504 1231/2930/529
f 1513/2931/147 1512/2929/144 1231/2930/529 1233/2932/528
f 1514/2933/148 1513/2931/147 1233/2932/528 1235/2934/587
f 1515/2935/171 1516/2936/170 1240/2937/525 1237/2938/524
f 1517/2939/375 1515/2935/171 1237/2938/524 1241/2940/588
f 1518/2941/381 1517/2939/375 1241/2940/588 1243/2942/589
f 1519/2943/151 1518/2941/381 1243/2942/589 1245/2944/241
f 1520/2945/159 1521/2946/152 1250/2947/240 1247/2948/590
f 1522/2949/333 1520/2945/159 1247/2948/590 1251/2950/591
f 1523/2951/323 1522/2949/333 1251/2950/591 1253/2952/592
f 1524/2953/308 1523/2951/323 1253/2952/592 1255/2954/593
f 1525/2955/355 1526/2956/295 1260/2957/539 1257/2958/538
f 1527/2959/352 1525/2960/355 1257/2863/538 1261/2961/594
f 1506/2916/335 1527/2962/352 1261/2963/594 1220/2917/340
f 1526/2956/295 1528/2964/294 1264/2965/595 1260/2957/539
f 1528/2964/294 1524/2953/308 1255/2954/593 1264/2965/595
f 1521/2966/152 1519/2967/151 1245/2368/241 1250/2367/240
f 1516/2936/170 1529/2968/179 1266/2969/596 1240/2937/525
f 1529/2968/179 1530/2970/187 1268/2971/597 1266/2969/596
f 1530/2970/187 1531/2972/193 1270/2973/276 1268/2971/597
f 1531/2972/193 1532/2974/258 1272/2975/277 1270/2973/276
f 1532/2976/258 1514/2977/148 1235/2978/587 1272/2412/277
f 1511/2926/398 1533/2979/6 1274/2980/598 1230/2927/505
f 1533/2979/6 1534/2981/5 1276/2982/516 1274/2980/598
f 1535/2983/133 1536/2984/369 1280/2985/599 1277/2986/517
f 1534/2987/5 1535/2988/133 1277/2840/517 1276/2839/516
f 1536/2984/369 1509/2923/190 1225/2924/586 1280/2985/599
f 1282/2619/415 1283/2628/420 1284/2991/193 1281/2992/258
f 1286/2993/416 1282/2994/415 1281/2389/258 1285/2245/148
f 1283/2628/420 1287/2627/419 1288/2995/187 1284/2991/193
f 1287/2627/419 1289/2716/453 1290/2996/179 1288/2995/187
f 1289/2716/453 1291/2715/452 1292/2997/170 1290/2996/179
f 1291/2715/452 1293/2720/454 1294/2998/171 1292/2997/170
f 1296/2999/422 1297/3000/421 1298/5/5 1295/1265/133
f 1297/2631/421 1299/2734/457 1300/3001/6 1298/3002/5
f 1299/2734/457 1301/2736/458 1302/3003/398 1300/3001/6
f 1301/2736/458 1303/2608/408 1304/3004/143 1302/3003/398
f 1306/2607/407 1307/2712/451 1308/3005/147 1305/3006/144
f 1307/2712/451 1286/2620/416 1285/3007/148 1308/3005/147
f 1303/2608/408 1306/2607/407 1305/3006/144 1304/3004/143
f 1310/2726/456 1296/2632/422 1295/3008/133 1309/3009/369
f 1312/2650/430 1310/2726/456 1309/3009/369 1311/3010/190
f 1314/2636/424 1315/2635/423 1316/3011/333 1313/3012/159
f 1315/2635/423 1317/2682/440 1318/3013/323 1316/3011/333
f 1317/2682/440 1319/2696/445 1320/3014/308 1318/3013/323
f 1319/2696/445 1321/2702/448 1322/3015/294 1320/3014/308
f 1324/2710/450 1325/2648/429 1326/3016/355 1323/3017/295
f 1325/3018/429 1327/3019/428 1328/2532/352 1326/2538/355
f 1327/2647/428 1329/2660/432 1330/3020/335 1328/3021/352
f 1329/2660/432 1331/2668/435 1332/3022/183 1330/3020/335
f 1334/2644/427 1335/2643/426 1336/3023/189 1333/3024/184
f 1335/2643/426 1312/2650/430 1311/3010/190 1336/3023/189
f 1331/2668/435 1334/2644/427 1333/3024/184 1332/3022/183
f 1321/2702/448 1324/2710/450 1323/3017/295 1322/3015/294
f 1338/2623/417 1314/2636/424 1313/3012/159 1337/3025/152
f 1340/3026/418 1338/3027/417 1337/2249/152 1339/2248/151
f 1342/2724/455 1343/2704/449 1344/3028/381 1341/3029/375
f 1343/2704/449 1340/2624/418 1339/3030/151 1344/3028/381
f 1293/2720/454 1342/2724/455 1341/3029/375 1294/2998/171
f 1346/2685/274 1347/2700/447 1348/3031/270 1345/3032/262
f 1350/2686/275 1346/2685/274 1345/3032/262 1349/3033/250
f 1352/2707/337 1350/2686/275 1349/3033/250 1351/3034/229
f 1354/2708/338 1352/2707/337 1351/3034/229 1353/3035/228
f 1356/2639/364 1357/2658/363 1358/3036/141 1355/3037/139
f 1360/2640/425 1356/2639/364 1355/3037/139 1359/3038/136
f 1362/2663/433 1360/2640/425 1359/3038/136 1361/3039/135
f 1364/2664/434 1362/2663/433 1361/3039/135 1363/3040/311
f 1366/2612/410 1367/2611/409 1368/3041/361 1365/3042/402
f 1370/2676/438 1366/2612/410 1365/3042/402 1369/3043/394
f 1372/2693/443 1370/2676/438 1369/3043/394 1371/3044/386
f 1374/2694/444 1372/2693/443 1371/3044/386 1373/3045/385
f 1376/2653/431 1377/2690/442 1378/3046/260 1375/3047/248
f 1380/2654/226 1376/2653/431 1375/3047/248 1379/3048/238
f 1382/2666/227 1380/2654/226 1379/3048/238 1381/3049/222
f 1384/2674/437 1382/2666/227 1381/3049/222 1383/3050/221
f 1386/2718/237 1387/2722/236 1388/3051/302 1385/3052/327
f 1390/2699/446 1386/2718/237 1385/3052/327 1389/3053/316
f 1347/2700/447 1390/2699/446 1389/3053/316 1348/3031/270
f 1387/2722/236 1391/2688/441 1392/3054/286 1388/3051/302
f 1391/2688/441 1384/2674/437 1383/3050/221 1392/3054/286
f 1377/2690/442 1374/2694/444 1373/3045/385 1378/3046/260
f 1367/2611/409 1393/2680/439 1394/3055/357 1368/3041/361
f 1393/2680/439 1395/2728/406 1396/3056/343 1394/3055/357
f 1395/2728/406 1397/2730/401 1398/3057/325 1396/3056/343
f 1397/2730/401 1399/2678/400 1400/3058/310 1398/3057/325
f 1399/2678/400 1364/2664/434 1363/3040/311 1400/3058/310
f 1357/2658/363 1401/2657/345 1402/3059/348 1358/3036/141
f 1401/2657/345 1403/2732/207 1404/3060/349 1402/3059/348
f 1406/2672/206 1407/2671/436 1408/3061/396 1405/3062/404
f 1403/2732/207 1406/2672/206 1405/3062/404 1404/3060/349
f 1407/2671/436 1354/2708/338 1353/3035/228 1408/3061/396
f 1097/2253/34 1098/3095/37 1982/3096/464 1842/2254/155
f 1112/3306/57 1113/3307/54 1820/2785/467 1884/3308/603
f 1988/3309/604 1992/2482/315 2376/3310/605 2373/3311/292
f 2109/3312/606 2102/3313/607 2487/3314/608 2492/3315/609
f 1880/3316/252 1875/3317/253 1871/3318/254 1878/3319/255
f 1986/3320/610 2010/3321/611 2393/3322/612 2369/3323/613
f 1204/3324/121 1203/3325/126 1743/3326/614 1749/3327/615
f 2246/3328/616 2241/3329/617 2624/3330/618 2631/3331/619
f 1608/3332/620 1991/3333/621 1994/3334/622 1611/3335/623
f 2139/3336/624 1754/3337/304 1752/3338/307 2135/3339/625
f 2232/3340/626 2273/3341/627 2657/3342/628 2615/3343/629
f 1258/3344/110 1262/3345/105 1622/3346/630 1760/3347/631
f 2222/3348/632 2216/3349/633 2601/3350/634 2607/3351/635
f 1998/3352/636 1613/3353/232 1616/3354/637 2001/3355/638
f 2229/3356/176 2222/3348/632 2607/3351/635 2612/3357/639
f 1262/3345/105 1219/3358/102 1617/3359/640 1622/3346/630
f 1417/3360/19 1415/3361/22 1814/3362/641 1827/3363/642
f 1208/3364/119 1204/3324/121 1749/3327/615 1755/3365/643
f 1411/3366/27 1410/3367/29 1802/3368/644 1809/3369/645
f 1763/3370/646 1755/3365/643 2138/3371/647 2148/3372/648
f 1113/3307/54 1110/3373/9 1796/2786/181 1820/2785/467
f 1730/3374/649 1734/3375/650 2117/3376/651 2115/3377/652
f 1410/3367/29 1414/2256/30 1794/2259/158 1802/3368/644
f 2102/3313/607 2097/2279/177 2481/3378/653 2487/3314/608
f 2336/3379/654 2330/3380/655 2715/3381/329 2721/3382/330
f 1718/2430/289 1713/3383/365 1710/3384/368 1716/2431/290
f 1106/3385/81 1107/2813/78 1853/2816/495 1850/3386/656
f 1688/3387/332 1691/2262/161 1695/2265/164 1685/3388/331
f 2330/3380/655 2325/3389/648 2708/3390/657 2715/3381/329
f 2084/3391/658 2079/3392/659 2462/3393/156 2469/3394/165
f 1424/3395/77 1438/3396/86 1847/3397/660 1856/3398/661
f 2090/2397/264 2084/3391/658 2469/3394/165 2475/3399/662
f 1946/2405/272 1941/3400/298 1938/3401/301 1944/2406/273
f 1194/3402/30 1193/2346/53 1671/2317/202 1677/2316/158
f 1842/2254/155 1982/3096/464 2367/3403/465 2225/3404/466
f 2028/3405/663 2051/3406/664 2435/3407/665 2411/3408/666
f 2312/3409/667 2306/3410/668 2691/3411/614 2697/3412/669
f 2043/2314/200 2037/3413/670 2420/3414/671 2427/3415/672
f 1470/3416/33 1421/3417/21 1839/3418/673 1844/3419/175
f 1656/2332/212 1661/3420/674 2046/3421/675 2039/3422/676
f 1421/3417/21 1419/3423/20 1833/3424/634 1839/3418/673
f 1617/3359/640 1610/3425/677 1995/3426/678 2000/3427/679
f 2306/3410/668 2301/3428/652 2685/3429/680 2691/3411/614
f 1218/3430/97 1222/3431/94 1601/3432/613 1610/3425/677
f 1466/3433/45 1468/3434/41 1973/3435/608 1901/3436/609
f 1222/3431/94 1224/3437/90 1625/3438/681 1601/3432/613
f 1827/3363/642 1814/3362/641 2199/3439/682 2210/3440/683
f 1219/3358/102 1218/3430/97 1610/3425/677 1617/3359/640
f 1922/2547/359 1917/3441/383 1914/3442/391 1920/2548/360
f 1637/3443/167 1791/2371/244 1787/2374/247 1640/3444/168
f 1471/3445/36 1470/3416/33 1844/3419/175 1979/3446/174
f 2175/3447/684 2168/3448/685 2553/3449/494 2558/3450/686
f 2177/2321/204 2201/2320/203 2586/3451/687 2561/3452/688
f 2168/3448/685 2049/2315/201 2433/3453/689 2553/3449/494
f 1916/3454/649 1911/3455/650 2294/3456/690 2301/3428/652
f 1275/3457/74 1273/3458/69 1664/2312/198 1785/3459/494
f 1102/2858/46 1103/2776/48 1908/2779/371 1905/2859/534
f 1273/3458/69 1229/3460/66 1658/2313/199 1664/2312/198
f 2183/3461/691 2190/3462/692 2573/3463/218 2568/3464/693
f 1211/3465/27 1212/3466/29 1682/3467/694 1775/3468/645
f 1111/3469/83 1106/3385/81 1850/3386/656 1893/3470/695
f 1210/3471/22 1211/3465/27 1775/3468/645 1769/3472/696
f 1908/2779/371 1913/2778/372 2298/3473/373 2291/3474/374
f 2207/3475/697 1824/3476/354 1826/3477/280 2211/3478/281
f 1770/3479/698 1776/2340/219 1778/2341/220 1773/3480/377
f 1246/3481/42 1249/3482/46 1722/3483/699 1715/3484/700
f 1216/3485/86 1189/3486/85 1634/3487/701 1641/3488/660
f 1090/2814/74 1119/3489/69 1866/3490/198 1859/2815/494
f 1248/3491/48 1252/3492/131 1727/2565/372 1737/2564/371
f 1119/3489/69 1120/3493/66 1872/3494/199 1866/3490/198
f 2118/3495/461 1733/3496/392 1736/3497/393 2121/3498/463
f 1874/3499/212 1869/3500/674 2252/3501/675 2259/3502/676
f 1202/3503/130 1200/3504/47 1734/3375/650 1730/3374/649
f 1887/3505/544 1880/3506/252 1878/3507/255 1883/3508/545
f 1256/3509/122 1263/3510/118 1751/2489/318 1745/3511/702
f 2202/3512/703 1817/3513/479 1821/3514/480 2204/3515/481
f 1259/3516/113 1258/3344/110 1760/3347/631 1766/2490/319
f 2180/3517/704 1797/3518/705 1793/3519/209 2178/3520/706
f 1619/3521/233 1757/3522/272 1761/3523/273 1623/3524/234
f 1889/3525/707 1895/3526/346 1899/3527/347 1892/3528/268
f 1613/3529/232 1619/3521/233 1623/3524/234 1616/3530/637
f 1847/3397/660 1890/3531/701 2273/3341/627 2232/3340/626
f 1757/3522/272 1764/3532/298 1767/3533/301 1761/3523/273
f 1848/3534/708 2231/3535/169 2234/3536/166 1851/3537/167
f 1263/3510/118 1259/3516/113 1766/2490/319 1751/2489/318
f 1100/2777/131 1096/3538/125 1919/3539/709 1913/2778/372
f 1249/3482/46 1248/3491/48 1737/2564/371 1722/3483/699
f 1096/3538/125 1094/3540/122 1925/3541/710 1919/3539/709
f 1265/3542/14 1239/2296/16 1701/2299/165 1707/2396/196
f 1094/3540/122 1108/3543/118 1932/3544/711 1925/3541/710
f 1267/3545/12 1265/3542/14 1707/2396/196 1772/2395/197
f 1108/3543/118 1109/3546/113 1937/3547/319 1932/3544/711
f 1269/3548/4 1267/3545/12 1772/2395/197 1779/3549/218
f 1091/3550/110 1089/3551/105 1949/3552/712 1943/3553/713
f 1238/2297/18 1242/3554/34 1686/2772/155 1694/2298/156
f 2253/3555/714 1868/3556/256 1865/3557/257 2250/3558/715
f 1089/3551/105 1117/3559/102 1956/3560/640 1949/3552/712
f 1271/3561/1 1269/3548/4 1779/3549/218 1680/3562/716
f 2343/3563/636 1958/3564/232 1955/3565/235 2340/3566/638
f 1117/3559/102 1118/3567/602 1962/3568/677 1956/3560/640
f 1655/3569/253 2040/3570/717 2042/3571/718 1659/3572/254
f 1875/3573/253 2258/3574/717 2256/3575/719 1871/3576/254
f 1971/3577/720 1965/3578/721 1961/3579/623 1967/3580/722
f 1665/3581/723 2048/3582/715 2045/3583/714 1662/3584/724
f 1442/3585/47 1466/3433/45 1901/3436/609 1911/3455/650
f 1114/3586/94 1115/3587/90 1898/3588/725 1968/3589/613
f 1228/3590/62 1232/3591/57 1643/3592/666 1652/3593/671
f 1095/2307/14 1093/2266/16 1829/2267/165 1823/2308/196
f 2274/3594/266 1889/3595/707 1892/3596/268 2277/3597/269
f 1278/3598/78 1275/3457/74 1785/3459/494 1790/3599/686
f 1895/3600/346 1971/3577/720 1967/3580/722 1899/3601/347
f 1974/3602/289 1980/3603/365 1983/3604/368 1976/3605/290
f 1641/3488/660 1634/3487/701 2019/3606/627 2024/3607/626
f 1110/3373/9 1104/3608/1 1800/3609/693 1796/2786/181
f 1109/3546/113 1091/3550/110 1943/3553/713 1937/3547/319
f 1186/2420/101 1207/2505/104 1620/2508/330 1614/2421/284
f 1965/3610/721 2348/3611/726 2346/3612/622 1961/3613/623
f 1902/3614/288 1974/3602/289 1976/3605/290 1904/3615/291
f 1187/2434/93 1185/2419/96 1607/2422/285 1605/2435/292
f 1434/2280/56 1431/3616/61 1881/3617/213 1886/2281/178
f 1910/3618/462 1902/3614/288 1904/3615/291 1907/3619/393
f 1604/3620/720 1608/3621/620 1611/3622/623 1602/3623/722
f 2319/3624/624 1934/3625/304 1931/3626/322 2316/3627/727
f 1979/3446/174 1844/3419/175 2229/3356/176 2364/3628/177
f 1189/3486/85 1188/2433/91 1629/2436/293 1634/3487/701
f 1893/3470/695 1850/3386/656 2235/3629/728 2276/3630/729
f 1098/3095/37 1101/2857/42 1977/2860/535 1982/3096/464
f 1191/2331/65 1213/3631/68 1661/3420/674 1656/2332/212
f 1799/3632/211 1806/2751/220 1808/2754/219 1803/3633/208
f 2267/3634/663 2205/2788/469 2588/3635/665 2652/3636/730
f 2015/3637/729 2021/3638/731 2406/3639/732 2399/3640/733
f 2088/3641/734 2154/3642/735 2537/3643/736 2471/3644/737
f 2262/3645/670 2267/3634/663 2652/3636/730 2645/3646/671
f 1992/2482/315 1997/2481/314 2381/3647/738 2376/3310/605
f 2103/3648/739 2108/3649/740 2106/3650/741 2099/3651/742
f 2255/3652/200 2262/3645/670 2645/3646/671 2639/3653/743
f 2012/3654/744 1988/3309/604 2373/3311/292 2397/3655/293
f 2138/3371/647 2132/3656/667 2517/3657/615 2522/3658/745
f 2249/3659/201 2255/3652/200 2639/3653/743 2634/3660/689
f 2000/3427/679 1995/3426/678 2378/3661/746 2385/3662/747
f 2148/3372/648 2138/3371/647 2522/3658/745 2531/3663/657
f 2244/3664/685 2249/3659/201 2634/3660/689 2627/3665/494
f 2003/3666/654 2141/3667/655 2526/3668/329 2388/3669/748
f 2219/3670/659 2225/3404/466 2610/3671/749 2604/3672/156
f 2010/3321/611 2015/3637/729 2399/3640/733 2393/3322/612
f 2214/3673/658 2219/3670/659 2604/3672/156 2597/3674/165
f 2159/3675/750 2153/3676/379 2156/3677/378 2163/3678/751
f 2270/3679/752 2202/3680/703 2204/3681/481 2268/3682/753
f 2127/3683/754 2133/3684/755 2129/3685/756 2123/3686/757
f 2195/3687/758 2208/3688/759 2591/3689/662 2579/3690/760
f 2114/3691/389 2127/3692/754 2123/3693/757 2111/3694/761
f 2205/2788/469 2181/2787/468 2564/3695/762 2588/3635/665
f 2112/2566/373 2124/3696/763 2507/3697/709 2495/3698/764
f 2196/3699/378 2189/3700/751 2193/3701/750 2198/3702/379
f 2108/3649/740 2118/3703/461 2121/3704/463 2106/3650/741
f 2337/3705/765 2343/3706/636 2340/3707/638 2333/3708/766
f 2096/3709/366 2103/3648/739 2099/3651/742 2093/3710/367
f 2247/3711/767 2253/3712/714 2250/3713/715 2243/3714/768
f 2072/2278/176 2075/3715/632 2460/3716/673 2457/3717/639
f 2331/3718/769 2337/3705/765 2333/3708/766 2327/3719/770
f 2076/3720/771 2073/3721/460 2070/3722/459 2078/3723/772
f 2240/3724/773 2247/3711/767 2243/3714/768 2237/3725/774
f 2082/3726/633 2088/3641/734 2471/3644/737 2465/3727/634
f 2324/3728/299 2331/3718/769 2327/3719/770 2321/3729/300
f 2060/2319/204 2054/2318/203 2439/3730/687 2445/3731/775
f 2220/3732/772 2213/3733/776 2217/3734/777 2223/3735/771
f 2031/3736/752 2055/3737/478 2052/3738/481 2027/3739/753
f 2313/3740/755 2319/3741/624 2316/3742/727 2309/3743/756
f 2034/3744/778 2031/3736/752 2027/3739/753 2036/3745/779
f 2226/3746/459 2220/3747/772 2223/3748/771 2228/3749/460
f 2039/3422/676 2046/3421/675 2429/3750/780 2423/3751/781
f 2213/3733/776 2207/3752/697 2211/3753/281 2217/3734/777
f 2013/3754/782 2018/3755/266 2016/3756/269 2009/3757/783
f 2307/3758/754 2313/3740/755 2309/3743/756 2303/3759/784
f 1989/3760/785 2013/3754/782 2009/3757/783 1985/3761/786
f 2372/3762/720 2375/3763/787 2379/3764/788 2370/3765/722
f 1991/3766/621 1989/3767/785 1985/3768/786 1994/3769/622
f 2210/3440/683 2199/3439/682 2583/3770/736 2595/3771/737
f 2004/3772/765 1998/3773/636 2001/3774/638 2006/3775/766
f 2300/3776/389 2307/3777/754 2303/3778/784 2297/3779/390
f 2174/3780/774 2022/3781/166 2025/3782/169 2172/3783/773
f 2364/3628/177 2229/3356/176 2612/3357/639 2748/3784/653
f 2169/3785/768 2174/3780/774 2172/3783/773 2165/3786/767
f 2199/3439/682 2192/3787/789 2577/3788/790 2583/3770/736
f 2037/3413/670 2028/3405/663 2411/3408/666 2420/3414/671
f 2301/3428/652 2294/3456/690 2678/3789/791 2685/3429/680
f 2048/3790/715 2169/3785/768 2165/3786/767 2045/3791/714
f 2291/3474/374 2298/3473/373 2681/3792/792 2675/3793/793
f 2049/2315/201 2043/2314/200 2427/3415/672 2433/3453/689
f 2189/3700/751 2184/3794/794 2186/3795/795 2193/3701/750
f 2063/3796/691 2162/3797/692 2547/3798/218 2448/3799/693
f 2238/3800/684 2244/3664/685 2627/3665/494 2621/3801/686
f 2079/3392/659 2069/2775/466 2453/3802/749 2462/3393/156
f 1703/3803/642 1769/3472/696 2154/3642/735 2088/3641/734
f 1224/3437/90 1226/3804/83 1632/3805/695 1625/3438/681
f 1817/3806/479 1887/3505/544 1883/3508/545 1821/3807/480
f 1244/3808/37 1246/3481/42 1715/3484/700 1709/2773/464
f 1229/3460/66 1228/3590/62 1652/3593/671 1658/2313/199
f 1797/3809/705 1799/3632/211 1803/3633/208 1793/3810/209
f 2154/3642/735 2160/3811/789 2543/3812/645 2537/3643/736
f 1232/3591/57 1234/2286/54 1668/2289/182 1643/3592/666
f 2201/2320/203 2271/3813/796 2654/3814/225 2586/3451/687
f 2160/3811/789 2067/3815/797 2450/3816/644 2543/3812/645
f 1646/2870/544 1649/3817/252 1653/3818/255 1644/2871/545
f 1425/3819/73 1424/3395/77 1856/3398/661 1863/3820/798
f 2067/3815/797 2060/2319/204 2445/3731/775 2450/3816/644
f 1236/2287/9 1271/3561/1 1680/3562/716 1673/2288/181
f 1438/3396/86 1440/3821/85 1890/3531/701 1847/3397/660
f 1784/2372/245 1665/3822/723 1662/3823/724 1782/2373/246
f 1196/3824/20 1209/3825/19 1703/3803/642 1697/3826/634
f 1443/3827/130 1442/3585/47 1911/3455/650 1916/3454/649
f 1213/3631/68 1214/3828/73 1781/3829/619 1661/3420/674
f 1195/3830/21 1196/3824/20 1697/3826/634 1692/3831/799
f 1445/3832/126 1443/3827/130 1916/3454/649 1923/3833/614
f 1214/3828/73 1215/3834/77 1788/3835/618 1781/3829/619
f 1198/3836/36 1197/3837/33 1689/2277/175 1712/2276/174
f 1447/3838/121 1445/3832/126 1923/3833/614 1929/3839/669
f 1279/3840/81 1278/3598/78 1790/3599/686 1638/3841/656
f 1199/3842/41 1198/3836/36 1712/2276/174 1719/3843/608
f 1449/3844/119 1447/3838/121 1929/3839/669 1935/3845/643
f 1226/3804/83 1279/3840/81 1638/3841/656 1632/3805/695
f 1201/3846/45 1199/3842/41 1719/3843/608 1724/3847/609
f 1453/3848/116 1452/3849/115 1940/3850/646 1947/3851/800
f 1429/3852/65 1427/3853/68 1869/3500/674 1874/3499/212
f 1203/3325/126 1202/3503/130 1730/3374/649 1743/3326/614
f 1455/3854/104 1453/3848/116 1947/3851/800 1953/3855/330
f 1964/3856/285 1959/3857/284 2342/3858/314 2349/3859/801
f 2130/3860/802 2136/2492/321 2520/3861/803 2513/3862/702
f 1457/3863/101 1455/3854/104 1953/3855/330 1959/3857/284
f 2271/3813/796 2264/3864/804 2649/3865/213 2654/3814/225
f 2132/3656/667 2126/3866/668 2511/3867/614 2517/3657/615
f 1459/3868/96 1457/3863/101 1959/3857/284 1964/3856/285
f 2351/3869/610 2283/3870/611 2666/3871/805 2736/3872/613
f 1997/2481/314 2003/3666/654 2388/3669/748 2381/3647/738
f 2355/3873/604 2349/3859/801 2733/3874/605 2738/3875/292
f 2264/3864/804 2259/3502/676 2643/3876/806 2649/3865/213
f 2145/3877/807 2007/3878/808 2390/3879/630 2528/3880/631
f 1462/3881/93 1459/3868/96 1964/3856/285 1970/3882/292
f 1118/3567/602 1114/3586/94 1968/3589/613 1962/3568/677
f 2151/2491/320 2145/3877/807 2528/3880/631 2535/3883/809
f 1463/3884/91 1462/3881/93 1970/3882/292 1896/3885/810
f 1104/3608/1 1105/2338/4 1805/2339/218 1800/3609/693
f 1206/3886/115 1208/3364/119 1755/3365/643 1763/3370/646
f 1452/3849/115 1449/3844/119 1935/3845/643 1940/3850/646
f 1440/3821/85 1463/3884/91 1896/3885/810 1890/3531/701
f 2115/3377/652 2117/3376/651 2502/3887/791 2499/3888/680
f 2286/3889/606 2358/3890/607 2741/3891/608 2669/3892/609
f 1431/3616/61 1429/3852/65 1874/3499/212 1881/3617/213
f 1200/3504/47 1201/3846/45 1724/3847/609 1734/3375/650
f 2285/3893/740 2295/3894/461 2292/3895/463 2289/3896/741
f 1940/3850/646 1935/3845/643 2318/3897/647 2325/3389/648
f 1242/3554/34 1244/3808/37 1709/2773/464 1686/2772/155
f 1857/2427/247 1848/3898/708 1851/3899/167 1854/2428/244
f 1427/3853/68 1425/3819/73 1863/3820/798 1869/3500/674
f 1209/3825/19 1210/3471/22 1769/3472/696 1703/3803/642
f 2367/3403/465 2360/3900/811 2745/3901/700 2750/3902/812
f 2190/3462/692 2195/3687/758 2579/3690/760 2573/3463/218
f 2555/3903/247 2409/3904/813 2405/3905/814 2559/3906/244
f 2565/3907/815 2567/3908/211 2571/3909/208 2562/3910/816
f 2414/3911/544 2417/3912/252 2421/3913/255 2412/3914/545
f 2444/3915/816 2438/3916/817 2436/3917/818 2442/3918/815
f 2430/3919/819 2550/3920/246 2552/3921/245 2432/3922/820
f 2544/3923/219 2451/3924/208 2447/3925/211 2546/3926/220
f 2456/3927/821 2459/3928/161 2463/3929/164 2454/3930/822
f 2550/3920/246 2555/3903/247 2559/3906/244 2552/3921/245
f 2486/3931/289 2480/3932/823 2478/3933/824 2484/3934/290
f 2472/3935/825 2538/3936/826 2540/3937/827 2474/3938/828
f 2501/3939/829 2493/3940/288 2489/3941/291 2505/3942/830
f 2532/3943/831 2523/3944/832 2519/3945/833 2534/3946/834
f 2525/3947/272 2532/3943/831 2534/3946/834 2529/3948/273
f 2387/3949/233 2525/3947/272 2529/3948/273 2391/3950/234
f 2618/3951/814 2622/3952/244 2625/3953/247 2616/3954/813
f 2402/3955/835 2396/3956/346 2394/3957/347 2400/3958/836
f 2523/3944/832 2516/3959/305 2514/3960/306 2519/3945/833
f 2516/3961/305 2510/3962/359 2508/3963/360 2514/3964/306
f 2751/3965/824 2744/3966/290 2742/3967/289 2747/3968/823
f 2510/3962/359 2498/3969/837 2496/3970/838 2508/3963/360
f 2735/3971/722 2667/3972/347 2663/3973/346 2739/3974/720
f 2493/3940/288 2486/3931/289 2484/3934/290 2489/3941/291
f 2676/3975/830 2682/3976/838 2684/3977/837 2679/3978/829
f 2459/3928/161 2466/3979/162 2468/3980/163 2463/3929/164
f 2723/3981/839 2730/3982/788 2732/3983/787 2726/3984/840
f 2480/3932/823 2456/3927/821 2454/3930/822 2478/3933/824
f 2718/3985/234 2723/3981/839 2726/3984/840 2720/3986/233
f 2451/3924/208 2444/3915/816 2442/3918/815 2447/3925/211
f 2712/3987/273 2718/3985/234 2720/3986/233 2714/3988/272
f 2417/3989/252 2424/3990/841 2426/3991/842 2421/3992/255
f 2699/3993/833 2706/3994/834 2709/3995/831 2702/3996/832
f 2694/3997/306 2699/3993/833 2702/3996/832 2696/3998/305
f 2438/3916/817 2414/3911/544 2412/3914/545 2436/3917/818
f 2688/3999/360 2694/4000/306 2696/4001/305 2690/4002/359
f 2409/3904/813 2402/3955/835 2400/3958/836 2405/3905/814
f 2744/3966/290 2672/4003/291 2670/4004/288 2742/3967/289
f 2375/3763/787 2382/4005/840 2384/4006/839 2379/3764/788
f 2396/4007/346 2372/3762/720 2370/3765/722 2394/4008/347
f 2667/4009/347 2661/4010/836 2658/4011/835 2663/4012/346
f 2567/3908/211 2574/4013/220 2576/4014/219 2571/3909/208
f 2622/3952/244 2628/4015/245 2630/4016/246 2625/3953/247
f 2646/4017/255 2651/4018/545 2655/4019/544 2648/4020/252
f 2633/4021/820 2640/4022/842 2642/4023/841 2636/4024/819
f 2661/4010/836 2618/3951/814 2616/3954/813 2658/4011/835
f 2603/4025/164 2609/4026/822 2613/4027/821 2606/4028/161
f 2598/4029/163 2603/4025/164 2606/4028/161 2600/4030/162
f 2651/4018/545 2589/4031/818 2585/4032/817 2655/4019/544
f 2580/4033/827 2592/4034/828 2594/4035/825 2582/4036/826
f 2672/4003/291 2676/3975/830 2679/3978/829 2670/4004/288
f 2592/4034/828 2598/4037/163 2600/4038/162 2594/4035/825
f 2628/4015/245 2633/4021/820 2636/4024/819 2630/4016/246
f 2682/3976/838 2688/3999/360 2690/4002/359 2684/3977/837
f 2574/4013/220 2580/4033/827 2582/4036/826 2576/4014/219
f 2706/3994/834 2712/3987/273 2714/3988/272 2709/3995/831
f 2609/4026/822 2751/3965/824 2747/3968/823 2613/4027/821
f 2640/4022/842 2646/4039/255 2648/4040/252 2642/4023/841
f 2730/3982/788 2735/3971/722 2739/3974/720 2732/3983/787
f 2538/3936/826 2544/3923/219 2546/3926/220 2540/3937/827
f 2424/3990/841 2430/3919/819 2432/3922/820 2426/3991/842
f 2466/4041/162 2472/3935/825 2474/3938/828 2468/4042/163
f 2498/3969/837 2501/3939/829 2505/3942/830 2496/3970/838
f 2382/4005/840 2387/3949/233 2391/3950/234 2384/4006/839
f 2589/4031/818 2565/3907/815 2562/3910/816 2585/4032/817
f 2094/2774/465 2100/4043/811 2483/4044/700 2477/4045/812
f 2040/4046/717 2034/4047/778 2036/4048/779 2042/4049/718
f 2187/4050/797 2177/2321/204 2561/3452/688 2570/4051/644
f 2166/4052/616 2171/4053/617 2556/4054/618 2549/4055/619
f 2054/2318/203 2030/4056/796 2415/4057/225 2439/3730/687
f 2280/4058/782 2274/4059/266 2277/4060/269 2282/4061/783
f 2066/4062/795 2159/3675/750 2163/3678/751 2064/4063/794
f 2033/4064/804 2039/3422/676 2423/3751/781 2418/4065/213
f 2231/4066/169 2240/3724/773 2237/3725/774 2234/4067/166
f 2061/4068/843 2066/4062/795 2064/4063/794 2057/4069/704
f 2058/4070/468 2063/3796/691 2448/3799/693 2441/4071/844
f 2235/3629/728 2238/3800/684 2621/3801/686 2619/4072/732
f 2046/3421/675 2166/4052/616 2549/4055/619 2429/3750/780
f 2081/4073/777 2076/4074/771 2078/4075/772 2085/4076/776
f 2298/3473/373 2304/4077/763 2687/4078/709 2681/3792/792
f 2051/3406/664 2058/4070/468 2441/4071/844 2435/3407/665
f 2097/2279/177 2072/2278/176 2457/3717/639 2481/3378/653
f 2304/4077/763 2310/4079/802 2693/4080/845 2687/4078/709
f 2171/4053/617 2024/3607/626 2408/4081/629 2556/4054/618
f 2075/3715/632 2082/3726/633 2465/3727/634 2460/3716/673
f 2310/4079/802 2315/4082/846 2700/4083/803 2693/4080/845
f 2184/3794/794 2180/4084/704 2178/4085/706 2186/3795/795
f 2100/4043/811 2105/4086/847 2490/4087/699 2483/4044/700
f 2315/4082/846 2322/4088/848 2705/4089/809 2700/4083/803
f 2024/3607/626 2019/3606/627 2403/4090/628 2408/4081/629
f 2120/2567/374 2112/2566/373 2495/3698/764 2504/4091/793
f 2328/4092/849 2334/4093/808 2717/4094/712 2711/4095/713
f 2259/3502/676 2252/3501/675 2637/4096/780 2643/3876/806
f 2126/3866/668 2115/3377/652 2499/3888/680 2511/3867/614
f 2334/4093/808 2339/4097/850 2724/4098/747 2717/4094/712
f 2349/3859/801 2342/3858/314 2727/4099/738 2733/3874/605
f 2124/3696/763 2130/3860/802 2513/3862/702 2507/3697/709
f 2339/4097/850 2345/4100/851 2729/4101/852 2724/4098/747
f 2258/4102/717 2265/4103/778 2261/4104/779 2256/4105/719
f 2133/3684/755 2139/4106/624 2135/4107/625 2129/3685/756
f 2345/4100/851 2351/3869/610 2736/3872/613 2729/4101/852
f 2357/4108/739 2285/3893/740 2289/3896/741 2361/4109/742
f 2147/4110/299 2142/4111/769 2144/4112/770 2150/4113/300
f 2354/4114/785 2280/4058/782 2282/4061/783 2352/4115/786
f 2208/3688/759 2214/3673/658 2597/3674/165 2591/3689/662
f 2142/4111/769 2004/3772/765 2006/3775/766 2144/4112/770
f 2283/3870/611 2276/3630/729 2660/4116/733 2666/3871/805
f 2279/4117/744 2355/3873/604 2738/3875/292 2664/4118/810
f 2007/3878/808 2000/3427/679 2385/3662/747 2390/3879/630
f 2358/3890/607 2364/3628/177 2748/3784/653 2741/3891/608
f 2181/2787/468 2183/3461/691 2568/3464/693 2564/3695/762
f 2141/3667/655 2148/3372/648 2531/3663/657 2526/3668/329
f 2322/4088/848 2328/4092/849 2711/4095/713 2705/4089/809
f 2348/4119/726 2354/4120/785 2352/4121/786 2346/4122/622
f 2136/2492/321 2151/2491/320 2535/3883/809 2520/3861/803
f 2288/4123/847 2291/3474/374 2675/3793/793 2673/4124/534
f 2265/4125/778 2270/3679/752 2268/3682/753 2261/4126/779
f 2105/4086/847 2120/2567/374 2504/4091/793 2490/4087/699
f 2294/3456/690 2286/3889/606 2669/3892/609 2678/3789/791
f 2325/3389/648 2318/3897/647 2703/4127/745 2708/3390/657
f 2087/4128/281 2081/4073/777 2085/4076/776 2091/4129/282
f 2241/3329/617 2232/3340/626 2615/3343/629 2624/3330/618
f 2276/3630/729 2235/3629/728 2619/4072/732 2660/4116/733
f 2157/2398/265 2090/2397/264 2475/3399/662 2541/4130/760
f 2363/4131/366 2357/4108/739 2361/4109/742 2366/4132/367
f 2192/3787/789 2187/4050/797 2570/4051/644 2577/3788/790
f 2162/3797/692 2157/2398/265 2541/4130/760 2547/3798/218
f 2225/3404/466 2367/3403/465 2750/3902/812 2610/3671/749
f 2360/3900/811 2288/4123/847 2673/4124/534 2745/3901/700
f 2019/3606/627 2012/3654/744 2397/3655/293 2403/4090/628
f 1632/3805/695 1638/3841/656 2021/3638/731 2015/3637/729
f 1205/2506/116 1206/3886/115 1763/3370/646 1758/2507/329
f 2153/4133/379 1770/4134/698 1773/4135/377 2156/4136/378
f 1731/4137/383 2114/4138/389 2111/4139/761 1728/4140/384
f 1252/3492/131 1254/4141/125 1739/4142/709 1727/2565/372
f 2117/3376/651 2109/3312/606 2492/3315/609 2502/3887/791
f 1254/4141/125 1256/3509/122 1745/3511/702 1739/4142/709
f 2069/2775/466 2094/2774/465 2477/4045/812 2453/3802/749
f 1197/3837/33 1195/3830/21 1692/3831/799 1689/2277/175
f 1676/4143/209 2061/4144/843 2057/4145/704 1674/4146/210
f 1212/3466/29 1194/3402/30 1677/2316/158 1682/3467/694
f 2030/4056/796 2033/4064/804 2418/4065/213 2415/4057/225
f 1668/2289/182 1673/2288/181 2058/4070/468 2051/3406/664
f 2021/3638/731 2175/3447/684 2558/3450/686 2406/3639/732
f 1215/3834/77 1216/3485/86 1641/3488/660 1788/3835/618
f 2252/3501/675 2246/3328/616 2631/3331/619 2637/4096/780
f 1866/3490/198 1872/3494/199 2255/3652/200 2249/3659/201
f 2273/3341/627 2279/4117/744 2664/4118/810 2657/3342/628
f 1115/3587/90 1111/3469/83 1893/3470/695 1898/3588/725
f 2342/3858/314 2336/3379/654 2721/3382/330 2727/4099/738
f 1956/3560/640 1962/3568/677 2345/4100/851 2339/4097/850
f 2318/3897/647 2312/3409/667 2697/3412/669 2703/4127/745
f 1932/3544/711 1937/3547/319 2322/4088/848 2315/4082/846
f 1468/3434/41 1471/3445/36 1979/3446/174 1973/3435/608
f 1995/3426/678 1986/3320/610 2369/3323/613 2378/3661/746
f 2216/3349/633 2210/3440/683 2595/3771/737 2601/3350/634
f 1419/3423/20 1417/3360/19 1827/3363/642 1833/3424/634
f 1415/3361/22 1411/3366/27 1809/3369/645 1814/3362/641
f 1812/2309/197 1823/2308/196 2208/3688/759 2195/3687/758
f 1116/4147/62 1112/3306/57 1884/3308/603 1877/4148/671
f 1120/3493/66 1116/4147/62 1877/4148/671 1872/3494/199
f 2151/2491/320 1766/2490/319 1768/4149/853 2152/4150/854
f 2152/4151/854 1768/4152/853 1767/2543/301 2150/2542/300
f 2211/3478/281 1826/3477/280 1828/4153/855 2212/4154/856
f 2212/4155/856 1828/4156/855 1827/3363/642 2210/3440/683
f 2199/3439/682 1814/3362/641 1816/4157/857 2200/4158/858
f 2200/4159/858 1816/4160/857 1815/2573/380 2198/2572/379
f 1794/2259/158 2177/2321/204 2179/4161/859 1795/4162/860
f 1795/4163/860 2179/4164/859 2178/3520/706 1793/3519/209
f 1728/4140/384 2111/4139/761 2113/4165/861 1729/4166/862
f 1729/4167/862 2113/4168/861 2112/2566/373 1727/2565/372
f 1737/2564/371 2120/2567/374 2122/4169/863 1738/4170/864
f 1738/4171/864 2122/4172/863 2121/3498/463 1736/3497/393
f 1956/3560/640 2339/4097/850 2341/4173/865 1957/4174/866
f 1957/4175/866 2341/4176/865 2340/3566/638 1955/3565/235
f 1866/3490/198 2249/3659/201 2251/4177/867 1867/4178/868
f 1867/4179/868 2251/4180/867 2250/3558/715 1865/3557/257
f 1710/2749/368 2093/2748/367 2095/4181/869 1711/4182/870
f 1711/4183/870 2095/4184/869 2094/2774/465 1709/2773/464
f 1686/2772/155 2069/2775/466 2071/4185/871 1687/4186/872
f 1687/4187/872 2071/4188/871 2070/2759/459 1685/2758/331
f 2322/4088/848 1937/3547/319 1939/4189/853 2323/4190/854
f 2323/4180/854 1939/4191/853 1938/2468/301 2321/2467/300
f 1674/4146/210 2057/4145/704 2059/4192/873 1675/4193/874
f 1675/4194/874 2059/4195/873 2058/4070/468 1673/2288/181
f 1668/2289/182 2051/3406/664 2053/4196/875 1669/4197/876
f 1669/4198/876 2053/4199/875 2052/2800/481 1667/2799/480
f 1932/3544/711 2315/4082/846 2317/4200/877 1933/4201/878
f 1933/4202/878 2317/4203/877 2316/3627/727 1931/3626/322
f 2043/2314/200 1658/2313/199 1660/4204/879 2044/4205/880
f 2044/4206/880 1660/4207/879 1659/3572/254 2042/3571/718
f 1632/3805/695 2015/3637/729 2017/4208/881 1633/4209/882
f 1633/4210/882 2017/4211/881 2016/2402/269 1631/2401/268
f 1824/3476/354 2207/3475/697 2209/4212/883 1825/4213/884
f 1825/4214/884 2209/4215/883 2208/3688/759 1823/2308/196
f 2001/3355/638 1616/3354/637 1618/4216/866 2002/4217/865
f 2002/4218/865 1618/4219/866 1617/3359/640 2000/3427/679
f 1611/3335/623 1994/3334/622 1996/4220/885 1612/4221/886
f 1612/4222/886 1996/4223/885 1995/3426/678 1610/3425/677
f 1635/2400/267 2018/2399/266 2020/4224/887 1636/4225/888
f 1636/4226/888 2020/4227/887 2019/3606/627 1634/3487/701
f 2226/2743/459 1841/2742/331 1843/4228/872 2227/4229/871
f 2227/4230/871 1843/4231/872 1842/2254/155 2225/3404/466
f 1983/2561/368 2366/2560/367 2368/4232/869 1984/4233/870
f 1984/4234/870 2368/4235/869 2367/3403/465 1982/3096/464
f 1812/2309/197 2195/3687/758 2197/4236/889 1813/4237/890
f 1813/4238/890 2197/4239/889 2196/2571/378 1811/2570/377
f 1641/3488/660 2024/3607/626 2026/4240/891 1642/4241/892
f 1642/4242/892 2026/4243/891 2025/2271/169 1640/2270/168
f 1914/2585/391 2297/2584/390 2299/4244/861 1915/4245/862
f 1915/4246/862 2299/4247/861 2298/3473/373 1913/2778/372
f 2040/3570/717 1655/3569/253 1657/4248/893 2041/4249/894
f 2041/4250/894 1657/4251/893 1656/2332/212 2039/3422/676
f 1662/3584/724 2045/3583/714 2047/4252/895 1663/4253/896
f 1663/4254/896 2047/4255/895 2046/3421/675 1661/3420/674
f 2181/2787/468 1796/2786/181 1798/4256/874 2182/4257/873
f 2182/4258/873 1798/4259/874 1797/3518/705 2180/3517/704
f 1677/2316/158 2060/2319/204 2062/4260/859 1678/4261/860
f 1678/4262/860 2062/4263/859 2061/4144/843 1676/4143/209
f 2277/3597/269 1892/3596/268 1894/4264/882 2278/4265/881
f 2278/4266/881 1894/4267/882 1893/3470/695 2276/3630/729
f 1851/3537/167 2234/3536/166 2236/4268/897 1852/4269/898
f 1852/4270/898 2236/4271/897 2235/3629/728 1850/3386/656
f 1908/2779/371 2291/3474/374 2293/4272/899 1909/4273/864
f 1909/4274/864 2293/4275/899 2292/2764/463 1907/2763/393
f 2229/3356/176 1844/3419/175 1846/4276/900 2230/4277/901
f 2230/4278/901 1846/4279/900 1845/2745/332 2228/2744/460
f 2154/3642/735 1769/3472/696 1771/4280/857 2155/4281/858
f 2155/4282/858 1771/4283/857 1770/4134/698 2153/4133/379
f 1605/2435/292 1607/2422/285 1609/4284/902 1606/4285/903
f 1606/4286/903 1609/4287/902 1608/3621/620 1604/3620/720
f 1629/2436/293 1605/2435/292 1606/4285/903 1630/4288/904
f 1630/4289/904 1606/4290/903 1604/4291/720 1628/2525/346
f 1634/3487/701 1629/2436/293 1630/4288/904 1636/4226/888
f 1636/4292/888 1630/4289/904 1628/2525/346 1635/2524/267
f 1650/2333/213 1656/2332/212 1657/4251/893 1651/4293/905
f 1651/4294/905 1657/4295/893 1655/2382/253 1649/2381/252
f 1647/2348/225 1650/2333/213 1651/4293/905 1648/4296/906
f 1648/4297/906 1651/4298/905 1649/3817/252 1646/2870/544
f 1671/2317/202 1647/2348/225 1648/4296/906 1672/4299/907
f 1672/4300/907 1648/4297/906 1646/2870/544 1670/2869/479
f 1692/3831/799 1697/3826/634 1699/4301/908 1693/4302/909
f 1693/4303/909 1699/4304/908 1698/2263/162 1691/2262/161
f 1689/2277/175 1692/3831/799 1693/4302/909 1690/4305/910
f 1690/4306/910 1693/4303/909 1691/2262/161 1688/3387/332
f 1719/3843/608 1712/2276/174 1714/4307/911 1720/4308/912
f 1720/4309/912 1714/4310/911 1713/3383/365 1718/2430/289
f 1734/3375/650 1724/3847/609 1726/4311/913 1735/4312/914
f 1735/4313/914 1726/4314/913 1725/2429/288 1733/2586/392
f 1743/3326/614 1730/3374/649 1732/4315/915 1744/4316/916
f 1744/4317/916 1732/4318/915 1731/2576/383 1742/2551/359
f 1749/3327/615 1743/3326/614 1744/4316/916 1750/4319/917
f 1750/4320/917 1744/4317/916 1742/2551/359 1748/2550/305
f 1758/2507/329 1763/3370/646 1765/4321/918 1759/4322/919
f 1759/4323/919 1765/4324/918 1764/3532/298 1757/3522/272
f 1620/2508/330 1758/2507/329 1759/4322/919 1621/4325/920
f 1621/4326/920 1759/4323/919 1757/3522/272 1619/3521/233
f 1614/2421/284 1620/2508/330 1621/4325/920 1615/4327/921
f 1615/4328/921 1621/4326/920 1619/3521/233 1613/3529/232
f 1755/3365/643 1749/3327/615 1750/4319/917 1756/4329/922
f 1756/4330/922 1750/4331/917 1748/2472/305 1754/2471/304
f 1724/3847/609 1719/3843/608 1720/4308/912 1726/4311/913
f 1726/4314/913 1720/4309/912 1718/2430/289 1725/2429/288
f 1697/3826/634 1703/3803/642 1705/4332/855 1699/4301/908
f 1699/4333/908 1705/4334/855 1704/2782/280 1698/2781/162
f 1769/3472/696 1775/3468/645 1777/4335/923 1771/4280/857
f 1771/4336/857 1777/4337/923 1776/2340/219 1770/3479/698
f 1775/3468/645 1682/3467/694 1684/4338/924 1777/4335/923
f 1777/4337/923 1684/4339/924 1683/2326/208 1776/2340/219
f 1682/3467/694 1677/2316/158 1678/4261/860 1684/4338/924
f 1684/4339/924 1678/4340/860 1676/2327/209 1683/2326/208
f 1661/3420/674 1781/3829/619 1783/4341/925 1663/4254/896
f 1663/4342/896 1783/4343/925 1782/2373/246 1662/3823/724
f 1788/3835/618 1641/3488/660 1642/4241/892 1789/4344/926
f 1789/4345/926 1642/4346/892 1640/3444/168 1787/2374/247
f 1781/3829/619 1788/3835/618 1789/4344/926 1783/4341/925
f 1783/4343/925 1789/4345/926 1787/2374/247 1782/2373/246
f 1602/3623/722 1611/3622/623 1612/4347/886 1603/4348/927
f 1603/4349/927 1612/4222/886 1610/3425/677 1601/3432/613
f 1626/4350/347 1602/3623/722 1603/4348/927 1627/4351/928
f 1627/4352/928 1603/4349/927 1601/3432/613 1625/3438/681
f 1631/2527/268 1626/2526/347 1627/4353/928 1633/4354/882
f 1633/4209/882 1627/4352/928 1625/3438/681 1632/3805/695
f 1653/2384/255 1659/2383/254 1660/4355/879 1654/4356/929
f 1654/4357/929 1660/4204/879 1658/2313/199 1652/3593/671
f 1644/2871/545 1653/3818/255 1654/4358/929 1645/4359/930
f 1645/4360/930 1654/4357/929 1652/3593/671 1643/3592/666
f 1667/2872/480 1644/2871/545 1645/4359/930 1669/4361/876
f 1669/4197/876 1645/4360/930 1643/3592/666 1668/2289/182
f 1695/2265/164 1700/2264/163 1702/4362/931 1696/4363/932
f 1696/4364/932 1702/4365/931 1701/2299/165 1694/2298/156
f 1685/3388/331 1695/2265/164 1696/4363/932 1687/4366/872
f 1687/4186/872 1696/4364/932 1694/2298/156 1686/2772/155
f 1716/2431/290 1710/3384/368 1711/4367/870 1717/4368/933
f 1717/4369/933 1711/4183/870 1709/2773/464 1715/3484/700
f 1736/2587/393 1721/2432/291 1723/4370/934 1738/4371/864
f 1738/4170/864 1723/4372/934 1722/3483/699 1737/2564/371
f 1740/2552/360 1728/2577/384 1729/4373/862 1741/4374/935
f 1741/4375/935 1729/4167/862 1727/2565/372 1739/4142/709
f 1746/2553/306 1740/2552/360 1741/4374/935 1747/4376/936
f 1747/4377/936 1741/4375/935 1739/4142/709 1745/3511/702
f 1761/3523/273 1767/3533/301 1768/4378/853 1762/4379/937
f 1762/4380/937 1768/4149/853 1766/2490/319 1760/3347/631
f 1623/3524/234 1761/3523/273 1762/4379/937 1624/4381/938
f 1624/4382/938 1762/4380/937 1760/3347/631 1622/3346/630
f 1616/3530/637 1623/3524/234 1624/4381/938 1618/4383/866
f 1618/4219/866 1624/4382/938 1622/3346/630 1617/3359/640
f 1752/2474/307 1746/2473/306 1747/4384/936 1753/4385/878
f 1753/4386/878 1747/4377/936 1745/3511/702 1751/2489/318
f 1721/2432/291 1716/2431/290 1717/4368/933 1723/4370/934
f 1723/4372/934 1717/4369/933 1715/3484/700 1722/3483/699
f 1700/2784/163 1706/2783/283 1708/4387/884 1702/4388/931
f 1702/4365/931 1708/4389/884 1707/2396/196 1701/2299/165
f 1773/3480/377 1778/2341/220 1780/4390/939 1774/4391/890
f 1774/4392/890 1780/4393/939 1779/3549/218 1772/2395/197
f 1778/2341/220 1679/2329/211 1681/4394/940 1780/4390/939
f 1780/4393/939 1681/4395/940 1680/3562/716 1779/3549/218
f 1679/2329/211 1674/2328/210 1675/4396/874 1681/4394/940
f 1681/4395/940 1675/4194/874 1673/2288/181 1680/3562/716
f 1665/3822/723 1784/2372/245 1786/4397/941 1666/4398/868
f 1666/4399/868 1786/4400/941 1785/3459/494 1664/2312/198
f 1791/2371/244 1637/3443/167 1639/4401/898 1792/4402/942
f 1792/4403/942 1639/4404/898 1638/3841/656 1790/3599/686
f 1784/2372/245 1791/2371/244 1792/4402/942 1786/4397/941
f 1786/4400/941 1792/4403/942 1790/3599/686 1785/3459/494
f 1878/3319/255 1871/3318/254 1873/4405/879 1879/4406/929
f 1879/4407/929 1873/4408/879 1872/3494/199 1877/4148/671
f 1899/3601/347 1967/3580/722 1969/4409/943 1900/4410/928
f 1900/4411/928 1969/4412/943 1968/3589/613 1898/3588/725
f 1821/3807/480 1883/3508/545 1885/4413/930 1822/4414/876
f 1822/4415/876 1885/4416/930 1884/3308/603 1820/2785/467
f 1892/3528/268 1899/3527/347 1900/4417/928 1894/4418/882
f 1894/4267/882 1900/4411/928 1898/3588/725 1893/3470/695
f 1967/3580/722 1961/3579/623 1963/4419/886 1969/4409/943
f 1969/4412/943 1963/4420/886 1962/3568/677 1968/3589/613
f 1883/3508/545 1878/3507/255 1879/4421/929 1885/4413/930
f 1885/4416/930 1879/4407/929 1877/4148/671 1884/3308/603
f 1854/2428/244 1851/3899/167 1852/4422/898 1855/4423/942
f 1855/4424/942 1852/4270/898 1850/3386/656 1853/2816/495
f 1806/2751/220 1799/3632/211 1801/4425/940 1807/4426/939
f 1807/4427/939 1801/4428/940 1800/3609/693 1805/2339/218
f 1907/3619/393 1904/3615/291 1906/4429/934 1909/4430/864
f 1909/4273/864 1906/4431/934 1905/2859/534 1908/2779/371
f 1799/3632/211 1797/3809/705 1798/4432/874 1801/4425/940
f 1801/4428/940 1798/4256/874 1796/2786/181 1800/3609/693
f 1904/3615/291 1976/3605/290 1978/4433/933 1906/4429/934
f 1906/4431/934 1978/4434/933 1977/2860/535 1905/2859/534
f 1811/2752/377 1806/2751/220 1807/4426/939 1813/4435/890
f 1813/4237/890 1807/4427/939 1805/2339/218 1812/2309/197
f 1920/2548/360 1914/3442/391 1915/4436/862 1921/4437/935
f 1921/4438/935 1915/4246/862 1913/2778/372 1919/3539/709
f 1976/3605/290 1983/3604/368 1984/4439/870 1978/4433/933
f 1978/4434/933 1984/4234/870 1982/3096/464 1977/2860/535
f 1926/2549/306 1920/2548/360 1921/4437/935 1927/4440/936
f 1927/4441/936 1921/4438/935 1919/3539/709 1925/3541/710
f 1830/2535/163 1824/2534/354 1825/4442/884 1831/4443/931
f 1831/4444/931 1825/4214/884 1823/2308/196 1829/2267/165
f 1841/2509/331 1835/2484/164 1837/4445/932 1843/4446/872
f 1843/4231/872 1837/4447/932 1836/2255/156 1842/2254/155
f 1931/2496/322 1926/2495/306 1927/4448/936 1933/4449/878
f 1933/4201/878 1927/4441/936 1925/3541/710 1932/3544/711
f 1835/2484/164 1830/2483/163 1831/4450/931 1837/4445/932
f 1837/4447/932 1831/4444/931 1829/2267/165 1836/2255/156
f 1944/2406/273 1938/3401/301 1939/4451/853 1945/4452/937
f 1945/4453/937 1939/4189/853 1937/3547/319 1943/3553/713
f 1860/2387/245 1854/2428/244 1855/4423/942 1861/4454/941
f 1861/4455/941 1855/4424/942 1853/2816/495 1859/2815/494
f 1950/2359/234 1944/2406/273 1945/4452/937 1951/4456/938
f 1951/4457/938 1945/4453/937 1943/3553/713 1949/3552/712
f 1865/2388/257 1860/2387/245 1861/4454/941 1867/4458/868
f 1867/4178/868 1861/4455/941 1859/2815/494 1866/3490/198
f 1955/2360/235 1950/2359/234 1951/4456/938 1957/4459/866
f 1957/4174/866 1951/4457/938 1949/3552/712 1956/3560/640
f 1803/3633/208 1808/2754/219 1810/4460/923 1804/4461/924
f 1804/4462/924 1810/4463/923 1809/3369/645 1802/3368/644
f 1793/3810/209 1803/3633/208 1804/4461/924 1795/4464/860
f 1795/4162/860 1804/4462/924 1802/3368/644 1794/2259/158
f 1808/2754/219 1815/2753/380 1816/4465/857 1810/4460/923
f 1810/4463/923 1816/4157/857 1814/3362/641 1809/3369/645
f 1826/2537/280 1832/2536/162 1834/4466/908 1828/4467/855
f 1828/4156/855 1834/4468/908 1833/3424/634 1827/3363/642
f 1832/2486/162 1838/2485/161 1840/4469/909 1834/4470/908
f 1834/4468/908 1840/4471/909 1839/3418/673 1833/3424/634
f 1857/2427/247 1862/2386/246 1864/4472/925 1858/4473/926
f 1858/4474/926 1864/4475/925 1863/3820/798 1856/3398/661
f 1862/2386/246 1868/2385/256 1870/4476/944 1864/4472/925
f 1864/4475/925 1870/4477/944 1869/3500/674 1863/3820/798
f 1875/3317/253 1880/3316/252 1882/4478/905 1876/4330/893
f 1876/4479/893 1882/4480/905 1881/3617/213 1874/3499/212
f 1887/3505/544 1817/3806/479 1819/4481/907 1888/4482/906
f 1888/4483/906 1819/4484/907 1818/2258/157 1886/2281/178
f 1880/3506/252 1887/3505/544 1888/4482/906 1882/4485/905
f 1882/4480/905 1888/4483/906 1886/2281/178 1881/3617/213
f 1848/3898/708 1857/2427/247 1858/4473/926 1849/4486/892
f 1849/4487/892 1858/4474/926 1856/3398/661 1847/3397/660
f 1917/3441/383 1922/2547/359 1924/4488/916 1918/4489/915
f 1918/4490/915 1924/4491/916 1923/3833/614 1916/3454/649
f 1922/2547/359 1928/2546/305 1930/4492/917 1924/4488/916
f 1924/4491/916 1930/4493/917 1929/3839/669 1923/3833/614
f 1928/2494/305 1934/2493/304 1936/4494/945 1930/4495/917
f 1930/4493/917 1936/4496/945 1935/3845/643 1929/3839/669
f 1941/3400/298 1946/2405/272 1948/4497/919 1942/4498/918
f 1942/4499/918 1948/4500/919 1947/3851/800 1940/3850/646
f 1946/2405/272 1952/2358/233 1954/4501/920 1948/4497/919
f 1948/4500/919 1954/4502/920 1953/3855/330 1947/3851/800
f 1952/2358/233 1958/2357/232 1960/4503/921 1954/4501/920
f 1954/4502/920 1960/4504/921 1959/3857/284 1953/3855/330
f 1971/4505/720 1895/3526/346 1897/4506/904 1972/4507/903
f 1972/4508/903 1897/4509/904 1896/3885/810 1970/3882/292
f 1895/3526/346 1889/3525/707 1891/4510/888 1897/4506/904
f 1897/4509/904 1891/4511/888 1890/3531/701 1896/3885/810
f 1965/3578/721 1971/3577/720 1972/4512/903 1966/4513/902
f 1966/4514/902 1972/4508/903 1970/3882/292 1964/3856/285
f 1902/3614/288 1910/3618/462 1912/4515/946 1903/4516/913
f 1903/4517/913 1912/4518/946 1911/3455/650 1901/3436/609
f 1974/3602/289 1902/3614/288 1903/4516/913 1975/4519/912
f 1975/4520/912 1903/4517/913 1901/3436/609 1973/3435/608
f 1980/3603/365 1974/3602/289 1975/4519/912 1981/4521/911
f 1981/4522/911 1975/4520/912 1973/3435/608 1979/3446/174
f 1838/2485/161 1845/2510/332 1846/4523/900 1840/4469/909
f 1840/4471/909 1846/4276/900 1844/3419/175 1839/3418/673
f 1989/3767/785 1991/3766/621 1993/4524/947 1990/4494/948
f 1990/4525/948 1993/4526/947 1992/2482/315 1988/3309/604
f 2013/3754/782 1989/3760/785 1990/4527/948 2014/4528/949
f 2014/4529/949 1990/4525/948 1988/3309/604 2012/3654/744
f 2018/3755/266 2013/3754/782 2014/4528/949 2020/4530/887
f 2020/4227/887 2014/4529/949 2012/3654/744 2019/3606/627
f 2034/4047/778 2040/4046/717 2041/4531/894 2035/4532/950
f 2035/4533/950 2041/4250/894 2039/3422/676 2033/4064/804
f 2031/3736/752 2034/3744/778 2035/4534/950 2032/4535/951
f 2032/4536/951 2035/4533/950 2033/4064/804 2030/4056/796
f 2055/3737/478 2031/3736/752 2032/4535/951 2056/4537/952
f 2056/4538/952 2032/4536/951 2030/4056/796 2054/2318/203
f 2076/4074/771 2081/4073/777 2083/4539/953 2077/4540/954
f 2077/4541/954 2083/4542/953 2082/3726/633 2075/3715/632
f 2073/3721/460 2076/3720/771 2077/4543/954 2074/4544/901
f 2074/4545/901 2077/4541/954 2075/3715/632 2072/2278/176
f 2103/3648/739 2096/3709/366 2098/4546/955 2104/4547/956
f 2104/4548/956 2098/4549/955 2097/2279/177 2102/3313/607
f 2118/3703/461 2108/3649/740 2110/4550/957 2119/4551/958
f 2119/4552/958 2110/4553/957 2109/3312/606 2117/3376/651
f 2127/3692/754 2114/3691/389 2116/4554/959 2128/4555/960
f 2128/4556/960 2116/4557/959 2115/3377/652 2126/3866/668
f 2133/3684/755 2127/3683/754 2128/4558/960 2134/4559/961
f 2134/4560/961 2128/4556/960 2126/3866/668 2132/3656/667
f 2142/4111/769 2147/4110/299 2149/4561/962 2143/4562/963
f 2143/4563/963 2149/4564/962 2148/3372/648 2141/3667/655
f 2004/3772/765 2142/4111/769 2143/4562/963 2005/4565/964
f 2005/4566/964 2143/4563/963 2141/3667/655 2003/3666/654
f 1998/3773/636 2004/3772/765 2005/4565/964 1999/4567/965
f 1999/4568/965 2005/4566/964 2003/3666/654 1997/2481/314
f 2139/4106/624 2133/3684/755 2134/4559/961 2140/4569/966
f 2140/4570/966 2134/4560/961 2132/3656/667 2138/3371/647
f 2108/3649/740 2103/3648/739 2104/4547/956 2110/4550/957
f 2110/4553/957 2104/4548/956 2102/3313/607 2109/3312/606
f 2081/4073/777 2087/4128/281 2089/4571/856 2083/4539/953
f 2083/4542/953 2089/4572/856 2088/3641/734 2082/3726/633
f 2153/3676/379 2159/3675/750 2161/4573/967 2155/4574/858
f 2155/4281/858 2161/4575/967 2160/3811/789 2154/3642/735
f 2159/3675/750 2066/4062/795 2068/4576/968 2161/4573/967
f 2161/4575/967 2068/4577/968 2067/3815/797 2160/3811/789
f 2066/4062/795 2061/4068/843 2062/4578/859 2068/4576/968
f 2068/4577/968 2062/4260/859 2060/2319/204 2067/3815/797
f 2045/3791/714 2165/3786/767 2167/4579/969 2047/4580/895
f 2047/4255/895 2167/4581/969 2166/4052/616 2046/3421/675
f 2172/3783/773 2025/3782/169 2026/4582/891 2173/4583/970
f 2173/4584/970 2026/4240/891 2024/3607/626 2171/4053/617
f 2165/3786/767 2172/3783/773 2173/4583/970 2167/4579/969
f 2167/4581/969 2173/4584/970 2171/4053/617 2166/4052/616
f 1986/3320/610 1995/3426/678 1996/4223/885 1987/4585/971
f 1987/4586/971 1996/4587/885 1994/3769/622 1985/3768/786
f 2010/3321/611 1986/3320/610 1987/4585/971 2011/4588/972
f 2011/4589/972 1987/4590/971 1985/3761/786 2009/3757/783
f 2015/3637/729 2010/3321/611 2011/4588/972 2017/4208/881
f 2017/4591/881 2011/4589/972 2009/3757/783 2016/3756/269
f 2037/3413/670 2043/2314/200 2044/4205/880 2038/4592/973
f 2038/4593/973 2044/4594/880 2042/4049/718 2036/4048/779
f 2028/3405/663 2037/3413/670 2038/4592/973 2029/4595/974
f 2029/4596/974 2038/4597/973 2036/3745/779 2027/3739/753
f 2051/3406/664 2028/3405/663 2029/4595/974 2053/4196/875
f 2053/4598/875 2029/4596/974 2027/3739/753 2052/3738/481
f 2079/3392/659 2084/3391/658 2086/4599/975 2080/4600/976
f 2080/4601/976 2086/4602/975 2085/4076/776 2078/4075/772
f 2069/2775/466 2079/3392/659 2080/4600/976 2071/4185/871
f 2071/4532/871 2080/4603/976 2078/3723/772 2070/3722/459
f 2100/4043/811 2094/2774/465 2095/4184/869 2101/4604/977
f 2101/4605/977 2095/4606/869 2093/3710/367 2099/3651/742
f 2120/2567/374 2105/4086/847 2107/4607/978 2122/4169/863
f 2122/4608/863 2107/4609/978 2106/3650/741 2121/3704/463
f 2124/3696/763 2112/2566/373 2113/4168/861 2125/4610/979
f 2125/4611/979 2113/4543/861 2111/3694/761 2123/3693/757
f 2130/3860/802 2124/3696/763 2125/4610/979 2131/4612/980
f 2131/4613/980 2125/4614/979 2123/3686/757 2129/3685/756
f 2145/3877/807 2151/2491/320 2152/4150/854 2146/4615/981
f 2146/4616/981 2152/4617/854 2150/4113/300 2144/4112/770
f 2007/3878/808 2145/3877/807 2146/4615/981 2008/4618/982
f 2008/4619/982 2146/4616/981 2144/4112/770 2006/3775/766
f 2000/3427/679 2007/3878/808 2008/4618/982 2002/4218/865
f 2002/4620/865 2008/4619/982 2006/3775/766 2001/3774/638
f 2136/2492/321 2130/3860/802 2131/4612/980 2137/4621/983
f 2137/4622/983 2131/4613/980 2129/3685/756 2135/4107/625
f 2105/4086/847 2100/4043/811 2101/4604/977 2107/4607/978
f 2107/4609/978 2101/4605/977 2099/3651/742 2106/3650/741
f 2084/3391/658 2090/2397/264 2092/4623/883 2086/4599/975
f 2086/4602/975 2092/4624/883 2091/4129/282 2085/4076/776
f 2157/2398/265 2162/3797/692 2164/4625/984 2158/4626/889
f 2158/4627/889 2164/4628/984 2163/3678/751 2156/3677/378
f 2162/3797/692 2063/3796/691 2065/4629/985 2164/4625/984
f 2164/4628/984 2065/4630/985 2064/4063/794 2163/3678/751
f 2063/3796/691 2058/4070/468 2059/4195/873 2065/4629/985
f 2065/4630/985 2059/4631/873 2057/4069/704 2064/4063/794
f 2049/2315/201 2168/3448/685 2170/4632/986 2050/4633/987
f 2050/4634/987 2170/4635/986 2169/3785/768 2048/3790/715
f 2175/3447/684 2021/3638/731 2023/4636/897 2176/4637/988
f 2176/4638/988 2023/4639/897 2022/3781/166 2174/3780/774
f 2168/3448/685 2175/3447/684 2176/4637/988 2170/4632/986
f 2170/4635/986 2176/4638/988 2174/3780/774 2169/3785/768
f 2262/3645/670 2255/3652/200 2257/4640/880 2263/4641/973
f 2263/4642/973 2257/4643/880 2256/4105/719 2261/4104/779
f 2283/3870/611 2351/3869/610 2353/4644/971 2284/4645/972
f 2284/4646/972 2353/4647/971 2352/4115/786 2282/4061/783
f 2205/2788/469 2267/3634/663 2269/4648/974 2206/4649/989
f 2206/4650/989 2269/4651/974 2268/3682/753 2204/3681/481
f 2276/3630/729 2283/3870/611 2284/4645/972 2278/4266/881
f 2278/4652/881 2284/4646/972 2282/4061/783 2277/4060/269
f 2351/3869/610 2345/4100/851 2347/4653/885 2353/4644/971
f 2353/4654/971 2347/4655/885 2346/4122/622 2352/4121/786
f 2267/3634/663 2262/3645/670 2263/4641/973 2269/4648/974
f 2269/4651/974 2263/4656/973 2261/4126/779 2268/3682/753
f 2238/3800/684 2235/3629/728 2236/4271/897 2239/4657/988
f 2239/4658/988 2236/4659/897 2234/4067/166 2237/3725/774
f 2190/3462/692 2183/3461/691 2185/4660/985 2191/4661/984
f 2191/4662/984 2185/4663/985 2184/3794/794 2189/3700/751
f 2291/3474/374 2288/4123/847 2290/4664/990 2293/4272/899
f 2293/4665/899 2290/4666/990 2289/3896/741 2292/3895/463
f 2183/3461/691 2181/2787/468 2182/4257/873 2185/4660/985
f 2185/4663/985 2182/4667/873 2180/4084/704 2184/3794/794
f 2288/4123/847 2360/3900/811 2362/4668/977 2290/4664/990
f 2290/4666/990 2362/4669/977 2361/4109/742 2289/3896/741
f 2195/3687/758 2190/3462/692 2191/4661/984 2197/4236/889
f 2197/4670/889 2191/4662/984 2189/3700/751 2196/3699/378
f 2304/4077/763 2298/3473/373 2299/4247/861 2305/4671/979
f 2305/4672/979 2299/4673/861 2297/3779/390 2303/3778/784
f 2360/3900/811 2367/3403/465 2368/4235/869 2362/4668/977
f 2362/4669/977 2368/4674/869 2366/4132/367 2361/4109/742
f 2310/4079/802 2304/4077/763 2305/4671/979 2311/4675/980
f 2311/4676/980 2305/4677/979 2303/3759/784 2309/3743/756
f 2214/3673/658 2208/3688/759 2209/4215/883 2215/4678/975
f 2215/4679/975 2209/4680/883 2207/3752/697 2213/3733/776
f 2225/3404/466 2219/3670/659 2221/4681/976 2227/4230/871
f 2227/4682/871 2221/4683/976 2220/3747/772 2226/3746/459
f 2315/4082/846 2310/4079/802 2311/4675/980 2317/4200/877
f 2317/4684/877 2311/4676/980 2309/3743/756 2316/3742/727
f 2219/3670/659 2214/3673/658 2215/4678/975 2221/4681/976
f 2221/4685/976 2215/4679/975 2213/3733/776 2220/3732/772
f 2328/4092/849 2322/4088/848 2323/4190/854 2329/4686/981
f 2329/4687/981 2323/4688/854 2321/3729/300 2327/3719/770
f 2244/3664/685 2238/3800/684 2239/4657/988 2245/4689/986
f 2245/4690/986 2239/4658/988 2237/3725/774 2243/3714/768
f 2334/4093/808 2328/4092/849 2329/4686/981 2335/4691/982
f 2335/4692/982 2329/4687/981 2327/3719/770 2333/3708/766
f 2249/3659/201 2244/3664/685 2245/4689/986 2251/4177/867
f 2251/4693/867 2245/4690/986 2243/3714/768 2250/3713/715
f 2339/4097/850 2334/4093/808 2335/4691/982 2341/4173/865
f 2341/4694/865 2335/4692/982 2333/3708/766 2340/3707/638
f 2187/4050/797 2192/3787/789 2194/4695/967 2188/4696/968
f 2188/4697/968 2194/4698/967 2193/3701/750 2186/3795/795
f 2177/2321/204 2187/4050/797 2188/4696/968 2179/4161/859
f 2179/4699/859 2188/4697/968 2186/3795/795 2178/4085/706
f 2192/3787/789 2199/3439/682 2200/4158/858 2194/4695/967
f 2194/4698/967 2200/4700/858 2198/3702/379 2193/3701/750
f 2210/3440/683 2216/3349/633 2218/4701/953 2212/4155/856
f 2212/4702/856 2218/4703/953 2217/3734/777 2211/3753/281
f 2216/3349/633 2222/3348/632 2224/4704/954 2218/4701/953
f 2218/4703/953 2224/4705/954 2223/3735/771 2217/3734/777
f 2241/3329/617 2246/3328/616 2248/4706/991 2242/4707/970
f 2242/4708/970 2248/4709/991 2247/3711/767 2240/3724/773
f 2246/3328/616 2252/3501/675 2254/4710/895 2248/4706/991
f 2248/4709/991 2254/4711/895 2253/3712/714 2247/3711/767
f 2259/3502/676 2264/3864/804 2266/4712/950 2260/4713/894
f 2260/4714/894 2266/4715/950 2265/4103/778 2258/4102/717
f 2271/3813/796 2201/2320/203 2203/4716/952 2272/4717/951
f 2272/4718/951 2203/4719/952 2202/3680/703 2270/3679/752
f 2264/3864/804 2271/3813/796 2272/4717/951 2266/4712/950
f 2266/4720/950 2272/4718/951 2270/3679/752 2265/4125/778
f 2232/3340/626 2241/3329/617 2242/4707/970 2233/4721/891
f 2233/4722/891 2242/4708/970 2240/3724/773 2231/4066/169
f 2301/3428/652 2306/3410/668 2308/4723/960 2302/4724/959
f 2302/4725/959 2308/4726/960 2307/3777/754 2300/3776/389
f 2306/3410/668 2312/3409/667 2314/4727/961 2308/4723/960
f 2308/4728/960 2314/4729/961 2313/3740/755 2307/3758/754
f 2312/3409/667 2318/3897/647 2320/4730/966 2314/4727/961
f 2314/4729/961 2320/4731/966 2319/3741/624 2313/3740/755
f 2325/3389/648 2330/3380/655 2332/4732/963 2326/4733/962
f 2326/4734/962 2332/4735/963 2331/3718/769 2324/3728/299
f 2330/3380/655 2336/3379/654 2338/4736/992 2332/4732/963
f 2332/4735/963 2338/4737/992 2337/3705/765 2331/3718/769
f 2336/3379/654 2342/3858/314 2344/4738/965 2338/4736/992
f 2338/4737/992 2344/4739/965 2343/3706/636 2337/3705/765
f 2355/3873/604 2279/4117/744 2281/4740/949 2356/4741/948
f 2356/4742/948 2281/4743/949 2280/4058/782 2354/4114/785
f 2279/4117/744 2273/3341/627 2275/4744/993 2281/4740/949
f 2281/4743/949 2275/4745/993 2274/4059/266 2280/4058/782
f 2349/3859/801 2355/3873/604 2356/4741/948 2350/4746/947
f 2350/4747/947 2356/4748/948 2354/4120/785 2348/4119/726
f 2286/3889/606 2294/3456/690 2296/4749/958 2287/4750/957
f 2287/4751/957 2296/4752/958 2295/3894/461 2285/3893/740
f 2358/3890/607 2286/3889/606 2287/4750/957 2359/4753/956
f 2359/4754/956 2287/4751/957 2285/3893/740 2357/4108/739
f 2364/3628/177 2358/3890/607 2359/4753/956 2365/4755/955
f 2365/4756/955 2359/4754/956 2357/4108/739 2363/4131/366
f 2222/3348/632 2229/3356/176 2230/4277/901 2224/4704/954
f 2224/4757/954 2230/4758/901 2228/3749/460 2223/3748/771
f 2135/3339/625 1752/3338/307 1753/4759/878 2137/4760/983
f 2137/4621/983 1753/4386/878 1751/2489/318 2136/2492/321
f 1613/3353/232 1998/3352/636 1999/4761/965 1615/4762/921
f 1615/4327/921 1999/4568/965 1997/2481/314 1614/2421/284
f 1991/3333/621 1608/3332/620 1609/4763/902 1993/4232/947
f 1993/4526/947 1609/4284/902 1607/2422/285 1992/2482/315
f 2252/3501/675 1869/3500/674 1870/4477/944 2254/4710/895
f 2254/4764/895 1870/4765/944 1868/3556/256 2253/3555/714
f 2258/3574/717 1875/3573/253 1876/4766/893 2260/4767/894
f 2260/4713/894 1876/4479/893 1874/3499/212 2259/3502/676
f 2090/2397/264 1707/2396/196 1708/4389/884 2092/4623/883
f 2092/4768/883 1708/4769/884 1706/2418/283 2091/2417/282
f 2201/2320/203 1818/2258/157 1819/4484/907 2203/4716/952
f 2203/4770/952 1819/4771/907 1817/3513/479 2202/3512/703
f 2156/4136/378 1773/4135/377 1774/4263/890 2158/4262/889
f 2158/4626/889 1774/4392/890 1772/2395/197 2157/2398/265
f 2054/2318/203 1671/2317/202 1672/4299/907 2056/4538/952
f 2056/4334/952 1672/4772/907 1670/2798/479 2055/2797/478
f 1847/3397/660 2232/3340/626 2233/4721/891 1849/4487/892
f 1849/4773/892 2233/4774/891 2231/3535/169 1848/3534/708
f 1889/3595/707 2274/3594/266 2275/4775/993 1891/4776/888
f 1891/4511/888 2275/4744/993 2273/3341/627 1890/3531/701
f 2048/3582/715 1665/3581/723 1666/4777/868 2050/4778/987
f 2050/4633/987 1666/4399/868 1664/2312/198 2049/2315/201
f 1910/2762/462 2295/2761/461 2296/4779/958 1912/4780/946
f 1912/4518/946 2296/4749/958 2294/3456/690 1911/3455/650
f 2300/2583/389 1917/2582/383 1918/4781/915 2302/4782/959
f 2302/4724/959 1918/4490/915 1916/3454/649 2301/3428/652
f 2072/2278/176 1689/2277/175 1690/4305/910 2074/4545/901
f 2074/4783/901 1690/4784/910 1688/2757/332 2073/2756/460
f 2021/3638/731 1638/3841/656 1639/4404/898 2023/4636/897
f 2023/4785/897 1639/4786/898 1637/2269/167 2022/2268/166
f 2096/2747/366 1713/2746/365 1714/4217/911 2098/4787/955
f 2098/4549/955 1714/4307/911 1712/2276/174 2097/2279/177
f 2318/3897/647 1935/3845/643 1936/4496/945 2320/4730/966
f 2320/4788/966 1936/4789/945 1934/3625/304 2319/3624/624
f 2117/3376/651 1734/3375/650 1735/4312/914 2119/4552/958
f 2119/4790/958 1735/4791/914 1733/3496/392 2118/3495/461
f 1940/3850/646 2325/3389/648 2326/4733/962 1942/4499/918
f 1942/4792/918 2326/4159/962 2324/2466/299 1941/2465/298
f 1871/3576/254 2256/3575/719 2257/4793/880 1873/4794/879
f 1873/4408/879 2257/4640/880 2255/3652/200 1872/3494/199
f 2114/4138/389 1731/4137/383 1732/4795/915 2116/4796/959
f 2116/4557/959 1732/4315/915 1730/3374/649 2115/3377/652
f 1961/3613/623 2346/3612/622 2347/4797/885 1963/4798/886
f 1963/4420/886 2347/4653/885 2345/4100/851 1962/3568/677
f 2342/3858/314 1959/3857/284 1960/4504/921 2344/4738/965
f 2344/4799/965 1960/4160/921 1958/3564/232 2343/3563/636
f 2348/3611/726 1965/3610/721 1966/4800/902 2350/4801/947
f 2350/4746/947 1966/4514/902 1964/3856/285 2349/3859/801
f 1763/3370/646 2148/3372/648 2149/4564/962 1765/4321/918
f 1765/4802/918 2149/4282/962 2147/2541/299 1764/2540/298
f 1820/2785/467 2205/2788/469 2206/4649/989 1822/4415/876
f 1822/4803/876 2206/4804/989 2204/3515/481 1821/3514/480
f 1754/3337/304 2139/3336/624 2140/4796/966 1756/4153/922
f 1756/4329/922 2140/4570/966 2138/3371/647 1755/3365/643
f 1703/3803/642 2088/3641/734 2089/4572/856 1705/4332/855
f 1705/4805/855 2089/4806/856 2087/2416/281 1704/2415/280
f 2363/2559/366 1980/2558/365 1981/4807/911 2365/4808/955
f 2365/4755/955 1981/4522/911 1979/3446/174 2364/3628/177
f 2376/3310/605 2381/3647/738 2383/4809/994 2377/4810/995
f 2377/4811/995 2383/4812/994 2382/4005/840 2375/3763/787
f 2373/3311/292 2376/3310/605 2377/4810/995 2374/4813/903
f 2374/4814/903 2377/4811/995 2375/3763/787 2372/3762/720
f 2397/3655/293 2373/3311/292 2374/4813/903 2398/4815/904
f 2398/4816/904 2374/4817/903 2372/4818/720 2396/3956/346
f 2403/4090/628 2397/3655/293 2398/4815/904 2404/4819/996
f 2404/4820/996 2398/4816/904 2396/3956/346 2402/3955/835
f 2418/4065/213 2423/3751/781 2425/4821/997 2419/4822/905
f 2419/4823/905 2425/4824/997 2424/3990/841 2417/3989/252
f 2415/4057/225 2418/4065/213 2419/4822/905 2416/4825/906
f 2416/4826/906 2419/4827/905 2417/3912/252 2414/3911/544
f 2439/3730/687 2415/4057/225 2416/4825/906 2440/4828/998
f 2440/4829/998 2416/4826/906 2414/3911/544 2438/3916/817
f 2445/3731/775 2439/3730/687 2440/4828/998 2446/4830/999
f 2446/4831/999 2440/4829/998 2438/3916/817 2444/3915/816
f 2460/3716/673 2465/3727/634 2467/4832/908 2461/4833/909
f 2461/4834/909 2467/4835/908 2466/3979/162 2459/3928/161
f 2457/3717/639 2460/3716/673 2461/4833/909 2458/4836/1000
f 2458/4837/1000 2461/4834/909 2459/3928/161 2456/3927/821
f 2481/3378/653 2457/3717/639 2458/4836/1000 2482/4838/1001
f 2482/4839/1001 2458/4837/1000 2456/3927/821 2480/3932/823
f 2487/3314/608 2481/3378/653 2482/4838/1001 2488/4840/912
f 2488/4841/912 2482/4839/1001 2480/3932/823 2486/3931/289
f 2502/3887/791 2492/3315/609 2494/4842/913 2503/4843/1002
f 2503/4844/1002 2494/4845/913 2493/3940/288 2501/3939/829
f 2499/3888/680 2502/3887/791 2503/4843/1002 2500/4846/1003
f 2500/4847/1003 2503/4844/1002 2501/3939/829 2498/3969/837
f 2511/3867/614 2499/3888/680 2500/4846/1003 2512/4848/916
f 2512/4849/916 2500/4847/1003 2498/3969/837 2510/3962/359
f 2517/3657/615 2511/3867/614 2512/4848/916 2518/4850/917
f 2518/4851/917 2512/4849/916 2510/3962/359 2516/3961/305
f 2526/3668/329 2531/3663/657 2533/4852/1004 2527/4853/919
f 2527/4854/919 2533/4855/1004 2532/3943/831 2525/3947/272
f 2388/3669/748 2526/3668/329 2527/4853/919 2389/4856/920
f 2389/4857/920 2527/4854/919 2525/3947/272 2387/3949/233
f 2381/3647/738 2388/3669/748 2389/4856/920 2383/4809/994
f 2383/4812/994 2389/4857/920 2387/3949/233 2382/4005/840
f 2531/3663/657 2522/3658/745 2524/4858/1005 2533/4852/1004
f 2533/4855/1004 2524/4859/1005 2523/3944/832 2532/3943/831
f 2522/3658/745 2517/3657/615 2518/4850/917 2524/4858/1005
f 2524/4859/1005 2518/4860/917 2516/3959/305 2523/3944/832
f 2492/3315/609 2487/3314/608 2488/4840/912 2494/4842/913
f 2494/4845/913 2488/4841/912 2486/3931/289 2493/3940/288
f 2465/3727/634 2471/3644/737 2473/4861/1006 2467/4832/908
f 2467/4862/908 2473/4863/1006 2472/3935/825 2466/4041/162
f 2471/3644/737 2537/3643/736 2539/4864/1007 2473/4861/1006
f 2473/4863/1006 2539/4865/1007 2538/3936/826 2472/3935/825
f 2537/3643/736 2543/3812/645 2545/4866/923 2539/4864/1007
f 2539/4865/1007 2545/4867/923 2544/3923/219 2538/3936/826
f 2543/3812/645 2450/3816/644 2452/4868/924 2545/4866/923
f 2545/4867/923 2452/4869/924 2451/3924/208 2544/3923/219
f 2450/3816/644 2445/3731/775 2446/4830/999 2452/4868/924
f 2452/4869/924 2446/4831/999 2444/3915/816 2451/3924/208
f 2423/3751/781 2429/3750/780 2431/4870/1008 2425/4821/997
f 2425/4824/997 2431/4871/1008 2430/3919/819 2424/3990/841
f 2429/3750/780 2549/4055/619 2551/4872/925 2431/4870/1008
f 2431/4871/1008 2551/4873/925 2550/3920/246 2430/3919/819
f 2556/4054/618 2408/4081/629 2410/4874/1009 2557/4875/926
f 2557/4876/926 2410/4877/1009 2409/3904/813 2555/3903/247
f 2549/4055/619 2556/4054/618 2557/4875/926 2551/4872/925
f 2551/4873/925 2557/4876/926 2555/3903/247 2550/3920/246
f 2408/4081/629 2403/4090/628 2404/4819/996 2410/4874/1009
f 2410/4877/1009 2404/4820/996 2402/3955/835 2409/3904/813
f 2379/3764/788 2384/4006/839 2386/4878/1010 2380/4879/1011
f 2380/4880/1011 2386/4881/1010 2385/3662/747 2378/3661/746
f 2370/3765/722 2379/3764/788 2380/4879/1011 2371/4882/927
f 2371/4883/927 2380/4880/1011 2378/3661/746 2369/3323/613
f 2394/4008/347 2370/3765/722 2371/4882/927 2395/4884/928
f 2395/4885/928 2371/4883/927 2369/3323/613 2393/3322/612
f 2400/3958/836 2394/3957/347 2395/4886/928 2401/4887/1012
f 2401/4888/1012 2395/4885/928 2393/3322/612 2399/3640/733
f 2421/3992/255 2426/3991/842 2428/4889/1013 2422/4890/929
f 2422/4891/929 2428/4892/1013 2427/3415/672 2420/3414/671
f 2412/3914/545 2421/3913/255 2422/4893/929 2413/4894/930
f 2413/4895/930 2422/4891/929 2420/3414/671 2411/3408/666
f 2436/3917/818 2412/3914/545 2413/4894/930 2437/4896/1014
f 2437/4897/1014 2413/4895/930 2411/3408/666 2435/3407/665
f 2442/3918/815 2436/3917/818 2437/4896/1014 2443/4898/1015
f 2443/4899/1015 2437/4897/1014 2435/3407/665 2441/4071/844
f 2463/3929/164 2468/3980/163 2470/4900/931 2464/4901/1016
f 2464/4902/1016 2470/4903/931 2469/3394/165 2462/3393/156
f 2454/3930/822 2463/3929/164 2464/4901/1016 2455/4904/1017
f 2455/4905/1017 2464/4902/1016 2462/3393/156 2453/3802/749
f 2478/3933/824 2454/3930/822 2455/4904/1017 2479/4906/1018
f 2479/4907/1018 2455/4905/1017 2453/3802/749 2477/4045/812
f 2484/3934/290 2478/3933/824 2479/4906/1018 2485/4908/933
f 2485/4909/933 2479/4907/1018 2477/4045/812 2483/4044/700
f 2505/3942/830 2489/3941/291 2491/4910/934 2506/4911/1019
f 2506/4912/1019 2491/4913/934 2490/4087/699 2504/4091/793
f 2496/3970/838 2505/3942/830 2506/4911/1019 2497/4914/1020
f 2497/4915/1020 2506/4912/1019 2504/4091/793 2495/3698/764
f 2508/3963/360 2496/3970/838 2497/4914/1020 2509/4916/935
f 2509/4917/935 2497/4915/1020 2495/3698/764 2507/3697/709
f 2514/3964/306 2508/3963/360 2509/4916/935 2515/4918/936
f 2515/4919/936 2509/4917/935 2507/3697/709 2513/3862/702
f 2529/3948/273 2534/3946/834 2536/4920/1021 2530/4921/937
f 2530/4922/937 2536/4923/1021 2535/3883/809 2528/3880/631
f 2391/3950/234 2529/3948/273 2530/4921/937 2392/4924/938
f 2392/4925/938 2530/4922/937 2528/3880/631 2390/3879/630
f 2384/4006/839 2391/3950/234 2392/4924/938 2386/4878/1010
f 2386/4881/1010 2392/4925/938 2390/3879/630 2385/3662/747
f 2534/3946/834 2519/3945/833 2521/4926/1022 2536/4920/1021
f 2536/4923/1021 2521/4927/1022 2520/3861/803 2535/3883/809
f 2519/3945/833 2514/3960/306 2515/4928/936 2521/4926/1022
f 2521/4927/1022 2515/4919/936 2513/3862/702 2520/3861/803
f 2489/3941/291 2484/3934/290 2485/4908/933 2491/4910/934
f 2491/4913/934 2485/4909/933 2483/4044/700 2490/4087/699
f 2468/4042/163 2474/3938/828 2476/4929/1023 2470/4930/931
f 2470/4903/931 2476/4931/1023 2475/3399/662 2469/3394/165
f 2474/3938/828 2540/3937/827 2542/4932/1024 2476/4929/1023
f 2476/4931/1023 2542/4933/1024 2541/4130/760 2475/3399/662
f 2540/3937/827 2546/3926/220 2548/4934/939 2542/4932/1024
f 2542/4933/1024 2548/4935/939 2547/3798/218 2541/4130/760
f 2546/3926/220 2447/3925/211 2449/4936/940 2548/4934/939
f 2548/4935/939 2449/4937/940 2448/3799/693 2547/3798/218
f 2447/3925/211 2442/3918/815 2443/4898/1015 2449/4936/940
f 2449/4937/940 2443/4899/1015 2441/4071/844 2448/3799/693
f 2426/3991/842 2432/3922/820 2434/4938/1025 2428/4889/1013
f 2428/4892/1013 2434/4939/1025 2433/3453/689 2427/3415/672
f 2432/3922/820 2552/3921/245 2554/4940/941 2434/4938/1025
f 2434/4939/1025 2554/4941/941 2553/3449/494 2433/3453/689
f 2559/3906/244 2405/3905/814 2407/4942/1026 2560/4943/942
f 2560/4944/942 2407/4945/1026 2406/3639/732 2558/3450/686
f 2552/3921/245 2559/3906/244 2560/4943/942 2554/4940/941
f 2554/4941/941 2560/4944/942 2558/3450/686 2553/3449/494
f 2405/3905/814 2400/3958/836 2401/4887/1012 2407/4942/1026
f 2407/4945/1026 2401/4888/1012 2399/3640/733 2406/3639/732
f 2640/4022/842 2633/4021/820 2635/4946/1025 2641/4947/1027
f 2641/4948/1027 2635/4949/1025 2634/3660/689 2639/3653/743
f 2730/3982/788 2723/3981/839 2725/4950/1010 2731/4951/1011
f 2731/4952/1011 2725/4953/1010 2724/4098/747 2729/4101/852
f 2646/4039/255 2640/4022/842 2641/4947/1027 2647/4954/1028
f 2647/4955/1028 2641/4948/1027 2639/3653/743 2645/3646/671
f 2667/3972/347 2735/3971/722 2737/4956/943 2668/4957/1029
f 2668/4958/1029 2737/4959/943 2736/3872/613 2666/3871/805
f 2589/4031/818 2651/4018/545 2653/4960/930 2590/4961/1014
f 2590/4962/1014 2653/4963/930 2652/3636/730 2588/3635/665
f 2661/4010/836 2667/4009/347 2668/4964/1029 2662/4965/1012
f 2662/4966/1012 2668/4958/1029 2666/3871/805 2660/4116/733
f 2565/3907/815 2589/4031/818 2590/4961/1014 2566/4967/1015
f 2566/4968/1015 2590/4962/1014 2588/3635/665 2564/3695/762
f 2735/3971/722 2730/3982/788 2731/4951/1011 2737/4956/943
f 2737/4959/943 2731/4952/1011 2729/4101/852 2736/3872/613
f 2651/4018/545 2646/4017/255 2647/4969/1028 2653/4960/930
f 2653/4963/930 2647/4955/1028 2645/3646/671 2652/3636/730
f 2706/3994/834 2699/3993/833 2701/4970/1022 2707/4971/1021
f 2707/4972/1021 2701/4973/1022 2700/4083/803 2705/4089/809
f 2622/3952/244 2618/3951/814 2620/4974/1026 2623/4975/942
f 2623/4976/942 2620/4977/1026 2619/4072/732 2621/3801/686
f 2574/4013/220 2567/3908/211 2569/4978/940 2575/4979/939
f 2575/4980/939 2569/4981/940 2568/3464/693 2573/3463/218
f 2676/3975/830 2672/4003/291 2674/4982/934 2677/4983/1019
f 2677/4984/1019 2674/4985/934 2673/4124/534 2675/3793/793
f 2618/3951/814 2661/4010/836 2662/4965/1012 2620/4974/1026
f 2620/4977/1026 2662/4966/1012 2660/4116/733 2619/4072/732
f 2567/3908/211 2565/3907/815 2566/4967/1015 2569/4978/940
f 2569/4981/940 2566/4968/1015 2564/3695/762 2568/3464/693
f 2672/4003/291 2744/3966/290 2746/4986/933 2674/4982/934
f 2674/4985/934 2746/4987/933 2745/3901/700 2673/4124/534
f 2682/3976/838 2676/3975/830 2677/4983/1019 2683/4988/1030
f 2683/4989/1030 2677/4984/1019 2675/3793/793 2681/3792/792
f 2580/4033/827 2574/4013/220 2575/4979/939 2581/4990/1024
f 2581/4991/1024 2575/4980/939 2573/3463/218 2579/3690/760
f 2751/3965/824 2609/4026/822 2611/4992/1017 2752/4993/1018
f 2752/4994/1018 2611/4995/1017 2610/3671/749 2750/3902/812
f 2688/3999/360 2682/3976/838 2683/4988/1030 2689/4996/935
f 2689/4997/935 2683/4989/1030 2681/3792/792 2687/4078/709
f 2592/4034/828 2580/4033/827 2581/4990/1024 2593/4998/1023
f 2593/4999/1023 2581/4991/1024 2579/3690/760 2591/3689/662
f 2744/3966/290 2751/3965/824 2752/4993/1018 2746/4986/933
f 2746/4987/933 2752/4994/1018 2750/3902/812 2745/3901/700
f 2694/3997/306 2688/5000/360 2689/5001/935 2695/5002/936
f 2695/5003/936 2689/4997/935 2687/4078/709 2693/4080/845
f 2598/4037/163 2592/4034/828 2593/4998/1023 2599/5004/931
f 2599/5005/931 2593/4999/1023 2591/3689/662 2597/3674/165
f 2609/4026/822 2603/4025/164 2605/5006/1016 2611/4992/1017
f 2611/4995/1017 2605/5007/1016 2604/3672/156 2610/3671/749
f 2699/3993/833 2694/3997/306 2695/5002/936 2701/4970/1022
f 2701/4973/1022 2695/5003/936 2693/4080/845 2700/4083/803
f 2603/4025/164 2598/4029/163 2599/5008/931 2605/5006/1016
f 2605/5007/1016 2599/5005/931 2597/3674/165 2604/3672/156
f 2712/3987/273 2706/3994/834 2707/4971/1021 2713/5009/937
f 2713/5010/937 2707/4972/1021 2705/4089/809 2711/4095/713
f 2628/4015/245 2622/3952/244 2623/4975/942 2629/5011/941
f 2629/5012/941 2623/4976/942 2621/3801/686 2627/3665/494
f 2718/3985/234 2712/3987/273 2713/5009/937 2719/5013/938
f 2719/5014/938 2713/5010/937 2711/4095/713 2717/4094/712
f 2633/4021/820 2628/4015/245 2629/5011/941 2635/4946/1025
f 2635/4949/1025 2629/5012/941 2627/3665/494 2634/3660/689
f 2723/3981/839 2718/3985/234 2719/5013/938 2725/4950/1010
f 2725/4953/1010 2719/5014/938 2717/4094/712 2724/4098/747
f 2571/3909/208 2576/4014/219 2578/5015/923 2572/5016/924
f 2572/5017/924 2578/5018/923 2577/3788/790 2570/4051/644
f 2562/3910/816 2571/3909/208 2572/5016/924 2563/5019/999
f 2563/5020/999 2572/5017/924 2570/4051/644 2561/3452/688
f 2576/4014/219 2582/4036/826 2584/5021/1007 2578/5015/923
f 2578/5018/923 2584/5022/1007 2583/3770/736 2577/3788/790
f 2582/4036/826 2594/4035/825 2596/5023/1031 2584/5021/1007
f 2584/5022/1007 2596/5024/1031 2595/3771/737 2583/3770/736
f 2594/4035/825 2600/4038/162 2602/5025/1032 2596/5023/1031
f 2596/5024/1031 2602/5026/1032 2601/3350/634 2595/3771/737
f 2600/4030/162 2606/4028/161 2608/5027/909 2602/5028/1032
f 2602/5026/1032 2608/5029/909 2607/3351/635 2601/3350/634
f 2625/3953/247 2630/4016/246 2632/5030/925 2626/5031/926
f 2626/5032/926 2632/5033/925 2631/3331/619 2624/3330/618
f 2630/4016/246 2636/4024/819 2638/5034/1008 2632/5030/925
f 2632/5033/925 2638/5035/1008 2637/4096/780 2631/3331/619
f 2636/4024/819 2642/4023/841 2644/5036/1033 2638/5034/1008
f 2638/5035/1008 2644/5037/1033 2643/3876/806 2637/4096/780
f 2642/4023/841 2648/4040/252 2650/5038/1034 2644/5036/1033
f 2644/5037/1033 2650/5039/1034 2649/3865/213 2643/3876/806
f 2655/4019/544 2585/4032/817 2587/5040/998 2656/5041/906
f 2656/5042/906 2587/5043/998 2586/3451/687 2654/3814/225
f 2585/4032/817 2562/3910/816 2563/5019/999 2587/5040/998
f 2587/5043/998 2563/5020/999 2561/3452/688 2586/3451/687
f 2648/4020/252 2655/4019/544 2656/5041/906 2650/5044/1034
f 2650/5039/1034 2656/5042/906 2654/3814/225 2649/3865/213
f 2616/3954/813 2625/3953/247 2626/5031/926 2617/5045/1009
f 2617/5046/1009 2626/5032/926 2624/3330/618 2615/3343/629
f 2658/4011/835 2616/3954/813 2617/5045/1009 2659/5047/996
f 2659/5048/996 2617/5046/1009 2615/3343/629 2657/3342/628
f 2679/3978/829 2684/3977/837 2686/5049/1035 2680/5050/1002
f 2680/5051/1002 2686/5052/1035 2685/3429/680 2678/3789/791
f 2684/3977/837 2690/4002/359 2692/5053/916 2686/5049/1035
f 2686/5052/1035 2692/5054/916 2691/3411/614 2685/3429/680
f 2690/4002/359 2696/4001/305 2698/5055/1036 2692/5053/916
f 2692/5054/916 2698/5056/1036 2697/3412/669 2691/3411/614
f 2696/3998/305 2702/3996/832 2704/5057/1005 2698/5058/1036
f 2698/5056/1036 2704/5059/1005 2703/4127/745 2697/3412/669
f 2709/3995/831 2714/3988/272 2716/5060/919 2710/5061/1004
f 2710/5062/1004 2716/5063/919 2715/3381/329 2708/3390/657
f 2714/3988/272 2720/3986/233 2722/5064/920 2716/5060/919
f 2716/5063/919 2722/5065/920 2721/3382/330 2715/3381/329
f 2720/3986/233 2726/3984/840 2728/5066/994 2722/5064/920
f 2722/5065/920 2728/5067/994 2727/4099/738 2721/3382/330
f 2726/3984/840 2732/3983/787 2734/5068/995 2728/5066/994
f 2728/5067/994 2734/5069/995 2733/3874/605 2727/4099/738
f 2739/5070/720 2663/4012/346 2665/5071/1037 2740/5072/1038
f 2740/5073/1038 2665/5074/1037 2664/4118/810 2738/3875/292
f 2663/4012/346 2658/4011/835 2659/5047/996 2665/5071/1037
f 2665/5074/1037 2659/5048/996 2657/3342/628 2664/4118/810
f 2732/3983/787 2739/3974/720 2740/5075/1038 2734/5068/995
f 2734/5069/995 2740/5073/1038 2738/3875/292 2733/3874/605
f 2702/3996/832 2709/3995/831 2710/5061/1004 2704/5057/1005
f 2704/5059/1005 2710/5062/1004 2708/3390/657 2703/4127/745
f 2670/4004/288 2679/3978/829 2680/5050/1002 2671/5076/913
f 2671/5077/913 2680/5051/1002 2678/3789/791 2669/3892/609
f 2742/3967/289 2670/4004/288 2671/5076/913 2743/5078/912
f 2743/5079/912 2671/5077/913 2669/3892/609 2741/3891/608
f 2613/4027/821 2747/3968/823 2749/5080/1001 2614/5081/1000
f 2614/5082/1000 2749/5083/1001 2748/3784/653 2612/3357/639
f 2747/3968/823 2742/3967/289 2743/5078/912 2749/5080/1001
f 2749/5083/1001 2743/5079/912 2741/3891/608 2748/3784/653
f 2606/4028/161 2613/4027/821 2614/5081/1000 2608/5027/909
f 2608/5029/909 2614/5082/1000 2612/3357/639 2607/3351/635
f 1628/5084/346 1604/3620/720 1602/3623/722 1626/4350/347
f 2820/2520/342 2863/2519/341 2864/5193/532 2819/5194/520
f 2856/5195/1043 2847/5196/1042 2848/2613/411 2855/2790/471
f 2878/5197/1058 2817/5198/1048 2818/5093/1044 2877/2794/475
f 2822/2842/519 2853/2841/518 2854/5199/600 2821/5200/550
f 2817/5198/1048 2875/5201/1047 2876/2829/508 2818/5093/1044
f 2840/2854/531 2851/2853/530 2852/5202/486 2839/5203/513
f 2846/5204/1041 2820/5205/342 2819/2843/520 2845/2614/412
f 2830/5206/527 2871/5207/526 2872/5085/1039 2829/2822/501
f 2874/5107/1052 2835/5106/1051 2836/5208/497 2873/5209/496
f 2866/5096/1046 2822/2842/519 2821/5200/550 2865/5210/491
f 2834/2370/243 2823/2369/242 2824/5211/548 2833/5212/542
f 2826/2414/279 2837/2413/278 2838/5213/522 2825/5214/483
f 2823/2369/242 2827/5111/1054 2828/5215/536 2824/5211/548
f 2844/5109/1053 2826/2414/279 2825/5214/483 2843/5216/482
f 2827/5111/1054 2831/5103/1050 2832/5217/500 2828/5215/536
f 2831/5218/1050 2830/5206/527 2829/2822/501 2832/2821/500
f 2835/5106/1051 2834/2370/243 2833/5212/542 2836/5208/497
f 2837/2413/278 2841/5101/1049 2842/5219/512 2838/5213/522
f 2860/2866/541 2879/2865/540 2880/5220/474 2859/5221/215
f 2841/5101/1049 2840/2854/531 2839/5203/513 2842/5219/512
f 2870/5222/1056 2844/5223/1053 2843/2801/482 2869/2873/546
f 2847/5196/1042 2846/5204/1041 2845/2614/412 2848/2613/411
f 2850/5224/507 2867/5225/506 2868/2809/490 2849/2806/487
f 2851/5226/530 2850/5224/507 2849/2806/487 2852/2805/486
f 2853/2841/518 2857/5120/1057 2858/5227/470 2854/5199/600
f 2857/5120/1057 2856/5092/1043 2855/5228/471 2858/5227/470
f 2862/5112/1055 2860/2866/541 2859/5221/215 2861/5229/214
f 2863/2519/341 2862/5112/1055 2861/5229/214 2864/5193/532
f 2867/2827/506 2866/5096/1046 2865/5210/491 2868/5230/490
f 2871/5207/526 2870/5222/1056 2869/2873/546 2872/5085/1039
f 2875/5201/1047 2874/5231/1052 2873/2817/496 2876/2829/508
f 2879/2865/540 2878/5124/1058 2877/5232/475 2880/5220/474
f 5020/5554/1121 5606/5555/1121 6064/5556/1121
f 5693/5617/1163 5762/5618/1163 5860/5619/1163 5705/5620/1163
f 4493/5631/1168 5703/5632/1168 5847/5633/1168
f 5711/5634/1169 5874/5635/1169 5756/5636/1169 5717/5637/1169
f 5729/5646/1177 5748/5647/1177 5986/5648/1177 5741/5649/1177
f 4486/5660/1181 5739/5661/1181 5805/5660/1181
f 5603/6544/1208 5916/6545/1208 5776/6546/1208 5609/6547/1208
f 4483/6576/1237 4623/6577/1237 4559/6578/1237 4687/6579/1237 4356/6580/1237 5931/6581/1237 6069/6582/1237
f 4481/6604/1257 4621/6605/1257 4557/6606/1257 4685/6607/1257 4368/6608/1257 5952/6609/1257 6055/6610/1257
f 4915/6656/1296 5742/6657/1296 5985/6658/1296
f 4454/6674/1305 5718/6675/1305 5755/6676/1305
f 5726/6681/1309 5852/6682/1309 6076/6683/1309 5715/6684/1309
f 4929/6685/1310 5706/6686/1310 5859/6687/1310
f 4992/6705/1316 5678/6706/1316 6036/6707/1316
f 4475/6738/1325 5610/6739/1325 5775/6738/1325
f 5624/6756/1335 6089/6757/1335 5909/6758/1335 5409/6759/1335
f 4506/6760/1336 4701/6760/1336 4573/6761/1336 4637/6762/1336 4483/6576/1336 6069/6763/1336 5012/6764/1336
f 5744/6765/1337 6057/6766/1337 5803/6767/1337 5738/6768/1337
f 5727/6777/1341 4490/6778/1341 5853/6779/1341
f 5437/6783/1343 5415/6784/1343 5783/6785/1343 5902/6786/1343
f 4462/6800/1352 4673/6801/1352 4545/6801/1352 4609/6801/1352 4448/6802/1352 6022/6803/1352 4935/6804/1352
f 6049/6805/1325 5839/6806/1325 5484/6807/1325 5994/6808/1325
f 6029/6809/1353 5845/6810/1353 5702/6811/1353 5708/6812/1353
f 5691/6819/1356 4497/6820/1356 5811/6820/1356
f 6098/6830/1367 5735/6831/1367 5597/6832/1367 5950/6833/1367
f 4978/6837/1372 5714/6838/1372 6078/6839/1372
f 4507/6822/1373 5631/6840/1373 5422/6841/1373 5833/6842/1373
f 6083/6843/1374 5627/6844/1374 5429/6845/1374 5929/6846/1374
f 4385/6860/1378 4584/6861/1378 4520/6862/1378 4648/6863/1378 4355/6863/1378 5910/6864/1378 6090/6865/1378
f 4490/6778/1341 5724/6560/1341 5583/6866/1341 5853/6867/1341
f 4468/5581/1379 5645/6868/1379 5470/6869/1379 5769/5581/1379
f 5903/6878/1343 5782/6879/1343 5407/6880/1343 5908/6881/1343
f 5619/6889/1325 4511/6890/1325 5824/6890/1325
f 4363/6899/1396 4577/6900/1396 4513/6901/1396 4641/6902/1396 4441/6903/1396 5859/6904/1396 5868/6905/1396
f 4450/6666/1181 5733/6554/1181 5591/6906/1181 5749/6666/1181
f 5723/6907/205 6116/6908/205 5978/6909/205 5584/6907/205
f 6077/6910/1356 5854/6911/1356 5582/6912/1356 5980/6913/1356
f 5700/6914/1168 4493/5631/1168 5847/5633/1168 5568/6915/1168
f 6125/6916/1397 5699/6917/1397 5570/6918/1397 5999/6919/1397
f 4497/6820/1356 5688/6920/1356 5554/6921/1356 5811/6922/1356
f 4461/6700/1356 5681/6923/1356 5548/6924/1356 5797/6925/1356
f 4943/6926/1398 5669/6927/1398 5520/6928/1398 6013/6929/1398
f 5519/6930/1168 5498/6931/1168 5790/6932/1168 6014/6933/1168
f 5660/6934/1335 6092/6935/1335 5936/6936/1335 5493/6934/1335
f 6119/6937/1399 5648/6938/1399 5465/6939/1399 5894/6940/1399
f 4957/6941/1400 5633/6942/1400 5435/6943/1400 5901/6944/1400
f 4471/6731/1373 5625/6642/1373 5408/6945/1373 5784/6946/1373
f 4511/6890/1325 5616/6947/1325 5400/6948/1325 5824/6949/1325
f 5615/6950/205 6095/6951/205 5943/6952/205 5401/6953/205
f 5666/6954/1401 5672/6955/1401 5527/6956/1401 5507/6957/1401
f 5604/6958/1402 4963/6959/1402 5917/6960/1402
f 6128/6964/1406 5663/6965/1406 5513/6966/1406 6006/6967/1406
f 5655/6969/1379 4504/6859/1379 5838/6859/1379 5477/6970/1379
f 4457/6691/1168 5697/6693/1168 5562/6974/1168 5763/6691/1168
f 5712/6975/1412 4921/6976/1412 5875/6977/1412
f 4421/6899/1413 4588/6899/1413 4524/6899/1413 4652/6899/1413 4363/6899/1413 5868/6905/1413 6102/6978/1413
f 5658/5588/1343 4464/6712/1343 5791/6712/1343 5500/6979/1343
f 4485/6980/1414 4700/6604/1414 4572/6604/1414 4636/6604/1414 4481/6604/1414 6055/6981/1414 4970/6982/1414
f 6015/6983/1168 5789/6984/1168 5491/6985/1168 5938/6986/1168
f 5456/6992/1325 5478/6993/1325 5840/6994/1325 6048/6995/1325
f 5694/6688/1168 4457/6691/1168 5763/6691/1168
f 5687/7003/205 6110/7004/205 5964/7005/205 5555/7006/205
f 5987/7010/1373 5747/7011/1373 5590/7012/1373 5959/7013/1373
f 4358/7014/1430 4684/7015/1430 4556/7016/1430 4620/7017/1430 4480/7018/1430 6050/7019/1430 5993/7020/1430
f 5472/7021/1325 5450/7022/1325 5888/7023/1325 5770/7024/1325
f 4499/7027/1431 4702/7027/1431 4574/7027/1431 4638/7027/1431 4479/7027/1431 6041/7028/1431 4998/7029/1431
f 5696/7030/1335 6101/7031/1335 5867/7032/1335 5563/7033/1335
f 5676/7043/1440 4935/7044/1440 6022/7045/1440 5535/7046/1440
f 5732/7052/1335 6107/7053/1335 5957/7054/1335 5589/7055/1335
f 5730/7066/1181 4450/6666/1181 5749/6666/1181
f 4492/7071/1455 4703/7072/1455 4575/7072/1455 4639/7072/1455 4477/7072/1455 6027/7073/1455 4984/7074/1455
f 6086/7075/1456 5720/7076/1456 5576/7077/1456 5881/7078/1456
f 4357/7083/1458 4595/6632/1458 4531/6632/1458 4659/6632/1458 4389/6632/1458 6120/7084/1458 5896/7085/1458
f 5796/7086/1379 6020/7087/1379 5972/7088/1379 5540/7089/1379
f 5505/7090/1168 5526/7091/1168 6043/7092/1168 5817/7093/1168
f 4353/7094/1459 4589/7095/1459 4525/7095/1459 4653/7095/1459 4371/7096/1459 6105/7097/1459 5922/7098/1459
f 5768/7099/1325 5887/7100/1325 5895/7101/1325 5464/7102/1325
f 5421/7103/1343 5442/7104/1343 6071/7105/1343 5831/7106/1343
f 5006/7107/1460 5642/7108/1460 5457/7109/1460 6050/7110/1460
f 5670/7111/1461 5657/7112/1461 5499/7113/1461 5521/7114/1461
f 5682/7115/1462 5675/7116/1462 5534/7117/1462 5549/7118/1462
f 4365/7122/1467 4583/7123/1467 4519/7124/1467 4647/7125/1467 4425/6569/1467 6087/7126/1467 5880/7127/1467
f 6104/7146/1483 5612/7147/1483 5394/7148/1483 5923/7149/1483
f 5634/7160/1491 5621/7161/1491 5416/7162/1491 5436/7163/1491
f 5804/7167/1373 6056/7168/1373 5951/7169/1373 5596/7170/1373
f 5721/7172/1341 4454/6674/1341 5755/6676/1341 5577/7173/1341
f 4482/7175/1492 4640/7176/1492 4576/7176/1492 4704/7176/1492 4512/7177/1492 5020/7178/1492 6064/7179/1492
f 5818/7180/1168 6042/7181/1168 6007/7182/1168 5512/7183/1168
f 5630/7184/1493 5636/7185/1493 5443/7186/1493 5423/7187/1493
f 5649/6719/1379 4468/5581/1379 5769/5581/1379 5463/7188/1379
f 4500/6848/1343 5667/7189/1343 5506/7190/1343 5819/7191/1343
f 4484/7195/1496 4633/7195/1496 4569/7196/1496 4697/7197/1496 4491/7198/1496 4978/7199/1496 6078/7200/1496
f 4480/7018/1499 4635/7018/1499 4571/7209/1499 4699/7210/1499 4505/7210/1499 5006/7211/1499 6050/7212/1499
f 5832/7215/1343 6070/7216/1343 5930/7217/1343 5428/7218/1343
f 5651/7227/205 6122/7228/205 5992/7229/205 5486/7230/205
f 4478/7237/1507 4634/7237/1507 4570/7237/1507 4698/7237/1507 4498/7237/1507 4992/7238/1507 6036/7239/1507
f 4441/6903/1512 4613/7249/1512 4549/7249/1512 4677/7249/1512 4456/7250/1512 4929/7251/1512 5859/7252/1512
f 4455/6573/1513 4678/6573/1513 4550/7253/1513 4614/7254/1513 4442/7254/1513 5875/7255/1513 4921/7256/1513
f 4469/6636/1514 4674/6636/1514 4546/6636/1514 4610/6636/1514 4443/6636/1514 5889/7257/1514 4949/7258/1514
f 4444/7259/1515 4615/7259/1515 4551/7259/1515 4679/7259/1515 4470/7260/1515 4957/7261/1515 5901/7262/1515
f 4476/7263/1516 4676/7264/1516 4548/7264/1516 4612/7264/1516 4445/7265/1516 5917/7266/1516 4963/7267/1516
f 5628/6643/1373 4507/6822/1373 5833/6842/1373 5430/7268/1373
f 5622/5558/1373 4471/6731/1373 5784/6946/1373 5414/7273/1373
f 5736/6556/1181 4486/5660/1181 5805/5660/1181 5598/7280/1181
f 4439/7296/1546 4590/7296/1546 4526/7296/1546 4654/7296/1546 4367/7296/1546 5958/7297/1546 6108/7298/1546
f 5846/7305/1181 6028/7306/1181 6000/7307/1181 5569/7308/1181
f 5664/6851/1343 4500/6848/1343 5819/7191/1343 5514/7309/1343
f 4403/7310/1554 4585/7310/1554 4521/7311/1554 4649/7312/1554 4359/7312/1554 5937/7313/1554 6093/7314/1554
f 4361/7315/1555 4592/7316/1555 4528/7316/1555 4656/7316/1555 4407/7316/1555 6114/7317/1555 5973/7318/1555
f 4448/6802/1556 4664/7319/1556 4536/7320/1556 4600/7321/1556 4361/7315/1556 5973/7318/1556 6022/7322/1556
f 4445/7265/1557 4645/7323/1557 4517/7324/1557 4581/7325/1557 4353/7094/1557 5922/7098/1557 5917/7326/1557
f 4446/7328/1558 4611/7329/1558 4547/7329/1558 4675/7329/1558 4449/7330/1558 4915/7331/1558 5985/7332/1558
f 4477/7072/1559 4617/7333/1559 4553/7334/1559 4681/7335/1559 4364/7336/1559 6001/7337/1559 6027/7338/1559
f 4354/7339/1560 4686/7340/1560 4558/7341/1560 4622/7342/1560 4482/7175/1560 6064/7343/1560 5944/7344/1560
f 4362/7345/1561 4682/7346/1561 4554/7347/1561 4618/7348/1561 4478/7237/1561 6036/7349/1561 5965/7350/1561
f 5673/7351/1562 4998/7352/1562 6041/7353/1562 5528/7354/1562
f 5637/7355/1563 5012/7356/1563 6069/7357/1563 5444/7358/1563
f 6113/7365/1564 5684/7366/1564 5541/7367/1564 5971/7368/1564
f 5709/7369/1565 4984/7370/1565 6027/7371/1565
f 5646/7374/1566 5639/7375/1566 5451/7376/1566 5471/7377/1566
f 4364/7336/1567 4597/7378/1567 4533/7378/1567 4661/7378/1567 4422/7379/1567 6126/7380/1567 6001/7337/1567
f 4408/7381/1568 4591/7381/1568 4527/7381/1568 4655/7381/1568 4362/7345/1568 5965/7382/1568 6111/7383/1568
f 4360/7384/1569 4598/7385/1569 4534/7385/1569 4662/7385/1569 4404/7385/1569 6129/7386/1569 6008/7387/1569
f 4390/7388/1570 4596/7014/1570 4532/7014/1570 4660/7014/1570 4358/7014/1570 5993/7020/1570 6123/7389/1570
f 4368/6608/1571 4587/7390/1571 4523/7390/1571 4651/7390/1571 4440/7390/1571 6099/7391/1571 5952/6609/1571
f 4372/7392/1572 4586/7393/1572 4522/7393/1572 4650/7393/1572 4354/7339/1572 5944/7394/1572 6096/7395/1572
f 4356/6580/1573 4582/7396/1573 4518/7396/1573 4646/7396/1573 4386/7396/1573 6084/7397/1573 5931/6581/1573
f 4426/7398/1574 4593/7399/1574 4529/7399/1574 4657/7400/1574 4366/7401/1574 5979/7402/1574 6117/7403/1574
f 4442/7254/1575 4642/7404/1575 4514/7405/1575 4578/7406/1575 4365/7122/1575 5880/7407/1575 5875/7408/1575
f 4355/6863/1576 4580/7409/1576 4516/7410/1576 4644/7411/1576 4444/7259/1576 5901/7412/1576 5910/7413/1576
f 4447/7414/1577 4616/7415/1577 4552/7415/1577 4680/7415/1577 4463/7416/1577 4943/7417/1577 6013/7418/1577
f 4366/7401/1578 4688/7419/1578 4560/7420/1578 4624/7421/1578 4484/7195/1578 6078/7422/1578 5979/7423/1578
f 5745/7424/1579 4970/7425/1579 6055/7426/1579
f 4479/7027/1580 4619/7427/1580 4555/7428/1580 4683/7429/1580 4360/7384/1580 6008/7387/1580 6041/7430/1580
f 4443/6636/1581 4643/6635/1581 4515/6634/1581 4579/6633/1581 4357/7083/1581 5896/7085/1581 5889/7431/1581
f 4367/7296/1582 4594/7432/1582 4530/7433/1582 4658/7434/1582 4446/7328/1582 5985/7435/1582 5958/7297/1582
f 5547/7438/1379 5533/7439/1379 6021/7440/1379 5798/7441/1379
f 5640/7442/1584 4949/7443/1584 5889/7444/1584 5449/7445/1584
f 5826/7447/1585 6062/7448/1585 5607/7449/1585 5618/7450/1585
f 5643/7451/1586 5654/7452/1586 5479/7453/1586 5458/7454/1586
f 5810/7455/1587 6034/7456/1587 5679/7457/1587 5690/7458/1587
f 4534/7385/1592 4598/7385/1592 4655/7381/1592 4527/7381/1592
f 4514/7405/1593 4642/7404/1593 4641/6902/1593 4513/6901/1593
f 4532/7014/1594 4596/7014/1594 4646/7396/1594 4518/7396/1594
f 4523/7390/1595 4587/7390/1595 4650/7393/1595 4522/7393/1595
f 4654/7296/1596 4526/7296/1596 4525/7095/1596 4589/7095/1596
f 4648/6863/1597 4520/6862/1597 4531/6632/1597 4595/6632/1597
f 4528/7316/1598 4592/7316/1598 4649/7312/1598 4521/7311/1598
f 4367/7296/1599 4654/7296/1599 4589/7095/1599 4353/7094/1599
f 4578/7406/1600 4514/7405/1600 4513/6901/1600 4577/6900/1600
f 4355/6863/1601 4648/6863/1601 4595/6632/1601 4357/7083/1601
f 4656/7316/1596 4528/7316/1596 4521/7311/1596 4585/7310/1596
f 4533/7378/1602 4597/7378/1602 4657/7400/1602 4529/7399/1602
f 4662/7385/1595 4534/7385/1595 4527/7381/1595 4591/7381/1595
f 4660/7014/1603 4532/7014/1603 4518/7396/1603 4582/7396/1603
f 4651/7390/1604 4523/7390/1604 4522/7393/1604 4586/7393/1604
f 4661/7378/1605 4533/7378/1605 4529/7399/1605 4593/7399/1605
f 4504/6859/1379 5652/6622/1379 5485/7523/1379 5838/6859/1379
f 4464/6712/1343 5661/6714/1343 5492/7532/1343 5791/6712/1343
f 5685/6701/1356 4461/6700/1356 5797/6925/1356 5542/7547/1356
f 5777/7556/1341 5915/7557/1341 5924/7558/1341 5393/7559/1341
f 4359/7312/1673 4599/7564/1673 4535/7565/1673 4663/7566/1673 4447/7414/1673 6013/7567/1673 5937/7313/1673
f 6035/7568/1379 5812/7569/1379 5556/7570/1379 5966/7571/1379
f 5861/7581/1181 5761/7582/1181 5561/7583/1181 5866/7584/1181
f 5754/7597/1356 5873/7598/1356 5882/7599/1356 5575/7600/1356
f 6063/7605/1341 5825/7606/1341 5402/7607/1341 5945/7608/1341
f 4596/7014/2039 4390/7388/2039 4386/7396/2039 4646/7396/2039
f 4505/7210/2040 4699/7210/2040 4701/6760/2040 4506/6760/2040
f 4699/7210/2041 4571/7209/2041 4573/6761/2041 4701/6760/2041
f 4571/7209/1597 4635/7018/1597 4637/6762/1597 4573/6761/1597
f 4635/7018/1601 4480/7018/1601 4483/6576/1601 4637/6762/1601
f 4480/7018/2042 4620/7017/2042 4623/6577/2042 4483/6576/2042
f 4620/7017/2043 4556/7016/2043 4559/6578/2043 4623/6577/2043
f 4556/7016/2044 4684/7015/2044 4687/6579/2044 4559/6578/2044
f 4684/7015/2045 4358/7014/2045 4356/6580/2045 4687/6579/2045
f 4358/7014/2046 4660/7014/2046 4582/7396/2046 4356/6580/2046
f 4587/7390/2047 4368/6608/2047 4354/7339/2047 4650/7393/2047
f 4368/6608/2048 4685/6607/2048 4686/7340/2048 4354/7339/2048
f 4685/6607/2049 4557/6606/2049 4558/7341/2049 4686/7340/2049
f 4557/6606/2050 4621/6605/2050 4622/7342/2050 4558/7341/2050
f 4621/6605/2051 4481/6604/2051 4482/7175/2051 4622/7342/2051
f 4481/6604/1599 4636/6604/1599 4640/7176/1599 4482/7175/1599
f 4636/6604/1596 4572/6604/1596 4576/7176/1596 4640/7176/1596
f 4572/6604/1598 4700/6604/1598 4704/7176/1598 4576/7176/1598
f 4700/6604/2052 4485/6980/2052 4512/7177/2052 4704/7176/2052
f 4440/7390/2053 4651/7390/2053 4586/7393/2053 4372/7392/2053
f 4597/7378/2039 4364/7336/2039 4366/7401/2039 4657/7400/2039
f 4364/7336/2054 4681/7335/2054 4688/7419/2054 4366/7401/2054
f 4681/7335/1593 4553/7334/1593 4560/7420/1593 4688/7419/1593
f 4553/7334/2055 4617/7333/2055 4624/7421/2055 4560/7420/2055
f 4617/7333/2056 4477/7072/2056 4484/7195/2056 4624/7421/2056
f 4477/7072/2040 4639/7072/2040 4633/7195/2040 4484/7195/2040
f 4639/7072/2041 4575/7072/2041 4569/7196/2041 4633/7195/2041
f 4575/7072/1597 4703/7072/1597 4697/7197/1597 4569/7196/1597
f 4703/7072/1601 4492/7071/1601 4491/7198/1601 4697/7197/1601
f 4422/7379/2046 4661/7378/2046 4593/7399/2046 4426/7398/2046
f 4598/7385/2053 4360/7384/2053 4362/7345/2053 4655/7381/2053
f 4360/7384/2057 4683/7429/2057 4682/7346/2057 4362/7345/2057
f 4683/7429/2058 4555/7428/2058 4554/7347/2058 4682/7346/2058
f 4555/7428/2059 4619/7427/2059 4618/7348/2059 4554/7347/2059
f 4619/7427/2060 4479/7027/2060 4478/7237/2060 4618/7348/2060
f 4479/7027/2052 4638/7027/2052 4634/7237/2052 4478/7237/2052
f 4638/7027/1598 4574/7027/1598 4570/7237/1598 4634/7237/1598
f 4574/7027/1596 4702/7027/1596 4698/7237/1596 4570/7237/1596
f 4702/7027/1599 4499/7027/1599 4498/7237/1599 4698/7237/1599
f 4404/7385/2047 4662/7385/2047 4591/7381/2047 4408/7381/2047
f 4592/7316/2052 4361/7315/2052 4359/7312/2052 4649/7312/2052
f 4361/7315/2060 4600/7321/2060 4599/7564/2060 4359/7312/2060
f 4600/7321/2061 4536/7320/2061 4535/7565/2061 4599/7564/2061
f 4536/7320/2058 4664/7319/2058 4663/7566/2058 4535/7565/2058
f 4664/7319/2062 4448/6802/2062 4447/7414/2062 4663/7566/2062
f 4448/6802/2053 4609/6801/2053 4616/7415/2053 4447/7414/2053
f 4609/6801/1592 4545/6801/1592 4552/7415/1592 4616/7415/1592
f 4545/6801/1595 4673/6801/1595 4680/7415/1595 4552/7415/1595
f 4673/6801/2047 4462/6800/2047 4463/7416/2047 4680/7415/2047
f 4407/7316/1599 4656/7316/1599 4585/7310/1599 4403/7310/1599
f 4642/7404/2063 4442/7254/2063 4441/6903/2063 4641/6902/2063
f 4442/7254/2039 4614/7254/2039 4613/7249/2039 4441/6903/2039
f 4614/7254/1602 4550/7253/1602 4549/7249/1602 4613/7249/1602
f 4550/7253/1605 4678/6573/1605 4677/7249/1605 4549/7249/1605
f 4678/6573/2046 4455/6573/2046 4456/7250/2046 4677/7249/2046
f 4425/6569/2064 4647/7125/2064 4588/6899/2064 4421/6899/2064
f 4647/7125/1597 4519/7124/1597 4524/6899/1597 4588/6899/1597
f 4519/7124/2041 4583/7123/2041 4652/6899/2041 4524/6899/2041
f 4583/7123/2040 4365/7122/2040 4363/6899/2040 4652/6899/2040
f 4365/7122/2056 4578/7406/2056 4577/6900/2056 4363/6899/2056
f 4526/7296/1598 4590/7296/1598 4653/7095/1598 4525/7095/1598
f 4590/7296/2052 4439/7296/2052 4371/7096/2052 4653/7095/2052
f 4449/7330/2053 4675/7329/2053 4676/7264/2053 4476/7263/2053
f 4675/7329/1592 4547/7329/1592 4548/7264/1592 4676/7264/1592
f 4547/7329/1595 4611/7329/1595 4612/7264/1595 4548/7264/1595
f 4611/7329/2047 4446/7328/2047 4445/7265/2047 4612/7264/2047
f 4446/7328/2048 4658/7434/2048 4645/7323/2048 4445/7265/2048
f 4658/7434/2049 4530/7433/2049 4517/7324/2049 4645/7323/2049
f 4530/7433/2065 4594/7432/2065 4581/7325/2065 4517/7324/2065
f 4594/7432/2066 4367/7296/2066 4353/7094/2066 4581/7325/2066
f 4520/6862/2041 4584/6861/2041 4659/6632/2041 4531/6632/2041
f 4584/6861/2040 4385/6860/2040 4389/6632/2040 4659/6632/2040
f 4470/7260/2039 4679/7259/2039 4674/6636/2039 4469/6636/2039
f 4679/7259/1602 4551/7259/1602 4546/6636/1602 4674/6636/1602
f 4551/7259/1605 4615/7259/1605 4610/6636/1605 4546/6636/1605
f 4615/7259/2046 4444/7259/2046 4443/6636/2046 4610/6636/2046
f 4444/7259/2067 4644/7411/2067 4643/6635/2067 4443/6636/2067
f 4644/7411/2044 4516/7410/2044 4515/6634/2044 4643/6635/2044
f 4516/7410/2068 4580/7409/2068 4579/6633/2068 4515/6634/2068
f 4580/7409/2042 4355/6863/2042 4357/7083/2042 4579/6633/2042
f 5393/7559/2069 5396/8098/2069 5397/8099/2069 5399/8100/2069
f 5394/7148/2070 5398/8101/2070 5397/8099/2070 5396/8102/2070
f 5395/8103/2071 5399/8103/2071 5397/8099/2071 5398/8101/2071
f 5400/6948/2072 5403/6947/2072 5404/8104/2072 5406/8105/2072
f 5401/6953/2073 5405/6953/2073 5404/8104/2073 5403/8106/2073
f 5402/7607/2074 5406/8107/2074 5404/8104/2074 5405/6953/2074
f 5407/6880/2075 5410/8108/2075 5411/8109/2075 5413/6759/2075
f 5408/6945/2076 5412/6642/2076 5411/8109/2076 5410/8110/2076
f 5409/6759/2077 5413/6759/2077 5411/8109/2077 5412/6642/2077
f 5414/7273/2078 5417/8111/2078 5418/8112/2078 5420/8113/2078
f 5415/6784/2079 5419/8114/2079 5418/8112/2079 5417/8111/2079
f 5416/7162/2080 5420/8113/2080 5418/8112/2080 5419/8114/2080
f 5421/7103/2081 5424/8115/2081 5425/8116/2081 5427/8117/2081
f 5422/6841/2082 5426/8118/2082 5425/8116/2082 5424/8119/2082
f 5423/7187/2083 5427/8117/2083 5425/8116/2083 5426/8118/2083
f 5428/7218/2084 5431/8120/2084 5432/8121/2084 5434/8122/2084
f 5429/6845/2085 5433/8123/2085 5432/8121/2085 5431/8124/2085
f 5430/7268/2086 5434/8125/2086 5432/8121/2086 5433/8123/2086
f 5435/6943/2087 5438/8126/2087 5439/8127/2087 5441/8128/2087
f 5436/7163/2088 5440/8129/2088 5439/8127/2088 5438/8130/2088
f 5437/6783/2089 5441/8128/2089 5439/8127/2089 5440/8129/2089
f 5442/7104/2090 5445/8131/2090 5446/8132/2090 5448/8133/2090
f 5443/7186/2091 5447/8134/2091 5446/8132/2091 5445/8135/2091
f 5444/7358/2092 5448/8133/2092 5446/8132/2092 5447/8136/2092
f 5449/7445/2093 5452/8137/2093 5453/8138/2093 5455/8139/2093
f 5450/7022/2094 5454/8140/2094 5453/8138/2094 5452/8137/2094
f 5451/7376/2095 5455/8141/2095 5453/8138/2095 5454/8142/2095
f 5456/6992/2096 5459/8143/2096 5460/8144/2096 5462/8145/2096
f 5457/7109/2097 5461/8146/2097 5460/8144/2097 5459/8143/2097
f 5458/7454/2098 5462/8147/2098 5460/8144/2098 5461/8148/2098
f 5463/7188/2099 5466/8149/2099 5467/8150/2099 5469/8151/2099
f 5464/7102/2100 5468/8152/2100 5467/8150/2100 5466/8153/2100
f 5465/6939/2101 5469/8151/2101 5467/8150/2101 5468/8152/2101
f 5470/6869/2102 5473/8154/2102 5474/8155/2102 5476/8156/2102
f 5471/7377/2103 5475/8157/2103 5474/8155/2103 5473/8158/2103
f 5472/7021/2104 5476/8156/2104 5474/8155/2104 5475/8157/2104
f 5477/6970/2105 5480/8159/2105 5481/8160/2105 5483/8161/2105
f 5478/6993/2106 5482/8162/2106 5481/8160/2106 5480/8163/2106
f 5479/7453/2107 5483/8164/2107 5481/8160/2107 5482/8165/2107
f 5484/6807/2108 5487/8166/2108 5488/8167/2108 5490/8168/2108
f 5485/7523/2109 5489/6622/2109 5488/8167/2109 5487/8169/2109
f 5486/7230/2110 5490/8170/2110 5488/8167/2110 5489/6622/2110
f 5491/6985/2111 5494/8171/2111 5495/8172/2111 5497/8173/2111
f 5492/7532/2112 5496/6714/2112 5495/8172/2112 5494/7532/2112
f 5493/6934/2113 5497/8173/2113 5495/8172/2113 5496/6714/2113
f 5498/6931/2114 5501/8174/2114 5502/8175/2114 5504/8176/2114
f 5499/7113/2115 5503/8177/2115 5502/8175/2115 5501/8174/2115
f 5500/6979/2116 5504/8176/2116 5502/8175/2116 5503/8177/2116
f 5505/7090/2117 5508/8178/2117 5509/8179/2117 5511/8180/2117
f 5506/7190/2118 5510/8181/2118 5509/8179/2118 5508/8182/2118
f 5507/6957/2119 5511/8180/2119 5509/8179/2119 5510/8181/2119
f 5512/7183/2120 5515/8183/2120 5516/8184/2120 5518/8185/2120
f 5513/6966/2121 5517/8186/2121 5516/8184/2121 5515/8187/2121
f 5514/7309/2122 5518/7309/2122 5516/8184/2122 5517/8188/2122
f 5519/6930/2123 5522/8189/2123 5523/8190/2123 5525/8191/2123
f 5520/6928/2124 5524/8192/2124 5523/8190/2124 5522/8189/2124
f 5521/7114/2125 5525/8191/2125 5523/8190/2125 5524/8192/2125
f 5526/7091/2126 5529/8193/2126 5530/8194/2126 5532/8195/2126
f 5527/6956/2127 5531/8196/2127 5530/8194/2127 5529/8193/2127
f 5528/7354/2128 5532/8195/2128 5530/8194/2128 5531/8196/2128
f 5533/7439/2129 5536/8197/2129 5537/8198/2129 5539/8199/2129
f 5534/7117/2130 5538/8200/2130 5537/8198/2130 5536/8201/2130
f 5535/7046/2131 5539/8199/2131 5537/8198/2131 5538/8200/2131
f 5540/7089/2132 5543/8202/2132 5544/8203/2132 5546/8204/2132
f 5541/7367/2133 5545/8205/2133 5544/8203/2133 5543/8202/2133
f 5542/7547/2134 5546/8204/2134 5544/8203/2134 5545/8206/2134
f 5547/7438/2135 5550/8207/2135 5551/8208/2135 5553/8209/2135
f 5548/6924/2136 5552/8210/2136 5551/8208/2136 5550/8207/2136
f 5549/7118/2137 5553/8211/2137 5551/8208/2137 5552/8212/2137
f 5554/6921/2138 5557/6920/2138 5558/8213/2138 5560/8214/2138
f 5555/7006/2139 5559/8215/2139 5558/8213/2139 5557/6920/2139
f 5556/7570/2140 5560/8216/2140 5558/8213/2140 5559/8215/2140
f 5561/7583/2141 5564/8217/2141 5565/8218/2141 5567/7033/2141
f 5562/6974/2142 5566/6693/2142 5565/8218/2142 5564/8219/2142
f 5563/7033/2143 5567/7033/2143 5565/8218/2143 5566/8220/2143
f 5568/6915/2144 5571/8221/2144 5572/8222/2144 5574/8223/2144
f 5569/7308/2145 5573/8224/2145 5572/8222/2145 5571/8225/2145
f 5570/6918/2146 5574/8223/2146 5572/8222/2146 5573/8226/2146
f 5575/7600/2147 5578/8227/2147 5579/8228/2147 5581/7173/2147
f 5576/7077/2148 5580/8229/2148 5579/8228/2148 5578/8230/2148
f 5577/7173/2149 5581/8231/2149 5579/8228/2149 5580/8229/2149
f 5582/6912/2150 5585/8232/2150 5586/8233/2150 5588/8234/2150
f 5583/6866/2151 5587/6560/2151 5586/8233/2151 5585/8232/2151
f 5584/6907/2152 5588/8234/2152 5586/8233/2152 5587/6560/2152
f 5589/7055/2153 5592/8235/2153 5593/8236/2153 5595/6554/2153
f 5590/7012/2154 5594/6906/2154 5593/8236/2154 5592/7052/2154
f 5591/6906/2155 5595/6554/2155 5593/8236/2155 5594/8237/2155
f 5596/7170/2156 5599/8238/2156 5600/8239/2156 5602/8240/2156
f 5597/6832/2157 5601/8241/2157 5600/8239/2157 5599/8238/2157
f 5598/7280/2158 5602/7280/2158 5600/8239/2158 5601/8241/2158
f 5747/7011/2159 5750/8242/2159 5751/8243/2159 5753/8244/2159
f 5748/5647/2160 5752/8245/2160 5751/8243/2160 5750/8246/2160
f 5749/6666/2161 5753/8244/2161 5751/8243/2161 5752/8245/2161
f 5754/7597/2162 5757/8247/2162 5758/8248/2162 5760/8249/2162
f 5755/6676/2163 5759/8250/2163 5758/8248/2163 5757/8247/2163
f 5756/5636/2164 5760/8251/2164 5758/8248/2164 5759/8250/2164
f 5761/7582/2165 5764/8252/2165 5765/8253/2165 5767/8254/2165
f 5762/5618/2166 5766/8255/2166 5765/8253/2166 5764/8252/2166
f 5763/6691/2167 5767/8254/2167 5765/8253/2167 5766/8256/2167
f 5768/7099/2168 5771/8257/2168 5772/8258/2168 5774/8259/2168
f 5769/5581/2169 5773/8260/2169 5772/8258/2169 5771/8261/2169
f 5770/7024/2170 5774/8259/2170 5772/8258/2170 5773/8260/2170
f 5775/6738/2171 5778/8262/2171 5779/8263/2171 5781/8264/2171
f 5776/6546/2172 5780/8265/2172 5779/8263/2172 5778/8262/2172
f 5777/7556/2173 5781/8264/2173 5779/8263/2173 5780/8266/2173
f 5782/6879/2174 5785/8267/2174 5786/8268/2174 5788/8269/2174
f 5783/6785/2175 5787/8270/2175 5786/8268/2175 5785/8267/2175
f 5784/6946/2176 5788/8271/2176 5786/8268/2176 5787/8272/2176
f 5789/6984/2177 5792/8273/2177 5793/8274/2177 5795/8275/2177
f 5790/6932/2178 5794/8276/2178 5793/8274/2178 5792/8273/2178
f 5791/6712/2179 5795/8275/2179 5793/8274/2179 5794/8276/2179
f 5796/7086/2180 5799/8277/2180 5800/8278/2180 5802/8279/2180
f 5797/6925/2181 5801/8280/2181 5800/8278/2181 5799/8281/2181
f 5798/7441/2182 5802/8279/2182 5800/8278/2182 5801/8280/2182
f 5803/6767/2183 5806/8282/2183 5807/8283/2183 5809/8284/2183
f 5804/7167/2184 5808/8285/2184 5807/8283/2184 5806/8286/2184
f 5805/5660/2185 5809/8284/2185 5807/8283/2185 5808/8285/2185
f 5810/7455/2186 5813/8287/2186 5814/8288/2186 5816/8289/2186
f 5811/6922/2187 5815/8290/2187 5814/8288/2187 5813/8291/2187
f 5812/7569/2188 5816/8292/2188 5814/8288/2188 5815/8290/2188
f 5817/7093/2177 5820/8293/2177 5821/8294/2177 5823/8295/2177
f 5818/7180/2189 5822/8296/2189 5821/8294/2189 5820/8297/2189
f 5819/7191/2179 5823/8295/2179 5821/8294/2179 5822/8298/2179
f 5824/6949/2190 5827/8299/2190 5828/8300/2190 5830/8301/2190
f 5825/7606/2191 5829/8302/2191 5828/8300/2191 5827/8299/2191
f 5826/7447/2192 5830/8303/2192 5828/8300/2192 5829/8304/2192
f 5831/7106/2193 5834/8305/2193 5835/8306/2193 5837/8307/2193
f 5832/7215/2194 5836/8308/2194 5835/8306/2194 5834/8305/2194
f 5833/6842/2176 5837/8307/2176 5835/8306/2176 5836/8309/2176
f 5838/6859/2169 5841/8310/2169 5842/8311/2169 5844/8312/2169
f 5839/6806/2195 5843/8313/2195 5842/8311/2195 5841/8310/2195
f 5840/6994/2196 5844/8314/2196 5842/8311/2196 5843/8315/2196
f 5845/6810/2197 5848/8316/2197 5849/8317/2197 5851/8318/2197
f 5846/7305/2198 5850/8319/2198 5849/8317/2198 5848/8316/2198
f 5847/5633/2199 5851/8318/2199 5849/8317/2199 5850/8319/2199
f 5852/6682/2200 5855/8320/2200 5856/8321/2200 5858/8322/2200
f 5853/6867/2201 5857/8323/2201 5856/8321/2201 5855/8324/2201
f 5854/6911/2202 5858/8325/2202 5856/8321/2202 5857/8326/2202
f 5859/6687/2203 5862/8327/2203 5863/8328/2203 5865/8329/2203
f 5860/5619/2204 5864/8330/2204 5863/8328/2204 5862/8331/2204
f 5861/7581/2205 5865/8332/2205 5863/8328/2205 5864/8333/2205
f 5866/7584/2206 5869/8334/2206 5870/8335/2206 5872/8336/2206
f 5867/7032/2207 5871/8337/2207 5870/8335/2207 5869/8334/2207
f 5868/6905/2208 5872/8336/2208 5870/8335/2208 5871/8338/2208
f 5873/7598/2209 5876/8339/2209 5877/8340/2209 5879/8341/2209
f 5874/5635/2210 5878/8342/2210 5877/8340/2210 5876/8343/2210
f 5875/7408/2211 5879/8344/2211 5877/8340/2211 5878/8345/2211
f 5880/7127/2212 5883/8346/2212 5884/8347/2212 5886/8348/2212
f 5881/7078/2213 5885/8349/2213 5884/8347/2213 5883/8350/2213
f 5882/7599/2214 5886/8351/2214 5884/8347/2214 5885/8352/2214
f 5887/7100/2215 5890/8353/2215 5891/8354/2215 5893/8355/2215
f 5888/7023/2216 5892/8356/2216 5891/8354/2216 5890/8357/2216
f 5889/7431/2217 5893/8358/2217 5891/8354/2217 5892/8359/2217
f 5894/6940/2218 5897/8360/2218 5898/8361/2218 5900/8362/2218
f 5895/7101/2219 5899/8363/2219 5898/8361/2219 5897/8360/2219
f 5896/7085/2220 5900/8364/2220 5898/8361/2220 5899/8365/2220
f 5901/6944/2221 5904/8366/2221 5905/8367/2221 5907/8368/2221
f 5902/6786/2222 5906/8369/2222 5905/8367/2222 5904/8366/2222
f 5903/6878/2223 5907/8370/2223 5905/8367/2223 5906/8369/2223
f 5908/6881/2224 5911/8371/2224 5912/8372/2224 5914/8373/2224
f 5909/6758/2225 5913/8374/2225 5912/8372/2225 5911/8375/2225
f 5910/7413/2226 5914/8376/2226 5912/8372/2226 5913/8377/2226
f 5915/7557/2227 5918/8378/2227 5919/8379/2227 5921/8380/2227
f 5916/6545/2228 5920/8381/2228 5919/8379/2228 5918/8378/2228
f 5917/7326/2229 5921/8382/2229 5919/8379/2229 5920/8383/2229
f 5922/7098/2230 5925/8384/2230 5926/8385/2230 5928/8386/2230
f 5923/7149/2231 5927/8387/2231 5926/8385/2231 5925/8388/2231
f 5924/7558/2232 5928/8389/2232 5926/8385/2232 5927/8387/2232
f 5929/6846/2233 5932/8390/2233 5933/8391/2233 5935/8392/2233
f 5930/7217/2234 5934/8393/2234 5933/8391/2234 5932/8390/2234
f 5931/6581/2235 5935/8394/2235 5933/8391/2235 5934/8395/2235
f 5936/6936/2236 5939/8396/2236 5940/8397/2236 5942/8398/2236
f 5937/7313/2237 5941/8399/2237 5940/8397/2237 5939/8400/2237
f 5938/6986/2238 5942/8398/2238 5940/8397/2238 5941/8399/2238
f 5943/6952/2239 5946/8401/2239 5947/8402/2239 5949/8403/2239
f 5944/7344/2240 5948/8404/2240 5947/8402/2240 5946/8405/2240
f 5945/7608/2241 5949/8406/2241 5947/8402/2241 5948/8404/2241
f 5950/6833/2242 5953/8407/2242 5954/8408/2242 5956/8409/2242
f 5951/7169/2243 5955/8410/2243 5954/8408/2243 5953/8411/2243
f 5952/6609/2244 5956/8412/2244 5954/8408/2244 5955/8413/2244
f 5957/7054/2245 5960/8414/2245 5961/8415/2245 5963/8416/2245
f 5958/7297/2246 5962/8417/2246 5961/8415/2246 5960/8418/2246
f 5959/7013/2247 5963/8419/2247 5961/8415/2247 5962/8417/2247
f 5964/7005/2248 5967/8420/2248 5968/8421/2248 5970/8422/2248
f 5965/7350/2249 5969/8423/2249 5968/8421/2249 5967/8424/2249
f 5966/7571/2250 5970/8425/2250 5968/8421/2250 5969/8426/2250
f 5971/7368/2251 5974/8427/2251 5975/8428/2251 5977/8429/2251
f 5972/7088/2252 5976/8430/2252 5975/8428/2252 5974/8431/2252
f 5973/7318/2253 5977/8432/2253 5975/8428/2253 5976/8433/2253
f 5978/6909/2254 5981/8434/2254 5982/8435/2254 5984/8436/2254
f 5979/7423/2255 5983/8437/2255 5982/8435/2255 5981/8438/2255
f 5980/6913/2256 5984/8436/2256 5982/8435/2256 5983/8439/2256
f 5985/6658/2257 5988/8440/2257 5989/8441/2257 5991/8442/2257
f 5986/5648/2258 5990/8443/2258 5989/8441/2258 5988/8444/2258
f 5987/7010/2259 5991/8445/2259 5989/8441/2259 5990/8443/2259
f 5992/7229/2260 5995/8446/2260 5996/8447/2260 5998/8448/2260
f 5993/7020/2261 5997/8449/2261 5996/8447/2261 5995/8450/2261
f 5994/6808/2262 5998/8448/2262 5996/8447/2262 5997/8449/2262
f 5999/6919/2263 6002/8451/2263 6003/8452/2263 6005/8453/2263
f 6000/7307/2264 6004/8454/2264 6003/8452/2264 6002/8451/2264
f 6001/7337/2265 6005/8455/2265 6003/8452/2265 6004/8456/2265
f 6006/6967/2266 6009/8457/2266 6010/8458/2266 6012/8459/2266
f 6007/7182/2267 6011/8460/2267 6010/8458/2267 6009/8461/2267
f 6008/7387/2268 6012/8462/2268 6010/8458/2268 6011/8463/2268
f 6013/6929/2269 6016/8464/2269 6017/8465/2269 6019/8466/2269
f 6014/6933/2270 6018/8467/2270 6017/8465/2270 6016/8468/2270
f 6015/6983/2271 6019/8469/2271 6017/8465/2271 6018/8467/2271
f 6020/7087/2272 6023/8470/2272 6024/8471/2272 6026/8472/2272
f 6021/7440/2273 6025/8473/2273 6024/8471/2273 6023/8474/2273
f 6022/7322/2274 6026/8475/2274 6024/8471/2274 6025/8476/2274
f 6027/7338/2275 6030/8477/2275 6031/8478/2275 6033/8479/2275
f 6028/7306/2276 6032/8480/2276 6031/8478/2276 6030/8481/2276
f 6029/6809/2277 6033/8482/2277 6031/8478/2277 6032/8480/2277
f 6034/7456/2278 6037/8483/2278 6038/8484/2278 6040/8485/2278
f 6035/7568/2279 6039/8486/2279 6038/8484/2279 6037/8487/2279
f 6036/6707/2280 6040/8485/2280 6038/8484/2280 6039/8488/2280
f 6041/7430/2281 6044/8489/2281 6045/8490/2281 6047/8491/2281
f 6042/7181/2282 6046/8492/2282 6045/8490/2282 6044/8489/2282
f 6043/7092/2283 6047/8493/2283 6045/8490/2283 6046/8492/2283
f 6048/6995/2284 6051/8494/2284 6052/8495/2284 6054/8496/2284
f 6049/6805/2285 6053/8497/2285 6052/8495/2285 6051/8498/2285
f 6050/7110/2286 6054/8496/2286 6052/8495/2286 6053/8499/2286
f 6055/6610/2287 6058/8500/2287 6059/8501/2287 6061/8502/2287
f 6056/7168/2288 6060/8503/2288 6059/8501/2288 6058/8504/2288
f 6057/6766/2289 6061/8505/2289 6059/8501/2289 6060/8506/2289
f 6062/7448/2290 6065/8507/2290 6066/8508/2290 6068/8509/2290
f 6063/7605/2291 6067/8510/2291 6066/8508/2291 6065/8511/2291
f 6064/5556/2292 6068/8512/2292 6066/8508/2292 6067/8513/2292
f 6069/6582/2293 6072/8514/2293 6073/8515/2293 6075/8516/2293
f 6070/7216/2294 6074/8517/2294 6073/8515/2294 6072/8514/2294
f 6071/7105/2295 6075/8518/2295 6073/8515/2295 6074/8517/2295
f 6076/6683/2296 6079/8519/2296 6080/8520/2296 6082/8521/2296
f 6077/6910/2297 6081/8522/2297 6080/8520/2297 6079/8523/2297
f 6078/6839/2298 6082/8521/2298 6080/8520/2298 6081/8524/2298
f 5589/7055/2299 5957/7054/2299 5963/8416/2299 5592/8525/2299
f 5592/8525/2300 5963/8416/2300 5959/7013/2300 5590/7012/2300
f 5950/6833/2301 5597/6832/2301 5599/8238/2301 5953/8407/2301
f 5953/8407/2302 5599/8238/2302 5596/7170/2302 5951/7169/2302
f 5749/6666/2303 5591/6906/2303 5594/6906/2303 5753/8244/2303
f 5753/8244/2304 5594/6906/2304 5590/7012/2304 5747/7011/2304
f 5584/6907/2305 5978/6909/2305 5984/8436/2305 5588/8234/2305
f 5588/8234/2306 5984/8436/2306 5980/6913/2306 5582/6912/2306
f 5754/7597/2307 5575/7600/2307 5581/8231/2307 5757/8247/2307
f 5757/8247/2308 5581/8231/2308 5577/7173/2308 5755/6676/2308
f 5861/7581/2309 5866/7584/2309 5872/8336/2309 5865/8332/2309
f 5865/8332/2310 5872/8336/2310 5868/6905/2310 5859/6904/2310
f 5875/7408/2311 5880/7407/2311 5886/8526/2311 5879/8527/2311
f 5879/8527/2312 5886/8526/2312 5882/7599/2312 5873/7598/2312
f 5763/6691/2313 5562/6974/2313 5564/8217/2313 5767/8254/2313
f 5767/8254/2314 5564/8217/2314 5561/7583/2314 5761/7582/2314
f 6043/7092/2315 5526/7091/2315 5532/8195/2315 6047/8493/2315
f 6047/8493/2316 5532/8195/2316 5528/7354/2316 6041/7353/2316
f 5549/7118/2317 5534/7117/2317 5536/8197/2317 5553/8211/2317
f 5553/8211/2318 5536/8197/2318 5533/7439/2318 5547/7438/2318
f 5971/7368/2319 5541/7367/2319 5543/8202/2319 5974/8431/2319
f 5974/8431/2320 5543/8202/2320 5540/7089/2320 5972/7088/2320
f 5521/7114/2321 5499/7113/2321 5501/8174/2321 5525/8191/2321
f 5525/8191/2322 5501/8174/2322 5498/6931/2322 5519/6930/2322
f 5819/7191/2323 5506/7190/2323 5508/8178/2323 5823/8295/2323
f 5823/8295/2324 5508/8178/2324 5505/7090/2324 5817/7093/2324
f 6006/6967/2325 5513/6966/2325 5515/8183/2325 6009/8461/2325
f 6009/8461/2326 5515/8183/2326 5512/7183/2326 6007/7182/2326
f 6050/7110/2327 5457/7109/2327 5459/8143/2327 6054/8496/2327
f 6054/8496/2328 5459/8143/2328 5456/6992/2328 6048/6995/2328
f 5493/6934/2329 5936/6936/2329 5942/8398/2329 5497/8173/2329
f 5497/8173/2330 5942/8398/2330 5938/6986/2330 5491/6985/2330
f 5768/7099/2331 5464/7102/2331 5466/7188/2331 5771/8261/2331
f 5771/8261/2332 5466/7188/2332 5463/7188/2332 5769/5581/2332
f 5894/6940/2333 5465/6939/2333 5468/8152/2333 5897/8360/2333
f 5897/8360/2334 5468/8152/2334 5464/7102/2334 5895/7101/2334
f 5486/7230/2335 5992/7229/2335 5998/8448/2335 5490/8168/2335
f 5490/8168/2336 5998/8448/2336 5994/6808/2336 5484/6807/2336
f 5889/7431/2337 5896/7085/2337 5899/8363/2337 5893/8358/2337
f 5893/8358/2338 5899/8363/2338 5895/7101/2338 5887/7100/2338
f 5929/6846/2339 5429/6845/2339 5431/8120/2339 5932/8390/2339
f 5932/8390/2340 5431/8120/2340 5428/7218/2340 5930/7217/2340
f 5903/6878/2341 5908/6881/2341 5914/8373/2341 5907/8370/2341
f 5907/8370/2342 5914/8373/2342 5910/7413/2342 5901/7412/2342
f 5423/7187/2343 5443/7186/2343 5445/8131/2343 5427/8117/2343
f 5427/8117/2344 5445/8131/2344 5442/7104/2344 5421/7103/2344
f 5777/7556/2345 5393/7559/2345 5399/8103/2345 5781/8264/2345
f 5781/8264/2346 5399/8103/2346 5395/8103/2346 5775/6738/2346
f 5784/6946/2347 5408/6945/2347 5410/8108/2347 5788/8269/2347
f 5788/8269/1377 5410/8108/1377 5407/6880/1377 5782/6879/1377
f 5917/7326/2348 5922/7098/2348 5928/8528/2348 5921/8382/2348
f 5921/8382/2349 5928/8528/2349 5924/7558/2349 5915/7557/2349
f 5615/6950/2350 5401/6953/2350 5403/6947/2350 5617/8529/2350
f 5617/8529/2351 5403/6947/2351 5400/6948/2351 5616/6947/2351
f 5634/7160/2352 5436/7163/2352 5438/8126/2352 5635/8530/2352
f 5635/8530/2353 5438/8126/2353 5435/6943/2353 5633/6942/2353
f 5527/6956/2354 5672/6955/2354 5674/8531/2354 5531/8196/2354
f 5531/8196/2355 5674/8531/2355 5673/7351/2355 5528/7354/2355
f 5429/6845/2356 5627/6844/2356 5629/8123/2356 5433/8123/2356
f 5433/8123/2357 5629/8123/2357 5628/6643/2357 5430/7268/2357
f 5651/7227/2358 5486/7230/2358 5489/6622/2358 5653/8532/2358
f 5653/8532/2359 5489/6622/2359 5485/7523/2359 5652/6622/2359
f 5670/7111/2360 5521/7114/2360 5524/8192/2360 5671/8533/2360
f 5671/8533/2361 5524/8192/2361 5520/6928/2361 5669/6927/2361
f 6029/6809/2362 5708/6812/2362 5710/8534/2362 6033/8482/2362
f 6033/8482/2363 5710/8534/2363 5709/7369/2363 6027/7371/2363
f 5666/6954/2364 5507/6957/2364 5510/8181/2364 5668/8535/2364
f 5668/8535/2365 5510/8181/2365 5506/7190/2365 5667/7189/2365
f 5465/6939/2366 5648/6938/2366 5650/8536/2366 5469/8151/2366
f 5469/8151/2367 5650/8536/2367 5649/6719/2367 5463/7188/2367
f 5810/7455/2368 5690/7458/2368 5692/8537/2368 5813/8287/2368
f 5813/8287/2369 5692/8537/2369 5691/6819/2369 5811/6820/2369
f 5643/7451/2370 5458/7454/2370 5461/8148/2370 5644/8538/2370
f 5644/8538/2371 5461/8148/2371 5457/7109/2371 5642/7108/2371
f 5682/7115/2372 5549/7118/2372 5552/8212/2372 5683/8539/2372
f 5683/8539/2373 5552/8212/2373 5548/6924/2373 5681/6923/2373
f 5660/6934/2374 5493/6934/2374 5496/6714/2374 5662/8540/2374
f 5662/8540/2375 5496/6714/2375 5492/7532/2375 5661/6714/2375
f 5570/6918/2376 5699/6917/2376 5701/8223/2376 5574/8223/2376
f 5574/8223/2377 5701/8223/2377 5700/6914/2377 5568/6915/2377
f 5723/6907/2378 5584/6907/2378 5587/6560/2378 5725/8541/2378
f 5725/8541/2379 5587/6560/2379 5583/6866/2379 5724/6560/2379
f 5679/7457/2380 6034/7456/2380 6040/8485/2380 5680/8542/2380
f 5680/8542/2381 6040/8485/2381 6036/6707/2381 5678/6706/2381
f 5676/7043/2382 5535/7046/2382 5538/8200/2382 5677/8543/2382
f 5677/8543/2383 5538/8200/2383 5534/7117/2383 5675/7116/2383
f 5738/6768/2384 5803/6767/2384 5809/8284/2384 5740/8544/2384
f 5740/8544/2385 5809/8284/2385 5805/5660/2385 5739/5661/2385
f 5732/7052/2386 5589/7055/2386 5595/6554/2386 5734/8545/2386
f 5734/8545/2387 5595/6554/2387 5591/6906/2387 5733/6554/2387
f 6057/6766/2388 5744/6765/2388 5746/8546/2388 6061/8505/2388
f 6061/8505/2389 5746/8546/2389 5745/7424/2389 6055/7426/2389
f 5987/7010/2390 5959/7013/2390 5962/8417/2390 5991/8445/2390
f 5991/8445/2391 5962/8417/2391 5958/7297/2391 5985/7435/2391
f 5597/6832/2392 5735/6831/2392 5737/8241/2392 5601/8241/2392
f 5601/8241/2393 5737/8241/2393 5736/6556/2393 5598/7280/2393
f 5696/7030/2394 5563/7033/2394 5566/6693/2394 5698/8547/2394
f 5698/8547/2395 5566/6693/2395 5562/6974/2395 5697/6693/2395
f 5640/7442/2396 5449/7445/2396 5455/8141/2396 5641/8548/2396
f 5641/8548/2397 5455/8141/2397 5451/7376/2397 5639/7375/2397
f 5541/7367/2398 5684/7366/2398 5686/8205/2398 5545/8205/2398
f 5545/8205/2399 5686/8205/2399 5685/6701/2399 5542/7547/2399
f 5658/5588/2400 5500/6979/2400 5503/8177/2400 5659/8549/2400
f 5659/8549/2401 5503/8177/2401 5499/7113/2401 5657/7112/2401
f 5687/7003/2402 5555/7006/2402 5557/6920/2402 5689/8550/2402
f 5689/8550/2403 5557/6920/2403 5554/6921/2403 5688/6920/2403
f 5646/7374/2404 5471/7377/2404 5473/8154/2404 5647/8551/2404
f 5647/8551/2405 5473/8154/2405 5470/6869/2405 5645/6868/2405
f 5513/6966/2406 5663/6965/2406 5665/8186/2406 5517/8186/2406
f 5517/8186/2407 5665/8186/2407 5664/6851/2407 5514/7309/2407
f 5624/6756/2408 5409/6759/2408 5412/6642/2408 5626/8552/2408
f 5626/8552/2409 5412/6642/2409 5408/6945/2409 5625/6642/2409
f 5622/5558/2410 5414/7273/2410 5420/8113/2410 5623/8553/2410
f 5623/8553/2411 5420/8113/2411 5416/7162/2411 5621/7161/2411
f 5479/7453/2412 5654/7452/2412 5656/8554/2412 5483/8164/2412
f 5483/8164/2413 5656/8554/2413 5655/6969/2413 5477/6970/2413
f 5394/7148/2414 5612/7147/2414 5614/8101/2414 5398/8101/2414
f 5398/8101/2415 5614/8101/2415 5613/6825/2415 5395/8103/2415
f 5630/7184/2416 5423/7187/2416 5426/8118/2416 5632/8555/2416
f 5632/8555/2417 5426/8118/2417 5422/6841/2417 5631/6840/2417
f 5826/7447/2418 5618/7450/2418 5620/8556/2418 5830/8303/2418
f 5830/8303/2419 5620/8556/2419 5619/6889/2419 5824/6890/2419
f 5721/7172/2420 5577/7173/2420 5580/8229/2420 5722/8229/2420
f 5722/8229/2421 5580/8229/2421 5576/7077/2421 5720/7076/2421
f 5443/7186/2422 5636/7185/2422 5638/8557/2422 5447/8134/2422
f 5447/8134/2423 5638/8557/2423 5637/7355/2423 5444/7358/2423
f 5923/7149/2424 5394/7148/2424 5396/8098/2424 5927/8387/2424
f 5927/8387/2425 5396/8098/2425 5393/7559/2425 5924/7558/2425
f 5401/6953/2426 5943/6952/2426 5949/8403/2426 5405/6953/2426
f 5405/6953/2427 5949/8403/2427 5945/7608/2427 5402/7607/2427
f 6064/5556/2428 5606/5555/2428 5608/8558/2428 6068/8509/2428
f 6068/8509/2429 5608/8558/2429 5607/7449/2429 6062/7448/2429
f 5409/6759/2430 5909/6758/2430 5911/8371/2430 5413/6759/2430
f 5413/6759/2431 5911/8371/2431 5908/6881/2431 5407/6880/2431
f 5436/7163/2432 5416/7162/2432 5419/8114/2432 5440/8129/2432
f 5440/8129/2433 5419/8114/2433 5415/6784/2433 5437/6783/2433
f 5833/6842/2434 5422/6841/2434 5424/8115/2434 5837/8307/2434
f 5837/8307/2435 5424/8115/2435 5421/7103/2435 5831/7106/2435
f 6071/7105/2436 5442/7104/2436 5448/8133/2436 6075/8518/2436
f 6075/8518/2437 5448/8133/2437 5444/7358/2437 6069/7357/2437
f 5471/7377/2438 5451/7376/2438 5454/8142/2438 5475/8157/2438
f 5475/8157/2439 5454/8142/2439 5450/7022/2439 5472/7021/2439
f 5458/7454/2440 5479/7453/2440 5482/8165/2440 5462/8147/2440
f 5462/8147/2441 5482/8165/2441 5478/6993/2441 5456/6992/2441
f 5840/6994/2442 5478/6993/2442 5480/8159/2442 5844/8314/2442
f 5844/8314/2443 5480/8159/2443 5477/6970/2443 5838/6859/2443
f 5791/6712/2444 5492/7532/2444 5494/8171/2444 5795/8275/2444
f 5795/8275/2445 5494/8171/2445 5491/6985/2445 5789/6984/2445
f 5507/6957/2446 5527/6956/2446 5529/8193/2446 5511/8180/2446
f 5511/8180/2447 5529/8193/2447 5526/7091/2447 5505/7090/2447
f 6015/6983/2448 5938/6986/2448 5941/8399/2448 6019/8469/2448
f 6019/8469/2449 5941/8399/2449 5937/7313/2449 6013/7567/2449
f 6022/7322/2450 5973/7318/2450 5976/8430/2450 6026/8475/2450
f 6026/8475/2451 5976/8430/2451 5972/7088/2451 6020/7087/2451
f 5555/7006/2452 5964/7005/2452 5970/8425/2452 5559/8215/2452
f 5559/8215/2453 5970/8425/2453 5966/7571/2453 5556/7570/2453
f 5796/7086/2454 5540/7089/2454 5546/8204/2454 5799/8277/2454
f 5799/8277/2455 5546/8204/2455 5542/7547/2455 5797/6925/2455
f 5563/7033/2456 5867/7032/2456 5869/8334/2456 5567/7033/2456
f 5567/7033/2457 5869/8334/2457 5866/7584/2457 5561/7583/2457
f 5999/6919/2458 5570/6918/2458 5573/8224/2458 6002/8451/2458
f 6002/8451/2459 5573/8224/2459 5569/7308/2459 6000/7307/2459
f 5847/5633/2460 5703/5632/2460 5704/8559/2460 5851/8318/2460
f 5851/8318/2461 5704/8559/2461 5702/6811/2461 5845/6810/2461
f 5881/7078/2462 5576/7077/2462 5578/8227/2462 5885/8349/2462
f 5885/8349/2463 5578/8227/2463 5575/7600/2463 5882/7599/2463
f 6078/6839/2464 5714/6838/2464 5716/8560/2464 6082/8521/2464
f 6082/8521/2465 5716/8560/2465 5715/6684/2465 6076/6683/2465
f 5852/6682/2466 5726/6681/2466 5728/8561/2466 5855/8320/2466
f 5855/8320/2467 5728/8561/2467 5727/6777/2467 5853/6779/2467
f 5739/5656/2468 5745/5659/2468 5746/8546/2468 5740/8544/2468
f 5740/8544/2469 5746/8546/2469 5744/6765/2469 5738/6768/2469
f 5742/7069/2470 5730/7068/2470 5731/8562/2470 5743/8563/2470
f 5743/8563/2471 5731/8562/2471 5729/5646/2471 5741/5649/2471
f 5714/5638/2472 5727/5641/2472 5728/8561/2472 5716/8560/2472
f 5716/8560/2473 5728/8561/2473 5726/6681/2473 5715/6684/2473
f 5718/7360/2474 5712/7359/2474 5713/8564/2474 5719/8565/2474
f 5719/8565/2475 5713/8564/2475 5711/5634/2475 5717/5637/2475
f 5703/5627/2476 5709/5630/2476 5710/8534/2476 5704/8559/2476
f 5704/8559/2477 5710/8534/2477 5708/6812/2477 5702/6811/2477
f 5706/7081/2478 5694/7080/2478 5695/8566/2478 5707/8567/2478
f 5707/8567/2479 5695/8566/2479 5693/5617/2479 5705/5620/2479
f 5678/5609/2480 5691/5612/2480 5692/8537/2480 5680/8542/2480
f 5680/8542/2481 5692/8537/2481 5690/7458/2481 5679/7457/2481
f 5681/5607/2482 5676/5606/2482 5677/8543/2482 5683/8539/2482
f 5683/8539/2483 5677/8543/2483 5675/7116/2483 5682/7115/2483
f 5667/5597/2484 5673/5600/2484 5674/8531/2484 5668/8535/2484
f 5668/8535/2485 5674/8531/2485 5672/6955/2485 5666/6954/2485
f 5669/5589/2486 5658/5588/2486 5659/8549/2486 5671/8533/2486
f 5671/8533/2487 5659/8549/2487 5657/7112/2487 5670/7111/2487
f 5642/6722/2488 5655/6725/2488 5656/8554/2488 5644/8538/2488
f 5644/8538/2489 5656/8554/2489 5654/7452/2489 5643/7451/2489
f 5645/5577/2490 5640/5576/2490 5641/8548/2490 5647/8551/2490
f 5647/8551/2491 5641/8548/2491 5639/7375/2491 5646/7374/2491
f 5631/5567/2492 5637/5570/2492 5638/8557/2492 5632/8555/2492
f 5632/8555/2493 5638/8557/2493 5636/7185/2493 5630/7184/2493
f 5633/5559/2494 5622/5558/2494 5623/8553/2494 5635/8530/2494
f 5635/8530/2495 5623/8553/2495 5621/7161/2495 5634/7160/2495
f 5606/6744/2496 5619/6747/2496 5620/8556/2496 5608/8558/2496
f 5608/8558/2497 5620/8556/2497 5618/7450/2497 5607/7449/2497
f 5610/7373/2498 5604/7372/2498 5605/8568/2498 5611/8569/2498
f 5611/8569/2499 5605/8568/2499 5603/6544/2499 5609/6547/2499
f 5730/7066/2500 5749/6666/2500 5752/8245/2500 5731/8562/2500
f 5731/8562/2501 5752/8245/2501 5748/5647/2501 5729/5646/2501
f 5717/5637/2502 5756/5636/2502 5759/8250/2502 5719/8565/2502
f 5719/8565/2503 5759/8250/2503 5755/6676/2503 5718/6675/2503
f 5705/5620/2504 5860/5619/2504 5862/8327/2504 5707/8567/2504
f 5707/8567/2505 5862/8327/2505 5859/6687/2505 5706/6686/2505
f 5712/6975/2506 5875/6977/2506 5878/8342/2506 5713/8564/2506
f 5713/8564/2507 5878/8342/2507 5874/5635/2507 5711/5634/2507
f 5694/6688/2508 5763/6691/2508 5766/8255/2508 5695/8566/2508
f 5695/8566/2509 5766/8255/2509 5762/5618/2509 5693/5617/2509
f 5472/7021/2510 5770/7024/2510 5773/8260/2510 5476/8156/2510
f 5476/8156/2511 5773/8260/2511 5769/5581/2511 5470/6869/2511
f 5449/7445/2512 5889/7444/2512 5892/8356/2512 5452/8137/2512
f 5452/8137/2513 5892/8356/2513 5888/7023/2513 5450/7022/2513
f 5437/6783/2514 5902/6786/2514 5904/8366/2514 5441/8128/2514
f 5441/8128/2515 5904/8366/2515 5901/6944/2515 5435/6943/2515
f 5609/6547/2516 5776/6546/2516 5778/8262/2516 5611/8569/2516
f 5611/8569/2517 5778/8262/2517 5775/6738/2517 5610/6739/2517
f 5414/7273/2518 5784/6946/2518 5787/8270/2518 5417/8111/2518
f 5417/8111/2519 5787/8270/2519 5783/6785/2519 5415/6784/2519
f 5604/6958/2520 5917/6960/2520 5920/8381/2520 5605/8568/2520
f 5605/8568/2521 5920/8381/2521 5916/6545/2521 5603/6544/2521
f 5741/5649/2522 5986/5648/2522 5988/8440/2522 5743/8563/2522
f 5743/8563/2523 5988/8440/2523 5985/6658/2523 5742/6657/2523
f 5500/6979/2524 5791/6712/2524 5794/8276/2524 5504/8176/2524
f 5504/8176/2525 5794/8276/2525 5790/6932/2525 5498/6931/2525
f 5519/6930/2526 6014/6933/2526 6016/8464/2526 5522/8189/2526
f 5522/8189/2527 6016/8464/2527 6013/6929/2527 5520/6928/2527
f 5535/7046/2528 6022/7045/2528 6025/8473/2528 5539/8199/2528
f 5539/8199/2529 6025/8473/2529 6021/7440/2529 5533/7439/2529
f 5547/7438/2530 5798/7441/2530 5801/8280/2530 5550/8207/2530
f 5550/8207/2531 5801/8280/2531 5797/6925/2531 5548/6924/2531
f 5915/7557/2532 5777/7556/2532 5780/8265/2532 5918/8378/2532
f 5918/8378/2533 5780/8265/2533 5776/6546/2533 5916/6545/2533
f 5782/6879/1343 5903/6878/1343 5906/8369/1343 5785/8267/1343
f 5785/8267/1343 5906/8369/1343 5902/6786/1343 5783/6785/1343
f 5887/7100/1325 5768/7099/1325 5774/8259/1325 5890/8353/1325
f 5890/8353/1325 5774/8259/1325 5770/7024/1325 5888/7023/1325
f 5789/6984/1168 6015/6983/1168 6018/8467/1168 5792/8273/1168
f 5792/8273/1168 6018/8467/1168 6014/6933/1168 5790/6932/1168
f 6020/7087/1379 5796/7086/1379 5802/8279/1379 6023/8470/1379
f 6023/8470/1379 5802/8279/1379 5798/7441/1379 6021/7440/1379
f 5761/7582/2534 5861/7581/2534 5864/8330/2534 5764/8252/2534
f 5764/8252/2535 5864/8330/2535 5860/5619/2535 5762/5618/2535
f 5873/7598/2536 5754/7597/2536 5760/8251/2536 5876/8339/2536
f 5876/8339/2537 5760/8251/2537 5756/5636/2537 5874/5635/2537
f 5747/7011/2538 5987/7010/2538 5990/8443/2538 5750/8570/2538
f 5750/8570/2539 5990/8443/2539 5986/5648/2539 5748/5647/2539
f 5598/7280/2540 5805/5660/2540 5808/8285/2540 5602/8240/2540
f 5602/8240/2541 5808/8285/2541 5804/7167/2541 5596/7170/2541
f 6000/7307/2542 6028/7306/2542 6030/8477/2542 6004/8454/2542
f 6004/8454/2543 6030/8477/2543 6027/7338/2543 6001/7337/2543
f 5556/7570/2544 5812/7569/2544 5815/8290/2544 5560/8214/2544
f 5560/8214/2545 5815/8290/2545 5811/6922/2545 5554/6921/2545
f 5965/7350/2546 6036/7349/2546 6039/8486/2546 5969/8571/2546
f 5969/8571/2547 6039/8486/2547 6035/7568/2547 5966/7571/2547
f 6007/7182/2548 6042/7181/2548 6044/8489/2548 6011/8460/2548
f 6011/8460/2549 6044/8489/2549 6041/7430/2549 6008/7387/2549
f 5514/7309/2444 5819/7191/2444 5822/8296/2444 5518/8572/2444
f 5518/8572/2445 5822/8296/2445 5818/7180/2445 5512/7183/2445
f 5993/7020/2550 6050/7019/2550 6053/8497/2550 5997/8449/2550
f 5997/8449/2551 6053/8497/2551 6049/6805/2551 5994/6808/2551
f 5402/7607/2552 5825/7606/2552 5827/8299/2552 5406/6948/2552
f 5406/6948/2553 5827/8299/2553 5824/6949/2553 5400/6948/2553
f 5951/7169/2554 6056/7168/2554 6058/8500/2554 5955/8410/2554
f 5955/8410/2555 6058/8500/2555 6055/6610/2555 5952/6609/2555
f 5944/7344/2556 6064/7343/2556 6067/8510/2556 5948/8404/2556
f 5948/8404/2557 6067/8510/2557 6063/7605/2557 5945/7608/2557
f 5430/7268/2347 5833/6842/2347 5836/8308/2347 5434/8122/2347
f 5434/8122/1377 5836/8308/1377 5832/7215/1377 5428/7218/1377
f 5930/7217/2558 6070/7216/2558 6072/8514/2558 5934/8573/2558
f 5934/8573/2559 6072/8514/2559 6069/6582/2559 5931/6581/2559
f 5484/6807/2331 5839/6806/2331 5841/8310/2331 5487/8169/2331
f 5487/8169/2332 5841/8310/2332 5838/6859/2332 5485/7523/2332
f 5568/6915/2560 5847/5633/2560 5850/8319/2560 5571/8225/2560
f 5571/8225/2561 5850/8319/2561 5846/7305/2561 5569/7308/2561
f 5979/7423/2562 6078/7422/2562 6081/8522/2562 5983/8439/2562
f 5983/8439/2563 6081/8522/2563 6077/6910/2563 5980/6913/2563
f 5582/6912/2564 5854/6911/2564 5857/8326/2564 5585/8232/2564
f 5585/8232/2565 5857/8326/2565 5853/6867/2565 5583/6866/2565
f 5825/7606/2566 6063/7605/2566 6065/8507/2566 5829/8302/2566
f 5829/8302/2567 6065/8507/2567 6062/7448/2567 5826/7447/2567
f 6070/7216/1343 5832/7215/1343 5834/8305/1343 6074/8517/1343
f 6074/8517/1343 5834/8305/1343 5831/7106/1343 6071/7105/1343
f 5839/6806/1325 6049/6805/1325 6051/8494/1325 5843/8574/1325
f 5843/8574/1325 6051/8494/1325 6048/6995/1325 5840/6994/1325
f 6042/7181/1168 5818/7180/1168 5820/8297/1168 6046/8492/1168
f 6046/8492/1168 5820/8297/1168 5817/7093/1168 6043/7092/1168
f 5812/7569/2568 6035/7568/2568 6037/8483/2568 5816/8289/2568
f 5816/8289/2569 6037/8483/2569 6034/7456/2569 5810/7455/2569
f 6028/7306/2570 5846/7305/2570 5848/8316/2570 6032/8480/2570
f 6032/8480/2571 5848/8316/2571 5845/6810/2571 6029/6809/2571
f 5854/6911/2572 6077/6910/2572 6079/8519/2572 5858/8575/2572
f 5858/8575/2573 6079/8519/2573 6076/6683/2573 5852/6682/2573
f 6056/7168/2574 5804/7167/2574 5806/8282/2574 6060/8503/2574
f 6060/8503/2575 5806/8282/2575 5803/6767/2575 6057/6766/2575
f 6083/6843/2576 5929/6846/2576 5935/8392/2576 6085/8576/2576
f 6085/8577/2577 5935/8394/2577 5931/6581/2577 6084/7397/2577
f 6084/8578/2578 5628/8579/2578 5629/8580/2578 6085/8581/2578
f 6085/8582/2579 5629/8583/2579 5627/6844/2579 6083/6843/2579
f 6089/6757/2580 5624/6756/2580 5626/8552/2580 6091/8584/2580
f 6091/8584/2581 5626/8552/2581 5625/6642/2581 6090/8585/2581
f 6086/7075/2582 5881/7078/2582 5883/8350/2582 6088/8586/2582
f 6088/8587/2583 5883/8346/2583 5880/7127/2583 6087/7126/2583
f 6087/6562/2584 5721/6561/2584 5722/8588/2584 6088/8589/2584
f 6088/8590/2585 5722/8591/2585 5720/7076/2585 6086/7075/2585
f 6116/6908/2586 5723/6907/2586 5725/8541/2586 6118/8592/2586
f 6118/8592/2587 5725/8541/2587 5724/6560/2587 6117/6559/2587
f 5909/6758/2588 6089/6757/2588 6091/8584/2588 5913/8593/2588
f 5913/8593/2589 6091/8584/2589 6090/6865/2589 5910/6864/2589
f 5936/6936/2590 6092/6935/2590 6094/8594/2590 5939/8595/2590
f 5939/8595/2591 6094/8594/2591 6093/7314/2591 5937/7313/2591
f 5661/6714/2592 6093/8596/2592 6094/8594/2592 5662/8540/2592
f 5662/8540/2593 6094/8594/2593 6092/6935/2593 5660/6934/2593
f 5663/6965/2594 6128/6964/2594 6130/8597/2594 5665/8598/2594
f 5665/8599/2595 6130/8600/2595 6129/8601/2595 5664/6851/2595
f 5943/6952/2596 6095/6951/2596 6097/8602/2596 5946/8603/2596
f 5946/8603/2597 6097/8602/2597 6096/7395/2597 5944/7394/2597
f 5616/6653/2598 6096/6652/2598 6097/8602/2598 5617/8529/2598
f 5617/8529/2599 6097/8602/2599 6095/6951/2599 5615/6950/2599
f 5612/7147/2600 6104/7146/2600 6106/8604/2600 5614/8605/2600
f 5614/8606/2601 6106/8607/2601 6105/6655/2601 5613/6654/2601
f 6098/6830/2602 5950/6833/2602 5956/8409/2602 6100/8608/2602
f 6100/8609/2603 5956/8412/2603 5952/6609/2603 6099/7391/2603
f 6099/6646/2604 5736/6645/2604 5737/8610/2604 6100/8611/2604
f 6100/8612/2605 5737/8613/2605 5735/6831/2605 6098/6830/2605
f 6107/7053/2606 5732/7052/2606 5734/8545/2606 6109/8614/2606
f 6109/8614/2607 5734/8545/2607 5733/6554/2607 6108/6891/2607
f 5867/7032/2608 6101/7031/2608 6103/8615/2608 5871/8616/2608
f 5871/8616/2609 6103/8615/2609 6102/6978/2609 5868/6905/2609
f 5697/8617/2610 6102/8618/2610 6103/8615/2610 5698/8547/2610
f 5698/8547/2611 6103/8615/2611 6101/7031/2611 5696/7030/2611
f 5699/6917/2612 6125/6916/2612 6127/8619/2612 5701/8620/2612
f 5701/8621/2613 6127/8622/2613 6126/8623/2613 5700/6814/2613
f 6104/7146/2614 5923/7149/2614 5925/8388/2614 6106/8624/2614
f 6106/8625/2615 5925/8384/2615 5922/7098/2615 6105/7097/2615
f 5957/7054/2616 6107/7053/2616 6109/8614/2616 5960/8626/2616
f 5960/8626/2617 6109/8614/2617 6108/7298/2617 5958/7297/2617
f 5964/7005/2618 6110/7004/2618 6112/8627/2618 5967/8628/2618
f 5967/8628/2619 6112/8627/2619 6111/7383/2619 5965/7382/2619
f 5688/6593/2620 6111/6592/2620 6112/8627/2620 5689/8550/2620
f 5689/8550/2621 6112/8627/2621 6110/7004/2621 5687/7003/2621
f 5684/7366/2622 6113/7365/2622 6115/8629/2622 5686/8630/2622
f 5686/8631/2623 6115/8632/2623 6114/6595/2623 5685/6594/2623
f 6113/7365/2624 5971/7368/2624 5977/8429/2624 6115/8633/2624
f 6115/8634/2625 5977/8432/2625 5973/7318/2625 6114/7317/2625
f 5978/6909/2626 6116/6908/2626 6118/8592/2626 5981/8635/2626
f 5981/8635/2627 6118/8592/2627 6117/7403/2627 5979/7402/2627
f 6119/6937/2628 5894/6940/2628 5900/8362/2628 6121/8636/2628
f 6121/8637/2629 5900/8364/2629 5896/7085/2629 6120/7084/2629
f 6120/6624/2630 5649/6623/2630 5650/8638/2630 6121/8639/2630
f 6121/8640/2631 5650/8641/2631 5648/6938/2631 6119/6937/2631
f 6122/7228/2632 5651/7227/2632 5653/8532/2632 6124/8642/2632
f 6124/8642/2633 5653/8532/2633 5652/6622/2633 6123/6621/2633
f 5992/7229/2634 6122/7228/2634 6124/8642/2634 5995/8643/2634
f 5995/8643/2635 6124/8642/2635 6123/7389/2635 5993/7020/2635
f 6125/6916/2636 5999/6919/2636 6005/8453/2636 6127/8644/2636
f 6127/8645/2637 6005/8455/2637 6001/7337/2637 6126/7380/2637
f 6128/6964/2638 6006/6967/2638 6012/8459/2638 6130/8646/2638
f 6130/8647/2639 6012/8462/2639 6008/7387/2639 6129/7386/2639
f 5613/6825/1325 4475/6738/1325 5775/6738/1325 5395/8103/1325
g module3_Material.075
usemtl Material.075
f 3277/5557/1122 5622/5558/1123 5633/5559/1124 3279/5560/1125
f 4376/5561/358 3272/5562/13 3274/5563/15 4380/5564/362
f 4380/5564/362 3274/5563/15 3276/5565/1126 4384/5566/1127
f 5631/5567/1128 3278/5568/1129 3280/5569/1130 5637/5570/1131
f 4387/5571/1132 5633/5572/1124 4957/5573/1133 4784/5574/1134
f 3283/5575/1135 5640/5576/1136 5645/5577/1137 3285/5578/49
f 4391/5579/239 5645/5580/1137 4468/5581/287 4467/5582/239
f 4388/5583/1138 5642/5584/1139 5006/5585/1140 4811/5586/1141
f 3293/5587/1142 5658/5588/1143 5669/5589/1144 3295/5590/1145
f 4394/5591/239 3288/5592/132 3290/5593/124 4398/5594/223
f 4398/5594/223 3290/5593/124 3292/5595/123 4402/5596/224
f 5667/5597/1146 3294/5598/117 3296/5599/1147 5673/5600/1148
f 4405/5601/1149 5669/5602/1144 4943/5603/1150 4777/5604/1151
f 3299/5605/1152 5676/5606/1153 5681/5607/1154 3301/5608/1155
f 5678/5609/1156 3300/5610/1157 3302/5611/1158 5691/5612/1159
f 4406/5613/1160 5678/5614/1156 4992/5615/1161 4804/5616/1162
f 4412/5621/263 3304/5622/98 3306/5623/95 4416/5624/251
f 4416/5624/251 3306/5623/95 3308/5625/89 4420/5626/230
f 5703/5627/1164 3310/5628/1165 3312/5629/1166 5709/5630/1167
f 5714/5638/1170 3316/5639/1171 3318/5640/1172 5727/5641/1173
f 4424/5642/1174 5714/5643/1170 4978/5644/1175 4797/5645/1176
f 4430/5650/142 3320/5651/67 3322/5652/63 4434/5653/140
f 4434/5653/140 3322/5652/63 3324/5654/60 4438/5655/137
f 5739/5656/1178 3326/5657/59 3328/5658/1179 5745/5659/1180
f 3262/5662/118 3260/5663/122 3634/5664/123 3618/5665/117
f 3590/5668/111 3612/5669/114 3613/5670/112 3587/5671/109
f 3203/5672/104 3201/5673/116 3265/5674/1183 3266/5675/1184
f 3202/5676/110 3204/5677/105 3267/5678/1185 3268/5679/1186
f 3205/5680/101 3203/5672/104 3266/5675/1184 3269/5681/25
f 3204/5677/105 3206/5682/102 3270/5683/1187 3267/5678/1185
f 3207/5684/96 3205/5680/101 3269/5681/25 3271/5685/23
f 3206/5682/102 3208/5686/97 3272/5687/13 3270/5683/1187
f 3209/5688/93 3207/5684/96 3271/5685/23 3273/5689/24
f 3208/5686/97 3210/5690/94 3274/5691/15 3272/5687/13
f 3211/5692/91 3209/5688/93 3273/5689/24 3275/5693/32
f 3210/5690/94 3212/5694/90 3276/5695/1126 3274/5691/15
f 3213/5696/85 3211/5692/91 3275/5693/32 3277/5697/1122
f 3212/5694/90 3214/5698/83 3278/5699/1129 3276/5695/1126
f 3215/5700/86 3213/5696/85 3277/5697/1122 3279/5701/1125
f 3214/5698/83 3216/5702/81 3280/5703/1130 3278/5699/1129
f 3217/5704/77 3215/5700/86 3279/5701/1125 3281/5705/1188
f 3216/5702/81 3218/5706/78 3282/5707/1189 3280/5703/1130
f 3219/5708/73 3217/5704/77 3281/5705/1188 3283/5709/1135
f 3218/5706/78 3220/5710/74 3284/5711/1190 3282/5707/1189
f 3221/5712/68 3219/5708/73 3283/5709/1135 3285/5713/49
f 3220/5710/74 3222/5714/69 3286/5715/1191 3284/5711/1190
f 3223/5716/65 3221/5712/68 3285/5713/49 3287/5717/129
f 3222/5714/69 3224/5718/66 3288/5719/132 3286/5715/1191
f 3225/5720/61 3223/5716/65 3287/5717/129 3289/5721/128
f 3224/5718/66 3226/5722/62 3290/5723/124 3288/5719/132
f 3227/5724/56 3225/5720/61 3289/5721/128 3291/5725/127
f 3226/5722/62 3228/5726/57 3292/5727/123 3290/5723/124
f 3229/5728/53 3227/5724/56 3291/5725/127 3293/5729/1142
f 3228/5726/57 3230/5730/54 3294/5731/117 3292/5727/123
f 3231/5732/30 3229/5728/53 3293/5729/1142 3295/5733/1145
f 3230/5730/54 3232/5734/9 3296/5735/1147 3294/5731/117
f 3233/5736/29 3231/5732/30 3295/5733/1145 3297/5737/1192
f 3232/5734/9 3234/5738/1 3298/5739/1193 3296/5735/1147
f 3235/5740/27 3233/5736/29 3297/5737/1192 3299/5741/1152
f 3234/5738/1 3236/5742/4 3300/5743/1157 3298/5739/1193
f 3237/5744/22 3235/5740/27 3299/5741/1152 3301/5745/1155
f 3236/5742/4 3238/5746/12 3302/5747/1158 3300/5743/1157
f 3239/5748/19 3237/5744/22 3301/5745/1155 3303/5749/100
f 3238/5746/12 3240/5750/14 3304/5751/98 3302/5747/1158
f 3241/5752/20 3239/5748/19 3303/5749/100 3305/5753/99
f 3240/5750/14 3242/5754/16 3306/5755/95 3304/5751/98
f 3243/5756/21 3241/5752/20 3305/5753/99 3307/5757/92
f 3242/5754/16 3244/5758/18 3308/5759/89 3306/5755/95
f 3245/5760/33 3243/5756/21 3307/5757/92 3309/5761/1194
f 3244/5758/18 3246/5762/34 3310/5763/1165 3308/5759/89
f 3247/5764/36 3245/5760/33 3309/5761/1194 3311/5765/1195
f 3246/5762/34 3248/5766/37 3312/5767/1166 3310/5763/1165
f 3249/5768/41 3247/5764/36 3311/5765/1195 3313/5769/1196
f 3248/5766/37 3250/5770/42 3314/5771/1197 3312/5767/1166
f 3251/5772/45 3249/5768/41 3313/5769/1196 3315/5773/1198
f 3250/5770/42 3252/5774/46 3316/5775/1171 3314/5771/1197
f 3253/5776/47 3251/5772/45 3315/5773/1198 3317/5777/1199
f 3252/5774/46 3254/5778/48 3318/5779/1172 3316/5775/1171
f 3255/5780/130 3253/5776/47 3317/5777/1199 3319/5781/1200
f 3254/5778/48 3256/5782/131 3320/5783/67 3318/5779/1172
f 3257/5784/126 3255/5780/130 3319/5781/1200 3321/5785/64
f 3256/5782/131 3258/5786/125 3322/5787/63 3320/5783/67
f 3259/5788/121 3257/5784/126 3321/5785/64 3323/5789/58
f 3258/5786/125 3260/5663/122 3324/5790/60 3322/5787/63
f 3261/5791/119 3259/5788/121 3323/5789/58 3325/5792/1201
f 3260/5663/122 3262/5662/118 3326/5793/59 3324/5790/60
f 3263/5794/115 3261/5791/119 3325/5792/1201 3327/5795/1202
f 3262/5662/118 3264/5796/113 3328/5797/1179 3326/5793/59
f 3201/5673/116 3263/5794/115 3327/5795/1202 3265/5674/1183
f 3264/5796/113 3202/5676/110 3268/5679/1186 3328/5797/1179
f 3260/5663/122 3258/5786/125 3650/5798/124 3634/5664/123
f 3258/5786/125 3256/5782/131 3666/5799/132 3650/5800/124
f 3256/5782/131 3254/5778/48 3682/5801/51 3666/5802/132
f 3254/5778/48 3252/5774/46 3698/5803/50 3682/5804/51
f 3252/5774/46 3250/5770/42 3714/5805/52 3698/5803/50
f 3250/5770/42 3248/5766/37 3730/5806/38 3714/5805/52
f 3248/5766/37 3246/5762/34 3746/5807/35 3730/5806/38
f 3246/5762/34 3244/5758/18 3762/5808/17 3746/5809/35
f 3244/5758/18 3242/5754/16 3778/5810/15 3762/5811/17
f 3242/5754/16 3240/5750/14 3794/5812/13 3778/5810/15
f 3240/5750/14 3238/5746/12 3810/5813/11 3794/5814/13
f 3238/5746/12 3236/5742/4 3826/5815/3 3810/5813/11
f 3236/5742/4 3234/5738/1 3842/5816/2 3826/5817/3
f 3234/5738/1 3232/5734/9 3858/5818/10 3842/5819/2
f 3232/5734/9 3230/5730/54 3874/5820/59 3858/5821/10
f 3230/5730/54 3228/5726/57 3890/5822/60 3874/5823/59
f 3228/5726/57 3226/5722/62 3906/5824/63 3890/5825/60
f 3226/5722/62 3224/5718/66 3922/5826/67 3906/5827/63
f 3224/5718/66 3222/5714/69 3938/5828/1203 3922/5829/67
f 3222/5714/69 3220/5710/74 3954/5830/76 3938/5831/1203
f 3220/5710/74 3218/5706/78 3970/5832/80 3954/5833/76
f 3218/5706/78 3216/5702/81 3986/5834/82 3970/5835/80
f 3216/5702/81 3214/5698/83 4002/5836/84 3986/5834/82
f 3214/5698/83 3212/5694/90 4018/5837/89 4002/5838/84
f 3212/5694/90 3210/5690/94 4034/5839/95 4018/5840/89
f 3210/5690/94 3208/5686/97 4050/5841/98 4034/5842/95
f 3208/5686/97 3206/5682/102 4066/5843/107 4050/5844/98
f 3206/5682/102 3204/5677/105 4082/5845/108 4066/5846/107
f 3583/5847/116 3582/5848/104 3581/5849/105 3584/5850/110
f 3588/5851/111 3614/5852/114 3615/5853/112 3585/5854/109
f 3264/5796/113 3262/5662/118 3618/5855/117 3601/5856/112
f 3202/5676/110 3264/5796/113 3601/5856/112 3599/5850/109
f 3600/5847/111 3602/5857/114 3603/5858/112 3597/5859/109
f 3598/5860/111 3604/5861/114 3605/5862/112 3595/5863/109
f 3596/5864/111 3606/5865/114 3607/5866/112 3593/5867/109
f 3594/5868/111 3608/5869/114 3609/5870/112 3591/5871/109
f 3592/5872/111 3610/5873/114 3611/5874/112 3589/5875/109
f 3586/5876/111 3616/5877/114 3263/5794/115 3201/5673/116
f 4065/5878/103 4081/5879/106 4084/5880/108 4068/5881/107
f 4067/5882/103 4083/5883/106 4086/5884/108 4070/5885/107
f 4069/5886/103 4085/5887/106 4088/5888/108 4072/5889/107
f 4071/5890/103 4087/5891/106 4090/5892/108 4074/5893/107
f 4073/5894/103 4089/5895/106 4092/5896/108 4076/5897/107
f 4075/5898/103 4091/5899/106 4094/5900/108 4078/5901/107
f 4077/5902/103 4093/5903/106 4096/5904/108 4080/5905/107
f 4079/5906/103 4095/5907/106 3203/5672/104 3205/5680/101
f 4049/5908/100 4065/5878/103 4068/5881/107 4052/5909/98
f 4051/5910/100 4067/5911/103 4070/5885/107 4054/5912/98
f 4053/5913/100 4069/5886/103 4072/5914/107 4056/5915/98
f 4055/5916/100 4071/5917/103 4074/5918/107 4058/5919/98
f 4057/5920/100 4073/5894/103 4076/5921/107 4060/5922/98
f 4059/5923/100 4075/5898/103 4078/5901/107 4062/5924/98
f 4061/5925/100 4077/5902/103 4080/5926/107 4064/5927/98
f 4063/5928/100 4079/5929/103 3205/5680/101 3207/5684/96
f 4033/5930/99 4049/5931/100 4052/5932/98 4036/5933/95
f 4035/5934/99 4051/5910/100 4054/5912/98 4038/5935/95
f 4037/5936/99 4053/5913/100 4056/5937/98 4040/5938/95
f 4039/5939/99 4055/5916/100 4058/5940/98 4042/5941/95
f 4041/5942/99 4057/5920/100 4060/5943/98 4044/5944/95
f 4043/5945/99 4059/5946/100 4062/5924/98 4046/5947/95
f 4045/5948/99 4061/5925/100 4064/5927/98 4048/5949/95
f 4047/5950/99 4063/5951/100 3207/5684/96 3209/5688/93
f 4017/5952/92 4033/5953/99 4036/5933/95 4020/5954/89
f 4019/5955/92 4035/5934/99 4038/5935/95 4022/5956/89
f 4021/5957/92 4037/5958/99 4040/5959/95 4024/5960/89
f 4023/5961/92 4039/5962/99 4042/5963/95 4026/5964/89
f 4025/5965/92 4041/5966/99 4044/5944/95 4028/5967/89
f 4027/5968/92 4043/5969/99 4046/5947/95 4030/5970/89
f 4029/5971/92 4045/5948/99 4048/5972/95 4032/5973/89
f 4031/5974/92 4047/5975/99 3209/5688/93 3211/5692/91
f 4001/5976/88 4017/5952/92 4020/5977/89 4004/5978/84
f 4003/5979/88 4019/5980/92 4022/5956/89 4006/5981/84
f 4005/5982/88 4021/5983/92 4024/5960/89 4008/5984/84
f 4007/5985/88 4023/5961/92 4026/5964/89 4010/5986/84
f 4009/5987/88 4025/5965/92 4028/5988/89 4012/5989/84
f 4011/5990/88 4027/5968/92 4030/5970/89 4014/5991/84
f 4013/5992/88 4029/5993/92 4032/5994/89 4016/5995/84
f 4015/5996/88 4031/5997/92 3211/5692/91 3213/5696/85
f 3985/5998/87 4001/5999/88 4004/6000/84 3988/6001/82
f 3987/6002/87 4003/5979/88 4006/5981/84 3990/6003/82
f 3989/6004/87 4005/5982/88 4008/5984/84 3992/6005/82
f 3991/6006/87 4007/5985/88 4010/6007/84 3994/6008/82
f 3993/6009/87 4009/6010/88 4012/6011/84 3996/6012/82
f 3995/6013/87 4011/6014/88 4014/5991/84 3998/6015/82
f 3997/6016/87 4013/6017/88 4016/6018/84 4000/6019/82
f 3999/6020/87 4015/6021/88 3213/5696/85 3215/5700/86
f 3969/6022/79 3985/6023/87 3988/6001/82 3972/6024/80
f 3971/6025/79 3987/6002/87 3990/6003/82 3974/6026/80
f 3973/6027/79 3989/6028/87 3992/6005/82 3976/6029/80
f 3975/6030/79 3991/6031/87 3994/6008/82 3978/6032/80
f 3977/6033/79 3993/6009/87 3996/6012/82 3980/6034/80
f 3979/6035/79 3995/6036/87 3998/6015/82 3982/6037/80
f 3981/6038/79 3997/6016/87 4000/6019/82 3984/6039/80
f 3983/6040/79 3999/6020/87 3215/5700/86 3217/5704/77
f 3953/6041/75 3969/6022/79 3972/6024/80 3956/6042/76
f 3955/6043/75 3971/6025/79 3974/6026/80 3958/6044/76
f 3957/6045/75 3973/6027/79 3976/6046/80 3960/6047/76
f 3959/6048/75 3975/6030/79 3978/6032/80 3962/6049/76
f 3961/6050/75 3977/6033/79 3980/6034/80 3964/6051/76
f 3963/6052/75 3979/6035/79 3982/6053/80 3966/6054/76
f 3965/6055/75 3981/6038/79 3984/6039/80 3968/6056/76
f 3967/6057/75 3983/6058/79 3217/5704/77 3219/5708/73
f 3937/6059/72 3953/6060/75 3956/6042/76 3940/6061/70
f 3939/6062/72 3955/6063/75 3958/6044/76 3942/6064/70
f 3941/6065/72 3957/6066/75 3960/6067/76 3944/6068/70
f 3943/6069/72 3959/6048/75 3962/6070/76 3946/6071/70
f 3945/6072/72 3961/6050/75 3964/6051/76 3948/6073/70
f 3947/6074/72 3963/6052/75 3966/6054/76 3950/6075/70
f 3949/6076/72 3965/6055/75 3968/6056/76 3952/6077/70
f 3951/6078/72 3967/6079/75 3219/5708/73 3221/5712/68
f 3921/6080/71 3937/6059/72 3940/6081/70 3924/6082/67
f 3923/6083/71 3939/6062/72 3942/6084/70 3926/6085/67
f 3925/6086/71 3941/6065/72 3944/6087/70 3928/6088/67
f 3927/6089/71 3943/6090/72 3946/6091/70 3930/6092/67
f 3929/6093/71 3945/6072/72 3948/6073/70 3932/6094/67
f 3931/6095/71 3947/6096/72 3950/6075/70 3934/6097/67
f 3933/6098/71 3949/6099/72 3952/6077/70 3936/6100/67
f 3935/6101/71 3951/6102/72 3221/5712/68 3223/5716/65
f 3905/6103/64 3921/6104/71 3924/6105/67 3908/6106/63
f 3907/6107/64 3923/6108/71 3926/6085/67 3910/6109/63
f 3909/6110/64 3925/6086/71 3928/6111/67 3912/6112/63
f 3911/6113/64 3927/6114/71 3930/6115/67 3914/6116/63
f 3913/6117/64 3929/6093/71 3932/6118/67 3916/6119/63
f 3915/6120/64 3931/6121/71 3934/6122/67 3918/6123/63
f 3917/6124/64 3933/6098/71 3936/6100/67 3920/6125/63
f 3919/6126/64 3935/6101/71 3223/5716/65 3225/5720/61
f 3889/6127/58 3905/6128/64 3908/6129/63 3892/6130/60
f 3891/6131/58 3907/6107/64 3910/6109/63 3894/6132/60
f 3893/6133/58 3909/6110/64 3912/6112/63 3896/6134/60
f 3895/6135/58 3911/6113/64 3914/6116/63 3898/6136/60
f 3897/6137/58 3913/6117/64 3916/6138/63 3900/6139/60
f 3899/6140/58 3915/6120/64 3918/6123/63 3902/6141/60
f 3901/6142/58 3917/6124/64 3920/6125/63 3904/6143/60
f 3903/6144/58 3919/6145/64 3225/5720/61 3227/5724/56
f 3873/6146/55 3889/6147/58 3892/6148/60 3876/6149/59
f 3875/6150/55 3891/6151/58 3894/6152/60 3878/6153/59
f 3877/6154/55 3893/6155/58 3896/6156/60 3880/6157/59
f 3879/6158/55 3895/6135/58 3898/6159/60 3882/6160/59
f 3881/6161/55 3897/6137/58 3900/6139/60 3884/6162/59
f 3883/6163/55 3899/6140/58 3902/6164/60 3886/6165/59
f 3885/6166/55 3901/6167/58 3904/6143/60 3888/6168/59
f 3887/6169/55 3903/6144/58 3227/5724/56 3229/5728/53
f 3857/6170/31 3873/6171/55 3876/6149/59 3860/6172/10
f 3859/6173/31 3875/6174/55 3878/6175/59 3862/6176/10
f 3861/6177/31 3877/6154/55 3880/6178/59 3864/6179/10
f 3863/6180/31 3879/6158/55 3882/6181/59 3866/6182/10
f 3865/6183/31 3881/6161/55 3884/6184/59 3868/6185/10
f 3867/6186/31 3883/6187/55 3886/6188/59 3870/6189/10
f 3869/6190/31 3885/6166/55 3888/6168/59 3872/6191/10
f 3871/6192/31 3887/6169/55 3229/5728/53 3231/5732/30
f 3841/6193/28 3857/6170/31 3860/6194/10 3844/6195/2
f 3843/6196/28 3859/6197/31 3862/6176/10 3846/6198/2
f 3845/6199/28 3861/6177/31 3864/6179/10 3848/6200/2
f 3847/6201/28 3863/6180/31 3866/6182/10 3850/6202/2
f 3849/6203/28 3865/6183/31 3868/6185/10 3852/6204/2
f 3851/6205/28 3867/6186/31 3870/6189/10 3854/6206/2
f 3853/6207/28 3869/6208/31 3872/6191/10 3856/6209/2
f 3855/6210/28 3871/6211/31 3231/5732/30 3233/5736/29
f 3825/6212/26 3841/6213/28 3844/6214/2 3828/6215/3
f 3827/6216/26 3843/6196/28 3846/6198/2 3830/6217/3
f 3829/6218/26 3845/6219/28 3848/6200/2 3832/6220/3
f 3831/6221/26 3847/6201/28 3850/6202/2 3834/6222/3
f 3833/6223/26 3849/6203/28 3852/6204/2 3836/6224/3
f 3835/6225/26 3851/6205/28 3854/6226/2 3838/6227/3
f 3837/6228/26 3853/6229/28 3856/6209/2 3840/6230/3
f 3839/6231/26 3855/6232/28 3233/5736/29 3235/5740/27
f 3809/6233/25 3825/6234/26 3828/6235/3 3812/6236/11
f 3811/6237/25 3827/6238/26 3830/6239/3 3814/6240/11
f 3813/6241/25 3829/6242/26 3832/6243/3 3816/6244/11
f 3815/6245/25 3831/6221/26 3834/6222/3 3818/6246/11
f 3817/6247/25 3833/6248/26 3836/6224/3 3820/6249/11
f 3819/6250/25 3835/6251/26 3838/6252/3 3822/6253/11
f 3821/6254/25 3837/6228/26 3840/6230/3 3824/6255/11
f 3823/6256/25 3839/6257/26 3235/5740/27 3237/5744/22
f 3793/6258/23 3809/6233/25 3812/6259/11 3796/6260/13
f 3795/6261/23 3811/6262/25 3814/6263/11 3798/6264/13
f 3797/6265/23 3813/6266/25 3816/6244/11 3800/6267/13
f 3799/6268/23 3815/6269/25 3818/6270/11 3802/6271/13
f 3801/6272/23 3817/6273/25 3820/6274/11 3804/6275/13
f 3803/6276/23 3819/6250/25 3822/6253/11 3806/6277/13
f 3805/6278/23 3821/6279/25 3824/6280/11 3808/6281/13
f 3807/6282/23 3823/6283/25 3237/5744/22 3239/5748/19
f 3777/6284/24 3793/6285/23 3796/6260/13 3780/6286/15
f 3779/6287/24 3795/6261/23 3798/6264/13 3782/6288/15
f 3781/6289/24 3797/6265/23 3800/6267/13 3784/6290/15
f 3783/6291/24 3799/6268/23 3802/6292/13 3786/6293/15
f 3785/6294/24 3801/6272/23 3804/6295/13 3788/6296/15
f 3787/6297/24 3803/6276/23 3806/6277/13 3790/6298/15
f 3789/6299/24 3805/6278/23 3808/6281/13 3792/6300/15
f 3791/6301/24 3807/6282/23 3239/5748/19 3241/5752/20
f 3761/6302/32 3777/6303/24 3780/6304/15 3764/6305/17
f 3763/6306/32 3779/6287/24 3782/6288/15 3766/6307/17
f 3765/6308/32 3781/6289/24 3784/6309/15 3768/6310/17
f 3767/6311/32 3783/6312/24 3786/6293/15 3770/6313/17
f 3769/6314/32 3785/6315/24 3788/6316/15 3772/6317/17
f 3771/6318/32 3787/6319/24 3790/6298/15 3774/6320/17
f 3773/6321/32 3789/6299/24 3792/6300/15 3776/6322/17
f 3775/6323/32 3791/6324/24 3241/5752/20 3243/5756/21
f 3745/6325/39 3761/6302/32 3764/6305/17 3748/6326/35
f 3747/6327/39 3763/6328/32 3766/6329/17 3750/6330/35
f 3749/6331/39 3765/6308/32 3768/6310/17 3752/6332/35
f 3751/6333/39 3767/6334/32 3770/6335/17 3754/6336/35
f 3753/6337/39 3769/6338/32 3772/6339/17 3756/6340/35
f 3755/6341/39 3771/6342/32 3774/6320/17 3758/6343/35
f 3757/6344/39 3773/6321/32 3776/6322/17 3760/6345/35
f 3759/6346/39 3775/6323/32 3243/5756/21 3245/5760/33
f 3729/6347/40 3745/6325/39 3748/6326/35 3732/6348/38
f 3731/6349/40 3747/6327/39 3750/6330/35 3734/6350/38
f 3733/6351/40 3749/6331/39 3752/6332/35 3736/6352/38
f 3735/6353/40 3751/6333/39 3754/6336/35 3738/6354/38
f 3737/6355/40 3753/6337/39 3756/6340/35 3740/6356/38
f 3739/6357/40 3755/6358/39 3758/6343/35 3742/6359/38
f 3741/6360/40 3757/6344/39 3760/6361/35 3744/6362/38
f 3743/6363/40 3759/6346/39 3245/5760/33 3247/5764/36
f 3713/6364/43 3729/6347/40 3732/6365/38 3716/6366/52
f 3715/6367/43 3731/6349/40 3734/6368/38 3718/6369/52
f 3717/6370/43 3733/6351/40 3736/6371/38 3720/6372/52
f 3719/6373/43 3735/6353/40 3738/6354/38 3722/6374/52
f 3721/6375/43 3737/6376/40 3740/6356/38 3724/6377/52
f 3723/6378/43 3739/6379/40 3742/6359/38 3726/6380/52
f 3725/6381/43 3741/6382/40 3744/6383/38 3728/6384/52
f 3727/6385/43 3743/6386/40 3247/5764/36 3249/5768/41
f 3697/6387/44 3713/6364/43 3716/6366/52 3700/6388/50
f 3699/6389/44 3715/6390/43 3718/6391/52 3702/6392/50
f 3701/6393/44 3717/6370/43 3720/6394/52 3704/6395/50
f 3703/6396/44 3719/6373/43 3722/6374/52 3706/6397/50
f 3705/6398/44 3721/6399/43 3724/6400/52 3708/6401/50
f 3707/6402/44 3723/6378/43 3726/6403/52 3710/6404/50
f 3709/6405/44 3725/6406/43 3728/6384/52 3712/6407/50
f 3711/6408/44 3727/6409/43 3249/5768/41 3251/5772/45
f 3681/6410/49 3697/6387/44 3700/6388/50 3684/6411/51
f 3683/6412/49 3699/6389/44 3702/6392/50 3686/6413/51
f 3685/6414/49 3701/6415/44 3704/6416/50 3688/6417/51
f 3687/6418/49 3703/6419/44 3706/6397/50 3690/6420/51
f 3689/6421/49 3705/6398/44 3708/6401/50 3692/6422/51
f 3691/6423/49 3707/6424/44 3710/6404/50 3694/6425/51
f 3693/6426/49 3709/6405/44 3712/6407/50 3696/6427/51
f 3695/6428/49 3711/6408/44 3251/5772/45 3253/5776/47
f 3665/6429/129 3681/6430/49 3684/6431/51 3668/6432/132
f 3667/6433/129 3683/6434/49 3686/6413/51 3670/6435/132
f 3669/6436/129 3685/6414/49 3688/6437/51 3672/6438/132
f 3671/6439/129 3687/6418/49 3690/6440/51 3674/6441/132
f 3673/6442/129 3689/6443/49 3692/6444/51 3676/6445/132
f 3675/6446/129 3691/6423/49 3694/6425/51 3678/6447/132
f 3677/6448/129 3693/6426/49 3696/6427/51 3680/6449/132
f 3679/6450/129 3695/6428/49 3253/5776/47 3255/5780/130
f 3649/6451/128 3665/6429/129 3668/6432/132 3652/6452/124
f 3651/6453/128 3667/6433/129 3670/6435/132 3654/6454/124
f 3653/6455/128 3669/6436/129 3672/6438/132 3656/6456/124
f 3655/6457/128 3671/6439/129 3674/6458/132 3658/6459/124
f 3657/6460/128 3673/6461/129 3676/6462/132 3660/6463/124
f 3659/6464/128 3675/6446/129 3678/6465/132 3662/6466/124
f 3661/6467/128 3677/6448/129 3680/6449/132 3664/6468/124
f 3663/6469/128 3679/6470/129 3255/5780/130 3257/5784/126
f 3633/6471/127 3649/6472/128 3652/6473/124 3636/6474/123
f 3635/6475/127 3651/6453/128 3654/6476/124 3638/6477/123
f 3637/6478/127 3653/6479/128 3656/6480/124 3640/6481/123
f 3639/6482/127 3655/6483/128 3658/6459/124 3642/6484/123
f 3641/6485/127 3657/6486/128 3660/6487/124 3644/6488/123
f 3643/6489/127 3659/6464/128 3662/6490/124 3646/6491/123
f 3645/6492/127 3661/6467/128 3664/6468/124 3648/6493/123
f 3647/6494/127 3663/6469/128 3257/5784/126 3259/5788/121
f 3617/6495/120 3633/6471/127 3636/6474/123 3620/6496/117
f 3619/6497/120 3635/6475/127 3638/6498/123 3622/6499/117
f 3621/6500/120 3637/6501/127 3640/6481/123 3624/6502/117
f 3623/6503/120 3639/6482/127 3642/6484/123 3626/6504/117
f 3625/6505/120 3641/6485/127 3644/6506/123 3628/6507/117
f 3627/6508/120 3643/6509/127 3646/6510/123 3630/6511/117
f 3629/6512/120 3645/6492/127 3648/6493/123 3632/6513/117
f 3631/6514/120 3647/6494/127 3259/5788/121 3261/5791/119
f 3204/5677/105 3202/5676/110 3599/5850/109 4082/5849/108
f 4081/5848/106 3600/5847/111 3597/5859/109 4084/6515/108
f 4083/6516/106 3598/6517/111 3595/5863/109 4086/6518/108
f 4085/5887/106 3596/6519/111 3593/5867/109 4088/5888/108
f 4087/6520/106 3594/6521/111 3591/6522/109 4090/5892/108
f 4089/5895/106 3592/6523/111 3589/5875/109 4092/5896/108
f 4091/5899/106 3590/6524/111 3587/6525/109 4094/6526/108
f 4093/5903/106 3588/6527/111 3585/6528/109 4096/5904/108
f 3602/5857/114 3617/6495/120 3620/6496/117 3603/5858/112
f 3604/6529/114 3619/6497/120 3622/6499/117 3605/5862/112
f 3606/6530/114 3621/6500/120 3624/6502/117 3607/5866/112
f 3608/5869/114 3623/6531/120 3626/6504/117 3609/6532/112
f 3610/5873/114 3625/6505/120 3628/6507/117 3611/5874/112
f 3612/5669/114 3627/6508/120 3630/6533/117 3613/6534/112
f 3614/6535/114 3629/6512/120 3632/6513/117 3615/5853/112
f 3616/6536/114 3631/6537/120 3261/5791/119 3263/5794/115
f 3798/6264/13 3814/6263/11 4134/6263/12 4150/6264/14
f 4083/5883/106 4067/5882/103 3550/5882/101 3578/5883/104
f 3948/6073/70 3964/6051/76 3429/6051/74 3413/6073/69
f 3695/6428/49 3679/6450/129 4287/6450/130 4271/6428/47
f 4066/5846/107 4082/5845/108 3581/5845/105 3551/5846/102
f 3813/6266/25 3797/6265/23 4149/6265/19 4133/6266/22
f 3678/6447/132 3694/6425/51 4270/6425/48 4286/6447/131
f 3963/6052/75 3947/6074/72 3414/6074/68 3430/6052/73
f 3796/6260/13 3812/6259/11 4132/6259/12 4148/6260/14
f 4081/5879/106 4065/5878/103 3552/5878/101 3582/5879/104
f 3946/6071/70 3962/6070/76 3431/6070/74 3415/6071/69
f 3693/6426/49 3677/6448/129 4285/6448/130 4269/6426/47
f 4096/5904/108 3585/6528/109 3556/6528/110 3553/5904/105
f 3811/6262/25 3795/6261/23 4147/6261/19 4131/6262/22
f 3676/6445/132 3692/6444/51 4268/6444/48 4284/6445/131
f 3961/6050/75 3945/6072/72 3416/6072/68 3432/6050/73
f 3794/5814/13 3810/5813/11 4130/5813/12 4146/5814/14
f 3586/6538/111 4095/6539/106 3554/6539/104 3555/6538/116
f 3944/6068/70 3960/6067/76 3433/6067/74 3417/6068/69
f 3691/6423/49 3675/6446/129 4283/6446/130 4267/6423/47
f 3809/6233/25 3793/6258/23 4145/6258/19 4129/6233/22
f 3674/6441/132 3690/6440/51 4266/6440/48 4282/6441/131
f 4094/6526/108 3587/6525/109 3560/6525/110 3557/6526/105
f 3959/6048/75 3943/6069/72 3418/6069/68 3434/6048/73
f 3824/6255/11 3840/6230/3 4128/6230/4 4144/6255/12
f 3942/6064/70 3958/6044/76 3435/6044/74 3419/6064/69
f 3689/6443/49 3673/6442/129 4281/6442/130 4265/6443/47
f 3588/6527/111 4093/5903/106 3558/5903/104 3559/6527/116
f 3839/6257/26 3823/6256/25 4143/6256/22 4127/6257/27
f 3672/6438/132 3688/6437/51 4264/6437/48 4280/6438/131
f 3957/6066/75 3941/6065/72 3420/6065/68 3436/6066/73
f 3822/6253/11 3838/6252/3 4126/6252/4 4142/6253/12
f 4092/5896/108 3589/5875/109 3564/5875/110 3561/5896/105
f 3940/6061/70 3956/6042/76 3437/6042/74 3421/6061/69
f 3687/6418/49 3671/6439/129 4279/6439/130 4263/6418/47
f 3837/6228/26 3821/6254/25 4141/6254/22 4125/6228/27
f 3670/6435/132 3686/6413/51 4262/6413/48 4278/6435/131
f 3590/6524/111 4091/5899/106 3562/5899/104 3563/6524/116
f 3955/6063/75 3939/6062/72 3422/6062/68 3438/6063/73
f 3820/6249/11 3836/6224/3 4124/6224/4 4140/6249/12
f 3938/5831/1203 3954/5830/76 3439/5830/74 3423/5831/69
f 3685/6414/49 3669/6436/129 4277/6436/130 4261/6414/47
f 4090/5892/108 3591/6522/109 3568/6522/110 3565/5892/105
f 3835/6251/26 3819/6250/25 4139/6250/22 4123/6251/27
f 3668/6432/132 3684/6431/51 4260/6431/48 4276/6432/131
f 3953/6060/75 3937/6059/72 3424/6059/68 3440/6060/73
f 3818/6246/11 3834/6222/3 4122/6222/4 4138/6246/12
f 3592/6523/111 4089/5895/106 3566/5895/104 3567/6523/116
f 3968/6056/76 3984/6039/80 3441/6039/78 3425/6056/74
f 3683/6434/49 3667/6433/129 4275/6433/130 4259/6434/47
f 3833/6248/26 3817/6247/25 4137/6247/22 4121/6248/27
f 3666/5802/132 3682/5801/51 4258/5801/48 4274/5802/131
f 4088/5888/108 3593/5867/109 3572/5867/110 3569/5888/105
f 3983/6058/79 3967/6057/75 3426/6057/73 3442/6058/77
f 3816/6244/11 3832/6243/3 4120/6243/4 4136/6244/12
f 3966/6054/76 3982/6053/80 3443/6053/78 3427/6054/74
f 3681/6430/49 3665/6429/129 4273/6429/130 4257/6430/47
f 3594/6521/111 4087/6520/106 3570/6520/104 3571/6521/116
f 3831/6221/26 3815/6245/25 4135/6245/22 4119/6221/27
f 3696/6427/51 3712/6407/50 4256/6407/46 4272/6427/48
f 3981/6038/79 3965/6055/75 3428/6055/73 3444/6038/77
f 3814/6240/11 3830/6239/3 4118/6239/4 4134/6240/12
f 4086/6518/108 3595/5863/109 3576/5863/110 3573/6518/105
f 3964/6051/76 3980/6034/80 3445/6034/78 3429/6051/74
f 3711/6408/44 3695/6428/49 4271/6428/47 4255/6408/45
f 3829/6242/26 3813/6241/25 4133/6241/22 4117/6242/27
f 3694/6425/51 3710/6404/50 4254/6404/46 4270/6425/48
f 3596/6519/111 4085/5887/106 3574/5887/104 3575/6519/116
f 3979/6035/79 3963/6052/75 3430/6052/73 3446/6035/77
f 3812/6236/11 3828/6235/3 4116/6235/4 4132/6236/12
f 3962/6049/76 3978/6032/80 3447/6032/78 3431/6049/74
f 3709/6405/44 3693/6426/49 4269/6426/47 4253/6405/45
f 4084/6515/108 3597/5859/109 3580/5859/110 3577/6515/105
f 3827/6238/26 3811/6237/25 4131/6237/22 4115/6238/27
f 3692/6422/51 3708/6401/50 4252/6401/46 4268/6422/48
f 3977/6033/79 3961/6050/75 3432/6050/73 3448/6033/77
f 3810/5813/11 3826/5815/3 4114/5815/4 4130/5813/12
f 3598/6517/111 4083/6516/106 3578/6516/104 3579/6517/116
f 3960/6047/76 3976/6046/80 3449/6046/78 3433/6047/74
f 3707/6424/44 3691/6423/49 4267/6423/47 4251/6424/45
f 3825/6234/26 3809/6233/25 4129/6233/22 4113/6234/27
f 3690/6420/51 3706/6397/50 4250/6397/46 4266/6420/48
f 4082/5849/108 3599/5850/109 3584/5850/110 3581/5849/105
f 3975/6030/79 3959/6048/75 3434/6048/73 3450/6030/77
f 3840/6230/3 3856/6209/2 4112/6209/1 4128/6230/4
f 3958/6044/76 3974/6026/80 3451/6026/78 3435/6044/74
f 3705/6398/44 3689/6421/49 4265/6421/47 4249/6398/45
f 3600/5847/111 4081/5848/106 3582/5848/104 3583/5847/116
f 3855/6232/28 3839/6231/26 4127/6231/27 4111/6232/29
f 3688/6417/51 3704/6416/50 4248/6416/46 4264/6417/48
f 3973/6027/79 3957/6045/75 3436/6045/73 3452/6027/77
f 3838/6227/3 3854/6226/2 4110/6226/1 4126/6227/4
f 3956/6042/76 3972/6024/80 3453/6024/78 3437/6042/74
f 3703/6419/44 3687/6418/49 4263/6418/47 4247/6419/45
f 3853/6229/28 3837/6228/26 4125/6228/27 4109/6229/29
f 3686/6413/51 3702/6392/50 4246/6392/46 4262/6413/48
f 3971/6025/79 3955/6043/75 3438/6043/73 3454/6025/77
f 3836/6224/3 3852/6204/2 4108/6204/1 4124/6224/4
f 3954/5833/76 3970/5832/80 3455/5832/78 3439/5833/74
f 3701/6415/44 3685/6414/49 4261/6414/47 4245/6415/45
f 3851/6205/28 3835/6225/26 4123/6225/27 4107/6205/29
f 3684/6411/51 3700/6388/50 4244/6388/46 4260/6411/48
f 3969/6022/79 3953/6041/75 3440/6041/73 3456/6022/77
f 3834/6222/3 3850/6202/2 4106/6202/1 4122/6222/4
f 3984/6039/80 4000/6019/82 3457/6019/81 3441/6039/78
f 3699/6389/44 3683/6412/49 4259/6412/47 4243/6389/45
f 3849/6203/28 3833/6223/26 4121/6223/27 4105/6203/29
f 3682/5804/51 3698/5803/50 4242/5803/46 4258/5804/48
f 3999/6020/87 3983/6040/79 3442/6040/77 3458/6020/86
f 3832/6220/3 3848/6200/2 4104/6200/1 4120/6220/4
f 3982/6037/80 3998/6015/82 3459/6015/81 3443/6037/78
f 3697/6387/44 3681/6410/49 4257/6410/47 4241/6387/45
f 3847/6201/28 3831/6221/26 4119/6221/27 4103/6201/29
f 3712/6407/50 3728/6384/52 4240/6384/42 4256/6407/46
f 3997/6016/87 3981/6038/79 3444/6038/77 3460/6016/86
f 3830/6217/3 3846/6198/2 4102/6198/1 4118/6217/4
f 3980/6034/80 3996/6012/82 3461/6012/81 3445/6034/78
f 3727/6409/43 3711/6408/44 4255/6408/45 4239/6409/41
f 3845/6219/28 3829/6218/26 4117/6218/27 4101/6219/29
f 3710/6404/50 3726/6403/52 4238/6403/42 4254/6404/46
f 3995/6036/87 3979/6035/79 3446/6035/77 3462/6036/86
f 3828/6215/3 3844/6214/2 4100/6214/1 4116/6215/4
f 3978/6032/80 3994/6008/82 3463/6008/81 3447/6032/78
f 3725/6406/43 3709/6405/44 4253/6405/45 4237/6406/41
f 3843/6196/28 3827/6216/26 4115/6216/27 4099/6196/29
f 3708/6401/50 3724/6400/52 4236/6400/42 4252/6401/46
f 3993/6009/87 3977/6033/79 3448/6033/77 3464/6009/86
f 3826/5817/3 3842/5816/2 4098/5816/1 4114/5817/4
f 3976/6029/80 3992/6005/82 3465/6005/81 3449/6029/78
f 3723/6378/43 3707/6402/44 4251/6402/45 4235/6378/41
f 3841/6213/28 3825/6212/26 4113/6212/27 4097/6213/29
f 3706/6397/50 3722/6374/52 4234/6374/42 4250/6397/46
f 3991/6031/87 3975/6030/79 3450/6030/77 3466/6031/86
f 3856/6209/2 3872/6191/10 3329/6191/9 4112/6209/1
f 3974/6026/80 3990/6003/82 3467/6003/81 3451/6026/78
f 3721/6399/43 3705/6398/44 4249/6398/45 4233/6399/41
f 3871/6211/31 3855/6210/28 4111/6210/29 3330/6211/30
f 3704/6395/50 3720/6394/52 4232/6394/42 4248/6395/46
f 3989/6028/87 3973/6027/79 3452/6027/77 3468/6028/86
f 3854/6206/2 3870/6189/10 3331/6189/9 4110/6206/1
f 3972/6024/80 3988/6001/82 3469/6001/81 3453/6024/78
f 3719/6373/43 3703/6396/44 4247/6396/45 4231/6373/41
f 3869/6208/31 3853/6207/28 4109/6207/29 3332/6208/30
f 3702/6392/50 3718/6391/52 4230/6391/42 4246/6392/46
f 3987/6002/87 3971/6025/79 3454/6025/77 3470/6002/86
f 3852/6204/2 3868/6185/10 3333/6185/9 4108/6204/1
f 3970/5835/80 3986/5834/82 3471/5834/81 3455/5835/78
f 3717/6370/43 3701/6393/44 4245/6393/45 4229/6370/41
f 3867/6186/31 3851/6205/28 4107/6205/29 3334/6186/30
f 3700/6388/50 3716/6366/52 4228/6366/42 4244/6388/46
f 3985/6023/87 3969/6022/79 3456/6022/77 3472/6023/86
f 3850/6202/2 3866/6182/10 3335/6182/9 4106/6202/1
f 4000/6019/82 4016/6018/84 3473/6018/83 3457/6019/81
f 3715/6390/43 3699/6389/44 4243/6389/45 4227/6390/41
f 3865/6183/31 3849/6203/28 4105/6203/29 3336/6183/30
f 3698/5803/50 3714/5805/52 4226/5805/42 4242/5803/46
f 4015/6021/88 3999/6020/87 3458/6020/86 3474/6021/85
f 3848/6200/2 3864/6179/10 3337/6179/9 4104/6200/1
f 3998/6015/82 4014/5991/84 3475/5991/83 3459/6015/81
f 3713/6364/43 3697/6387/44 4241/6387/45 4225/6364/41
f 3863/6180/31 3847/6201/28 4103/6201/29 3338/6180/30
f 3728/6384/52 3744/6383/38 4224/6383/37 4240/6384/42
f 4013/6017/88 3997/6016/87 3460/6016/86 3476/6017/85
f 3846/6198/2 3862/6176/10 3339/6176/9 4102/6198/1
f 3996/6012/82 4012/6011/84 3477/6011/83 3461/6012/81
f 3743/6386/40 3727/6385/43 4239/6385/41 4223/6386/36
f 3861/6177/31 3845/6199/28 4101/6199/29 3340/6177/30
f 3726/6380/52 3742/6359/38 4222/6359/37 4238/6380/42
f 4011/6014/88 3995/6013/87 3462/6013/86 3478/6014/85
f 3844/6195/2 3860/6194/10 3341/6194/9 4100/6195/1
f 3994/6008/82 4010/6007/84 3479/6007/83 3463/6008/81
f 3741/6382/40 3725/6381/43 4237/6381/41 4221/6382/36
f 3859/6197/31 3843/6196/28 4099/6196/29 3342/6197/30
f 3724/6377/52 3740/6356/38 4220/6356/37 4236/6377/42
f 4009/6010/88 3993/6009/87 3464/6009/86 3480/6010/85
f 3842/5819/2 3858/5818/10 3343/5818/9 4098/5819/1
f 3992/6005/82 4008/5984/84 3481/5984/83 3465/6005/81
f 3739/6379/40 3723/6378/43 4235/6378/41 4219/6379/36
f 3857/6170/31 3841/6193/28 4097/6193/29 3344/6170/30
f 3722/6374/52 3738/6354/38 4218/6354/37 4234/6374/42
f 4007/5985/88 3991/6006/87 3466/6006/86 3482/5985/85
f 3872/6191/10 3888/6168/59 3345/6168/54 3329/6191/9
f 3990/6003/82 4006/5981/84 3483/5981/83 3467/6003/81
f 3737/6376/40 3721/6375/43 4233/6375/41 4217/6376/36
f 3887/6169/55 3871/6192/31 3330/6192/30 3346/6169/53
f 3720/6372/52 3736/6371/38 4216/6371/37 4232/6372/42
f 4005/5982/88 3989/6004/87 3468/6004/86 3484/5982/85
f 3870/6189/10 3886/6188/59 3347/6188/54 3331/6189/9
f 3988/6001/82 4004/6000/84 3485/6000/83 3469/6001/81
f 3735/6353/40 3719/6373/43 4231/6373/41 4215/6353/36
f 3885/6166/55 3869/6190/31 3332/6190/30 3348/6166/53
f 3718/6369/52 3734/6368/38 4214/6368/37 4230/6369/42
f 4003/5979/88 3987/6002/87 3470/6002/86 3486/5979/85
f 3868/6185/10 3884/6184/59 3349/6184/54 3333/6185/9
f 3986/5834/82 4002/5836/84 3487/5836/83 3471/5834/81
f 3733/6351/40 3717/6370/43 4229/6370/41 4213/6351/36
f 3883/6187/55 3867/6186/31 3334/6186/30 3350/6187/53
f 3716/6366/52 3732/6365/38 4212/6365/37 4228/6366/42
f 4001/5999/88 3985/5998/87 3472/5998/86 3488/5999/85
f 3866/6182/10 3882/6181/59 3351/6181/54 3335/6182/9
f 4016/5995/84 4032/5994/89 3489/5994/90 3473/5995/83
f 3731/6349/40 3715/6367/43 4227/6367/41 4211/6349/36
f 3881/6161/55 3865/6183/31 3336/6183/30 3352/6161/53
f 3714/5805/52 3730/5806/38 4210/5806/37 4226/5805/42
f 4031/5997/92 4015/5996/88 3474/5996/85 3490/5997/91
f 3864/6179/10 3880/6178/59 3353/6178/54 3337/6179/9
f 3615/5853/112 3632/6513/117 4336/6513/118 4351/5853/113
f 4014/5991/84 4030/5970/89 3491/5970/90 3475/5991/83
f 3729/6347/40 3713/6364/43 4225/6364/41 4209/6347/36
f 3631/6537/120 3616/6536/114 4352/6536/115 4335/6537/119
f 3879/6158/55 3863/6180/31 3338/6180/30 3354/6158/53
f 3744/6362/38 3760/6361/35 4208/6361/34 4224/6362/37
f 3613/6534/112 3630/6533/117 4334/6533/118 4349/6534/113
f 4029/5993/92 4013/5992/88 3476/5992/85 3492/5993/91
f 3862/6176/10 3878/6175/59 3355/6175/54 3339/6176/9
f 3629/6512/120 3614/6535/114 4350/6535/115 4333/6512/119
f 4012/5989/84 4028/5988/89 3493/5988/90 3477/5989/83
f 3759/6346/39 3743/6363/40 4223/6363/36 4207/6346/33
f 3611/5874/112 3628/6507/117 4332/6507/118 4347/5874/113
f 3877/6154/55 3861/6177/31 3340/6177/30 3356/6154/53
f 3742/6359/38 3758/6343/35 4206/6343/34 4222/6359/37
f 3627/6508/120 3612/5669/114 4348/5669/115 4331/6508/119
f 4027/5968/92 4011/5990/88 3478/5990/85 3494/5968/91
f 3860/6172/10 3876/6149/59 3357/6149/54 3341/6172/9
f 3609/6532/112 3626/6504/117 4330/6504/118 4345/6532/113
f 4010/5986/84 4026/5964/89 3495/5964/90 3479/5986/83
f 3757/6344/39 3741/6360/40 4221/6360/36 4205/6344/33
f 3625/6505/120 3610/5873/114 4346/5873/115 4329/6505/119
f 3875/6174/55 3859/6173/31 3342/6173/30 3358/6174/53
f 3740/6356/38 3756/6340/35 4204/6340/34 4220/6356/37
f 3607/5866/112 3624/6502/117 4328/6502/118 4343/5866/113
f 4025/5965/92 4009/5987/88 3480/5987/85 3496/5965/91
f 3858/5821/10 3874/5820/59 3359/5820/54 3343/5821/9
f 3623/6531/120 3608/5869/114 4344/5869/115 4327/6531/119
f 4008/5984/84 4024/5960/89 3497/5960/90 3481/5984/83
f 3755/6358/39 3739/6357/40 4219/6357/36 4203/6358/33
f 3605/5862/112 3622/6499/117 4326/6499/118 4341/5862/113
f 3873/6171/55 3857/6170/31 3344/6170/30 3360/6171/53
f 3738/6354/38 3754/6336/35 4202/6336/34 4218/6354/37
f 3621/6500/120 3606/6530/114 4342/6530/115 4325/6500/119
f 4023/5961/92 4007/5985/88 3482/5985/85 3498/5961/91
f 3888/6168/59 3904/6143/60 3361/6143/57 3345/6168/54
f 3603/5858/112 3620/6496/117 4324/6496/118 4339/5858/113
f 4006/5981/84 4022/5956/89 3499/5956/90 3483/5981/83
f 3753/6337/39 3737/6355/40 4217/6355/36 4201/6337/33
f 3619/6497/120 3604/6529/114 4340/6529/115 4323/6497/119
f 3903/6144/58 3887/6169/55 3346/6169/53 3362/6144/56
f 3736/6352/38 3752/6332/35 4200/6332/34 4216/6352/37
f 3601/5856/112 3618/5855/117 4322/5855/118 4337/5856/113
f 4021/5983/92 4005/5982/88 3484/5982/85 3500/5983/91
f 3886/6165/59 3902/6164/60 3363/6164/57 3347/6165/54
f 3617/6495/120 3602/5857/114 4338/5857/115 4321/6495/119
f 4004/5978/84 4020/5977/89 3501/5977/90 3485/5978/83
f 3751/6333/39 3735/6353/40 4215/6353/36 4199/6333/33
f 3585/5854/109 3615/5853/112 4351/5853/113 3556/5854/110
f 3901/6167/58 3885/6166/55 3348/6166/53 3364/6167/56
f 4095/6539/106 3586/6538/111 3201/5673/116 3203/5672/104
f 3579/6517/116 3578/6516/104 3577/6515/105 3580/5859/110
f 3575/6519/116 3574/5887/104 3573/6518/105 3576/5863/110
f 3571/6521/116 3570/6520/104 3569/5888/105 3572/5867/110
f 3567/6523/116 3566/5895/104 3565/5892/105 3568/6522/110
f 3563/6524/116 3562/5899/104 3561/5896/105 3564/5875/110
f 3559/6527/116 3558/5903/104 3557/6526/105 3560/6525/110
f 3555/6538/116 3554/6539/104 3553/5904/105 3556/6528/110
f 3582/5879/104 3552/5878/101 3551/5846/102 3581/5845/105
f 3578/5883/104 3550/5882/101 3549/5881/102 3577/5880/105
f 3574/5887/104 3548/5886/101 3547/5885/102 3573/5884/105
f 3570/5891/104 3546/5890/101 3545/5889/102 3569/5888/105
f 3566/5895/104 3544/5894/101 3543/5893/102 3565/5892/105
f 3562/5899/104 3542/5898/101 3541/5897/102 3561/5896/105
f 3558/5903/104 3540/5902/101 3539/5901/102 3557/5900/105
f 3554/5907/104 3538/5906/101 3537/5905/102 3553/5904/105
f 3552/5878/101 3536/5908/96 3535/5844/97 3551/5843/102
f 3550/5911/101 3534/5910/96 3533/5909/97 3549/5881/102
f 3548/5886/101 3532/5913/96 3531/5912/97 3547/5885/102
f 3546/5917/101 3530/5916/96 3529/5915/97 3545/5914/102
f 3544/5894/101 3528/5920/96 3527/5919/97 3543/5918/102
f 3542/5898/101 3526/5923/96 3525/5922/97 3541/5921/102
f 3540/5902/101 3524/5925/96 3523/5924/97 3539/5901/102
f 3538/5929/101 3522/5928/96 3521/5927/97 3537/5926/102
f 3536/5931/96 3520/5930/93 3519/5842/94 3535/5841/97
f 3534/5910/96 3518/5934/93 3517/5933/94 3533/5932/97
f 3532/5913/96 3516/5936/93 3515/5935/94 3531/5912/97
f 3530/5916/96 3514/5939/93 3513/5938/94 3529/5937/97
f 3528/5920/96 3512/5942/93 3511/5941/94 3527/5940/97
f 3526/5946/96 3510/5945/93 3509/5944/94 3525/5943/97
f 3524/5925/96 3508/5948/93 3507/5947/94 3523/5924/97
f 3522/5951/96 3506/5950/93 3505/5949/94 3521/5927/97
f 3520/5953/93 3504/5952/91 3503/5840/90 3519/5839/94
f 3518/5934/93 3502/5955/91 3501/5954/90 3517/5933/94
f 3516/5958/93 3500/5957/91 3499/5956/90 3515/5935/94
f 3514/5962/93 3498/5961/91 3497/5960/90 3513/5959/94
f 3512/5966/93 3496/5965/91 3495/5964/90 3511/5963/94
f 3510/5969/93 3494/5968/91 3493/5967/90 3509/5944/94
f 3508/5948/93 3492/5971/91 3491/5970/90 3507/5947/94
f 3506/5975/93 3490/5974/91 3489/5973/90 3505/5972/94
f 3504/5952/91 3488/5976/85 3487/5838/83 3503/5837/90
f 3502/5980/91 3486/5979/85 3485/5978/83 3501/5977/90
f 3500/5983/91 3484/5982/85 3483/5981/83 3499/5956/90
f 3498/5961/91 3482/5985/85 3481/5984/83 3497/5960/90
f 3496/5965/91 3480/5987/85 3479/5986/83 3495/5964/90
f 3494/5968/91 3478/5990/85 3477/5989/83 3493/5988/90
f 3492/5993/91 3476/5992/85 3475/5991/83 3491/5970/90
f 3490/5997/91 3474/5996/85 3473/5995/83 3489/5994/90
f 3488/5999/85 3472/5998/86 3471/5834/81 3487/5836/83
f 3486/5979/85 3470/6002/86 3469/6001/81 3485/6000/83
f 3484/5982/85 3468/6004/86 3467/6003/81 3483/5981/83
f 3482/5985/85 3466/6006/86 3465/6005/81 3481/5984/83
f 3480/6010/85 3464/6009/86 3463/6008/81 3479/6007/83
f 3478/6014/85 3462/6013/86 3461/6012/81 3477/6011/83
f 3476/6017/85 3460/6016/86 3459/6015/81 3475/5991/83
f 3474/6021/85 3458/6020/86 3457/6019/81 3473/6018/83
f 3472/6023/86 3456/6022/77 3455/5835/78 3471/5834/81
f 3470/6002/86 3454/6025/77 3453/6024/78 3469/6001/81
f 3468/6028/86 3452/6027/77 3451/6026/78 3467/6003/81
f 3466/6031/86 3450/6030/77 3449/6029/78 3465/6005/81
f 3464/6009/86 3448/6033/77 3447/6032/78 3463/6008/81
f 3462/6036/86 3446/6035/77 3445/6034/78 3461/6012/81
f 3460/6016/86 3444/6038/77 3443/6037/78 3459/6015/81
f 3458/6020/86 3442/6040/77 3441/6039/78 3457/6019/81
f 3456/6022/77 3440/6041/73 3439/5833/74 3455/5832/78
f 3454/6025/77 3438/6043/73 3437/6042/74 3453/6024/78
f 3452/6027/77 3436/6045/73 3435/6044/74 3451/6026/78
f 3450/6030/77 3434/6048/73 3433/6047/74 3449/6046/78
f 3448/6033/77 3432/6050/73 3431/6049/74 3447/6032/78
f 3446/6035/77 3430/6052/73 3429/6051/74 3445/6034/78
f 3444/6038/77 3428/6055/73 3427/6054/74 3443/6053/78
f 3442/6058/77 3426/6057/73 3425/6056/74 3441/6039/78
f 3440/6060/73 3424/6059/68 3423/5831/69 3439/5830/74
f 3438/6063/73 3422/6062/68 3421/6061/69 3437/6042/74
f 3436/6066/73 3420/6065/68 3419/6064/69 3435/6044/74
f 3434/6048/73 3418/6069/68 3417/6068/69 3433/6067/74
f 3432/6050/73 3416/6072/68 3415/6071/69 3431/6070/74
f 3430/6052/73 3414/6074/68 3413/6073/69 3429/6051/74
f 3428/6055/73 3412/6076/68 3411/6075/69 3427/6054/74
f 3426/6079/73 3410/6078/68 3409/6077/69 3425/6056/74
f 3424/6059/68 3408/6080/65 3407/5829/66 3423/5828/69
f 3422/6062/68 3406/6083/65 3405/6082/66 3421/6081/69
f 3420/6065/68 3404/6086/65 3403/6085/66 3419/6084/69
f 3418/6090/68 3402/6089/65 3401/6088/66 3417/6087/69
f 3416/6072/68 3400/6093/65 3399/6092/66 3415/6091/69
f 3414/6096/68 3398/6095/65 3397/6094/66 3413/6073/69
f 3412/6099/68 3396/6098/65 3395/6097/66 3411/6075/69
f 3410/6102/68 3394/6101/65 3393/6100/66 3409/6077/69
f 3408/6104/65 3392/6103/61 3391/5827/62 3407/5826/66
f 3406/6108/65 3390/6107/61 3389/6106/62 3405/6105/66
f 3404/6086/65 3388/6110/61 3387/6109/62 3403/6085/66
f 3402/6114/65 3386/6113/61 3385/6112/62 3401/6111/66
f 3400/6093/65 3384/6117/61 3383/6116/62 3399/6115/66
f 3398/6121/65 3382/6120/61 3381/6119/62 3397/6118/66
f 3396/6098/65 3380/6124/61 3379/6123/62 3395/6122/66
f 3394/6101/65 3378/6126/61 3377/6125/62 3393/6100/66
f 3392/6128/61 3376/6127/56 3375/5825/57 3391/5824/62
f 3390/6107/61 3374/6131/56 3373/6130/57 3389/6129/62
f 3388/6110/61 3372/6133/56 3371/6132/57 3387/6109/62
f 3386/6113/61 3370/6135/56 3369/6134/57 3385/6112/62
f 3384/6117/61 3368/6137/56 3367/6136/57 3383/6116/62
f 3382/6120/61 3366/6140/56 3365/6139/57 3381/6138/62
f 3380/6124/61 3364/6142/56 3363/6141/57 3379/6123/62
f 3378/6145/61 3362/6144/56 3361/6143/57 3377/6125/62
f 3376/6147/56 3360/6146/53 3359/5823/54 3375/5822/57
f 3374/6151/56 3358/6150/53 3357/6149/54 3373/6148/57
f 3372/6155/56 3356/6154/53 3355/6153/54 3371/6152/57
f 3370/6135/56 3354/6158/53 3353/6157/54 3369/6156/57
f 3368/6137/56 3352/6161/53 3351/6160/54 3367/6159/57
f 3366/6140/56 3350/6163/53 3349/6162/54 3365/6139/57
f 3364/6167/56 3348/6166/53 3347/6165/54 3363/6164/57
f 3362/6144/56 3346/6169/53 3345/6168/54 3361/6143/57
f 3360/6171/53 3344/6170/30 3343/5821/9 3359/5820/54
f 3358/6174/53 3342/6173/30 3341/6172/9 3357/6149/54
f 3356/6154/53 3340/6177/30 3339/6176/9 3355/6175/54
f 3354/6158/53 3338/6180/30 3337/6179/9 3353/6178/54
f 3352/6161/53 3336/6183/30 3335/6182/9 3351/6181/54
f 3350/6187/53 3334/6186/30 3333/6185/9 3349/6184/54
f 3348/6166/53 3332/6190/30 3331/6189/9 3347/6188/54
f 3346/6169/53 3330/6192/30 3329/6191/9 3345/6168/54
f 3344/6170/30 4097/6193/29 4098/5819/1 3343/5818/9
f 3342/6197/30 4099/6196/29 4100/6195/1 3341/6194/9
f 3340/6177/30 4101/6199/29 4102/6198/1 3339/6176/9
f 3338/6180/30 4103/6201/29 4104/6200/1 3337/6179/9
f 3336/6183/30 4105/6203/29 4106/6202/1 3335/6182/9
f 3334/6186/30 4107/6205/29 4108/6204/1 3333/6185/9
f 3332/6208/30 4109/6207/29 4110/6206/1 3331/6189/9
f 3330/6211/30 4111/6210/29 4112/6209/1 3329/6191/9
f 4097/6213/29 4113/6212/27 4114/5817/4 4098/5816/1
f 4099/6196/29 4115/6216/27 4116/6215/4 4100/6214/1
f 4101/6219/29 4117/6218/27 4118/6217/4 4102/6198/1
f 4103/6201/29 4119/6221/27 4120/6220/4 4104/6200/1
f 4105/6203/29 4121/6223/27 4122/6222/4 4106/6202/1
f 4107/6205/29 4123/6225/27 4124/6224/4 4108/6204/1
f 4109/6229/29 4125/6228/27 4126/6227/4 4110/6226/1
f 4111/6232/29 4127/6231/27 4128/6230/4 4112/6209/1
f 4113/6234/27 4129/6233/22 4130/5813/12 4114/5815/4
f 4115/6238/27 4131/6237/22 4132/6236/12 4116/6235/4
f 4117/6242/27 4133/6241/22 4134/6240/12 4118/6239/4
f 4119/6221/27 4135/6245/22 4136/6244/12 4120/6243/4
f 4121/6248/27 4137/6247/22 4138/6246/12 4122/6222/4
f 4123/6251/27 4139/6250/22 4140/6249/12 4124/6224/4
f 4125/6228/27 4141/6254/22 4142/6253/12 4126/6252/4
f 4127/6257/27 4143/6256/22 4144/6255/12 4128/6230/4
f 4129/6233/22 4145/6258/19 4146/5814/14 4130/5813/12
f 4131/6262/22 4147/6261/19 4148/6260/14 4132/6259/12
f 4133/6266/22 4149/6265/19 4150/6264/14 4134/6263/12
f 4135/6269/22 4151/6268/19 4152/6267/14 4136/6244/12
f 4137/6273/22 4153/6272/19 4154/6271/14 4138/6270/12
f 4139/6250/22 4155/6276/19 4156/6275/14 4140/6274/12
f 4141/6279/22 4157/6278/19 4158/6277/14 4142/6253/12
f 4143/6283/22 4159/6282/19 4160/6281/14 4144/6280/12
f 4145/6285/19 4161/6284/20 4162/5810/16 4146/5812/14
f 4147/6261/19 4163/6287/20 4164/6286/16 4148/6260/14
f 4149/6265/19 4165/6289/20 4166/6288/16 4150/6264/14
f 4151/6268/19 4167/6291/20 4168/6290/16 4152/6267/14
f 4153/6272/19 4169/6294/20 4170/6293/16 4154/6292/14
f 4155/6276/19 4171/6297/20 4172/6296/16 4156/6295/14
f 4157/6278/19 4173/6299/20 4174/6298/16 4158/6277/14
f 4159/6282/19 4175/6301/20 4176/6300/16 4160/6281/14
f 4161/6303/20 4177/6302/21 4178/5811/18 4162/5810/16
f 4163/6287/20 4179/6306/21 4180/6305/18 4164/6304/16
f 4165/6289/20 4181/6308/21 4182/6307/18 4166/6288/16
f 4167/6312/20 4183/6311/21 4184/6310/18 4168/6309/16
f 4169/6315/20 4185/6314/21 4186/6313/18 4170/6293/16
f 4171/6319/20 4187/6318/21 4188/6317/18 4172/6316/16
f 4173/6299/20 4189/6321/21 4190/6320/18 4174/6298/16
f 4175/6324/20 4191/6323/21 4192/6322/18 4176/6300/16
f 4177/6302/21 4193/6325/33 4194/5809/34 4178/5808/18
f 4179/6328/21 4195/6327/33 4196/6326/34 4180/6305/18
f 4181/6308/21 4197/6331/33 4198/6330/34 4182/6329/18
f 4183/6334/21 4199/6333/33 4200/6332/34 4184/6310/18
f 4185/6338/21 4201/6337/33 4202/6336/34 4186/6335/18
f 4187/6342/21 4203/6341/33 4204/6340/34 4188/6339/18
f 4189/6321/21 4205/6344/33 4206/6343/34 4190/6320/18
f 4191/6323/21 4207/6346/33 4208/6345/34 4192/6322/18
f 4193/6325/33 4209/6347/36 4210/5806/37 4194/5807/34
f 4195/6327/33 4211/6349/36 4212/6348/37 4196/6326/34
f 4197/6331/33 4213/6351/36 4214/6350/37 4198/6330/34
f 4199/6333/33 4215/6353/36 4216/6352/37 4200/6332/34
f 4201/6337/33 4217/6355/36 4218/6354/37 4202/6336/34
f 4203/6358/33 4219/6357/36 4220/6356/37 4204/6340/34
f 4205/6344/33 4221/6360/36 4222/6359/37 4206/6343/34
f 4207/6346/33 4223/6363/36 4224/6362/37 4208/6361/34
f 4209/6347/36 4225/6364/41 4226/5805/42 4210/5806/37
f 4211/6349/36 4227/6367/41 4228/6366/42 4212/6365/37
f 4213/6351/36 4229/6370/41 4230/6369/42 4214/6368/37
f 4215/6353/36 4231/6373/41 4232/6372/42 4216/6371/37
f 4217/6376/36 4233/6375/41 4234/6374/42 4218/6354/37
f 4219/6379/36 4235/6378/41 4236/6377/42 4220/6356/37
f 4221/6382/36 4237/6381/41 4238/6380/42 4222/6359/37
f 4223/6386/36 4239/6385/41 4240/6384/42 4224/6383/37
f 4225/6364/41 4241/6387/45 4242/5803/46 4226/5805/42
f 4227/6390/41 4243/6389/45 4244/6388/46 4228/6366/42
f 4229/6370/41 4245/6393/45 4246/6392/46 4230/6391/42
f 4231/6373/41 4247/6396/45 4248/6395/46 4232/6394/42
f 4233/6399/41 4249/6398/45 4250/6397/46 4234/6374/42
f 4235/6378/41 4251/6402/45 4252/6401/46 4236/6400/42
f 4237/6406/41 4253/6405/45 4254/6404/46 4238/6403/42
f 4239/6409/41 4255/6408/45 4256/6407/46 4240/6384/42
f 4241/6387/45 4257/6410/47 4258/5804/48 4242/5803/46
f 4243/6389/45 4259/6412/47 4260/6411/48 4244/6388/46
f 4245/6415/45 4261/6414/47 4262/6413/48 4246/6392/46
f 4247/6419/45 4263/6418/47 4264/6417/48 4248/6416/46
f 4249/6398/45 4265/6421/47 4266/6420/48 4250/6397/46
f 4251/6424/45 4267/6423/47 4268/6422/48 4252/6401/46
f 4253/6405/45 4269/6426/47 4270/6425/48 4254/6404/46
f 4255/6408/45 4271/6428/47 4272/6427/48 4256/6407/46
f 4257/6430/47 4273/6429/130 4274/5802/131 4258/5801/48
f 4259/6434/47 4275/6433/130 4276/6432/131 4260/6431/48
f 4261/6414/47 4277/6436/130 4278/6435/131 4262/6413/48
f 4263/6418/47 4279/6439/130 4280/6438/131 4264/6437/48
f 4265/6443/47 4281/6442/130 4282/6441/131 4266/6440/48
f 4267/6423/47 4283/6446/130 4284/6445/131 4268/6444/48
f 4269/6426/47 4285/6448/130 4286/6447/131 4270/6425/48
f 4271/6428/47 4287/6450/130 4288/6449/131 4272/6427/48
f 4273/6429/130 4289/6451/126 4290/5800/125 4274/5799/131
f 4275/6433/130 4291/6453/126 4292/6452/125 4276/6432/131
f 4277/6436/130 4293/6455/126 4294/6454/125 4278/6435/131
f 4279/6439/130 4295/6457/126 4296/6456/125 4280/6438/131
f 4281/6461/130 4297/6460/126 4298/6459/125 4282/6458/131
f 4283/6446/130 4299/6464/126 4300/6463/125 4284/6462/131
f 4285/6448/130 4301/6467/126 4302/6466/125 4286/6465/131
f 4287/6470/130 4303/6469/126 4304/6468/125 4288/6449/131
f 4289/6472/126 4305/6471/121 4306/5664/122 4290/5798/125
f 4291/6453/126 4307/6475/121 4308/6474/122 4292/6473/125
f 4293/6479/126 4309/6478/121 4310/6477/122 4294/6476/125
f 4295/6483/126 4311/6482/121 4312/6481/122 4296/6480/125
f 4297/6486/126 4313/6485/121 4314/6484/122 4298/6459/125
f 4299/6464/126 4315/6489/121 4316/6488/122 4300/6487/125
f 4301/6467/126 4317/6492/121 4318/6491/122 4302/6490/125
f 4303/6469/126 4319/6494/121 4320/6493/122 4304/6468/125
f 4305/6471/121 4321/6495/119 4322/5665/118 4306/5664/122
f 4307/6475/121 4323/6497/119 4324/6496/118 4308/6474/122
f 4309/6501/121 4325/6500/119 4326/6499/118 4310/6498/122
f 4311/6482/121 4327/6503/119 4328/6502/118 4312/6481/122
f 4313/6485/121 4329/6505/119 4330/6504/118 4314/6484/122
f 4315/6509/121 4331/6508/119 4332/6507/118 4316/6506/122
f 4317/6492/121 4333/6512/119 4334/6511/118 4318/6510/122
f 4319/6494/121 4335/6514/119 4336/6513/118 4320/6493/122
f 4338/5857/115 3583/5847/116 3584/5850/110 4337/5856/113
f 4340/5861/115 3579/5860/116 3580/5859/110 4339/5858/113
f 4342/5865/115 3575/5864/116 3576/5863/110 4341/5862/113
f 4344/5869/115 3571/5868/116 3572/5867/110 4343/5866/113
f 4346/5873/115 3567/5872/116 3568/5871/110 4345/5870/113
f 4348/5669/115 3563/5668/116 3564/5875/110 4347/5874/113
f 4350/5852/115 3559/5851/116 3560/5671/110 4349/5670/113
f 4352/5877/115 3555/5876/116 3556/5854/110 4351/5853/113
f 4321/6495/119 4338/5857/115 4337/5856/113 4322/5855/118
f 4323/6497/119 4340/6529/115 4339/5858/113 4324/6496/118
f 4325/6500/119 4342/6530/115 4341/5862/113 4326/6499/118
f 4327/6531/119 4344/5869/115 4343/5866/113 4328/6502/118
f 4329/6505/119 4346/5873/115 4345/6532/113 4330/6504/118
f 4331/6508/119 4348/5669/115 4347/5874/113 4332/6507/118
f 4333/6512/119 4350/6535/115 4349/6534/113 4334/6533/118
f 4335/6537/119 4352/6536/115 4351/5853/113 4336/6513/118
f 3965/6055/75 3949/6076/72 3412/6076/68 3428/6055/73
f 3680/6449/132 3696/6427/51 4272/6427/48 4288/6449/131
f 3815/6269/25 3799/6268/23 4151/6268/19 4135/6269/22
f 4068/5881/107 4084/5880/108 3577/5880/105 3549/5881/102
f 3665/6429/129 3649/6451/128 4289/6451/126 4273/6429/130
f 3950/6075/70 3966/6054/76 3427/6054/74 3411/6075/69
f 4085/5887/106 4069/5886/103 3548/5886/101 3574/5887/104
f 3800/6267/13 3816/6244/11 4136/6244/12 4152/6267/14
f 3967/6079/75 3951/6078/72 3410/6078/68 3426/6079/73
f 3650/5800/124 3666/5799/132 4274/5799/131 4290/5800/125
f 3817/6273/25 3801/6272/23 4153/6272/19 4137/6273/22
f 4070/5885/107 4086/5884/108 3573/5884/105 3547/5885/102
f 3667/6433/129 3651/6453/128 4291/6453/126 4275/6433/130
f 3952/6077/70 3968/6056/76 3425/6056/74 3409/6077/69
f 4087/5891/106 4071/5890/103 3546/5890/101 3570/5891/104
f 3802/6271/13 3818/6270/11 4138/6270/12 4154/6271/14
f 3937/6059/72 3921/6080/71 3408/6080/65 3424/6059/68
f 3652/6452/124 3668/6432/132 4276/6432/131 4292/6452/125
f 3819/6250/25 3803/6276/23 4155/6276/19 4139/6250/22
f 4072/5889/107 4088/5888/108 3569/5888/105 3545/5889/102
f 3669/6436/129 3653/6455/128 4293/6455/126 4277/6436/130
f 3922/5829/67 3938/5828/1203 3423/5828/69 3407/5829/66
f 4089/5895/106 4073/5894/103 3544/5894/101 3566/5895/104
f 3804/6275/13 3820/6274/11 4140/6274/12 4156/6275/14
f 3939/6062/72 3923/6083/71 3406/6083/65 3422/6062/68
f 3654/6454/124 3670/6435/132 4278/6435/131 4294/6454/125
f 3821/6279/25 3805/6278/23 4157/6278/19 4141/6279/22
f 4074/5893/107 4090/5892/108 3565/5892/105 3543/5893/102
f 3671/6439/129 3655/6457/128 4295/6457/126 4279/6439/130
f 3924/6082/67 3940/6081/70 3421/6081/69 3405/6082/66
f 4091/5899/106 4075/5898/103 3542/5898/101 3562/5899/104
f 3806/6277/13 3822/6253/11 4142/6253/12 4158/6277/14
f 3941/6065/72 3925/6086/71 3404/6086/65 3420/6065/68
f 3656/6456/124 3672/6438/132 4280/6438/131 4296/6456/125
f 3823/6283/25 3807/6282/23 4159/6282/19 4143/6283/22
f 4076/5897/107 4092/5896/108 3561/5896/105 3541/5897/102
f 3673/6461/129 3657/6460/128 4297/6460/126 4281/6461/130
f 3926/6085/67 3942/6084/70 3419/6084/69 3403/6085/66
f 4093/5903/106 4077/5902/103 3540/5902/101 3558/5903/104
f 3808/6281/13 3824/6280/11 4144/6280/12 4160/6281/14
f 3943/6090/72 3927/6089/71 3402/6089/65 3418/6090/68
f 3658/6459/124 3674/6458/132 4282/6458/131 4298/6459/125
f 3793/6285/23 3777/6284/24 4161/6284/20 4145/6285/19
f 4078/5901/107 4094/5900/108 3557/5900/105 3539/5901/102
f 3675/6446/129 3659/6464/128 4299/6464/126 4283/6446/130
f 3928/6088/67 3944/6087/70 3417/6087/69 3401/6088/66
f 4095/5907/106 4079/5906/103 3538/5906/101 3554/5907/104
f 3778/5810/15 3794/5812/13 4146/5812/14 4162/5810/16
f 3945/6072/72 3929/6093/71 3400/6093/65 3416/6072/68
f 3660/6463/124 3676/6462/132 4284/6462/131 4300/6463/125
f 3795/6261/23 3779/6287/24 4163/6287/20 4147/6261/19
f 4080/5905/107 4096/5904/108 3553/5904/105 3537/5905/102
f 3677/6448/129 3661/6467/128 4301/6467/126 4285/6448/130
f 3930/6092/67 3946/6091/70 3415/6091/69 3399/6092/66
f 4065/5878/103 4049/5908/100 3536/5908/96 3552/5878/101
f 3780/6286/15 3796/6260/13 4148/6260/14 4164/6286/16
f 3947/6096/72 3931/6095/71 3398/6095/65 3414/6096/68
f 3662/6466/124 3678/6465/132 4286/6465/131 4302/6466/125
f 3797/6265/23 3781/6289/24 4165/6289/20 4149/6265/19
f 4050/5844/98 4066/5843/107 3551/5843/102 3535/5844/97
f 3679/6470/129 3663/6469/128 4303/6469/126 4287/6470/130
f 3932/6094/67 3948/6073/70 3413/6073/69 3397/6094/66
f 4067/5911/103 4051/5910/100 3534/5910/96 3550/5911/101
f 3782/6288/15 3798/6264/13 4150/6264/14 4166/6288/16
f 3949/6099/72 3933/6098/71 3396/6098/65 3412/6099/68
f 3664/6468/124 3680/6449/132 4288/6449/131 4304/6468/125
f 3799/6268/23 3783/6291/24 4167/6291/20 4151/6268/19
f 4052/5909/98 4068/5881/107 3549/5881/102 3533/5909/97
f 3649/6472/128 3633/6471/127 4305/6471/121 4289/6472/126
f 3934/6097/67 3950/6075/70 3411/6075/69 3395/6097/66
f 4069/5886/103 4053/5913/100 3532/5913/96 3548/5886/101
f 3784/6290/15 3800/6267/13 4152/6267/14 4168/6290/16
f 3951/6102/72 3935/6101/71 3394/6101/65 3410/6102/68
f 3634/5664/123 3650/5798/124 4290/5798/125 4306/5664/122
f 3801/6272/23 3785/6294/24 4169/6294/20 4153/6272/19
f 4054/5912/98 4070/5885/107 3547/5885/102 3531/5912/97
f 3651/6453/128 3635/6475/127 4307/6475/121 4291/6453/126
f 3936/6100/67 3952/6077/70 3409/6077/69 3393/6100/66
f 4071/5917/103 4055/5916/100 3530/5916/96 3546/5917/101
f 3786/6293/15 3802/6292/13 4154/6292/14 4170/6293/16
f 3921/6104/71 3905/6103/64 3392/6103/61 3408/6104/65
f 3636/6474/123 3652/6473/124 4292/6473/125 4308/6474/122
f 3803/6276/23 3787/6297/24 4171/6297/20 4155/6276/19
f 4056/5915/98 4072/5914/107 3545/5914/102 3529/5915/97
f 3653/6479/128 3637/6478/127 4309/6478/121 4293/6479/126
f 3906/5827/63 3922/5826/67 3407/5826/66 3391/5827/62
f 4073/5894/103 4057/5920/100 3528/5920/96 3544/5894/101
f 3788/6296/15 3804/6295/13 4156/6295/14 4172/6296/16
f 3923/6108/71 3907/6107/64 3390/6107/61 3406/6108/65
f 3638/6477/123 3654/6476/124 4294/6476/125 4310/6477/122
f 3805/6278/23 3789/6299/24 4173/6299/20 4157/6278/19
f 4058/5919/98 4074/5918/107 3543/5918/102 3527/5919/97
f 3655/6483/128 3639/6482/127 4311/6482/121 4295/6483/126
f 3908/6106/63 3924/6105/67 3405/6105/66 3389/6106/62
f 4075/5898/103 4059/5923/100 3526/5923/96 3542/5898/101
f 3790/6298/15 3806/6277/13 4158/6277/14 4174/6298/16
f 3925/6086/71 3909/6110/64 3388/6110/61 3404/6086/65
f 3640/6481/123 3656/6480/124 4296/6480/125 4312/6481/122
f 3807/6282/23 3791/6301/24 4175/6301/20 4159/6282/19
f 4060/5922/98 4076/5921/107 3541/5921/102 3525/5922/97
f 3657/6486/128 3641/6485/127 4313/6485/121 4297/6486/126
f 3910/6109/63 3926/6085/67 3403/6085/66 3387/6109/62
f 4077/5902/103 4061/5925/100 3524/5925/96 3540/5902/101
f 3792/6300/15 3808/6281/13 4160/6281/14 4176/6300/16
f 3927/6114/71 3911/6113/64 3386/6113/61 3402/6114/65
f 3642/6484/123 3658/6459/124 4298/6459/125 4314/6484/122
f 3777/6303/24 3761/6302/32 4177/6302/21 4161/6303/20
f 4062/5924/98 4078/5901/107 3539/5901/102 3523/5924/97
f 3659/6464/128 3643/6489/127 4315/6489/121 4299/6464/126
f 3912/6112/63 3928/6111/67 3401/6111/66 3385/6112/62
f 4079/5929/103 4063/5928/100 3522/5928/96 3538/5929/101
f 3762/5811/17 3778/5810/15 4162/5810/16 4178/5811/18
f 3929/6093/71 3913/6117/64 3384/6117/61 3400/6093/65
f 3644/6488/123 3660/6487/124 4300/6487/125 4316/6488/122
f 3779/6287/24 3763/6306/32 4179/6306/21 4163/6287/20
f 4064/5927/98 4080/5926/107 3537/5926/102 3521/5927/97
f 3661/6467/128 3645/6492/127 4317/6492/121 4301/6467/126
f 3914/6116/63 3930/6115/67 3399/6115/66 3383/6116/62
f 4049/5931/100 4033/5930/99 3520/5930/93 3536/5931/96
f 3764/6305/17 3780/6304/15 4164/6304/16 4180/6305/18
f 3931/6121/71 3915/6120/64 3382/6120/61 3398/6121/65
f 3646/6491/123 3662/6490/124 4302/6490/125 4318/6491/122
f 3781/6289/24 3765/6308/32 4181/6308/21 4165/6289/20
f 4034/5842/95 4050/5841/98 3535/5841/97 3519/5842/94
f 3663/6469/128 3647/6494/127 4319/6494/121 4303/6469/126
f 3916/6119/63 3932/6118/67 3397/6118/66 3381/6119/62
f 4051/5910/100 4035/5934/99 3518/5934/93 3534/5910/96
f 3766/6307/17 3782/6288/15 4166/6288/16 4182/6307/18
f 3933/6098/71 3917/6124/64 3380/6124/61 3396/6098/65
f 3648/6493/123 3664/6468/124 4304/6468/125 4320/6493/122
f 3783/6312/24 3767/6311/32 4183/6311/21 4167/6312/20
f 4036/5933/95 4052/5932/98 3533/5932/97 3517/5933/94
f 3633/6471/127 3617/6495/120 4321/6495/119 4305/6471/121
f 3918/6123/63 3934/6122/67 3395/6122/66 3379/6123/62
f 4053/5913/100 4037/5936/99 3516/5936/93 3532/5913/96
f 3768/6310/17 3784/6309/15 4168/6309/16 4184/6310/18
f 3935/6101/71 3919/6126/64 3378/6126/61 3394/6101/65
f 3618/5665/117 3634/5664/123 4306/5664/122 4322/5665/118
f 3785/6315/24 3769/6314/32 4185/6314/21 4169/6315/20
f 4038/5935/95 4054/5912/98 3531/5912/97 3515/5935/94
f 3635/6475/127 3619/6497/120 4323/6497/119 4307/6475/121
f 3920/6125/63 3936/6100/67 3393/6100/66 3377/6125/62
f 4055/5916/100 4039/5939/99 3514/5939/93 3530/5916/96
f 3770/6313/17 3786/6293/15 4170/6293/16 4186/6313/18
f 3905/6128/64 3889/6127/58 3376/6127/56 3392/6128/61
f 3620/6496/117 3636/6474/123 4308/6474/122 4324/6496/118
f 3787/6319/24 3771/6318/32 4187/6318/21 4171/6319/20
f 4040/5938/95 4056/5937/98 3529/5937/97 3513/5938/94
f 3637/6501/127 3621/6500/120 4325/6500/119 4309/6501/121
f 3890/5825/60 3906/5824/63 3391/5824/62 3375/5825/57
f 4057/5920/100 4041/5942/99 3512/5942/93 3528/5920/96
f 3772/6317/17 3788/6316/15 4172/6316/16 4188/6317/18
f 3907/6107/64 3891/6131/58 3374/6131/56 3390/6107/61
f 3622/6499/117 3638/6498/123 4310/6498/122 4326/6499/118
f 3789/6299/24 3773/6321/32 4189/6321/21 4173/6299/20
f 4042/5941/95 4058/5940/98 3527/5940/97 3511/5941/94
f 3639/6482/127 3623/6503/120 4327/6503/119 4311/6482/121
f 3892/6130/60 3908/6129/63 3389/6129/62 3373/6130/57
f 4059/5946/100 4043/5945/99 3510/5945/93 3526/5946/96
f 3774/6320/17 3790/6298/15 4174/6298/16 4190/6320/18
f 3909/6110/64 3893/6133/58 3372/6133/56 3388/6110/61
f 3624/6502/117 3640/6481/123 4312/6481/122 4328/6502/118
f 3791/6324/24 3775/6323/32 4191/6323/21 4175/6324/20
f 4044/5944/95 4060/5943/98 3525/5943/97 3509/5944/94
f 3641/6485/127 3625/6505/120 4329/6505/119 4313/6485/121
f 3894/6132/60 3910/6109/63 3387/6109/62 3371/6132/57
f 4061/5925/100 4045/5948/99 3508/5948/93 3524/5925/96
f 3776/6322/17 3792/6300/15 4176/6300/16 4192/6322/18
f 3911/6113/64 3895/6135/58 3370/6135/56 3386/6113/61
f 3626/6504/117 3642/6484/123 4314/6484/122 4330/6504/118
f 3761/6302/32 3745/6325/39 4193/6325/33 4177/6302/21
f 4046/5947/95 4062/5924/98 3523/5924/97 3507/5947/94
f 3643/6509/127 3627/6508/120 4331/6508/119 4315/6509/121
f 3896/6134/60 3912/6112/63 3385/6112/62 3369/6134/57
f 4063/5951/100 4047/5950/99 3506/5950/93 3522/5951/96
f 3746/5809/35 3762/5808/17 4178/5808/18 4194/5809/34
f 3913/6117/64 3897/6137/58 3368/6137/56 3384/6117/61
f 3628/6507/117 3644/6506/123 4316/6506/122 4332/6507/118
f 3763/6328/32 3747/6327/39 4195/6327/33 4179/6328/21
f 4048/5949/95 4064/5927/98 3521/5927/97 3505/5949/94
f 3645/6492/127 3629/6512/120 4333/6512/119 4317/6492/121
f 3898/6136/60 3914/6116/63 3383/6116/62 3367/6136/57
f 4033/5953/99 4017/5952/92 3504/5952/91 3520/5953/93
f 3748/6326/35 3764/6305/17 4180/6305/18 4196/6326/34
f 3915/6120/64 3899/6140/58 3366/6140/56 3382/6120/61
f 3630/6511/117 3646/6510/123 4318/6510/122 4334/6511/118
f 3765/6308/32 3749/6331/39 4197/6331/33 4181/6308/21
f 4018/5840/89 4034/5839/95 3519/5839/94 3503/5840/90
f 3647/6494/127 3631/6514/120 4335/6514/119 4319/6494/121
f 3900/6139/60 3916/6138/63 3381/6138/62 3365/6139/57
f 4035/5934/99 4019/5955/92 3502/5955/91 3518/5934/93
f 3750/6330/35 3766/6329/17 4182/6329/18 4198/6330/34
f 3917/6124/64 3901/6142/58 3364/6142/56 3380/6124/61
f 3632/6513/117 3648/6493/123 4320/6493/122 4336/6513/118
f 3767/6334/32 3751/6333/39 4199/6333/33 4183/6334/21
f 4020/5954/89 4036/5933/95 3517/5933/94 3501/5954/90
f 3902/6141/60 3918/6123/63 3379/6123/62 3363/6141/57
f 4037/5958/99 4021/5957/92 3500/5957/91 3516/5958/93
f 3602/5857/114 3600/5847/111 3583/5847/116 4338/5857/115
f 3752/6332/35 3768/6310/17 4184/6310/18 4200/6332/34
f 3919/6145/64 3903/6144/58 3362/6144/56 3378/6145/61
f 3599/5850/109 3601/5856/112 4337/5856/113 3584/5850/110
f 3769/6338/32 3753/6337/39 4201/6337/33 4185/6338/21
f 4022/5956/89 4038/5935/95 3515/5935/94 3499/5956/90
f 3904/6143/60 3920/6125/63 3377/6125/62 3361/6143/57
f 4039/5962/99 4023/5961/92 3498/5961/91 3514/5962/93
f 3604/5861/114 3598/5860/111 3579/5860/116 4340/5861/115
f 3754/6336/35 3770/6335/17 4186/6335/18 4202/6336/34
f 3889/6147/58 3873/6146/55 3360/6146/53 3376/6147/56
f 3597/5859/109 3603/5858/112 4339/5858/113 3580/5859/110
f 3771/6342/32 3755/6341/39 4203/6341/33 4187/6342/21
f 4024/5960/89 4040/5959/95 3513/5959/94 3497/5960/90
f 3874/5823/59 3890/5822/60 3375/5822/57 3359/5823/54
f 4041/5966/99 4025/5965/92 3496/5965/91 3512/5966/93
f 3606/5865/114 3596/5864/111 3575/5864/116 4342/5865/115
f 3756/6340/35 3772/6339/17 4188/6339/18 4204/6340/34
f 3891/6151/58 3875/6150/55 3358/6150/53 3374/6151/56
f 3595/5863/109 3605/5862/112 4341/5862/113 3576/5863/110
f 3773/6321/32 3757/6344/39 4205/6344/33 4189/6321/21
f 4026/5964/89 4042/5963/95 3511/5963/94 3495/5964/90
f 3876/6149/59 3892/6148/60 3373/6148/57 3357/6149/54
f 4043/5969/99 4027/5968/92 3494/5968/91 3510/5969/93
f 3608/5869/114 3594/5868/111 3571/5868/116 4344/5869/115
f 3758/6343/35 3774/6320/17 4190/6320/18 4206/6343/34
f 3893/6155/58 3877/6154/55 3356/6154/53 3372/6155/56
f 3593/5867/109 3607/5866/112 4343/5866/113 3572/5867/110
f 3775/6323/32 3759/6346/39 4207/6346/33 4191/6323/21
f 4028/5967/89 4044/5944/95 3509/5944/94 3493/5967/90
f 3878/6153/59 3894/6152/60 3371/6152/57 3355/6153/54
f 4045/5948/99 4029/5971/92 3492/5971/91 3508/5948/93
f 3610/5873/114 3592/5872/111 3567/5872/116 4346/5873/115
f 3760/6345/35 3776/6322/17 4192/6322/18 4208/6345/34
f 3895/6135/58 3879/6158/55 3354/6158/53 3370/6135/56
f 3591/5871/109 3609/5870/112 4345/5870/113 3568/5871/110
f 3745/6325/39 3729/6347/40 4209/6347/36 4193/6325/33
f 4030/5970/89 4046/5947/95 3507/5947/94 3491/5970/90
f 3880/6157/59 3896/6156/60 3369/6156/57 3353/6157/54
f 4047/5975/99 4031/5974/92 3490/5974/91 3506/5975/93
f 3612/5669/114 3590/5668/111 3563/5668/116 4348/5669/115
f 3730/5806/38 3746/5807/35 4194/5807/34 4210/5806/37
f 3897/6137/58 3881/6161/55 3352/6161/53 3368/6137/56
f 3589/5875/109 3611/5874/112 4347/5874/113 3564/5875/110
f 3747/6327/39 3731/6349/40 4211/6349/36 4195/6327/33
f 4032/5973/89 4048/5972/95 3505/5972/94 3489/5973/90
f 3882/6160/59 3898/6159/60 3367/6159/57 3351/6160/54
f 4017/5952/92 4001/5976/88 3488/5976/85 3504/5952/91
f 3614/5852/114 3588/5851/111 3559/5851/116 4350/5852/115
f 3732/6348/38 3748/6326/35 4196/6326/34 4212/6348/37
f 3899/6140/58 3883/6163/55 3350/6163/53 3366/6140/56
f 3587/5671/109 3613/5670/112 4349/5670/113 3560/5671/110
f 3749/6331/39 3733/6351/40 4213/6351/36 4197/6331/33
f 4002/5838/84 4018/5837/89 3503/5837/90 3487/5838/83
f 3884/6162/59 3900/6139/60 3365/6139/57 3349/6162/54
f 4019/5980/92 4003/5979/88 3486/5979/85 3502/5980/91
f 3616/5877/114 3586/5876/111 3555/5876/116 4352/5877/115
f 3734/6350/38 3750/6330/35 4198/6330/34 4214/6350/37
f 4369/6540/1204 5606/6541/1205 5020/6542/1206 4791/6543/1207
f 4848/6548/1209 4969/6549/1210 5310/6550/1211 5043/6548/1212
f 4429/5666/1215 4433/6557/1216 4432/6558/1217 4428/5667/1218
f 6117/6559/1219 5724/6560/1220 5721/6561/1221 6087/6562/1222
f 4957/6563/1133 6090/6564/1223 4833/6565/1224 4961/6566/1225
f 4854/6567/1226 4748/6568/1227 5113/6568/1228 5136/6567/1229
f 4425/6569/1230 4602/6570/1231 4538/6571/1232 4666/6572/1233 4455/6573/1234 4921/6574/1235 6087/6575/1236
f 4411/6588/1240 4415/6589/1241 4414/6590/1242 4410/6591/1243
f 6111/6592/1244 5688/6593/1245 5685/6594/1246 6114/6595/1247
f 4836/6598/1249 4734/6599/1250 5181/6600/1251 5205/6601/1252
f 4735/6597/1253 6114/6596/1254 4881/6602/1255 4739/6603/1256
f 4393/6617/1260 4397/6618/1261 4396/6619/1262 4392/6620/1263
f 6123/6621/1264 5652/6622/1265 5649/6623/1266 6120/6624/1267
f 4899/6625/1268 5010/6626/1269 5006/6627/1140 6123/6628/1270
f 4829/6629/1271 4719/6630/1272 5250/6631/1273 5273/6629/1274
f 4389/6632/1275 4606/6633/1276 4542/6634/1277 4670/6635/1278 4469/6636/1279 4949/6637/1280 6120/6638/1281
f 4818/6639/1282 5011/6640/1283 5379/6641/1284 5260/6639/1285
f 4375/6648/1288 4379/6649/1289 4378/6650/1290 4374/6651/1291
f 6096/6652/1292 5616/6653/1293 5613/6654/1294 6105/6655/1295
f 6099/6659/1297 4970/6660/1298 4972/6661/1299 4851/6662/1300
f 5730/6663/1301 4435/6664/137 4451/6665/137 4450/6666/351
f 4450/6666/351 4451/6665/137 4436/6667/1302 5733/6554/1303
f 3321/6668/64 4431/6669/140 4435/6670/137 3323/6671/58
f 3319/6672/1200 4427/6673/1304 4431/6669/140 3321/6668/64
f 5712/6677/1306 4423/6678/1307 4770/6679/1308 4921/6680/1235
f 5694/6688/1311 4417/6689/230 4458/6690/230 4457/6691/271
f 4457/6691/271 4458/6690/230 4418/6692/1312 5697/6693/1313
f 3305/6694/99 4413/6695/251 4417/6689/230 3307/6696/92
f 3303/6697/100 4409/6698/263 4413/6695/251 3305/6694/99
f 4460/6699/263 4461/6700/231 5685/6701/1314 4410/6591/1243
f 5676/6702/1153 4405/6703/1149 4777/5604/1151 4935/6704/1315
f 5673/6708/1148 4406/5613/1160 4804/5616/1162 4998/6709/1317
f 5658/5588/1143 4399/6710/224 4465/6711/224 4464/6712/249
f 4464/6712/249 4465/6711/224 4400/6713/1318 5661/6714/1319
f 3289/6715/128 4395/6716/223 4399/6710/224 3291/6717/127
f 3287/6718/129 4391/5579/239 4395/6716/223 3289/6715/128
f 4467/5582/239 4468/5581/287 5649/6719/1320 4392/6620/1263
f 5640/6720/1136 4387/5571/1132 4784/5574/1134 4949/6721/1280
f 5642/6722/1139 3284/6723/1190 3286/6724/1191 5655/6725/1321
f 5637/6726/1131 4388/5583/1138 4811/5586/1141 5012/6727/1322
f 5622/6728/1123 4381/6729/403 4472/6730/403 4471/6731/344
f 4471/6731/344 4472/6730/403 4382/6732/1323 5625/6642/1324
f 3273/6733/24 4377/6734/362 4381/6729/403 3275/6735/32
f 3271/6736/23 4373/6737/358 4377/6734/362 3273/6733/24
f 5604/6740/1326 4370/6741/1327 4762/6742/1328 4963/6743/1329
f 5606/6744/1205 3267/6745/1185 3270/6746/1187 5619/6747/1330
f 4841/6748/1331 4706/6749/1332 5034/6750/1333 5294/6751/1334
f 4388/5583/1138 3282/6752/1189 3284/6723/1190 5642/6753/1139
f 3295/5590/1145 5669/6754/1144 4405/5601/1149 3297/6755/1192
f 4437/6769/1338 5736/6555/1339 5733/6554/1303 4436/6667/1302
f 4488/6770/140 4487/6771/137 4437/6769/1338 4433/6772/1216
f 4451/6665/137 4452/6773/140 4432/6558/1217 4436/6774/1302
f 4489/6775/142 4488/6770/140 4433/6557/1216 4429/5666/1215
f 4452/6773/140 4453/6776/1340 4428/5667/1218 4432/6558/1217
f 4713/6787/1344 4859/6788/1345 5287/6789/1346 5064/6790/1347
f 4741/6791/1348 6129/6792/1349 4909/6793/1350 4745/6794/1351
f 3313/6795/1196 4423/6678/1307 5712/6796/1306 3315/6797/1198
f 3281/6798/1188 4387/5571/1132 5640/6799/1136 3283/5575/1135
f 4419/6813/1354 5700/6814/1355 5697/6693/1313 4418/6692/1312
f 4495/6815/251 4494/6816/230 4419/6813/1354 4415/6589/1241
f 4458/6690/230 4459/6817/251 4414/6590/1242 4418/6692/1312
f 4496/6818/263 4495/6815/251 4415/6589/1241 4411/6588/1240
f 4459/6817/251 4460/6699/263 4410/6591/1243 4414/6590/1242
f 4508/6821/1358 4507/6822/1359 5628/6643/1360 4383/6823/1361
f 4474/6824/358 4475/6738/395 5613/6825/1362 4374/6651/1291
f 4747/6826/1363 4824/6827/1364 5082/6828/1365 5114/6829/1366
f 4756/6834/1368 4901/6835/1369 5121/6836/1370 5095/6834/1371
f 4402/5596/224 5667/6847/1146 4500/6848/249 4501/6849/224
f 4401/6850/1375 5664/6851/1376 5661/6714/1319 4400/6713/1318
f 4502/6852/223 4501/6849/224 4401/6850/1375 4397/6853/1261
f 4465/6711/224 4466/6854/223 4396/6855/1262 4400/6856/1318
f 4503/6857/239 4502/6852/223 4397/6618/1261 4393/6617/1260
f 4466/6854/223 4467/5582/239 4392/6620/1263 4396/6619/1262
f 5655/6858/1321 4394/5591/239 4503/6857/239 4504/6859/287
f 4895/6870/1380 4726/6871/1381 5232/6872/1382 5225/6873/1383
f 4721/6874/1384 4890/6875/1385 5220/6876/1386 5251/6877/1387
f 4490/6778/138 4489/6775/142 4429/6882/1215 5724/6560/1388
f 4384/5566/1127 5631/6883/1128 4507/6822/1359 4508/6821/1358
f 4383/6823/1361 5628/6643/1360 5625/6642/1324 4382/6732/1323
f 4509/6884/362 4508/6821/1358 4383/6823/1361 4379/6885/1289
f 4472/6730/403 4473/6886/362 4378/6887/1290 4382/6732/1323
f 4510/6888/358 4509/6884/362 4379/6649/1289 4375/6648/1288
f 4473/6886/362 4474/6824/358 4374/6651/1291 4378/6650/1290
f 4845/6892/1390 5024/6893/1391 5020/6894/1206 6096/6895/1392
f 4707/6586/1393 6099/6896/1297 4849/6897/1394 4711/6898/1395
f 4955/6961/1403 4830/6962/1404 5275/6963/1284 5266/6961/1405
f 4511/6890/395 4510/6888/358 4375/6968/1288 5616/6947/1407
f 4908/6971/1408 4997/6972/1409 5356/6973/1410 5191/6971/1411
f 4915/6987/1415 6108/6988/1416 4867/6989/1417 4919/6990/1418
f 4420/5626/230 5703/6991/1164 4493/5631/271 4494/6816/230
f 6093/6996/1419 4735/6597/1253 4738/6997/1420 4839/6998/1421
f 4755/6999/1422 6126/7000/1423 4903/7001/1424 4759/7002/1425
f 4902/7007/1426 4983/7008/1427 5333/7009/1428 5122/7007/1429
f 4406/5613/1160 3298/7025/1193 3300/5610/1157 5678/7026/1156
f 4438/5655/137 5739/7034/1178 4486/5660/351 4487/6771/137
f 4504/6859/287 4503/6857/239 4393/7035/1260 5652/6622/1432
f 4369/6540/1204 3268/7036/1186 3267/6745/1185 5606/7037/1205
f 6102/7038/1433 4749/6584/1434 4752/7039/1435 4857/7040/1436
f 4497/6820/231 4496/6818/263 4411/6588/1240 5688/6920/1437
f 4453/6776/1340 4454/6674/1438 5721/7041/1439 4428/7042/1218
f 4487/6771/137 4486/5660/351 5736/6556/1339 4437/6769/1338
f 4438/5655/137 3324/5654/60 3326/5657/59 5739/7047/1178
f 4727/7048/1441 6084/7049/1442 4819/7050/1443 4731/7051/1444
f 4887/7056/1445 4982/7057/1446 4978/7058/1175 6117/7059/1447
f 4420/5626/230 3308/5625/89 3310/5628/1165 5703/7060/1164
f 6108/7061/1416 4712/6585/1448 4718/7062/1449 4869/7063/1450
f 4720/6616/1451 6120/6615/1281 4893/7064/1452 4724/7065/1453
f 3325/7067/1201 5730/7068/1301 5742/7069/1454 3327/7070/1202
f 3309/7079/1194 5694/7080/1311 5706/7081/1457 3311/7082/1195
f 4763/7119/1463 4914/7120/1464 5052/7120/1465 5304/7121/1466
f 3269/7128/25 5610/6739/1468 4373/7129/358 3271/6736/23
f 4377/6734/362 4373/6737/358 4474/6824/358 4473/6886/362
f 4381/6729/403 4377/6734/362 4473/6886/362 4472/6730/403
f 3275/6735/32 4381/6729/403 5622/6728/1123 3277/5557/1122
f 4782/7130/1469 4956/7131/1470 5268/7132/1471 5243/7133/1472
f 4950/7134/1473 4783/7135/1474 5242/7136/1382 5212/7134/1383
f 3285/5578/49 5645/5580/1137 4391/5579/239 3287/6718/129
f 4395/6716/223 4391/5579/239 4467/5582/239 4466/6854/223
f 4399/6710/224 4395/6716/223 4466/6854/223 4465/6711/224
f 3291/6717/127 4399/6710/224 5658/7137/1143 3293/5587/1142
f 4775/7138/1475 4942/7139/1476 5199/7140/1477 5174/7141/1478
f 4936/7142/1479 4776/7143/1480 5173/7144/1481 5143/7145/1482
f 3301/5608/1155 5681/7150/1154 4409/6698/263 3303/6697/100
f 4413/6695/251 4409/6698/263 4460/6699/263 4459/6817/251
f 4417/6689/230 4413/6695/251 4459/6817/251 4458/6690/230
f 3307/6696/92 4417/6689/230 5694/7080/1311 3309/7079/1194
f 4768/7151/1484 4928/7152/1485 5130/7153/1370 5105/7151/1371
f 4922/7154/1486 4769/7155/1487 5104/7156/1488 5074/7157/1489
f 3317/7158/1199 5718/7159/1490 4427/6673/1304 3319/6672/1200
f 4431/6669/140 4427/6673/1304 4453/6776/1340 4452/6773/140
f 4435/6670/137 4431/6669/140 4452/6773/140 4451/6665/137
f 3323/6671/58 4435/6664/137 5730/7068/1301 3325/7067/1201
f 3265/7164/1183 4370/6741/1327 5604/7165/1326 3266/7166/1184
f 5727/7171/1173 4430/5650/142 4489/6775/142 4490/6778/138
f 5691/7174/1159 4412/5621/263 4496/6818/263 4497/6820/231
f 4789/7192/1494 5019/7193/1495 5388/7193/1346 5027/7194/1347
f 5619/7201/1330 3270/6746/1187 3272/5562/13 4376/5561/358
f 4376/5561/358 4380/5564/362 4509/6884/362 4510/6888/358
f 4380/5564/362 4384/5566/1127 4508/6821/1358 4509/6884/362
f 4384/5566/1127 3276/5565/1126 3278/5568/1129 5631/7202/1128
f 5619/7203/1330 4376/5561/358 4510/6888/358 4511/6890/395
f 4812/7204/1497 5005/7205/1498 5365/7206/1386 5373/7207/1387
f 5637/7208/1131 3280/5569/1130 3282/6752/1189 4388/5583/1138
f 5655/7213/1321 3286/6724/1191 3288/5592/132 4394/5591/239
f 4394/5591/239 4398/5594/223 4502/6852/223 4503/6857/239
f 4398/5594/223 4402/5596/224 4501/6849/224 4502/6852/223
f 4402/5596/224 3292/5595/123 3294/5598/117 5667/7214/1146
f 4805/7219/1500 4991/7220/1501 5342/7221/1502 5350/7222/1503
f 5673/7223/1148 3296/5599/1147 3298/7025/1193 4406/5613/1160
f 5691/7224/1159 3302/5611/1158 3304/5622/98 4412/5621/263
f 4412/5621/263 4416/5624/251 4495/6815/251 4496/6818/263
f 4416/5624/251 4420/5626/230 4494/6816/230 4495/6815/251
f 4423/6678/1307 5706/7225/1457 4929/7226/1504 4770/6679/1308
f 4798/7231/1505 4977/7232/1506 5319/7233/1365 5327/7234/1366
f 5709/7235/1167 3312/5629/1166 3314/7236/1197 4424/5642/1174
f 5727/7240/1173 3318/5640/1172 3320/5651/67 4430/5650/142
f 4430/5650/142 4434/5653/140 4488/6770/140 4489/6775/142
f 4434/5653/140 4438/5655/137 4487/6771/137 4488/6770/140
f 4370/7241/1327 5742/7242/1454 4915/7243/1415 4762/7244/1328
f 4971/7245/1508 4790/7246/1509 5026/7247/1510 5311/7248/1511
f 4823/7269/1517 4920/7270/1518 5073/7271/1519 5080/7272/1520
f 4941/7274/1521 4835/7275/1522 5204/7276/1523 5197/7274/1411
f 5018/7277/1524 4842/7278/1525 5296/7279/1526 5386/7277/1527
f 4927/7281/1528 4853/7282/1529 5135/7282/1530 5128/7281/1429
f 4860/7283/1531 4962/7284/1532 5280/7285/1533 5288/7283/1527
f 4913/7286/1534 4865/7287/1535 5057/7287/1211 5050/7286/1536
f 4990/7288/1537 4872/7289/1538 5158/7289/1539 5340/7290/1540
f 4877/7291/1541 4934/7292/1542 5142/7292/1539 5150/7291/1543
f 4976/7293/1544 4884/7294/1545 5089/7295/1519 5317/7293/1520
f 4889/7299/1547 4948/7300/1548 5211/7300/1549 5218/7299/1550
f 5004/7301/1551 4896/7302/1552 5227/7303/1553 5363/7304/1550
f 4494/6816/230 4493/5631/271 5700/7327/1355 4419/6813/1354
f 4501/6849/224 4500/6848/249 5664/6851/1376 4401/6850/1375
f 3315/6797/1198 5712/7359/1306 5718/7360/1490 3317/7158/1199
f 5745/7361/1180 4369/7362/1204 4791/7363/1207 4970/7364/1298
f 3266/7166/1184 5604/7372/1326 5610/7373/1468 3269/7128/25
f 5709/7436/1167 4424/5642/1174 4797/5645/1176 4984/7437/1583
f 4427/6673/1304 5718/7446/1490 4454/6674/1438 4453/6776/1340
f 5028/7459/1588 5387/7460/1589 5295/7461/1590 5037/7462/1591
f 5301/7463/1606 5051/7464/1607 5059/7465/1608 5066/7466/1609
f 5282/7467/1590 5302/7468/1610 5065/7469/1611 5289/7470/1589
f 5335/7471/1612 5325/7472/1613 5096/7473/1614 5123/7474/1615
f 5324/7475/1616 5318/7476/1617 5088/7477/1618 5097/7478/1619
f 5106/7479/1620 5129/7480/1615 5137/7481/1621 5112/7482/1613
f 5144/7483/1622 5172/7484/1623 5183/7485/1624 5151/7486/1625
f 5358/7487/1626 5348/7488/1627 5165/7489/1628 5192/7490/1629
f 5347/7491/1624 5341/7492/1625 5157/7493/1630 5166/7494/1631
f 5175/7495/1628 5198/7496/1629 5206/7497/1632 5184/7498/1633
f 5213/7499/1634 5241/7500/1635 5252/7501/1636 5219/7502/1637
f 5381/7503/1638 5371/7504/1639 5234/7505/1640 5261/7506/1641
f 5370/7507/1642 5364/7508/1637 5226/7509/1643 5235/7510/1644
f 5244/7511/1645 5267/7512/1646 5274/7513/1638 5253/7514/1647
f 5312/7515/1648 5025/7516/1609 5036/7517/1649 5044/7518/1650
f 5075/7519/1618 5103/7520/1651 5115/7521/1616 5081/7522/1652
f 4964/7524/1653 4761/7525/1654 5303/7526/1333 5281/7527/1655
f 4728/7528/1656 4817/7529/1657 5259/7530/1471 5233/7531/1472
f 4999/7533/1658 4803/7534/1659 5349/7535/1251 5357/7536/1660
f 4712/7537/1448 6105/7538/1661 4861/7539/1662 4715/7540/1663
f 4373/7129/358 5610/7541/1468 4475/6738/395 4474/6824/358
f 4871/7542/1664 4740/7543/1665 5163/7544/1481 5156/7542/1666
f 4749/6584/1434 6087/6583/1236 4827/7545/1667 4753/7546/1668
f 6084/7548/1442 5012/7549/1322 5014/7550/1669 4821/7551/1670
f 4929/7552/1504 6102/7553/1433 4855/7554/1671 4933/7555/1672
f 3327/7070/1202 5742/7560/1454 4370/7241/1327 3265/7561/1183
f 5745/7562/1180 3328/5658/1179 3268/7563/1186 4369/7362/1204
f 3279/5560/1125 5633/7572/1124 4387/5571/1132 3281/6798/1188
f 4742/7573/1674 4907/7574/1675 5190/7575/1477 5164/7576/1478
f 5013/7577/1676 4810/7578/1677 5372/7579/1273 5380/7580/1274
f 4733/7585/1678 4878/7586/1679 5149/7587/1502 5182/7585/1503
f 3297/6755/1192 4405/6703/1149 5676/7588/1153 3299/5605/1152
f 4409/6698/263 5681/6923/1154 4461/6700/231 4460/6699/263
f 4866/7589/1680 4714/7590/1681 5067/7591/1510 5058/7592/1682
f 4883/7593/1683 4754/7594/1684 5094/7594/1488 5087/7595/1489
f 3311/7082/1195 5706/7596/1457 4423/6678/1307 3313/6795/1196
f 4985/7601/1685 4796/7602/1686 5326/7603/1228 5334/7604/1229
f 6090/7609/1223 4720/7610/1451 4722/7611/1687 4834/7612/1688
f 4705/7613/1689 4708/7614/1690 4709/7614/1691 4711/7615/1395
f 4706/6749/1332 4710/7616/1692 4709/7617/1691 4708/7618/1690
f 4707/6586/1393 4711/7619/1395 4709/7620/1691 4710/7621/1692
f 4712/7537/1448 4715/7622/1663 4716/7623/1693 4718/7624/1449
f 4713/6787/1344 4717/7625/1694 4716/7625/1693 4715/7540/1663
f 4714/7590/1681 4718/7062/1449 4716/7626/1693 4717/7627/1694
f 4719/6630/1272 4722/7611/1687 4723/7628/1695 4725/7628/1696
f 4720/6616/1451 4724/7065/1453 4723/7628/1695 4722/7629/1687
f 4721/6874/1384 4725/7630/1696 4723/7628/1695 4724/7631/1453
f 4726/6871/1381 4729/7632/1697 4730/7633/1698 4732/7633/1699
f 4727/7048/1441 4731/7051/1444 4730/7633/1698 4729/7634/1697
f 4728/7528/1656 4732/7633/1699 4730/7633/1698 4731/7051/1444
f 4733/7585/1678 4736/7635/1700 4737/7635/1701 4739/7636/1256
f 4734/6599/1250 4738/6997/1420 4737/7635/1701 4736/7635/1700
f 4735/6597/1253 4739/6603/1256 4737/7635/1701 4738/7637/1420
f 4740/7543/1665 4743/7638/1702 4744/7639/1703 4746/7639/1704
f 4741/6791/1348 4745/6794/1351 4744/7639/1703 4743/7640/1702
f 4742/7573/1674 4746/7639/1704 4744/7639/1703 4745/7641/1351
f 4747/6826/1363 4750/7642/1705 4751/7642/1706 4753/7546/1668
f 4748/6568/1227 4752/7039/1435 4751/7642/1706 4750/7642/1705
f 4749/6584/1434 4753/7643/1668 4751/7642/1706 4752/7644/1435
f 4754/7594/1684 4757/7645/1707 4758/7646/1708 4760/7646/1709
f 4755/6999/1422 4759/7002/1425 4758/7646/1708 4757/7647/1707
f 4756/6834/1368 4760/7646/1709 4758/7646/1708 4759/7002/1425
f 4761/7525/1654 4764/7648/1710 4765/7649/1711 4767/7650/1690
f 4762/7244/1328 4766/7651/1712 4765/7652/1711 4764/7653/1710
f 4763/7119/1463 4767/7654/1690 4765/7654/1711 4766/7655/1712
f 4768/7151/1484 4771/7656/1709 4772/7656/1708 4774/7657/1713
f 4769/7155/1487 4773/7658/1714 4772/7656/1708 4771/7656/1709
f 4770/6679/1308 4774/7657/1713 4772/7656/1708 4773/7659/1714
f 4775/7138/1475 4778/7660/1704 4779/7660/1715 4781/7661/1716
f 4776/7143/1480 4780/7662/1717 4779/7660/1715 4778/7660/1704
f 4777/5604/1151 4781/7661/1716 4779/7660/1715 4780/7663/1717
f 4782/7130/1469 4785/7664/1699 4786/7664/1698 4788/7665/1718
f 4783/7135/1474 4787/7666/1719 4786/7664/1698 4785/7664/1699
f 4784/5574/1134 4788/7665/1718 4786/7664/1698 4787/7667/1719
f 4789/7192/1494 4792/7668/1694 4793/7668/1693 4795/7669/1720
f 4790/7246/1509 4794/7670/1721 4793/7671/1693 4792/7672/1694
f 4791/6543/1207 4795/7673/1720 4793/7674/1693 4794/7675/1721
f 4796/7602/1686 4799/7676/1722 4800/7677/1706 4802/7677/1705
f 4797/5645/1176 4801/7678/1723 4800/7677/1706 4799/7679/1722
f 4798/7231/1505 4802/7677/1705 4800/7677/1706 4801/7680/1723
f 4803/7534/1659 4806/7681/1724 4807/7682/1701 4809/7683/1700
f 4804/5616/1162 4808/7684/1725 4807/7682/1701 4806/7685/1724
f 4805/7219/1500 4809/7683/1700 4807/7682/1701 4808/7686/1725
f 4810/7578/1677 4813/7687/1726 4814/7688/1695 4816/7688/1696
f 4811/5586/1141 4815/7689/1727 4814/7688/1695 4813/7690/1726
f 4812/7204/1497 4816/7688/1696 4814/7688/1695 4815/7691/1727
f 4817/7529/1657 4819/7050/1443 4820/7692/1728 4822/7551/1729
f 6084/7693/1442 4727/7048/1441 4720/7610/1451 6090/7694/1223
f 4818/6639/1282 4822/7551/1729 4820/7692/1728 4821/7551/1670
f 4823/7269/1517 4825/7695/1730 4826/7696/1731 4828/7695/1732
f 4824/6827/1364 4827/7697/1667 4826/7696/1731 4825/7695/1730
f 4923/7698/1733 4828/7695/1732 6087/7699/1236 4921/6574/1235
f 4829/6629/1271 4831/7700/1734 4832/7701/1735 4834/7612/1688
f 4830/6962/1404 4833/7702/1224 4832/7701/1735 4831/7700/1734
f 4470/7260/1736 4671/7703/1737 4543/7704/1738 4607/7705/1739 4385/6860/1740 6090/7706/1223 4957/6563/1133
f 4835/7275/1522 4837/7707/1741 4838/7708/1742 4840/7709/1743
f 4463/7416/1744 4669/7710/1745 4541/7711/1746 4605/7712/1747 4403/7310/1748 6093/7713/1419 4943/7714/1150
f 4836/6598/1249 4840/7709/1743 4838/7708/1742 4839/6998/1421
f 4841/6748/1331 4843/7715/1749 4844/7716/1750 4846/7717/1751
f 4842/7278/1525 4845/6892/1390 4844/7716/1750 4843/7715/1749
f 6096/6781/1392 4707/6780/1393 4710/7616/1692 4846/7717/1751
f 4847/7718/1752 4849/7719/1394 4850/7720/1753 4852/6662/1754
f 6099/7721/1297 4707/6586/1393 4712/6585/1448 6108/7722/1416
f 4848/6548/1209 4852/6662/1754 4850/7720/1753 4851/6662/1300
f 4853/7282/1529 4855/7554/1671 4856/7723/1755 4858/7724/1756
f 4456/7250/1757 4667/7725/1758 4539/6901/1759 4603/6900/1760 4421/6899/1761 6102/7726/1433 4929/7552/1504
f 4854/6567/1226 4858/7724/1756 4856/7723/1755 4857/7040/1436
f 4859/6788/1345 4861/7539/1662 4862/7727/1762 4864/7728/1763
f 4965/7729/1764 4863/7728/1765 6105/7730/1661 4963/7731/1329
f 4860/7283/1531 4864/7728/1763 4862/7727/1762 4863/7728/1765
f 4865/7287/1535 4867/7732/1417 4868/7733/1766 4870/7734/1767
f 4449/7330/1768 4665/7735/1769 4537/7736/1770 4601/7432/1771 4439/7296/1772 6108/7737/1416 4915/6987/1415
f 4866/7589/1680 4870/7734/1767 4868/7733/1766 4869/7063/1450
f 4871/7542/1664 4873/7738/1773 4874/7739/1774 4876/7740/1775
f 4872/7289/1538 4875/7741/1776 4874/7739/1774 4873/7738/1773
f 6111/7742/1777 4741/6791/1348 4743/7638/1702 4876/7740/1775
f 4877/7291/1541 4879/7743/1778 4880/7744/1779 4882/7743/1780
f 4878/7586/1679 4881/6602/1255 4880/7744/1779 4879/7743/1778
f 4937/7745/1781 4882/7743/1780 6114/7746/1254 4935/7747/1315
f 4883/7593/1683 4885/7748/1782 4886/7749/1783 4888/7750/1784
f 4884/7294/1545 4887/7056/1445 4886/7749/1783 4885/7748/1782
f 6117/7751/1447 4755/6999/1422 4757/7645/1707 4888/7752/1784
f 4889/7299/1547 4891/7753/1785 4892/7754/1786 4894/7753/1787
f 4890/6875/1385 4893/7064/1452 4892/7754/1786 4891/7753/1785
f 4951/7755/1788 4894/7753/1787 6120/7756/1281 4949/6637/1280
f 4895/6870/1380 4897/7757/1789 4898/7758/1790 4900/7759/1791
f 4896/7302/1552 4899/6625/1268 4898/7758/1790 4897/7757/1789
f 6123/7760/1270 4727/7048/1441 4729/7761/1697 4900/7759/1791
f 4901/6835/1369 4903/7001/1424 4904/7762/1792 4906/7763/1793
f 6126/7764/1423 4984/7765/1583 4986/7766/1794 4905/7763/1795
f 4902/7007/1426 4906/7763/1793 4904/7762/1792 4905/7763/1795
f 4907/7574/1675 4909/6793/1350 4910/7767/1796 4912/7768/1797
f 6129/7769/1349 4998/7770/1317 5000/7771/1798 4911/7768/1799
f 4908/6971/1408 4912/7768/1797 4910/7767/1796 4911/7768/1799
f 4913/7286/1534 4916/6990/1800 4917/7772/1801 4919/6990/1418
f 4914/7120/1464 4918/7773/1802 4917/7772/1801 4916/6990/1800
f 4915/6987/1415 4919/6990/1418 4917/7772/1801 4918/7774/1802
f 4920/7270/1518 4923/7698/1733 4924/7775/1803 4926/7698/1804
f 4921/6680/1235 4925/7776/1805 4924/7775/1803 4923/7698/1733
f 4922/7154/1486 4926/7698/1804 4924/7775/1803 4925/7776/1805
f 4927/7281/1528 4930/7555/1806 4931/7777/1807 4933/7555/1672
f 4928/7152/1485 4932/7778/1808 4931/7777/1807 4930/7555/1806
f 4929/7552/1504 4933/7555/1672 4931/7777/1807 4932/7779/1808
f 4934/7292/1542 4937/7745/1781 4938/7780/1809 4940/7745/1810
f 4935/6704/1315 4939/7781/1811 4938/7780/1809 4937/7745/1781
f 4936/7142/1479 4940/7745/1810 4938/7780/1809 4939/7781/1811
f 4941/7274/1521 4944/7782/1812 4945/7783/1813 4947/7782/1814
f 4942/7139/1476 4946/7784/1815 4945/7783/1813 4944/7782/1812
f 4943/7714/1150 4947/7782/1814 4945/7783/1813 4946/7785/1815
f 4948/7300/1548 4951/7755/1788 4952/7786/1816 4954/7755/1817
f 4949/6721/1280 4953/7787/1818 4952/7786/1816 4951/7755/1788
f 4950/7134/1473 4954/7755/1817 4952/7786/1816 4953/7787/1818
f 4955/6961/1403 4958/6566/1819 4959/7788/1820 4961/6566/1225
f 4956/7131/1470 4960/7789/1821 4959/7788/1820 4958/6566/1819
f 4957/6563/1133 4961/6566/1225 4959/7788/1820 4960/7790/1821
f 4962/7284/1532 4965/7729/1764 4966/7791/1822 4968/7729/1823
f 4963/6743/1329 4967/7792/1824 4966/7791/1822 4965/7729/1764
f 4964/7524/1653 4968/7729/1823 4966/7791/1822 4967/7792/1824
f 4969/6549/1210 4972/6661/1299 4973/7793/1825 4975/6661/1826
f 4970/7364/1298 4974/7794/1827 4973/7793/1825 4972/6661/1299
f 4971/7245/1508 4975/6661/1826 4973/7793/1825 4974/7794/1827
f 4976/7293/1544 4979/7057/1828 4980/7795/1829 4982/7057/1446
f 4977/7232/1506 4981/7796/1830 4980/7795/1829 4979/7057/1828
f 4978/7058/1175 4982/7057/1446 4980/7795/1829 4981/7797/1830
f 4983/7008/1427 4986/7766/1794 4987/7798/1831 4989/7766/1832
f 4984/7437/1583 4988/7799/1833 4987/7798/1831 4986/7766/1794
f 4985/7601/1685 4989/7766/1832 4987/7798/1831 4988/7800/1833
f 4990/7288/1537 4993/7801/1834 4994/7802/1835 4996/7803/1836
f 4991/7220/1501 4995/7804/1837 4994/7802/1835 4993/7801/1834
f 4992/7805/1161 4996/7803/1836 4994/7802/1835 4995/7806/1837
f 4997/6972/1409 5000/7771/1798 5001/7807/1838 5003/7771/1839
f 4998/6709/1317 5002/7808/1840 5001/7807/1838 5000/7771/1798
f 4999/7533/1658 5003/7771/1839 5001/7807/1838 5002/7809/1840
f 5004/7301/1551 5007/6626/1841 5008/7810/1842 5010/6626/1269
f 5005/7205/1498 5009/7811/1843 5008/7810/1842 5007/6626/1841
f 5006/6627/1140 5010/6626/1269 5008/7810/1842 5009/7812/1843
f 5011/6640/1283 5014/7550/1669 5015/7813/1844 5017/7550/1845
f 5012/6727/1322 5016/7814/1846 5015/7813/1844 5014/7550/1669
f 5013/7577/1676 5017/7550/1845 5015/7813/1844 5016/7814/1846
f 5018/7277/1524 5021/7815/1847 5022/7816/1848 5024/6893/1391
f 5019/7193/1495 5023/7817/1849 5022/7816/1848 5021/7815/1847
f 5020/6894/1206 5024/6893/1391 5022/7816/1848 5023/7818/1849
f 5025/7516/1609 5029/7819/1850 5030/7672/1851 5033/7820/1852
f 5026/7247/1510 5031/7672/1853 5030/7672/1851 5029/7821/1850
f 5027/7194/1347 5032/7822/1854 5030/7668/1851 5031/7823/1853
f 5028/7459/1588 5033/7824/1852 5030/7825/1851 5032/7822/1854
f 5034/6750/1333 5038/7618/1855 5039/7618/1856 5042/7826/1857
f 5035/7827/1466 5040/7828/1858 5039/7614/1856 5038/7829/1855
f 5036/7517/1649 5041/7830/1859 5039/7831/1856 5040/7832/1858
f 5037/7462/1591 5042/7833/1857 5039/7618/1856 5041/7834/1859
f 5043/6548/1212 5046/6548/1860 5047/7835/1861 5049/6662/1862
f 5044/7518/1650 5048/7836/1863 5047/7835/1861 5046/6548/1860
f 5045/7837/1465 5049/6662/1862 5047/7835/1861 5048/7836/1863
f 5050/7286/1536 5053/7286/1864 5054/7838/1861 5056/6990/1862
f 5051/7464/1607 5055/7839/1863 5054/7838/1861 5053/7286/1864
f 5052/7120/1465 5056/6990/1862 5054/7838/1861 5055/7840/1863
f 5057/7287/1211 5060/7734/1865 5061/7841/1866 5063/7842/1867
f 5058/7592/1682 5062/7843/1868 5061/7841/1866 5060/7734/1865
f 5059/7465/1608 5063/7842/1867 5061/7841/1866 5062/7844/1868
f 5064/6790/1347 5068/7845/1854 5069/7625/1851 5072/7625/1853
f 5065/7469/1611 5070/7846/1869 5069/7847/1851 5068/7845/1854
f 5066/7466/1609 5071/7848/1870 5069/7627/1851 5070/7849/1869
f 5067/7591/1510 5072/7627/1853 5069/7627/1851 5071/7850/1870
f 5073/7271/1519 5076/7698/1871 5077/7851/1872 5079/7852/1873
f 5074/7157/1489 5078/7853/1874 5077/7851/1872 5076/7698/1871
f 5075/7519/1618 5079/7852/1873 5077/7851/1872 5078/7854/1874
f 5080/7272/1520 5083/7269/1875 5084/7855/1876 5086/7695/1877
f 5081/7522/1652 5085/7856/1878 5084/7855/1876 5083/7269/1875
f 5082/6828/1365 5086/7695/1877 5084/7855/1876 5085/7856/1878
f 5087/7595/1489 5090/7857/1874 5091/7858/1879 5093/7748/1871
f 5088/7477/1618 5092/7859/1880 5091/7858/1879 5090/7857/1874
f 5089/7295/1519 5093/7748/1871 5091/7858/1879 5092/7859/1880
f 5094/7594/1488 5098/7646/1881 5099/7860/1882 5102/7861/1883
f 5095/6834/1371 5100/7862/1884 5099/7860/1882 5098/7646/1881
f 5096/7473/1614 5101/7863/1885 5099/7860/1882 5100/7864/1884
f 5097/7478/1619 5102/7861/1883 5099/7860/1882 5101/7863/1885
f 5103/7520/1651 5107/7865/1883 5108/7866/1882 5111/7867/1885
f 5104/7156/1488 5109/7656/1881 5108/7866/1882 5107/7865/1883
f 5105/7151/1371 5110/7868/1884 5108/7866/1882 5109/7656/1881
f 5106/7479/1620 5111/7867/1885 5108/7866/1882 5110/7868/1884
f 5112/7482/1613 5116/7869/1886 5117/7870/1887 5120/7871/1888
f 5113/6568/1228 5118/7642/1889 5117/7870/1887 5116/7872/1886
f 5114/6829/1366 5119/7873/1890 5117/7870/1887 5118/7642/1889
f 5115/7521/1616 5120/7871/1888 5117/7870/1887 5119/7874/1890
f 5121/6836/1370 5124/7763/1891 5125/7875/1892 5127/7876/1893
f 5122/7007/1429 5126/7007/1894 5125/7875/1892 5124/7763/1891
f 5123/7474/1615 5127/7877/1893 5125/7875/1892 5126/7007/1894
f 5128/7281/1429 5131/7281/1895 5132/7878/1892 5134/7555/1891
f 5129/7480/1615 5133/7879/1893 5132/7878/1892 5131/7281/1895
f 5130/7153/1370 5134/7555/1891 5132/7878/1892 5133/7880/1893
f 5135/7282/1530 5138/7724/1896 5139/7881/1897 5141/7282/1898
f 5136/6567/1229 5140/7882/1899 5139/7881/1897 5138/7724/1896
f 5137/7481/1621 5141/7282/1898 5139/7881/1897 5140/7883/1899
f 5142/7292/1539 5145/7745/1900 5146/7884/1901 5148/7885/1902
f 5143/7145/1482 5147/7886/1903 5146/7884/1901 5145/7745/1900
f 5144/7483/1622 5148/7885/1902 5146/7884/1901 5147/7886/1903
f 5149/7587/1502 5152/7743/1904 5153/7887/1905 5155/7888/1906
f 5150/7291/1543 5154/7291/1907 5153/7887/1905 5152/7743/1904
f 5151/7486/1625 5155/7888/1906 5153/7887/1905 5154/7291/1907
f 5156/7542/1666 5159/7889/1903 5160/7890/1901 5162/7891/1900
f 5157/7493/1630 5161/7892/1908 5160/7890/1901 5159/7893/1903
f 5158/7289/1539 5162/7891/1900 5160/7890/1901 5161/7892/1908
f 5163/7544/1481 5167/7639/1909 5168/7894/1910 5171/7895/1911
f 5164/7576/1478 5169/7896/1912 5168/7894/1910 5167/7639/1909
f 5165/7489/1628 5170/7897/1913 5168/7894/1910 5169/7896/1912
f 5166/7494/1631 5171/7898/1911 5168/7894/1910 5170/7897/1913
f 5172/7484/1623 5176/7899/1911 5177/7900/1910 5180/7901/1913
f 5173/7144/1481 5178/7660/1914 5177/7900/1910 5176/7902/1911
f 5174/7141/1478 5179/7903/1912 5177/7900/1910 5178/7660/1914
f 5175/7495/1628 5180/7901/1913 5177/7900/1910 5179/7903/1912
f 5181/6600/1251 5185/7635/1915 5186/7904/1916 5189/7905/1917
f 5182/7585/1503 5187/7906/1918 5186/7904/1916 5185/7635/1915
f 5183/7485/1624 5188/7907/1919 5186/7904/1916 5187/7908/1918
f 5184/7498/1633 5189/7905/1917 5186/7904/1916 5188/7907/1919
f 5190/7575/1477 5193/7768/1920 5194/7909/1921 5196/7910/1922
f 5191/6971/1411 5195/6971/1923 5194/7909/1921 5193/7768/1920
f 5192/7490/1629 5196/7910/1922 5194/7909/1921 5195/6971/1923
f 5197/7274/1411 5200/7274/1924 5201/7911/1921 5203/7782/1920
f 5198/7496/1629 5202/7912/1922 5201/7911/1921 5200/7274/1924
f 5199/7140/1477 5203/7782/1920 5201/7911/1921 5202/7912/1922
f 5204/7276/1523 5207/7709/1925 5208/7913/1926 5210/7276/1927
f 5205/6601/1252 5209/7914/1928 5208/7913/1926 5207/7709/1925
f 5206/7497/1632 5210/7276/1927 5208/7913/1926 5209/7914/1928
f 5211/7300/1549 5214/7755/1929 5215/7915/1930 5217/7916/1931
f 5212/7134/1383 5216/7917/1932 5215/7915/1930 5214/7755/1929
f 5213/7499/1634 5217/7916/1931 5215/7915/1930 5216/7917/1932
f 5218/7299/1550 5221/7299/1933 5222/7918/1934 5224/7753/1935
f 5219/7502/1637 5223/7919/1936 5222/7918/1934 5221/7299/1933
f 5220/6876/1386 5224/7753/1935 5222/7918/1934 5223/7920/1936
f 5225/6873/1383 5228/7921/1932 5229/7922/1930 5231/7757/1929
f 5226/7509/1643 5230/7923/1937 5229/7922/1930 5228/7924/1932
f 5227/7303/1553 5231/7757/1929 5229/7922/1930 5230/7923/1937
f 5232/6872/1382 5236/7633/1938 5237/7925/1939 5240/7926/1940
f 5233/7531/1472 5238/7927/1941 5237/7925/1939 5236/7633/1938
f 5234/7505/1640 5239/7928/1942 5237/7925/1939 5238/7929/1941
f 5235/7510/1644 5240/7926/1940 5237/7925/1939 5239/7928/1942
f 5241/7500/1635 5245/7930/1943 5246/7931/1939 5249/7932/1944
f 5242/7136/1382 5247/7664/1938 5246/7931/1939 5245/7930/1943
f 5243/7133/1472 5248/7933/1945 5246/7931/1939 5247/7664/1938
f 5244/7511/1645 5249/7932/1944 5246/7931/1939 5248/7933/1945
f 5250/6631/1273 5254/7628/1946 5255/7934/1947 5258/7935/1948
f 5251/6877/1387 5256/7936/1949 5255/7934/1947 5254/7630/1946
f 5252/7501/1636 5257/7937/1950 5255/7934/1947 5256/7938/1949
f 5253/7514/1647 5258/7939/1948 5255/7934/1947 5257/7937/1950
f 5259/7530/1471 5262/7551/1951 5263/7940/1952 5265/7941/1953
f 5260/6639/1285 5264/7942/1954 5263/7940/1952 5262/7551/1951
f 5261/7506/1641 5265/7941/1953 5263/7940/1952 5264/7942/1954
f 5266/6961/1405 5269/7943/1955 5270/7944/1952 5272/6566/1951
f 5267/7512/1646 5271/7945/1953 5270/7944/1952 5269/7943/1955
f 5268/7132/1471 5272/6566/1951 5270/7944/1952 5271/7945/1953
f 5273/6629/1274 5276/7946/1956 5277/7947/1957 5279/7948/1958
f 5274/7513/1638 5278/6962/1959 5277/7947/1957 5276/7949/1956
f 5275/6963/1284 5279/7700/1958 5277/7947/1957 5278/6962/1959
f 5280/7285/1533 5283/7729/1960 5284/7950/1961 5286/7951/1962
f 5281/7527/1655 5285/7952/1963 5284/7950/1961 5283/7953/1960
f 5282/7467/1590 5286/7951/1962 5284/7950/1961 5285/7952/1963
f 5287/6789/1346 5290/7728/1964 5291/7954/1965 5293/7955/1966
f 5288/7283/1527 5292/7283/1967 5291/7954/1965 5290/7956/1964
f 5289/7470/1589 5293/7955/1966 5291/7954/1965 5292/7283/1967
f 5294/6751/1334 5297/7957/1968 5298/7958/1961 5300/7959/1960
f 5295/7461/1590 5299/7960/1962 5298/7958/1961 5297/7957/1968
f 5296/7279/1526 5300/7715/1960 5298/7958/1961 5299/7960/1962
f 5301/7463/1606 5305/7961/1969 5306/7962/1856 5309/7963/1858
f 5302/7468/1610 5307/7964/1970 5306/7650/1856 5305/7965/1969
f 5303/7526/1333 5308/7650/1971 5306/7650/1856 5307/7966/1970
f 5304/7121/1466 5309/7963/1858 5306/7654/1856 5308/7654/1971
f 5310/6550/1211 5313/6661/1865 5314/7967/1866 5316/6549/1972
f 5311/7248/1511 5315/7968/1868 5314/7967/1866 5313/6661/1865
f 5312/7515/1648 5316/6550/1972 5314/7967/1866 5315/7969/1868
f 5317/7293/1520 5320/7293/1973 5321/7970/1876 5323/7057/1877
f 5318/7476/1617 5322/7971/1974 5321/7970/1876 5320/7972/1973
f 5319/7233/1365 5323/7057/1877 5321/7970/1876 5322/7971/1974
f 5324/7475/1616 5328/7973/1975 5329/7974/1887 5332/7975/1976
f 5325/7472/1613 5330/7976/1977 5329/7974/1887 5328/7973/1975
f 5326/7603/1228 5331/7677/1889 5329/7974/1887 5330/7977/1977
f 5327/7234/1366 5332/7978/1976 5329/7974/1887 5331/7677/1889
f 5333/7009/1428 5336/7766/1896 5337/7979/1897 5339/7009/1978
f 5334/7604/1229 5338/7980/1979 5337/7979/1897 5336/7766/1896
f 5335/7471/1612 5339/7009/1978 5337/7979/1897 5338/7981/1979
f 5340/7290/1540 5343/7288/1980 5344/7982/1905 5346/7803/1904
f 5341/7492/1625 5345/7983/1981 5344/7982/1905 5343/7288/1980
f 5342/7221/1502 5346/7803/1904 5344/7982/1905 5345/7984/1981
f 5347/7491/1624 5351/7985/1919 5352/7986/1916 5355/7987/1918
f 5348/7488/1627 5353/7988/1982 5352/7986/1916 5351/7985/1919
f 5349/7535/1251 5354/7683/1915 5352/7986/1916 5353/7988/1982
f 5350/7222/1503 5355/7987/1918 5352/7986/1916 5354/7683/1915
f 5356/6973/1410 5359/7771/1925 5360/7989/1983 5362/7990/1984
f 5357/7536/1660 5361/7991/1985 5360/7989/1983 5359/7771/1925
f 5358/7487/1626 5362/6973/1984 5360/7989/1983 5361/7991/1985
f 5363/7304/1550 5366/7304/1933 5367/7992/1934 5369/6626/1935
f 5364/7508/1637 5368/7993/1936 5367/7992/1934 5366/7994/1933
f 5365/7206/1386 5369/6626/1935 5367/7992/1934 5368/7995/1936
f 5370/7507/1642 5374/7996/1950 5375/7997/1947 5378/7998/1949
f 5371/7504/1639 5376/7999/1948 5375/7997/1947 5374/7996/1950
f 5372/7579/1273 5377/7688/1946 5375/7997/1947 5376/8000/1948
f 5373/7207/1387 5378/8001/1949 5375/7997/1947 5377/7688/1946
f 5379/6641/1284 5382/7550/1958 5383/8002/1957 5385/6640/1986
f 5380/7580/1274 5384/8003/1956 5383/8002/1957 5382/7550/1958
f 5381/7503/1638 5385/6641/1986 5383/8002/1957 5384/8003/1956
f 5386/7277/1527 5389/8004/1967 5390/8005/1987 5392/8006/1964
f 5387/7460/1589 5391/8007/1966 5390/8005/1987 5389/8004/1967
f 5388/7193/1346 5392/8008/1964 5390/8005/1987 5391/8009/1966
f 5275/6963/1284 4830/6962/1404 4831/7700/1734 5279/7948/1958
f 5279/7948/1958 4831/7700/1734 4829/6629/1271 5273/6629/1274
f 6099/8010/1297 4851/6662/1300 4850/7720/1753 4849/8011/1394
f 4711/6898/1395 4849/6897/1394 4847/7718/1752 4705/7613/1689
f 6108/8012/1416 4869/7063/1450 4868/7733/1766 4867/8013/1417
f 4919/6990/1418 4867/6989/1417 4865/7287/1535 4913/7286/1534
f 4875/8014/1776 4996/7803/1836 4992/7805/1161 6111/8015/1777
f 4869/7063/1450 4718/7062/1449 4714/7590/1681 4866/7589/1680
f 4920/7270/1518 4823/7269/1517 4828/7695/1732 4923/7698/1733
f 4491/7198/1988 4626/8016/1989 4562/8017/1990 4690/8018/1991 4426/7398/1992 6117/8019/1447 4978/7058/1175
f 4888/7752/1784 4757/7645/1707 4754/7594/1684 4883/7593/1683
f 4721/6874/1384 5251/6877/1387 5254/7628/1946 4725/7628/1696
f 4725/7628/1696 5254/7628/1946 5250/6631/1273 4719/6630/1272
f 6087/8020/1236 4828/7695/1732 4826/7696/1731 4827/8021/1667
f 4753/7546/1668 4827/7545/1667 4824/6827/1364 4747/6826/1363
f 6126/8022/1423 4905/7763/1795 4904/7762/1792 4903/8023/1424
f 4759/7002/1425 4903/7001/1424 4901/6835/1369 4756/6834/1368
f 6102/8024/1433 4857/7040/1436 4856/7723/1755 4855/8025/1671
f 4933/7555/1672 4855/7554/1671 4853/7282/1529 4927/7281/1528
f 6126/8026/1423 4755/6999/1422 4749/6584/1434 6102/8027/1433
f 4857/7040/1436 4752/7039/1435 4748/6568/1227 4854/6567/1226
f 4934/7292/1542 4877/7291/1541 4882/7743/1780 4937/7745/1781
f 4407/7316/1993 4604/8028/1994 4540/7320/1995 4668/8029/1996 4462/6800/1997 4935/7747/1315 6114/8030/1254
f 4498/7237/1998 4628/7348/1999 4564/7347/2000 4692/7346/2001 4408/7381/2002 6111/8031/1777 4992/7805/1161
f 4876/7740/1775 4743/7638/1702 4740/7543/1665 4871/7542/1664
f 5067/7591/1510 4714/7590/1681 4717/7627/1694 5072/7627/1853
f 5072/7625/1853 4717/7625/1694 4713/6787/1344 5064/6790/1347
f 6114/8032/1254 4882/7743/1780 4880/7744/1779 4881/8033/1255
f 4739/6603/1256 4881/6602/1255 4878/7586/1679 4733/7585/1678
f 6129/8034/1349 4911/7768/1799 4910/7767/1796 4909/8035/1350
f 4745/6794/1351 4909/6793/1350 4907/7574/1675 4742/7573/1674
f 6093/8036/1419 4839/6998/1421 4838/7708/1742 4837/8037/1741
f 4947/7782/1814 4837/8038/1741 4835/7275/1522 4941/7274/1521
f 6129/6551/1349 4741/6791/1348 4735/6597/1253 6093/6552/1419
f 4839/6998/1421 4738/6997/1420 4734/6599/1250 4836/6598/1249
f 4948/7300/1548 4889/7299/1547 4894/7753/1787 4951/7755/1788
f 4505/7210/2004 4630/8043/2005 4566/8044/2006 4694/8045/2007 4390/7388/2008 6123/8046/1270 5006/6627/1140
f 4900/7759/1791 4729/7761/1697 4726/6871/1381 4895/6870/1380
f 4860/7283/1531 5288/7283/1527 5290/7728/1964 4864/7728/1763
f 4864/7728/1763 5290/7728/1964 5287/6789/1346 4859/6788/1345
f 6120/8047/1281 4894/7753/1787 4892/7754/1786 4893/8048/1452
f 4724/7065/1453 4893/7064/1452 4890/6875/1385 4721/6874/1384
f 6084/8049/1442 4821/7551/1670 4820/7692/1728 4819/8050/1443
f 4731/7051/1444 4819/7050/1443 4817/7529/1657 4728/7528/1656
f 6090/8051/1223 4834/8052/1688 4832/7701/1735 4833/8053/1224
f 4961/6566/1225 4833/6565/1224 4830/6962/1404 4955/6961/1403
f 4943/7714/1150 6093/8054/1419 4837/8038/1741 4947/7782/1814
f 4834/7612/1688 4722/7611/1687 4719/6630/1272 4829/6629/1271
f 4962/7284/1532 4860/7283/1531 4863/7728/1765 4965/7729/1764
f 4371/7096/2009 4608/8055/2010 4544/8056/2011 4672/8057/2012 4476/7263/2013 4963/7731/1329 6105/8058/1661
f 4512/7177/2014 4632/8059/2015 4568/8060/2016 4696/8061/2017 4372/7392/2018 6096/8062/1392 5020/6894/1206
f 4846/7717/1751 4710/7616/1692 4706/6749/1332 4841/6748/1331
f 6105/8063/1661 4863/7728/1765 4862/7727/1762 4861/8064/1662
f 4715/7540/1663 4861/7539/1662 4859/6788/1345 4713/6787/1344
f 5181/6600/1251 4734/6599/1250 4736/7635/1700 5185/7635/1915
f 5185/7635/1915 4736/7635/1700 4733/7585/1678 5182/7585/1503
f 4761/7525/1654 4964/7524/1653 4967/7792/1824 4764/7648/1710
f 4764/7648/1710 4967/7792/1824 4963/6743/1329 4762/6742/1328
f 4956/7131/1470 4782/7130/1469 4788/7665/1718 4960/7789/1821
f 4960/7789/1821 4788/7665/1718 4784/5574/1134 4957/5573/1133
f 4783/7135/1474 4950/7134/1473 4953/7787/1818 4787/7666/1719
f 4787/7666/1719 4953/7787/1818 4949/6721/1280 4784/5574/1134
f 4942/7139/1476 4775/7138/1475 4781/7661/1716 4946/7784/1815
f 4946/7784/1815 4781/7661/1716 4777/5604/1151 4943/5603/1150
f 4776/7143/1480 4936/7142/1479 4939/7781/1811 4780/7662/1717
f 4780/7662/1717 4939/7781/1811 4935/6704/1315 4777/5604/1151
f 4928/7152/1485 4768/7151/1484 4774/7657/1713 4932/7778/1808
f 4932/7778/1808 4774/7657/1713 4770/6679/1308 4929/7226/1504
f 4769/7155/1487 4922/7154/1486 4925/7776/1805 4773/7658/1714
f 4773/7658/1714 4925/7776/1805 4921/6680/1235 4770/6679/1308
f 4914/7120/1464 4763/7119/1463 4766/8065/1712 4918/8066/1802
f 4918/8066/1802 4766/8065/1712 4762/7244/1328 4915/7243/1415
f 4440/7390/2019 4689/8067/2020 4561/8068/2021 4625/8069/2022 4485/6980/2023 4970/6660/1298 6099/8070/1297
f 4851/6662/1300 4972/6661/1299 4969/6549/1210 4848/6548/1209
f 4884/7294/1545 4976/7293/1544 4982/7057/1446 4887/7056/1445
f 6117/8071/1447 4888/7752/1784 4886/7749/1783 4887/8072/1445
f 4877/7291/1541 5150/7291/1543 5152/7743/1904 4879/7743/1778
f 4879/7743/1778 5152/7743/1904 5149/7587/1502 4878/7586/1679
f 4422/7379/2024 4691/7335/2025 4563/7334/2026 4627/7333/2027 4492/7071/2028 4984/7765/1583 6126/8073/1423
f 4905/7763/1795 4986/7766/1794 4983/7008/1427 4902/7007/1426
f 4872/7289/1538 4990/7288/1537 4996/7803/1836 4875/8014/1776
f 6111/8074/1777 4876/7740/1775 4874/7739/1774 4875/8075/1776
f 5034/6750/1333 4706/6749/1332 4708/7618/1690 5038/7618/1855
f 5038/7829/1855 4708/7614/1690 4705/7613/1689 5035/7827/1466
f 4404/7385/2029 4693/7429/2030 4565/7428/2031 4629/7427/2032 4499/7027/2033 4998/7770/1317 6129/8076/1349
f 4911/7768/1799 5000/7771/1798 4997/6972/1409 4908/6971/1408
f 4896/7302/1552 5004/7301/1551 5010/6626/1269 4899/6625/1268
f 6123/8077/1270 4900/7759/1791 4898/7758/1790 4899/8078/1268
f 4848/6548/1209 5043/6548/1212 5049/6662/1862 4852/6662/1754
f 4852/6662/1754 5049/6662/1862 5045/7837/1465 4847/7718/1752
f 4386/7396/2034 4695/8079/2035 4567/6578/2036 4631/8080/2037 4506/6760/2038 5012/7549/1322 6084/8081/1442
f 4821/7551/1670 5014/7550/1669 5011/6640/1283 4818/6639/1282
f 4842/7278/1525 5018/7277/1524 5024/6893/1391 4845/6892/1390
f 6096/8082/1392 4846/7717/1751 4844/7716/1750 4845/8083/1390
f 5019/7193/1495 4789/7192/1494 4795/7673/1720 5023/8084/1849
f 5023/8084/1849 4795/7673/1720 4791/6543/1207 5020/6542/1206
f 4810/7578/1677 5013/7577/1676 5016/7814/1846 4813/7687/1726
f 4813/7687/1726 5016/7814/1846 5012/6727/1322 4811/5586/1141
f 5005/7205/1498 4812/7204/1497 4815/7689/1727 5009/8085/1843
f 5009/8085/1843 4815/7689/1727 4811/5586/1141 5006/5585/1140
f 4803/7534/1659 4999/7533/1658 5002/8086/1840 4806/7681/1724
f 4806/7681/1724 5002/8086/1840 4998/6709/1317 4804/5616/1162
f 4991/7220/1501 4805/7219/1500 4808/7686/1725 4995/8087/1837
f 4995/8087/1837 4808/7686/1725 4804/5616/1162 4992/5615/1161
f 4796/7602/1686 4985/7601/1685 4988/7800/1833 4799/7676/1722
f 4799/7676/1722 4988/7800/1833 4984/7437/1583 4797/5645/1176
f 4977/7232/1506 4798/7231/1505 4801/8088/1723 4981/7796/1830
f 4981/7796/1830 4801/8088/1723 4797/5645/1176 4978/5644/1175
f 4790/7246/1509 4971/7245/1508 4974/7794/1827 4794/8089/1721
f 4794/8089/1721 4974/7794/1827 4970/7364/1298 4791/7363/1207
f 5028/7459/1588 5037/7462/1591 5041/7834/1859 5033/7824/1852
f 5033/7820/1852 5041/7830/1859 5036/7517/1649 5025/7516/1609
f 5035/7827/1466 5045/7837/1465 5048/7836/1863 5040/8090/1858
f 5040/8090/1858 5048/7836/1863 5044/7518/1650 5036/7517/1649
f 5050/7286/1536 5057/7287/1211 5063/7842/1867 5053/7286/1864
f 5053/7286/1864 5063/7842/1867 5059/7465/1608 5051/7464/1607
f 5058/7592/1682 5067/7591/1510 5071/8091/1870 5062/8092/1868
f 5062/8092/1868 5071/8091/1870 5066/7466/1609 5059/7465/1608
f 5075/7519/1618 5081/7522/1652 5083/7269/1875 5079/7852/1873
f 5079/7852/1873 5083/7269/1875 5080/7272/1520 5073/7271/1519
f 5087/7595/1489 5094/7594/1488 5102/7861/1883 5090/7857/1874
f 5090/7857/1874 5102/7861/1883 5097/7478/1619 5088/7477/1618
f 5106/7479/1620 5112/7482/1613 5120/7871/1888 5111/7867/1885
f 5111/7867/1885 5120/7871/1888 5115/7521/1616 5103/7520/1651
f 5114/6829/1366 5082/6828/1365 5085/7856/1878 5119/7874/1890
f 5119/7874/1890 5085/7856/1878 5081/7522/1652 5115/7521/1616
f 5095/6834/1371 5121/6836/1370 5127/7877/1893 5100/7862/1884
f 5100/7862/1884 5127/7877/1893 5123/7474/1615 5096/7473/1614
f 5128/7281/1429 5135/7282/1530 5141/7282/1898 5131/7281/1895
f 5131/7281/1895 5141/7282/1898 5137/7481/1621 5129/7480/1615
f 5136/6567/1229 5113/6568/1228 5116/7869/1886 5140/7882/1899
f 5140/7882/1899 5116/7869/1886 5112/7482/1613 5137/7481/1621
f 5144/7483/1622 5151/7486/1625 5154/7291/1907 5148/7885/1902
f 5148/7885/1902 5154/7291/1907 5150/7291/1543 5142/7292/1539
f 5156/7542/1666 5163/7544/1481 5171/7895/1911 5159/7893/1903
f 5159/7893/1903 5171/7895/1911 5166/7494/1631 5157/7493/1630
f 5175/7495/1628 5184/7498/1633 5188/7907/1919 5180/7901/1913
f 5180/7901/1913 5188/7907/1919 5183/7485/1624 5172/7484/1623
f 5182/7585/1503 5149/7587/1502 5155/7888/1906 5187/7906/1918
f 5187/7906/1918 5155/7888/1906 5151/7486/1625 5183/7485/1624
f 5164/7576/1478 5190/7575/1477 5196/7910/1922 5169/7896/1912
f 5169/7896/1912 5196/7910/1922 5192/7490/1629 5165/7489/1628
f 5197/7274/1411 5204/7276/1523 5210/7276/1927 5200/7274/1924
f 5200/7274/1924 5210/7276/1927 5206/7497/1632 5198/7496/1629
f 5205/6601/1252 5181/6600/1251 5189/7905/1917 5209/7914/1928
f 5209/7914/1928 5189/7905/1917 5184/7498/1633 5206/7497/1632
f 5213/7499/1634 5219/7502/1637 5221/7299/1933 5217/7916/1931
f 5217/7916/1931 5221/7299/1933 5218/7299/1550 5211/7300/1549
f 5225/6873/1383 5232/6872/1382 5240/7926/1940 5228/7924/1932
f 5228/7924/1932 5240/7926/1940 5235/7510/1644 5226/7509/1643
f 5244/7511/1645 5253/7514/1647 5257/7937/1950 5249/7932/1944
f 5249/7932/1944 5257/7937/1950 5252/7501/1636 5241/7500/1635
f 5251/6877/1387 5220/6876/1386 5223/7919/1936 5256/7936/1949
f 5256/7936/1949 5223/7919/1936 5219/7502/1637 5252/7501/1636
f 5233/7531/1472 5259/7530/1471 5265/7941/1953 5238/7927/1941
f 5238/7927/1941 5265/7941/1953 5261/7506/1641 5234/7505/1640
f 5266/6961/1405 5275/6963/1284 5278/6962/1959 5269/7943/1955
f 5269/7943/1955 5278/6962/1959 5274/7513/1638 5267/7512/1646
f 5273/6629/1274 5250/6631/1273 5258/7935/1948 5276/7949/1956
f 5276/7949/1956 5258/7935/1948 5253/7514/1647 5274/7513/1638
f 5282/7467/1590 5289/7470/1589 5292/7283/1967 5286/7951/1962
f 5286/7951/1962 5292/7283/1967 5288/7283/1527 5280/7285/1533
f 5294/6751/1334 5034/6750/1333 5042/7826/1857 5297/7957/1968
f 5297/7957/1968 5042/7826/1857 5037/7462/1591 5295/7461/1590
f 5064/6790/1347 5287/6789/1346 5293/7955/1966 5068/7845/1854
f 5068/7845/1854 5293/7955/1966 5289/7470/1589 5065/7469/1611
f 5065/7469/1611 5302/7468/1610 5305/7965/1969 5070/7846/1869
f 5070/7849/1869 5305/7961/1969 5301/7463/1606 5066/7466/1609
f 5302/7468/1610 5282/7467/1590 5285/7952/1963 5307/7966/1970
f 5307/7966/1970 5285/7952/1963 5281/7527/1655 5303/7526/1333
f 5267/7512/1646 5244/7511/1645 5248/7933/1945 5271/7945/1953
f 5271/7945/1953 5248/7933/1945 5243/7133/1472 5268/7132/1471
f 5241/7500/1635 5213/7499/1634 5216/7917/1932 5245/7930/1943
f 5245/7930/1943 5216/7917/1932 5212/7134/1383 5242/7136/1382
f 5198/7496/1629 5175/7495/1628 5179/7903/1912 5202/7912/1922
f 5202/7912/1922 5179/7903/1912 5174/7141/1478 5199/7140/1477
f 5172/7484/1623 5144/7483/1622 5147/7886/1903 5176/7899/1911
f 5176/7899/1911 5147/7886/1903 5143/7145/1482 5173/7144/1481
f 5129/7480/1615 5106/7479/1620 5110/7868/1884 5133/7879/1893
f 5133/7879/1893 5110/7868/1884 5105/7151/1371 5130/7153/1370
f 5103/7520/1651 5075/7519/1618 5078/7854/1874 5107/7865/1883
f 5107/7865/1883 5078/7854/1874 5074/7157/1489 5104/7156/1488
f 5051/7464/1607 5301/7463/1606 5309/7963/1858 5055/7840/1863
f 5055/7840/1863 5309/7963/1858 5304/7121/1466 5052/7120/1465
f 5043/6548/1212 5310/6550/1211 5316/6550/1972 5046/6548/1860
f 5046/6548/1860 5316/6550/1972 5312/7515/1648 5044/7518/1650
f 5088/7477/1618 5318/7476/1617 5320/7293/1973 5092/7859/1880
f 5092/7859/1880 5320/7293/1973 5317/7293/1520 5089/7295/1519
f 5096/7473/1614 5325/7472/1613 5328/7973/1975 5101/7863/1885
f 5101/7863/1885 5328/7973/1975 5324/7475/1616 5097/7478/1619
f 5122/7007/1429 5333/7009/1428 5339/7009/1978 5126/7007/1894
f 5126/7007/1894 5339/7009/1978 5335/7471/1612 5123/7474/1615
f 5157/7493/1630 5341/7492/1625 5343/7288/1980 5161/7892/1908
f 5161/7892/1908 5343/7288/1980 5340/7290/1540 5158/7289/1539
f 5165/7489/1628 5348/7488/1627 5351/7985/1919 5170/7897/1913
f 5170/7897/1913 5351/7985/1919 5347/7491/1624 5166/7494/1631
f 5191/6971/1411 5356/6973/1410 5362/6973/1984 5195/6971/1923
f 5195/6971/1923 5362/6973/1984 5358/7487/1626 5192/7490/1629
f 5226/7509/1643 5364/7508/1637 5366/7304/1933 5230/7923/1937
f 5230/7923/1937 5366/7304/1933 5363/7304/1550 5227/7303/1553
f 5234/7505/1640 5371/7504/1639 5374/7996/1950 5239/7928/1942
f 5239/7928/1942 5374/7996/1950 5370/7507/1642 5235/7510/1644
f 5260/6639/1285 5379/6641/1284 5385/6641/1986 5264/7942/1954
f 5264/7942/1954 5385/6641/1986 5381/7503/1638 5261/7506/1641
f 5295/7461/1590 5387/7460/1589 5389/8004/1967 5299/7960/1962
f 5299/7960/1962 5389/8004/1967 5386/7277/1527 5296/7279/1526
f 5387/7460/1589 5028/7459/1588 5032/7822/1854 5391/8009/1966
f 5391/8009/1966 5032/7822/1854 5027/7194/1347 5388/7193/1346
f 5371/7504/1639 5381/7503/1638 5384/8003/1956 5376/7999/1948
f 5376/7999/1948 5384/8003/1956 5380/7580/1274 5372/7579/1273
f 5364/7508/1637 5370/7507/1642 5378/8093/1949 5368/7995/1936
f 5368/7995/1936 5378/8093/1949 5373/7207/1387 5365/7206/1386
f 5348/7488/1627 5358/7487/1626 5361/7991/1985 5353/7988/1982
f 5353/7988/1982 5361/7991/1985 5357/7536/1660 5349/7535/1251
f 5341/7492/1625 5347/7491/1624 5355/7987/1918 5345/7984/1981
f 5345/7984/1981 5355/7987/1918 5350/7222/1503 5342/7221/1502
f 5325/7472/1613 5335/7471/1612 5338/8094/1979 5330/7976/1977
f 5330/7976/1977 5338/8094/1979 5334/7604/1229 5326/7603/1228
f 5318/7476/1617 5324/7475/1616 5332/8095/1976 5322/7971/1974
f 5322/7971/1974 5332/8095/1976 5327/7234/1366 5319/7233/1365
f 5025/7516/1609 5312/7515/1648 5315/7969/1868 5029/8096/1850
f 5029/8096/1850 5315/7969/1868 5311/7248/1511 5026/7247/1510
f 4950/7134/1473 5212/7134/1383 5214/7755/1929 4954/7755/1817
f 4954/7755/1817 5214/7755/1929 5211/7300/1549 4948/7300/1548
f 5220/6876/1386 4890/6875/1385 4891/7753/1785 5224/7753/1935
f 5224/7753/1935 4891/7753/1785 4889/7299/1547 5218/7299/1550
f 4883/7593/1683 5087/7595/1489 5093/7748/1871 4885/7748/1782
f 4885/7748/1782 5093/7748/1871 5089/7295/1519 4884/7294/1545
f 5319/7233/1365 4977/7232/1506 4979/7057/1828 5323/7057/1877
f 5323/7057/1877 4979/7057/1828 4976/7293/1544 5317/7293/1520
f 5018/7277/1524 5386/7277/1527 5392/8008/1964 5021/7815/1847
f 5021/7815/1847 5392/8008/1964 5388/7193/1346 5019/7193/1495
f 5026/7247/1510 4790/7246/1509 4792/7672/1694 5031/7672/1853
f 5031/7823/1853 4792/7668/1694 4789/7192/1494 5027/7194/1347
f 4756/6834/1368 5095/6834/1371 5098/7646/1881 4760/7646/1709
f 4760/7646/1709 5098/7646/1881 5094/7594/1488 4754/7594/1684
f 4866/7589/1680 5058/7592/1682 5060/7734/1865 4870/7734/1767
f 4870/7734/1767 5060/7734/1865 5057/7287/1211 4865/7287/1535
f 5052/7120/1465 4914/7120/1464 4916/6990/1800 5056/6990/1862
f 5056/6990/1862 4916/6990/1800 4913/7286/1534 5050/7286/1536
f 4908/6971/1408 5191/6971/1411 5193/7768/1920 4912/7768/1797
f 4912/7768/1797 5193/7768/1920 5190/7575/1477 4907/7574/1675
f 5163/7544/1481 4740/7543/1665 4746/7639/1704 5167/7639/1909
f 5167/7639/1909 4746/7639/1704 4742/7573/1674 5164/7576/1478
f 4941/7274/1521 5197/7274/1411 5203/7782/1920 4944/7782/1812
f 4944/7782/1812 5203/7782/1920 5199/7140/1477 4942/7139/1476
f 5173/7144/1481 4776/7143/1480 4778/7660/1704 5178/7660/1914
f 5178/7660/1914 4778/7660/1704 4775/7138/1475 5174/7141/1478
f 4763/7119/1463 5304/7121/1466 5308/7654/1971 4767/7654/1690
f 4767/7650/1690 5308/7650/1971 5303/7526/1333 4761/7525/1654
f 5280/7285/1533 4962/7284/1532 4968/7729/1823 5283/7729/1960
f 5283/7729/1960 4968/7729/1823 4964/7524/1653 5281/7527/1655
f 4985/7601/1685 5334/7604/1229 5336/7766/1896 4989/7766/1832
f 4989/7766/1832 5336/7766/1896 5333/7009/1428 4983/7008/1427
f 5121/6836/1370 4901/6835/1369 4906/7763/1793 5124/7763/1891
f 5124/7763/1891 4906/7763/1793 4902/7007/1426 5122/7007/1429
f 5142/7292/1539 4934/7292/1542 4940/7745/1810 5145/7745/1900
f 5145/7745/1900 4940/7745/1810 4936/7142/1479 5143/7145/1482
f 4805/7219/1500 5350/7222/1503 5354/7683/1915 4809/7683/1700
f 4809/7683/1700 5354/7683/1915 5349/7535/1251 4803/7534/1659
f 5356/6973/1410 4997/6972/1409 5003/7771/1839 5359/7771/1925
f 5359/7771/1925 5003/7771/1839 4999/7533/1658 5357/7536/1660
f 4895/6870/1380 5225/6873/1383 5231/7757/1929 4897/7757/1789
f 4897/7757/1789 5231/7757/1929 5227/7303/1553 4896/7302/1552
f 5365/7206/1386 5005/7205/1498 5007/6626/1841 5369/6626/1935
f 5369/6626/1935 5007/6626/1841 5004/7301/1551 5363/7304/1550
f 4728/7528/1656 5233/7531/1472 5236/7633/1938 4732/7633/1699
f 4732/7633/1699 5236/7633/1938 5232/6872/1382 4726/6871/1381
f 4836/6598/1249 5205/6601/1252 5207/7709/1925 4840/7709/1743
f 4840/7709/1743 5207/7709/1925 5204/7276/1523 4835/7275/1522
f 4990/7288/1537 5340/7290/1540 5346/7803/1904 4993/7801/1834
f 4993/7801/1834 5346/7803/1904 5342/7221/1502 4991/7220/1501
f 4823/7269/1517 5080/7272/1520 5086/7695/1877 4825/7695/1730
f 4825/7695/1730 5086/7695/1877 5082/6828/1365 4824/6827/1364
f 5113/6568/1228 4748/6568/1227 4750/7642/1705 5118/7642/1889
f 5118/7642/1889 4750/7642/1705 4747/6826/1363 5114/6829/1366
f 5310/6550/1211 4969/6549/1210 4975/6661/1826 5313/6661/1865
f 5313/6661/1865 4975/6661/1826 4971/7245/1508 5311/7248/1511
f 5013/7577/1676 5380/7580/1274 5382/7550/1958 5017/7550/1845
f 5017/7550/1845 5382/7550/1958 5379/6641/1284 5011/6640/1283
f 5259/7530/1471 4817/7529/1657 4822/7551/1729 5262/7551/1951
f 5262/7551/1951 4822/7551/1729 4818/6639/1282 5260/6639/1285
f 4955/6961/1403 5266/6961/1405 5272/6566/1951 4958/6566/1819
f 4958/6566/1819 5272/6566/1951 5268/7132/1471 4956/7131/1470
f 5242/7136/1382 4783/7135/1474 4785/7664/1699 5247/7664/1938
f 5247/7664/1938 4785/7664/1699 4782/7130/1469 5243/7133/1472
f 4812/7204/1497 5373/7207/1387 5377/7688/1946 4816/7688/1696
f 4816/7688/1696 5377/7688/1946 5372/7579/1273 4810/7578/1677
f 4871/7542/1664 5156/7542/1666 5162/7891/1900 4873/7738/1773
f 4873/7738/1773 5162/7891/1900 5158/7289/1539 4872/7289/1538
f 4854/6567/1226 5136/6567/1229 5138/7724/1896 4858/7724/1756
f 4858/7724/1756 5138/7724/1896 5135/7282/1530 4853/7282/1529
f 5130/7153/1370 4928/7152/1485 4930/7555/1806 5134/7555/1891
f 5134/7555/1891 4930/7555/1806 4927/7281/1528 5128/7281/1429
f 5104/7156/1488 4769/7155/1487 4771/7656/1709 5109/7656/1881
f 5109/7656/1881 4771/7656/1709 4768/7151/1484 5105/7151/1371
f 4798/7231/1505 5327/7234/1366 5331/7677/1889 4802/7677/1705
f 4802/7677/1705 5331/7677/1889 5326/7603/1228 4796/7602/1686
f 5296/7279/1526 4842/7278/1525 4843/7715/1749 5300/7715/1960
f 5300/7715/1960 4843/7715/1749 4841/6748/1331 5294/6751/1334
f 5073/7271/1519 4920/7270/1518 4926/7698/1804 5076/7698/1871
f 5076/7698/1871 4926/7698/1804 4922/7154/1486 5074/7157/1489
f 4705/7613/1689 4847/7718/1752 5045/7837/1465 5035/7827/1466
f 4390/7388/2008 4694/8045/2007 4695/8079/2035 4386/7396/2034
f 4694/8045/2007 4566/8044/2006 4567/6578/2036 4695/8079/2035
f 4566/8044/2006 4630/8043/2005 4631/8080/2037 4567/6578/2036
f 4630/8043/2005 4505/7210/2004 4506/6760/2038 4631/8080/2037
f 4485/6980/2023 4625/8069/2022 4632/8059/2015 4512/7177/2014
f 4625/8069/2022 4561/8068/2021 4568/8060/2016 4632/8059/2015
f 4561/8068/2021 4689/8067/2020 4696/8061/2017 4568/8060/2016
f 4689/8067/2020 4440/7390/2019 4372/7392/2018 4696/8061/2017
f 4492/7071/2028 4627/7333/2027 4626/8016/1989 4491/7198/1988
f 4627/7333/2027 4563/7334/2026 4562/8017/1990 4626/8016/1989
f 4563/7334/2026 4691/7335/2025 4690/8018/1991 4562/8017/1990
f 4691/7335/2025 4422/7379/2024 4426/7398/1992 4690/8018/1991
f 4499/7027/2033 4629/7427/2032 4628/7348/1999 4498/7237/1998
f 4629/7427/2032 4565/7428/2031 4564/7347/2000 4628/7348/1999
f 4565/7428/2031 4693/7429/2030 4692/7346/2001 4564/7347/2000
f 4693/7429/2030 4404/7385/2029 4408/7381/2002 4692/7346/2001
f 4462/6800/1997 4668/8029/1996 4669/7710/1745 4463/7416/1744
f 4668/8029/1996 4540/7320/1995 4541/7711/1746 4669/7710/1745
f 4540/7320/1995 4604/8028/1994 4605/7712/1747 4541/7711/1746
f 4604/8028/1994 4407/7316/1993 4403/7310/1748 4605/7712/1747
f 4455/6573/1234 4666/6572/1233 4667/7725/1758 4456/7250/1757
f 4666/6572/1233 4538/6571/1232 4539/6901/1759 4667/7725/1758
f 4538/6571/1232 4602/6570/1231 4603/6900/1760 4539/6901/1759
f 4602/6570/1231 4425/6569/1230 4421/6899/1761 4603/6900/1760
f 4439/7296/1772 4601/7432/1771 4608/8055/2010 4371/7096/2009
f 4601/7432/1771 4537/7736/1770 4544/8056/2011 4608/8055/2010
f 4537/7736/1770 4665/7735/1769 4672/8057/2012 4544/8056/2011
f 4665/7735/1769 4449/7330/1768 4476/7263/2013 4672/8057/2012
f 4385/6860/1740 4607/7705/1739 4606/6633/1276 4389/6632/1275
f 4607/7705/1739 4543/7704/1738 4542/6634/1277 4606/6633/1276
f 4543/7704/1738 4671/7703/1737 4670/6635/1278 4542/6634/1277
f 4671/7703/1737 4470/7260/1736 4469/6636/1279 4670/6635/1278
f 4424/5642/1174 3314/7236/1197 3316/5639/1171 5714/8097/1170
g module3_Material.076
usemtl Material.076
f 4429/5666/1182 4428/5667/1182 6177/5667/1182 6176/5666/1182
f 6129/6551/1213 6093/6552/1213 6206/6553/1213 6207/6551/1213
f 5733/6554/1214 5736/6555/1214 6214/6556/1214 6215/6554/1214
f 6087/6583/1238 4749/6584/1238 6194/6584/1238 6255/6583/1238
f 4712/6585/1239 4707/6586/1239 6181/6587/1239 6180/6585/1239
f 6114/6596/1248 4735/6597/1248 6190/6597/1248 6247/6596/1248
f 6184/6611/1258 6241/6612/1258 6240/6613/1258 6185/6614/1258
f 6120/6615/1259 4720/6616/1259 6186/6616/1259 6239/6615/1259
f 5625/6642/1286 5628/6643/1286 6198/6644/1286 6199/6642/1286
f 5736/6645/1287 6099/6646/1287 6211/6647/1287 6214/6645/1287
f 4707/6780/1342 6096/6781/1342 6234/6782/1342 6181/6780/1342
f 4375/6648/1357 4374/6651/1357 6165/6651/1357 6164/6648/1357
f 4396/6619/1377 4397/6618/1377 6150/6618/1377 6151/6619/1377
f 6108/6891/1389 5733/6554/1389 6215/6554/1389 6218/6891/1389
f 4397/6853/1335 4401/6850/1335 6147/6850/1335 6150/6853/1335
f 6192/8039/2003 6257/8040/2003 6256/8041/2003 6193/8042/2003
f 6105/7538/2640 4712/7537/2640 6180/8648/2640 6231/8649/2640
f 6099/7721/2641 6108/7722/2641 6218/7722/2641 6211/8650/2641
f 4437/6769/1377 4436/6667/1377 6138/6667/1377 6131/6769/1377
f 5697/6693/2642 5700/6814/2642 6226/6814/2642 6219/6693/2642
f 4419/6813/2643 4418/6692/2643 6146/6692/2643 6139/6813/2643
f 4741/6791/2644 6111/7742/2644 6250/7742/2644 6187/6791/2644
f 5661/6714/2645 5664/6851/2645 6210/8651/2645 6203/6714/2645
f 4401/6850/2646 4400/6713/2646 6154/8652/2646 6147/6850/2646
f 6084/7693/2647 6090/7694/2647 6202/7694/2647 6195/8653/2647
f 4383/6823/2445 4382/6732/2445 6162/6732/2445 6155/6823/2445
f 5724/6560/1335 4429/6882/1335 6176/5666/1335 6253/6560/1335
f 5688/6920/1335 4411/6588/1335 6172/6588/1335 6245/6920/1335
f 5652/6622/1335 4393/7035/1335 6168/7035/1335 6237/6622/1335
f 5616/6947/1335 4375/6968/1335 6164/6968/1335 6229/6947/1335
f 4755/6999/2648 6117/7751/2648 6258/7751/2648 6191/6999/2648
f 4727/7048/2649 6123/7760/2649 6242/7760/2649 6183/7048/2649
f 4411/6588/2650 4410/6591/2650 6173/8654/2650 6172/6588/2650
f 6188/8655/2651 6249/8656/2651 6248/8657/2651 6189/8658/2651
f 6246/8659/2652 6171/8660/2652 6174/8661/2652 6244/8662/2652
f 6111/6592/2653 6114/6595/2653 6247/6595/2653 6250/6592/2653
f 6123/6621/2654 6120/6624/2654 6239/6624/2654 6242/6621/2654
f 4393/6617/2652 4392/6620/2652 6169/6620/2652 6168/6617/2652
f 4410/6591/2655 5685/6701/2655 6243/6701/2655 6173/6591/2655
f 4392/6620/2656 5649/6719/2656 6235/8663/2656 6169/6620/2656
f 6096/6652/2657 6105/6655/2657 6231/6655/2657 6234/8664/2657
f 5721/6561/2652 5724/6560/2652 6253/6560/2652 6251/6561/2652
f 5685/6594/1357 5688/6593/1357 6245/6593/1357 6243/6594/1357
f 4374/6651/2658 5613/6825/2658 6227/8665/2658 6165/6651/2658
f 6133/8666/2643 6132/8667/2643 6137/8668/2643 6136/8669/2643
f 6209/8670/2659 6208/8671/2659 6205/8672/2659 6204/8673/2659
f 4418/6692/205 4414/6590/205 6143/8674/205 6146/6692/205
f 5649/6623/1182 5652/6622/1182 6237/8675/1182 6235/6623/1182
f 4720/7610/2660 4727/7048/2660 6183/7048/2660 6186/7610/2660
f 6230/8676/1182 6163/8677/1182 6166/8678/1182 6228/8679/1182
f 6149/8680/2445 6148/8681/2445 6153/8682/2445 6152/8683/2445
f 4415/6589/1335 4419/6813/1335 6139/6813/1335 6142/6589/1335
f 6102/8618/2661 5697/8617/2661 6219/6693/2661 6222/8618/2661
f 6213/8684/2662 6212/8685/2662 6217/8686/2662 6216/8687/2662
f 4414/6590/2445 4415/6589/2445 6142/6589/2445 6143/6590/2445
f 4382/6732/205 4378/6887/205 6159/6887/205 6162/6732/205
f 6197/8688/2663 6196/8689/2663 6201/8690/2663 6200/8691/2663
f 4379/6885/1335 4383/6823/1335 6155/6823/1335 6158/6885/1335
f 6182/8692/2664 6233/8693/2664 6232/8694/2664 6179/8695/2664
f 6093/8596/2665 5661/6714/2665 6203/6714/2665 6206/8596/2665
f 6117/6559/2666 6087/6562/2666 6255/6562/2666 6258/6559/2666
f 4378/6650/2643 4379/6649/2643 6158/8696/2643 6159/6650/2643
f 5664/6851/2667 6129/8601/2667 6207/8601/2667 6210/6851/2667
f 4428/7042/2668 5721/7041/2668 6251/7041/2668 6177/7042/2668
f 6254/8697/2650 6175/8698/2650 6178/8699/2650 6252/8700/2650
f 6126/8026/2669 6102/8027/2669 6222/8027/2669 6223/8026/2669
f 4749/6584/2670 4755/6999/2670 6191/6999/2670 6194/6584/2670
f 6225/8701/2671 6224/8702/2671 6221/8703/2671 6220/8704/2671
f 6090/8585/2672 5625/6642/2672 6199/6642/2672 6202/8585/2672
f 5700/6814/2673 6126/8623/2673 6223/8623/2673 6226/6814/2673
f 5628/8579/2674 6084/8578/2674 6195/8705/2674 6198/8706/2674
f 4436/6774/205 4432/6558/205 6135/6558/205 6138/6774/205
f 6238/8707/1357 6167/8708/1357 6170/8709/1357 6236/8710/1357
f 6141/8711/2646 6140/8712/2646 6145/8713/2646 6144/8714/2646
f 4432/6558/2646 4433/6557/2646 6134/8715/2646 6135/6558/2646
f 4735/6597/2675 4741/6791/2675 6187/8716/2675 6190/6597/2675
f 4400/6856/205 4396/6855/205 6151/6855/205 6154/6856/205
f 6157/8717/1377 6156/8718/1377 6161/8719/1377 6160/8720/1377
f 5613/6654/2650 5616/6653/2650 6229/6653/2650 6227/6654/2650
f 6132/8667/2676 6133/8666/2676 6134/6772/2676 6131/6769/2676
f 6136/8669/2677 6137/8668/2677 6138/6774/2677 6135/6558/2677
f 6140/8712/2678 6141/8711/2678 6142/6589/2678 6139/6813/2678
f 6144/8714/2679 6145/8713/2679 6146/6692/2679 6143/8674/2679
f 6148/8681/2680 6149/8680/2680 6150/6853/2680 6147/6850/2680
f 6152/8683/2681 6153/8682/2681 6154/6856/2681 6151/6855/2681
f 6156/8718/2682 6157/8717/2682 6158/6885/2682 6155/6823/2682
f 6160/8720/2683 6161/8719/2683 6162/6732/2683 6159/6887/2683
f 6164/6648/1343 6165/6651/1343 6166/8678/1343 6163/8677/1343
f 6157/8717/2347 6160/8720/2347 6159/6650/2347 6158/8696/2347
f 6155/6823/2444 6162/6732/2444 6161/8719/2444 6156/8718/2444
f 6168/6617/1168 6169/6620/1168 6170/8709/1168 6167/8708/1168
f 6149/8680/2444 6152/8683/2444 6151/6619/2444 6150/6618/2444
f 6147/6850/2684 6154/8652/2684 6153/8682/2684 6148/8681/2684
f 6172/6588/1181 6173/8654/1181 6174/8661/1181 6171/8660/1181
f 6141/8711/2684 6144/8714/2684 6143/6590/2684 6142/6589/2684
f 6139/6813/2685 6146/6692/2685 6145/8713/2685 6140/8712/2685
f 6176/5666/1373 6177/5667/1373 6178/8699/1373 6175/8698/1373
f 6133/8666/2685 6136/8669/2685 6135/6558/2685 6134/8715/2685
f 6131/6769/2347 6138/6667/2347 6137/8668/2347 6132/8667/2347
f 6180/6585/2686 6181/6587/2686 6182/8721/2686 6179/8722/2686
f 6184/6611/2687 6185/6614/2687 6186/7610/2687 6183/7048/2687
f 6188/8655/2688 6189/8658/2688 6190/6597/2688 6187/8716/2688
f 6192/8039/2689 6193/8042/2689 6194/6584/2689 6191/6999/2689
f 6196/8689/2690 6197/8688/2690 6198/8706/2690 6195/8705/2690
f 6200/8691/2691 6201/8690/2691 6202/8585/2691 6199/6642/2691
f 6204/8673/2692 6205/8672/2692 6206/8596/2692 6203/6714/2692
f 6208/8671/2693 6209/8670/2693 6210/6851/2693 6207/8601/2693
f 6212/8685/2694 6213/8684/2694 6214/6645/2694 6211/6647/2694
f 6216/8687/2695 6217/8686/2695 6218/6891/2695 6215/6554/2695
f 6220/8704/2696 6221/8703/2696 6222/8618/2696 6219/6693/2696
f 6224/8702/2697 6225/8701/2697 6226/6814/2697 6223/8623/2697
f 6228/8679/2698 6166/8678/2698 6165/6651/2698 6227/8665/2698
f 6227/6654/1373 6229/6653/1373 6230/8676/1373 6228/8679/1373
f 6229/6947/2699 6164/6968/2699 6163/8677/2699 6230/8676/2699
f 6232/8694/2700 6233/8693/2700 6234/8664/2700 6231/6655/2700
f 6197/8688/2701 6200/8691/2701 6199/6642/2701 6198/6644/2701
f 6195/8653/2702 6202/7694/2702 6201/8690/2702 6196/8689/2702
f 6236/8710/2703 6170/8709/2703 6169/6620/2703 6235/8663/2703
f 6235/6623/1343 6237/8675/1343 6238/8707/1343 6236/8710/1343
f 6237/6622/2704 6168/7035/2704 6167/8708/2704 6238/8707/2704
f 6240/6613/2705 6241/6612/2705 6242/6621/2705 6239/6624/2705
f 6209/8670/2706 6204/8673/2706 6203/6714/2706 6210/8651/2706
f 6207/6551/2707 6206/6553/2707 6205/8672/2707 6208/8671/2707
f 6244/8662/2708 6174/8661/2708 6173/6591/2708 6243/6701/2708
f 6243/6594/1168 6245/6593/1168 6246/8659/1168 6244/8662/1168
f 6245/6920/2709 6172/6588/2709 6171/8660/2709 6246/8659/2709
f 6248/8657/2710 6249/8656/2710 6250/6592/2710 6247/6595/2710
f 6225/8701/2711 6220/8704/2711 6219/6693/2711 6226/6814/2711
f 6223/8026/2712 6222/8027/2712 6221/8703/2712 6224/8702/2712
f 6252/8700/2713 6178/8699/2713 6177/7042/2713 6251/7041/2713
f 6251/6561/1181 6253/6560/1181 6254/8697/1181 6252/8700/1181
f 6253/6560/2714 6176/5666/2714 6175/8698/2714 6254/8697/2714
f 6256/8041/2715 6257/8040/2715 6258/6559/2715 6255/6562/2715
f 6213/8684/2716 6216/8687/2716 6215/6554/2716 6214/6556/2716
f 6211/8650/2717 6218/7722/2717 6217/8686/2717 6212/8685/2717
f 6193/8042/2718 6256/8041/2718 6255/6583/2718 6194/6584/2718
f 6191/6999/2719 6258/7751/2719 6257/8040/2719 6192/8039/2719
f 6233/8693/2720 6182/8692/2720 6181/6780/2720 6234/6782/2720
f 6231/8649/2721 6180/8648/2721 6179/8695/2721 6232/8694/2721
f 6249/8656/2722 6188/8655/2722 6187/6791/2722 6250/7742/2722
f 6247/6596/2723 6190/6597/2723 6189/8658/2723 6248/8657/2723
f 6185/6614/2724 6240/6613/2724 6239/6615/2724 6186/6616/2724
f 6183/7048/2725 6242/7760/2725 6241/6612/2725 6184/6611/2725
f 4433/6772/1335 4437/6769/1335 6131/6769/1335 6134/6772/1335
